# layer expert count weight_sum
0 0 370 84.2932
0 1 17 3.4292
0 2 1127 289.1132
0 3 1 0.2252
0 4 51 20.2122
0 5 249 64.7097
0 6 154 32.2300
0 7 630 144.6730
0 8 258 61.7128
0 9 408 145.8912
0 10 54 12.8195
0 11 338 64.1887
0 12 227 56.7291
0 14 327 70.3705
0 15 296 59.3619
0 16 29 6.0271
0 17 575 116.1298
0 18 389 83.5936
0 19 311 66.0948
0 20 124 24.1312
0 21 208 47.7787
0 22 176 47.4303
0 23 2 0.6127
0 24 132 27.3034
0 25 136 24.8874
0 26 56 10.6754
0 27 196 44.0866
0 28 930 229.5146
0 29 282 58.6040
0 30 376 83.1774
0 31 75 16.8062
0 32 179 36.9068
0 33 101 23.3542
0 34 179 39.3438
0 35 478 120.2491
0 36 1315 338.4391
0 37 6 1.1460
0 38 302 69.6270
0 39 2631 620.5934
0 40 909 285.4351
0 41 654 142.3686
0 42 285 83.7915
0 43 177 38.4591
0 44 520 99.9893
0 45 232 50.8569
0 46 86 17.3599
0 47 394 85.0364
0 48 77 18.8636
0 49 177 42.8977
0 51 39 7.1927
0 52 1 0.1463
0 53 39 8.0237
0 54 110 23.8068
0 55 100 22.4893
0 56 98 20.1482
0 57 1 0.1881
0 58 483 108.6046
0 59 105 21.0706
0 60 35 6.5055
0 61 127 38.9464
0 62 163 32.6158
0 63 36 7.6919
0 64 149 36.6404
0 65 115 23.1245
0 66 47 8.9739
0 67 227 75.2486
0 68 81 16.2125
0 69 361 88.9267
0 70 185 30.0645
0 71 167 36.7997
0 72 355 71.6622
0 73 499 118.7210
0 74 50 9.3806
0 75 125 33.2059
0 76 7 1.5323
0 77 54 16.3896
0 78 390 81.8159
0 79 1 0.2249
0 80 2 0.6076
0 81 442 94.3185
0 82 72 13.0547
0 83 24 5.4487
0 84 122 29.0672
0 85 116 30.4553
0 86 990 206.7690
0 87 202 39.3179
0 88 185 35.3215
0 89 327 56.0528
0 90 45 9.5952
0 91 4 0.8375
0 92 94 19.2169
0 94 266 65.5655
0 95 76 17.3640
0 96 212 67.3047
0 97 1286 279.9417
0 98 26 8.7782
0 99 33 6.9962
0 100 5 1.0089
0 101 674 232.4653
0 102 855 165.8430
0 103 1 0.2545
0 104 99 19.3855
0 105 548 114.6060
0 106 37 6.5099
0 107 159 32.0456
0 108 84 16.7300
0 109 57 11.2502
0 110 536 193.6201
0 111 444 108.1846
0 112 105 34.6026
0 113 188 39.7468
0 114 247 54.8165
0 115 484 110.3520
0 116 1481 333.7437
0 117 631 181.4623
0 118 148 29.0441
0 119 109 19.3459
0 120 46 9.4273
0 121 9 1.3632
0 123 28 6.2920
0 124 107 21.9112
0 125 193 36.9114
0 126 249 71.2255
0 127 352 85.2809
0 128 282 75.2107
0 129 101 17.3090
0 130 680 183.4687
0 131 292 60.7916
0 132 24 4.3952
0 133 431 115.5486
0 134 261 92.9091
0 135 100 21.5974
0 136 621 172.5000
0 137 2 0.4188
0 138 526 125.9843
0 139 5 1.1743
0 140 620 188.5381
0 141 306 74.9498
0 142 141 32.2143
0 143 463 108.5898
0 144 25 5.5738
0 145 256 57.2114
0 146 401 87.6699
0 147 194 54.4063
0 148 303 69.9700
0 149 831 188.7088
0 150 87 18.0416
0 151 95 22.6225
0 152 327 67.9794
0 153 143 34.8728
0 154 1146 318.0620
0 155 137 40.9653
0 156 2627 654.1463
0 157 153 34.4370
0 158 78 15.7310
0 159 931 245.4893
0 160 93 16.1164
0 161 318 65.7134
0 162 110 25.0909
0 163 355 78.5346
0 164 1351 291.3936
0 165 74 20.2779
0 166 245 50.4276
0 167 682 195.7934
0 168 583 120.9075
0 169 388 107.9229
0 170 78 21.7261
0 171 174 36.9531
0 172 122 48.3218
0 173 80 20.6812
0 174 202 71.6163
0 175 28 5.4153
0 176 298 56.9343
0 177 153 30.3318
0 178 36 7.8580
0 179 80 15.8853
0 180 307 67.8286
0 181 843 187.4373
0 182 134 27.7820
0 183 2524 1005.4795
0 184 198 40.7400
0 185 198 41.9954
0 186 66 13.0088
0 187 384 82.2884
0 188 464 174.5234
0 189 300 55.0854
0 190 40 8.0763
0 191 226 45.3125
0 192 305 61.5656
0 193 119 33.6222
0 194 76 17.2742
0 195 41 8.3918
0 196 56 12.2095
0 197 407 92.8723
0 198 353 80.1682
0 199 17 3.1622
0 200 56 11.3318
0 201 54 16.6956
0 203 105 34.3590
0 204 90 19.4756
0 205 1578 543.8249
0 206 20 5.4267
0 207 248 63.5284
0 208 947 196.6436
0 209 158 32.7344
0 210 4 0.8916
0 211 133 22.4456
0 212 31 6.2109
0 213 178 52.3107
0 214 55 10.9231
0 215 457 83.1661
0 216 195 54.6794
0 217 134 26.9172
0 219 60 9.9494
0 220 132 27.1974
0 221 14 2.7533
0 222 180 35.2831
0 223 85 17.5487
0 224 21 3.8874
0 225 466 106.9243
0 226 48 10.4084
0 227 764 165.8845
0 228 101 19.3103
0 229 419 88.1451
0 230 195 42.1907
0 231 283 62.6647
0 232 859 315.4466
0 233 1 0.1701
0 234 390 91.9894
0 235 5 1.0318
0 236 134 25.8760
0 237 389 115.1091
0 238 222 65.6114
0 239 19 2.8624
0 240 3 0.5698
0 241 411 119.8300
0 242 773 187.7619
0 243 11 2.0399
0 244 9 1.7328
0 245 280 51.1716
0 246 101 19.9922
0 247 66 15.9281
0 248 496 124.7491
0 250 49 9.5660
0 251 410 134.9675
0 252 107 20.1998
0 253 194 56.4093
0 254 5 0.9896
0 255 29 4.6193
0 256 717 157.3665
0 257 401 106.5773
0 258 4 0.9646
0 259 44 7.9412
0 260 313 90.7995
0 261 134 41.5927
0 262 539 147.2875
0 263 325 80.2183
0 264 24 4.3028
0 265 5 0.9457
0 266 236 52.4837
0 267 180 82.3141
0 268 470 206.1139
0 269 304 67.9866
0 270 23 6.6925
0 271 345 73.2164
0 272 57 10.3758
0 273 124 29.5609
0 274 166 39.0006
0 275 496 148.7449
0 276 1074 260.4984
0 277 92 30.4246
0 278 59 11.6436
0 279 209 44.3819
0 280 426 92.2341
0 281 291 91.0525
0 282 386 80.9791
0 283 151 34.6855
0 284 309 67.5931
0 285 299 59.5401
0 286 522 115.2274
0 287 70 13.7527
0 288 110 21.5526
0 289 879 306.4346
0 290 361 81.2533
0 291 152 32.9542
0 292 10 2.3465
0 293 161 35.6220
0 294 99 21.5143
0 295 478 150.6829
0 296 586 132.4032
0 297 263 65.3542
0 298 7 1.2039
0 299 605 139.9382
0 300 538 148.4575
0 301 212 45.6529
0 302 62 23.1359
0 303 27 4.5892
0 304 164 41.1915
0 305 285 58.9167
0 306 889 221.7031
0 307 38 7.3729
0 308 257 51.7323
0 309 59 11.6268
0 310 715 196.7318
0 311 211 43.1055
0 312 181 38.4781
0 314 321 70.5825
0 315 480 102.3052
0 316 107 23.9169
0 317 544 161.2144
0 318 79 28.2693
0 319 201 37.6755
0 320 235 53.2697
0 321 647 135.2340
0 322 281 99.6283
0 323 3261 1031.5033
0 324 2 0.4392
0 325 69 15.9375
0 326 272 51.9002
0 327 195 39.9328
0 328 198 44.6371
0 329 184 63.3772
0 330 258 63.6449
0 331 88 19.2895
0 332 149 30.6795
0 333 107 25.3835
0 334 316 68.8045
0 335 68 16.0851
0 336 28 6.0786
0 337 92 21.8294
0 338 829 182.1772
0 339 39 7.9367
0 340 72 17.5966
0 341 1410 436.6126
0 342 282 57.8588
0 343 420 104.7071
0 344 4 0.7520
0 345 176 35.6210
0 346 104 22.3570
0 347 61 19.9845
0 348 848 212.8256
0 349 69 15.1505
0 350 151 32.0438
0 351 176 52.1483
0 352 380 110.9723
0 353 643 136.3119
0 354 490 96.5692
0 355 517 109.5008
0 356 45 10.0461
0 357 361 92.2274
0 358 168 40.1512
0 359 282 50.0521
0 360 44 9.4480
0 361 121 29.1528
0 362 93 27.8173
0 363 63 13.4021
0 364 295 65.5439
0 365 115 21.3636
0 366 959 214.9632
0 367 218 53.0762
0 368 138 28.6957
0 369 50 11.6201
0 370 1604 326.9366
0 371 128 24.9735
0 372 57 9.1011
0 374 93 18.3123
0 375 115 24.6073
0 376 18 3.6234
0 377 77 15.9057
0 378 190 60.5570
0 379 78 23.0291
0 380 17 3.0841
0 381 229 60.4970
0 382 138 27.0570
0 383 40 8.8659
1 0 587 178.0047
1 1 85 17.8446
1 2 106 23.8516
1 3 86 19.3006
1 4 220 54.8428
1 5 1964 469.2651
1 6 251 56.7895
1 7 589 138.0369
1 8 199 54.2513
1 9 2 0.3877
1 10 103 22.0004
1 11 565 184.5457
1 12 442 146.3880
1 13 72 16.8754
1 14 215 71.8967
1 15 462 90.8409
1 17 11 2.5129
1 18 35 7.4561
1 19 458 109.2362
1 20 711 273.3936
1 21 90 15.9626
1 22 284 64.1845
1 23 573 122.6323
1 24 222 52.3143
1 25 160 34.5911
1 26 637 141.3099
1 27 87 17.7529
1 28 126 27.0844
1 30 337 73.1704
1 31 13 2.2797
1 32 160 36.6238
1 33 176 38.5733
1 34 45 9.8695
1 35 114 26.5234
1 36 35 7.6932
1 37 32 6.6297
1 38 167 38.4600
1 39 170 38.4013
1 40 2 0.4670
1 41 44 9.8202
1 42 144 32.3522
1 43 64 12.0586
1 44 23 5.4196
1 45 706 226.2352
1 46 137 29.3429
1 47 732 177.9238
1 48 123 27.9889
1 49 401 105.2860
1 50 18 4.2250
1 51 218 49.1528
1 52 197 41.5446
1 53 102 23.9735
1 54 992 223.1413
1 55 90 19.2669
1 56 105 31.6285
1 57 376 89.0452
1 58 7 1.8206
1 59 85 18.6609
1 60 74 14.4318
1 61 118 24.8855
1 62 46 18.8861
1 63 329 71.3798
1 64 459 123.4371
1 65 45 9.9115
1 66 600 141.5925
1 67 714 178.3201
1 68 63 20.4249
1 69 47 10.3258
1 70 195 44.8013
1 71 284 62.0352
1 72 40 10.6024
1 73 272 65.1483
1 75 1654 820.3031
1 76 7 1.7407
1 77 36 7.7879
1 78 2 0.4086
1 79 2 0.4139
1 80 13 2.5670
1 81 112 25.7643
1 82 333 85.7638
1 83 12 2.4715
1 84 142 29.2623
1 85 499 97.5354
1 86 24 4.8280
1 87 84 28.0481
1 88 826 196.1568
1 89 38 8.8608
1 90 30 6.5771
1 91 255 72.7734
1 92 381 90.8676
1 93 1188 260.7193
1 94 35 5.9122
1 95 51 10.3329
1 96 24 5.2259
1 97 202 51.3169
1 98 186 48.6270
1 99 14 2.9489
1 100 274 56.4799
1 101 33 8.7503
1 102 428 95.9199
1 103 183 40.0066
1 104 206 50.4124
1 105 437 95.1336
1 106 1193 267.6352
1 107 141 30.1139
1 108 83 22.4748
1 109 614 144.4118
1 110 1610 480.7611
1 111 112 25.1345
1 112 376 85.6557
1 113 134 36.2030
1 114 91 26.9169
1 115 192 45.0755
1 116 167 37.7218
1 117 1145 292.8789
1 118 75 17.0610
1 119 111 30.1110
1 120 220 51.3018
1 121 159 36.0176
1 122 841 184.8503
1 123 48 11.4353
1 124 24 7.3990
1 125 305 67.5284
1 126 152 33.8297
1 127 271 70.4127
1 128 267 59.6442
1 129 220 54.3943
1 130 327 76.1105
1 131 564 152.1594
1 132 1 0.2213
1 133 127 37.4249
1 134 620 146.5850
1 135 1036 255.7253
1 136 31 6.5811
1 137 49 16.4922
1 138 175 39.1705
1 141 119 26.8580
1 142 7 1.6045
1 143 39 8.5080
1 144 77 18.4893
1 145 158 32.6315
1 146 628 142.0618
1 147 357 73.2888
1 148 410 112.1722
1 149 31 7.6419
1 150 274 65.5554
1 151 76 26.2859
1 152 9 1.8560
1 153 4 1.2355
1 154 26 5.8642
1 155 499 122.3307
1 156 238 52.9622
1 157 326 112.6243
1 158 856 221.7677
1 159 545 138.4826
1 160 810 183.8363
1 161 546 123.2379
1 162 174 40.1840
1 163 453 101.8793
1 164 45 9.6155
1 165 163 35.4495
1 166 337 76.9881
1 167 122 26.0758
1 168 136 33.9021
1 169 28 5.7052
1 170 194 42.2429
1 171 41 9.3837
1 172 122 25.6711
1 173 632 144.6552
1 174 37 8.4352
1 175 124 26.8309
1 176 275 68.0215
1 177 98 26.8859
1 178 181 38.2353
1 179 63 12.9251
1 180 993 252.8401
1 181 224 47.0663
1 182 87 18.6806
1 183 81 19.4841
1 184 194 42.2949
1 185 120 25.9899
1 186 1045 292.6962
1 187 221 47.0222
1 188 200 61.7585
1 189 404 92.7645
1 190 105 23.7845
1 191 16 4.1942
1 192 93 28.8974
1 193 4790 1415.7955
1 194 125 29.5397
1 195 423 89.7843
1 196 57 13.5989
1 197 99 20.3385
1 198 29 6.5185
1 199 196 39.1452
1 200 293 70.9039
1 201 5 0.9719
1 202 26 5.4936
1 203 157 33.8653
1 204 81 20.3441
1 206 368 81.2164
1 207 22 4.6594
1 208 438 94.5202
1 209 363 77.0020
1 210 85 18.4102
1 211 349 78.9924
1 212 742 163.7260
1 213 718 166.2315
1 214 140 36.9921
1 215 127 27.3813
1 216 39 8.3441
1 217 348 93.4920
1 218 162 41.7491
1 219 243 75.1631
1 220 17 3.2206
1 221 189 41.0242
1 222 430 94.3212
1 223 74 17.1755
1 224 313 73.9810
1 225 8 1.8544
1 226 89 20.8336
1 227 144 31.7867
1 228 1020 222.4529
1 229 135 30.1227
1 230 86 18.1329
1 231 113 25.8283
1 232 99 21.4158
1 233 27 5.4450
1 234 604 137.4980
1 235 105 22.7791
1 236 380 76.8757
1 237 67 15.0492
1 238 11 2.3633
1 239 78 17.0702
1 240 243 78.3141
1 241 127 26.7397
1 242 442 99.0618
1 243 112 24.1163
1 244 93 31.2111
1 245 96 20.1060
1 246 96 20.2862
1 247 211 50.6064
1 248 389 88.1328
1 249 3 1.2369
1 250 11 3.1690
1 251 509 174.6702
1 252 147 31.1506
1 253 362 90.5310
1 254 492 112.8988
1 255 186 42.3487
1 256 121 26.3370
1 257 29 6.0998
1 258 42 8.4671
1 259 4001 1138.8604
1 260 302 67.9330
1 261 2 0.2859
1 262 408 90.9195
1 263 262 59.4424
1 264 5 1.2244
1 265 325 82.4485
1 266 154 32.9883
1 267 277 59.4764
1 268 117 28.0308
1 269 119 25.9861
1 270 145 32.8040
1 271 367 80.1491
1 272 177 37.5376
1 273 27 5.6924
1 274 137 30.9768
1 275 110 22.5663
1 276 5 1.5111
1 277 82 17.8239
1 278 69 13.9547
1 279 60 12.9919
1 280 522 117.0550
1 281 133 26.5713
1 282 124 24.1539
1 283 1420 343.8651
1 284 464 101.3472
1 285 189 39.0215
1 286 3 0.7456
1 287 66 13.8734
1 288 101 21.7249
1 289 113 30.3362
1 290 213 46.6976
1 291 11 2.2657
1 292 714 191.3894
1 293 248 56.4101
1 294 386 89.8594
1 295 107 23.7230
1 296 268 60.2604
1 297 247 60.6233
1 298 109 23.2384
1 299 109 22.7119
1 300 62 13.4823
1 301 161 40.8033
1 302 191 42.8776
1 303 13 2.9052
1 304 135 29.9212
1 305 60 13.0318
1 306 1140 298.9439
1 307 519 146.0392
1 308 5 1.1688
1 310 335 77.3656
1 311 123 27.0528
1 312 70 15.3166
1 313 854 195.2263
1 314 323 67.9489
1 315 8 1.8406
1 316 698 175.5912
1 317 24 6.2129
1 318 1002 241.1986
1 319 134 28.4534
1 320 184 37.3728
1 321 322 68.7020
1 322 912 205.9650
1 323 997 226.8604
1 324 586 130.2852
1 325 85 18.0620
1 326 200 45.2004
1 327 358 77.6497
1 328 329 74.7707
1 329 116 27.3897
1 330 247 54.0360
1 331 43 7.5287
1 332 113 24.2672
1 333 370 86.2239
1 334 140 29.4722
1 335 1 0.1873
1 336 117 38.2514
1 337 244 56.0190
1 338 31 7.1947
1 339 157 35.2282
1 340 2243 534.2134
1 341 674 244.6260
1 342 109 23.5221
1 343 182 43.9746
1 344 242 54.4799
1 345 119 23.7976
1 346 144 35.0876
1 347 101 22.5398
1 348 7 1.5532
1 349 1207 391.1606
1 350 1204 270.3191
1 351 11 2.4504
1 353 279 56.8029
1 354 46 9.7304
1 355 64 13.9456
1 356 392 84.5538
1 357 16 2.4966
1 358 155 35.0668
1 359 17 3.3788
1 360 322 69.9411
1 361 3123 811.7798
1 362 241 54.2503
1 363 61 12.4290
1 364 187 41.6882
1 365 169 40.4711
1 366 115 25.3502
1 367 2 0.4363
1 368 110 25.1934
1 369 220 53.5987
1 370 149 34.1230
1 371 546 119.0780
1 372 85 20.1015
1 373 246 65.7718
1 374 52 12.7021
1 375 88 25.5886
1 376 102 27.6087
1 377 666 177.8245
1 378 368 80.7154
1 379 184 57.5357
1 380 262 59.8926
1 381 177 33.5238
1 382 29 10.8310
1 383 134 30.1028
2 0 4 0.8506
2 1 771 177.7388
2 2 381 85.3278
2 3 382 104.2546
2 4 25 5.5487
2 5 10 2.2422
2 6 477 135.5109
2 7 350 80.7791
2 8 618 145.5396
2 9 293 68.7371
2 10 293 76.4416
2 11 9 2.1136
2 12 508 106.6105
2 13 41 8.3846
2 14 34 6.2109
2 15 131 34.9503
2 16 94 21.2261
2 17 10 2.0742
2 18 29 6.1159
2 19 397 95.6957
2 20 185 39.8525
2 21 169 40.7913
2 22 2 0.4641
2 23 288 66.7352
2 24 109 21.4381
2 25 517 113.7851
2 26 49 10.0887
2 27 471 105.7451
2 28 18 4.1566
2 29 7 1.4739
2 30 75 16.7170
2 31 86 18.4048
2 32 174 41.8954
2 33 395 90.8842
2 34 89 20.3597
2 35 2890 756.2590
2 36 4 0.8904
2 37 3 0.5762
2 39 35 7.1690
2 40 71 15.9930
2 41 411 98.1074
2 42 478 122.4494
2 44 17 4.2039
2 45 128 27.2543
2 46 688 162.5656
2 47 123 28.9845
2 48 287 64.6762
2 49 112 33.3834
2 50 64 22.2233
2 51 18 3.9082
2 52 52 9.9658
2 53 170 51.4045
2 54 51 10.8712
2 56 102 33.0903
2 57 1 0.2196
2 58 2046 488.8884
2 59 67 16.5330
2 60 21 4.4126
2 62 31 6.5873
2 63 160 31.9042
2 64 22 5.6286
2 65 172 38.3668
2 66 182 41.7072
2 67 189 42.4032
2 68 302 71.1674
2 69 1165 260.4278
2 70 8 2.0001
2 71 64 14.0460
2 72 72 15.8606
2 73 43 9.2697
2 74 668 148.1790
2 75 3 0.6564
2 76 44 7.8900
2 77 303 74.0678
2 78 57 12.2118
2 79 1400 322.3765
2 80 21 3.8774
2 81 438 97.0422
2 82 327 76.1004
2 83 56 12.9763
2 84 16 2.8519
2 85 8 1.6577
2 86 6 1.2379
2 87 239 63.9384
2 88 312 69.2838
2 89 245 76.8685
2 90 9 2.0957
2 91 532 108.2090
2 92 1 0.1815
2 93 243 52.1784
2 94 35 8.5451
2 95 124 29.1723
2 96 1578 365.7016
2 97 157 38.0361
2 98 74 15.6161
2 99 97 20.9938
2 100 123 25.7964
2 101 453 113.0718
2 102 374 85.9528
2 103 55 12.4043
2 104 408 101.9270
2 105 7443 2097.6842
2 106 20 4.2547
2 107 29 6.4544
2 108 198 45.7796
2 109 38 11.5027
2 110 75 18.4548
2 111 239 53.5301
2 112 69 15.7766
2 113 16 3.5918
2 114 51 17.5385
2 115 330 81.3029
2 116 20 3.8964
2 117 11 2.3547
2 118 236 52.9108
2 119 799 199.1500
2 120 1662 388.4767
2 121 123 34.7484
2 122 9 2.1069
2 123 48 11.1262
2 124 55 17.8855
2 125 988 271.5451
2 126 132 26.2021
2 127 14 3.4958
2 128 151 33.2634
2 129 15 3.2185
2 130 130 43.7891
2 131 1605 371.0662
2 132 327 91.1180
2 133 32 6.7681
2 134 339 97.7153
2 135 457 120.6270
2 136 345 82.0556
2 137 1 0.2007
2 138 199 54.7266
2 139 367 79.5240
2 140 254 63.7768
2 141 168 53.2369
2 142 319 92.3622
2 143 20 3.7253
2 144 262 62.8114
2 145 66 15.3818
2 146 43 9.4041
2 147 3936 984.7610
2 148 94 24.3216
2 149 39 8.4980
2 150 18 3.4330
2 151 1503 358.0087
2 152 719 211.9067
2 153 840 212.3838
2 154 15 2.7289
2 155 9 1.8920
2 156 81 17.9361
2 157 39 8.2433
2 158 548 124.6458
2 159 12 2.0857
2 160 379 86.2133
2 161 5 1.0387
2 162 3 0.5126
2 163 1219 318.3860
2 165 210 48.1893
2 166 1511 422.7043
2 167 99 22.2625
2 168 51 9.7099
2 169 13 3.0092
2 170 102 24.2891
2 171 15 2.9317
2 172 214 65.8405
2 173 22 5.5078
2 174 32 9.1665
2 175 295 58.8692
2 176 61 12.7476
2 177 672 169.6112
2 178 192 53.6870
2 179 55 12.2398
2 181 47 10.8092
2 182 44 12.0113
2 183 137 31.3167
2 184 10 2.0034
2 185 479 107.5153
2 186 49 10.8763
2 187 1286 285.1106
2 188 10 2.2859
2 189 199 44.6701
2 190 16 3.9763
2 191 229 51.1829
2 192 46 9.8230
2 193 61 14.0656
2 194 150 38.2626
2 195 259 64.0865
2 196 283 63.3729
2 198 14 3.2002
2 199 499 127.0907
2 200 382 119.1773
2 201 96 19.9696
2 202 22 4.9602
2 203 122 30.3465
2 204 312 71.0092
2 205 137 36.0549
2 206 1164 276.6098
2 207 110 23.8397
2 208 184 40.9503
2 209 65 15.2848
2 210 81 21.0944
2 212 492 106.8454
2 213 743 174.8102
2 214 180 46.8472
2 215 26 6.2479
2 216 1309 376.1108
2 217 190 47.0914
2 218 2 0.4572
2 219 14 2.9055
2 220 226 47.7722
2 221 9 2.0843
2 222 61 18.3054
2 223 30 8.4227
2 224 240 60.2220
2 225 11 2.4695
2 226 385 94.5983
2 227 96 20.0081
2 228 183 50.5305
2 229 149 34.4838
2 230 178 39.7105
2 232 126 31.5683
2 233 51 18.6747
2 234 1749 454.3868
2 235 75 16.5839
2 236 1 0.2652
2 238 33 7.7570
2 239 35 7.6836
2 240 20 4.3155
2 241 2376 576.8841
2 242 1525 684.5293
2 243 110 31.1682
2 244 6 1.2721
2 245 1 0.1262
2 246 99 28.7223
2 247 25 5.3952
2 248 7 1.4984
2 249 7 1.2699
2 250 33 7.0151
2 251 4 0.8192
2 252 259 60.2617
2 253 123 28.3695
2 254 1205 308.8382
2 255 92 19.8840
2 256 214 55.6940
2 257 8 1.5917
2 259 29 6.4018
2 260 78 21.9428
2 261 416 91.3328
2 262 316 65.4193
2 263 31 7.1094
2 264 17 3.2560
2 265 105 20.6354
2 266 481 118.1374
2 267 31 7.7959
2 268 62 12.0363
2 269 44 12.2446
2 270 1061 245.3392
2 271 131 37.4650
2 272 10 2.1481
2 273 12 2.7188
2 274 9 2.8005
2 275 2 0.5013
2 276 45 9.8645
2 277 14 2.9675
2 278 285 85.8488
2 279 79 27.8826
2 280 451 103.1258
2 281 2976 695.5656
2 282 15 3.2262
2 283 106 26.6808
2 284 154 34.1026
2 285 1 0.1608
2 286 57 12.4942
2 288 6 1.1013
2 289 198 46.1524
2 290 38 8.8598
2 291 207 47.0986
2 292 1 0.1826
2 293 125 35.5652
2 294 14 3.0945
2 295 13 2.9486
2 296 94 20.7326
2 297 242 62.1991
2 298 376 90.9004
2 299 325 82.8217
2 300 21 4.7317
2 301 146 31.6373
2 302 67 15.0716
2 303 194 44.1357
2 304 22 4.1774
2 305 194 68.1348
2 306 145 31.6432
2 307 64 21.5909
2 308 230 53.0105
2 309 6 1.3324
2 311 467 108.8273
2 312 4 0.9559
2 314 134 33.5134
2 315 196 33.1546
2 316 793 236.9750
2 317 123 27.4865
2 318 24 4.8261
2 319 11 2.3431
2 320 228 50.5919
2 321 171 50.4872
2 322 95 21.4746
2 323 703 164.9034
2 324 104 27.6574
2 326 167 32.4119
2 327 2278 631.7125
2 328 871 192.9520
2 329 81 17.2601
2 330 112 25.4365
2 331 754 162.6283
2 332 36 8.4085
2 333 75 16.7119
2 334 26 5.4663
2 335 192 40.5604
2 336 11 2.2757
2 337 55 20.2723
2 338 16 3.8425
2 339 225 50.9338
2 340 23 4.6884
2 341 141 28.7533
2 342 57 13.2055
2 343 4 0.9005
2 344 1799 455.7179
2 345 228 52.3597
2 347 265 68.0107
2 348 4 1.0013
2 351 205 46.8276
2 352 606 136.0955
2 353 50 13.1643
2 354 307 69.6105
2 355 129 33.3376
2 357 4 0.9173
2 358 853 202.9362
2 359 63 13.2937
2 360 13 2.6596
2 361 5 1.0569
2 362 77 20.7435
2 363 145 32.5252
2 365 297 73.5244
2 366 1260 291.9470
2 367 11 2.6057
2 368 98 21.4090
2 369 1059 238.3831
2 370 12 2.5152
2 371 2 0.4470
2 372 319 74.8057
2 373 659 149.8159
2 374 10 1.9647
2 375 1646 491.5861
2 376 9 1.9269
2 377 689 163.6892
2 378 44 10.0032
2 379 102 24.6100
2 380 1463 378.0796
2 381 416 95.4302
2 382 466 112.8851
2 383 467 103.9555
3 1 34 7.7762
3 2 176 40.7950
3 3 5 1.0011
3 4 477 112.4939
3 5 146 37.2741
3 6 3 0.4630
3 7 35 5.8306
3 9 5 0.8550
3 10 343 73.7969
3 11 24 6.9190
3 12 134 21.5580
3 13 165 40.0874
3 14 87 18.4711
3 15 131 40.0939
3 16 126 25.7594
3 17 5621 1240.7243
3 18 1311 423.6384
3 19 75 17.3561
3 20 2 0.5128
3 21 379 70.4097
3 22 472 157.2506
3 23 30 5.5746
3 24 34 6.6742
3 25 31 6.7509
3 26 15 3.3626
3 27 183 44.6310
3 28 61 13.9602
3 29 25 5.6826
3 31 363 67.1587
3 32 289 57.3868
3 33 106 19.5901
3 34 33 9.8734
3 35 276 65.0095
3 37 64 14.6033
3 38 109 31.5868
3 39 19 3.4504
3 40 260 63.2568
3 41 3 0.7313
3 42 11 2.6778
3 43 78 19.4054
3 44 8 1.7047
3 45 72 18.2630
3 47 7 1.5513
3 48 426 81.6395
3 49 240 68.2639
3 50 63 13.4215
3 51 296 73.4679
3 52 8 1.2338
3 53 5 1.0502
3 54 934 224.2917
3 55 118 27.6070
3 56 154 37.3055
3 57 32 7.3066
3 58 42 8.8077
3 59 14 2.9547
3 60 8 1.8804
3 61 980 207.5406
3 62 9 1.5801
3 63 15 3.0430
3 64 130 31.2442
3 65 21 4.5887
3 66 336 72.0585
3 67 751 194.6233
3 69 313 74.3039
3 70 366 131.4375
3 71 149 33.7961
3 72 15 3.2641
3 73 37 5.8119
3 74 99 22.7420
3 75 5 0.9933
3 76 6 1.2375
3 77 6 1.0916
3 78 12 2.8770
3 79 49 10.9935
3 80 45 15.1882
3 81 757 192.6293
3 82 1 0.2581
3 83 155 53.3092
3 84 3 0.5555
3 85 16 3.8287
3 86 48 7.7150
3 87 123 32.7587
3 89 767 176.0160
3 90 29 7.4751
3 91 1020 213.2744
3 92 102 24.9154
3 93 18 4.0992
3 94 127 27.0106
3 95 3 0.5875
3 96 2279 518.8519
3 97 1 0.1640
3 98 80 17.9188
3 99 94 22.4431
3 100 518 123.0714
3 101 209 50.8917
3 102 1850 473.4130
3 103 27 6.6215
3 104 148 34.9146
3 105 156 34.2040
3 106 167 34.2332
3 107 102 28.2310
3 108 8 1.7240
3 109 25 5.1460
3 110 479 149.1918
3 111 19 4.4640
3 112 3 0.6555
3 113 32 7.3456
3 114 412 114.0630
3 115 1 0.1616
3 116 34 6.8666
3 117 107 23.6883
3 118 388 74.3321
3 119 314 90.1648
3 120 10 1.8901
3 121 17 3.3555
3 122 50 16.0046
3 123 25 5.5258
3 124 21 4.4176
3 125 40 9.7824
3 126 422 101.2632
3 128 74 16.4194
3 130 97 20.6905
3 131 21 3.8211
3 132 107 24.4377
3 133 46 9.9274
3 134 2 0.3704
3 136 492 115.1819
3 137 7 1.1209
3 138 35 7.7691
3 139 10 2.5268
3 140 5 1.0035
3 141 110 23.7357
3 142 1102 260.7792
3 143 51 10.1948
3 144 191 45.8899
3 145 21 7.1933
3 146 3 0.7151
3 147 1699 378.8119
3 148 28 5.8305
3 149 541 153.6830
3 150 58 28.8233
3 151 351 79.1511
3 152 25 5.4545
3 153 982 212.9801
3 154 212 84.7962
3 155 60 16.4599
3 156 107 22.1424
3 157 397 99.3328
3 158 3 0.6898
3 159 204 52.3373
3 160 64 12.8510
3 161 38 8.4093
3 163 86 15.3272
3 164 110 23.3440
3 165 161 34.6572
3 166 237 59.0916
3 167 9912 2662.6901
3 168 1416 313.3779
3 169 446 94.2850
3 170 138 45.3204
3 171 4 0.9282
3 172 63 19.8843
3 173 87 19.0926
3 174 11 2.3141
3 176 297 63.4883
3 177 306 71.4538
3 178 950 204.4912
3 179 16 2.9561
3 180 153 35.0256
3 182 15 2.9913
3 183 34 7.3572
3 184 9 2.4183
3 185 198 46.2665
3 186 739 194.3071
3 188 9 1.8197
3 189 523 122.4268
3 190 128 29.4052
3 191 332 78.7365
3 192 1631 815.3219
3 193 37 10.6939
3 194 246 69.8595
3 195 92 20.4233
3 197 31 7.4600
3 198 52 10.7922
3 199 44 9.4577
3 200 41 8.6982
3 201 31 6.7382
3 202 82 24.4046
3 203 14 2.9077
3 204 41 9.3279
3 205 92 41.0174
3 206 32 9.1220
3 207 180 50.0477
3 209 532 137.9108
3 210 39 9.1716
3 211 21 3.8555
3 213 30 5.9705
3 214 983 317.1392
3 215 84 18.1283
3 216 11 1.9591
3 217 280 78.0609
3 218 109 29.5472
3 219 68 14.7107
3 220 58 10.8447
3 221 9 2.0906
3 222 33 7.4197
3 223 9 1.6050
3 224 4216 917.3776
3 225 70 16.1391
3 226 901 194.3636
3 228 43 16.8076
3 229 46 7.9881
3 230 87 18.7413
3 231 48 10.9336
3 232 459 167.2814
3 233 1050 271.3432
3 234 35 7.1270
3 235 9 2.1830
3 236 17 3.7704
3 237 536 154.7608
3 239 30 9.9607
3 240 382 97.2304
3 243 22 4.3134
3 244 18 3.6677
3 245 49 11.4938
3 246 305 85.1647
3 247 14 3.1701
3 248 3 0.6875
3 249 163 40.7001
3 250 1142 277.6885
3 251 35 9.0856
3 252 323 74.9096
3 253 85 14.6781
3 254 28 8.2394
3 257 332 74.3758
3 258 42 13.7661
3 259 121 28.6669
3 260 37 13.6862
3 261 5 0.9382
3 262 6543 1478.0357
3 263 2 0.4409
3 264 96 21.7381
3 265 379 112.9487
3 266 413 123.3941
3 267 132 31.3190
3 268 59 19.5522
3 269 6 1.0522
3 270 1056 255.2808
3 271 170 42.1660
3 272 269 61.1098
3 273 6 1.0884
3 274 40 8.2334
3 275 702 163.9594
3 276 79 18.0644
3 277 42 8.3114
3 278 89 20.0695
3 279 776 207.0699
3 280 1 0.2123
3 281 243 56.3100
3 283 39 15.8854
3 285 48 10.2105
3 286 102 23.6557
3 287 3 0.6467
3 288 1230 366.4707
3 289 98 22.2362
3 291 60 20.6661
3 293 651 142.2697
3 294 31 8.1219
3 295 38 12.5266
3 296 7 1.6829
3 297 62 14.2759
3 298 358 102.7051
3 299 65 13.3856
3 300 1 0.1874
3 301 3 0.6752
3 302 35 10.7203
3 303 1539 395.9409
3 304 852 267.1862
3 305 260 91.2395
3 306 437 89.3763
3 307 318 71.3250
3 308 3 0.5434
3 309 64 16.3158
3 310 59 14.5240
3 311 23 4.8624
3 312 1064 280.4951
3 313 87 17.3652
3 314 4 0.7223
3 316 45 14.2660
3 317 27 5.4178
3 318 4 0.9169
3 319 515 101.8221
3 320 52 10.4870
3 321 20 3.9871
3 322 8 1.5248
3 323 47 10.5223
3 324 77 15.9157
3 325 281 54.9207
3 326 12 2.7444
3 327 49 11.7717
3 329 80 17.4787
3 330 1412 372.9225
3 331 30 5.8996
3 332 37 9.0852
3 333 4 0.8349
3 334 296 64.6201
3 335 21 4.4445
3 336 40 12.0050
3 337 848 230.2670
3 338 43 8.2335
3 339 95 19.4214
3 340 3 0.6348
3 341 30 7.6888
3 343 157 28.5334
3 344 47 9.9989
3 345 36 7.5151
3 346 40 7.2771
3 347 14 2.8746
3 348 14 2.9224
3 349 3120 781.9535
3 350 462 119.7592
3 351 20 3.6269
3 352 37 7.0679
3 353 17 5.9374
3 354 72 15.5999
3 355 45 9.2483
3 356 11 1.5854
3 357 7522 1907.2562
3 358 65 21.6614
3 359 71 29.6616
3 360 234 65.5315
3 361 136 26.0550
3 362 1 0.2239
3 363 171 36.5400
3 364 93 22.9060
3 365 1123 271.8170
3 366 14 2.9344
3 368 1086 286.8956
3 369 48 10.3681
3 370 630 145.9116
3 371 1 0.2260
3 372 110 23.0181
3 374 55 12.1854
3 375 11 2.2463
3 376 1161 255.3382
3 377 203 49.6067
3 378 89 17.4387
3 379 28 6.0704
3 380 227 44.1441
3 381 58 16.0075
3 383 4 0.8855
4 0 461 109.6762
4 1 10 2.0054
4 2 151 31.2588
4 3 56 12.8771
4 4 62 13.6823
4 5 221 47.0455
4 6 2 0.4932
4 7 33 7.0729
4 8 39 13.6860
4 9 332 83.9263
4 10 55 14.6971
4 11 681 165.2781
4 12 966 216.8525
4 13 329 73.5723
4 14 278 61.7953
4 15 63 15.2966
4 17 223 52.5773
4 18 68 17.0650
4 19 40 10.5940
4 20 4 0.9887
4 21 74 27.0072
4 22 4 0.6394
4 23 453 109.8085
4 24 361 75.2198
4 25 103 21.3079
4 26 680 201.6619
4 27 18 3.6165
4 28 649 135.8828
4 29 103 19.1974
4 30 17 3.7449
4 31 397 77.6305
4 32 62 15.7731
4 33 785 192.1966
4 34 330 70.0752
4 35 82 26.9922
4 36 4 0.9315
4 37 119 29.2782
4 38 12 2.4541
4 39 847 208.3134
4 40 330 70.8884
4 41 5 1.0291
4 42 49 9.9923
4 43 93 19.7036
4 44 136 30.2970
4 45 134 29.5259
4 46 106 22.7690
4 47 31 6.1522
4 48 198 48.3091
4 49 248 58.4829
4 50 1248 252.3829
4 51 180 44.5331
4 52 22 4.3722
4 53 53 11.4059
4 54 838 206.7863
4 55 25 5.0870
4 56 120 29.3833
4 57 17 3.8045
4 58 1467 382.8400
4 59 34 7.8823
4 60 39 9.2847
4 61 1318 334.2023
4 62 84 20.2621
4 63 160 33.7648
4 64 40 8.2742
4 65 196 41.6886
4 66 14 3.2240
4 67 48 10.2536
4 68 44 9.6388
4 69 204 50.2060
4 70 477 136.7068
4 71 25 4.3405
4 72 1769 471.7849
4 73 102 33.1399
4 74 44 9.1147
4 75 62 15.0449
4 76 19 6.2631
4 77 124 29.8940
4 78 76 18.4033
4 79 1145 232.8685
4 80 1 0.2201
4 81 7 1.3535
4 82 445 129.2519
4 83 72 21.3441
4 84 435 97.3747
4 85 1978 429.6445
4 86 11 1.8799
4 87 8 1.8203
4 88 232 48.5265
4 89 78 22.2441
4 90 38 7.2078
4 91 10 1.9927
4 92 185 46.1676
4 93 153 32.0584
4 94 11178 3326.7202
4 95 114 28.3866
4 96 39 10.8874
4 97 20 4.4769
4 98 21 4.0844
4 99 68 13.1027
4 100 13 2.4387
4 101 4 0.7975
4 102 161 32.5904
4 103 71 13.9573
4 104 3 0.5362
4 105 2 0.4727
4 106 85 18.0506
4 107 623 151.3551
4 108 21 4.6942
4 109 6 1.0062
4 110 372 96.2915
4 111 178 36.0120
4 112 36 10.7858
4 113 5 1.0777
4 114 35 7.0416
4 115 78 16.2923
4 116 57 9.9612
4 117 5 1.1214
4 118 4 0.8333
4 119 87 20.4515
4 120 6 1.3688
4 121 50 10.5419
4 122 201 46.0587
4 123 602 139.7088
4 124 42 8.9345
4 125 509 114.0879
4 126 255 64.1169
4 127 36 8.2866
4 128 691 197.6520
4 129 24 4.9946
4 130 22 4.9507
4 131 87 18.9472
4 132 643 153.5466
4 134 78 17.6984
4 135 15 2.7603
4 136 85 17.5708
4 137 36 7.4660
4 138 31 6.1256
4 139 15 3.2543
4 140 87 21.8722
4 141 385 91.7727
4 143 235 48.2789
4 144 11 2.5014
4 145 101 25.2228
4 146 347 82.6902
4 147 1283 328.7290
4 148 112 23.9445
4 149 41 7.9802
4 150 88 19.8384
4 151 1060 278.6789
4 152 6 1.4936
4 153 125 27.6147
4 154 345 102.3225
4 156 269 53.5900
4 157 235 60.5113
4 158 28 6.0255
4 159 64 13.0622
4 160 30 5.5776
4 161 99 22.0829
4 162 129 25.5572
4 163 45 9.0430
4 164 219 42.5652
4 165 11 2.7867
4 166 520 129.8489
4 167 31 7.0536
4 168 35 8.9597
4 169 535 121.2819
4 170 906 242.2817
4 171 72 15.3729
4 172 11 2.0785
4 173 144 32.6102
4 174 493 105.8714
4 175 3 0.5689
4 176 292 66.7641
4 177 11 3.7765
4 178 70 14.5437
4 179 283 81.2065
4 180 1014 216.2029
4 181 30 8.6626
4 182 136 29.6642
4 183 11 2.0552
4 184 1900 388.6059
4 185 102 22.5180
4 186 10 2.1143
4 187 17 3.8307
4 188 41 8.5419
4 189 1590 607.3951
4 190 572 182.1396
4 191 625 148.2840
4 192 287 53.6177
4 193 49 8.7995
4 194 437 85.4177
4 195 8963 2643.1782
4 196 107 26.3450
4 197 69 15.5539
4 198 39 9.1052
4 199 1142 266.6349
4 200 77 16.3634
4 201 1319 355.1969
4 202 4156 874.2602
4 203 331 67.1012
4 204 9 1.8040
4 205 19 3.5957
4 206 533 126.1565
4 207 168 38.1603
4 208 88 24.4421
4 209 201 44.6519
4 210 140 32.4697
4 211 18 4.9778
4 212 115 23.5345
4 213 655 143.8526
4 214 37 8.2198
4 215 175 38.0744
4 216 171 32.7706
4 217 28 5.7101
4 218 17 3.5044
4 219 223 58.0963
4 220 230 48.4673
4 221 67 15.5876
4 222 25 5.0651
4 223 7 1.2421
4 224 1009 240.0469
4 225 65 15.6872
4 226 121 26.6218
4 227 236 52.6812
4 228 7 1.5872
4 229 24 4.3781
4 230 26 5.7161
4 231 101 26.5876
4 232 40 8.6830
4 233 3 0.7670
4 234 262 55.9948
4 235 10 2.4333
4 236 3 0.6732
4 237 100 23.0018
4 238 121 26.1429
4 239 1184 260.6848
4 240 12 2.7236
4 241 60 12.5588
4 242 3 0.5683
4 243 520 113.4692
4 244 257 53.2030
4 246 24 4.7500
4 247 7 1.6636
4 248 170 37.1314
4 249 53 10.8375
4 250 22 4.7718
4 251 973 204.3044
4 252 52 11.2422
4 253 2 0.4399
4 254 82 19.1514
4 255 175 33.1281
4 256 1 0.2121
4 257 81 23.8407
4 258 362 118.0024
4 259 47 9.3742
4 260 87 23.0650
4 261 80 18.3841
4 262 41 8.8416
4 263 7 1.3517
4 264 47 12.7245
4 265 74 16.6654
4 266 211 43.6695
4 267 81 18.6809
4 268 21 4.5633
4 269 13 2.5101
4 270 350 84.3967
4 271 913 202.6649
4 272 15 3.1473
4 273 971 260.6753
4 274 275 63.8145
4 275 177 34.8179
4 276 32 7.0847
4 277 106 23.5183
4 278 963 236.3265
4 279 569 148.4618
4 280 197 51.8931
4 281 125 26.4973
4 282 18 3.9169
4 283 7 1.5543
4 284 20 4.3572
4 285 183 50.2102
4 286 438 88.8739
4 287 63 13.1784
4 288 622 159.1996
4 289 1375 318.5823
4 290 7 1.6331
4 291 356 94.9727
4 292 315 69.1573
4 293 1670 447.6772
4 294 422 112.4700
4 295 81 16.3318
4 296 97 24.3576
4 297 124 24.5691
4 298 32 13.5772
4 299 1 0.1441
4 300 271 72.6927
4 301 33 9.4698
4 302 22 4.3890
4 303 64 14.1957
4 304 45 9.6402
4 305 2 0.4456
4 306 33 7.0767
4 307 410 95.0084
4 308 2 0.3372
4 309 26 5.3053
4 310 557 182.7372
4 311 38 11.1526
4 312 347 80.4304
4 313 36 7.0961
4 314 565 138.7288
4 315 125 27.1535
4 316 19 4.4879
4 317 4 0.8148
4 318 70 13.8400
4 319 333 118.3162
4 320 1 0.1777
4 321 17 3.5337
4 322 138 34.8256
4 323 55 11.4084
4 324 21 5.5527
4 325 34 7.1858
4 326 802 155.8638
4 327 16 3.7060
4 328 14 3.0901
4 329 45 11.8166
4 330 134 29.0044
4 331 2 0.4091
4 332 2 0.3717
4 333 75 15.6298
4 335 927 230.1272
4 336 86 22.3092
4 337 14 3.2375
4 338 51 8.8894
4 339 296 64.6218
4 340 815 235.1081
4 341 14 3.0295
4 342 136 40.9897
4 343 4 0.9156
4 344 40 7.3217
4 345 2 0.4193
4 346 121 25.2437
4 347 172 37.2064
4 348 8 1.5281
4 349 155 31.5263
4 350 185 62.8056
4 351 23 5.2375
4 352 2 0.3802
4 353 327 100.1362
4 354 36 9.2272
4 355 19 4.6607
4 356 3 0.4621
4 357 61 12.1459
4 358 1637 392.2943
4 359 80 22.1844
4 360 59 11.7582
4 361 48 10.0276
4 362 208 48.9251
4 363 9 1.8333
4 364 52 15.7926
4 365 182 39.3504
4 366 13 2.8865
4 367 477 100.1083
4 368 135 29.2199
4 369 1037 203.4910
4 370 253 55.8086
4 371 206 48.4850
4 372 145 31.6689
4 373 201 47.9890
4 374 24 5.3021
4 375 527 116.9102
4 376 34 7.3601
4 377 134 27.0519
4 378 190 54.6360
4 379 130 39.6319
4 380 78 17.7204
4 381 861 192.0396
4 382 70 19.9279
4 383 138 35.1060
5 0 46 9.3739
5 1 84 24.1300
5 2 449 100.8373
5 3 11 2.3796
5 4 26 5.3965
5 5 70 15.4876
5 6 647 139.6730
5 7 117 29.8528
5 8 407 82.0729
5 9 57 14.2554
5 10 74 15.4589
5 11 210 40.9549
5 12 601 129.6999
5 13 26 4.8696
5 14 9 2.1447
5 15 37 6.1628
5 16 6 1.2468
5 17 79 16.8295
5 18 5 1.1436
5 19 1391 346.1990
5 20 10 2.4784
5 21 32 7.8120
5 22 3 0.6937
5 23 13 2.8534
5 24 414 87.9876
5 25 27 4.7172
5 26 206 49.1626
5 27 4 0.9345
5 28 165 35.0138
5 29 425 105.8065
5 30 57 11.2851
5 31 6 1.1989
5 32 139 29.7321
5 33 35 8.1883
5 34 660 163.5912
5 35 110 24.1524
5 36 679 147.6487
5 37 3093 808.5069
5 38 41 8.6656
5 39 72 15.0657
5 40 631 157.6680
5 41 528 138.8824
5 42 1478 347.9165
5 43 46 10.5861
5 44 38 8.5219
5 45 638 161.2351
5 46 37 10.4435
5 47 108 21.7458
5 48 188 50.1293
5 49 701 150.3911
5 50 27 6.0272
5 51 18 3.8606
5 52 385 81.1732
5 53 663 172.7072
5 54 192 46.6920
5 55 474 107.4400
5 56 35 6.7881
5 57 84 18.5867
5 58 232 51.7883
5 59 2 0.4055
5 60 73 16.3198
5 61 49 13.2059
5 62 74 15.2352
5 63 154 32.2013
5 65 294 66.2176
5 66 38 8.6597
5 67 57 12.1357
5 68 61 15.0741
5 69 666 173.2078
5 70 141 31.4869
5 71 10 2.2928
5 72 639 167.4936
5 73 6 1.5036
5 74 26 5.0642
5 75 17 3.0510
5 76 1353 277.8934
5 77 251 74.2537
5 78 248 51.6971
5 79 68 18.4561
5 80 21 4.5956
5 81 595 144.0687
5 82 94 24.8213
5 83 58 11.4953
5 84 144 32.5982
5 85 502 165.9298
5 86 10 2.1979
5 87 2 0.4533
5 88 4 0.8230
5 89 118 27.7749
5 90 53 12.1880
5 91 6 1.4336
5 92 3 0.6014
5 93 5 0.9982
5 94 53 12.6331
5 95 65 13.5823
5 96 39 7.7752
5 97 43 8.8724
5 98 1411 300.7245
5 99 32 7.1557
5 100 34 9.7547
5 101 78 18.6671
5 102 17 3.2828
5 105 4 0.8546
5 106 178 36.7359
5 107 87 18.3677
5 108 75 14.6852
5 109 133 30.4318
5 110 23 4.7702
5 111 28 5.7945
5 112 66 12.7329
5 113 352 67.5754
5 114 33 7.1471
5 115 56 14.3484
5 116 181 39.9821
5 117 333 80.5893
5 118 12 2.1817
5 119 227 46.4080
5 120 344 76.5877
5 121 195 49.0529
5 122 233 52.1443
5 123 8 1.5750
5 124 126 35.8302
5 125 5 1.1629
5 126 3 0.5803
5 127 375 101.7616
5 128 29 6.6766
5 129 28 6.6187
5 130 91 22.4577
5 131 24 5.4363
5 132 20 4.0929
5 133 124 24.0927
5 134 108 23.1744
5 135 71 13.9553
5 136 691 164.9324
5 137 170 40.4279
5 138 1660 418.9372
5 139 69 21.0950
5 140 257 56.5019
5 141 403 126.9967
5 142 4 0.9186
5 143 21 3.9418
5 144 86 20.5434
5 145 27 5.3413
5 146 184 36.3997
5 147 1336 267.4758
5 148 58 12.3586
5 149 824 224.7280
5 150 38 7.4725
5 151 90 17.3671
5 152 80 21.4120
5 153 335 69.5521
5 154 52 17.9765
5 155 200 44.1532
5 156 218 53.2731
5 157 47 13.0572
5 158 227 52.5098
5 159 51 11.9929
5 160 64 14.6749
5 161 271 70.0143
5 162 183 39.4203
5 163 329 77.7379
5 164 1280 303.6003
5 165 48 9.7304
5 166 39 8.0108
5 167 73 22.2719
5 168 75 16.5896
5 169 3396 730.0909
5 170 76 16.2021
5 171 20 3.9257
5 172 498 111.7601
5 173 130 26.6547
5 174 755 181.6646
5 175 31 6.8357
5 176 259 55.5001
5 177 66 17.7921
5 179 4321 1024.5772
5 180 10 2.0202
5 181 43 9.2196
5 182 435 99.2600
5 183 198 44.6376
5 184 60 13.4775
5 185 172 43.8246
5 186 335 63.5147
5 187 10616 4028.7956
5 188 1052 252.8021
5 190 169 36.5688
5 191 147 29.3743
5 192 606 123.4570
5 193 529 197.3169
5 194 130 33.3014
5 195 133 29.3566
5 196 15 3.8764
5 197 35 7.6413
5 198 221 56.7056
5 199 6 1.4090
5 200 49 8.5506
5 201 28 5.7419
5 202 473 111.8022
5 203 175 38.7299
5 204 77 15.0563
5 205 36 7.4950
5 206 503 120.7119
5 207 10 2.2347
5 208 2341 595.5119
5 209 109 22.3516
5 210 667 146.9507
5 211 97 19.7982
5 212 169 40.3803
5 213 116 26.1790
5 214 22 4.6277
5 215 215 69.7302
5 216 368 92.1601
5 217 17 3.4783
5 218 105 24.6188
5 219 13 3.1470
5 220 259 57.6631
5 221 88 23.6871
5 222 114 27.4659
5 223 164 35.1214
5 224 327 88.2907
5 225 138 35.1104
5 226 5 1.4038
5 227 266 53.1946
5 228 346 110.2221
5 229 66 13.1423
5 230 8 1.7433
5 231 4 0.7231
5 232 630 147.8669
5 233 21 3.7413
5 234 27 5.3498
5 235 766 158.7963
5 236 8 1.5420
5 237 31 7.0101
5 238 42 8.3501
5 239 22 4.6647
5 240 62 12.1762
5 241 66 11.8033
5 242 410 112.7392
5 243 33 6.2857
5 244 68 13.7014
5 245 47 9.8822
5 246 9 1.8080
5 247 784 204.0781
5 248 446 96.6745
5 249 46 9.4854
5 250 108 24.1811
5 251 631 181.9760
5 252 1 0.1875
5 253 24 4.5423
5 254 51 10.2068
5 255 51 10.1959
5 256 305 77.8564
5 257 103 21.0124
5 258 182 47.3506
5 259 19 3.7886
5 260 916 222.6574
5 261 28 5.3400
5 262 148 35.4537
5 263 1235 286.6355
5 264 1295 418.8154
5 265 10 2.0986
5 266 34 6.8286
5 267 212 46.0563
5 268 5 1.2156
5 269 92 18.4008
5 270 10 2.0540
5 271 24 5.0910
5 272 40 7.6936
5 273 18 3.5862
5 274 22 4.6404
5 275 136 29.9178
5 276 535 117.7519
5 277 44 8.7912
5 278 240 56.2652
5 279 36 7.1716
5 280 1518 305.5556
5 281 28 4.8068
5 282 1552 317.7413
5 283 117 25.8608
5 284 146 36.8292
5 285 92 25.9080
5 286 618 125.5799
5 287 10 2.2902
5 288 128 33.4563
5 289 224 50.9703
5 290 227 44.2711
5 291 989 239.3577
5 292 59 12.9798
5 293 111 24.8356
5 294 76 17.7171
5 295 47 10.1606
5 296 113 26.9643
5 297 32 7.6755
5 298 327 75.8248
5 299 151 33.0604
5 300 15 3.2323
5 301 66 13.3895
5 302 50 12.2984
5 303 16 4.5679
5 304 77 20.0854
5 305 12 2.3138
5 306 2311 686.6958
5 307 25 5.1991
5 308 24 5.2421
5 309 33 7.4180
5 310 109 30.9799
5 311 41 8.0265
5 312 8 1.5491
5 313 366 82.5163
5 314 406 81.0842
5 315 1406 310.7772
5 316 123 30.2865
5 317 180 50.0393
5 318 125 25.8217
5 319 58 15.2648
5 320 12 2.5213
5 321 369 88.9124
5 322 80 19.6301
5 323 10 2.1946
5 324 372 81.8127
5 325 602 139.8631
5 326 180 42.7889
5 327 408 92.3692
5 328 374 77.7559
5 329 149 45.0230
5 330 6 1.4749
5 331 54 13.5362
5 332 43 7.7724
5 333 9 1.7857
5 334 479 99.0475
5 335 1108 274.0572
5 337 1082 230.3183
5 338 88 27.4216
5 339 49 9.5132
5 340 262 56.4911
5 341 176 35.7335
5 342 79 16.3595
5 343 3 0.6862
5 344 151 34.1585
5 345 43 9.7306
5 346 133 29.2903
5 347 166 34.7374
5 348 11 2.1519
5 349 339 73.7503
5 350 27 6.2839
5 351 1374 318.2870
5 352 592 159.5571
5 353 21 4.6265
5 354 371 85.3978
5 355 38 7.6907
5 356 132 29.3543
5 357 53 10.3561
5 358 525 159.0104
5 359 56 11.5776
5 360 473 116.7310
5 361 482 107.8670
5 362 170 36.6465
5 363 1 0.1668
5 364 76 16.2681
5 365 339 87.4902
5 366 230 50.2957
5 367 18 3.9412
5 368 814 188.1272
5 369 91 18.3875
5 370 3 0.6640
5 371 2058 402.1503
5 372 6 1.2986
5 373 28 5.1987
5 374 21 4.8762
5 375 83 20.1786
5 376 580 114.1264
5 377 80 15.7879
5 378 32 6.7981
5 379 52 10.8147
5 380 385 80.6820
5 381 15 3.3999
5 382 21 4.1629
5 383 26 5.4064
6 0 68 14.7611
6 1 897 205.0960
6 2 119 26.4179
6 3 2 0.4519
6 4 5 1.0692
6 5 1937 509.3693
6 7 535 132.2039
6 8 52 11.1189
6 10 4 0.7886
6 11 2 0.4826
6 12 686 174.3810
6 13 13 2.7518
6 14 1 0.1642
6 15 132 37.7191
6 16 17 4.1635
6 17 28 5.8691
6 18 967 235.1456
6 19 11 1.7260
6 20 308 66.4476
6 21 3 0.5327
6 22 162 38.7015
6 23 55 11.9278
6 24 68 15.3782
6 26 31 7.4356
6 27 35 7.1882
6 28 1263 283.1508
6 29 517 143.3907
6 30 4 1.0424
6 31 407 84.8236
6 32 8 1.4652
6 33 1393 377.1536
6 34 129 27.0485
6 35 16 2.8311
6 36 39 7.6845
6 37 675 140.9158
6 38 45 9.2308
6 39 1 0.1320
6 40 124 21.6245
6 41 20 4.1141
6 43 21 4.7948
6 44 13 2.7522
6 45 36 6.5437
6 46 171 50.2337
6 47 1033 208.5959
6 48 7 1.7598
6 49 9 1.8311
6 50 35 7.7392
6 51 9459 3087.2992
6 52 526 114.2642
6 53 29 5.7343
6 54 45 10.1557
6 55 112 23.4334
6 56 3053 846.8429
6 57 2 0.4092
6 58 14 2.9461
6 59 88 20.7996
6 60 17 4.1796
6 61 5 0.8958
6 62 54 10.6756
6 63 556 116.9834
6 64 11 2.5585
6 65 1 0.1382
6 66 295 71.8272
6 67 200 45.1458
6 68 15 3.6970
6 69 10 2.1558
6 70 1 0.1845
6 72 187 36.3176
6 73 18 3.9743
6 74 17 3.3976
6 75 108 23.8027
6 76 6 1.2885
6 77 46 8.5928
6 78 4 0.7335
6 79 1071 257.3673
6 80 5 1.1062
6 81 208 58.1020
6 82 24 4.8402
6 83 3 0.5950
6 84 21 6.0934
6 85 87 16.8625
6 86 54 11.2143
6 87 23 5.0077
6 88 15 3.7982
6 89 389 73.3182
6 90 127 33.0304
6 91 12 2.4570
6 92 192 50.5412
6 93 317 73.8036
6 94 15 3.4316
6 95 43 9.6622
6 96 7 1.4357
6 98 32 7.6325
6 99 259 70.0499
6 100 32 6.2073
6 101 750 162.5473
6 102 244 56.1844
6 103 31 6.9442
6 104 212 57.1619
6 105 133 29.6414
6 106 6 1.0790
6 107 526 140.3123
6 108 22 4.8198
6 109 37 8.5430
6 110 482 144.2757
6 111 406 87.5136
6 112 76 14.7127
6 113 36 7.1010
6 114 427 93.8864
6 115 120 25.3059
6 116 13 2.7417
6 117 3085 775.0798
6 118 22 5.5629
6 119 21 4.1352
6 120 1232 291.7476
6 121 29 5.5683
6 122 1849 427.8246
6 123 4 0.7251
6 124 163 44.5665
6 125 673 152.6438
6 126 24 4.3479
6 128 33 6.8529
6 129 394 99.3048
6 130 1 0.2317
6 131 12 2.6314
6 132 370 94.9466
6 133 157 33.0885
6 134 628 177.6431
6 135 2406 548.9250
6 136 3 0.7096
6 137 209 58.8546
6 138 1 0.1453
6 140 87 22.0430
6 141 33 7.4678
6 142 1 0.2159
6 143 20 4.7169
6 144 2 0.4863
6 145 4 0.7423
6 146 26 6.2630
6 147 376 92.3925
6 148 74 14.7960
6 149 670 147.1897
6 150 178 41.5012
6 151 357 77.5069
6 152 148 32.7450
6 153 9 2.1077
6 154 519 120.8251
6 155 9 2.2065
6 156 11 2.4274
6 157 54 11.9265
6 158 51 11.6838
6 159 1858 408.3897
6 160 959 208.3774
6 161 1 0.2081
6 162 140 26.1479
6 163 103 24.8755
6 164 142 32.3881
6 165 24 4.1550
6 166 73 17.3249
6 167 952 267.1982
6 168 3 0.5785
6 169 148 28.2827
6 170 136 27.4725
6 171 86 18.1104
6 172 89 19.6973
6 173 43 7.5638
6 174 6 1.2966
6 175 396 97.6855
6 176 6 1.2073
6 177 80 19.1495
6 178 4 0.7168
6 179 1 0.2302
6 180 1 0.1771
6 181 392 94.2521
6 182 6 1.0054
6 183 124 30.4459
6 184 9 1.9343
6 185 298 58.8922
6 186 32 6.2530
6 187 20 4.6949
6 188 84 20.1066
6 189 339 82.6844
6 190 131 29.4643
6 191 13 2.9721
6 192 672 203.6811
6 193 3 0.7076
6 194 267 59.0647
6 195 101 22.4109
6 196 32 7.6184
6 197 34 6.7796
6 198 4 1.0401
6 199 8 1.7389
6 200 430 93.2109
6 201 203 59.9169
6 202 20 4.0884
6 203 430 95.3347
6 204 362 72.6056
6 205 1 0.1147
6 206 1184 295.8936
6 207 53 11.5147
6 208 876 232.8449
6 209 13 2.7883
6 210 214 47.2761
6 211 58 13.3639
6 212 58 11.7495
6 213 10 2.0823
6 214 330 74.7422
6 215 44 9.0539
6 216 514 120.9691
6 217 71 15.4199
6 218 17 3.8281
6 219 572 187.2571
6 220 183 36.5878
6 221 27 4.3832
6 222 54 14.0093
6 223 1853 383.4847
6 224 2336 563.0806
6 225 70 16.0667
6 226 24 5.7612
6 227 1260 328.1480
6 228 31 5.8427
6 229 25 4.5592
6 230 59 11.8713
6 231 27 6.2916
6 232 132 40.5783
6 233 59 15.5424
6 234 43 7.2993
6 235 134 30.4761
6 236 17 3.5329
6 237 1005 253.3676
6 238 14 3.1139
6 239 44 9.6112
6 240 80 17.5998
6 241 158 34.9692
6 242 6 1.4947
6 243 50 13.2253
6 244 112 26.0026
6 245 51 11.3634
6 246 12 2.9379
6 247 65 13.9632
6 248 2 0.4439
6 249 899 220.6338
6 250 14 2.8381
6 251 618 152.0692
6 253 21 4.7072
6 254 102 26.4098
6 255 1582 324.3681
6 256 8 1.8103
6 257 2540 655.9802
6 258 50 10.8537
6 259 10 1.9536
6 260 85 18.8827
6 261 196 53.7833
6 262 37 7.8598
6 263 34 10.3828
6 264 24 4.7459
6 265 50 11.2995
6 266 2 0.4543
6 267 18 3.3376
6 268 17 3.9546
6 269 2 0.4598
6 270 21 4.6275
6 271 25 5.7544
6 272 750 162.7262
6 273 43 13.5252
6 274 8 1.3877
6 275 274 63.3418
6 276 6 1.3797
6 277 6 1.5317
6 278 20 4.1962
6 279 32 7.3863
6 280 71 18.4281
6 281 10 2.0467
6 282 659 167.9636
6 283 284 74.5276
6 284 121 26.0680
6 286 1 0.2389
6 287 17 3.2129
6 288 21 5.1879
6 289 2 0.3704
6 290 48 9.3664
6 291 34 7.2899
6 292 158 29.3793
6 293 245 53.9569
6 294 5 0.9754
6 295 354 71.9301
6 296 2 0.4506
6 297 3 0.6727
6 299 7 2.3307
6 301 28 6.1096
6 302 591 158.7054
6 303 696 161.2972
6 304 42 8.6041
6 305 1228 270.6918
6 306 209 49.4537
6 307 8 1.7494
6 308 24 4.3141
6 309 132 27.9012
6 310 113 23.7475
6 311 1677 411.6695
6 312 1558 402.7877
6 313 79 13.8717
6 314 166 28.1862
6 315 35 7.0891
6 316 3 0.5573
6 317 95 30.1232
6 318 2 0.4131
6 319 34 7.2002
6 320 19 3.8484
6 321 163 35.4778
6 322 14 3.1189
6 323 175 42.9043
6 324 71 14.6478
6 326 48 11.0950
6 327 23 4.6172
6 328 424 113.9717
6 329 1 0.2616
6 330 486 112.2063
6 331 29 6.1703
6 332 72 21.2089
6 333 34 8.5857
6 334 47 10.2877
6 335 3 0.6219
6 337 23 6.6015
6 338 8 1.5975
6 339 68 16.3518
6 340 108 26.7980
6 341 252 59.2250
6 342 1227 310.2049
6 343 32 8.6185
6 344 23 5.1844
6 345 11 2.3097
6 346 101 22.4991
6 347 8 1.6639
6 348 37 8.2251
6 349 133 31.8181
6 350 5 1.0899
6 351 225 49.9294
6 352 9 1.7948
6 353 227 49.5801
6 354 323 59.6961
6 355 1 0.2121
6 356 660 147.2178
6 357 16 3.6781
6 358 87 26.4648
6 359 121 27.1746
6 360 2772 614.6717
6 361 53 15.9103
6 363 6 1.2305
6 364 107 19.4904
6 365 2 0.4120
6 366 5 0.9904
6 367 10785 2952.2369
6 368 637 150.7230
6 369 992 213.5055
6 370 1068 302.8796
6 371 231 49.8745
6 372 100 25.0367
6 373 139 30.9091
6 375 75 17.6133
6 376 1 0.2034
6 377 49 11.7884
6 378 1 0.1981
6 379 98 18.2579
6 380 444 88.7563
6 382 18 4.7424
6 383 9 1.9527
7 0 510 130.6277
7 1 6 1.0935
7 2 20 4.2390
7 3 42 9.3926
7 4 4 0.7710
7 5 105 17.3687
7 6 948 193.2619
7 7 107 22.8366
7 8 74 18.6876
7 9 8 1.3223
7 10 675 138.2910
7 11 8 1.3915
7 12 470 118.5779
7 13 112 22.7367
7 14 56 11.1538
7 16 328 67.0668
7 17 37 7.4262
7 18 46 8.2938
7 19 462 100.9259
7 20 88 21.8433
7 21 228 58.0791
7 22 85 14.7483
7 23 34 6.2424
7 24 5 1.0548
7 25 61 13.0401
7 26 475 113.5259
7 27 68 14.3029
7 28 57 10.8230
7 29 1549 383.6776
7 30 17 3.7905
7 31 4 0.6613
7 32 1489 396.2431
7 33 31 4.9317
7 34 49 10.1953
7 35 67 14.0896
7 36 193 49.0039
7 37 7 1.2677
7 38 130 27.0914
7 39 226 54.4710
7 40 150 31.0262
7 41 47 8.9709
7 43 35 6.3936
7 44 1384 315.3230
7 45 17 2.9711
7 46 331 54.4739
7 47 1 0.1554
7 48 382 90.8599
7 49 142 26.7729
7 50 396 84.6407
7 51 173 39.8030
7 53 1669 433.5811
7 54 66 13.3004
7 55 26 5.5883
7 56 132 20.9277
7 57 14 3.1113
7 58 79 15.6323
7 59 5 0.9050
7 60 7 1.4043
7 61 20 5.2864
7 62 10 2.1546
7 63 97 27.4741
7 65 343 82.5358
7 66 3 0.4312
7 68 158 31.4668
7 69 100 22.3571
7 70 1 0.1886
7 71 38 7.9938
7 72 278 71.6716
7 73 14 2.5089
7 75 2769 741.6455
7 76 6 1.4218
7 77 64 13.0593
7 78 247 58.0846
7 79 353 80.8609
7 80 38 7.9643
7 81 257 62.4192
7 83 21 4.2662
7 84 49 8.0391
7 85 331 65.8226
7 86 58 11.5331
7 87 3 0.6757
7 88 191 31.2330
7 89 132 35.3164
7 90 185 35.3742
7 91 1 0.1688
7 92 12 2.3158
7 93 68 12.7104
7 94 3556 880.8056
7 95 3 0.5785
7 96 78 14.6786
7 97 20 3.4407
7 98 4 0.5357
7 100 580 143.1153
7 101 1 0.1922
7 102 238 57.1191
7 103 9 1.3819
7 105 24 5.2166
7 106 286 65.1328
7 107 113 24.7682
7 108 138 29.9557
7 109 14 2.6328
7 110 73 15.3633
7 111 501 131.3830
7 112 61 12.2748
7 113 3 0.5929
7 114 2 0.2195
7 115 54 11.4905
7 116 4 0.9060
7 117 24 4.7750
7 118 167 34.2616
7 119 78 15.5712
7 120 4 0.7757
7 121 11 1.8125
7 122 53 11.3210
7 124 70 17.2909
7 125 588 133.4044
7 126 2 0.2672
7 127 131 27.6184
7 129 309 65.0548
7 130 174 37.1678
7 131 421 85.8756
7 132 45 8.6791
7 133 309 71.9215
7 135 5 1.0413
7 136 1241 303.3309
7 138 60 12.6010
7 139 147 29.5877
7 140 213 46.3412
7 141 44 8.7963
7 142 13 2.0986
7 143 1 0.2374
7 144 325 77.0658
7 145 28 5.5652
7 146 197 37.7042
7 147 55 12.0264
7 148 35 7.3552
7 149 7 1.0020
7 150 826 242.6774
7 151 87 21.1771
7 152 58 11.0441
7 153 17 3.1413
7 154 7099 1844.1036
7 155 63 13.9748
7 156 375 69.8029
7 157 100 20.5184
7 158 1394 327.8518
7 159 1 0.1806
7 160 171 31.1280
7 161 13 2.7512
7 162 128 21.8557
7 163 727 141.1069
7 164 452 79.7618
7 165 5822 1373.1260
7 166 29 6.7940
7 167 115 23.4874
7 168 3 0.5613
7 169 4274 1280.3703
7 170 18 3.3292
7 171 113 27.2652
7 172 25 5.7342
7 173 75 15.1333
7 175 604 123.8266
7 176 108 27.3709
7 177 33 7.3049
7 178 1 0.1311
7 179 400 98.3740
7 180 60 13.3929
7 181 138 31.6511
7 182 70 14.3053
7 183 182 37.6952
7 185 241 55.8355
7 187 26 5.9632
7 188 10 2.4823
7 189 252 44.7903
7 190 51 10.0100
7 191 340 74.9958
7 192 11 1.9984
7 193 834 175.7283
7 194 1 0.2094
7 195 51 10.6307
7 196 83 19.1201
7 197 1691 356.2746
7 198 59 11.7552
7 200 169 45.1692
7 201 442 96.2371
7 202 217 37.2138
7 203 3 0.5360
7 204 328 82.7982
7 205 1557 373.6355
7 206 56 12.6700
7 207 5813 1372.0243
7 208 59 12.6659
7 209 28 5.2271
7 210 65 11.1864
7 211 2 0.2722
7 212 4 0.8035
7 213 3 0.6693
7 214 15 2.4473
7 215 232 56.9635
7 216 46 7.3226
7 217 7 1.4742
7 218 354 66.1913
7 219 41 6.8633
7 220 26 6.3595
7 221 92 15.5032
7 222 31 5.8321
7 225 71 15.9165
7 226 26 5.3891
7 228 114 21.8035
7 229 155 41.8063
7 230 2 0.4630
7 232 5 0.8622
7 233 62 12.2224
7 234 317 65.6918
7 235 187 41.9220
7 236 129 27.8980
7 238 24 4.9839
7 239 11 1.9754
7 240 75 13.9039
7 241 212 44.2734
7 242 406 109.1293
7 243 88 18.9217
7 244 111 24.1100
7 245 1228 316.4138
7 246 55 10.5128
7 247 125 27.4759
7 248 29 5.5323
7 249 9 1.5423
7 250 938 228.2170
7 251 565 132.3084
7 252 110 21.5662
7 253 154 26.8644
7 254 23 4.2835
7 255 70 12.6205
7 256 1 0.1959
7 257 11 1.7250
7 258 31 5.7349
7 259 104 19.4649
7 260 10 2.1916
7 261 57 11.9242
7 262 12 2.6975
7 263 1 0.2124
7 264 253 53.4274
7 265 273 60.7588
7 266 104 30.8501
7 267 31 6.3535
7 268 23 4.6681
7 269 12 2.0814
7 270 561 118.9817
7 271 66 10.1355
7 272 75 16.8978
7 273 180 36.9439
7 274 6 1.1802
7 275 504 113.9726
7 276 80 14.0534
7 277 6 1.2016
7 278 346 73.2504
7 279 51 7.9388
7 280 67 14.3029
7 281 35 5.4721
7 282 58 11.3800
7 283 233 61.8797
7 284 452 98.0037
7 286 273 44.1537
7 287 152 45.3103
7 288 19 3.6312
7 289 2 0.3518
7 290 221 47.2754
7 291 75 15.1655
7 292 7 1.4178
7 293 70 13.5882
7 294 112 35.0731
7 295 66 14.4690
7 296 348 94.9596
7 298 189 38.9216
7 299 581 130.3124
7 300 32 6.7649
7 302 205 38.3921
7 303 103 18.5932
7 304 2 0.2519
7 305 64 12.8131
7 306 361 81.0561
7 307 83 18.5973
7 308 26 4.0518
7 309 13 2.5501
7 310 275 64.9371
7 311 32 6.9566
7 312 60 12.1361
7 313 469 92.0893
7 314 160 25.7893
7 315 2 0.1602
7 316 272 60.4829
7 317 842 191.1985
7 318 12 2.5769
7 319 7 1.2239
7 320 56 12.5688
7 321 6 0.9982
7 322 48 9.7449
7 323 54 12.8760
7 324 2596 508.3426
7 325 370 109.6895
7 326 64 12.6348
7 327 24 3.9438
7 328 65 15.0455
7 329 144 32.2371
7 331 82 16.8085
7 332 29 5.6411
7 334 11 2.5555
7 335 3 0.6873
7 337 12066 4526.7898
7 339 1 0.1242
7 340 246 46.1785
7 341 39 6.6990
7 342 123 23.0664
7 343 25 5.1063
7 344 6 1.1004
7 345 1 0.1515
7 347 46 7.5130
7 348 46 9.1189
7 349 8 1.3696
7 350 1511 322.7626
7 351 4 0.7843
7 352 7 1.2278
7 353 104 22.4890
7 354 519 119.6109
7 355 48 9.5738
7 356 77 15.8268
7 357 614 129.6585
7 358 376 92.5003
7 359 9 1.7231
7 360 887 270.7299
7 361 222 41.7880
7 362 1 0.1723
7 363 60 12.1869
7 364 412 78.1960
7 365 136 29.7956
7 366 90 27.3536
7 367 10 2.2074
7 369 311 63.5354
7 370 2161 508.5772
7 371 33 6.6815
7 372 61 9.9972
7 373 5 1.1031
7 374 117 24.4120
7 375 9 1.8543
7 377 758 178.9295
7 378 1 0.2130
7 379 1126 248.4172
7 380 119 24.9228
7 381 25 4.6665
7 382 35 6.8419
7 383 550 127.2209
8 0 15 3.5442
8 1 448 113.2545
8 2 787 181.3379
8 3 12 2.5855
8 4 2 0.4465
8 5 14 2.2804
8 6 503 104.8413
8 7 6 1.2270
8 8 23 4.8401
8 9 114 26.2509
8 10 29 5.7957
8 11 495 121.7372
8 12 53 9.1838
8 13 344 74.5385
8 14 226 51.1491
8 15 5 0.8985
8 16 48 10.1179
8 17 2 1.0988
8 18 4 0.6779
8 20 25 5.1303
8 21 30 5.0293
8 22 81 13.1475
8 23 197 36.1782
8 24 374 84.6384
8 25 9 1.3269
8 27 9 1.9817
8 28 81 17.6825
8 29 183 52.5540
8 30 1 0.1610
8 31 5 0.7410
8 32 26 3.9543
8 33 62 11.6963
8 34 289 80.3459
8 36 7 1.2903
8 37 89 20.3656
8 38 1464 314.0318
8 39 76 15.6653
8 40 45 9.1538
8 41 51 15.0764
8 42 117 36.1593
8 43 208 41.9367
8 44 18 5.0200
8 45 213 41.8177
8 46 10 2.0546
8 47 224 50.2020
8 48 46 9.8336
8 49 3 0.6586
8 50 109 23.4210
8 51 86 15.6561
8 52 1 0.2496
8 53 1 0.2131
8 54 187 40.6833
8 55 163 41.5968
8 57 1023 214.6661
8 58 628 166.5886
8 59 1 0.2341
8 60 13 3.4341
8 61 1484 369.1611
8 62 442 106.2914
8 63 28 6.0366
8 64 212 45.3802
8 65 3 0.7776
8 66 1196 269.9294
8 67 1995 513.1188
8 69 2 0.4231
8 70 163 48.4705
8 71 41 8.9002
8 72 7 1.5134
8 73 18 5.6453
8 74 8 1.5043
8 75 2 0.3763
8 76 33 6.5597
8 77 3 0.5942
8 78 164 40.9688
8 79 934 206.7693
8 80 1 0.1913
8 81 95 20.9477
8 82 1 0.2534
8 83 70 15.0707
8 84 8 1.4700
8 85 48 8.7111
8 86 26 5.5655
8 87 3 0.6849
8 88 4 0.8812
8 89 165 45.1752
8 90 5021 1301.5676
8 91 16 4.6781
8 92 1038 227.8580
8 93 26 5.7985
8 94 4519 1050.1860
8 95 18 5.0491
8 96 7 1.2633
8 97 94 22.1045
8 99 93 23.1440
8 100 171 36.4415
8 101 729 193.5226
8 102 138 35.1612
8 103 23 4.0358
8 104 27 5.4136
8 105 10 2.2255
8 106 4 0.6589
8 107 14 2.5667
8 108 3 0.5628
8 109 77 14.8507
8 110 76 14.5435
8 111 637 162.9248
8 112 8 1.5228
8 114 462 119.1457
8 115 279 55.9701
8 116 35 7.1435
8 117 59 11.7873
8 118 35 7.7576
8 119 487 116.3855
8 121 2006 559.8135
8 122 679 231.2557
8 123 5 0.7095
8 124 2 0.3850
8 125 125 22.5159
8 126 6 1.0726
8 127 167 43.4506
8 128 254 56.6402
8 129 162 34.5471
8 130 5 0.8402
8 131 50 11.5961
8 132 7 1.6567
8 133 16 2.7704
8 134 795 194.5592
8 135 338 68.9608
8 136 2 0.3987
8 137 251 59.4366
8 139 5 0.8306
8 141 654 117.6429
8 142 62 12.1024
8 143 102 23.1513
8 144 2 0.3635
8 145 429 127.0159
8 146 11 2.9031
8 147 1 0.1181
8 148 5 0.7933
8 149 1 0.2215
8 150 41 8.6074
8 151 346 72.1989
8 152 183 45.2254
8 153 77 15.3125
8 154 274 65.1007
8 155 966 222.2992
8 156 274 71.3061
8 157 2 0.3654
8 158 58 14.4079
8 159 335 67.4262
8 161 102 21.9685
8 162 91 19.0030
8 163 72 19.7885
8 164 239 49.2588
8 165 61 17.8182
8 167 23 4.5345
8 168 38 9.3429
8 169 81 22.4861
8 170 2 0.4565
8 171 954 213.8885
8 172 193 43.7970
8 173 313 77.9397
8 174 105 22.4707
8 176 14 2.2577
8 177 454 104.5391
8 178 828 206.5431
8 179 22 4.0060
8 180 1 0.1899
8 181 837 197.1257
8 182 27 3.8763
8 183 2 0.3380
8 184 9 1.7379
8 185 1884 433.8560
8 186 7790 2609.9545
8 187 43 9.3601
8 188 4 0.7452
8 189 28 6.4081
8 190 30 6.7447
8 191 47 9.9813
8 192 101 17.0491
8 193 508 125.1589
8 194 24 6.3860
8 195 239 52.8014
8 197 75 18.5110
8 198 32 7.6061
8 199 5 0.9587
8 200 27 7.1087
8 201 43 7.6370
8 202 1 0.1984
8 203 1 0.2495
8 204 10 2.3336
8 205 1277 390.8729
8 207 190 39.6814
8 208 194 52.5555
8 209 300 62.5511
8 210 16 3.3395
8 211 1074 324.5156
8 212 7149 1811.5344
8 213 5 0.7902
8 214 355 77.8491
8 215 49 11.8861
8 216 26 5.9138
8 217 2245 610.1296
8 218 571 147.2617
8 219 333 75.9554
8 220 87 18.1462
8 221 330 77.9805
8 222 132 22.0753
8 223 306 86.5852
8 224 328 90.6813
8 225 88 20.3394
8 226 512 101.1664
8 227 456 105.0517
8 228 5353 1449.4562
8 229 3 0.7529
8 230 2 0.3291
8 231 3 0.3780
8 232 58 16.4212
8 233 1416 422.7579
8 234 337 105.9024
8 235 22 3.9329
8 237 728 210.4745
8 238 14 2.8273
8 239 91 19.1768
8 240 403 86.9586
8 241 89 17.4788
8 242 6 1.1542
8 243 3 0.6492
8 244 6 1.4135
8 245 137 41.1222
8 246 73 12.8208
8 247 20 4.2005
8 248 1379 334.8702
8 249 47 10.0769
8 250 31 6.2261
8 251 3 0.9330
8 252 9 1.8049
8 253 16 2.8359
8 254 61 15.8343
8 256 9 1.4696
8 257 33 8.3210
8 258 5372 1221.9731
8 259 70 12.3445
8 260 69 19.7978
8 261 21 5.5429
8 262 12 2.8452
8 263 4 0.8053
8 264 1 0.2145
8 265 19 4.5294
8 266 2 0.4132
8 267 54 12.0488
8 268 3 0.3353
8 269 455 115.5219
8 270 80 18.5930
8 271 174 42.1698
8 272 4 0.5752
8 273 37 8.0372
8 274 72 13.7614
8 276 53 11.4628
8 277 18 4.3073
8 278 125 30.9888
8 279 2 0.2859
8 280 1182 324.6814
8 282 232 62.5721
8 283 795 204.3576
8 284 8 1.8148
8 285 1 0.2312
8 286 188 30.2497
8 287 15 2.4482
8 288 190 53.2518
8 289 557 150.1407
8 290 46 9.5337
8 291 18 4.8848
8 292 28 7.5037
8 293 97 20.6099
8 294 94 22.4034
8 295 96 20.3839
8 296 382 88.2745
8 297 407 86.4426
8 298 22 4.8620
8 299 1010 201.1439
8 300 82 22.5495
8 301 12 2.5161
8 302 1 0.2359
8 303 8 1.7137
8 304 32 6.3170
8 305 426 81.9265
8 306 193 40.7095
8 307 99 22.6573
8 308 1112 286.2970
8 309 6 1.0299
8 310 87 19.7001
8 311 16 2.9422
8 312 84 17.0933
8 313 3 0.5202
8 314 78 15.7280
8 315 1 0.1810
8 316 151 41.9200
8 317 13 2.5177
8 319 534 153.8522
8 320 12 2.5152
8 321 2 0.3409
8 322 62 12.7729
8 323 681 149.3422
8 324 111 27.1071
8 325 2 0.4712
8 326 39 7.9802
8 328 26 5.5621
8 329 139 29.6458
8 330 2 0.2648
8 331 1 0.2173
8 332 123 28.6747
8 333 268 55.7918
8 334 6 1.2449
8 335 1 0.1841
8 336 129 26.8285
8 337 85 17.4400
8 338 245 53.1829
8 339 26 5.1518
8 340 62 14.1800
8 341 790 195.4475
8 342 2 0.4382
8 343 5 1.1651
8 345 22 4.6701
8 346 34 8.2050
8 347 6 1.3566
8 348 878 203.3605
8 349 47 11.6311
8 352 60 11.9377
8 353 33 11.7023
8 354 10 2.0104
8 355 12 2.7408
8 356 423 110.2504
8 357 235 70.7006
8 358 12 2.7524
8 359 13 2.4124
8 360 736 162.6282
8 361 11 1.8490
8 362 23 4.5006
8 363 3 0.5891
8 364 3 0.6732
8 365 57 11.5260
8 366 4 1.0136
8 367 295 69.2358
8 368 2 0.3693
8 369 2 0.3673
8 370 59 11.9831
8 371 3 0.5942
8 373 172 36.1078
8 374 57 12.7836
8 375 27 4.6644
8 376 2 0.3672
8 377 1 0.2612
8 378 90 20.5547
8 379 58 12.7570
8 380 4757 1053.8440
8 381 508 114.7531
8 382 345 85.9543
8 383 8 1.4956
9 1 12 2.6600
9 2 141 34.7163
9 3 642 149.6129
9 4 42 8.6081
9 5 168 41.3190
9 6 7 1.2884
9 7 51 9.6759
9 9 8 1.6915
9 10 507 111.9315
9 11 4 0.7495
9 13 62 14.2296
9 14 28 5.3166
9 15 27 6.4492
9 16 1 0.2406
9 17 93 19.1130
9 18 562 141.1870
9 20 140 30.3738
9 21 2 0.3576
9 22 88 19.7349
9 23 10 1.8658
9 25 4 0.7257
9 26 371 74.6221
9 27 209 46.7222
9 28 9 1.6815
9 29 13 2.7781
9 30 346 72.2486
9 31 2619 621.6015
9 32 19 4.0685
9 33 485 129.1676
9 34 9 1.6687
9 35 79 16.0298
9 37 191 40.5008
9 38 21 4.8648
9 39 53 9.9221
9 40 80 18.0913
9 41 18 3.5227
9 42 259 70.0138
9 43 6 1.3524
9 44 3 0.4767
9 45 11 2.3180
9 46 21 4.7596
9 47 10 2.1613
9 48 95 17.8556
9 49 3483 769.6798
9 50 5 0.9104
9 51 1802 476.2623
9 52 345 78.2521
9 53 16 3.1591
9 54 61 12.5599
9 55 7 1.3835
9 56 21 4.3704
9 57 126 24.3903
9 58 1561 427.5948
9 59 1 0.2586
9 61 1 0.2199
9 62 165 41.9076
9 63 82 15.0366
9 65 11 2.2738
9 66 5 1.1658
9 68 3 0.6498
9 69 2189 501.1695
9 70 135 30.2834
9 71 7 1.1418
9 72 11 2.7941
9 73 216 46.5988
9 74 5 0.7421
9 75 251 71.3259
9 77 1239 264.7888
9 79 206 40.3427
9 80 12 2.6157
9 81 85 17.2382
9 82 6454 1922.4262
9 84 13 2.8703
9 85 2 0.5237
9 86 94 21.2018
9 88 257 54.4991
9 89 14 2.9421
9 90 84 19.1638
9 91 1063 284.0311
9 92 84 17.2995
9 93 486 140.3496
9 94 5 1.0186
9 95 17 3.7005
9 96 5 1.1449
9 97 16 3.2227
9 98 401 87.1836
9 99 35 9.0812
9 100 700 158.0267
9 101 254 68.3542
9 102 834 235.2195
9 103 168 36.3393
9 104 67 14.6830
9 105 9 1.9674
9 106 1 0.2538
9 107 764 181.7765
9 108 59 10.4399
9 109 10 2.2767
9 110 92 23.0941
9 111 77 18.7941
9 112 76 13.6829
9 113 8 1.7221
9 114 41 7.0753
9 115 251 68.0169
9 116 16 3.8546
9 117 12 2.3519
9 118 40 8.8057
9 119 57 14.2077
9 120 225 49.8357
9 121 51 11.7408
9 122 201 39.6588
9 124 2579 677.8000
9 125 322 74.8575
9 126 23 4.8556
9 127 421 110.8964
9 128 354 104.5800
9 129 27 5.2413
9 131 296 72.0263
9 132 1795 457.1349
9 133 6 1.0605
9 134 12184 3487.0701
9 135 27 7.0104
9 136 2043 559.7577
9 137 412 103.9771
9 138 1519 388.0380
9 139 48 8.9797
9 140 1622 355.7711
9 141 4 0.9745
9 142 39 9.0192
9 143 202 40.5767
9 144 110 23.4117
9 145 4 0.9278
9 146 770 189.7867
9 147 77 18.1138
9 148 29 7.0501
9 149 83 20.2330
9 150 1316 306.5871
9 152 29 6.5890
9 153 55 12.4483
9 154 152 33.3520
9 155 21 4.7086
9 156 148 26.2753
9 158 519 138.5599
9 159 5 1.2502
9 160 1881 504.1836
9 161 702 166.3255
9 162 16 3.2987
9 163 328 80.3126
9 165 11 2.2020
9 166 26 5.6694
9 167 78 16.5310
9 168 49 11.0669
9 169 161 33.1968
9 170 111 26.3613
9 171 14 2.7288
9 172 40 8.5119
9 173 169 33.9824
9 174 2 0.3775
9 175 172 33.9466
9 176 4 0.8171
9 177 223 57.5794
9 178 7 1.4172
9 179 26 5.2301
9 180 408 103.3484
9 182 3 0.7202
9 183 94 17.9292
9 184 57 14.7935
9 185 40 7.2925
9 186 13 2.6997
9 187 2516 568.6302
9 188 108 24.7366
9 189 2 0.3291
9 190 307 67.7483
9 191 24 5.5876
9 192 8 1.9375
9 193 4 0.8922
9 194 2 0.4585
9 195 1315 299.1198
9 196 1 0.2329
9 197 433 100.2427
9 198 101 19.6649
9 199 930 211.6351
9 200 65 18.1170
9 201 346 85.1727
9 202 8 2.0612
9 203 12 2.4612
9 204 1 0.2006
9 205 488 136.1399
9 206 59 15.3563
9 207 19 4.5404
9 208 2394 635.1533
9 209 7 1.4039
9 210 10 2.0142
9 211 120 25.0795
9 212 292 75.7876
9 213 5 0.8489
9 214 30 6.2127
9 215 34 6.1115
9 216 125 28.5576
9 217 91 18.1302
9 218 1 0.2048
9 219 73 14.3550
9 220 850 178.3673
9 221 75 14.5506
9 222 783 210.5908
9 223 1328 321.3337
9 224 108 23.5547
9 226 34 6.5851
9 227 273 56.6763
9 228 206 42.6858
9 229 19 4.0691
9 230 151 39.2890
9 231 496 117.8128
9 232 44 9.6430
9 233 143 25.6126
9 234 259 61.6199
9 235 682 153.9436
9 236 148 31.6701
9 238 331 75.7219
9 239 143 28.5781
9 240 4 0.6839
9 241 44 10.4996
9 242 97 21.6348
9 243 47 9.4834
9 244 304 83.4425
9 245 375 99.8652
9 246 435 109.2807
9 247 25 4.8733
9 248 111 23.5293
9 249 59 12.9295
9 250 14 2.6812
9 251 88 21.9204
9 252 6 1.3329
9 254 25 5.7935
9 255 363 66.9779
9 256 1446 343.4595
9 257 230 49.7993
9 258 49 10.4306
9 261 5 1.0603
9 262 1516 391.8124
9 263 1366 334.0116
9 264 102 23.4572
9 265 144 38.2226
9 266 86 18.8998
9 267 87 21.1108
9 268 262 58.5253
9 269 44 9.4808
9 270 28 5.5559
9 271 31 6.5505
9 272 6 0.9875
9 273 347 73.0590
9 274 44 10.7723
9 276 1 0.1471
9 277 32 5.8902
9 278 206 48.1101
9 279 68 16.9406
9 280 7 1.6048
9 281 59 14.1603
9 282 381 103.6411
9 283 7 1.2215
9 284 26 5.5213
9 285 730 188.2004
9 286 263 55.8525
9 287 60 13.0786
9 288 251 58.1565
9 289 78 20.5352
9 290 15 3.2071
9 291 179 34.9226
9 292 11 2.1297
9 293 14 2.8513
9 294 15 3.5033
9 295 6 1.3132
9 296 138 42.4155
9 297 171 36.1338
9 298 90 19.7458
9 299 19 3.5866
9 300 1 0.2005
9 301 59 14.0510
9 302 265 68.2077
9 303 31 7.4388
9 305 14 3.2050
9 306 19 3.3283
9 308 1113 257.0385
9 309 17 3.4708
9 310 675 149.6970
9 311 98 15.8511
9 312 251 56.1139
9 313 132 32.1367
9 314 180 43.4623
9 315 56 15.5181
9 317 36 7.5311
9 319 373 103.9451
9 320 583 160.4396
9 322 10 2.2873
9 323 1 0.2409
9 324 294 77.8686
9 325 59 13.1841
9 326 86 19.2252
9 327 710 172.9667
9 328 1180 285.9685
9 329 376 85.5711
9 332 38 7.8716
9 333 2033 545.0667
9 335 27 6.3854
9 336 2 0.4353
9 337 106 23.1515
9 338 1 0.1726
9 340 1 0.1416
9 341 2098 517.5332
9 342 267 70.9912
9 343 80 22.6590
9 344 12 2.3805
9 345 8 1.8661
9 346 105 20.3639
9 347 18 3.1880
9 348 133 29.0319
9 349 19 3.6421
9 350 202 59.3475
9 351 261 60.1109
9 353 367 86.6859
9 354 198 46.9358
9 355 8 2.3202
9 357 111 22.9485
9 358 5 1.2566
9 359 7 1.3555
9 360 1 0.2432
9 361 119 28.3685
9 362 141 34.9229
9 363 73 14.1026
9 364 637 159.6873
9 365 44 9.3368
9 366 175 37.4674
9 367 36 7.2169
9 368 801 209.1128
9 369 173 37.4160
9 370 14 2.7469
9 371 74 15.0541
9 372 25 5.3132
9 373 46 10.1135
9 374 25 4.9350
9 376 8 1.4848
9 377 769 194.9919
9 378 150 30.0407
9 379 383 87.4968
9 380 49 10.7632
9 382 1 0.2266
9 383 173 37.2586
10 0 2 0.3731
10 1 432 99.7401
10 2 514 126.4389
10 3 214 52.2467
10 4 15 2.7899
10 5 84 20.4848
10 7 2854 780.0559
10 8 418 108.4215
10 9 466 100.9367
10 11 71 17.5252
10 12 15 2.9416
10 13 3 0.7251
10 14 70 13.0137
10 15 19 3.6755
10 16 12 2.2842
10 17 364 89.4841
10 19 5 1.1386
10 20 18 3.3593
10 22 20 4.4047
10 23 211 43.1039
10 25 128 34.7590
10 26 43 8.2125
10 27 150 36.1136
10 28 1 0.2408
10 29 1 0.1863
10 30 304 72.3652
10 31 45 9.3830
10 32 33 6.8430
10 33 22 5.9648
10 34 602 137.0596
10 35 129 30.1501
10 36 122 24.5944
10 37 9 1.6578
10 38 3 0.6276
10 39 300 75.8063
10 40 66 13.6896
10 41 115 28.3072
10 42 635 133.8636
10 44 747 169.8791
10 45 905 213.7168
10 47 235 52.0014
10 48 121 28.1736
10 49 794 171.7326
10 50 1113 279.3282
10 51 4 1.0933
10 52 96 24.1551
10 53 1 0.2357
10 54 411 100.1001
10 56 230 51.3801
10 57 1193 320.9788
10 58 826 177.5986
10 59 563 134.6904
10 60 220 52.3458
10 61 17 3.0711
10 62 423 99.3527
10 63 30 6.1565
10 64 20 4.6436
10 65 9 1.9315
10 66 67 13.8250
10 67 176 41.7167
10 68 50 10.2439
10 69 559 146.2400
10 70 32 8.3267
10 71 40 8.2180
10 72 701 158.4062
10 73 4 0.7925
10 74 270 59.4776
10 75 1165 308.8383
10 76 6 1.0580
10 77 71 13.5309
10 78 201 42.5317
10 79 18 3.5665
10 80 379 86.1886
10 81 2 0.4137
10 82 16 2.8235
10 83 6 1.0760
10 84 516 148.3648
10 85 99 21.4052
10 86 31 5.8106
10 87 234 53.6449
10 88 1 0.1949
10 89 5 1.0587
10 90 28 5.5409
10 91 112 28.8282
10 92 361 84.7786
10 93 576 140.6953
10 94 43 11.1663
10 95 4009 1165.1872
10 96 1826 521.8145
10 97 210 46.6501
10 98 26 5.4272
10 99 37 8.4379
10 100 16 3.0414
10 101 220 46.6467
10 102 101 21.7782
10 103 14 2.4037
10 104 46 9.7276
10 106 17 3.7139
10 107 39 8.7702
10 108 16 3.3492
10 109 209 54.0051
10 110 22 4.7137
10 111 315 76.2160
10 112 5 1.0195
10 113 38 8.0637
10 114 115 23.7881
10 115 9 1.8894
10 116 1 0.2691
10 117 11 2.3696
10 118 3 0.6058
10 119 2 0.3486
10 120 44 10.7139
10 121 21 3.9053
10 122 10 2.3112
10 123 18 4.7108
10 124 2596 707.8941
10 125 47 10.6118
10 126 35 6.8584
10 127 563 164.3296
10 128 77 17.7229
10 129 13 2.3266
10 130 238 47.5897
10 131 32 6.4457
10 132 31 9.3291
10 133 30 5.7891
10 134 33 7.5027
10 135 45 8.9572
10 136 8 1.2197
10 137 68 16.4990
10 138 62 13.3112
10 140 477 116.9685
10 141 10 1.9417
10 142 104 29.0034
10 143 385 88.6146
10 144 21 4.3959
10 145 487 111.5077
10 146 265 55.5458
10 147 318 73.4766
10 148 380 99.9615
10 149 233 57.5776
10 151 12 2.5728
10 152 102 24.0465
10 153 30 7.5175
10 154 47 10.9000
10 155 709 175.4619
10 156 93 20.9590
10 157 169 36.1893
10 158 62 14.4073
10 159 355 90.4774
10 160 114 24.3904
10 161 245 52.6963
10 162 3 0.6622
10 163 647 163.7883
10 164 4 0.7125
10 165 2485 653.0661
10 166 216 58.8269
10 167 125 30.2666
10 168 92 21.0890
10 169 9 2.0750
10 170 935 226.4014
10 171 478 107.2367
10 172 7 1.2437
10 173 65 14.6024
10 174 3 0.4643
10 175 21 3.9731
10 176 5 1.0787
10 178 10 1.8375
10 179 1968 502.9245
10 180 8 1.9445
10 181 4 0.7995
10 182 3108 972.8156
10 184 63 11.3209
10 185 19 4.1904
10 187 33 7.3157
10 188 1544 374.1331
10 190 33 6.0928
10 191 13 2.5062
10 192 901 216.4898
10 193 919 215.6754
10 194 229 50.3253
10 195 11 2.3428
10 196 31 6.5324
10 197 29 6.8055
10 198 14 2.5864
10 199 141 27.9446
10 200 17 3.3758
10 201 291 67.3981
10 202 21 3.8499
10 203 3 0.6675
10 204 21 4.1387
10 206 1 0.1880
10 207 129 26.3277
10 208 58 14.0762
10 209 158 40.7169
10 210 403 110.1830
10 211 26 4.7252
10 212 52 10.9918
10 213 68 13.5406
10 214 8 1.2664
10 215 13 2.8773
10 216 1451 399.6908
10 217 1 0.2488
10 218 13 2.9696
10 219 21 6.6119
10 220 163 32.8631
10 221 2 0.4111
10 222 15 2.5987
10 223 28 6.3262
10 224 61 11.0796
10 225 13 3.2792
10 226 2 0.3913
10 227 539 137.3898
10 228 16 3.1897
10 229 405 90.5833
10 230 309 72.4110
10 231 6 1.1981
10 232 41 9.7190
10 233 21 4.9534
10 234 110 26.9072
10 235 31 5.9711
10 236 148 32.2397
10 237 298 82.0201
10 238 527 124.7323
10 239 28 5.9236
10 240 2 0.3191
10 241 20 3.7097
10 242 53 10.7455
10 243 70 15.2405
10 244 117 28.2087
10 245 699 174.3275
10 246 24 4.9755
10 247 18 3.6748
10 248 174 38.1452
10 249 101 21.9309
10 250 4 0.8264
10 251 143 33.0777
10 252 1 0.1718
10 253 1758 422.2992
10 254 8 1.6039
10 255 258 66.6818
10 256 144 38.6953
10 257 389 103.3537
10 258 760 191.7526
10 259 6 1.0186
10 260 3 0.6143
10 261 12 2.3825
10 262 17 4.2957
10 263 5459 1384.1123
10 264 65 15.1620
10 265 30 5.9619
10 266 347 101.6156
10 267 713 181.2958
10 268 31 7.3741
10 269 751 167.4754
10 271 3498 803.8732
10 272 12 2.3784
10 273 441 103.5650
10 274 954 251.3432
10 275 11 2.1518
10 276 1 0.2696
10 277 305 67.0764
10 278 60 13.1888
10 279 488 135.4838
10 280 10 1.9948
10 281 5 1.1055
10 282 26 4.7970
10 283 57 11.6595
10 284 3303 964.1762
10 285 18 4.2240
10 286 181 45.5011
10 287 39 9.4931
10 288 87 21.9164
10 289 76 14.9731
10 290 4 0.6304
10 291 27 5.2669
10 292 220 55.4936
10 293 33 6.4768
10 294 29 5.8709
10 295 94 20.9211
10 296 40 8.2202
10 297 910 226.9484
10 298 1125 238.8512
10 299 16 4.0283
10 300 13 2.5189
10 301 5 1.0567
10 302 848 219.1027
10 303 407 86.2157
10 304 157 33.8095
10 305 337 80.0405
10 306 412 93.6431
10 307 2532 564.6425
10 308 161 36.8430
10 309 25 4.9480
10 310 268 51.2871
10 311 87 17.2642
10 312 108 24.4240
10 313 8 1.8764
10 314 33 6.5813
10 315 128 26.7096
10 316 60 12.3123
10 317 1459 366.7766
10 318 1 0.2452
10 319 13 2.9987
10 320 547 128.4931
10 321 10 1.9014
10 322 23 6.1852
10 323 94 19.9486
10 324 578 131.9124
10 325 8 1.5696
10 326 44 10.2945
10 327 2 0.5059
10 329 4 0.8094
10 330 986 284.4362
10 331 53 10.8459
10 332 7 1.4655
10 333 31 6.5627
10 334 9 1.9108
10 335 30 8.5602
10 336 555 149.5232
10 337 56 12.5694
10 338 603 160.0424
10 339 2737 745.1140
10 340 443 101.9646
10 341 505 125.0477
10 342 19 5.7224
10 343 2047 491.7330
10 344 22 5.6958
10 345 9 1.6745
10 346 75 17.9224
10 347 1 0.2344
10 349 1509 349.6229
10 350 221 52.0814
10 352 11 1.9882
10 353 262 57.4943
10 354 23 4.3086
10 355 43 9.6266
10 356 14 3.2144
10 357 20 4.4290
10 358 20 4.0659
10 359 2 0.3794
10 361 145 29.8284
10 362 312 82.3844
10 363 18 3.2864
10 364 228 54.1852
10 365 468 99.1936
10 367 1 0.1591
10 368 10 1.6454
10 369 62 13.6939
10 370 209 50.9452
10 371 425 95.6575
10 372 594 149.3271
10 373 145 31.8466
10 374 692 190.7744
10 375 1437 336.6206
10 376 69 16.7445
10 377 1229 296.1142
10 378 768 199.2406
10 380 107 24.5371
10 381 52 12.6186
10 383 28 5.0278
11 0 253 69.4396
11 2 251 51.9875
11 3 85 16.3143
11 4 97 21.4408
11 5 669 149.9794
11 6 17 3.6079
11 7 25 6.9360
11 8 100 22.4320
11 9 12 2.3521
11 10 96 19.3661
11 11 290 68.6858
11 13 170 42.3134
11 14 315 65.0652
11 15 80 18.4228
11 16 33 6.5964
11 17 831 184.6189
11 18 199 39.7889
11 19 340 78.6451
11 20 66 18.6741
11 21 235 58.2796
11 22 21 6.1552
11 23 24 5.1265
11 24 103 31.9874
11 25 127 36.3296
11 26 722 158.2854
11 27 734 177.2496
11 28 851 205.4107
11 29 4 0.6929
11 30 188 38.6875
11 32 76 14.0332
11 33 105 27.3289
11 34 532 120.3638
11 35 632 136.9791
11 36 419 106.2192
11 37 1 0.2099
11 39 111 24.1658
11 40 3 0.6703
11 41 1428 324.5681
11 43 98 26.1428
11 44 36 7.1229
11 45 5 0.8745
11 46 541 132.0782
11 47 29 7.7354
11 48 289 71.8369
11 49 200 44.6315
11 50 1013 249.0932
11 51 22 4.1945
11 52 217 52.0522
11 54 7 1.1526
11 55 7 1.1200
11 56 218 49.4757
11 57 5 1.1275
11 58 3 0.5313
11 59 20 3.7969
11 60 328 74.5705
11 61 7 1.2541
11 62 31 6.5202
11 63 57 10.6971
11 64 244 52.1132
11 65 508 119.3461
11 66 1263 298.3685
11 67 37 6.7416
11 68 35 7.2901
11 69 3 0.5925
11 70 626 166.5687
11 71 88 17.7598
11 72 4 0.7053
11 73 353 80.1972
11 74 38 7.7907
11 75 8 2.0018
11 76 17 3.3179
11 77 1264 271.0463
11 78 1 0.2384
11 79 434 100.4707
11 80 35 6.6492
11 81 88 19.1074
11 82 54 12.8710
11 83 47 11.8045
11 84 68 13.1913
11 85 94 19.2232
11 86 58 11.3526
11 87 92 15.8793
11 88 230 50.5127
11 89 1 0.1472
11 90 534 128.5210
11 91 38 7.9622
11 92 63 14.3373
11 93 7 1.4151
11 94 46 12.4603
11 95 12 2.4828
11 96 550 142.5168
11 97 123 24.7286
11 98 3050 949.1110
11 99 1351 310.2544
11 100 55 10.2330
11 101 445 99.8793
11 102 4 0.8194
11 103 146 30.0714
11 104 14 2.6835
11 105 302 69.1310
11 106 7 1.3161
11 108 321 63.1490
11 109 4534 1504.9632
11 110 10 1.8961
11 111 86 22.0116
11 112 20 4.5276
11 113 10 1.7020
11 114 292 64.9926
11 116 116 30.1860
11 117 1 0.2298
11 118 3 0.5276
11 119 387 94.6848
11 120 28 4.9432
11 121 190 44.3005
11 122 16 3.4418
11 123 4 0.7060
11 124 178 38.5722
11 125 598 124.2140
11 126 156 36.4842
11 127 42 8.0573
11 128 216 53.9666
11 129 250 50.3757
11 130 157 33.0769
11 131 1106 268.7906
11 134 6 1.1765
11 135 93 21.3417
11 137 40 9.5502
11 138 117 22.3156
11 139 3 0.5196
11 140 98 26.8017
11 141 371 83.1320
11 142 349 83.5432
11 143 713 159.7466
11 144 96 23.0443
11 145 70 14.9892
11 146 1 0.2122
11 147 387 104.3105
11 148 1033 266.2741
11 149 37 8.0281
11 150 28 5.8778
11 151 12 2.2536
11 152 6 1.3154
11 153 70 13.0654
11 154 141 31.0050
11 155 10 1.8157
11 156 2 0.3607
11 158 16 2.6467
11 160 11 1.9366
11 161 13 2.4096
11 162 645 167.6760
11 164 471 106.7544
11 165 499 95.4691
11 166 1137 266.5592
11 167 166 41.9886
11 168 916 211.6740
11 169 1 0.2642
11 170 222 51.1856
11 171 266 60.2929
11 172 221 48.8608
11 173 9 2.2741
11 174 46 9.3116
11 175 1380 293.9574
11 176 59 11.9628
11 178 7 1.2993
11 179 33 6.7776
11 180 1631 409.5992
11 181 143 39.1275
11 182 162 33.1545
11 183 11 2.1200
11 184 28 5.6874
11 185 19 3.9231
11 186 5 0.8550
11 187 26 6.7019
11 188 2 0.4735
11 189 3202 844.4753
11 190 63 13.4985
11 191 56 13.5338
11 192 249 53.0224
11 194 50 9.7221
11 195 544 134.1442
11 196 29 6.0688
11 197 2 0.4644
11 198 648 147.3147
11 199 8 1.8256
11 200 25 7.4673
11 201 61 13.5040
11 202 40 8.8695
11 203 1662 416.1620
11 204 26 4.6476
11 205 29 6.2204
11 206 27 5.3570
11 207 16 4.3061
11 208 138 30.5267
11 209 274 62.6722
11 210 65 13.7905
11 211 22 5.0991
11 212 242 66.7071
11 213 47 9.9154
11 214 31 5.8649
11 215 109 26.0637
11 216 270 62.6297
11 218 5 1.1208
11 220 346 81.7630
11 221 1990 512.9168
11 222 71 14.8660
11 223 3 0.6295
11 224 146 38.3643
11 225 1681 469.0494
11 226 529 113.1803
11 227 1335 324.3801
11 228 34 6.6671
11 230 547 128.6242
11 231 57 10.9810
11 232 211 49.6423
11 233 2870 849.1179
11 234 11 2.1570
11 235 219 46.2340
11 236 44 9.3858
11 237 374 82.7669
11 238 2 0.4314
11 239 54 14.2227
11 240 5 1.0890
11 241 64 11.8120
11 242 192 49.7963
11 243 68 16.8448
11 244 24 5.0687
11 245 31 6.1722
11 246 19 3.4745
11 247 3 0.5859
11 248 5 1.1424
11 249 1 0.2202
11 250 19 3.1821
11 251 5 1.2367
11 252 104 23.6955
11 253 321 80.9129
11 254 41 10.4034
11 255 634 150.2625
11 256 128 29.3846
11 257 22 4.4229
11 258 8 1.9079
11 259 1514 374.6273
11 260 50 11.0068
11 261 19 5.0723
11 262 1433 348.6788
11 263 12 3.5765
11 264 1 0.2073
11 265 29 6.2657
11 266 127 27.1834
11 267 2 0.3128
11 268 11 2.0769
11 269 11 1.8528
11 270 104 21.8585
11 271 1048 221.2357
11 273 276 85.6646
11 275 38 9.9121
11 276 1 0.1748
11 277 58 11.2177
11 278 19 4.9363
11 279 287 69.6885
11 280 279 70.9923
11 281 70 12.9281
11 282 28 5.8573
11 283 75 21.0769
11 284 42 9.9323
11 285 3 0.6228
11 286 718 153.5568
11 287 100 21.0885
11 288 256 53.8260
11 289 80 20.8459
11 290 427 91.5482
11 291 1 0.2374
11 292 11 2.0146
11 293 34 6.8148
11 294 3546 893.2345
11 295 108 32.4510
11 297 373 92.9847
11 298 61 14.4952
11 299 4 0.9666
11 300 1 0.2380
11 301 2 0.3734
11 302 1038 275.1626
11 303 22 4.4702
11 304 480 109.7532
11 305 3 0.5357
11 306 304 66.9506
11 307 135 31.6746
11 308 596 145.6189
11 309 200 44.1686
11 310 182 42.2809
11 311 10 2.1174
11 313 574 146.9608
11 314 832 172.5556
11 315 102 25.9540
11 316 7 1.2990
11 317 46 8.8994
11 318 1 0.1780
11 319 105 21.7607
11 320 421 106.0177
11 321 537 129.7088
11 322 4 0.5708
11 323 20 3.9007
11 324 48 10.1058
11 325 29 8.8470
11 326 971 206.8277
11 327 664 147.7424
11 328 87 18.4450
11 329 47 11.4572
11 330 454 94.8465
11 331 38 7.1030
11 332 1038 291.2039
11 335 2 0.3382
11 336 10 1.6840
11 337 205 51.3319
11 338 289 63.9418
11 339 11 2.0138
11 340 185 39.2592
11 341 10 2.2126
11 343 1592 456.3183
11 344 80 15.2012
11 345 8065 2254.0840
11 346 1280 309.4432
11 347 15 3.0283
11 348 5 1.0160
11 349 484 113.1655
11 351 163 34.0733
11 353 615 151.3474
11 354 8 1.8451
11 355 306 69.5590
11 356 500 130.9484
11 357 673 155.9000
11 358 14 2.6485
11 359 367 87.9535
11 360 5 0.8740
11 361 46 8.8833
11 362 17 3.2301
11 363 1872 538.5556
11 364 1 0.1519
11 365 155 34.0855
11 366 11 1.8696
11 367 22 6.2696
11 368 7 1.5793
11 369 440 104.1409
11 370 311 77.4281
11 371 34 7.1074
11 374 73 17.7132
11 375 195 40.5068
11 376 82 20.3532
11 377 32 6.0449
11 378 152 33.1846
11 379 2601 669.2225
11 380 6 1.3715
11 381 42 8.3104
11 382 1 0.1970
12 0 19 4.4995
12 1 2 0.3810
12 2 20 3.9490
12 3 33 5.9319
12 4 13 2.8906
12 5 1339 322.6105
12 6 126 33.9159
12 7 15 3.6306
12 8 407 95.7720
12 9 24 4.2713
12 10 16 3.7937
12 11 154 36.7829
12 12 895 237.6615
12 13 7 1.5236
12 14 36 8.1204
12 16 705 158.8191
12 17 600 126.2554
12 18 1073 274.0379
12 19 85 15.8675
12 20 167 40.5882
12 21 29 6.0687
12 22 24 4.5304
12 23 171 34.5132
12 24 2 0.3546
12 25 1203 263.0767
12 26 2 0.3649
12 27 714 200.6904
12 28 12 2.9562
12 29 14 3.0803
12 30 19 4.6490
12 31 85 18.2208
12 32 136 37.4372
12 33 107 26.5240
12 34 342 79.0275
12 35 98 23.1992
12 36 11 3.0901
12 37 6 1.3636
12 38 72 14.4289
12 39 352 82.9554
12 40 31 7.4787
12 41 312 67.6891
12 42 975 233.9587
12 43 1 0.2001
12 44 295 76.2306
12 45 80 15.6152
12 46 180 40.0267
12 47 54 10.6135
12 48 553 117.8540
12 49 18 4.5052
12 50 9 1.6411
12 51 10 2.1533
12 52 5 0.9721
12 53 146 34.4872
12 54 30 6.3702
12 55 488 103.5759
12 56 7 1.3940
12 57 54 11.2280
12 58 1466 356.1741
12 59 94 20.7183
12 60 32 6.3038
12 62 642 168.6340
12 63 50 11.8237
12 64 188 52.8697
12 65 4 0.8398
12 66 85 19.7996
12 67 1785 462.3835
12 69 546 143.8691
12 70 9 1.8086
12 71 96 23.5861
12 72 16 3.7729
12 73 22 4.3944
12 74 115 26.5846
12 75 16 4.0571
12 76 44 8.9712
12 77 230 56.4519
12 78 83 17.6018
12 80 2 0.3825
12 81 39 8.2526
12 82 7 1.3476
12 83 84 19.3495
12 84 4 0.8392
12 85 185 40.8795
12 86 111 23.8463
12 87 544 140.8287
12 88 800 246.1115
12 89 46 10.1373
12 90 206 46.2038
12 91 2 0.3951
12 92 29 6.4953
12 93 44 10.4853
12 94 12 3.0493
12 95 2108 480.9438
12 96 99 24.6006
12 97 3 0.5748
12 98 30 7.1763
12 99 82 15.4038
12 100 472 134.6302
12 101 38 9.9925
12 102 839 180.0450
12 103 26 5.4538
12 104 412 88.9765
12 105 614 153.9341
12 106 64 16.6650
12 107 99 20.8544
12 108 18 4.1067
12 109 1328 404.3799
12 110 31 7.1260
12 111 52 15.1206
12 112 6 1.5064
12 113 55 11.5017
12 114 31 6.7107
12 115 103 22.6695
12 116 633 147.6047
12 117 5 0.9905
12 118 788 196.8450
12 119 307 65.2815
12 120 568 116.1716
12 121 16 4.3344
12 122 202 53.0645
12 123 406 108.3250
12 124 1196 313.5081
12 125 48 10.0858
12 126 662 156.7198
12 127 39 8.9337
12 128 14 2.8419
12 129 104 26.9521
12 130 4 0.7291
12 131 23 4.7201
12 132 6 1.2056
12 133 173 37.3431
12 134 834 209.1219
12 135 30 6.1120
12 136 39 7.6896
12 137 805 209.0393
12 138 401 95.1004
12 139 1525 395.5423
12 140 107 22.8129
12 141 2727 738.2982
12 142 95 18.3360
12 143 8 1.8720
12 144 32 6.6219
12 145 70 12.7527
12 146 56 11.6862
12 147 74 15.3835
12 149 3 0.5458
12 150 30 6.6286
12 151 1317 359.3100
12 152 205 38.1043
12 153 2 0.3083
12 154 37 8.3241
12 155 1002 246.9597
12 156 65 13.8781
12 157 22 4.1713
12 158 263 61.8907
12 159 188 39.2824
12 160 1 0.1951
12 161 736 163.3622
12 162 2 0.3372
12 165 2099 484.9698
12 166 17 3.4022
12 167 160 40.9067
12 168 17 4.8125
12 169 1188 273.5635
12 170 67 13.0940
12 171 458 97.3944
12 172 31 6.0276
12 173 52 11.8443
12 174 512 119.0526
12 175 18 3.9713
12 176 320 77.0607
12 178 1 0.2348
12 179 50 10.3073
12 180 1226 270.2849
12 181 12 3.0661
12 182 117 25.5286
12 183 231 51.1849
12 185 11 2.6590
12 186 119 26.9470
12 187 13 4.4383
12 188 110 24.3635
12 189 1150 283.7227
12 191 91 17.3282
12 192 63 13.6892
12 193 109 23.2731
12 194 283 71.5123
12 195 101 22.6173
12 196 1177 294.8008
12 197 1 0.1489
12 198 530 122.7995
12 199 76 15.6663
12 200 2998 855.2967
12 201 35 6.2097
12 202 64 13.2961
12 203 4 0.7111
12 204 12 2.3598
12 205 14 2.8990
12 206 2 0.3874
12 207 1841 446.1360
12 208 446 127.9960
12 209 179 43.6212
12 210 648 151.3802
12 211 32 6.4050
12 212 244 71.3289
12 213 179 38.2990
12 214 122 24.6321
12 215 65 15.6613
12 216 66 13.7629
12 217 120 27.3424
12 218 31 7.4285
12 219 52 10.7888
12 221 4043 1216.4479
12 222 110 27.5420
12 223 279 69.9570
12 224 15 3.7108
12 225 50 11.8504
12 226 7 1.3138
12 227 115 23.2356
12 228 51 10.3662
12 229 88 20.4826
12 230 68 16.0843
12 231 52 13.4076
12 232 4 0.7646
12 233 14 3.5155
12 234 6 1.1484
12 235 349 85.4957
12 236 127 26.1299
12 237 20 3.7649
12 238 22 4.2780
12 239 140 30.7097
12 240 239 57.6172
12 241 5 1.1975
12 242 133 27.1355
12 243 841 184.4649
12 245 15 2.8396
12 246 771 186.1026
12 247 28 5.8271
12 248 49 12.7689
12 249 319 73.4926
12 250 5 1.1431
12 251 42 9.7403
12 252 641 147.3461
12 253 49 11.7364
12 254 41 9.6640
12 255 394 89.8616
12 256 15 2.8222
12 257 21 4.1624
12 258 7 1.3644
12 259 12 2.2458
12 260 25 4.7965
12 261 621 150.5663
12 262 322 72.7421
12 263 127 28.1841
12 264 53 11.0993
12 265 305 69.2785
12 266 38 8.0296
12 267 19 4.6757
12 268 17 3.4964
12 269 55 13.5408
12 270 75 15.4711
12 271 113 24.2135
12 272 251 57.5006
12 273 8 1.9161
12 274 46 8.7627
12 275 5 1.2035
12 276 8 1.5647
12 277 60 11.2520
12 278 1636 428.0887
12 279 912 242.2839
12 280 747 188.3132
12 282 2 0.4769
12 283 608 157.8481
12 284 248 63.7974
12 285 88 15.4126
12 287 1090 276.3926
12 288 7 1.3052
12 289 21 5.0222
12 290 16 3.9398
12 291 28 5.4921
12 292 146 35.3737
12 293 254 57.0146
12 294 148 35.0885
12 295 528 146.8416
12 296 3 0.7853
12 297 12 2.7958
12 298 239 65.8739
12 299 43 9.0670
12 300 595 143.2923
12 301 49 9.3511
12 302 67 16.4358
12 304 7 1.3513
12 305 7 1.4381
12 306 3857 1068.2040
12 307 169 41.1761
12 308 602 162.5593
12 309 1 0.1689
12 310 27 5.7730
12 311 202 46.2574
12 312 954 229.0072
12 313 1 0.2495
12 314 286 68.2115
12 316 4223 1086.1159
12 317 59 12.6683
12 318 13 2.4454
12 319 21 4.9654
12 320 376 86.6227
12 321 1 0.2341
12 322 1 0.2181
12 323 115 23.1685
12 324 41 9.1355
12 325 2 0.3735
12 326 75 14.2868
12 327 33 9.2184
12 328 31 7.1150
12 329 862 202.7908
12 330 73 13.6858
12 331 1470 402.9337
12 332 198 45.9768
12 333 460 123.2322
12 334 343 71.0979
12 335 51 13.5990
12 336 65 14.5358
12 337 540 144.6717
12 338 157 34.9165
12 339 918 242.0065
12 340 1759 434.8390
12 341 19 3.4296
12 342 4 0.7122
12 343 16 3.1075
12 344 1 0.1691
12 345 2356 689.4692
12 347 20 5.0760
12 348 75 17.8939
12 349 2579 653.9085
12 350 185 37.2316
12 351 19 3.8675
12 352 2 0.4411
12 353 50 9.7022
12 354 148 41.2531
12 355 1 0.1857
12 356 12 2.8660
12 357 5 1.1098
12 358 627 131.2467
12 359 1 0.1548
12 360 70 15.5386
12 361 23 4.6501
12 362 277 67.2016
12 363 9 1.7159
12 364 55 10.7292
12 366 373 93.2686
12 367 90 16.7637
12 368 22 4.4911
12 369 390 110.7982
12 370 6 1.1129
12 371 5 0.9448
12 372 279 59.0471
12 373 5 1.0326
12 374 24 4.6465
12 376 69 14.3252
12 377 25 5.4847
12 378 1 0.2185
12 379 1051 249.2707
12 380 155 36.6972
12 381 1527 410.0806
12 382 77 17.9155
12 383 320 64.4618
13 0 76 17.6358
13 1 291 88.3004
13 2 16 3.7914
13 3 95 19.1595
13 4 205 49.3428
13 5 330 78.7586
13 6 1235 317.5925
13 7 4 0.6800
13 8 75 16.6481
13 9 322 74.7430
13 10 1886 428.7617
13 11 96 26.3366
13 12 1691 389.8861
13 13 88 19.8068
13 14 3 0.5647
13 15 1000 228.1339
13 16 33 6.4321
13 17 17 3.0438
13 18 136 32.0802
13 19 228 55.4330
13 20 136 35.5759
13 21 317 77.3401
13 22 30 6.1880
13 23 57 17.1748
13 24 23 7.1617
13 25 19 3.5410
13 26 113 28.9590
13 27 25 5.0826
13 28 138 30.9369
13 29 494 120.5443
13 30 29 5.3360
13 31 56 11.2996
13 32 137 28.3013
13 33 44 11.1192
13 34 1791 432.5103
13 35 63 14.4115
13 36 555 136.0764
13 37 15 3.0208
13 38 26 5.7564
13 39 110 22.4487
13 40 97 30.8017
13 41 967 249.5655
13 42 39 10.9121
13 43 160 35.7035
13 44 482 117.1601
13 45 505 113.7921
13 46 431 108.0453
13 47 153 35.0646
13 48 43 8.7407
13 49 136 28.0566
13 50 90 26.1689
13 51 28 8.0491
13 52 3 0.5644
13 53 68 15.7969
13 54 1107 272.7481
13 55 3 0.6109
13 56 53 11.4498
13 57 1377 354.1586
13 58 323 84.7030
13 59 191 45.9420
13 60 399 99.0843
13 61 473 101.8345
13 62 13 2.4432
13 63 188 39.6934
13 64 60 14.6060
13 66 45 14.5918
13 67 21 5.1001
13 68 5 0.9356
13 69 1345 367.1661
13 70 37 8.1758
13 71 2814 658.2119
13 73 650 156.3938
13 74 19 3.8445
13 75 19 4.0814
13 76 312 68.8786
13 77 39 10.0393
13 78 137 35.1835
13 79 92 18.1278
13 80 4 0.7789
13 81 9 1.5093
13 82 24 7.7750
13 83 245 46.2618
13 84 17 3.3229
13 85 8 1.3310
13 86 216 57.9522
13 87 92 26.2479
13 88 244 59.5865
13 89 422 95.3553
13 90 221 47.0710
13 91 58 13.9096
13 92 1301 316.2940
13 93 88 17.7100
13 94 515 121.2081
13 95 208 44.3592
13 96 55 10.8318
13 97 77 15.0540
13 98 290 74.3511
13 99 133 29.6196
13 101 23 4.6924
13 102 9 1.7505
13 103 45 8.3596
13 104 473 112.2884
13 105 182 42.5232
13 106 66 14.7052
13 107 4 0.7445
13 108 15 3.1653
13 109 869 239.4589
13 110 50 11.1698
13 111 74 19.5354
13 112 56 12.7350
13 113 12 2.9324
13 114 1958 501.3606
13 115 909 230.1223
13 116 80 15.1467
13 117 1 0.1693
13 118 68 13.3569
13 120 551 135.9385
13 121 406 87.2340
13 122 9 1.7296
13 123 27 7.0150
13 124 158 34.4568
13 125 77 15.8234
13 126 23 5.5977
13 127 252 62.7121
13 128 312 77.2485
13 129 87 18.5271
13 130 76 14.5701
13 132 2009 504.9692
13 133 7 1.2036
13 134 16 2.8499
13 136 938 194.5841
13 137 106 27.5943
13 138 29 6.0155
13 139 6 1.1986
13 140 6 1.2774
13 141 73 17.2188
13 142 311 66.3261
13 143 498 197.8215
13 144 3 0.6620
13 145 65 14.1379
13 146 76 15.8749
13 147 49 12.0127
13 148 87 20.9028
13 149 3 0.7283
13 150 569 145.6001
13 151 45 11.0276
13 152 29 6.5306
13 153 21 5.0100
13 154 26 6.4915
13 155 5 1.0340
13 156 52 10.1564
13 157 4551 1110.4251
13 158 16 2.9686
13 159 1386 358.7413
13 160 55 11.8051
13 161 148 29.5611
13 162 47 8.9014
13 163 18 3.4385
13 164 6 1.5682
13 165 64 12.7993
13 166 31 7.9807
13 167 193 44.8593
13 168 239 57.5267
13 169 13 4.0603
13 170 143 27.1924
13 171 4 0.6241
13 172 85 18.2440
13 173 14 2.3763
13 174 49 11.2268
13 175 87 20.3888
13 176 821 199.4466
13 177 595 140.3562
13 178 1454 337.8461
13 179 1 0.1860
13 180 529 131.2327
13 181 83 16.5328
13 182 20 7.4305
13 183 2 0.3090
13 184 24 4.2130
13 185 31 5.4798
13 186 10 2.0652
13 187 96 22.2462
13 188 2249 525.4660
13 189 59 11.0178
13 190 118 33.1869
13 191 47 10.9214
13 192 689 186.4711
13 193 695 245.6055
13 194 44 11.1536
13 195 926 204.8760
13 196 1 0.0544
13 197 146 31.8833
13 198 35 7.8789
13 199 270 67.7056
13 200 96 19.7830
13 201 222 50.2708
13 202 91 20.2723
13 203 189 42.2616
13 204 56 12.9451
13 205 2203 581.0928
13 206 314 71.9769
13 207 761 189.5870
13 208 152 30.1864
13 209 56 12.8666
13 210 323 74.5492
13 211 66 14.1660
13 212 56 17.6624
13 213 7 1.2782
13 214 69 14.1506
13 215 692 160.6120
13 216 49 10.3216
13 217 15 4.1651
13 218 669 138.6263
13 219 440 89.3965
13 220 209 58.7004
13 221 75 16.9835
13 222 23 6.3900
13 223 163 37.8905
13 224 25 5.1524
13 225 246 54.5845
13 226 54 12.1322
13 227 15 3.3553
13 228 22 4.2640
13 229 17 3.3792
13 230 1596 564.6790
13 231 5 0.8228
13 232 54 14.3441
13 233 1 0.1674
13 234 31 6.9469
13 235 848 215.6663
13 236 29 6.5729
13 237 84 18.6667
13 238 31 6.0940
13 239 22 4.7135
13 240 6 0.9899
13 241 1 0.1378
13 242 42 7.4011
13 243 582 137.6052
13 244 2 0.3512
13 245 131 26.0950
13 246 561 121.7319
13 247 30 6.3788
13 248 2160 537.6015
13 249 1141 372.5173
13 250 3 0.6681
13 251 1917 530.9753
13 252 138 29.6285
13 253 48 12.0383
13 254 168 38.0792
13 255 113 26.9265
13 256 36 6.6143
13 257 12 2.1015
13 258 332 68.3335
13 259 657 141.5847
13 260 885 220.3898
13 261 59 11.7993
13 262 41 8.2699
13 263 240 51.8452
13 264 152 31.2396
13 265 129 24.4204
13 266 146 50.1282
13 267 30 6.4165
13 268 15 3.3404
13 269 47 10.3258
13 270 15 2.9812
13 271 929 288.0154
13 272 1615 415.9314
13 273 25 5.5101
13 274 67 19.3324
13 275 1 0.1631
13 276 20 4.1133
13 277 1 0.1664
13 278 131 30.7361
13 279 2491 683.9077
13 280 1054 281.7795
13 281 430 124.0343
13 282 20 3.7364
13 283 3 0.6936
13 284 8 1.6791
13 285 1730 458.2339
13 286 48 14.1692
13 287 451 119.7705
13 288 28 7.8746
13 289 42 9.0829
13 290 22 4.3867
13 291 53 10.0596
13 292 22 6.1538
13 293 760 192.3851
13 294 26 5.1277
13 295 22 4.8475
13 296 7 1.3948
13 297 51 12.2664
13 298 274 67.5892
13 299 37 7.0839
13 300 10 1.9563
13 301 12 2.3616
13 302 1 0.2527
13 303 97 22.1114
13 304 13 2.8322
13 305 519 121.3301
13 306 260 59.7087
13 307 5 0.9406
13 308 24 4.1603
13 309 156 39.9008
13 310 1079 278.8350
13 311 689 174.8181
13 312 62 13.9640
13 313 79 18.9069
13 314 97 23.8380
13 315 392 86.2921
13 316 227 50.5266
13 317 4 0.6844
13 318 1385 345.2273
13 319 54 12.9070
13 320 3 0.9190
13 322 1826 394.1073
13 323 68 15.2170
13 324 518 117.9385
13 325 8 1.6237
13 326 505 130.9885
13 327 70 17.1126
13 328 54 10.7194
13 329 10 1.8007
13 330 9 1.7251
13 331 72 13.5344
13 332 15 2.9690
13 333 58 12.8134
13 334 16 2.9754
13 335 352 73.9922
13 336 4213 1270.4832
13 337 169 41.5507
13 338 260 71.0099
13 339 7 1.3492
13 340 315 69.4824
13 341 37 6.6129
13 342 167 34.6206
13 343 24 4.7803
13 344 27 6.0237
13 345 1599 428.7333
13 346 22 5.7252
13 347 67 15.6221
13 348 40 10.2879
13 349 2 0.3440
13 350 16 3.1677
13 351 18 3.4448
13 352 31 5.6428
13 353 263 70.1772
13 354 4 0.7088
13 355 174 36.3718
13 356 152 35.0884
13 357 123 23.9284
13 358 44 9.7722
13 359 204 45.1653
13 360 501 120.8609
13 361 224 50.3291
13 362 6 1.1236
13 363 1026 287.9244
13 364 131 30.4240
13 365 4 0.7097
13 366 47 10.2467
13 367 118 27.8740
13 368 119 23.1664
13 369 34 8.9055
13 370 103 22.0958
13 371 42 12.9675
13 372 57 17.8376
13 373 128 25.7026
13 374 92 20.6109
13 375 28 5.0881
13 376 420 87.5225
13 377 153 35.9093
13 378 68 14.9303
13 380 33 9.0057
13 381 250 74.9778
13 382 3 0.5730
13 383 12 2.0757
14 0 1 0.2086
14 1 61 15.0428
14 2 232 53.2279
14 3 501 130.4998
14 4 2 0.3762
14 5 177 39.2263
14 6 40 9.2566
14 7 1 0.1187
14 8 3 0.4972
14 9 3 0.6307
14 10 88 19.5751
14 11 466 123.1596
14 12 42 7.6725
14 13 26 5.0897
14 14 170 36.4055
14 15 11 2.1477
14 16 1899 490.9639
14 17 426 95.2968
14 18 708 177.0746
14 19 57 10.2549
14 20 15 3.2168
14 21 1 0.3174
14 22 16 5.3710
14 23 60 14.3876
14 24 32 6.5287
14 25 22 5.7637
14 26 1575 382.2921
14 27 764 175.5324
14 28 569 132.9381
14 29 39 9.1412
14 30 1292 345.9469
14 31 1487 393.6990
14 32 14 4.0588
14 33 17 3.3434
14 34 77 14.7295
14 35 125 24.6930
14 36 125 24.8009
14 37 1469 375.5891
14 38 24 5.2706
14 39 32 6.9537
14 40 29 6.6650
14 41 38 7.1544
14 42 26 4.8978
14 43 2019 565.0017
14 44 8 1.8931
14 45 300 71.0742
14 46 10 2.3298
14 47 54 11.6051
14 48 828 192.0337
14 49 47 9.1187
14 50 13 2.4099
14 51 576 144.9469
14 52 25 5.5500
14 53 4 0.8497
14 54 509 103.0627
14 55 5 0.9639
14 56 65 16.0679
14 57 1553 338.7578
14 58 114 29.1071
14 59 113 26.9280
14 60 11 1.9554
14 61 66 15.1741
14 62 602 117.0005
14 63 83 21.4840
14 64 265 52.6218
14 65 12 2.4947
14 66 6 1.5288
14 67 1124 271.0365
14 68 5 1.2747
14 69 48 9.5956
14 70 23 5.5034
14 71 110 23.2841
14 72 2 0.5088
14 73 53 11.3836
14 74 301 74.3881
14 75 25 5.0766
14 76 138 28.8121
14 77 425 99.6355
14 78 53 11.6171
14 79 106 18.3038
14 80 90 21.4315
14 81 49 9.6054
14 82 3 0.5911
14 83 48 11.4537
14 84 2186 568.9038
14 85 132 36.0771
14 86 9 2.0118
14 87 15 3.1571
14 88 69 17.1627
14 89 3 0.7908
14 90 216 53.8022
14 91 136 25.3967
14 92 62 15.1637
14 93 109 29.0121
14 94 26 6.7560
14 95 3 0.6566
14 96 552 146.1325
14 97 9 1.9559
14 98 538 129.1139
14 99 589 131.0704
14 100 16 4.5135
14 102 6 1.3143
14 103 174 44.4928
14 104 372 77.2281
14 106 33 6.6533
14 107 55 11.8194
14 108 82 16.6173
14 109 401 100.9765
14 110 35 7.6133
14 111 1 0.1722
14 112 45 8.7890
14 113 11 2.8149
14 114 27 9.8577
14 115 2 0.3707
14 116 8 1.8503
14 117 20 4.0022
14 118 26 5.5459
14 119 8 1.3641
14 120 1 0.1736
14 121 2 0.3900
14 122 466 106.4951
14 123 27 5.5577
14 124 13 2.8524
14 125 6 1.1327
14 126 57 13.2010
14 127 31 7.7554
14 128 111 26.3224
14 129 282 64.0248
14 130 1 0.2096
14 131 86 17.1014
14 132 26 5.5563
14 133 6 1.1768
14 134 88 19.9874
14 135 4846 1160.9763
14 136 9 1.7258
14 137 76 14.6763
14 138 10 2.2135
14 139 303 65.9385
14 140 19 3.1453
14 141 2 0.4370
14 142 49 11.9801
14 144 31 6.1107
14 145 405 101.0876
14 146 527 112.9587
14 147 19 3.9066
14 148 10 1.8553
14 149 63 14.9661
14 151 198 44.5694
14 152 25 5.9576
14 153 14 3.7302
14 154 2 0.3365
14 155 58 12.1923
14 156 2 0.4998
14 157 366 79.3340
14 158 276 66.7174
14 159 458 94.0768
14 160 5 1.2380
14 161 68 14.6845
14 162 481 113.4240
14 163 32 7.0911
14 164 5 1.0623
14 165 152 32.8240
14 166 19 3.7376
14 167 41 9.4317
14 168 19 4.5068
14 169 14 4.8592
14 170 896 225.5557
14 171 495 160.5324
14 172 151 37.7198
14 173 719 169.2563
14 174 11 2.3193
14 175 13 2.8982
14 176 3 0.6548
14 177 9 2.1950
14 178 1 0.1871
14 179 662 180.5395
14 180 6 1.2065
14 181 8 1.6810
14 182 6 1.2705
14 183 150 36.8568
14 184 1 0.2210
14 185 17 3.3562
14 186 11 1.9368
14 187 4 0.7248
14 189 2179 529.8319
14 190 125 30.0958
14 191 19 3.4956
14 192 158 36.1949
14 193 71 14.4530
14 194 41 8.1671
14 195 196 42.7739
14 196 21 3.5772
14 197 472 105.8177
14 198 7 1.1806
14 199 14 3.5573
14 200 96 20.7778
14 201 634 155.5490
14 202 21 5.7030
14 203 121 26.1706
14 204 1173 297.4259
14 205 17 3.2122
14 206 46 9.4385
14 207 273 53.6531
14 208 1 0.1851
14 209 618 148.5181
14 210 367 76.6952
14 211 4 0.8252
14 212 4774 1593.3567
14 213 1711 435.0826
14 214 39 9.3587
14 215 59 13.3638
14 216 1754 417.4814
14 217 426 96.5515
14 218 32 6.7055
14 219 13 2.5880
14 221 204 44.7658
14 222 14 2.7348
14 223 161 37.0470
14 224 62 12.7198
14 225 391 77.5179
14 226 4275 964.4214
14 227 113 22.3870
14 228 645 192.6329
14 229 17 4.0227
14 230 114 22.7215
14 231 229 51.0097
14 232 612 152.6464
14 233 6 1.1743
14 234 231 51.4531
14 235 53 11.8298
14 236 35 6.2928
14 237 221 52.6445
14 238 137 29.0421
14 239 321 74.6312
14 240 75 19.6022
14 241 53 13.4322
14 242 366 92.4494
14 243 435 109.2838
14 244 145 32.5194
14 245 801 212.0044
14 248 382 88.2762
14 249 83 16.7635
14 250 34 9.6139
14 251 354 77.3055
14 252 1253 298.1371
14 253 3 0.3738
14 254 2071 461.4557
14 255 4274 1192.8132
14 256 942 211.0724
14 257 12 2.7067
14 258 25 7.5978
14 259 20 3.9605
14 261 92 17.6528
14 262 58 13.3362
14 263 732 200.9271
14 264 3 0.6091
14 265 722 182.6115
14 267 7 1.2522
14 268 23 4.6741
14 270 14 3.1581
14 272 21 5.3054
14 273 81 20.1505
14 274 4 0.5232
14 275 6 1.1806
14 276 5 0.9364
14 277 362 89.9869
14 278 130 26.9190
14 279 104 26.8046
14 280 32 7.4342
14 281 8 1.3969
14 283 343 90.2447
14 284 63 12.5980
14 285 10 2.0219
14 286 223 44.8531
14 287 1060 283.8971
14 288 167 31.9530
14 289 78 19.7185
14 290 3 0.5355
14 291 118 26.3394
14 292 10 2.5853
14 294 303 65.0482
14 295 25 6.5710
14 296 26 4.9426
14 297 12 2.1370
14 298 22 4.7239
14 299 821 191.7460
14 300 15 2.7529
14 301 115 25.8510
14 302 4 0.7860
14 303 1098 262.8004
14 304 401 81.5107
14 305 69 15.4686
14 306 335 77.0019
14 307 1182 283.5572
14 308 264 56.4588
14 309 189 45.5439
14 310 271 63.0097
14 312 4 0.6884
14 313 5 1.0898
14 314 4 0.8472
14 315 367 95.2635
14 316 1223 463.5158
14 317 28 5.9612
14 318 1207 328.5055
14 319 2 0.4186
14 320 6 1.1375
14 321 2941 811.0190
14 322 55 12.0002
14 323 1387 366.9198
14 324 254 60.9883
14 325 421 98.4072
14 327 263 63.5287
14 329 2 0.4075
14 330 801 182.2045
14 331 67 19.3900
14 332 776 179.2616
14 333 95 21.1738
14 334 31 5.8304
14 335 66 13.0779
14 336 20 4.2877
14 337 38 8.2318
14 339 47 9.2417
14 341 4 0.9250
14 342 893 206.7266
14 343 465 109.2494
14 344 165 37.6040
14 345 674 164.5030
14 346 2076 584.2227
14 347 618 182.3460
14 349 445 106.7712
14 350 12 2.4402
14 351 116 22.4920
14 352 119 28.7195
14 353 119 34.8070
14 354 158 46.3247
14 355 42 11.8122
14 356 8 1.4926
14 357 812 211.4820
14 358 150 33.8872
14 359 221 41.6427
14 360 7 1.3459
14 361 15 2.8726
14 362 1 0.2211
14 363 18 3.4739
14 364 50 12.1319
14 365 19 4.3937
14 366 11 2.9440
14 367 25 5.8809
14 368 913 193.1735
14 369 4 0.7391
14 370 52 11.2522
14 371 103 36.0578
14 372 29 5.1893
14 373 510 167.8673
14 374 21 3.8102
14 375 1081 252.9719
14 376 610 148.3824
14 377 36 8.6666
14 378 598 155.3644
14 379 8 2.0934
14 380 94 22.5066
14 381 99 24.0771
14 383 368 86.6169
15 0 3028 813.0385
15 1 148 36.6084
15 2 71 13.8784
15 3 410 77.3789
15 4 6 1.1626
15 5 3 0.6949
15 6 94 17.3035
15 7 52 12.0195
15 8 2057 417.9932
15 9 17 4.2162
15 10 111 22.8573
15 11 48 8.4867
15 12 62 9.4738
15 13 104 20.3689
15 14 586 208.3527
15 15 202 47.3925
15 16 307 107.9397
15 17 4 0.7779
15 18 25 6.8863
15 19 50 14.8734
15 20 327 101.5765
15 21 36 11.0197
15 22 2597 702.4159
15 23 170 41.2705
15 25 43 8.3161
15 26 2057 454.6992
15 27 19 3.5329
15 28 895 181.5396
15 29 3 0.5395
15 31 1 0.1169
15 32 48 9.3327
15 33 80 21.4956
15 34 1 0.1376
15 35 249 59.2512
15 36 200 33.2047
15 37 232 45.3967
15 38 152 33.4392
15 39 221 64.7559
15 40 32 6.5426
15 42 190 43.4262
15 43 38 7.3354
15 44 33 7.1775
15 45 43 12.5037
15 46 58 12.1310
15 47 377 91.9196
15 48 1 0.2217
15 49 381 78.2315
15 50 1300 481.3903
15 51 84 15.4540
15 52 91 22.1395
15 53 4 0.4595
15 54 92 25.0525
15 55 1 0.1833
15 56 3 0.4609
15 57 288 103.5503
15 58 428 158.4838
15 59 56 11.7034
15 60 47 11.1350
15 61 10 1.7054
15 62 1766 649.0633
15 63 19 2.8115
15 64 23 3.7020
15 65 84 28.3671
15 67 2 0.2133
15 68 118 25.7381
15 69 6332 1756.6096
15 70 89 17.1730
15 71 1 0.1930
15 72 16 2.4481
15 73 15 2.0058
15 74 749 155.5609
15 75 199 47.2907
15 76 772 210.7325
15 77 52 12.4984
15 78 21 3.8535
15 79 46 12.5215
15 80 97 16.8379
15 81 13 2.4651
15 82 303 53.8116
15 83 1501 310.7465
15 84 2 0.3148
15 85 33 6.8607
15 86 106 37.1388
15 87 1983 605.9917
15 88 108 26.3367
15 89 6 1.1964
15 90 4 0.8033
15 91 152 30.4648
15 92 179 33.7796
15 93 381 86.1879
15 94 32 5.9420
15 95 277 56.8897
15 96 59 14.1294
15 97 385 79.0801
15 98 29 6.1301
15 99 2823 1017.0482
15 100 30 7.8148
15 101 17 3.4849
15 102 117 24.1229
15 103 472 123.4427
15 104 1018 282.7352
15 105 5 0.6447
15 106 32 9.0233
15 107 6 1.1689
15 108 17 3.4786
15 109 27 4.5704
15 110 40 6.8871
15 111 923 230.7504
15 112 742 154.5567
15 113 42 7.1782
15 114 157 34.7125
15 115 50 10.2932
15 116 6 0.9629
15 117 4 0.7419
15 118 74 18.0996
15 119 271 68.4016
15 120 52 10.1906
15 121 879 184.0139
15 122 44 14.1088
15 123 184 34.8321
15 124 29 5.5033
15 125 318 101.0701
15 126 773 201.0195
15 128 5 0.7776
15 129 136 31.4528
15 130 1109 356.7046
15 131 32 11.3750
15 132 13 2.2408
15 133 2654 674.4260
15 134 28 5.1110
15 135 468 93.3531
15 136 259 57.5519
15 137 207 48.6208
15 138 8 1.4193
15 139 33 10.0886
15 140 121 28.6129
15 141 833 209.4980
15 142 19 4.0826
15 143 31 6.3448
15 144 258 62.5102
15 145 199 37.4545
15 146 1485 428.4434
15 147 298 65.6727
15 148 216 47.2003
15 149 231 42.2213
15 150 31 5.9059
15 151 197 38.5880
15 152 32 7.6269
15 153 102 19.1924
15 154 131 35.7527
15 155 258 46.4738
15 156 53 10.3790
15 157 171 34.9419
15 158 396 150.3375
15 159 39 13.4848
15 160 40 7.6557
15 161 685 243.5007
15 162 614 140.5503
15 163 40 7.5493
15 164 16 2.0863
15 165 187 37.0999
15 166 33 6.2191
15 167 2516 749.5799
15 168 128 23.1680
15 169 351 94.6204
15 170 719 169.5934
15 171 1020 263.3255
15 172 36 11.6971
15 173 2 0.4360
15 174 1800 454.5105
15 175 3 0.6038
15 176 153 35.0033
15 177 5484 1307.7232
15 178 384 84.3857
15 179 103 28.7877
15 180 25 5.5490
15 181 271 56.2590
15 182 140 28.4138
15 183 14 2.8775
15 184 199 40.5355
15 186 40 15.6521
15 187 2054 410.8523
15 188 35 7.5322
15 189 32 6.1417
15 190 227 46.1020
15 191 20 3.6446
15 192 153 25.5822
15 193 102 15.8459
15 194 35 7.2149
15 195 25 6.9451
15 196 293 69.3761
15 197 15 3.8202
15 198 14 2.4031
15 199 215 58.6237
15 200 530 97.5723
15 201 577 125.1134
15 202 291 54.2384
15 203 134 25.7215
15 204 33 6.3068
15 205 42 6.1015
15 206 71 14.8565
15 207 136 27.4140
15 208 132 27.0947
15 209 89 25.3531
15 210 233 44.4397
15 211 70 16.1999
15 212 353 71.7570
15 213 2343 459.6604
15 214 21 3.7202
15 215 73 17.1878
15 216 5 0.8230
15 217 39 8.5182
15 218 263 46.5271
15 219 238 47.4356
15 220 21 4.9322
15 221 143 33.0002
15 222 46 10.9003
15 223 1123 253.4450
15 224 8 2.0974
15 225 6 0.9386
15 226 73 13.2217
15 227 13 2.6069
15 228 264 52.8367
15 229 68 13.9957
15 230 6 0.8376
15 231 21 3.7653
15 232 179 39.6598
15 233 288 57.5602
15 234 3 0.1400
15 235 307 59.1370
15 236 513 118.0414
15 237 72 12.1720
15 238 8 1.3983
15 239 38 7.0017
15 240 72 14.8596
15 241 21 3.1820
15 242 12 2.3259
15 243 15 2.8278
15 244 2 0.2483
15 245 70 15.4957
15 246 1 0.1420
15 247 18 2.9129
15 248 49 14.9244
15 249 12 3.8996
15 250 1209 279.8645
15 251 116 22.5534
15 252 32 5.6804
15 253 14 2.7090
15 254 121 25.0922
15 255 386 92.0471
15 256 37 6.7470
15 257 8 2.3460
15 258 48 13.4258
15 259 5 0.9374
15 260 62 11.2480
15 261 198 37.8440
15 262 14 1.9590
15 263 176 32.8923
15 264 39 8.2011
15 265 74 14.0038
15 266 116 25.2283
15 267 102 23.4229
15 268 1718 339.1217
15 269 727 195.6881
15 270 47 11.1004
15 271 344 70.2743
15 272 213 40.2916
15 273 6 0.9419
15 274 58 17.6259
15 275 9 1.5871
15 276 24 4.5699
15 277 3 0.3588
15 278 10 1.7775
15 280 222 59.6009
15 281 611 195.6280
15 282 121 23.2329
15 283 76 27.3934
15 284 28 4.8073
15 285 4 0.6480
15 286 1 0.1594
15 287 74 13.3926
15 288 147 26.9033
15 289 43 13.7154
15 290 2 0.3999
15 291 668 142.0784
15 292 49 10.5388
15 293 100 25.9098
15 294 5 2.9399
15 295 33 6.4828
15 296 192 30.5505
15 297 22 4.4389
15 298 69 18.3795
15 299 254 56.5916
15 300 6 1.0170
15 301 396 86.1941
15 302 22 6.0281
15 303 325 62.7529
15 304 36 9.0067
15 305 46 7.9817
15 307 1936 451.9738
15 308 183 70.9224
15 309 156 38.0565
15 310 443 84.6957
15 311 23 4.0461
15 312 107 21.0575
15 313 23 6.0407
15 314 242 48.4303
15 315 39 7.1053
15 316 375 167.2981
15 317 88 18.2974
15 318 22 4.3637
15 319 366 92.9610
15 320 81 18.1397
15 321 316 116.3005
15 322 112 22.0930
15 323 25 4.5690
15 324 44 15.1146
15 325 174 32.3576
15 326 898 226.2711
15 327 21 3.2358
15 328 328 77.2124
15 329 84 17.7466
15 330 37 8.5190
15 331 103 28.5908
15 332 55 8.4505
15 333 21 8.3790
15 334 129 26.0945
15 335 55 10.9473
15 336 122 27.0225
15 337 377 123.7353
15 338 40 10.3667
15 339 313 58.8719
15 340 3 0.4836
15 341 72 18.9444
15 342 6 1.0199
15 343 15 2.7784
15 344 10 1.1892
15 345 2 0.1463
15 346 375 66.4964
15 347 3 0.4928
15 348 477 98.8174
15 349 72 18.1736
15 350 11 1.7171
15 351 110 21.6380
15 352 1073 220.8007
15 353 78 14.6004
15 354 13 2.5232
15 355 71 15.7379
15 356 2756 591.2883
15 357 287 58.5809
15 358 168 31.7812
15 359 576 114.8939
15 360 70 16.0802
15 361 1340 484.0090
15 362 80 15.1019
15 363 656 137.9765
15 364 24 4.2879
15 365 31 4.9947
15 366 160 30.8635
15 367 94 22.9724
15 368 24 5.1229
15 369 117 22.2115
15 370 59 13.3088
15 371 75 22.2137
15 372 278 114.3111
15 373 48 10.1342
15 374 22 8.1453
15 375 313 95.5604
15 376 3 0.9717
15 377 118 38.3970
15 378 202 55.8232
15 379 3 0.2471
15 380 125 24.1064
15 381 30 5.9001
15 382 35 7.5298
15 383 69 15.6737
16 0 7 1.1383
16 1 207 46.6348
16 2 37 7.6544
16 3 390 84.1930
16 4 169 42.5314
16 5 631 142.1017
16 6 101 23.9048
16 7 14 3.0592
16 8 314 73.5939
16 9 10 1.9641
16 10 854 215.6882
16 11 967 265.8330
16 12 27 5.8061
16 15 186 40.4645
16 16 9 1.6578
16 17 19 3.8867
16 19 430 102.1223
16 20 1569 382.5082
16 21 62 12.1420
16 22 34 6.7425
16 23 432 109.1822
16 24 32 8.1158
16 25 147 33.5115
16 26 1 0.2375
16 27 297 69.0938
16 28 1696 440.0416
16 29 214 52.9647
16 30 2342 626.9598
16 32 137 28.2136
16 33 8 1.6077
16 34 97 23.6624
16 35 68 14.2373
16 36 23 4.5455
16 37 28 5.7027
16 38 322 77.9369
16 39 3 0.6357
16 40 40 8.3011
16 41 316 61.8597
16 42 19 4.1317
16 43 1175 326.4434
16 44 6 1.5575
16 45 2 0.5128
16 46 909 220.4598
16 47 156 37.5810
16 48 189 44.0884
16 49 3 0.6131
16 50 1 0.2535
16 51 16 4.0344
16 52 95 21.0378
16 53 4 0.6638
16 54 712 173.2249
16 55 473 123.0297
16 56 219 47.8785
16 58 264 53.7069
16 59 54 10.8446
16 60 263 57.2075
16 61 358 82.5589
16 62 255 61.1395
16 63 2 0.1841
16 64 30 7.2404
16 65 6 1.1195
16 66 1033 249.4126
16 68 276 74.5091
16 70 1755 383.5755
16 71 178 47.4306
16 72 156 40.5241
16 73 108 24.7482
16 74 1417 340.1364
16 75 72 21.2271
16 77 121 25.1797
16 78 757 192.4420
16 79 40 7.9059
16 80 7 1.3548
16 82 47 9.0089
16 83 4 0.7659
16 84 1901 571.9700
16 85 38 8.5472
16 86 157 31.2678
16 88 58 12.6648
16 89 226 54.5452
16 90 2 0.3669
16 91 2 0.3982
16 92 1 0.1546
16 93 587 122.7811
16 94 252 49.2596
16 95 53 10.4316
16 96 321 92.3644
16 97 261 63.8975
16 98 357 92.6852
16 100 243 56.2386
16 101 5 1.1216
16 102 649 167.5700
16 103 202 43.0236
16 104 34 7.1936
16 105 454 116.4932
16 106 335 75.2261
16 107 3 0.6799
16 108 73 19.0645
16 109 226 48.0974
16 110 21 4.0970
16 111 1560 384.6939
16 112 10 2.0065
16 115 10 2.1722
16 116 92 21.1587
16 117 284 67.0100
16 118 4 0.7604
16 119 3948 1112.0683
16 120 120 30.7217
16 121 48 9.7416
16 122 1045 261.4257
16 123 18 4.0918
16 124 131 28.3923
16 125 324 69.6290
16 126 733 184.8759
16 127 13 3.5452
16 129 154 32.4113
16 130 1248 266.5397
16 131 7 1.6792
16 132 2 0.4605
16 133 1161 275.5688
16 134 24 4.3295
16 135 1 0.1309
16 136 116 25.2986
16 137 30 6.6302
16 138 25 4.5880
16 139 4 0.9481
16 140 8 1.3037
16 141 1 0.2004
16 142 4202 1159.7042
16 143 6 1.0450
16 144 1 0.1789
16 146 18 3.5957
16 147 113 23.4182
16 148 1 0.1573
16 149 43 10.0519
16 150 235 50.8896
16 152 489 127.1490
16 154 119 31.5707
16 155 597 156.4438
16 156 285 66.2338
16 157 903 230.1432
16 158 3 0.5816
16 159 8 1.3158
16 160 15 3.3585
16 161 12 2.2382
16 162 308 72.7835
16 163 80 19.7484
16 164 34 6.7867
16 166 3276 886.7884
16 167 20 4.0468
16 169 30 5.5266
16 170 41 9.6168
16 171 87 24.5844
16 172 897 209.4267
16 173 70 15.0604
16 174 35 7.7692
16 176 57 10.9115
16 177 839 210.7798
16 178 1589 393.5936
16 179 2028 489.0878
16 180 12 2.7907
16 182 4 0.8472
16 183 92 18.4165
16 184 1649 449.3832
16 185 47 11.0362
16 186 1 0.2786
16 187 38 9.0180
16 188 49 9.4868
16 189 115 33.7020
16 190 129 29.1931
16 191 23 4.0394
16 192 1723 432.5344
16 193 16 3.1141
16 195 5 0.7931
16 196 5 0.9059
16 197 613 155.7015
16 198 72 17.4663
16 199 23 5.0718
16 200 18 3.6435
16 201 16 3.7688
16 203 317 76.3622
16 204 313 63.0802
16 205 14 2.5029
16 206 635 143.9103
16 207 24 4.9285
16 208 11 2.1493
16 209 180 37.2663
16 210 48 11.7794
16 211 4 0.8083
16 212 507 104.7940
16 213 7 1.3998
16 214 120 29.0166
16 215 4 0.7995
16 216 259 64.2904
16 217 208 43.6197
16 218 51 11.9245
16 219 262 72.1024
16 220 63 14.7468
16 221 2 0.3690
16 223 7391 1994.4161
16 225 3 0.6425
16 226 419 91.6251
16 227 3 0.6756
16 228 417 93.2673
16 229 46 9.3671
16 230 123 27.6162
16 231 2024 469.7799
16 232 113 23.9404
16 233 346 68.9437
16 234 6 1.1672
16 235 1 0.1632
16 236 4 0.8462
16 237 783 183.3781
16 238 10 2.3094
16 239 17 5.2925
16 240 18 4.0782
16 241 29 5.4101
16 242 1494 398.1055
16 243 712 183.1389
16 244 7 1.0957
16 245 145 38.5727
16 246 35 7.5018
16 247 2 0.3556
16 248 67 17.1898
16 249 3 0.5877
16 250 85 17.0662
16 251 35 7.0347
16 252 107 26.4455
16 253 9 1.6589
16 254 3 0.7227
16 255 16 3.9043
16 256 218 47.0177
16 257 296 63.9791
16 258 79 17.6656
16 259 1 0.2094
16 261 48 9.3036
16 262 491 124.4945
16 263 4640 1308.8770
16 264 189 44.0989
16 265 129 30.9216
16 266 1 0.2086
16 267 227 57.2216
16 268 102 27.8415
16 269 114 24.6596
16 270 1 0.2061
16 271 68 15.8108
16 272 44 10.0305
16 273 15 2.7549
16 275 437 108.0602
16 276 26 5.6491
16 277 16 3.1586
16 278 67 16.4008
16 279 66 15.6197
16 280 1803 425.7266
16 281 107 23.3116
16 282 1064 235.2396
16 283 7 1.7709
16 284 10 1.8961
16 286 110 26.8737
16 287 26 5.1791
16 288 365 84.5382
16 289 36 6.5815
16 290 3 0.5367
16 291 87 18.3286
16 293 16 4.1847
16 294 50 11.8573
16 295 11 2.1053
16 296 169 42.2091
16 297 102 23.0553
16 299 27 7.7247
16 300 63 12.8568
16 301 4 0.8253
16 302 75 15.8277
16 304 93 18.0349
16 305 162 35.2192
16 306 69 15.2090
16 307 34 6.6722
16 308 92 20.5316
16 309 4473 1095.5223
16 310 19 3.6987
16 311 214 52.1629
16 312 55 12.6491
16 313 1 0.2318
16 314 18 3.8097
16 316 26 5.3212
16 317 2 0.3960
16 318 561 144.0205
16 320 12 2.3636
16 321 90 16.6590
16 322 1 0.2074
16 323 70 18.2410
16 324 5 1.0525
16 325 27 5.8784
16 326 3 0.7038
16 328 1167 309.9940
16 329 377 90.0637
16 330 26 5.1873
16 331 15 3.3683
16 332 471 141.5692
16 333 62 13.2764
16 334 58 13.6660
16 335 544 149.2890
16 336 2044 496.5250
16 337 846 190.9719
16 338 5 1.1707
16 339 42 9.3919
16 340 9 1.7550
16 342 2 0.3719
16 343 22 5.4889
16 344 15 2.9615
16 345 12 2.1422
16 346 148 28.8937
16 347 42 7.8244
16 349 64 12.7203
16 350 815 210.5982
16 352 284 67.7909
16 353 295 59.3631
16 354 2 0.4181
16 355 105 24.5142
16 356 31 6.6559
16 357 25 5.2779
16 358 24 5.7608
16 359 124 24.1624
16 360 73 14.7005
16 361 508 123.4996
16 362 194 41.5266
16 363 13 2.6129
16 364 50 11.0545
16 365 3 0.8678
16 366 67 13.0476
16 367 9 1.8268
16 368 56 14.6186
16 369 10 1.9996
16 370 399 96.3704
16 371 1471 361.5634
16 373 47 11.0531
16 374 6 1.1374
16 375 3 0.4030
16 376 7 1.4436
16 377 36 7.6042
16 378 24 4.8778
16 379 26 5.7991
16 381 28 5.7248
16 382 19 4.1016
16 383 1 0.1526
17 0 138 26.3581
17 1 1 0.2002
17 2 1448 364.0330
17 3 159 39.1222
17 4 44 9.2205
17 5 44 9.0771
17 6 725 207.0587
17 7 1 0.2198
17 8 3 0.4716
17 9 32 5.9389
17 10 229 42.9450
17 11 87 17.7332
17 12 82 20.3405
17 13 13 2.6209
17 14 1775 531.5105
17 15 75 13.9886
17 16 513 133.0582
17 17 443 87.1044
17 18 40 7.8894
17 19 282 69.4856
17 20 262 59.8881
17 21 29 5.9721
17 22 260 51.2246
17 23 246 51.1865
17 24 1352 282.9361
17 25 3404 864.3893
17 26 31 8.5951
17 27 152 50.4176
17 28 19 4.3175
17 30 137 29.4445
17 31 39 7.5772
17 32 262 62.4806
17 33 8 1.5588
17 34 19 3.3847
17 35 10 1.8155
17 36 1529 384.0784
17 37 151 41.3877
17 38 184 40.6729
17 39 22 4.4557
17 40 22 5.4539
17 41 17 5.2437
17 42 1496 341.8512
17 43 520 118.3481
17 44 11 2.8861
17 46 13 2.6845
17 47 187 40.2520
17 48 14 3.2180
17 49 75 14.2967
17 50 20 4.0003
17 51 196 43.3233
17 52 4 0.8079
17 53 15 3.4290
17 54 946 252.2879
17 55 3 0.5271
17 56 15 3.4628
17 57 1112 266.0616
17 58 149 35.7021
17 59 359 93.4142
17 61 37 8.9129
17 62 33 6.6049
17 63 46 8.4292
17 64 78 17.4737
17 65 37 7.6927
17 66 37 6.7242
17 67 2023 592.9798
17 68 94 19.0105
17 69 38 7.2798
17 70 247 54.7559
17 71 882 207.5651
17 72 50 10.0053
17 73 141 37.6363
17 74 48 10.2230
17 75 11 2.6742
17 76 21 4.0681
17 77 43 9.3837
17 78 268 53.3425
17 79 18 3.6552
17 80 7 1.2677
17 81 7 1.7649
17 82 456 96.3502
17 83 579 167.4425
17 84 6 1.1505
17 85 28 5.2295
17 87 40 8.4624
17 88 115 23.0575
17 89 3 0.7111
17 90 945 235.8545
17 91 13 2.6981
17 93 342 80.1322
17 94 53 11.0786
17 95 17 3.2937
17 96 19 3.5225
17 97 235 57.9350
17 98 6 1.2284
17 99 102 22.6042
17 100 1071 280.3927
17 101 519 130.1567
17 102 449 98.5643
17 103 48 9.4852
17 104 2 0.3733
17 105 64 14.6299
17 106 128 24.6855
17 107 102 20.4540
17 108 1 0.1974
17 109 65 12.8805
17 110 48 10.4604
17 111 174 36.5480
17 112 20 4.0424
17 113 142 27.3907
17 114 20 6.4880
17 115 233 55.8065
17 116 117 29.8978
17 117 42 8.4053
17 118 199 45.7236
17 119 93 18.0878
17 120 409 98.7237
17 121 91 20.5366
17 124 2649 1115.8712
17 125 22 6.6410
17 126 479 113.8005
17 128 13 2.4792
17 129 17 3.6665
17 130 23 4.7995
17 131 19 4.2746
17 132 12 2.3154
17 133 2255 555.8313
17 134 525 105.6785
17 135 1096 295.0032
17 136 35 7.3170
17 137 98 22.7297
17 138 114 22.1958
17 139 4 0.8134
17 140 187 41.9404
17 141 6 1.1602
17 142 894 229.9454
17 143 126 27.1081
17 144 35 7.7220
17 145 25 5.2056
17 146 106 21.7897
17 148 141 30.9233
17 149 1466 396.7594
17 150 83 18.4294
17 151 274 58.3261
17 152 24 4.5723
17 153 208 46.0014
17 154 105 20.0491
17 155 10 2.0954
17 156 124 27.3119
17 157 274 69.8701
17 158 57 12.1703
17 159 687 172.6921
17 160 70 17.5257
17 161 182 40.5952
17 162 12 2.3261
17 163 3274 869.6839
17 165 43 10.4259
17 166 36 7.6470
17 167 83 24.7124
17 168 3011 772.0508
17 169 203 54.9939
17 170 14 3.0618
17 171 424 116.6519
17 172 133 26.5325
17 173 63 14.4734
17 174 627 162.6160
17 175 864 232.1228
17 176 2 0.3577
17 177 142 28.3746
17 178 115 21.7770
17 179 656 159.4756
17 180 53 12.4045
17 181 79 14.9765
17 182 34 7.9124
17 183 18 3.5829
17 184 2441 558.1552
17 185 41 7.9254
17 186 7 1.3771
17 187 30 6.6911
17 188 68 13.3143
17 189 168 32.9711
17 190 1 0.1857
17 191 62 13.0801
17 192 2 0.3505
17 193 74 15.0294
17 194 2 0.3650
17 195 319 76.0282
17 196 38 8.5519
17 197 1684 423.7810
17 198 1 0.1920
17 199 28 6.5920
17 200 37 6.9803
17 201 109 24.5210
17 202 25 6.4628
17 203 81 17.8031
17 204 44 9.8397
17 205 69 18.4532
17 206 7 1.1956
17 207 4 0.6855
17 208 24 5.1864
17 209 13 3.0799
17 210 470 95.8929
17 211 17 3.4348
17 212 102 19.1091
17 213 730 197.3521
17 214 83 21.4005
17 215 2 0.3680
17 216 179 39.2187
17 217 69 15.5155
17 218 25 4.6628
17 220 439 117.4866
17 221 68 13.5167
17 222 276 63.6778
17 223 89 19.4718
17 224 153 33.3588
17 225 67 14.3003
17 226 61 14.4952
17 227 22 5.3289
17 229 3 0.5498
17 230 7 1.3104
17 231 49 9.3709
17 232 50 11.2463
17 233 278 83.2729
17 234 57 11.2357
17 235 76 18.9982
17 236 122 25.6988
17 237 62 12.6858
17 238 3 0.6117
17 239 214 50.9328
17 240 354 79.7393
17 241 172 43.8222
17 242 11 2.5683
17 243 420 93.7511
17 244 2 0.4471
17 245 1206 289.2245
17 246 174 35.2065
17 247 54 10.2113
17 248 834 205.6334
17 249 14 2.8840
17 250 4576 1305.5851
17 251 433 102.4994
17 252 1 0.2233
17 253 957 245.3064
17 254 72 15.3154
17 255 291 61.9308
17 257 54 10.5272
17 259 4 0.7971
17 260 90 19.2738
17 261 2 0.3804
17 262 2046 545.1265
17 263 9 1.6399
17 264 299 87.3806
17 265 63 12.1281
17 266 240 80.9799
17 267 262 55.6855
17 268 490 97.5785
17 269 1 0.2285
17 270 35 7.9079
17 271 1 0.2566
17 272 805 192.7292
17 273 274 55.6536
17 274 72 14.6217
17 275 196 43.4471
17 276 93 22.4922
17 277 30 6.3358
17 278 672 171.1518
17 279 1524 394.9906
17 280 4 0.8172
17 281 83 18.7827
17 282 24 4.5574
17 283 420 93.3327
17 284 132 30.9872
17 285 237 53.8931
17 286 595 154.1192
17 287 139 30.9443
17 288 193 37.1811
17 289 36 8.5973
17 290 25 5.5084
17 291 116 22.4731
17 292 301 59.2266
17 293 115 22.7717
17 294 29 6.5189
17 295 189 40.9737
17 296 22 4.9065
17 297 251 54.4067
17 298 590 165.0684
17 299 108 37.9172
17 300 424 99.3430
17 301 43 8.1203
17 302 56 12.0052
17 303 9 1.7892
17 304 4 0.7728
17 305 3843 969.6504
17 306 336 73.5867
17 307 36 6.8931
17 308 259 66.9624
17 309 419 91.5266
17 310 76 13.6618
17 311 826 196.7757
17 312 498 127.9240
17 313 38 7.1512
17 315 8 1.4401
17 316 68 15.9664
17 317 80 15.4774
17 318 202 51.8945
17 319 82 15.7561
17 321 174 36.5704
17 322 96 22.3082
17 323 1353 297.0558
17 324 279 61.4431
17 325 82 16.0222
17 326 1 0.2435
17 327 205 39.7199
17 328 14 2.4776
17 329 104 24.9374
17 330 47 9.2606
17 331 2 0.3713
17 332 293 63.2675
17 333 38 8.9915
17 334 50 8.3405
17 335 778 197.4648
17 336 428 102.3556
17 337 431 84.1609
17 338 23 5.2123
17 339 3 0.6688
17 341 191 42.4372
17 342 43 8.1581
17 343 44 8.6347
17 344 81 14.9629
17 345 9 1.5078
17 346 2162 495.8809
17 347 79 17.7763
17 348 44 9.9761
17 349 25 4.6587
17 350 91 18.1227
17 351 2765 711.8252
17 352 27 6.5460
17 353 267 62.5052
17 355 224 48.8807
17 356 125 24.8204
17 357 88 16.8315
17 358 15 3.2348
17 359 14 2.4422
17 360 4152 1019.3983
17 361 523 122.5257
17 362 34 6.6033
17 363 10 1.8115
17 364 8 1.2429
17 365 2 0.4305
17 366 8 1.7043
17 367 30 6.7254
17 368 8 1.6799
17 369 1015 274.7676
17 370 48 8.9754
17 371 190 42.4741
17 372 92 17.7061
17 373 435 100.5366
17 375 120 23.9132
17 376 15 3.3991
17 377 28 6.6220
17 378 82 27.9427
17 379 37 6.8719
17 380 16 2.8732
17 381 40 7.9159
17 382 143 27.6880
17 383 211 47.3469
18 0 10 1.8880
18 1 59 10.8258
18 2 28 5.2515
18 3 6 1.4003
18 4 1 0.2099
18 5 5 0.9792
18 7 47 11.6143
18 9 89 21.0082
18 10 297 77.2125
18 11 1793 440.4957
18 12 111 29.0621
18 13 523 124.8793
18 14 19 4.2084
18 15 180 35.9167
18 16 2 0.3068
18 17 20 3.8257
18 18 40 7.3261
18 19 240 60.3559
18 20 45 10.8739
18 21 1109 281.9353
18 22 152 36.8661
18 23 28 5.8807
18 24 349 84.0642
18 25 2268 630.1874
18 26 34 6.5884
18 27 7 1.3167
18 28 71 13.6627
18 29 38 7.2909
18 30 268 63.1076
18 31 5 0.9516
18 32 65 15.0168
18 33 904 190.9279
18 34 1251 328.7598
18 35 21 3.9683
18 36 1030 281.8553
18 37 24 4.4761
18 38 3528 1031.2909
18 39 1 0.2007
18 40 21 4.4827
18 41 23 4.3953
18 42 7 1.4970
18 43 741 189.4217
18 44 159 32.9878
18 45 2120 567.5435
18 46 123 31.1429
18 47 827 209.9063
18 48 35 6.8849
18 50 13 2.6375
18 51 54 14.7460
18 52 952 217.9069
18 53 633 123.6283
18 54 27 5.2874
18 55 46 8.9911
18 56 74 15.5990
18 57 30 5.6651
18 58 30 5.4876
18 60 34 8.3096
18 61 41 9.3339
18 62 6 1.0406
18 63 10 2.0194
18 64 76 17.9166
18 65 948 220.0511
18 66 31 6.8048
18 67 1 0.1517
18 68 1 0.2388
18 69 39 9.8579
18 70 328 68.8552
18 71 586 131.9783
18 72 462 102.9835
18 73 48 9.3364
18 74 127 29.9792
18 75 89 22.8858
18 76 14 3.2285
18 77 330 86.0075
18 78 8 1.6624
18 79 50 17.0660
18 80 12 2.2910
18 81 6 1.1147
18 82 9 2.6292
18 83 151 34.3573
18 84 224 53.9217
18 85 10 1.9303
18 86 754 170.9146
18 87 37 7.4000
18 88 143 36.2126
18 89 39 7.6527
18 90 91 18.9133
18 91 838 166.8185
18 92 37 8.7955
18 93 14 3.3604
18 94 32 7.2563
18 95 168 38.9424
18 96 89 19.6196
18 97 4705 1347.1803
18 98 57 11.3063
18 99 25 6.0489
18 100 1 0.2093
18 101 38 8.2367
18 102 28 5.2645
18 103 27 5.4880
18 104 589 153.0438
18 105 28 5.3409
18 106 2173 509.5233
18 107 24 5.1488
18 108 18 3.3319
18 109 19 3.5148
18 110 38 10.2578
18 111 27 5.0518
18 112 86 18.4833
18 113 86 18.8967
18 114 918 230.1234
18 115 21 4.5372
18 116 583 123.0088
18 118 24 5.2108
18 119 876 205.0234
18 120 5 0.9563
18 121 39 8.8320
18 122 312 74.6980
18 123 371 84.7576
18 125 129 28.5745
18 126 22 4.4121
18 127 31 7.5558
18 128 6 1.3405
18 129 9 1.8365
18 130 22 5.1441
18 131 18 3.3852
18 132 142 34.4351
18 133 3404 819.5504
18 134 35 7.0070
18 135 15 2.6734
18 136 4 0.9146
18 138 34 8.3752
18 139 40 7.8478
18 140 553 127.8122
18 141 50 12.2668
18 142 2 0.4730
18 143 93 21.6343
18 144 3599 931.3846
18 145 45 9.3548
18 146 12 2.3654
18 147 442 112.2610
18 148 52 10.4540
18 149 12 2.4643
18 150 107 21.1277
18 151 525 165.5839
18 152 555 135.1496
18 153 137 32.0452
18 154 1107 284.1391
18 155 6 1.2259
18 156 40 10.1091
18 157 6 1.0454
18 158 326 75.6962
18 159 1315 367.0791
18 160 10 2.0161
18 161 2 0.6140
18 162 80 26.3822
18 163 10 2.3249
18 164 56 10.8240
18 165 11 2.2784
18 166 1152 287.6180
18 167 390 76.1392
18 168 15 3.2675
18 169 1726 410.7990
18 170 50 12.2198
18 171 215 49.1319
18 172 3 0.5566
18 173 3379 972.5423
18 174 3 0.5546
18 175 263 61.9971
18 176 25 7.3788
18 177 4 0.6924
18 178 30 5.6149
18 179 346 94.9404
18 180 517 122.3832
18 181 103 23.0324
18 183 114 26.3277
18 184 153 35.0630
18 185 45 8.4439
18 186 15 2.8893
18 187 139 32.0784
18 188 31 5.7764
18 189 23 4.2818
18 190 740 201.6197
18 191 49 9.9537
18 192 6 1.1925
18 193 14 3.3015
18 194 1562 322.2872
18 195 20 4.1479
18 196 116 27.4363
18 197 1 0.2276
18 198 147 37.9664
18 199 49 11.0738
18 200 82 16.4751
18 201 629 162.2529
18 202 301 76.8986
18 203 1930 502.2455
18 204 191 45.6439
18 205 54 12.4075
18 206 271 59.2597
18 207 113 27.7185
18 208 28 6.6302
18 209 425 90.2401
18 211 129 29.4347
18 212 9 2.2025
18 213 97 21.2598
18 214 862 241.0934
18 215 2 0.3485
18 216 1077 298.2215
18 217 128 27.6366
18 218 220 56.6552
18 219 254 50.3062
18 220 93 19.1296
18 221 281 75.9354
18 222 19 4.1370
18 223 9 2.0079
18 224 87 18.6956
18 225 1128 279.3951
18 226 61 13.7479
18 227 71 17.6862
18 229 255 64.1700
18 230 1 0.1942
18 231 29 6.1499
18 232 184 41.3596
18 233 7 1.5281
18 234 1392 376.9991
18 235 1000 278.6432
18 236 53 15.9427
18 237 57 11.6559
18 238 128 26.0222
18 239 14 2.7176
18 240 139 28.2209
18 241 29 6.3180
18 242 48 11.2396
18 243 48 11.5151
18 244 2298 627.4119
18 245 2 0.5182
18 246 6 1.1910
18 248 15 2.9230
18 249 98 19.5569
18 250 81 17.0270
18 251 16 4.7511
18 252 37 7.4002
18 253 2 0.4316
18 254 1 0.1020
18 255 726 150.5932
18 256 3 0.5849
18 257 79 14.7782
18 258 140 29.4318
18 259 14 2.8322
18 260 47 10.4484
18 261 483 121.3087
18 262 38 6.8354
18 263 232 53.8571
18 264 7 1.4261
18 265 1488 343.1793
18 266 60 16.7740
18 267 196 53.9776
18 268 2300 640.2196
18 269 2 0.4683
18 270 66 12.9140
18 271 2 0.4336
18 272 463 103.6255
18 273 4 0.6476
18 274 60 13.9433
18 275 205 50.1817
18 276 50 11.1279
18 277 167 41.8074
18 278 35 7.5111
18 279 1742 458.4873
18 280 3 0.7693
18 281 172 47.5575
18 282 77 15.1340
18 283 607 123.5704
18 284 1448 370.9998
18 285 76 14.7212
18 286 1972 504.7635
18 287 72 16.8005
18 288 11 2.1679
18 289 138 26.9150
18 290 163 36.7645
18 291 27 4.9560
18 292 95 23.3273
18 293 100 23.5942
18 294 1 0.1517
18 295 217 52.4609
18 297 5 1.0644
18 298 149 29.9553
18 299 15 2.9767
18 300 335 79.0268
18 301 3 0.7269
18 302 230 48.4034
18 303 6 1.2122
18 304 955 241.8821
18 305 51 9.9794
18 306 1 0.1553
18 307 6 1.2061
18 309 30 7.1882
18 310 52 11.4153
18 311 402 113.4440
18 312 33 6.2365
18 313 138 26.2995
18 314 36 7.0003
18 315 17 3.0309
18 316 2 0.3091
18 317 610 159.2122
18 318 37 9.6702
18 319 99 21.2572
18 320 2475 617.9893
18 321 351 76.0851
18 322 35 7.0691
18 323 335 79.1860
18 324 4 0.7568
18 325 71 13.8666
18 326 3 0.6755
18 327 2 0.3194
18 328 309 83.4428
18 329 2 0.4320
18 330 15 3.0385
18 332 219 56.9599
18 333 52 10.5827
18 334 122 28.1562
18 335 822 194.3968
18 336 571 136.8408
18 337 25 5.4761
18 338 105 22.6002
18 339 22 6.8235
18 340 26 5.9158
18 341 1274 309.5544
18 342 1 0.1812
18 343 268 67.8104
18 344 15 2.8415
18 346 236 55.5113
18 348 74 15.6473
18 349 3 0.5806
18 350 2 1.5001
18 352 16 2.9449
18 353 2 0.3943
18 354 86 19.7119
18 355 274 64.4946
18 356 147 28.9373
18 357 29 6.2863
18 358 74 14.6901
18 359 88 20.3267
18 360 33 6.3292
18 361 260 65.1314
18 362 18 3.7761
18 363 3 0.6258
18 364 104 24.3995
18 365 24 4.6728
18 366 1280 326.5788
18 367 230 60.1927
18 368 690 160.2089
18 370 730 159.3478
18 371 53 12.2988
18 372 7 1.3736
18 373 19 3.6743
18 374 24 4.5054
18 375 879 178.6924
18 376 8 1.5585
18 377 4 0.6022
18 378 54 11.7870
18 379 1494 379.4069
18 380 6 1.5359
18 381 5 1.0822
18 382 80 17.1781
18 383 16 3.2363
19 0 81 16.2464
19 1 39 5.7925
19 2 298 70.8980
19 3 75 12.6743
19 4 39 6.1611
19 5 218 39.8458
19 6 1111 299.3366
19 7 59 10.4818
19 8 340 98.8386
19 9 679 137.5127
19 10 9 1.2645
19 11 744 181.9609
19 12 13 2.0256
19 13 84 12.2795
19 14 28 5.1286
19 15 1216 275.5847
19 16 11 2.7491
19 17 53 12.6659
19 18 11 1.4180
19 19 53 8.9612
19 20 1693 426.4116
19 21 60 14.2206
19 22 767 224.3497
19 23 24 3.7068
19 24 16 2.4538
19 25 10 1.6692
19 26 6 1.0965
19 27 34 6.5608
19 28 780 160.4862
19 29 251 54.3459
19 30 183 42.2787
19 31 5 1.6364
19 32 515 99.8827
19 33 83 20.0431
19 34 291 67.7537
19 35 33 7.4020
19 36 31 5.0308
19 37 55 14.2163
19 38 1 0.1216
19 39 15 2.3055
19 40 63 12.9238
19 41 9 1.3047
19 42 86 16.6520
19 43 111 21.6594
19 44 510 154.7483
19 45 436 78.6751
19 46 469 141.9272
19 47 194 52.7078
19 48 721 170.2289
19 49 3121 824.3610
19 50 160 29.1734
19 51 77 15.2477
19 52 20 3.3668
19 53 38 9.9885
19 54 25 3.9081
19 55 14 1.9679
19 56 40 8.4225
19 57 4 0.4952
19 58 67 19.3908
19 59 769 189.4412
19 60 7 1.2020
19 61 290 59.9873
19 62 2940 989.0455
19 63 1175 311.6537
19 64 69 14.3892
19 65 13 2.1445
19 66 231 35.7843
19 67 52 12.8661
19 68 1046 328.4140
19 69 31 6.8191
19 70 12 2.0803
19 71 101 19.3711
19 72 32 4.9903
19 73 232 69.6051
19 74 1268 292.1985
19 75 35 6.1407
19 76 51 9.2418
19 77 113 25.4762
19 78 13 1.9940
19 79 90 19.5174
19 80 310 60.5214
19 81 11 1.8437
19 82 31 5.3209
19 83 218 48.4264
19 84 45 8.6726
19 85 12 2.0355
19 86 130 21.2005
19 87 765 192.7147
19 88 250 67.6849
19 89 546 155.0879
19 90 52 8.3965
19 91 314 97.7399
19 92 738 191.4291
19 93 9 1.8779
19 94 424 94.3857
19 95 19 2.8497
19 96 17 2.3158
19 98 57 15.7506
19 99 69 14.8607
19 100 168 38.7782
19 101 285 75.3382
19 102 2109 499.9612
19 103 33 8.0948
19 104 136 33.9551
19 105 336 73.9191
19 106 902 202.1490
19 107 29 5.6294
19 108 33 6.4023
19 109 440 89.6715
19 110 303 60.7158
19 111 16 2.5875
19 112 419 78.8018
19 113 31 7.5788
19 114 54 14.7371
19 115 3 0.4632
19 116 25 4.8600
19 117 500 121.7767
19 118 1152 233.2569
19 119 27 4.3384
19 120 52 15.6786
19 121 75 14.3914
19 122 225 51.6272
19 123 86 16.0719
19 124 72 21.7947
19 125 86 14.9875
19 126 645 159.0415
19 127 1023 263.8863
19 128 2665 593.0842
19 129 17 2.7535
19 130 25 4.9359
19 131 1064 276.9997
19 132 1 0.1950
19 133 2185 572.0208
19 134 36 6.1287
19 135 30 8.4398
19 136 112 30.0993
19 137 128 26.1671
19 138 751 177.9130
19 139 43 7.4436
19 140 382 106.7951
19 141 10 1.6064
19 142 14 2.4288
19 143 291 56.9847
19 145 51 10.5540
19 146 12 2.3241
19 147 97 17.7348
19 148 95 16.8772
19 149 11 1.5578
19 150 1439 319.6968
19 151 118 27.1519
19 152 1288 406.4417
19 153 19 2.7164
19 154 670 156.9886
19 155 16 3.1751
19 156 423 109.8133
19 157 315 59.8523
19 158 237 45.5273
19 159 6 1.0688
19 160 87 19.9189
19 161 3 0.8712
19 162 28 4.0684
19 163 11 2.5475
19 164 7 1.1802
19 165 95 17.1204
19 166 190 34.2135
19 167 18 4.1514
19 168 79 18.0853
19 169 74 16.1653
19 170 21 3.9278
19 171 814 204.7847
19 172 17 3.3739
19 173 6 0.8762
19 174 509 114.9904
19 175 52 10.9404
19 176 42 9.1946
19 177 91 17.8185
19 178 542 137.9105
19 179 221 52.4059
19 180 32 5.0158
19 181 16 2.5198
19 182 5 0.9095
19 183 67 13.4427
19 184 23 3.2867
19 185 14 2.0041
19 187 1 0.1312
19 188 489 122.8504
19 189 56 13.1864
19 190 65 17.4158
19 191 14 2.2688
19 192 178 34.3981
19 193 13 2.1519
19 194 3 0.4600
19 195 1224 249.8755
19 196 139 26.3733
19 197 77 18.1053
19 198 10 1.6864
19 199 27 4.3170
19 200 669 146.3849
19 201 110 24.8148
19 202 18 3.0445
19 203 20 3.3648
19 204 95 22.7850
19 205 2 0.3012
19 206 1 0.1099
19 207 53 7.4874
19 208 67 10.9242
19 209 14 2.2590
19 210 51 13.3575
19 211 17 2.1717
19 212 431 87.3625
19 213 11 3.1725
19 214 147 34.9836
19 215 46 11.1827
19 216 165 34.0771
19 217 397 106.7537
19 218 41 11.4363
19 219 203 33.9169
19 220 1103 315.8512
19 221 1995 559.9269
19 222 68 10.6028
19 223 15 2.6653
19 224 6 0.7079
19 225 20 3.6995
19 226 61 9.7165
19 227 182 45.1830
19 228 84 20.8189
19 229 374 73.0535
19 230 31 6.1292
19 231 15 3.6350
19 232 14 3.7737
19 233 43 8.3963
19 234 757 163.0551
19 235 584 143.3280
19 236 75 12.4211
19 237 50 8.4536
19 238 36 5.4398
19 239 8 2.1008
19 240 38 6.4110
19 241 77 12.2198
19 242 4 0.5872
19 243 64 11.7563
19 244 166 30.2270
19 245 18 2.5530
19 246 101 18.2876
19 247 645 122.9594
19 248 215 53.1666
19 249 363 86.0017
19 250 1225 309.1493
19 251 76 13.5797
19 252 525 154.9532
19 253 153 32.2388
19 254 41 9.1198
19 255 1535 351.1090
19 256 9 1.2673
19 257 16 2.6080
19 258 17 3.0180
19 259 94 15.6153
19 260 869 264.5788
19 261 8 1.7059
19 262 107 26.1305
19 263 16 2.2945
19 264 125 23.6761
19 265 108 26.4711
19 266 73 17.3886
19 267 13 3.5314
19 268 11 1.5621
19 269 313 54.7513
19 270 1282 343.9317
19 271 458 106.9980
19 272 39 8.2611
19 273 1351 312.7564
19 274 4 0.5667
19 275 162 34.7133
19 276 852 212.7395
19 277 31 4.4942
19 278 12 1.9470
19 279 52 13.4569
19 280 108 29.6214
19 281 269 93.1537
19 282 92 21.3987
19 283 104 31.7180
19 285 5 0.7664
19 286 9 1.3263
19 287 43 6.5173
19 288 258 69.8283
19 289 728 437.8484
19 290 34 5.8528
19 291 192 37.8024
19 292 71 18.2957
19 293 549 120.4212
19 294 8 1.5948
19 295 570 136.9540
19 296 369 103.1611
19 297 31 5.7655
19 298 30 4.8785
19 299 1286 280.0843
19 300 2743 721.3492
19 301 1 0.1496
19 302 49 7.7665
19 303 53 11.4485
19 304 153 41.0592
19 305 3547 1177.1749
19 306 2709 754.1115
19 307 453 96.9482
19 308 22 5.7322
19 309 79 21.0372
19 310 982 246.2131
19 311 74 14.3381
19 312 291 68.4554
19 313 36 6.2057
19 314 203 40.5626
19 315 155 22.3938
19 316 65 13.8088
19 317 16 1.8842
19 318 11 2.0200
19 319 886 205.1868
19 320 19 2.9805
19 321 6 1.0186
19 322 167 34.8280
19 323 7 1.1788
19 324 255 55.6375
19 325 26 4.2017
19 326 96 16.6052
19 327 236 51.2548
19 328 154 32.1682
19 329 24 4.7750
19 330 22 6.2602
19 331 29 4.7202
19 332 18 2.2881
19 333 549 138.2574
19 334 26 4.0833
19 335 23 4.6476
19 336 367 76.0351
19 337 48 12.8023
19 338 4 0.5477
19 339 379 90.5447
19 340 46 9.9117
19 341 208 56.4301
19 342 474 89.4980
19 343 27 4.3903
19 344 145 44.3803
19 345 22 3.4010
19 346 15 2.0187
19 347 7 1.2240
19 348 70 13.3624
19 349 195 45.3362
19 350 594 120.7906
19 351 81 15.6691
19 352 26 5.9816
19 353 103 18.4341
19 354 39 5.4434
19 355 625 111.9797
19 356 11 2.3401
19 357 49 8.0343
19 358 40 5.7749
19 359 60 11.4963
19 360 88 26.7277
19 361 281 75.8572
19 362 121 21.7527
19 363 120 24.4018
19 364 27 4.0609
19 365 67 18.6108
19 366 3470 961.6998
19 367 104 22.5828
19 368 1158 332.9225
19 369 56 17.1420
19 370 78 51.0150
19 371 51 9.6311
19 372 3 0.3791
19 373 14 1.6826
19 374 1259 305.0695
19 375 50 16.0469
19 376 224 51.8511
19 377 25 4.1378
19 378 2 0.4540
19 379 127 29.9969
19 380 27 6.1992
19 381 256 61.6239
19 382 175 37.6424
19 383 2112 523.1564
20 0 2 0.4118
20 1 10 1.9394
20 2 2 0.5883
20 3 25 5.8832
20 4 48 11.8083
20 5 3 0.6590
20 6 243 55.5321
20 7 187 52.1489
20 8 15 4.2440
20 9 1 0.1004
20 10 45 10.6660
20 11 3 0.5901
20 12 5 1.3909
20 13 1 0.1841
20 14 575 132.4113
20 15 12 2.5731
20 16 631 146.5338
20 17 3 0.7065
20 18 48 13.1949
20 19 987 249.4893
20 20 38 8.2127
20 21 70 14.3440
20 22 6 1.1463
20 23 14 3.6347
20 24 2 0.5198
20 25 24 6.9070
20 26 12 2.9370
20 27 36 9.4901
20 28 58 14.2451
20 29 45 11.8204
20 30 30 6.8353
20 31 1278 348.9834
20 32 482 107.5235
20 33 27 6.6854
20 35 46 10.8678
20 36 50 12.4190
20 37 22 6.7932
20 38 2 0.4949
20 39 1 0.1764
20 40 11 1.8687
20 41 5 1.1659
20 42 546 158.9919
20 43 125 28.3512
20 44 33 9.8453
20 45 7 1.2401
20 46 29 9.4664
20 47 285 66.4728
20 48 24 5.9969
20 49 167 37.5543
20 50 1 0.2366
20 51 250 54.7946
20 52 29 8.2923
20 53 27 5.6481
20 55 158 35.4386
20 56 4 0.9592
20 58 1 0.2827
20 59 9 1.9017
20 60 9 2.0489
20 61 119 29.1336
20 62 46 10.3250
20 63 10 2.3813
20 64 10 3.1361
20 65 35 8.9243
20 67 26 7.2729
20 68 19 4.3852
20 69 7 1.4776
20 70 82 17.6115
20 71 5 0.9254
20 72 182 46.5265
20 73 4 0.7449
20 74 46 10.0401
20 75 161 35.5704
20 76 17 3.5690
20 77 3 0.5751
20 78 108 29.3215
20 79 16 4.1815
20 81 1 0.2322
20 82 5 1.3597
20 83 20 4.4879
20 85 20 6.3399
20 86 33 8.5602
20 87 5 1.3420
20 88 11 2.4812
20 89 3 0.6256
20 91 2 0.4713
20 93 3 0.6694
20 95 9 1.6357
20 96 7 1.9518
20 97 17 4.8650
20 98 38 8.9151
20 99 37 8.9442
20 100 1 0.1545
20 101 11 2.3522
20 103 75 16.9653
20 104 5 1.1810
20 105 6 1.3830
20 107 5 1.2237
20 108 33 8.9507
20 109 762 187.4799
20 110 26 7.2577
20 112 11 2.4384
20 113 2 0.4899
20 115 8 1.8341
20 116 21 4.5337
20 117 10 2.7406
20 118 71 16.7612
20 121 2 0.3271
20 122 165 36.8962
20 124 27 7.3729
20 126 9 2.0900
20 127 26 5.4953
20 128 76 17.2733
20 129 72 17.4369
20 131 29 5.7776
20 132 11 2.0735
20 133 14 3.0217
20 135 61 15.5187
20 136 78 16.6373
20 137 5 1.2394
20 138 16 4.1987
20 139 8 1.6625
20 140 13 3.4802
20 143 13 2.8377
20 144 9 2.0820
20 145 151 47.1074
20 146 41 8.5650
20 147 73 16.8865
20 148 73 24.4850
20 150 184 51.0651
20 151 3 0.7256
20 152 5 1.1537
20 153 21 5.6654
20 154 74 18.1065
20 156 11 3.1650
20 158 59 12.8261
20 160 1 0.1597
20 161 10 2.7193
20 163 16 4.5862
20 164 359 85.8847
20 165 178 41.4043
20 166 6 1.3604
20 167 34 7.9750
20 169 40 10.7300
20 170 25 5.4774
20 171 1 0.1833
20 174 81 16.9885
20 175 69 15.1099
20 176 37 11.4193
20 177 14 3.6384
20 178 35 9.8223
20 179 3 0.6934
20 180 20 4.4466
20 181 3 0.5270
20 182 28 6.3939
20 183 1 0.2338
20 184 16 3.0032
20 185 12 3.1372
20 186 10 1.7767
20 187 143 36.3673
20 188 1 0.2307
20 189 47 11.7900
20 190 9 2.3822
20 191 15 3.8308
20 192 23 5.5730
20 193 3 0.5355
20 194 3 0.5820
20 196 262 60.1269
20 197 11 2.4562
20 198 1 0.1249
20 199 15 3.2702
20 200 26 6.1452
20 201 8 1.5596
20 202 13 3.5354
20 203 6 1.2523
20 204 56 12.9101
20 205 92 22.2899
20 206 7 2.0557
20 208 31 6.9207
20 210 170 42.2809
20 211 219 50.1864
20 212 4 0.8081
20 213 20 5.5556
20 214 11 3.2831
20 215 20 4.9258
20 216 14 3.9155
20 217 27 9.4205
20 218 4 0.8157
20 219 42 8.9908
20 220 18 3.7623
20 221 14 2.8225
20 222 7 1.5629
20 223 43 10.4823
20 224 12 3.0656
20 225 456 112.5973
20 227 23 4.5755
20 228 8 1.7925
20 229 14 3.1988
20 230 22 6.2735
20 231 42 10.8610
20 232 16 3.6194
20 233 20 4.7928
20 234 3 0.5578
20 236 2 0.4144
20 237 24 4.8156
20 238 25 6.2693
20 239 23 5.8298
20 240 61 16.2453
20 241 14 3.7723
20 242 30 5.6599
20 243 3 0.6197
20 244 8 2.5327
20 245 37 8.1905
20 246 11 2.4743
20 248 88 26.4299
20 249 7 1.4719
20 250 16 3.4632
20 251 4 0.9225
20 252 4 0.7881
20 253 75 21.3001
20 254 40 9.0271
20 255 1 0.1799
20 256 50 12.1557
20 257 67 18.4049
20 258 50 11.1686
20 259 33 7.7902
20 260 3 0.6871
20 261 4 0.8570
20 262 3 0.6789
20 263 4 0.8526
20 264 45 10.2791
20 265 35 8.7680
20 266 8 1.8492
20 267 100 30.0543
20 269 41 9.4040
20 270 6 1.2340
20 271 9 1.9585
20 272 50 12.5894
20 273 84 18.4131
20 274 426 121.8590
20 275 152 44.0249
20 276 16 3.7760
20 277 1 0.1413
20 278 118 29.4760
20 279 184 38.2941
20 280 4 0.8185
20 281 8 2.1780
20 282 357 105.4523
20 283 143 31.2639
20 284 6 1.1090
20 285 17 3.6561
20 286 206 56.5697
20 287 18 4.1580
20 288 15 2.6700
20 289 3 0.6997
20 290 6 1.2836
20 292 97 27.8783
20 294 23 5.1502
20 295 100 35.4251
20 296 310 81.9082
20 297 12 2.5222
20 299 31 7.2542
20 300 1 0.2169
20 301 3 0.6994
20 302 4 0.7327
20 303 4 0.9065
20 304 35 9.4996
20 305 485 105.3611
20 306 20 5.5022
20 307 535 126.9445
20 309 122 41.0980
20 310 3 0.7149
20 311 1 0.2078
20 312 48 10.8001
20 313 24 6.2495
20 314 224 67.1630
20 315 6 1.3430
20 316 1 0.2279
20 317 121 35.2928
20 318 94 21.3062
20 319 15 3.3704
20 320 94 18.0973
20 321 7 1.5607
20 322 172 48.5992
20 324 73 16.6091
20 325 30 6.3726
20 326 33 9.5996
20 327 25 6.7585
20 328 23 8.2033
20 329 102 26.6152
20 330 3 0.6892
20 331 89 24.1326
20 332 314 71.9980
20 333 18 4.6388
20 334 26 5.6049
20 335 21 4.3591
20 336 44 13.1414
20 337 30 9.3710
20 338 88 19.3236
20 339 40 10.6917
20 340 48 15.0318
20 341 49 12.0529
20 342 8 1.7319
20 343 186 43.6990
20 344 12 2.4494
20 345 52 12.8968
20 346 2 0.4143
20 347 19 3.9843
20 348 76 17.3018
20 349 23 4.7909
20 350 39 8.4577
20 351 2157 515.9360
20 352 834 224.0272
20 353 58 14.2112
20 355 5 1.6321
20 357 6 1.1200
20 359 141 38.6759
20 360 158 47.0851
20 362 24 5.8016
20 363 22 6.5603
20 364 6 1.2506
20 365 8 2.0048
20 366 1 0.1897
20 367 10 2.0842
20 368 3 0.7045
20 369 2 0.4444
20 370 122 38.6492
20 371 16 3.6383
20 372 62 15.4361
20 374 30 6.7590
20 375 2 0.4653
20 376 12 3.1275
20 378 23 6.2451
20 379 13 2.7319
20 380 27 6.9415
20 381 15 3.3867
20 383 81 16.4727
21 0 74 17.0014
21 1 349 83.6635
21 2 2 0.4146
21 3 154 35.6245
21 5 40 7.8729
21 6 8 1.8223
21 7 15 3.3958
21 8 386 88.2965
21 9 38 8.9997
21 10 6 1.5908
21 11 48 10.4132
21 12 42 9.9555
21 13 1 0.3378
21 14 3 0.7909
21 15 99 29.7921
21 16 6 1.4390
21 17 2 0.4355
21 18 7 1.6104
21 20 14 3.1559
21 21 28 6.6461
21 22 155 36.4349
21 23 2 0.4564
21 24 10 2.4967
21 26 27 8.1001
21 29 11 2.4747
21 30 149 36.5616
21 31 459 107.0223
21 33 9 2.0377
21 34 3 0.6293
21 35 10 2.5364
21 36 28 7.7032
21 37 49 10.4876
21 38 6 1.6254
21 39 44 9.4752
21 40 20 4.9251
21 41 6 1.6940
21 42 59 15.7761
21 43 10 2.1536
21 44 27 6.2661
21 45 9 1.6822
21 46 1 0.2708
21 47 82 20.5518
21 48 9 1.9571
21 49 9 2.0107
21 50 60 15.5761
21 51 23 6.7752
21 52 9 1.8330
21 54 115 32.0073
21 55 18 4.9175
21 56 8 2.2055
21 57 10 2.4040
21 58 148 42.5600
21 59 132 28.4402
21 60 77 20.8219
21 61 88 25.2278
21 63 51 11.7634
21 64 3 0.6509
21 66 13 2.5150
21 67 32 7.0434
21 68 26 6.0475
21 69 1 0.2293
21 70 75 21.3383
21 71 1 0.1785
21 72 240 55.8838
21 73 9 2.0238
21 74 1 0.1486
21 75 9 2.2451
21 76 3 0.6483
21 77 40 8.8682
21 78 1 0.2370
21 79 19 4.2029
21 80 4 0.9039
21 81 82 17.5792
21 82 40 7.2698
21 83 1 0.3219
21 84 13 3.1034
21 86 1 0.2224
21 87 13 2.8884
21 88 24 6.9006
21 89 555 139.9865
21 90 2 0.3813
21 92 1 0.2481
21 93 38 9.8548
21 95 13 2.9216
21 96 4 0.8130
21 97 38 10.7563
21 99 2 0.4465
21 100 436 145.7483
21 101 10 2.5887
21 102 16 6.2353
21 103 8 1.7775
21 104 24 8.1672
21 105 27 5.3680
21 106 61 16.1853
21 107 11 2.2260
21 108 69 18.1930
21 109 3 0.6692
21 110 47 10.7056
21 111 10 2.2224
21 112 49 13.7170
21 114 38 8.6163
21 115 3 0.5434
21 116 42 13.8130
21 117 2 0.4069
21 118 39 8.0759
21 120 47 12.7872
21 121 20 4.2075
21 122 4 0.6457
21 123 4 0.9358
21 124 16 5.1727
21 125 25 8.5090
21 126 13 3.0492
21 127 2 0.4409
21 129 56 13.1239
21 130 32 8.2963
21 131 156 40.0001
21 132 12 2.9921
21 134 148 36.7499
21 135 56 16.0276
21 136 48 11.1037
21 137 326 73.0908
21 138 39 8.7822
21 139 94 20.5757
21 140 19 3.9945
21 141 42 12.0360
21 142 33 7.5964
21 143 380 85.9550
21 145 6 1.1590
21 146 67 16.1488
21 147 7 1.4479
21 148 11 3.3329
21 150 3 0.6102
21 151 191 48.5124
21 152 14 3.1272
21 154 1 0.2041
21 155 22 5.8915
21 156 12 2.6364
21 157 215 49.7178
21 158 206 52.9703
21 159 4 1.0742
21 160 219 60.8137
21 161 58 13.4484
21 162 4 0.8999
21 163 35 10.8697
21 164 59 15.6672
21 165 28 7.7328
21 166 13 2.9070
21 167 3 0.6110
21 168 22 5.3249
21 171 152 33.1890
21 172 4 0.8551
21 173 30 6.6831
21 174 2 0.3790
21 175 19 4.9987
21 176 45 13.0826
21 178 3 0.6156
21 179 9 1.8792
21 181 604 140.3785
21 182 1 0.1981
21 183 8 1.5989
21 184 12 2.5738
21 185 7 1.7388
21 186 19 3.9718
21 187 10 2.2635
21 188 24 6.2890
21 189 5 1.0043
21 190 19 4.6723
21 191 59 14.0546
21 192 202 55.0018
21 193 28 6.4402
21 194 34 9.0005
21 195 22 6.5567
21 196 3 0.6941
21 197 16 3.9677
21 198 13 2.9380
21 200 43 11.8008
21 201 74 16.6728
21 202 83 18.6992
21 203 29 6.0535
21 204 6 1.4391
21 205 74 16.4230
21 206 104 26.0696
21 208 315 70.3823
21 209 8 2.0373
21 210 1397 348.8266
21 211 2 0.3546
21 214 26 5.4368
21 215 42 12.9640
21 218 1 0.2082
21 219 7 1.5495
21 220 47 10.0223
21 221 1 0.2360
21 224 98 22.4713
21 225 363 82.6290
21 226 36 9.4413
21 227 115 25.2767
21 228 26 6.6296
21 229 12 3.0315
21 231 2 0.4263
21 232 13 3.1441
21 234 35 8.9631
21 235 6 1.3782
21 236 21 5.7978
21 237 29 8.8631
21 239 27 5.9320
21 240 17 5.4050
21 243 17 4.9864
21 246 2 0.4662
21 247 10 2.5437
21 248 10 2.3066
21 249 25 5.4302
21 250 24 6.4426
21 251 1225 307.7019
21 252 11 2.5664
21 253 1 0.2066
21 254 17 4.0125
21 255 20 4.5503
21 256 3 0.6560
21 257 397 104.5275
21 258 12 3.7138
21 259 1 0.2137
21 260 35 8.7566
21 261 9 1.9783
21 263 7 2.3344
21 264 46 10.5798
21 265 5 1.1551
21 266 1 0.1128
21 267 3 0.6425
21 268 4 0.8582
21 269 150 42.4260
21 270 2 0.4373
21 272 122 27.8872
21 274 14 3.8434
21 275 20 5.9720
21 276 13 2.7294
21 278 20 4.3642
21 280 1 0.1755
21 281 138 31.9545
21 282 778 183.3675
21 283 4 1.1155
21 284 1 0.2463
21 285 130 32.8059
21 286 29 7.4518
21 287 4 0.8185
21 289 7 1.7075
21 290 18 4.2546
21 292 21 5.1538
21 293 4 1.0636
21 294 7 1.9177
21 296 104 23.8306
21 297 4 0.8110
21 299 30 7.9699
21 300 13 3.2673
21 301 124 30.7942
21 305 188 44.2878
21 307 1 0.1898
21 308 10 1.9235
21 309 11 2.4622
21 310 1 0.2091
21 311 23 5.1027
21 312 14 3.8565
21 313 1 0.2262
21 315 32 11.2127
21 317 297 83.5042
21 318 8 2.9037
21 319 81 20.9915
21 321 1 0.2061
21 322 11 2.4331
21 323 2 0.4219
21 324 474 129.5412
21 325 4 0.7970
21 326 1 0.2208
21 327 1840 522.8076
21 329 35 8.5592
21 330 6 1.0770
21 331 10 2.1417
21 332 2 0.4124
21 333 17 3.9005
21 334 1 0.2598
21 335 18 4.7495
21 336 13 4.4944
21 337 57 13.4449
21 338 24 5.3229
21 340 1 0.1598
21 341 92 20.4507
21 342 21 4.7010
21 343 8 2.8046
21 344 2 0.3170
21 345 1 0.1913
21 346 30 6.7103
21 347 12 2.7823
21 348 1 0.1772
21 349 63 16.6638
21 350 16 7.3821
21 351 38 8.8948
21 352 3 0.6579
21 353 15 3.6530
21 355 8 1.8913
21 356 21 4.7162
21 357 40 10.4673
21 358 11 2.4602
21 359 3 0.6323
21 360 4 0.9991
21 361 12 2.5125
21 363 6 1.3158
21 364 2 0.3721
21 365 6 2.1112
21 367 287 66.3329
21 368 820 191.1848
21 369 349 80.0975
21 371 22 5.1869
21 372 3 0.7155
21 373 1352 327.3189
21 374 24 5.3598
21 375 150 37.0344
21 376 17 4.7391
21 377 8 1.4646
21 378 25 5.6056
21 379 29 7.1383
21 380 124 25.4307
21 381 78 29.8161
21 382 8 1.9573
21 383 5 1.1450
22 0 2 0.5745
22 1 24 5.7490
22 2 414 96.6950
22 3 72 16.8470
22 4 38 8.6619
22 5 20 4.1103
22 6 173 39.1729
22 8 11 2.2494
22 9 4 1.1244
22 10 111 24.5179
22 11 1 0.2451
22 12 17 4.5304
22 13 7 1.5114
22 18 13 3.9202
22 19 5 1.4741
22 21 14 2.8592
22 22 54 11.9468
22 23 4 1.2192
22 25 3 0.7336
22 26 6 1.3588
22 27 78 17.8454
22 28 23 5.0565
22 29 22 4.7233
22 30 1 0.1951
22 32 3 0.9335
22 33 16 2.8120
22 34 18 4.2113
22 36 11 2.5296
22 39 84 19.2554
22 40 2 0.3849
22 42 50 9.5149
22 44 64 15.7036
22 45 3 0.6460
22 47 1 0.1699
22 48 5 1.2559
22 50 12 2.8815
22 51 2 0.5901
22 52 493 128.1974
22 53 3 0.6209
22 54 1 0.1936
22 55 1 0.1791
22 56 5 1.5217
22 57 169 40.2408
22 58 8 1.9901
22 59 2 0.3670
22 60 2 0.5605
22 62 51 11.1443
22 63 3 0.6945
22 65 1 0.1503
22 67 1 0.2300
22 68 502 119.0591
22 69 582 127.0862
22 70 31 7.7271
22 72 186 43.3889
22 73 23 5.6493
22 74 47 11.3064
22 76 2 0.4708
22 77 26 6.1611
22 78 94 21.1037
22 79 3 0.7420
22 81 36 8.0379
22 82 5 1.0004
22 84 112 34.1136
22 85 182 59.1539
22 86 2 0.4676
22 87 209 60.5265
22 90 14 3.5988
22 91 6 1.6904
22 92 12 2.3069
22 93 30 6.9332
22 95 27 6.5880
22 96 6 1.6766
22 97 17 4.5622
22 99 80 17.6619
22 100 28 5.9666
22 101 16 3.3518
22 102 1 0.1107
22 104 1 0.2501
22 107 419 106.1739
22 108 3 0.6042
22 109 21 5.3251
22 110 91 22.4006
22 111 4 0.9415
22 112 8 1.6432
22 113 54 10.3733
22 114 3 0.6473
22 115 16 4.0356
22 116 8 1.6344
22 117 9 1.9061
22 118 1624 494.4748
22 120 4 0.6756
22 121 574 139.2923
22 123 25 7.7231
22 125 45 12.0703
22 126 4 0.9298
22 127 26 5.2066
22 128 52 20.0540
22 130 30 7.6013
22 131 268 60.1299
22 132 101 21.2953
22 133 124 28.3578
22 134 2 0.4355
22 135 1 0.2408
22 136 6 1.8002
22 137 10 2.0815
22 138 19 5.1861
22 139 75 15.9503
22 140 235 48.4416
22 141 19 4.0656
22 143 6 1.2330
22 144 11 2.4878
22 145 15 4.3038
22 146 14 3.5911
22 147 50 11.2809
22 148 24 5.2361
22 149 1 0.2813
22 150 383 86.4560
22 151 92 20.6821
22 152 5 1.2771
22 154 116 25.0754
22 155 91 20.1583
22 156 9 2.1035
22 157 9 2.0252
22 158 313 78.9441
22 159 269 61.5444
22 160 4 0.9896
22 162 6 1.2688
22 163 54 13.1050
22 166 27 6.2018
22 167 8 2.0290
22 168 46 10.0155
22 169 6 1.2925
22 171 14 3.1518
22 172 17 3.9985
22 173 31 8.9390
22 174 109 26.1413
22 175 3 0.6971
22 176 11 3.2273
22 177 108 25.0915
22 178 305 63.8530
22 179 91 21.2317
22 180 4 1.0801
22 182 356 77.3858
22 183 1 0.2198
22 184 207 81.4411
22 185 61 13.9839
22 186 3 0.6973
22 189 1 0.1850
22 191 3 0.7026
22 192 42 14.1797
22 193 58 12.7052
22 194 8 1.5713
22 195 10 2.2810
22 196 3 0.5989
22 198 8 1.9046
22 199 17 4.8718
22 200 5 1.2968
22 202 56 11.1070
22 203 5 1.1299
22 204 19 4.5204
22 205 19 4.4895
22 206 18 5.3050
22 207 69 21.8033
22 208 34 6.4080
22 209 6 1.6298
22 210 17 4.0716
22 211 43 8.7444
22 212 14 2.8570
22 213 26 5.4990
22 214 114 24.6386
22 215 51 10.5770
22 216 3 1.2617
22 218 49 10.4673
22 219 74 18.1420
22 221 340 81.7788
22 223 1 0.1521
22 224 1 0.1241
22 225 36 10.3172
22 227 4 0.8332
22 228 121 25.5269
22 229 2 0.3990
22 230 107 25.0579
22 231 14 3.3610
22 232 21 4.6878
22 233 71 19.2594
22 234 243 54.0123
22 235 26 5.8096
22 236 40 11.1702
22 238 218 46.9151
22 239 4 0.8692
22 240 35 6.8143
22 241 8 1.8640
22 242 4 1.1371
22 243 1 0.2290
22 244 68 14.7355
22 245 16 3.7862
22 246 3 0.6183
22 248 9 1.7361
22 249 1 0.3180
22 250 10 2.7066
22 251 9 2.4869
22 253 72 23.2093
22 254 1 0.1159
22 255 1 0.1067
22 256 2 0.5078
22 257 34 7.9029
22 258 3 0.5520
22 259 77 16.8820
22 260 13 2.9036
22 261 5 1.0017
22 263 88 20.9411
22 264 13 3.3235
22 265 18 4.1345
22 266 4 0.7466
22 267 3 0.7198
22 268 15 3.0090
22 269 79 23.0706
22 271 50 11.2109
22 272 3 0.5992
22 273 5 1.3836
22 274 80 19.0535
22 275 158 30.5809
22 276 1 0.1847
22 277 547 139.2664
22 278 50 13.0470
22 279 8 2.1357
22 280 15 4.9686
22 281 12 2.8000
22 282 5 0.9766
22 283 2 0.3408
22 284 3 0.6837
22 285 1 0.3567
22 286 79 19.0244
22 287 18 3.9129
22 288 2 0.5083
22 289 10 1.9707
22 290 10 2.0689
22 292 4 0.8751
22 293 606 138.9799
22 294 58 12.9738
22 295 19 5.1985
22 296 53 11.8117
22 297 11 2.5193
22 298 6 1.1389
22 299 5 1.3166
22 300 22 6.1515
22 301 5 1.2685
22 302 272 73.8328
22 303 21 4.6242
22 304 11 2.4623
22 306 3 0.4705
22 307 7 1.6161
22 308 5 0.9903
22 309 1 0.2205
22 311 16 3.1468
22 312 4 0.7223
22 313 106 24.4478
22 314 30 7.3275
22 316 116 25.4712
22 317 14 3.7194
22 318 28 8.1505
22 319 12 3.2101
22 320 240 58.0456
22 321 11 2.1476
22 322 13 2.9910
22 323 6 1.1883
22 324 12 2.6330
22 325 2 0.4648
22 326 387 80.4123
22 327 42 9.5087
22 328 137 31.6590
22 330 105 24.0914
22 331 3 0.6250
22 333 4 0.9246
22 334 54 13.6355
22 335 370 96.3251
22 336 1 0.2112
22 337 148 33.8412
22 338 15 3.5509
22 339 4 0.5073
22 340 17 3.8610
22 341 36 7.6773
22 342 14 2.8552
22 344 33 8.3038
22 345 41 8.7935
22 346 5 1.0393
22 347 104 21.5871
22 348 16 4.1166
22 349 32 6.1879
22 350 46 12.7498
22 351 91 20.7129
22 352 4 0.9538
22 354 93 27.9935
22 355 7 1.6811
22 356 7 1.5196
22 357 7 1.5278
22 358 2 0.4297
22 359 24 4.9332
22 360 12 2.9508
22 362 8 2.1007
22 363 119 25.9703
22 364 90 26.1725
22 365 17 4.2726
22 366 9 2.1153
22 367 10 3.6989
22 368 4 0.8204
22 369 2 0.4611
22 370 46 8.7699
22 371 219 52.6189
22 372 10 2.6287
22 373 2259 679.9535
22 374 50 11.7067
22 375 2 0.4162
22 376 589 136.0898
22 377 24 4.5569
22 378 74 19.3024
22 379 8 1.7540
22 380 124 28.9677
22 381 84 25.8984
22 383 248 57.0077
23 0 21 4.4940
23 1 9 1.9493
23 2 6 1.3000
23 3 3 0.5650
23 4 41 8.7191
23 5 24 7.2025
23 6 72 22.5172
23 7 3 0.6691
23 8 2 0.3680
23 9 59 13.2208
23 10 17 4.7454
23 11 7 1.8301
23 12 11 2.4500
23 13 11 3.3612
23 14 4 1.3307
23 15 7 1.5730
23 16 15 3.0810
23 17 449 121.0376
23 18 5 1.2069
23 19 63 11.8824
23 20 261 60.4195
23 21 1 0.2007
23 22 1 0.1539
23 23 8 1.5879
23 24 9 2.9628
23 25 64 13.1806
23 26 324 69.7087
23 27 46 13.7964
23 28 5 0.8495
23 29 257 59.8094
23 30 6 2.2053
23 32 20 6.0296
23 33 22 4.7979
23 34 3 0.5920
23 35 12 1.9226
23 36 1 0.1134
23 37 67 14.3092
23 38 39 7.5813
23 40 45 15.6469
23 41 123 30.0223
23 43 13 2.8901
23 44 34 12.6696
23 45 6 1.5790
23 46 11 2.5673
23 47 2 0.3811
23 48 155 47.3461
23 49 9 2.4678
23 50 119 24.0100
23 51 6 1.2319
23 52 12 3.8820
23 53 49 9.9504
23 54 41 12.2452
23 55 11 2.6401
23 56 5 1.4456
23 57 74 21.6606
23 58 3 0.6359
23 59 3 0.8780
23 61 35 6.8830
23 62 1 0.2730
23 63 3 0.7556
23 64 26 5.9695
23 65 4 0.7456
23 66 26 9.0236
23 67 36 10.6833
23 68 39 10.1312
23 69 50 12.6915
23 71 10 2.1604
23 72 26 5.4366
23 73 24 5.0019
23 74 2 0.3247
23 75 6 1.3946
23 76 84 18.8129
23 77 1 0.2628
23 78 8 2.2779
23 79 15 5.1242
23 80 10 2.5823
23 81 14 2.3486
23 82 84 19.8956
23 84 14 2.7600
23 85 9 1.9748
23 86 18 5.7619
23 87 4 1.2063
23 88 30 10.4871
23 89 6 1.3682
23 90 8 1.5828
23 91 528 108.6251
23 92 42 8.5367
23 94 27 6.1494
23 95 69 19.6687
23 96 20 4.3242
23 97 1500 373.9321
23 98 2 0.3856
23 99 3 0.6187
23 100 19 4.2085
23 101 17 3.7702
23 102 2 0.3807
23 103 60 14.8769
23 104 46 10.2032
23 105 2 0.3417
23 106 71 15.9928
23 107 7 1.4394
23 108 33 6.8338
23 109 16 4.5126
23 110 35 11.0118
23 111 5 1.0988
23 112 5 1.4734
23 113 28 7.8859
23 115 16 3.7894
23 116 25 7.0062
23 117 2 0.3610
23 118 24 6.1928
23 119 11 2.7183
23 120 124 24.6520
23 121 12 3.3535
23 122 30 6.1450
23 123 12 2.3739
23 125 24 7.0038
23 126 37 8.9028
23 127 12 2.5772
23 128 308 66.9104
23 129 32 8.5903
23 130 15 2.9080
23 131 54 14.5876
23 132 13 3.7062
23 133 35 8.7622
23 134 24 5.1021
23 135 37 8.3372
23 136 1 0.1786
23 137 27 5.4579
23 139 17 5.3465
23 140 2 0.5959
23 141 4 0.7625
23 142 34 7.2328
23 143 26 7.6858
23 144 24 5.4003
23 145 1 0.2155
23 146 10 2.7991
23 147 87 18.6865
23 148 5 1.8633
23 149 89 24.2546
23 150 19 4.9294
23 151 30 8.0385
23 152 335 96.6980
23 153 3 0.5258
23 154 62 18.6622
23 155 28 5.4823
23 156 11 3.7179
23 157 11 4.0544
23 158 2 0.3915
23 159 2 0.4956
23 160 166 37.3701
23 162 103 25.4620
23 163 29 7.5938
23 164 18 4.3367
23 165 7 1.2917
23 166 36 10.1318
23 167 30 9.3790
23 168 49 10.4257
23 169 19 3.8712
23 170 3 0.9803
23 171 80 14.8671
23 172 6 1.6236
23 173 5 1.3746
23 174 17 3.7275
23 175 9 2.0483
23 176 6 1.2708
23 177 21 3.9601
23 178 1 0.4253
23 179 1 0.3454
23 180 108 22.7950
23 181 4 1.3605
23 182 9 1.9008
23 183 17 4.6299
23 184 15 4.4345
23 185 2 0.4565
23 186 4 0.8844
23 187 19 4.2784
23 188 3 0.5582
23 189 59 15.1052
23 190 3 0.6802
23 191 51 14.4301
23 192 16 5.7556
23 193 6 1.3449
23 195 1 0.2108
23 196 184 118.7041
23 197 60 13.1728
23 198 11 2.7134
23 199 53 14.8591
23 200 1 0.1891
23 201 9 1.6923
23 202 16 2.9165
23 204 5 0.9811
23 205 2285 622.9272
23 206 49 10.6677
23 207 38 9.1027
23 208 14 4.2660
23 209 102 22.4482
23 210 26 5.5624
23 211 7 1.5355
23 212 8 1.7155
23 213 5 1.2509
23 214 3 0.6030
23 215 2 0.4399
23 216 8 1.8940
23 217 21 4.0182
23 218 22 4.7612
23 219 980 238.0162
23 220 15 3.1768
23 221 3 0.6503
23 222 26 8.4749
23 223 3 0.6188
23 224 1260 287.6854
23 225 15 3.4948
23 226 29 6.2843
23 227 6 1.1844
23 228 1 0.3732
23 230 3 0.7521
23 231 39 9.3597
23 235 25 4.9078
23 236 7 1.3775
23 238 1 0.1541
23 239 3 0.4425
23 240 5 1.0738
23 242 34 8.1972
23 243 100 21.8808
23 245 59 12.5008
23 247 15 4.3978
23 250 2 0.4651
23 251 16 3.1633
23 253 1 0.2963
23 254 8 2.2320
23 255 77 16.2164
23 256 111 24.3224
23 257 111 24.2928
23 258 12 4.0334
23 259 14 2.7566
23 260 30 7.9839
23 262 2 0.3698
23 263 13 3.3300
23 264 6 1.4159
23 265 13 2.3902
23 266 70 17.4360
23 267 1 0.1879
23 268 26 5.4123
23 269 2 0.4549
23 270 22 4.5928
23 271 716 160.7042
23 272 6 1.2880
23 273 36 8.1822
23 274 28 6.3092
23 275 7 1.2811
23 276 26 5.5170
23 277 146 34.0373
23 278 3 1.3736
23 279 27 10.0809
23 280 1 0.2264
23 281 1 0.1685
23 282 11 2.3971
23 283 180 41.1117
23 284 23 5.1435
23 285 64 15.3248
23 286 12 3.2225
23 287 6 1.5408
23 288 6 1.2161
23 290 13 3.7618
23 291 26 7.1500
23 292 249 63.9985
23 293 10 2.8511
23 294 11 3.3349
23 295 5 0.9578
23 296 9 3.1072
23 297 2 0.4704
23 298 6 1.3780
23 299 42 9.0606
23 300 19 4.9286
23 301 8 1.7611
23 302 63 15.2670
23 305 26 8.9809
23 306 29 5.8808
23 307 5 1.1086
23 308 5 0.9727
23 309 35 9.1829
23 311 1 0.2330
23 312 4 0.6238
23 313 12 4.3405
23 314 4 0.8086
23 315 46 10.2832
23 316 24 7.5350
23 317 161 33.1718
23 318 3 0.6959
23 319 2 0.4765
23 320 298 59.4427
23 322 36 11.1806
23 324 5 0.8758
23 325 13 3.2487
23 326 14 3.1780
23 327 1 0.1824
23 328 24 5.1442
23 329 70 17.8471
23 331 36 9.0236
23 332 178 38.9718
23 333 54 15.7672
23 334 33 7.5154
23 335 114 23.0141
23 336 7 1.3612
23 338 7 1.3984
23 339 10 3.3033
23 341 2 0.3105
23 342 5 1.0307
23 344 63 12.6086
23 345 47 10.8372
23 346 31 6.8964
23 347 130 26.2894
23 348 26 5.8508
23 349 23 4.7987
23 350 4 1.0017
23 351 22 4.1601
23 352 5 1.0082
23 353 7 1.4629
23 354 29 5.6576
23 355 3 0.6024
23 356 140 32.3982
23 357 2 0.4745
23 358 2551 672.7476
23 360 4 0.8126
23 361 92 25.7176
23 362 20 4.5103
23 363 4 0.7644
23 364 25 5.8050
23 365 14 3.9541
23 366 233 47.8100
23 367 144 29.2348
23 368 13 4.4087
23 370 13 4.1118
23 372 244 107.4537
23 373 1 0.2019
23 374 26 5.3940
23 375 25 5.2333
23 376 8 1.6057
23 377 79 17.1023
23 378 6 1.3004
23 381 5 1.1471
23 382 49 10.2163
23 383 19 3.9090
24 0 53 12.6822
24 2 327 75.9081
24 3 133 28.0462
24 4 4 0.9317
24 5 98 23.1157
24 6 13 3.2888
24 7 85 19.6079
24 8 8 1.9019
24 10 1037 253.9277
24 11 12 2.7959
24 12 5 1.1187
24 13 6 1.4170
24 14 15 4.1185
24 15 334 76.4790
24 16 77 18.3052
24 17 3 0.7282
24 19 22 4.2868
24 20 26 10.2097
24 22 313 72.5764
24 24 34 8.2660
24 26 2 0.4794
24 27 9 2.0123
24 28 9 2.7331
24 30 4 1.1133
24 31 2 0.4722
24 32 81 18.7982
24 33 163 37.3126
24 34 8 1.7863
24 35 56 13.0245
24 36 45 12.8776
24 37 171 40.6290
24 38 1 0.2135
24 39 140 34.0584
24 40 1 0.2122
24 41 612 169.7057
24 42 91 19.8158
24 43 349 82.6981
24 44 1 0.2186
24 45 35 8.4107
24 46 28 6.7281
24 47 534 157.7693
24 48 91 19.5788
24 51 36 8.3988
24 52 206 49.2532
24 53 3 0.5749
24 54 13 3.1298
24 55 11 2.1562
24 57 676 173.2625
24 58 33 7.5247
24 59 2 0.4311
24 60 21 5.1907
24 61 31 7.3517
24 62 5 1.0542
24 63 30 6.4683
24 64 27 6.0798
24 66 7 1.9264
24 67 5 0.9018
24 70 4 1.3330
24 71 1 0.1833
24 72 29 5.1779
24 73 18 4.0464
24 76 11 2.3723
24 78 4 0.8885
24 79 1 0.2565
24 80 3 0.7060
24 81 1 0.1617
24 82 4 0.8151
24 83 64 16.1972
24 84 39 9.5156
24 86 40 9.2492
24 87 40 9.2724
24 88 18 5.4998
24 89 2 0.3454
24 90 20 4.2816
24 91 30 6.5031
24 92 12 3.1777
24 93 26 5.0989
24 96 120 26.0222
24 97 23 6.1695
24 98 8 1.8960
24 99 23 5.1320
24 100 43 9.3678
24 101 2 0.4931
24 103 19 5.1489
24 104 49 11.6879
24 105 31 8.1971
24 106 494 121.0292
24 107 14 2.8011
24 108 40 9.5771
24 109 14 3.4305
24 111 2 0.4834
24 112 25 5.0359
24 113 16 3.7761
24 114 33 8.8527
24 115 15 4.0853
24 117 5 1.1662
24 118 2 0.5596
24 119 40 9.5684
24 120 2 0.3602
24 121 4 0.7210
24 122 32 10.1731
24 123 45 11.8230
24 124 52 13.5496
24 126 8 1.7279
24 127 173 40.1006
24 130 23 5.1229
24 132 5 1.8053
24 133 69 16.5442
24 134 31 7.4338
24 135 76 17.2829
24 136 11 2.9666
24 137 1 0.2427
24 138 49 12.4094
24 139 554 140.8283
24 140 1 0.2401
24 141 13 2.8209
24 143 28 6.7470
24 145 15 3.5463
24 146 832 216.3984
24 147 368 90.5407
24 150 8 1.7631
24 152 8 1.7808
24 153 2 0.4651
24 154 40 8.7685
24 155 86 19.1186
24 157 17 4.3979
24 158 88 19.2118
24 159 5 0.9200
24 161 96 22.0182
24 162 71 18.3451
24 163 20 4.1350
24 164 20 5.1444
24 165 10 2.3768
24 166 13 3.1056
24 167 36 8.7377
24 168 1 0.2373
24 169 1 0.1990
24 171 1 0.2256
24 173 50 11.2153
24 174 3 0.5186
24 175 17 3.7955
24 177 6 1.3199
24 178 12 2.8009
24 179 4 0.9689
24 180 12 2.7207
24 181 27 7.6494
24 182 22 5.0388
24 183 76 30.4556
24 184 15 3.3100
24 185 37 12.2796
24 186 4 0.8890
24 187 2 0.4668
24 188 20 4.5618
24 189 108 24.3452
24 190 26 6.5517
24 191 5 1.1393
24 192 83 19.4579
24 193 21 4.7315
24 195 14 2.8930
24 196 15 4.1393
24 197 4 0.9301
24 198 27 6.1495
24 199 86 18.1792
24 201 8 1.9757
24 202 45 11.8149
24 203 16 3.7259
24 204 279 75.0522
24 206 5 1.1287
24 208 137 32.5700
24 209 25 5.4087
24 211 6 1.3848
24 212 57 13.6819
24 213 18 3.9905
24 214 14 3.6572
24 215 10 2.4229
24 216 28 6.5042
24 218 45 10.9561
24 219 295 66.2931
24 221 1 0.1953
24 222 30 6.9421
24 223 289 75.9333
24 224 75 17.8239
24 225 457 104.1025
24 227 11 2.1696
24 229 7 1.6479
24 230 32 7.1051
24 231 26 5.9930
24 232 441 100.2720
24 233 5 1.4032
24 234 2 0.3465
24 236 9 2.0589
24 237 228 48.9572
24 238 87 20.3537
24 240 33 7.1150
24 241 26 7.4142
24 243 11 2.4761
24 244 53 16.0572
24 245 7 1.7498
24 246 155 36.3976
24 247 104 23.7166
24 249 916 228.9264
24 250 1 0.2056
24 252 81 20.3421
24 253 7 1.1094
24 254 6 1.4258
24 255 27 6.1871
24 257 195 43.8459
24 259 83 17.2679
24 261 1 0.2222
24 262 28 6.2622
24 263 39 9.6343
24 264 73 16.9307
24 265 26 6.0797
24 266 352 87.3810
24 268 10 2.1460
24 269 147 42.9470
24 272 9 3.3056
24 273 39 7.9649
24 274 3 0.7424
24 275 113 28.0603
24 276 33 7.7538
24 277 30 6.1934
24 278 37 9.6589
24 280 1 0.2529
24 281 12 3.2430
24 282 3 0.5352
24 283 182 41.4181
24 284 25 8.2165
24 285 107 35.7176
24 286 2 0.4647
24 287 6 1.2253
24 289 5 1.0624
24 290 18 4.1989
24 291 10 2.6297
24 292 131 29.8846
24 293 1 0.2463
24 294 55 13.5984
24 295 1 0.2752
24 296 81 18.5972
24 297 6 1.2935
24 298 3 0.6657
24 299 44 10.1494
24 300 17 3.2671
24 302 11 2.5114
24 303 1 0.2002
24 304 17 3.7954
24 306 7 1.5547
24 307 15 3.3456
24 309 1 0.2140
24 311 303 64.8084
24 313 39 10.3329
24 314 18 3.9865
24 315 140 33.2884
24 316 30 6.4180
24 317 71 19.7366
24 319 4 1.0029
24 321 13 4.6092
24 322 14 3.0262
24 323 4 0.8631
24 324 145 35.3831
24 325 39 8.1348
24 326 62 17.8346
24 328 5 1.2220
24 330 76 16.1118
24 331 52 10.8893
24 332 82 19.3211
24 333 218 50.3438
24 334 3 0.6561
24 335 15 3.4971
24 336 12 2.6823
24 337 3 0.5771
24 338 223 50.8784
24 339 16 3.5760
24 341 7 1.7380
24 342 14 5.9579
24 343 71 20.8137
24 344 10 2.4807
24 345 26 5.1294
24 346 469 119.7258
24 347 4 0.8974
24 351 11 2.9178
24 353 20 4.4262
24 354 13 3.0288
24 355 144 31.3443
24 356 31 6.9591
24 358 48 14.7822
24 359 52 11.7271
24 360 1 0.2061
24 361 4 0.8943
24 362 15 5.1679
24 363 5 1.5891
24 364 7 1.9133
24 365 51 11.6173
24 367 835 317.8316
24 368 7 1.8407
24 369 61 14.2400
24 370 14 3.3363
24 372 4 0.6754
24 375 8 1.7394
24 376 11 2.8511
24 378 9 2.0215
24 379 18 4.2173
24 382 100 23.1709
25 1 6 1.3376
25 3 1 0.1734
25 4 41 9.7720
25 7 511 135.5126
25 8 3 0.7107
25 11 22 6.0798
25 12 1 0.1079
25 13 7 1.4953
25 14 1 0.2300
25 15 14 4.1136
25 16 61 13.0051
25 17 10 1.8708
25 18 21 4.6386
25 20 552 142.9149
25 21 49 9.0345
25 23 249 55.6407
25 24 41 9.9085
25 25 2 0.3525
25 26 2 0.4266
25 29 1 0.2035
25 32 417 101.2159
25 33 258 60.0888
25 34 24 5.5842
25 35 20 4.6389
25 36 23 5.9666
25 37 41 9.4651
25 40 32 7.0127
25 41 31 6.8023
25 42 166 37.2716
25 43 45 10.5096
25 45 10 2.3857
25 47 60 17.6431
25 51 2 0.3933
25 53 5 1.2337
25 54 38 9.9026
25 55 57 16.3069
25 56 3 0.7533
25 58 165 36.9350
25 59 2 0.4556
25 60 27 6.1671
25 61 2 0.5045
25 62 24 5.2263
25 63 9 3.1913
25 64 15 3.4991
25 65 11 2.4513
25 66 24 5.3053
25 67 49 10.0154
25 68 5 1.1485
25 71 4 0.8541
25 72 1 0.2165
25 73 99 24.9305
25 74 6 1.4202
25 75 119 26.0959
25 80 8 1.5678
25 82 57 11.8602
25 83 10 1.9676
25 86 1041 243.2447
25 87 1 0.1821
25 88 3 0.7106
25 89 33 7.7619
25 90 35 10.3052
25 92 39 7.1720
25 93 3 0.3358
25 94 150 30.2558
25 96 15 2.8760
25 97 171 40.8783
25 98 25 5.6307
25 99 18 4.6765
25 101 26 5.9374
25 103 271 57.0633
25 104 2 0.4222
25 105 9 1.9442
25 106 290 70.2192
25 107 20 4.8080
25 108 2 0.3704
25 110 4 0.8668
25 111 865 264.8436
25 112 60 17.4396
25 113 12 2.8886
25 114 5 1.3112
25 115 331 79.5600
25 116 4 0.9517
25 118 3 0.5543
25 120 12 2.8217
25 121 25 7.2572
25 122 27 5.2515
25 124 113 23.9010
25 125 8 1.6327
25 127 2 0.4553
25 128 51 13.7396
25 130 22 5.2704
25 131 5 1.1260
25 132 19 3.6380
25 133 1 0.2368
25 134 86 17.8921
25 135 37 8.4664
25 136 189 45.0087
25 138 2 0.1879
25 139 87 21.4166
25 140 4 0.7798
25 141 7 1.6584
25 142 20 4.1915
25 143 4 0.8491
25 144 28 6.7840
25 145 16 3.0471
25 146 1 0.2080
25 147 17 3.4644
25 149 1 0.1943
25 150 81 18.5870
25 151 100 24.8097
25 152 168 39.8008
25 153 19 4.3325
25 156 85 20.5058
25 157 3 0.6941
25 158 1 0.1140
25 159 26 6.2316
25 160 85 20.3098
25 161 22 4.7150
25 162 15 3.0448
25 163 114 27.7587
25 164 1080 349.6035
25 165 87 19.6398
25 166 41 9.4705
25 167 70 15.8220
25 168 102 23.7513
25 169 3 0.6602
25 171 42 13.7767
25 172 1 0.2691
25 174 11 2.3219
25 177 51 13.1434
25 178 44 11.1898
25 179 16 3.7432
25 180 8 1.9774
25 181 3 0.7099
25 182 101 23.5538
25 184 141 30.9652
25 185 2 0.5365
25 186 52 11.4166
25 187 43 9.3167
25 188 36 12.1918
25 189 147 34.8348
25 192 6 1.8716
25 193 1 0.2618
25 197 58 14.5417
25 198 1 0.2330
25 199 148 34.3353
25 200 3 0.6547
25 203 10 2.1485
25 204 9 2.0415
25 205 114 26.6353
25 206 2 0.4538
25 208 167 47.4438
25 209 9 1.9255
25 210 59 13.7921
25 211 234 62.7279
25 213 8 1.5677
25 214 28 6.6554
25 215 179 41.3653
25 216 263 75.3822
25 217 14 2.6826
25 218 1 0.2301
25 220 58 12.4393
25 221 59 14.3843
25 223 3 0.5151
25 224 1 0.1750
25 225 36 8.6564
25 227 10 1.6429
25 228 1 0.1482
25 229 15 3.3717
25 230 6 1.2100
25 231 35 8.7915
25 233 56 12.8169
25 234 1 0.1046
25 235 70 16.4423
25 236 5 0.9173
25 237 21 4.8652
25 238 2 0.3864
25 239 92 20.5723
25 240 7 1.6339
25 241 97 20.1087
25 242 510 102.7673
25 244 73 17.5676
25 246 30 7.1516
25 247 23 5.5510
25 248 20 4.7359
25 249 53 12.5816
25 250 118 28.0461
25 251 659 141.5353
25 252 55 12.0918
25 253 13 2.4878
25 256 24 4.6980
25 257 8 1.9442
25 260 498 118.0215
25 261 179 40.5448
25 263 70 15.0950
25 265 38 8.4388
25 266 21 4.5372
25 268 1 0.1488
25 269 31 6.3150
25 270 16 3.5163
25 271 82 20.6085
25 272 27 6.9247
25 273 2 0.3166
25 274 28 6.6332
25 276 41 9.6377
25 277 53 12.4400
25 279 66 15.5887
25 283 41 9.7771
25 285 1 0.2945
25 286 6 1.3007
25 287 65 14.8571
25 288 98 19.0210
25 290 11 2.4884
25 291 59 13.6685
25 293 899 273.6710
25 294 11 2.0234
25 295 20 4.4469
25 299 12 2.8606
25 300 5 1.2676
25 301 357 81.2258
25 302 71 13.3314
25 303 82 17.1847
25 304 4 0.8324
25 305 1 0.1689
25 306 126 29.1293
25 309 1 0.3062
25 310 326 74.9007
25 312 15 3.2329
25 314 3 0.7257
25 315 55 13.7777
25 316 3 0.4969
25 318 25 5.5698
25 320 53 13.0346
25 321 69 18.9338
25 322 1 0.1888
25 323 190 46.7928
25 324 6 1.8732
25 325 19 4.0627
25 327 14 2.9316
25 328 50 12.4529
25 330 12 2.4471
25 331 79 20.8365
25 332 3 0.6615
25 333 27 7.1326
25 335 41 10.0517
25 336 86 19.9630
25 337 46 12.7469
25 338 1 0.1647
25 339 1 0.2418
25 340 14 4.4264
25 344 17 2.4123
25 346 8 1.8490
25 347 15 2.8449
25 348 2 0.3421
25 349 94 22.2877
25 351 46 10.6893
25 352 10 2.2941
25 354 8 1.3654
25 356 6 1.1746
25 357 48 11.4789
25 358 613 150.4929
25 359 710 237.2119
25 360 111 23.8340
25 361 1 0.2260
25 364 132 39.1901
25 365 11 1.8837
25 367 13 3.1908
25 368 15 3.0885
25 370 3 0.6988
25 371 26 6.5680
25 372 2 0.4631
25 373 36 8.4962
25 375 4 0.7048
25 377 5 1.0731
25 381 3 0.7636
25 382 7 1.3982
25 383 61 13.7646
26 0 32 7.2044
26 3 3 0.7938
26 4 90 20.2972
26 5 1 0.1898
26 6 1 0.2611
26 7 2 0.5190
26 8 10 1.7456
26 9 8 1.6773
26 11 33 6.9053
26 12 401 87.7312
26 14 54 12.4754
26 15 77 21.7981
26 16 107 24.3657
26 17 41 9.1123
26 20 48 9.9890
26 26 44 9.5249
26 27 41 9.9213
26 28 67 15.4990
26 29 69 16.1383
26 30 22 5.1770
26 31 7 1.7072
26 32 2 0.3279
26 33 1 0.2238
26 34 1 0.1329
26 36 58 12.7287
26 37 749 216.2058
26 39 32 8.3357
26 40 48 11.6159
26 41 136 29.2220
26 42 17 3.9465
26 43 9 2.0891
26 44 15 3.1491
26 45 45 8.2413
26 46 24 5.3996
26 48 121 26.8485
26 49 100 22.5448
26 50 5 1.0485
26 51 11 2.2110
26 54 55 11.8152
26 58 2 0.2711
26 60 35 9.1828
26 61 4 0.7789
26 62 6 1.1756
26 64 3 0.6280
26 66 1 0.2682
26 68 11 2.4705
26 69 250 55.7606
26 70 14 4.1670
26 72 2 0.3189
26 74 18 3.7757
26 75 1 0.2649
26 76 92 30.3497
26 77 10 1.9389
26 78 7 1.3092
26 79 31 7.0890
26 80 1 0.1864
26 81 131 29.1308
26 82 3 0.6558
26 83 18 3.8987
26 84 54 12.5130
26 85 2 0.4276
26 86 3 0.5186
26 87 47 10.9902
26 88 3 0.6961
26 89 8 1.8507
26 90 128 29.3243
26 91 9 1.7541
26 92 32 6.8219
26 93 873 198.9010
26 94 12 2.4858
26 95 208 48.9555
26 96 1 0.2096
26 97 43 11.0926
26 100 4 0.9445
26 101 7 1.4140
26 102 10 2.1514
26 103 1 0.2435
26 104 3 0.5987
26 105 152 44.2601
26 106 98 24.0239
26 107 75 17.1845
26 108 2 0.4480
26 110 10 1.7059
26 112 25 6.5156
26 113 1 0.2334
26 116 1012 243.3673
26 117 1 0.3612
26 118 45 10.1457
26 119 1 0.2243
26 120 103 24.9269
26 121 46 10.0852
26 122 113 25.0166
26 123 6 1.4238
26 124 2 0.4412
26 125 47 10.1287
26 126 4 0.8918
26 127 1 0.1532
26 128 12 2.6139
26 129 6 1.1386
26 133 338 78.0657
26 134 11 2.1589
26 135 1 0.2316
26 136 29 7.1156
26 137 53 11.2156
26 138 2 0.4903
26 139 16 3.7745
26 140 34 11.3869
26 142 65 14.9529
26 144 1 0.2498
26 145 27 5.9653
26 147 12 3.0050
26 148 29 6.1787
26 149 29 6.3083
26 151 25 5.8741
26 152 11 2.7738
26 153 303 69.0346
26 155 2 0.6395
26 156 7 1.3509
26 157 40 9.6837
26 159 175 44.4589
26 160 47 10.2471
26 162 16 3.4944
26 165 12 3.8669
26 166 25 5.6698
26 167 57 12.6053
26 168 7 1.8513
26 169 6 1.5714
26 170 9 2.2683
26 171 37 8.9345
26 172 5 1.0074
26 173 110 25.2843
26 174 1 0.1999
26 176 173 38.1507
26 177 12 2.9091
26 178 109 26.3013
26 179 36 8.1600
26 181 2 0.3814
26 183 35 7.6003
26 185 28 6.3091
26 186 584 138.1707
26 187 27 5.6302
26 188 2 0.4055
26 189 8 1.9301
26 190 17 3.7294
26 191 14 2.5787
26 192 240 52.9607
26 194 10 2.4448
26 196 5 0.9745
26 197 3 0.6840
26 198 392 89.8102
26 199 23 4.7180
26 200 370 88.5867
26 202 64 15.4273
26 203 1 0.1521
26 204 41 9.8531
26 205 47 10.9190
26 206 911 322.0074
26 207 19 5.8103
26 208 70 15.9711
26 209 27 6.0230
26 211 382 86.4359
26 212 5 0.8634
26 213 2 0.4390
26 214 12 2.8456
26 215 5 1.1067
26 216 18 4.4848
26 217 29 6.3625
26 220 13 3.1865
26 221 5 1.0400
26 223 13 2.9744
26 225 2 0.3525
26 227 327 76.8597
26 228 356 105.5885
26 230 3 0.6149
26 235 3 0.6311
26 236 32 7.2138
26 237 95 21.6713
26 239 192 43.2122
26 240 5 0.9630
26 241 248 56.8087
26 242 16 4.1136
26 244 4 1.0722
26 245 12 2.5906
26 246 1 0.1997
26 248 38 8.6210
26 249 9 2.0506
26 250 5 0.9991
26 251 1 0.1997
26 252 66 15.4249
26 254 73 16.5262
26 255 1 0.2285
26 256 7 1.3630
26 257 31 7.2743
26 258 29 6.2876
26 259 158 41.3686
26 260 1 0.2093
26 262 2 0.4454
26 263 7 1.4221
26 264 1 0.2153
26 265 933 280.7262
26 266 12 2.7234
26 267 1 0.0921
26 268 15 3.7092
26 269 23 5.1982
26 270 72 15.6791
26 272 88 20.9155
26 273 27 5.9874
26 274 7 1.9897
26 276 717 250.9495
26 277 61 13.5507
26 280 138 37.4777
26 281 28 6.5446
26 283 86 18.6700
26 284 27 6.6258
26 285 11 2.3803
26 288 22 5.0367
26 290 194 46.0774
26 292 5 1.1578
26 293 71 15.9330
26 295 1 0.2435
26 296 3 0.6307
26 297 20 4.0585
26 298 24 5.1461
26 299 87 20.1283
26 301 2 0.4100
26 302 1 0.2001
26 303 29 6.5839
26 304 17 3.3163
26 305 4 0.8517
26 307 18 4.0449
26 308 2 0.4402
26 309 169 43.2184
26 310 17 3.8547
26 311 1 0.2483
26 315 82 20.9451
26 317 65 14.7307
26 319 2 0.4745
26 320 3 0.6894
26 323 11 2.5540
26 325 57 13.6941
26 327 1 0.1767
26 328 6 1.4064
26 330 21 4.6087
26 331 38 10.3516
26 332 52 11.8547
26 333 236 50.5698
26 334 4 1.0015
26 336 51 13.2658
26 338 15 4.1783
26 340 33 8.8924
26 341 202 48.9346
26 342 3 0.6259
26 343 154 38.9652
26 344 6 1.2663
26 345 47 11.0379
26 347 25 6.0421
26 348 47 10.4574
26 349 79 18.5220
26 351 66 16.0122
26 353 11 2.2140
26 357 3 0.6486
26 358 5 1.2075
26 360 13 2.4328
26 361 770 180.5976
26 362 49 11.7032
26 364 13 2.8216
26 365 57 12.9687
26 366 1 0.1751
26 367 10 2.7986
26 368 16 3.7001
26 369 16 3.3833
26 370 28 6.6020
26 371 237 55.1337
26 372 13 3.1167
26 373 49 10.9367
26 375 13 2.3754
26 376 90 20.2069
26 377 52 13.0511
26 380 110 22.5697
26 381 1 0.1992
26 382 23 5.4457
26 383 91 26.8030
27 2 42 10.0751
27 3 103 27.2974
27 4 20 4.1198
27 5 2 0.4836
27 6 1 0.2671
27 7 6 1.2414
27 8 14 2.9493
27 9 197 52.9649
27 10 47 15.0779
27 11 1 0.2076
27 12 41 8.2895
27 13 2 0.3220
27 14 1 0.2455
27 16 1 0.1838
27 18 205 44.3521
27 20 1 0.2032
27 21 1 0.1949
27 22 15 3.6075
27 23 316 70.7220
27 25 9 1.8972
27 26 1 0.1409
27 27 21 5.5813
27 28 5 1.6496
27 29 5 1.1200
27 30 3 0.6784
27 31 3 0.6169
27 34 2 0.4474
27 36 2 0.3476
27 37 1 0.1806
27 39 24 4.4126
27 40 19 3.8398
27 41 44 11.5823
27 43 9 3.6416
27 44 3 0.7086
27 45 729 237.4030
27 46 29 5.7834
27 47 14 2.7009
27 48 5 1.3236
27 49 26 7.1653
27 50 56 12.8303
27 51 14 2.5692
27 52 177 39.9288
27 53 8 1.6564
27 54 10 2.4718
27 55 81 17.6486
27 57 111 25.1073
27 59 16 4.8346
27 61 62 14.1821
27 62 69 16.8948
27 63 1013 330.8333
27 64 25 6.9268
27 66 45 9.9251
27 68 27 6.3730
27 69 230 64.9655
27 70 33 7.4140
27 72 12 2.5942
27 73 3 0.6622
27 74 12 2.6983
27 75 1 0.2229
27 76 12 2.7599
27 77 131 31.1792
27 78 51 12.7812
27 79 35 7.3560
27 80 4 0.7399
27 81 1 0.1249
27 82 3 1.3234
27 83 6 1.1501
27 84 1 0.2318
27 85 13 3.1563
27 86 6 1.3588
27 87 5 0.9938
27 88 164 36.6604
27 89 24 5.0661
27 90 129 28.5026
27 91 6 1.1665
27 92 37 9.8153
27 93 39 9.0698
27 94 6 1.3180
27 96 8 1.6198
27 98 2 0.3550
27 99 1 0.1650
27 100 3 0.6650
27 101 658 184.4584
27 102 1 0.3766
27 103 25 6.1435
27 104 48 11.2395
27 105 354 86.9113
27 106 8 1.8992
27 107 29 6.3278
27 108 2 0.4427
27 109 2 0.3387
27 110 27 6.0514
27 111 3 0.5544
27 113 1 0.2543
27 114 27 6.0068
27 115 162 36.4789
27 116 323 91.8619
27 117 11 2.2493
27 119 6 1.2549
27 121 26 5.7784
27 122 15 3.9212
27 124 18 3.5148
27 125 282 63.5314
27 126 19 4.5461
27 127 5 1.1144
27 128 156 33.4756
27 129 116 27.4066
27 130 25 5.1195
27 131 26 6.4172
27 132 1 0.2378
27 133 16 3.3643
27 134 2 0.4306
27 135 4 0.8112
27 136 21 4.5690
27 137 20 4.9965
27 140 7 1.4456
27 142 50 12.3641
27 143 18 4.0493
27 144 4 1.0459
27 145 4 1.0052
27 146 246 55.5930
27 147 82 18.4295
27 148 1503 401.5009
27 149 18 4.5039
27 151 26 5.7853
27 152 43 8.3776
27 153 22 5.6357
27 154 143 40.1090
27 156 4 2.3793
27 157 1 0.2299
27 158 9 2.4082
27 160 9 2.3467
27 163 5 1.1969
27 164 12 2.3513
27 165 103 22.8445
27 166 20 4.3566
27 167 15 2.2352
27 168 16 3.4752
27 169 53 11.0760
27 170 1 0.2861
27 172 1 0.1471
27 173 18 4.3586
27 174 4 0.8299
27 175 1 0.2039
27 176 20 4.5336
27 177 507 117.6704
27 178 4 0.7226
27 179 30 6.8737
27 180 14 2.7585
27 182 9 2.7315
27 183 3 0.6900
27 185 2 0.4302
27 186 160 33.4984
27 188 19 3.6084
27 189 6 1.2638
27 191 2 0.4631
27 192 6 1.2759
27 194 351 75.1050
27 195 14 2.7762
27 196 4 0.9359
27 197 35 8.7743
27 198 51 11.7658
27 199 48 10.3443
27 200 8 1.8762
27 201 3 0.6069
27 202 19 3.9120
27 203 4 0.5212
27 204 27 5.5732
27 205 2 0.3074
27 207 68 14.7023
27 208 37 7.9682
27 209 15 2.7795
27 210 13 2.3365
27 211 11 2.3111
27 213 1 0.2313
27 214 1075 259.6125
27 215 4 1.1916
27 216 19 4.3413
27 218 82 18.9849
27 220 142 31.3349
27 221 27 6.1967
27 222 1 0.1892
27 223 2 0.5426
27 224 22 4.8424
27 225 15 3.1390
27 228 83 16.7819
27 231 35 15.5968
27 233 25 5.5935
27 234 1 0.2212
27 235 5 1.1882
27 236 3 0.4936
27 237 13 3.9994
27 240 28 7.6952
27 241 38 7.4326
27 242 25 7.5514
27 243 45 10.1658
27 244 44 9.9710
27 245 7 1.3947
27 246 49 10.2621
27 247 6 2.3345
27 248 33 7.0705
27 249 21 4.3959
27 250 129 28.9019
27 251 25 5.5364
27 253 21 5.1632
27 254 44 9.6621
27 255 86 19.7926
27 256 4 0.9392
27 257 15 2.8854
27 259 522 124.0161
27 261 13 3.6843
27 262 13 2.7111
27 263 33 7.4620
27 265 55 12.4413
27 266 19 3.8340
27 267 47 12.5914
27 268 40 8.6794
27 270 15 3.0636
27 271 182 42.1994
27 272 7 1.3040
27 273 72 16.8200
27 274 39 8.7216
27 275 14 2.6880
27 276 10 2.1440
27 277 3 0.5778
27 278 51 12.4203
27 279 8 1.7228
27 280 168 38.9316
27 281 12 3.0335
27 282 22 4.5116
27 283 32 7.1622
27 284 10 2.2623
27 285 99 20.7299
27 287 2 0.3410
27 289 206 42.4709
27 291 8 1.6237
27 292 33 6.7588
27 294 1 0.2472
27 295 22 5.0105
27 296 32 7.4259
27 297 54 10.9711
27 298 42 9.8693
27 299 9 2.0644
27 301 1 0.2173
27 302 4 0.9600
27 303 40 8.2265
27 304 11 6.4566
27 305 172 40.7452
27 306 45 12.7351
27 307 3 0.6768
27 308 411 95.2346
27 309 30 6.2789
27 310 8 1.9112
27 313 6 1.3656
27 314 28 9.0327
27 315 222 49.1774
27 319 2 0.4428
27 320 2 0.4083
27 321 8 2.0083
27 322 5 1.5414
27 323 10 1.8023
27 324 18 4.6145
27 325 2 0.4655
27 326 137 30.0113
27 327 15 3.3520
27 328 112 28.2548
27 329 12 2.7099
27 331 74 22.2282
27 333 3 0.7077
27 334 1 0.2119
27 335 21 4.1621
27 336 673 190.2322
27 337 27 5.8315
27 338 4 0.9753
27 339 8 1.5015
27 341 3 0.5438
27 342 134 30.3308
27 343 76 18.9869
27 344 1 0.2250
27 346 31 7.2839
27 351 17 3.6929
27 352 6 1.0677
27 353 64 13.7354
27 354 15 3.3845
27 355 44 10.4623
27 357 1 0.1774
27 358 15 5.3210
27 359 23 5.1994
27 360 2 0.3425
27 361 39 9.1147
27 362 173 51.7837
27 363 200 53.8654
27 365 11 2.7727
27 366 10 2.2276
27 367 47 10.6401
27 369 4 0.7984
27 371 2 0.3821
27 373 92 27.7764
27 374 27 5.6059
27 375 53 12.3872
27 376 1 0.1344
27 378 31 7.9728
27 379 6 1.3857
27 380 7 1.3849
27 381 2 0.3465
27 382 151 34.4347
27 383 102 22.8872
28 1 1 0.2213
28 2 39 9.3537
28 3 11 2.3249
28 7 158 39.3981
28 8 8 1.8798
28 9 24 7.3567
28 11 401 112.6663
28 12 3 0.6065
28 13 7 1.6609
28 14 1 0.1725
28 15 77 18.2675
28 16 27 7.1069
28 19 24 5.5197
28 22 110 27.4629
28 25 3 0.6040
28 26 6 1.4715
28 27 22 5.4469
28 29 5 1.1887
28 30 43 10.8486
28 31 18 5.2259
28 32 39 8.7133
28 34 90 22.1502
28 35 5 1.1190
28 36 4 0.9435
28 38 44 9.9556
28 40 193 45.1175
28 41 19 3.9834
28 43 99 25.6712
28 44 11 2.4475
28 45 11 2.2555
28 46 45 11.0742
28 47 10 2.2520
28 48 40 11.6017
28 49 29 12.5701
28 50 101 24.8412
28 51 41 8.9393
28 52 331 80.6258
28 53 182 41.9270
28 55 9 2.2311
28 56 12 2.1685
28 57 411 100.7996
28 58 154 36.0862
28 59 301 90.6646
28 60 10 2.5252
28 61 21 5.7458
28 63 1 0.1662
28 64 1 0.2514
28 65 22 5.4109
28 67 338 104.4672
28 68 3 0.4744
28 69 4 0.4847
28 70 77 20.8220
28 71 10 1.9621
28 72 39 8.1046
28 73 34 6.9863
28 74 8 1.7782
28 78 96 21.9667
28 79 4 0.9455
28 80 2 0.3776
28 81 15 4.8777
28 82 104 23.4043
28 83 12 3.2013
28 84 9 1.6982
28 85 35 8.0480
28 86 5 0.9611
28 87 44 9.1754
28 88 12 2.5934
28 89 17 4.5380
28 90 47 9.2716
28 91 140 33.7242
28 92 466 112.6109
28 93 2 0.4432
28 94 85 20.8882
28 95 1 0.2294
28 96 50 12.1975
28 97 9 2.1433
28 98 55 12.0641
28 99 1 0.2804
28 101 542 126.5110
28 105 13 2.8853
28 106 5 0.3659
28 108 9 1.9505
28 109 4 0.7757
28 110 257 63.3080
28 112 2 0.6575
28 113 2 0.3439
28 115 3 0.6834
28 116 18 3.1860
28 117 1 0.1696
28 118 606 147.8110
28 119 5 0.9959
28 120 26 5.9666
28 121 3 0.6284
28 122 32 7.3996
28 124 1 0.1824
28 125 15 4.0215
28 126 75 24.8372
28 127 8 1.4902
28 129 25 7.4743
28 130 54 12.4065
28 133 1 0.2315
28 134 1 0.2914
28 135 24 6.0134
28 136 27 6.4376
28 137 502 136.9996
28 138 59 13.6087
28 139 147 32.3508
28 140 13 2.9875
28 141 227 59.8601
28 142 37 8.2030
28 143 15 3.6062
28 144 24 4.2910
28 147 26 7.8446
28 149 2 0.4720
28 150 33 8.3000
28 151 2 0.4044
28 152 5 1.1846
28 153 346 89.8891
28 154 32 8.0770
28 155 5 0.6147
28 158 2 0.3424
28 159 28 6.1308
28 166 13 2.2230
28 167 24 5.7686
28 169 100 17.1888
28 170 186 43.7651
28 171 2 0.5247
28 173 3 0.7353
28 175 65 14.7562
28 176 4 0.7372
28 177 11 2.8287
28 178 78 16.6277
28 179 82 18.4676
28 180 12 2.1672
28 182 7 2.3437
28 184 91 20.8528
28 187 114 25.2397
28 188 1 0.0655
28 189 150 36.2220
28 190 1 0.2412
28 192 9 2.3161
28 193 41 9.5366
28 194 12 2.4782
28 195 1 0.2488
28 197 21 2.1485
28 198 18 4.2548
28 199 44 10.3012
28 200 143 34.2496
28 201 1 0.0910
28 202 3 0.4219
28 203 6 1.2352
28 204 2 0.3271
28 205 21 4.9592
28 206 1 0.2423
28 207 12 3.0314
28 208 1 0.2142
28 210 1 0.1506
28 211 194 45.8893
28 212 56 12.2743
28 213 1 0.2071
28 214 180 36.9425
28 215 16 3.3240
28 216 6 2.3995
28 219 7 1.6543
28 220 12 2.6957
28 221 41 9.1629
28 222 53 12.1539
28 224 14 4.2990
28 225 9 1.9461
28 226 30 7.4134
28 227 10 2.4022
28 228 5 1.0638
28 229 2 0.5326
28 230 72 17.5094
28 232 166 41.1817
28 233 12 2.4654
28 234 164 37.7289
28 235 201 47.7161
28 236 1 0.0802
28 238 46 10.9496
28 239 22 5.3750
28 240 16 4.1637
28 242 132 31.2880
28 243 194 43.0848
28 244 4 0.9412
28 246 370 87.3444
28 247 7 1.2037
28 248 41 10.3297
28 249 108 32.7291
28 251 63 14.3728
28 252 118 28.0545
28 253 217 48.8794
28 254 4 0.9630
28 258 9 1.7261
28 259 13 3.1384
28 260 2 0.4868
28 261 11 2.3100
28 262 1192 321.5862
28 263 57 13.6655
28 264 3 0.7256
28 265 2 0.4874
28 266 5 0.5255
28 268 6 0.8567
28 269 2 0.8072
28 270 4 0.7698
28 271 34 9.9895
28 272 9 2.1693
28 273 30 6.1007
28 274 32 5.3675
28 275 14 5.4093
28 276 40 10.2084
28 277 6 1.3695
28 278 1 0.2382
28 279 1 0.1237
28 280 32 7.8096
28 282 6 1.4365
28 283 48 10.9782
28 284 3 0.6746
28 285 161 37.9230
28 286 21 5.5166
28 287 31 5.3439
28 288 1 0.2242
28 289 90 21.8263
28 291 16 3.8564
28 293 22 3.7335
28 294 36 6.6559
28 295 64 15.2325
28 296 297 69.3299
28 297 14 3.3787
28 300 190 46.3395
28 302 14 2.3151
28 303 18 3.0988
28 304 36 8.4476
28 305 2 0.3974
28 308 118 29.6696
28 309 4 0.8628
28 310 26 6.3351
28 311 173 42.3694
28 312 54 9.8252
28 313 10 2.1135
28 314 10 1.5876
28 315 99 27.6017
28 317 2 0.3313
28 319 54 12.2967
28 320 1 0.2072
28 321 40 8.8124
28 322 2 0.4749
28 323 3 0.5198
28 324 14 3.9780
28 325 21 4.9345
28 326 5 0.6700
28 327 1 0.0747
28 330 193 45.5157
28 332 11 2.4732
28 333 105 24.5106
28 334 11 2.3102
28 336 40 8.1854
28 337 1 0.5035
28 338 4 0.6636
28 341 39 7.3926
28 342 13 3.0975
28 344 1 0.2360
28 347 44 9.0873
28 348 534 211.4604
28 349 3 0.6902
28 350 6 1.5289
28 351 10 2.2198
28 352 53 10.5189
28 353 27 4.4597
28 355 8 1.9554
28 356 3 0.2388
28 357 23 3.9603
28 358 51 12.3179
28 359 126 30.5406
28 360 8 1.2661
28 361 1 0.2484
28 362 22 4.8845
28 364 29 8.0287
28 366 38 8.8938
28 367 15 3.5919
28 369 147 38.8169
28 370 13 5.3047
28 371 1 0.2372
28 375 3 0.5755
28 376 453 121.9458
28 377 442 110.6620
28 378 8 1.8541
28 379 3 0.6979
28 380 3 0.7688
28 381 12 3.1414
28 382 13 2.9667
28 383 28 6.2562
29 0 48 10.8119
29 2 8 1.1817
29 3 19 3.3608
29 4 10 4.1911
29 5 1 0.1397
29 6 11 2.6951
29 7 15 3.5289
29 8 2 0.4390
29 9 6 1.4225
29 10 19 5.3430
29 11 40 8.8165
29 13 159 36.0665
29 14 27 5.6274
29 16 17 3.9109
29 17 4 0.9084
29 19 11 2.4340
29 20 1 0.2330
29 21 19 4.1930
29 22 17 3.7401
29 25 23 5.4161
29 27 8 1.7681
29 28 6 1.3741
29 29 193 43.5063
29 30 50 7.6606
29 31 6 1.4510
29 32 8 1.4887
29 33 65 21.8838
29 34 68 16.0677
29 35 160 38.3745
29 36 4 0.8613
29 37 9 1.8962
29 38 76 16.9081
29 39 26 4.9875
29 40 183 31.8338
29 41 25 3.7737
29 42 17 3.8474
29 43 254 56.9747
29 45 7 1.3921
29 46 1 0.2279
29 47 11 3.6449
29 48 45 10.5966
29 50 9 2.0322
29 52 27 10.1145
29 53 31 6.5738
29 54 1 0.2283
29 55 60 12.3523
29 56 19 4.3903
29 57 5 1.1273
29 58 44 11.5377
29 59 9 2.4132
29 61 3 0.4335
29 62 4 0.7715
29 63 4 0.8204
29 64 37 7.8776
29 65 1 0.1315
29 66 13 3.0980
29 67 5 0.7880
29 68 2 0.3968
29 69 155 35.7598
29 70 54 11.6935
29 71 58 13.8089
29 72 721 175.1508
29 73 41 8.7007
29 75 729 286.5936
29 76 240 57.3023
29 77 54 16.3555
29 78 11 3.0205
29 80 1 0.1105
29 81 14 2.5903
29 83 4 0.9463
29 84 105 33.7439
29 85 1 0.2589
29 86 70 16.0349
29 87 276 60.4463
29 88 6 1.3899
29 89 12 2.3753
29 90 10 2.3869
29 91 3 0.6707
29 92 78 19.9912
29 93 2 0.4060
29 94 52 11.3181
29 95 27 5.8041
29 96 2 0.3943
29 97 87 18.9871
29 98 73 16.6795
29 99 45 10.5396
29 100 30 5.0888
29 101 246 62.9240
29 102 11 2.7164
29 103 25 4.8499
29 104 6 1.5207
29 105 58 13.6007
29 107 6 1.3983
29 109 26 5.3404
29 110 4 0.7927
29 111 32 7.1737
29 113 7 2.1355
29 114 25 4.6137
29 115 114 26.7095
29 116 8 1.7281
29 117 201 42.3826
29 118 1 0.2293
29 119 180 45.8358
29 120 5 0.9698
29 122 131 31.3500
29 123 27 5.0877
29 124 5 1.0126
29 125 9 1.9056
29 126 130 28.3712
29 129 84 17.9663
29 130 5 1.4366
29 131 16 4.1954
29 132 1 0.2445
29 133 13 2.8583
29 134 22 4.9001
29 135 24 5.3452
29 136 182 41.4900
29 137 36 8.9788
29 139 16 3.6800
29 140 61 12.8008
29 141 1 0.3082
29 142 163 37.4213
29 143 3 0.7198
29 146 9 1.8026
29 148 5 1.1550
29 149 7 1.8460
29 150 3 0.7563
29 152 11 1.9820
29 153 226 48.8390
29 154 8 1.9724
29 155 29 6.8607
29 157 3 0.6497
29 158 11 1.8882
29 159 14 2.9003
29 160 63 15.2368
29 161 4 0.7119
29 162 232 47.9407
29 163 16 3.3828
29 164 2 0.3678
29 166 5 1.0483
29 167 316 67.9062
29 168 48 10.0161
29 169 2 0.3966
29 170 33 7.7955
29 171 761 331.6626
29 172 8 1.2820
29 173 13 2.7467
29 175 6 1.2829
29 176 7 1.5352
29 177 42 9.0852
29 180 219 47.3954
29 181 20 4.2490
29 182 51 10.8808
29 184 5 1.2326
29 185 1 0.1145
29 186 8 2.0928
29 187 505 118.7196
29 188 8 2.5514
29 190 14 3.7996
29 191 13 2.4781
29 192 7 1.9280
29 193 5 1.0124
29 194 41 11.6636
29 197 16 4.1602
29 198 54 12.3252
29 199 9 2.1499
29 200 11 2.3672
29 201 1 0.2101
29 202 44 9.8235
29 203 5 1.0716
29 205 16 4.1923
29 206 34 8.8660
29 207 21 3.9923
29 208 6 1.1198
29 209 64 11.4525
29 210 24 5.2085
29 211 105 23.6954
29 212 128 28.0046
29 213 4 0.7538
29 214 50 11.4348
29 215 50 10.7934
29 216 4 0.8132
29 217 8 1.5596
29 218 29 6.6750
29 220 5 1.5985
29 221 443 104.7421
29 224 28 6.8861
29 225 193 35.8557
29 226 7 2.7081
29 227 5 0.9304
29 228 36 9.1887
29 229 21 4.7873
29 230 13 2.9597
29 231 18 4.3802
29 233 94 20.2836
29 234 4 0.8614
29 235 16 3.3787
29 237 1 0.1757
29 238 22 3.8920
29 239 4 0.9348
29 240 9 1.5688
29 241 1 0.1846
29 243 22 5.1702
29 244 111 23.9768
29 245 8 1.8917
29 246 8 1.5754
29 247 12 2.4554
29 248 3 0.7116
29 250 25 5.9546
29 251 396 104.2220
29 252 294 81.2361
29 253 8 1.7676
29 254 57 12.0581
29 256 47 11.1268
29 257 183 40.6199
29 258 712 192.8295
29 259 91 20.7951
29 260 173 37.7683
29 261 29 6.4094
29 262 51 10.0021
29 263 66 15.3954
29 264 28 6.2885
29 265 4 0.6097
29 266 4 1.2179
29 267 39 8.6283
29 268 23 5.2834
29 269 66 16.0062
29 270 22 5.4968
29 271 16 4.3069
29 273 6 1.1635
29 274 1 0.2148
29 275 11 2.3854
29 276 1 0.2382
29 277 58 17.0892
29 278 16 5.3894
29 280 30 6.5359
29 283 32 6.7778
29 284 4 0.7023
29 285 30 6.9386
29 286 7 1.3939
29 287 1 0.1895
29 288 23 5.1695
29 291 21 4.2688
29 292 3 1.4045
29 293 4 0.8695
29 294 3 1.0443
29 296 12 2.5766
29 300 9 1.2393
29 301 2 0.3328
29 302 6 1.2242
29 304 335 75.0623
29 305 19 4.4206
29 306 54 19.6477
29 307 68 13.1842
29 308 447 108.4509
29 309 9 2.0640
29 310 6 1.2328
29 311 11 2.3157
29 312 2 0.4400
29 313 2 0.4772
29 314 8 1.7801
29 317 1 0.1120
29 319 15 1.6906
29 320 2 0.4703
29 321 109 28.6479
29 322 27 7.3488
29 325 1 0.2168
29 327 47 10.0580
29 328 1 0.0993
29 330 18 3.7462
29 333 72 14.9777
29 334 206 46.3262
29 336 356 116.4806
29 337 1 0.2056
29 338 8 1.7565
29 340 17 3.4791
29 344 28 6.2375
29 345 32 6.8021
29 346 35 8.5227
29 348 121 26.5596
29 349 2 0.3914
29 350 49 11.4032
29 351 73 15.3807
29 352 70 14.2284
29 353 17 3.7973
29 357 2 0.4512
29 358 23 5.6204
29 359 13 3.5103
29 360 13 3.1063
29 361 2 0.3763
29 362 2 0.3985
29 363 11 4.9318
29 364 8 1.8051
29 365 5 1.3641
29 366 61 13.0211
29 367 25 5.6876
29 369 5 1.0598
29 370 19 4.0338
29 372 15 3.2570
29 373 24 5.1748
29 374 11 2.1632
29 375 99 21.8631
29 376 461 100.7843
29 377 1 0.1170
29 378 13 2.7731
29 379 11 2.4413
29 381 13 2.3185
29 382 16 4.3873
30 0 34 8.2707
30 1 1 0.0863
30 2 264 69.4657
30 3 12 2.9432
30 4 28 17.7083
30 5 12 4.6552
30 6 44 10.3169
30 7 12 2.5487
30 8 44 8.9958
30 9 119 28.0355
30 10 30 6.9301
30 11 51 13.2803
30 12 346 81.7268
30 13 23 6.6351
30 14 22 6.0816
30 15 20 4.3673
30 16 22 5.1631
30 17 278 68.2365
30 18 103 25.9352
30 19 80 19.6109
30 20 3 0.6177
30 21 58 13.4710
30 22 51 14.6544
30 23 29 7.5107
30 24 13 3.9638
30 25 3 0.6856
30 26 5 2.0508
30 27 5 1.0330
30 28 24 4.8182
30 29 1 0.2174
30 33 14 3.0508
30 34 2 0.4875
30 35 11 2.5094
30 36 217 45.9497
30 37 1 0.1845
30 38 2 0.3172
30 40 1 0.2118
30 41 23 5.9166
30 42 92 18.9012
30 43 40 9.9493
30 44 88 20.7478
30 45 20 5.3488
30 46 7 1.5798
30 47 1 0.1371
30 48 11 3.0691
30 49 29 6.4391
30 50 8 1.9062
30 51 2 0.4631
30 52 6 1.1899
30 55 16 3.9682
30 56 64 12.2779
30 57 15 4.5210
30 58 45 11.1268
30 59 13 2.6850
30 60 19 3.4839
30 61 17 3.9907
30 62 5 1.5011
30 63 18 3.9700
30 64 11 2.3713
30 66 3 0.7142
30 67 190 43.3775
30 68 7 1.9106
30 69 24 4.6458
30 70 20 4.5963
30 71 2 0.4456
30 72 423 100.5412
30 73 1 0.2411
30 74 29 7.1918
30 75 1 0.2187
30 76 15 3.2050
30 77 2 0.6017
30 78 12 2.6935
30 79 33 7.4829
30 80 48 10.2917
30 81 34 8.0757
30 82 1 0.1936
30 84 63 13.0995
30 85 6 1.8517
30 86 4 0.9088
30 87 55 12.7914
30 88 3 0.5572
30 90 69 15.1490
30 91 5 0.8259
30 94 2 0.4411
30 95 319 85.1658
30 97 4 1.5706
30 98 21 4.8512
30 99 541 139.2711
30 100 172 42.1705
30 102 1 0.1516
30 103 10 3.0138
30 104 23 5.3590
30 105 2 0.4405
30 107 2 0.4072
30 108 14 3.7497
30 109 37 8.4020
30 111 102 24.5507
30 112 101 23.1531
30 113 14 2.9772
30 114 2 0.2895
30 115 18 4.0494
30 118 3 0.6390
30 119 1 0.2566
30 122 26 6.0588
30 124 11 3.0309
30 125 10 2.1641
30 126 42 7.1544
30 127 6 1.2986
30 128 1 0.1535
30 129 2 0.2147
30 130 3 0.7437
30 131 27 6.4396
30 133 625 156.8580
30 134 6 2.4279
30 137 1 0.2218
30 138 32 6.9426
30 139 71 14.2553
30 140 1 0.1622
30 141 3 0.4730
30 142 34 7.1338
30 143 109 22.7496
30 144 61 13.9991
30 145 21 4.7299
30 146 1 0.2340
30 147 1 0.1520
30 148 9 2.1357
30 149 33 6.7110
30 150 22 4.8592
30 151 5 0.9073
30 153 90 20.7942
30 154 29 6.3430
30 156 6 1.3055
30 159 96 22.6341
30 160 40 12.4624
30 161 971 313.8356
30 162 3 0.6452
30 163 3 0.4772
30 164 9 2.0418
30 165 11 1.9834
30 166 41 9.4046
30 167 24 7.2242
30 168 57 13.0324
30 170 9 1.6561
30 171 18 3.8888
30 172 11 3.6221
30 175 93 24.1803
30 176 5 1.1173
30 177 1 0.2264
30 178 17 3.5830
30 181 19 4.1553
30 182 129 32.5367
30 183 12 2.7041
30 184 4 0.7113
30 185 1 0.3494
30 188 23 5.4085
30 190 5 1.0829
30 191 45 8.7467
30 192 5 0.9131
30 193 19 4.6450
30 194 29 6.6354
30 195 2 0.3725
30 196 1 0.2508
30 197 856 222.9992
30 198 14 3.1885
30 199 12 2.1437
30 200 3 0.4244
30 201 2 0.3121
30 202 63 20.2398
30 203 14 3.1558
30 204 2 0.4851
30 205 109 25.9489
30 206 10 1.9193
30 207 6 1.2701
30 208 8 1.8570
30 209 822 207.8147
30 210 314 79.1357
30 211 9 1.6471
30 212 48 9.6567
30 215 35 6.7108
30 217 4 1.0968
30 218 3 0.5261
30 219 1 0.2304
30 220 21 5.2384
30 222 1 0.1801
30 224 2 0.4715
30 225 18 3.7248
30 226 4 0.7574
30 227 14 2.9218
30 228 9 1.6572
30 229 131 27.5209
30 230 3 0.5059
30 231 1 0.2051
30 233 225 75.9725
30 234 16 3.9912
30 235 139 31.1509
30 236 8 1.4086
30 237 69 14.7754
30 240 5 1.5160
30 241 42 9.9827
30 243 42 9.6995
30 244 44 10.5540
30 245 191 46.2724
30 246 13 2.9622
30 247 104 24.9817
30 248 24 4.8069
30 249 4 0.8613
30 250 231 53.8267
30 251 1 0.2001
30 252 17 3.5978
30 253 1 0.2355
30 254 5 0.9755
30 255 6 1.4379
30 256 3 0.9985
30 257 22 3.7949
30 259 54 13.7134
30 261 1 0.3530
30 262 34 8.1793
30 263 227 54.3678
30 264 6 1.3621
30 265 72 19.0568
30 266 1 0.2364
30 267 15 3.2592
30 269 16 3.0231
30 272 13 2.9499
30 273 37 8.9863
30 274 5 0.8634
30 275 35 6.1823
30 278 3 0.6700
30 279 2 0.3977
30 280 18 3.9789
30 281 58 12.9859
30 283 6 1.1859
30 284 3 0.6696
30 285 10 2.2077
30 286 28 6.7364
30 287 14 3.2516
30 288 29 8.8212
30 289 2 0.4709
30 290 3 0.6071
30 291 10 2.5493
30 292 128 31.4931
30 294 83 20.0642
30 295 230 52.3395
30 296 43 9.4558
30 299 47 10.2724
30 300 9 2.1262
30 301 208 52.8190
30 302 186 45.2898
30 303 33 9.1597
30 304 16 3.4820
30 305 2 0.3265
30 306 19 4.4296
30 307 3 0.6054
30 308 77 17.5124
30 310 82 17.2952
30 312 14 3.2021
30 313 58 12.8116
30 317 287 75.7751
30 319 97 22.9025
30 320 14 3.9979
30 321 48 10.4491
30 322 16 6.5539
30 323 35 8.0598
30 324 62 13.9367
30 326 145 28.0827
30 327 47 10.9816
30 328 4 0.8523
30 329 58 13.4914
30 331 5 0.9508
30 332 13 3.2842
30 334 60 20.7495
30 337 8 2.0077
30 338 7 1.5365
30 341 24 5.2155
30 342 49 11.9793
30 344 16 4.4869
30 345 430 157.1615
30 346 1 0.2383
30 347 5 1.2529
30 348 53 12.2893
30 349 92 21.3484
30 350 7 1.2768
30 351 2 0.4837
30 354 49 11.3790
30 355 360 79.8803
30 356 1 0.2105
30 358 10 3.0388
30 359 1 0.2073
30 360 19 4.6609
30 361 95 20.4948
30 362 1 0.1534
30 364 11 2.0942
30 366 28 6.8915
30 367 13 2.7032
30 368 2 0.4646
30 369 1 0.2283
30 370 13 1.9564
30 371 22 4.6213
30 374 7 1.7346
30 375 21 3.7722
30 376 142 30.2856
30 377 32 6.6218
30 378 18 3.7342
30 379 152 36.6293
30 380 8 2.0464
30 382 23 5.4066
30 383 50 11.6479
31 1 16 4.2722
31 2 204 48.0925
31 3 31 8.5703
31 4 23 5.7320
31 5 69 16.7334
31 6 202 47.1278
31 7 53 11.5940
31 8 24 5.6195
31 9 3 0.7780
31 10 2 0.4646
31 11 15 3.6581
31 12 18 4.2450
31 13 5 1.0892
31 14 7 1.7087
31 15 8 1.9162
31 16 75 18.3934
31 17 610 155.6032
31 19 4 0.8039
31 20 11 3.1957
31 22 85 23.9679
31 24 11 2.1095
31 25 28 7.1960
31 26 22 5.6595
31 28 8 1.7036
31 29 36 12.5178
31 30 1 0.1984
31 31 125 26.6809
31 32 9 1.9692
31 33 2 1.1233
31 34 24 5.1714
31 35 1 0.1679
31 36 134 34.0499
31 37 4 0.6261
31 38 159 38.3719
31 39 20 4.7179
31 41 5 1.3770
31 42 29 7.0654
31 43 25 6.4495
31 45 5 1.2301
31 46 106 26.6303
31 47 6 2.4239
31 48 92 22.4801
31 50 53 15.1683
31 51 42 12.3132
31 52 173 37.9091
31 53 34 6.9109
31 55 10 2.1548
31 56 27 8.1358
31 57 1 0.1757
31 58 24 5.5983
31 59 41 8.3095
31 60 2 0.2423
31 62 21 4.8606
31 63 14 3.2283
31 64 231 55.8139
31 65 7 1.5290
31 66 37 8.7129
31 68 60 16.5655
31 69 1 0.2280
31 70 32 8.1132
31 71 4 1.0190
31 72 3 0.5628
31 75 40 9.5116
31 76 27 6.1749
31 77 23 4.9821
31 78 1 0.2229
31 79 1 0.3174
31 80 16 3.5327
31 81 1 0.1895
31 82 1 0.1937
31 83 6 1.1986
31 85 20 3.2722
31 87 2 0.1768
31 88 424 126.8115
31 91 6 1.3991
31 92 2 0.4395
31 94 13 2.6250
31 95 2 0.3824
31 96 164 37.4586
31 97 15 2.7236
31 98 2 0.6331
31 99 2 0.4839
31 100 6 1.3431
31 101 81 19.4748
31 102 1 0.2271
31 103 91 19.5001
31 104 2 0.3281
31 105 128 28.7556
31 106 1 0.2314
31 107 1 0.1304
31 108 23 6.6292
31 109 10 2.4574
31 110 37 8.6941
31 113 1 0.2378
31 114 21 5.1700
31 115 7 1.5231
31 116 54 13.1643
31 117 9 2.1087
31 118 24 5.0667
31 121 3 0.6705
31 122 4 0.7950
31 125 17 3.8661
31 127 2 0.3188
31 128 2 0.3863
31 129 123 25.5132
31 130 22 4.4534
31 131 59 14.0328
31 132 8 1.5408
31 133 52 9.6614
31 134 10 1.8899
31 135 29 6.7804
31 136 1 0.2358
31 137 2 0.4546
31 138 42 9.2026
31 139 15 4.0747
31 140 10 2.5360
31 141 25 5.4217
31 142 5 1.0635
31 143 33 7.3697
31 144 9 2.1591
31 146 8 1.8655
31 147 14 3.3220
31 148 5 1.1752
31 149 15 3.4403
31 150 2 0.5036
31 151 173 44.4193
31 152 33 7.6670
31 153 153 35.2588
31 155 51 10.9829
31 156 19 4.1816
31 157 1 0.1261
31 158 12 3.6837
31 160 19 4.7305
31 164 17 3.9781
31 165 5 1.4331
31 167 12 2.3953
31 168 36 12.0393
31 169 2 0.3634
31 170 23 6.2906
31 171 27 5.6132
31 173 59 13.4530
31 174 7 1.6026
31 175 28 15.2455
31 176 1 0.2969
31 178 1 0.2384
31 181 3 0.6750
31 182 47 9.6497
31 184 8 2.0700
31 185 90 21.2088
31 186 6 1.3185
31 187 1 0.1872
31 188 688 166.0861
31 189 83 17.6218
31 190 72 16.7870
31 191 4 0.8946
31 193 9 1.8049
31 195 126 32.4563
31 197 7 1.6646
31 198 5 1.5321
31 199 6 1.5910
31 201 2 0.4852
31 202 4 0.6641
31 203 117 27.5972
31 206 24 5.8546
31 207 28 5.7289
31 208 10 2.4416
31 209 7 1.4882
31 210 2 0.5541
31 211 25 6.2347
31 212 4 0.8238
31 213 176 42.9743
31 215 1 0.2347
31 216 6 1.4159
31 217 171 48.2220
31 218 4 0.8057
31 219 8 1.7556
31 221 69 16.4024
31 222 1 0.2025
31 225 4 1.0069
31 226 13 2.8200
31 229 837 234.6969
31 230 26 6.1090
31 232 7 1.4280
31 233 1 0.2060
31 235 48 11.8370
31 236 5 1.4114
31 237 4 0.8866
31 238 6 1.3762
31 239 9 1.7027
31 241 14 3.0419
31 242 1 0.0857
31 243 44 10.6840
31 244 88 18.7900
31 245 46 9.4778
31 247 17 3.3507
31 249 56 12.3298
31 250 14 3.6304
31 251 25 5.6113
31 253 49 12.4475
31 254 4 0.8538
31 255 474 112.2527
31 257 42 9.0146
31 258 50 11.9295
31 259 6 1.3311
31 260 129 31.4019
31 261 3 0.5846
31 262 13 2.5441
31 263 12 2.9404
31 266 16 3.3952
31 267 32 7.3791
31 268 7 2.9657
31 269 77 17.6620
31 270 3 0.6835
31 271 52 12.0658
31 272 6 1.3789
31 273 11 2.1974
31 274 272 77.2572
31 275 9 2.2368
31 276 732 157.8060
31 279 157 38.3848
31 280 46 9.9465
31 281 79 17.6593
31 285 9 2.4582
31 286 32 10.3058
31 287 30 6.1405
31 288 4 0.8354
31 289 1 0.3101
31 290 1 0.2137
31 291 34 7.7887
31 293 6 1.2831
31 294 7 1.6439
31 295 12 1.8528
31 296 16 4.1916
31 297 478 154.9372
31 298 340 77.8284
31 299 19 8.2960
31 300 52 12.1692
31 301 27 5.3190
31 302 36 7.4576
31 303 83 21.1148
31 304 48 13.9974
31 306 14 3.4083
31 308 61 16.3562
31 310 31 12.1915
31 311 73 18.2247
31 312 10 2.0314
31 313 5 2.3817
31 314 14 3.1051
31 316 10 2.5210
31 318 204 49.2655
31 319 2 0.4845
31 321 2 0.4640
31 322 13 2.7643
31 323 1 0.1247
31 324 33 7.7038
31 325 209 58.8463
31 326 9 1.4889
31 327 1 0.0787
31 329 11 2.6024
31 330 47 15.6257
31 332 7 1.5864
31 334 24 5.5353
31 335 8 1.8971
31 336 9 2.0297
31 337 418 100.0323
31 338 1 0.1274
31 339 345 111.3152
31 340 32 7.4058
31 341 42 9.6037
31 342 4 0.9668
31 343 3 0.7355
31 344 7 2.0698
31 345 15 3.3168
31 346 2 0.2798
31 347 15 4.4098
31 348 105 23.4416
31 349 25 6.6180
31 350 25 5.6413
31 352 2 0.4996
31 353 26 5.7981
31 354 151 41.9148
31 356 54 16.5125
31 357 430 113.3828
31 358 141 29.0701
31 359 35 8.0704
31 360 10 2.2636
31 361 10 2.2932
31 362 6 1.4477
31 363 7 1.3474
31 365 1 0.2234
31 368 32 6.9389
31 370 81 20.2562
31 371 6 1.2370
31 372 3 0.2994
31 375 478 117.8009
31 376 3 0.9295
31 377 1 0.2453
31 378 8 1.4299
31 379 1 0.3985
31 381 35 8.3251
31 382 4 0.8407
31 383 6 1.2588
32 0 5 0.9582
32 4 4 0.8504
32 5 22 7.6254
32 6 27 5.9144
32 7 2 0.1635
32 8 9 1.4663
32 9 5 0.8487
32 10 62 14.2123
32 11 1 0.1991
32 13 12 2.6432
32 14 42 9.6069
32 15 15 3.4037
32 18 35 6.4954
32 19 400 90.0957
32 20 18 3.8092
32 23 20 5.2183
32 24 7 2.2460
32 25 40 8.9243
32 27 2 0.3754
32 28 15 3.4813
32 29 409 103.5566
32 30 2 0.4395
32 32 3 0.6292
32 33 3 0.6033
32 35 20 4.1354
32 36 1 0.2052
32 37 11 2.3700
32 39 20 4.0873
32 40 2 0.3674
32 41 21 3.3266
32 42 26 5.5151
32 43 29 15.3952
32 44 29 6.5540
32 45 8 2.5566
32 46 89 18.6643
32 47 8 1.7943
32 48 8 1.9149
32 49 66 15.8500
32 50 1 0.1021
32 51 1 0.2287
32 52 2 0.4301
32 53 8 1.9219
32 54 12 3.1081
32 57 1 0.1444
32 58 15 3.4199
32 59 5 0.9321
32 60 8 1.6469
32 61 1 0.2206
32 62 8 1.6399
32 63 54 12.0527
32 64 39 6.9827
32 65 9 1.8577
32 66 126 25.4715
32 67 3 0.8723
32 68 6 1.2566
32 69 31 7.8217
32 70 257 70.5943
32 71 92 28.2629
32 72 110 28.7675
32 74 14 2.9901
32 75 4 0.9138
32 77 161 35.9663
32 78 18 3.9983
32 79 5 1.3913
32 81 16 3.9827
32 82 271 60.1673
32 83 2 0.7045
32 85 13 2.8639
32 86 1 0.2752
32 87 14 2.9547
32 88 69 16.4096
32 90 579 213.3356
32 91 169 40.2278
32 92 176 41.3783
32 94 32 7.4163
32 97 50 11.5170
32 99 20 5.0953
32 100 18 3.7038
32 101 38 9.8606
32 102 29 5.7013
32 103 17 4.3549
32 105 14 2.2115
32 107 161 35.6031
32 109 11 2.1405
32 110 1 0.2101
32 111 1 0.5478
32 112 1 0.2230
32 113 43 12.3887
32 115 2 0.3111
32 116 3 0.2899
32 117 56 12.4304
32 119 3 0.6058
32 120 6 1.2335
32 121 102 22.6091
32 122 35 7.0374
32 124 75 16.4264
32 126 2 0.2295
32 127 1 0.2344
32 128 14 2.3770
32 129 213 46.6096
32 130 17 3.9068
32 132 64 13.0060
32 133 16 4.6837
32 134 28 5.9485
32 136 38 7.7128
32 137 5 1.5291
32 139 95 22.0095
32 140 19 2.9619
32 141 5 0.8851
32 142 29 6.6518
32 143 7 1.3939
32 144 27 7.4384
32 145 2 0.4397
32 146 10 2.2687
32 149 92 19.5543
32 150 43 9.9261
32 152 8 2.5590
32 153 240 53.6457
32 155 11 2.4635
32 156 34 7.0260
32 157 12 2.4143
32 160 12 2.5607
32 161 47 10.0230
32 165 4 0.9438
32 166 111 24.4439
32 167 68 14.5804
32 168 2 0.3793
32 169 3 0.6252
32 171 1 0.2099
32 172 3 0.5199
32 173 10 2.2228
32 174 2 0.4951
32 175 71 15.6555
32 176 7 1.4981
32 177 39 6.7950
32 178 5 1.5640
32 180 63 16.5130
32 181 24 4.7166
32 182 11 2.3541
32 183 11 2.7634
32 184 1 0.2051
32 185 4 0.9136
32 186 32 7.4666
32 187 2 0.3409
32 189 5 1.0361
32 190 50 11.1715
32 191 75 17.5177
32 194 3 0.6070
32 195 4 1.5661
32 197 19 4.4448
32 199 4 0.8470
32 200 51 12.7944
32 203 2 0.4064
32 205 79 30.5180
32 206 2 0.6604
32 207 7 1.7419
32 208 51 11.2764
32 209 103 25.8617
32 210 153 33.8156
32 211 127 29.6000
32 215 13 2.9802
32 216 10 1.7716
32 217 2 0.2911
32 218 91 22.2139
32 219 97 22.1634
32 220 17 3.2864
32 221 299 64.9986
32 222 4 0.7812
32 223 4 1.0860
32 224 2 0.4544
32 225 1 0.2717
32 226 55 13.1663
32 228 5 0.8545
32 229 1 0.3776
32 231 16 3.3242
32 232 29 5.9544
32 233 11 3.6654
32 234 80 22.2168
32 235 124 27.0713
32 236 2 0.5943
32 237 2 0.4480
32 238 3 0.7009
32 239 24 4.4311
32 240 6 2.1185
32 241 7 1.4828
32 242 5 1.1919
32 244 148 30.1328
32 245 5 1.2099
32 246 58 12.0540
32 247 22 5.0175
32 248 536 148.1906
32 250 26 5.5133
32 251 14 4.8672
32 252 11 2.5241
32 253 10 1.9653
32 254 1 0.0893
32 255 1 0.1148
32 256 2 0.4307
32 257 2 0.2146
32 258 15 3.2294
32 260 2 0.5778
32 261 17 3.7752
32 262 82 19.5170
32 263 24 6.0596
32 264 7 2.4677
32 265 1 0.1559
32 267 97 22.2260
32 269 32 6.6509
32 270 30 6.1057
32 271 4 0.6713
32 272 43 7.1646
32 273 10 2.1338
32 274 2 0.6522
32 275 5 1.1936
32 276 707 201.6898
32 277 283 63.9443
32 279 22 4.4707
32 280 5 1.4442
32 281 18 4.0287
32 282 36 8.3545
32 283 718 281.5390
32 284 1 0.2176
32 285 10 1.9953
32 286 3 0.3864
32 287 34 6.8248
32 288 105 23.0527
32 289 119 25.8400
32 290 4 1.1883
32 292 15 3.1784
32 293 11 1.7663
32 294 68 20.5476
32 295 1 0.2216
32 296 1 0.1919
32 297 69 13.5998
32 299 1 0.3476
32 300 173 38.2290
32 301 51 12.8171
32 302 13 2.9476
32 303 280 62.1705
32 304 2 0.4700
32 305 238 54.2310
32 307 17 3.4187
32 309 1 0.2331
32 310 37 7.4179
32 312 68 14.8493
32 313 6 1.2783
32 314 1 0.3365
32 315 5 1.8376
32 316 6 1.4254
32 317 26 5.3137
32 318 1 0.1936
32 321 15 3.4449
32 322 16 3.3976
32 323 4 1.1522
32 324 4 0.8785
32 325 148 36.4376
32 326 2 0.4464
32 327 1 0.1484
32 328 1 0.1888
32 331 7 0.7147
32 332 7 1.4936
32 333 33 11.2841
32 334 1 0.1930
32 335 9 1.8081
32 336 2 0.2929
32 337 40 9.4866
32 338 60 18.9297
32 339 516 123.0436
32 340 61 13.5130
32 341 97 22.3276
32 342 1 0.2638
32 343 1 0.1870
32 344 6 1.4119
32 346 166 36.7947
32 347 18 4.4490
32 348 177 39.9492
32 350 10 4.9535
32 351 4 1.0225
32 352 4 1.1457
32 353 3 0.5162
32 354 35 6.3620
32 355 47 10.1363
32 356 2 0.4373
32 357 1 0.1893
32 358 3 0.5229
32 359 13 2.2893
32 360 24 5.2688
32 361 2 0.4647
32 362 4 0.7434
32 363 10 2.0438
32 364 29 7.8962
32 365 77 17.7770
32 366 10 3.9674
32 367 217 43.0403
32 368 7 1.3055
32 370 5 0.8466
32 372 2 0.4802
32 373 38 8.1147
32 374 87 21.9623
32 375 5 1.0166
32 376 125 24.7666
32 377 8 1.7949
32 378 324 87.0598
32 379 1 0.2325
32 381 4 0.7231
32 383 212 61.5260
33 0 13 2.6542
33 1 30 9.3115
33 2 286 82.8795
33 3 6 1.3016
33 4 3 0.6809
33 5 16 3.1728
33 7 53 11.6436
33 8 20 4.4995
33 9 91 21.1671
33 10 427 104.8807
33 12 2 0.3883
33 13 174 47.8512
33 15 6 1.2479
33 16 51 12.1042
33 17 31 6.5882
33 19 42 8.9251
33 20 15 3.2979
33 21 84 19.0800
33 22 641 168.4622
33 23 55 11.3723
33 24 37 7.5060
33 25 22 7.9288
33 26 2 0.3915
33 28 541 135.7112
33 29 7 1.2581
33 30 102 24.2344
33 31 1 0.2172
33 32 551 151.4695
33 33 2 0.3548
33 34 22 6.0592
33 35 21 5.1617
33 36 3 0.6555
33 37 1 0.2002
33 38 97 21.6120
33 39 6 1.4222
33 41 2 0.3985
33 42 10 2.2744
33 43 1 0.1554
33 44 27 5.5972
33 45 3 0.6440
33 46 86 22.2764
33 47 1 0.2471
33 48 33 7.0128
33 49 40 7.1665
33 50 189 39.1892
33 51 2 0.4491
33 53 10 3.2950
33 54 5 0.8665
33 55 17 3.3589
33 57 3 0.6155
33 59 9 2.0648
33 60 59 13.1185
33 61 3 0.5867
33 64 65 13.9329
33 66 99 23.3154
33 67 133 28.9021
33 68 29 9.5110
33 69 219 61.4498
33 70 3 0.8691
33 72 4 0.8552
33 75 49 12.6524
33 76 21 4.2903
33 77 10 2.7090
33 79 10 2.3027
33 80 64 14.2938
33 81 22 4.8531
33 83 2 0.4583
33 84 5 0.9876
33 86 3 0.6112
33 87 39 8.8534
33 88 114 26.9462
33 90 6 1.2814
33 91 8 1.8587
33 92 9 2.2510
33 93 2 0.4672
33 95 1 0.1599
33 96 16 3.6523
33 97 17 3.4475
33 98 27 6.2781
33 99 1 0.1988
33 100 13 2.9359
33 101 17 3.3952
33 102 11 2.8475
33 104 28 6.1668
33 105 12 3.2732
33 106 1 0.2714
33 107 4 0.9002
33 108 15 3.2436
33 109 35 13.5456
33 110 2 0.3079
33 111 7 1.2648
33 116 54 12.0579
33 117 28 6.8444
33 118 48 10.2610
33 119 17 3.4795
33 120 8 1.9306
33 122 155 39.2855
33 123 6 1.2937
33 125 29 5.9876
33 126 2 0.4052
33 127 2 0.2756
33 128 2 0.3039
33 130 44 10.2849
33 131 20 4.3789
33 134 783 181.7561
33 137 3 0.4668
33 139 2 0.3416
33 140 25 5.5040
33 141 18 2.7552
33 143 18 4.1809
33 144 89 23.8999
33 145 244 68.4512
33 147 11 2.5414
33 148 40 9.8080
33 149 19 5.5150
33 151 35 7.3571
33 152 2 0.3143
33 153 390 90.3446
33 154 346 88.0392
33 155 1 0.1777
33 157 1 0.1445
33 158 2 0.2908
33 159 62 18.3254
33 160 4 0.7666
33 161 5 1.0141
33 163 48 12.4849
33 164 11 2.4182
33 165 9 1.8350
33 166 10 2.0067
33 168 28 7.0378
33 169 1 0.2207
33 171 5 1.1490
33 172 5 1.3481
33 173 8 1.8669
33 174 11 2.4704
33 175 4 0.5759
33 176 6 1.1088
33 177 5 0.9421
33 178 28 6.2770
33 179 10 1.6686
33 180 46 10.1034
33 181 2 0.5444
33 182 19 4.4153
33 183 7 1.9272
33 184 4 0.7180
33 185 89 19.9210
33 186 31 5.9575
33 187 148 37.0172
33 188 13 2.7474
33 189 7 1.5304
33 190 518 125.2156
33 191 3 0.6554
33 192 29 6.8897
33 193 1 0.1745
33 194 47 11.5707
33 196 154 61.2838
33 198 4 0.7139
33 199 3 0.5877
33 201 14 2.9941
33 202 8 1.7102
33 203 35 9.1265
33 204 6 1.3555
33 205 8 1.9489
33 206 3 0.5611
33 208 36 6.8190
33 209 11 1.7837
33 210 63 14.9523
33 211 25 6.0047
33 212 15 2.7089
33 214 1 0.1603
33 215 39 17.5808
33 216 5 0.9332
33 217 2 0.4109
33 218 63 14.0640
33 219 1 0.2317
33 220 26 6.1614
33 221 115 29.2454
33 222 7 1.4094
33 223 39 7.1542
33 224 4 0.7521
33 225 9 1.7486
33 227 1 0.1635
33 228 35 8.7671
33 229 1 0.2460
33 232 411 113.3712
33 233 22 4.6499
33 234 1 0.1896
33 235 118 27.0695
33 236 5 1.1286
33 238 10 2.3086
33 240 62 13.3338
33 241 46 12.7809
33 242 13 3.6560
33 243 1 0.2570
33 245 19 4.9232
33 246 9 2.2958
33 247 12 2.2789
33 248 12 2.4754
33 251 16 3.2086
33 252 37 8.5349
33 253 33 6.4904
33 254 4 0.9644
33 255 32 11.3489
33 256 11 2.7015
33 257 5 1.0729
33 259 192 49.0552
33 260 27 6.3484
33 261 4 0.8436
33 263 25 5.6681
33 264 1 0.2077
33 265 1 0.2504
33 266 23 4.7848
33 268 43 9.6778
33 270 3 0.7105
33 271 26 5.9092
33 273 1 0.1563
33 274 10 2.9410
33 275 32 7.0042
33 276 73 18.7126
33 277 15 2.6556
33 278 5 1.1007
33 280 7 1.4001
33 281 2 0.5129
33 282 46 9.8750
33 283 277 96.8173
33 284 4 0.7623
33 286 59 13.2492
33 288 6 2.0462
33 289 11 2.6190
33 290 4 1.1272
33 291 102 23.4075
33 292 2 0.4841
33 293 11 2.3025
33 294 31 6.8049
33 296 1 0.1347
33 297 27 5.7891
33 299 56 17.9993
33 300 55 11.2438
33 301 290 73.2512
33 302 51 10.9443
33 303 4 1.2968
33 304 1 0.1772
33 305 6 1.7841
33 306 275 90.0546
33 307 70 17.8679
33 308 1 0.1770
33 309 58 22.6237
33 310 40 6.9731
33 311 114 23.0106
33 313 8 2.5409
33 314 2 0.5825
33 315 29 5.9207
33 316 71 15.1423
33 317 8 1.3206
33 318 58 12.8234
33 319 3 0.7659
33 320 2 0.4715
33 322 9 2.2115
33 323 21 4.0737
33 324 19 4.5467
33 325 58 12.5515
33 326 25 4.7226
33 327 177 39.8155
33 328 12 2.3461
33 329 21 3.6195
33 330 14 2.6385
33 333 7 1.2906
33 334 3 0.6962
33 337 174 39.6709
33 338 5 1.0339
33 339 28 11.7144
33 340 1 0.1930
33 341 2 0.3309
33 342 4 0.8675
33 343 27 5.6724
33 345 5 1.5406
33 346 16 5.1797
33 347 59 13.2860
33 349 2 0.2104
33 350 6 1.3276
33 351 16 2.8428
33 356 16 3.3392
33 358 101 34.3075
33 359 6 1.4054
33 360 3 0.5741
33 362 41 7.8042
33 364 4 0.8292
33 365 82 21.4677
33 366 6 1.3504
33 367 44 10.0380
33 368 69 15.3765
33 371 6 1.5877
33 372 1 0.2198
33 373 2 0.3982
33 374 54 12.2070
33 376 30 6.4510
33 378 8 1.7266
33 380 197 44.6239
33 381 16 3.2262
34 0 9 2.4434
34 1 10 2.5127
34 2 2 0.3193
34 3 20 4.0924
34 4 10 1.8255
34 5 3 0.8107
34 6 17 4.0895
34 7 34 7.9898
34 8 70 18.5544
34 9 1 0.2057
34 11 3 0.6102
34 12 7 1.4603
34 13 3 0.7139
34 15 11 2.3795
34 16 7 1.2719
34 17 1 0.5980
34 18 7 1.7353
34 19 15 2.9636
34 20 50 10.5606
34 21 3 0.6181
34 22 3 0.5815
34 24 5 1.0296
34 25 7 1.1469
34 26 1 0.1512
34 27 10 3.5447
34 28 3 0.5486
34 31 109 28.8946
34 32 166 41.2369
34 33 9 1.9489
34 34 6 1.2122
34 35 2 0.4125
34 36 6 1.3502
34 39 14 2.8159
34 40 1 0.2613
34 41 3 0.6426
34 42 50 15.9247
34 43 107 23.2534
34 44 19 3.1404
34 45 12 2.0149
34 46 206 51.5407
34 47 14 2.9283
34 48 2 0.3695
34 49 26 6.5675
34 50 7 1.4504
34 51 1 0.2191
34 52 6 1.6909
34 53 6 1.3818
34 54 33 6.8361
34 55 1 0.2838
34 56 1 0.1611
34 57 7 1.2994
34 58 12 2.5935
34 60 5 1.1064
34 61 3 0.4374
34 63 6 1.4631
34 64 3 0.6334
34 65 193 53.2449
34 66 16 3.9558
34 67 5 1.1509
34 68 13 4.3422
34 69 3 0.5150
34 70 4 0.7891
34 71 6 0.9932
34 73 4 0.7198
34 74 46 9.4642
34 75 44 11.0721
34 77 1 0.2558
34 78 3 0.7834
34 79 18 3.7665
34 80 35 12.2278
34 81 33 10.0752
34 82 38 8.3785
34 84 86 21.5223
34 85 4 0.8034
34 87 1 0.0982
34 88 2 0.4469
34 89 20 7.2376
34 91 4 0.5679
34 92 132 41.9568
34 94 59 17.4759
34 95 4 0.7443
34 96 4 0.7193
34 97 13 2.4712
34 98 3 0.6788
34 99 1 0.1702
34 100 3 0.6540
34 101 431 93.0026
34 103 27 6.3715
34 104 6 1.1185
34 105 20 3.6606
34 106 46 9.1575
34 107 5 1.0563
34 108 42 13.2490
34 109 7 1.6443
34 110 16 4.0853
34 111 17 3.1976
34 115 8 2.5838
34 116 1 0.2280
34 117 172 55.2030
34 119 46 13.5596
34 120 206 45.2290
34 122 627 136.1202
34 123 5 1.1017
34 124 34 6.9265
34 125 164 38.6204
34 126 1 0.1717
34 127 6 1.3848
34 128 388 106.3558
34 129 18 4.1064
34 131 16 3.5572
34 132 9 1.8588
34 133 2 0.4361
34 134 69 13.6387
34 135 1 0.1254
34 137 45 13.2471
34 138 20 4.5876
34 139 2 0.3178
34 140 26 5.0503
34 141 52 10.8649
34 142 54 11.2681
34 144 4 0.9669
34 146 36 16.6421
34 147 2 0.5948
34 148 55 12.1625
34 149 20 5.6566
34 150 16 3.4813
34 152 24 7.3297
34 153 1 0.2015
34 155 39 7.3314
34 156 1 0.2111
34 158 30 8.6930
34 159 35 8.0521
34 160 14 3.0068
34 161 3 0.5158
34 162 27 6.0014
34 163 9 1.9626
34 164 31 8.7647
34 166 588 127.7795
34 167 113 24.8665
34 168 101 23.3604
34 170 15 3.1628
34 172 15 3.1845
34 173 7 1.2580
34 174 13 2.7402
34 175 1 0.1287
34 176 16 2.8991
34 177 24 5.5799
34 178 296 82.5232
34 179 1 0.2880
34 180 1 0.1853
34 181 4 0.9338
34 182 4 0.6149
34 183 45 9.9957
34 184 1 0.1912
34 185 71 16.0568
34 186 11 2.6363
34 187 43 9.5987
34 188 23 5.8440
34 190 52 11.3049
34 192 35 7.3504
34 193 93 17.9170
34 194 1 0.0976
34 195 12 2.1084
34 196 12 2.3903
34 198 3 0.6719
34 199 43 7.9780
34 201 13 4.2754
34 203 4 1.4673
34 204 58 15.6526
34 206 87 21.2417
34 207 26 4.8540
34 208 50 10.1991
34 209 27 6.6576
34 210 5 1.0212
34 211 7 1.2996
34 212 48 7.8406
34 213 43 9.3638
34 214 4 0.8201
34 215 41 7.1347
34 216 4 1.0843
34 217 11 2.1290
34 218 31 10.9288
34 219 2 0.4251
34 220 3 0.6567
34 221 12 4.7408
34 222 1 0.2026
34 223 14 5.1179
34 224 4 0.9202
34 225 188 38.4496
34 227 82 22.0383
34 228 148 51.8180
34 229 5 1.0525
34 230 19 5.7350
34 231 5 1.1099
34 233 23 4.2223
34 234 27 4.4843
34 235 10 1.8669
34 236 51 9.8486
34 237 13 1.9545
34 239 869 320.0499
34 241 22 5.8278
34 242 1 0.2153
34 243 1 0.1659
34 245 28 5.9264
34 246 5 1.1315
34 247 30 6.5328
34 248 4 0.8610
34 249 11 2.0290
34 250 55 12.3267
34 251 3 0.4859
34 252 10 2.2951
34 253 5 1.5652
34 254 6 1.2131
34 255 7 1.5676
34 259 415 94.7583
34 260 60 12.4244
34 261 96 22.5797
34 262 17 4.0201
34 263 27 5.7542
34 264 45 9.0167
34 265 12 2.8258
34 266 4 0.9033
34 268 140 85.5600
34 269 12 3.1566
34 270 16 3.3381
34 273 3 0.5644
34 274 368 80.6865
34 275 930 218.5273
34 276 7 1.3398
34 277 23 5.3970
34 278 49 10.3484
34 279 7 2.2498
34 280 2 0.5837
34 281 5 1.0245
34 282 1 0.1777
34 284 4 0.8767
34 285 12 2.4736
34 286 6 1.5821
34 288 30 5.9911
34 290 164 41.6529
34 291 25 5.9456
34 293 96 24.8355
34 296 48 10.0654
34 297 3 0.4380
34 298 2 0.3213
34 299 15 3.3484
34 300 2 0.4683
34 301 22 4.5136
34 302 1 0.1270
34 304 2 0.4061
34 307 129 26.4809
34 308 19 4.1879
34 309 30 10.8620
34 311 61 13.1763
34 312 7 1.3472
34 313 7 1.2092
34 315 1 0.1794
34 316 43 8.5919
34 317 120 29.5943
34 318 233 63.9751
34 319 142 33.9832
34 321 3 0.5786
34 322 6 1.1634
34 323 23 6.4647
34 324 42 13.3376
34 326 14 3.5806
34 327 1 0.1926
34 328 13 5.5222
34 329 9 1.9116
34 330 9 2.0610
34 332 36 8.7029
34 333 10 1.9733
34 334 2 0.3357
34 335 74 22.9341
34 336 11 2.2662
34 337 74 15.7679
34 338 9 2.2799
34 339 6 1.1045
34 341 8 1.7614
34 342 56 12.7119
34 343 18 3.4286
34 345 76 14.9947
34 346 1 0.1936
34 348 16 3.0823
34 349 25 5.3979
34 350 2 0.4655
34 351 4 0.6246
34 352 68 13.1900
34 353 43 8.5287
34 354 51 10.6814
34 355 87 17.5411
34 356 68 14.0744
34 357 12 2.3579
34 358 21 4.2800
34 359 3 0.6172
34 360 10 1.9992
34 362 1 0.2296
34 363 1 0.2214
34 364 9 1.9948
34 365 16 3.6675
34 366 13 3.1238
34 368 13 3.4016
34 370 7 1.7396
34 371 14 2.5287
34 372 10 1.8501
34 373 88 19.3449
34 374 3 0.7752
34 376 10 2.6972
34 379 9 2.1970
34 380 36 8.6681
34 381 2 0.5025
34 382 3 0.5079
34 383 7 1.2510
35 0 10 1.8921
35 1 16 3.4537
35 2 9 1.7233
35 3 20 4.7287
35 4 32 7.4102
35 5 1 0.2807
35 6 95 21.6242
35 8 16 3.9966
35 9 7 1.7383
35 11 117 25.8730
35 13 2 0.3893
35 15 59 11.7256
35 16 16 3.2743
35 17 21 5.2695
35 18 85 19.1370
35 19 42 9.8008
35 20 2 0.7384
35 22 1 0.2378
35 23 10 2.5258
35 24 16 3.4638
35 25 31 6.4048
35 26 18 4.1166
35 27 30 6.1933
35 29 8 1.6250
35 30 6 1.1147
35 31 1 0.2443
35 33 48 11.5896
35 34 179 46.7995
35 35 8 1.9786
35 36 12 3.2262
35 38 164 49.0595
35 39 7 1.4575
35 41 83 17.9769
35 42 12 3.1402
35 44 8 0.9905
35 46 207 47.4452
35 47 29 9.4447
35 49 12 2.8270
35 52 9 2.9689
35 53 18 3.8142
35 54 3 0.6177
35 58 38 9.6557
35 59 11 2.2652
35 60 1 0.2543
35 61 177 39.6082
35 62 87 16.6995
35 63 8 1.7110
35 64 3 0.4823
35 66 3 0.5751
35 67 1 0.1967
35 68 45 10.1941
35 69 4 1.3148
35 71 1 0.1654
35 73 5 0.9085
35 75 139 42.1739
35 76 4 0.9956
35 77 3 0.8012
35 78 7 1.4831
35 79 33 7.4349
35 80 33 8.4618
35 81 10 2.0332
35 84 22 5.2289
35 85 2 0.4865
35 86 6 1.3000
35 87 5 0.9910
35 88 25 7.5093
35 89 1 0.2053
35 90 1 0.1435
35 91 46 9.1432
35 92 4 0.8987
35 93 5 1.1763
35 94 26 7.1211
35 97 2 0.2157
35 98 69 17.6907
35 100 1 0.2122
35 101 21 4.0829
35 102 27 8.9890
35 103 250 53.3492
35 104 159 43.4755
35 105 5 0.8749
35 106 3 0.7684
35 107 38 8.4275
35 108 2 0.2851
35 110 52 11.2356
35 111 21 4.6096
35 112 24 5.8966
35 113 19 3.9235
35 116 29 9.1150
35 117 19 3.6011
35 118 177 43.9616
35 119 33 8.3586
35 120 7 1.4736
35 121 11 2.8249
35 122 8 1.9858
35 123 2 0.3704
35 124 13 2.6933
35 125 7 1.5530
35 126 3 0.6161
35 127 44 14.4820
35 128 1 0.1671
35 129 7 1.4017
35 130 5 0.8284
35 131 225 50.4916
35 132 31 6.1489
35 133 5 1.0199
35 135 12 2.6987
35 136 21 5.1443
35 138 3 0.3929
35 139 11 2.3937
35 140 47 12.1516
35 141 62 18.0973
35 144 37 9.1649
35 145 3 0.6069
35 146 79 18.3123
35 147 7 1.3602
35 149 1 0.1386
35 150 1 0.1984
35 151 25 5.1227
35 152 6 1.6486
35 153 190 39.3341
35 154 52 11.2819
35 155 7 0.9526
35 156 2 0.3743
35 157 8 1.7592
35 158 24 5.3379
35 159 2 0.4368
35 160 2 0.4679
35 161 34 7.5082
35 162 94 19.3725
35 163 129 26.0019
35 164 15 2.2128
35 165 1 0.3547
35 166 3 0.5000
35 167 19 3.6606
35 170 6 1.8550
35 171 37 8.1273
35 172 8 1.5415
35 173 2 0.4272
35 174 11 2.2902
35 176 3 0.5856
35 177 77 28.7302
35 178 97 21.9212
35 180 41 8.6082
35 181 6 1.1339
35 182 29 8.1740
35 183 2 0.3782
35 184 5 0.8572
35 185 1 0.1882
35 187 5 1.0292
35 188 4 0.9159
35 190 12 2.4506
35 191 39 8.2643
35 193 105 27.3537
35 194 5 1.0017
35 196 26 5.7726
35 197 18 3.6899
35 199 45 13.1699
35 200 1 0.4810
35 201 136 28.8103
35 202 1 0.0701
35 203 43 10.3401
35 205 17 4.0401
35 206 139 40.4903
35 208 1 0.1686
35 210 23 4.7609
35 211 21 4.6733
35 212 5 1.2655
35 213 8 1.9465
35 214 1 0.1198
35 215 416 98.9810
35 216 53 11.5742
35 217 1 0.1810
35 218 19 4.8889
35 219 8 1.8017
35 221 78 16.5698
35 222 1 0.2602
35 223 1 0.2854
35 224 145 38.4272
35 225 12 2.2646
35 227 7 1.0792
35 229 91 18.1865
35 232 12 2.5660
35 233 21 5.7068
35 234 21 8.1446
35 235 1 0.1014
35 236 12 3.6801
35 237 11 2.4642
35 238 9 2.1244
35 239 17 3.2294
35 240 20 4.6768
35 241 3 0.5274
35 242 3 0.5414
35 243 1 0.1443
35 244 7 1.3239
35 245 4 0.7414
35 246 8 1.6464
35 247 12 1.9390
35 248 8 1.8048
35 249 11 1.9514
35 250 20 5.9451
35 251 22 5.1686
35 252 30 6.7977
35 253 3 0.5113
35 254 39 9.5033
35 255 4 0.9435
35 256 12 2.4150
35 258 10 2.0836
35 259 48 11.2312
35 260 2 0.4081
35 261 22 4.5478
35 262 126 30.5502
35 263 24 4.7758
35 264 24 4.8820
35 265 1 0.1830
35 266 21 4.3945
35 267 31 10.7707
35 268 1 0.1959
35 269 1 0.2387
35 270 8 1.4628
35 271 7 1.7097
35 272 1 0.2072
35 273 56 14.2095
35 274 2 0.2706
35 275 197 43.8388
35 276 10 1.7497
35 277 32 6.7420
35 279 18 4.0935
35 280 179 64.0505
35 281 80 21.4497
35 282 5 1.0729
35 284 92 22.0975
35 286 29 5.8688
35 287 29 6.6386
35 288 6 1.3375
35 289 3 0.6650
35 290 2 0.3822
35 292 8 1.5083
35 293 677 298.0195
35 295 24 5.5858
35 296 18 4.2113
35 298 32 7.3073
35 299 9 2.0437
35 300 21 7.1450
35 302 5 1.0614
35 303 33 8.1131
35 304 8 2.6094
35 305 95 21.6648
35 306 298 72.1286
35 307 58 12.2153
35 308 2 0.1826
35 309 15 3.1549
35 310 4 0.8060
35 311 188 41.1152
35 312 24 8.8994
35 313 59 15.4500
35 314 3 0.5980
35 315 154 33.6839
35 316 3 0.7352
35 317 8 1.6197
35 318 1 0.2200
35 319 117 27.4898
35 320 5 1.1059
35 321 11 2.6823
35 322 8 1.9060
35 324 372 86.7314
35 326 84 17.5705
35 327 3 0.5863
35 328 337 99.2980
35 329 8 1.8103
35 330 10 2.1388
35 331 14 2.8734
35 332 31 8.0758
35 333 35 7.3903
35 334 139 33.9422
35 335 243 49.2821
35 336 1 0.3737
35 338 22 5.8231
35 339 95 20.2883
35 340 3 0.9422
35 342 1 0.1795
35 343 74 14.0065
35 344 76 19.6696
35 345 1 0.1834
35 346 20 4.0053
35 347 60 15.9143
35 348 21 5.1375
35 349 6 1.1690
35 350 38 10.5314
35 351 1 0.1343
35 352 25 6.6818
35 353 112 25.1307
35 354 9 2.4341
35 355 154 33.4479
35 356 58 11.2518
35 357 6 1.4299
35 358 2 0.6112
35 359 50 11.9143
35 361 12 2.5601
35 362 30 6.2860
35 364 2 0.3717
35 365 476 115.4862
35 366 35 17.0334
35 367 31 6.1167
35 368 1 0.3292
35 369 70 15.2479
35 370 1 0.2074
35 371 35 7.1647
35 372 3 0.9785
35 373 9 2.5836
35 374 59 11.4981
35 376 2 0.3986
35 377 23 4.8878
35 379 13 2.9659
35 381 31 6.4677
35 382 17 3.4506
35 383 28 6.2598
36 0 3 0.5860
36 1 17 2.7446
36 2 3 0.4043
36 3 79 18.5166
36 4 58 16.4797
36 6 3 0.5027
36 7 8 2.1717
36 8 9 1.9998
36 9 5 0.7829
36 11 8 1.2766
36 12 57 16.4248
36 13 13 3.2097
36 14 4 0.6154
36 15 3 0.5556
36 16 38 10.2622
36 17 5 1.1102
36 18 31 6.2198
36 19 1 0.2297
36 22 106 21.0202
36 23 9 2.8356
36 24 2 0.4509
36 25 8 1.6961
36 26 7 1.5108
36 28 82 14.8391
36 29 25 5.2234
36 30 8 1.1901
36 32 19 3.8875
36 34 23 4.0226
36 35 5 1.2243
36 36 48 14.6026
36 38 1 0.1983
36 40 122 21.4107
36 41 11 1.8586
36 42 26 4.4429
36 43 55 10.8264
36 44 5 1.0488
36 45 5 0.8433
36 46 16 3.1499
36 47 10 2.1788
36 48 1 0.2129
36 50 22 4.3730
36 51 42 6.9654
36 52 86 19.7581
36 53 5 1.6144
36 54 1 0.2109
36 55 15 2.7398
36 56 309 52.7794
36 57 21 5.2552
36 58 13 2.4552
36 59 60 13.4387
36 61 1 0.2124
36 62 6 1.1365
36 63 209 57.1226
36 64 40 6.8438
36 65 1 0.2191
36 66 4 0.5447
36 67 11 2.8851
36 69 31 6.7740
36 70 1 0.2348
36 72 3 0.8780
36 73 15 3.5979
36 74 2 0.4514
36 76 3 0.5670
36 78 34 5.6897
36 79 33 7.7210
36 80 134 35.0377
36 82 72 13.6204
36 83 120 23.3291
36 84 6 1.0849
36 85 18 9.2662
36 87 2 0.3925
36 91 9 1.5901
36 92 4 0.4939
36 93 21 4.0922
36 94 21 4.1506
36 95 8 1.7818
36 96 1 0.1555
36 97 41 6.5993
36 98 76 20.9114
36 99 69 24.9949
36 100 11 2.3379
36 101 97 22.7531
36 102 4 0.7671
36 103 35 8.8735
36 106 8 1.5140
36 107 1 0.2158
36 108 19 2.9063
36 109 3 0.5307
36 110 1 0.2516
36 111 4 0.6882
36 112 21 5.2317
36 113 31 8.0267
36 114 164 34.1143
36 116 1 0.1121
36 118 1 0.2031
36 119 3 0.6062
36 121 23 4.8910
36 123 7 1.6659
36 125 12 2.1438
36 126 17 3.4482
36 128 2 0.3586
36 129 1 0.1969
36 130 6 1.7886
36 134 22 7.1179
36 135 6 1.2261
36 138 3 0.5220
36 139 239 62.0780
36 140 6 0.9185
36 142 20 5.4107
36 143 3 0.4572
36 144 3 0.4908
36 146 20 3.8724
36 150 1 0.1931
36 152 10 2.9678
36 154 4 0.7073
36 156 2 0.4719
36 157 24 5.2759
36 158 115 22.2788
36 159 13 3.2786
36 160 19 3.9594
36 161 10 1.6429
36 162 6 1.1360
36 164 16 3.2937
36 165 15 5.3242
36 166 12 2.7229
36 167 3 0.7913
36 169 12 2.4355
36 170 7 1.6410
36 171 18 3.7949
36 172 65 13.6357
36 173 2 0.3060
36 174 12 2.5110
36 176 7 1.4644
36 177 1 0.1499
36 178 3 0.7034
36 179 3 0.8237
36 180 2 0.4357
36 181 1 0.1873
36 182 178 37.1272
36 183 10 2.0919
36 184 22 4.0412
36 185 14 2.3879
36 186 10 2.2688
36 187 63 27.5942
36 189 37 6.7201
36 190 64 12.0919
36 191 27 5.2749
36 192 22 4.5156
36 195 9 2.1225
36 196 4 1.0615
36 197 316 55.6199
36 199 4 0.5868
36 200 5 0.8472
36 201 56 11.3673
36 202 39 14.7098
36 204 109 21.0259
36 205 18 3.0307
36 207 1 0.1431
36 208 4 0.8204
36 209 94 20.3804
36 210 3 0.6845
36 211 27 4.8841
36 212 22 6.2908
36 213 2 0.4367
36 214 5 0.5979
36 215 4 0.7046
36 217 99 17.7170
36 218 3 0.7235
36 220 23 5.9451
36 222 128 23.4573
36 223 24 7.2098
36 224 6 1.0420
36 227 5 1.1985
36 228 1 0.0918
36 229 11 2.1365
36 230 50 9.0209
36 231 147 27.4335
36 233 80 28.6337
36 234 14 3.7835
36 236 33 8.0434
36 238 48 10.6992
36 240 13 2.4315
36 242 6 1.3123
36 244 35 13.1656
36 245 6 1.2411
36 246 21 3.6132
36 247 36 6.6370
36 248 25 6.3989
36 250 3 1.0027
36 252 54 10.2745
36 253 276 57.6455
36 254 1 0.1624
36 255 7 1.4688
36 257 94 50.4538
36 258 44 9.4598
36 259 6 1.7034
36 262 10 2.2648
36 263 5 0.8979
36 264 17 3.3314
36 265 18 3.9993
36 266 2 0.4080
36 268 34 6.6383
36 269 2 0.3618
36 270 17 3.4746
36 271 13 1.8042
36 272 26 7.9927
36 273 201 48.5096
36 274 34 6.2728
36 276 20 4.1702
36 277 64 20.9990
36 279 206 41.4479
36 280 80 15.6711
36 282 6 0.9614
36 283 6 0.8787
36 284 157 30.7670
36 286 1 0.1026
36 287 10 1.7644
36 288 86 14.7731
36 289 42 12.9296
36 290 12 1.9831
36 291 5 1.1609
36 292 9 2.1800
36 293 6 1.0836
36 294 36 6.8509
36 296 29 4.7916
36 298 10 1.7309
36 299 23 4.2275
36 301 111 19.2588
36 302 237 51.0553
36 304 10 1.8234
36 305 194 38.9885
36 306 51 8.9955
36 307 37 12.5408
36 308 3 0.7011
36 310 26 4.6202
36 311 5 1.1404
36 312 14 2.4231
36 313 1151 424.4885
36 314 80 16.7398
36 315 7 1.3744
36 316 22 3.5656
36 317 42 7.9550
36 318 29 5.4742
36 319 2 0.2719
36 320 10 1.8996
36 322 115 31.3711
36 323 37 6.6947
36 326 1 0.1338
36 327 9 1.7952
36 329 39 7.0410
36 330 5 0.9419
36 332 1 0.1548
36 333 19 4.6673
36 334 1 0.2310
36 336 71 18.5679
36 337 44 9.9095
36 339 58 16.2958
36 340 68 12.8919
36 342 133 28.8927
36 343 53 13.6169
36 345 2 0.3901
36 346 727 315.1429
36 348 2 0.2882
36 349 3 0.8810
36 350 75 14.6493
36 354 344 85.7177
36 355 20 4.6078
36 356 2 0.5193
36 359 92 18.3269
36 360 1 0.1705
36 361 141 24.3458
36 362 1 0.2135
36 363 50 15.9456
36 364 1 0.1845
36 366 33 7.9718
36 367 36 7.0626
36 369 23 6.9225
36 370 1 1.4678
36 371 6 1.1890
36 372 36 8.3953
36 373 38 8.5047
36 374 34 5.9589
36 375 2 0.3803
36 377 19 3.1833
36 379 2 0.5323
36 380 9 2.7871
36 381 6 0.9697
36 382 14 2.7573
36 383 2 0.3741
37 1 130 27.9259
37 2 1 0.0000
37 3 41 9.3042
37 4 26 5.4219
37 5 73 16.4630
37 6 26 6.0079
37 7 18 4.1064
37 8 36 6.6811
37 9 29 8.6561
37 10 46 13.6438
37 11 2 0.4056
37 12 10 2.8271
37 13 21 5.8255
37 14 5 1.2510
37 15 9 2.0791
37 16 49 12.2609
37 18 9 1.9907
37 19 77 16.0446
37 20 12 3.0184
37 21 15 2.8487
37 22 15 3.1411
37 23 18 5.4204
37 24 6 1.2252
37 26 136 45.8313
37 27 8 1.6657
37 28 5 1.1514
37 30 44 22.2810
37 31 2 0.4205
37 32 25 6.0665
37 33 14 2.8852
37 34 8 2.6953
37 35 15 4.9407
37 36 209 66.3725
37 37 70 19.4865
37 38 29 4.9455
37 39 17 3.0449
37 40 18 3.4809
37 42 26 5.2968
37 43 26 8.9742
37 44 7 1.3546
37 45 29 7.1927
37 46 20 6.9197
37 47 5 0.9673
37 50 25 4.5625
37 51 93 20.4927
37 52 31 6.7296
37 53 33 11.0920
37 54 24 4.7804
37 55 40 12.0618
37 56 76 16.0506
37 57 1 0.1901
37 58 62 14.2615
37 59 37 12.4183
37 60 14 2.9181
37 61 30 6.7010
37 62 2 0.2999
37 65 53 10.8508
37 66 43 15.1974
37 67 70 15.1991
37 68 33 14.5962
37 69 1 0.1000
37 70 18 4.1141
37 71 65 15.4953
37 72 21 4.5440
37 73 12 2.7894
37 74 16 3.3896
37 75 5 0.8919
37 76 11 2.1318
37 77 118 28.5159
37 78 24 9.7153
37 79 13 2.7590
37 81 2 0.4376
37 82 2 0.4118
37 83 61 25.4487
37 84 25 6.5133
37 85 9 4.2864
37 86 1 0.1520
37 89 3 0.7122
37 90 11 2.0878
37 91 14 3.4283
37 93 9 1.8322
37 94 1 0.2155
37 95 74 19.8590
37 97 16 3.1799
37 98 5 1.1294
37 100 51 19.9827
37 101 1 0.1814
37 102 60 22.5634
37 103 16 2.7696
37 104 9 1.8899
37 105 76 28.9246
37 106 2 0.3689
37 107 8 1.6434
37 109 2 0.4113
37 110 8 2.2355
37 112 17 3.6290
37 113 9 1.5996
37 114 1 0.1702
37 117 20 3.6844
37 118 6 2.0424
37 119 51 8.8357
37 121 87 22.3265
37 122 2 0.4013
37 123 20 5.2947
37 124 29 6.1358
37 125 11 1.8519
37 126 13 3.5583
37 127 83 27.4832
37 128 209 68.3842
37 129 3 0.6699
37 130 74 16.9297
37 131 17 3.4476
37 132 24 5.1653
37 134 2 0.3721
37 135 132 34.2953
37 136 17 4.0813
37 137 1 0.0679
37 138 78 15.4861
37 140 5 0.9689
37 141 12 3.1701
37 143 1 0.1494
37 144 22 7.5279
37 145 6 1.0623
37 147 12 2.3397
37 148 27 5.2829
37 154 6 1.3064
37 155 3 0.4100
37 156 7 1.5481
37 157 22 5.0616
37 158 31 5.8488
37 160 260 62.6158
37 161 5 0.7790
37 162 29 6.9593
37 163 55 11.8143
37 164 5 0.8538
37 165 52 11.2018
37 166 11 2.2932
37 167 22 5.2739
37 168 111 21.9002
37 169 15 2.8279
37 170 9 2.0286
37 171 39 10.7962
37 172 35 7.0656
37 173 89 16.9529
37 174 54 12.5291
37 176 13 3.8253
37 177 68 14.4440
37 178 14 3.2550
37 179 91 19.8059
37 180 14 2.3755
37 181 190 47.4843
37 182 16 6.5367
37 183 10 1.8406
37 184 32 6.2998
37 186 87 23.2780
37 188 11 2.1362
37 189 20 4.6576
37 190 14 3.1893
37 191 12 2.7558
37 194 28 6.0393
37 196 20 3.5471
37 197 14 4.4756
37 198 22 5.6086
37 201 2 0.2928
37 202 3 0.5895
37 203 4 0.7505
37 204 8 1.4413
37 205 3 0.6666
37 206 13 3.1175
37 207 8 1.8744
37 208 115 24.3090
37 209 14 2.8688
37 210 2 0.4075
37 212 3 0.6023
37 214 110 22.9376
37 215 1 0.2058
37 217 284 58.2093
37 218 35 7.7506
37 219 76 15.5361
37 220 2 0.3663
37 223 19 4.6989
37 224 18 3.6919
37 225 90 17.4934
37 226 2 0.3443
37 227 41 8.7009
37 228 3 0.5192
37 230 36 9.2945
37 232 61 15.0838
37 233 120 24.6678
37 234 202 42.9403
37 235 4 0.6692
37 236 5 0.9879
37 237 5 0.7921
37 238 16 4.1483
37 239 6 1.2024
37 240 16 3.0304
37 242 6 1.2537
37 243 4 0.7819
37 245 12 6.5851
37 246 16 3.0516
37 247 3 0.5276
37 248 5 1.1223
37 249 9 2.1125
37 250 7 1.7753
37 251 3 0.5218
37 252 10 2.1660
37 253 30 8.2002
37 254 3 0.8134
37 255 2 0.3516
37 256 9 2.2305
37 257 29 6.1902
37 258 49 11.0070
37 259 14 4.9051
37 260 4 1.1274
37 261 1 0.1485
37 262 3 0.5582
37 263 7 2.2411
37 265 71 15.7301
37 266 1 0.1345
37 267 3 0.5646
37 268 74 17.2344
37 269 1 0.2848
37 270 24 4.7046
37 271 32 6.5275
37 272 38 11.7766
37 273 7 3.4817
37 274 4 0.7848
37 275 73 19.7540
37 276 10 2.0385
37 277 2 0.3534
37 278 10 1.9629
37 279 251 51.4066
37 280 1 0.2791
37 281 4 0.7433
37 282 51 10.5690
37 284 15 2.8615
37 285 19 5.2316
37 286 57 11.8938
37 287 136 40.7344
37 288 4 1.1959
37 289 22 4.3106
37 290 1 1.5000
37 292 14 2.5467
37 294 2 0.2666
37 295 16 3.2421
37 296 46 10.6378
37 297 9 2.2466
37 298 100 25.2197
37 300 26 5.3436
37 301 6 1.5688
37 302 15 4.4104
37 303 6 1.2549
37 304 7 1.4234
37 305 6 1.1599
37 307 14 4.6536
37 308 34 8.0177
37 310 26 7.3949
37 311 9 1.5472
37 314 1 0.1805
37 315 27 6.2787
37 316 92 20.9813
37 317 9 1.9257
37 318 8 1.7155
37 319 1 0.2037
37 320 3 0.5363
37 321 26 5.0448
37 322 73 36.9425
37 324 3 0.7201
37 326 15 2.8495
37 327 39 7.0484
37 329 12 2.4165
37 330 68 13.6831
37 331 21 4.3539
37 333 7 2.1059
37 334 30 6.2840
37 336 8 1.7236
37 337 1 0.1732
37 338 30 7.6389
37 339 90 17.4518
37 340 2 0.1388
37 341 203 77.2449
37 343 44 13.2525
37 344 34 7.5861
37 345 13 2.1781
37 346 12 2.1509
37 348 57 16.1965
37 349 6 1.3548
37 350 21 4.6600
37 351 2 0.3995
37 352 24 5.4353
37 353 8 1.4406
37 354 257 62.2757
37 355 2 0.5212
37 357 14 2.1396
37 358 107 31.8076
37 359 61 11.1436
37 360 34 6.4911
37 361 7 1.6801
37 364 1 0.1625
37 365 2 0.4444
37 366 36 9.3401
37 367 3 0.7212
37 368 24 4.5510
37 369 6 1.1553
37 370 15 7.4789
37 371 1 0.2399
37 372 135 25.6840
37 373 27 7.4296
37 374 33 7.0814
37 375 4 1.8354
37 377 76 22.7946
37 378 60 13.9121
37 379 12 2.4587
37 380 730 181.7925
37 381 190 60.6014
37 382 8 1.4556
38 0 20 4.6547
38 1 6 1.0173
38 2 16 3.0082
38 4 2 0.2522
38 6 25 8.5162
38 7 22 4.2300
38 8 7 0.9567
38 9 27 4.8941
38 12 32 6.2924
38 13 63 16.2247
38 14 5 0.9015
38 15 1 0.2553
38 16 13 2.3300
38 17 51 11.1210
38 18 4 0.7063
38 19 5 1.7366
38 20 48 14.8611
38 21 102 22.6242
38 23 19 5.4074
38 24 293 75.6493
38 25 2 0.3423
38 26 112 23.8167
38 28 40 7.5084
38 29 1 0.0000
38 30 34 9.8523
38 31 57 16.4672
38 32 4 0.6997
38 33 25 12.2200
38 35 37 8.1201
38 38 2 0.3919
38 39 1 0.2034
38 40 6 1.2579
38 41 34 6.0064
38 43 10 3.6684
38 44 16 3.3864
38 45 3 0.4559
38 46 1 0.2215
38 49 17 3.1440
38 50 29 8.1211
38 51 18 3.8019
38 53 4 0.5815
38 54 25 6.5231
38 55 41 7.3566
38 56 2 0.4048
38 58 5 0.7760
38 59 216 46.6255
38 60 29 7.3347
38 61 21 3.6086
38 62 3 0.7656
38 63 6 1.1355
38 64 21 7.3924
38 65 15 2.7774
38 66 2 0.2953
38 67 63 12.7017
38 68 13 2.3940
38 69 52 11.6809
38 70 406 159.1275
38 71 33 6.3956
38 73 21 4.3135
38 74 13 2.8401
38 75 32 11.7866
38 76 2 0.3773
38 79 122 24.7482
38 80 82 27.0580
38 81 7 1.3967
38 82 74 16.7009
38 83 29 6.4080
38 85 2 0.4545
38 86 7 1.9157
38 87 10 2.7590
38 88 449 102.9613
38 89 2 0.4123
38 90 19 6.0918
38 91 20 6.8411
38 93 87 16.2878
38 94 11 2.8400
38 95 8 2.7218
38 96 4 0.9075
38 97 247 56.6313
38 98 21 4.5402
38 99 5 0.6676
38 100 6 0.7070
38 101 23 5.3937
38 102 2 0.3576
38 103 30 8.1561
38 104 2 0.3778
38 105 9 1.5608
38 108 34 5.6876
38 109 2 0.3877
38 110 18 5.7848
38 112 5 0.7961
38 113 1 0.0897
38 115 86 16.0415
38 116 62 12.1990
38 117 106 29.1833
38 118 32 5.3935
38 119 4 0.8569
38 120 5 0.8474
38 121 2 0.6140
38 122 33 6.2858
38 123 3 1.1369
38 124 1 0.1689
38 125 79 15.5076
38 126 6 1.2367
38 127 18 3.5370
38 128 2 0.4680
38 130 1 0.2989
38 131 233 56.7706
38 132 1 0.2193
38 133 26 4.1727
38 134 89 19.8077
38 137 4 0.7424
38 138 44 7.9515
38 139 152 27.5621
38 140 5 0.7816
38 141 92 17.2022
38 142 1 0.1748
38 144 18 4.6244
38 145 57 10.8595
38 146 10 1.7043
38 147 45 8.6727
38 148 18 2.8679
38 149 2 0.3669
38 150 23 5.1897
38 151 63 12.6530
38 152 72 17.2978
38 153 117 22.8445
38 154 1 0.1679
38 155 30 5.7142
38 157 13 2.2567
38 158 68 20.1065
38 159 69 14.5340
38 160 3 0.6473
38 162 7 1.6702
38 163 8 1.5551
38 164 1 0.1279
38 165 8 1.4809
38 167 81 20.2927
38 168 7 1.4799
38 169 24 4.2102
38 170 49 7.8433
38 171 14 2.0303
38 172 3 0.4587
38 173 61 11.3185
38 174 4 0.8822
38 175 2 0.2552
38 176 109 26.3020
38 177 31 6.8669
38 179 8 1.5424
38 181 49 10.2088
38 182 2 0.4136
38 183 4 0.9026
38 185 1 0.1812
38 186 9 1.9382
38 187 25 4.8147
38 188 35 5.6844
38 189 103 18.1225
38 190 22 5.2133
38 191 5 1.1519
38 192 44 10.1769
38 193 62 21.8532
38 194 2 0.3873
38 195 54 8.3924
38 196 27 6.4343
38 197 45 12.3329
38 198 3 0.4762
38 199 4 0.6784
38 201 84 28.2520
38 202 20 5.2547
38 203 2 0.3697
38 204 13 2.7079
38 205 8 2.8061
38 206 6 0.9369
38 207 22 5.9346
38 208 37 9.9468
38 209 2 0.4888
38 210 8 1.2928
38 211 6 1.2664
38 212 1 0.1163
38 213 9 2.0391
38 215 17 2.8745
38 216 15 2.7700
38 217 31 9.9828
38 218 6 0.7441
38 219 98 26.7383
38 220 8 1.4715
38 221 2 0.1513
38 224 11 2.0459
38 225 1 0.4834
38 226 80 15.4885
38 227 27 9.3651
38 228 9 1.3174
38 229 1 0.1781
38 230 231 58.9715
38 231 13 2.8407
38 232 5 1.1930
38 234 9 4.9290
38 235 13 2.2480
38 236 32 8.7322
38 237 29 12.1697
38 239 86 17.8890
38 240 6 1.3665
38 241 4 0.8083
38 242 192 85.6731
38 243 3 0.6184
38 245 6 1.6031
38 246 100 30.2918
38 247 6 1.1370
38 249 55 10.5196
38 250 74 45.3200
38 251 9 1.3147
38 252 3 0.5306
38 253 2 0.4354
38 254 58 17.8219
38 256 25 4.3518
38 257 33 8.5060
38 258 169 55.5403
38 259 7 1.1064
38 260 25 7.1351
38 263 31 7.6064
38 264 73 20.0166
38 265 61 12.5911
38 268 96 24.5924
38 269 19 3.5598
38 270 3 0.5638
38 271 9 2.1372
38 272 2 0.2419
38 273 114 47.0968
38 274 24 5.5016
38 276 12 4.7454
38 277 89 20.1747
38 278 8 2.2966
38 280 10 2.5776
38 281 71 13.2308
38 282 36 10.3837
38 283 31 6.3816
38 285 110 38.2968
38 286 8 2.6941
38 287 1 0.2175
38 288 17 4.6640
38 289 74 20.9217
38 291 20 3.0774
38 292 90 17.5359
38 293 6 1.3369
38 294 2 0.3006
38 295 5 0.7526
38 296 45 8.5863
38 298 11 2.6435
38 300 6 0.7934
38 301 11 2.2921
38 302 12 2.2692
38 303 6 1.3065
38 305 18 6.2310
38 306 11 1.6856
38 307 7 1.3991
38 308 2 0.3971
38 309 64 24.7613
38 310 3 0.6051
38 311 22 3.8393
38 312 2 0.3526
38 314 1 0.1993
38 315 22 4.5969
38 316 39 7.0459
38 317 9 1.2616
38 318 46 9.5442
38 319 19 3.0716
38 320 9 2.6663
38 322 31 9.2813
38 323 2 1.0569
38 325 13 4.8933
38 326 15 3.5506
38 327 1 0.2368
38 328 14 2.5611
38 329 5 1.2215
38 331 5 0.6068
38 332 17 3.9534
38 333 32 6.3368
38 334 5 1.2845
38 335 27 5.4510
38 337 4 0.4841
38 338 2 0.3274
38 340 26 5.5891
38 342 21 4.0887
38 344 4 0.6747
38 345 9 3.4873
38 346 2 0.4017
38 347 19 3.9464
38 349 29 5.7521
38 350 35 6.3004
38 351 6 1.2801
38 352 13 6.3672
38 353 42 10.3844
38 354 38 6.9742
38 355 48 11.1399
38 356 4 0.6076
38 357 35 11.1194
38 359 1 0.1920
38 360 19 3.7200
38 361 17 4.5968
38 363 29 7.7449
38 364 25 6.5708
38 365 1 0.3692
38 366 27 4.8691
38 367 9 1.7867
38 368 13 3.5630
38 369 119 24.1401
38 370 55 10.9188
38 371 16 2.7104
38 373 5 1.0673
38 374 5 0.7783
38 375 22 5.6202
38 376 7 1.8046
38 377 3 0.6797
38 378 11 3.5905
38 379 22 5.4372
38 380 8 3.6141
38 381 2 0.3608
38 382 15 2.3015
38 383 1 1.5000
39 0 42 8.7777
39 1 29 2.1087
39 3 6 0.6846
39 4 74 44.9792
39 5 1 0.1758
39 6 39 8.9503
39 7 46 33.9188
39 8 131 19.4336
39 9 1 0.2551
39 10 16 2.8186
39 11 5 0.3198
39 12 87 18.6385
39 13 19 2.5571
39 14 64 16.4105
39 15 14 5.7321
39 18 90 17.1795
39 19 4 0.3237
39 20 27 7.2947
39 21 9 0.8637
39 23 23 0.9668
39 24 8 1.6331
39 25 4 1.4443
39 26 27 6.2381
39 27 65 12.6378
39 28 19 1.4013
39 30 17 4.6196
39 31 5 1.0128
39 32 27 4.7064
39 33 25 3.8903
39 34 1 0.1644
39 35 10 2.1268
39 36 2 0.3112
39 37 5 0.3450
39 38 8 1.4297
39 41 11 1.9868
39 42 5 1.1068
39 44 20 5.5443
39 45 99 37.4052
39 47 15 4.7803
39 48 24 0.6035
39 50 65 12.4889
39 51 101 19.9179
39 52 8 0.9663
39 54 164 49.7043
39 55 73 8.4324
39 56 6 0.9415
39 58 31 6.0663
39 59 12 3.1813
39 60 2 0.1400
39 61 117 20.4243
39 62 1 0.1585
39 63 2 0.1364
39 64 18 3.3941
39 65 8 1.9897
39 66 26 6.7532
39 67 13 2.7583
39 68 11 1.3904
39 69 114 22.4480
39 70 32 16.0171
39 71 12 1.8016
39 72 155 39.6184
39 73 2 0.3605
39 76 5 0.8709
39 78 3 0.4445
39 80 263 55.5903
39 81 9 2.3057
39 82 11 2.4073
39 83 23 3.3518
39 84 11 3.0366
39 85 28 5.7216
39 86 6 0.7189
39 87 67 36.5096
39 90 1 0.1496
39 91 362 84.6016
39 92 81 15.7115
39 93 32 8.6909
39 94 4 0.9888
39 95 6 0.7555
39 96 89 21.2151
39 97 188 85.8308
39 98 25 3.1113
39 99 19 4.8946
39 100 5 0.9700
39 101 18 3.9355
39 102 16 3.5761
39 103 14 4.1828
39 104 6 1.0017
39 106 11 2.6155
39 107 3 0.4616
39 109 59 20.9314
39 111 3 0.6988
39 112 29 7.3129
39 115 8 1.1197
39 116 35 16.8992
39 117 4 0.4087
39 118 29 9.6305
39 119 18 0.1385
39 121 10 1.2966
39 122 20 2.6774
39 123 15 2.5241
39 124 2 0.4958
39 125 57 25.3040
39 126 25 4.5290
39 127 19 3.8207
39 129 4 0.5529
39 131 20 3.5976
39 132 1 0.0990
39 133 41 8.9299
39 134 1 0.1511
39 135 16 1.8064
39 136 9 1.4423
39 139 8 1.0573
39 141 61 19.9847
39 142 4 0.4352
39 144 31 5.7903
39 145 39 8.2225
39 146 87 13.9560
39 147 1 0.2498
39 148 1 0.2418
39 149 37 6.0866
39 150 3 0.5960
39 151 37 8.3011
39 152 8 1.2586
39 153 2 0.2301
39 155 125 28.8636
39 156 29 6.7312
39 157 2 0.4616
39 158 9 1.2768
39 159 32 6.1877
39 160 111 22.4957
39 161 17 1.8398
39 164 10 2.5035
39 165 1 0.1158
39 166 35 5.6337
39 167 10 1.4531
39 168 22 9.5474
39 169 10 1.5929
39 170 26 3.1058
39 172 30 3.7903
39 173 2 0.3767
39 174 9 1.1462
39 175 13 1.6756
39 176 41 7.2838
39 177 4 0.7135
39 178 3 3.7491
39 179 64 11.6542
39 181 46 9.8174
39 182 5 1.2675
39 183 6 0.7814
39 184 16 6.1195
39 185 5 0.5338
39 188 13 19.0011
39 189 52 13.4952
39 190 42 13.9289
39 191 22 3.5331
39 192 1 0.1168
39 193 9 1.3980
39 194 74 12.2028
39 195 40 7.1333
39 196 105 19.9679
39 197 12 2.1895
39 198 23 3.1348
39 199 6 0.7438
39 200 52 17.5093
39 201 9 1.1324
39 202 30 6.2182
39 203 59 20.7319
39 204 37 9.8880
39 205 8 1.7856
39 206 19 2.5306
39 207 286 63.4613
39 208 172 35.1283
39 210 4 0.4124
39 211 1 0.0210
39 212 39 10.2252
39 215 28 5.7239
39 217 4 0.5796
39 218 4 0.6157
39 220 6 2.7743
39 221 84 15.3444
39 222 2 0.1935
39 223 3 0.5171
39 224 48 13.2618
39 226 12 1.6032
39 228 24 5.0777
39 229 2 1.5014
39 230 1 0.3120
39 231 85 30.8608
39 232 12 1.4933
39 234 3 0.3279
39 235 52 7.7089
39 236 11 2.5932
39 237 51 20.2855
39 238 8 1.8553
39 240 40 7.6264
39 241 24 4.1326
39 242 5 0.5942
39 243 3 0.3145
39 244 24 4.5245
39 246 20 4.6700
39 247 25 3.5750
39 248 5 0.8701
39 250 9 1.2216
39 252 7 1.0630
39 253 1 0.3035
39 254 2 0.3404
39 255 64 19.4118
39 256 179 41.8993
39 257 11 2.1993
39 258 3 0.2504
39 259 15 2.1809
39 260 5 0.8069
39 261 18 3.4418
39 263 16 1.9115
39 264 12 1.5836
39 265 2 0.3932
39 266 23 3.9555
39 268 38 12.6312
39 269 45 11.4734
39 272 8 2.2008
39 273 20 4.7073
39 274 9 1.3318
39 275 6 1.0285
39 276 26 6.4363
39 277 11 2.4152
39 278 2 0.1955
39 279 4 0.6380
39 281 32 8.4438
39 283 39 11.7939
39 284 31 7.3641
39 285 35 7.0170
39 286 56 10.7108
39 288 1 0.1164
39 289 8 2.1122
39 290 1 0.2339
39 291 11 1.4584
39 292 2 0.3548
39 293 42 11.4465
39 294 23 3.3505
39 295 22 4.5195
39 296 74 18.3972
39 298 43 23.3421
39 300 4 0.3477
39 301 2 0.2619
39 302 1 0.1458
39 303 67 16.7474
39 304 14 2.8793
39 306 13 2.4808
39 307 38 7.5647
39 308 22 3.0594
39 309 7 1.0272
39 310 1 0.1893
39 311 7 1.4999
39 312 28 5.0006
39 313 18 3.2065
39 314 28 4.6817
39 315 2 0.2185
39 317 4 1.1067
39 318 13 11.1474
39 319 23 6.3549
39 322 22 4.3593
39 323 1 0.1144
39 324 2 0.3613
39 326 32 8.8387
39 328 14 2.8845
39 329 3 0.3452
39 330 128 37.6985
39 331 25 4.1394
39 332 1 0.2167
39 334 3 0.4325
39 335 83 16.7124
39 336 155 36.9445
39 337 12 1.8955
39 339 6 0.8992
39 341 5 0.9646
39 342 1 0.1431
39 343 2 0.7152
39 346 23 7.6971
39 348 29 5.1777
39 349 453 167.8967
39 351 14 2.8029
39 352 31 10.3626
39 353 1 0.0889
39 354 20 7.1201
39 355 24 7.4224
39 356 61 18.2202
39 357 27 13.8078
39 358 7 1.0898
39 359 20 4.5965
39 360 34 10.9646
39 361 20 3.3120
39 362 60 16.1900
39 363 60 9.8579
39 364 1 0.0822
39 365 3 0.2446
39 366 1 0.0002
39 367 19 3.6774
39 368 122 34.7720
39 369 1 0.0777
39 370 12 1.5562
39 371 20 3.2505
39 373 2 0.2398
39 374 8 1.0736
39 375 15 6.9384
39 377 18 2.9304
39 378 1 0.1691
39 379 33 6.4774
39 380 12 1.5278
39 381 31 7.0517
39 382 4 0.5246
39 383 1 0.1242
