# layer expert count weight_sum
0 0 648 142.7737
0 1 29 5.0757
0 2 1543 395.2095
0 4 81 26.8162
0 5 349 103.6366
0 6 175 37.0267
0 7 444 96.2870
0 8 271 48.9494
0 9 632 217.3410
0 10 72 14.0110
0 11 343 63.8123
0 12 176 38.3777
0 14 572 122.5936
0 15 425 87.2940
0 16 15 2.9139
0 17 611 124.5349
0 18 242 54.0715
0 19 90 18.3037
0 20 82 15.4849
0 21 114 24.3180
0 22 136 33.2735
0 23 3 0.8729
0 24 171 31.1525
0 25 273 48.7156
0 26 70 13.6461
0 27 161 34.9353
0 28 1505 377.9110
0 29 430 84.8138
0 30 670 148.6693
0 31 55 11.4679
0 32 175 37.5944
0 33 178 36.7636
0 34 378 79.9120
0 35 666 167.8240
0 36 1177 284.4155
0 37 10 2.2283
0 38 358 82.2712
0 39 2705 633.0945
0 40 808 253.8843
0 41 580 128.7343
0 42 304 108.5501
0 43 231 50.3542
0 44 487 116.9546
0 45 188 45.3917
0 46 64 12.1876
0 47 390 78.3875
0 48 120 36.5761
0 49 202 40.6368
0 51 83 16.5019
0 52 7 1.5153
0 53 35 6.5004
0 54 45 8.9740
0 55 98 21.2807
0 56 193 38.8484
0 57 4 0.7578
0 58 577 129.5989
0 59 155 31.6331
0 60 34 6.0004
0 61 72 22.8778
0 62 156 30.1191
0 63 45 9.0131
0 64 156 42.6099
0 65 160 30.7819
0 66 86 14.6673
0 67 321 102.1693
0 68 58 11.0155
0 69 414 99.6203
0 70 347 55.4819
0 71 178 37.5729
0 72 604 124.3249
0 73 790 193.8463
0 74 116 23.0451
0 75 133 44.0143
0 76 12 2.6535
0 77 47 14.1778
0 78 682 141.6962
0 80 1 0.2913
0 81 437 93.3649
0 82 95 17.0885
0 83 38 8.7240
0 84 58 13.2764
0 85 138 29.8223
0 86 693 143.2718
0 87 157 30.4718
0 88 281 58.2004
0 89 446 75.7585
0 90 33 5.9276
0 91 9 1.8751
0 92 166 36.5184
0 93 2 0.3097
0 94 461 125.3953
0 95 69 15.5184
0 96 384 134.8209
0 97 1213 262.7280
0 98 18 6.6154
0 99 28 5.9644
0 100 14 2.4926
0 101 740 279.5514
0 102 879 158.4482
0 103 2 0.5680
0 104 192 61.2850
0 105 750 160.4949
0 106 78 12.7184
0 107 320 59.7919
0 108 211 47.4029
0 109 144 46.9793
0 110 236 83.7671
0 111 476 115.2267
0 112 107 35.9035
0 113 258 50.5351
0 114 137 30.0582
0 115 569 132.7253
0 116 2537 577.9093
0 117 451 131.7872
0 118 201 37.8691
0 119 151 24.6710
0 120 83 14.9838
0 121 6 1.0911
0 123 6 1.2214
0 124 106 20.1606
0 125 259 44.0470
0 126 187 44.6936
0 127 186 43.0745
0 128 193 53.0951
0 129 84 14.8188
0 130 1477 420.7830
0 131 600 138.8406
0 132 41 7.9266
0 133 593 169.2097
0 134 106 36.1854
0 135 306 60.1985
0 136 609 176.9979
0 138 1019 224.3697
0 139 2 0.3911
0 140 459 133.2579
0 141 175 43.7877
0 142 182 39.6498
0 143 472 107.2308
0 144 66 16.6832
0 145 468 98.2216
0 146 342 74.4655
0 147 287 78.3497
0 148 349 77.5742
0 149 673 152.6028
0 150 97 19.4080
0 151 91 19.4886
0 152 300 62.7319
0 153 114 26.9370
0 154 1297 403.4576
0 155 288 77.3541
0 156 3183 774.2137
0 157 98 22.9234
0 158 239 50.6045
0 159 1225 349.4114
0 160 63 10.9457
0 161 396 76.9487
0 162 80 17.2794
0 163 330 72.7239
0 164 1049 223.9968
0 165 94 28.6976
0 166 318 63.4601
0 167 732 205.8399
0 168 710 147.0846
0 169 636 181.3936
0 170 48 14.8400
0 171 169 34.5573
0 172 135 40.0203
0 173 155 33.5619
0 174 286 105.4528
0 175 93 17.1826
0 176 485 92.2671
0 177 273 54.6260
0 178 102 21.8475
0 179 81 15.5627
0 180 418 81.7504
0 181 909 202.4080
0 182 91 17.3470
0 183 2512 1055.8648
0 184 278 58.1947
0 185 310 57.0912
0 186 62 14.2385
0 187 444 94.2782
0 188 698 264.8183
0 189 466 87.0445
0 190 52 9.2513
0 191 320 67.1735
0 192 335 67.7298
0 193 221 69.1607
0 194 272 55.8137
0 195 90 18.4163
0 196 89 19.3448
0 197 499 112.8551
0 198 387 86.8982
0 199 32 4.7110
0 200 37 7.1509
0 201 141 45.6153
0 203 79 24.8715
0 204 94 20.1348
0 205 1783 584.8350
0 206 19 5.2247
0 207 456 113.0389
0 208 834 169.0763
0 209 134 27.2953
0 210 8 1.7570
0 211 147 23.6773
0 212 26 5.4725
0 213 248 71.6126
0 214 77 16.1746
0 215 598 110.7405
0 216 278 74.6861
0 217 110 19.3688
0 219 99 17.4210
0 220 177 35.4182
0 221 24 4.8159
0 222 277 54.5793
0 223 96 20.3097
0 224 48 9.4599
0 225 341 72.3952
0 226 54 10.7029
0 227 988 213.7744
0 228 168 30.4235
0 229 484 118.4385
0 230 182 39.1553
0 231 428 90.9072
0 232 767 284.4021
0 233 1 0.1564
0 234 578 149.1102
0 235 23 5.1244
0 236 144 27.9613
0 237 583 161.7180
0 238 293 86.6461
0 239 32 5.0745
0 240 1 0.1415
0 241 653 203.5134
0 242 927 226.2363
0 243 11 2.0185
0 244 21 4.2734
0 245 455 79.4868
0 246 57 10.4586
0 247 21 5.3033
0 248 518 139.9320
0 250 44 9.3727
0 251 521 156.7411
0 252 123 21.1687
0 253 343 112.8120
0 254 5 1.0069
0 255 21 4.2411
0 256 554 122.6995
0 257 352 91.7312
0 258 4 0.9666
0 259 211 37.4975
0 260 508 161.4099
0 261 280 80.4430
0 262 628 200.7841
0 263 477 142.5915
0 264 35 6.7688
0 265 14 2.4544
0 266 320 66.9946
0 267 278 115.5933
0 268 689 307.6859
0 269 407 88.4991
0 270 21 6.0788
0 271 236 49.5236
0 272 141 26.9325
0 273 83 19.3944
0 274 215 46.8833
0 275 652 203.6172
0 276 977 238.0777
0 277 252 82.3520
0 278 140 25.9784
0 279 342 69.4436
0 280 691 147.9344
0 281 295 92.5500
0 282 713 149.4499
0 283 236 51.9587
0 284 329 71.5864
0 285 724 201.1271
0 286 407 86.1192
0 287 40 7.5481
0 288 227 45.2091
0 289 811 300.0886
0 290 401 115.4024
0 291 141 29.3996
0 292 7 1.7695
0 293 394 120.1430
0 294 114 25.9482
0 295 407 123.4825
0 296 580 122.5298
0 297 425 105.6334
0 298 9 1.5988
0 299 694 151.3418
0 300 743 199.8759
0 301 339 72.9821
0 302 37 12.5835
0 303 70 11.8685
0 304 145 53.2035
0 305 381 91.2576
0 306 815 199.5300
0 307 46 8.8395
0 308 304 59.4903
0 309 39 6.7471
0 310 919 272.1192
0 311 278 55.6748
0 312 142 28.4649
0 313 1 0.1723
0 314 309 61.5475
0 315 448 92.5888
0 316 161 29.3223
0 317 852 241.4371
0 318 144 49.0518
0 319 211 38.5477
0 320 323 68.0878
0 321 530 113.2714
0 322 296 112.2413
0 323 3966 1262.2450
0 324 2 0.4272
0 325 59 13.0889
0 326 323 61.3257
0 327 298 65.1070
0 328 263 54.7776
0 329 206 75.2854
0 330 337 85.3557
0 331 280 58.3877
0 332 69 14.8725
0 333 103 23.8994
0 334 349 75.1859
0 335 65 15.3346
0 336 25 5.2106
0 337 262 53.4770
0 338 528 109.7103
0 339 54 10.9123
0 340 14 3.4245
0 341 1787 542.8753
0 342 624 128.0547
0 343 701 179.6296
0 344 8 1.5268
0 345 300 65.0429
0 346 127 25.4623
0 347 28 12.5188
0 348 721 162.5751
0 349 165 33.4270
0 350 268 55.7205
0 351 248 71.2483
0 352 645 176.9667
0 353 799 161.8087
0 354 556 101.5896
0 355 848 185.8377
0 356 121 26.4454
0 357 181 46.7614
0 358 184 43.6591
0 359 286 47.8694
0 360 45 9.4941
0 361 288 71.7954
0 362 194 61.2898
0 363 37 8.1513
0 364 164 35.3945
0 365 103 18.3470
0 366 1174 251.6942
0 367 218 47.7368
0 368 177 35.6237
0 369 46 11.1877
0 370 1595 313.6982
0 371 150 30.7959
0 372 58 9.4547
0 374 186 35.2859
0 375 208 42.9763
0 376 19 4.0340
0 377 136 27.6275
0 378 119 39.6224
0 379 93 22.7360
0 380 52 9.7058
0 381 199 59.4467
0 382 134 24.8868
0 383 23 4.3379
1 0 658 195.2568
1 1 93 19.2699
1 2 82 17.5036
1 3 71 16.2285
1 4 357 85.6559
1 5 2573 633.5323
1 6 163 35.3746
1 7 663 158.3519
1 8 178 47.3113
1 9 7 1.7786
1 10 76 15.5135
1 11 778 284.9137
1 12 555 181.0444
1 13 154 38.6951
1 14 370 124.5606
1 15 462 88.7485
1 17 14 3.2363
1 18 22 4.9339
1 19 542 127.8815
1 20 702 259.1825
1 21 174 29.8275
1 22 319 73.0134
1 23 435 92.8764
1 24 302 67.3071
1 25 99 20.6935
1 26 929 204.2283
1 27 76 16.2885
1 28 131 28.4576
1 30 222 46.3103
1 31 26 4.9428
1 32 134 30.4769
1 33 444 101.4575
1 34 165 38.6208
1 35 249 57.0070
1 36 43 9.2471
1 37 52 10.1185
1 38 250 57.2797
1 39 188 41.1600
1 40 2 0.4165
1 41 137 30.8185
1 42 227 51.4193
1 43 69 13.0915
1 44 41 8.7275
1 45 837 274.1850
1 46 94 19.3747
1 47 426 106.8859
1 48 144 32.2082
1 49 445 112.8255
1 50 74 17.5233
1 51 391 89.5495
1 52 120 24.3846
1 53 198 42.2688
1 54 1079 241.6360
1 55 39 8.2342
1 56 65 25.2896
1 57 344 80.6205
1 58 2 0.5253
1 59 64 13.4457
1 60 110 24.3199
1 61 244 51.6825
1 62 69 25.1481
1 63 390 84.7575
1 64 568 145.9465
1 65 47 10.0491
1 66 458 103.3336
1 67 1213 308.0647
1 68 33 9.3323
1 69 91 20.1968
1 70 363 83.4799
1 71 196 43.5107
1 72 37 10.7378
1 73 217 53.7475
1 75 1772 851.8503
1 76 13 3.1166
1 77 94 20.7372
1 78 2 0.4086
1 79 1 0.2522
1 80 83 16.2791
1 81 205 48.5678
1 82 522 155.2470
1 83 53 10.5283
1 84 315 67.7186
1 85 465 95.6182
1 86 13 2.4426
1 87 44 18.8813
1 88 1353 320.6713
1 89 31 7.5613
1 90 8 1.8243
1 91 601 175.1457
1 92 308 72.3602
1 93 1359 301.9606
1 94 17 3.4787
1 95 54 11.1581
1 96 28 5.6420
1 97 234 53.4606
1 98 344 99.5113
1 99 42 7.9945
1 100 465 102.6926
1 101 33 8.7910
1 102 201 43.1179
1 103 278 60.6953
1 104 236 60.6889
1 105 324 69.6117
1 106 1705 387.5919
1 107 198 40.8155
1 108 231 66.7731
1 109 751 177.4619
1 110 2198 651.7345
1 111 156 34.6877
1 112 376 84.5824
1 113 160 49.0227
1 114 101 28.7085
1 115 188 43.4962
1 116 213 49.3505
1 117 785 204.0124
1 118 73 16.4000
1 119 32 8.7098
1 120 401 101.2642
1 121 279 62.8836
1 122 819 182.1981
1 123 55 13.0108
1 124 23 7.1124
1 125 429 91.7009
1 126 181 40.5553
1 127 194 48.3800
1 128 242 53.7355
1 129 256 61.2003
1 130 586 170.2153
1 131 526 142.4727
1 132 1 0.2295
1 133 221 61.2565
1 134 681 171.6895
1 135 837 198.1792
1 136 52 11.6954
1 137 40 12.7331
1 138 298 67.8980
1 140 2 0.5435
1 141 197 44.3402
1 142 29 6.5917
1 143 78 16.9367
1 144 130 30.3949
1 145 58 11.5119
1 146 609 136.4871
1 147 513 108.2191
1 148 421 120.2334
1 149 45 11.0802
1 150 118 26.3792
1 151 68 24.2341
1 152 11 2.5149
1 153 4 1.2710
1 154 54 11.0154
1 155 799 191.3902
1 156 376 83.9300
1 157 229 72.6483
1 158 878 241.7606
1 159 1024 255.6535
1 160 791 177.6633
1 161 582 129.1776
1 162 161 36.3772
1 163 385 84.6245
1 164 27 5.5457
1 165 158 33.6394
1 166 409 95.0290
1 167 201 43.9364
1 168 254 67.1100
1 169 62 11.7992
1 170 196 40.4845
1 171 26 5.6369
1 172 158 33.2162
1 173 960 239.8013
1 174 26 5.9236
1 175 109 23.5137
1 176 334 84.8371
1 177 89 25.3230
1 178 99 21.2207
1 179 201 39.5141
1 180 1455 381.5144
1 181 201 41.3889
1 182 113 22.2049
1 183 64 14.7199
1 184 281 65.0286
1 185 200 42.6793
1 186 663 165.9299
1 187 336 71.1182
1 188 416 135.2183
1 189 342 74.7348
1 190 93 20.8289
1 191 89 25.6805
1 192 58 17.8370
1 193 4714 1394.8890
1 194 122 27.5690
1 195 515 109.3313
1 196 35 8.3299
1 197 112 24.2413
1 198 57 12.5867
1 199 279 55.4359
1 200 536 137.5237
1 201 11 2.1727
1 202 138 30.6965
1 203 248 51.9173
1 204 64 15.4643
1 206 585 131.7090
1 207 9 1.9078
1 208 216 45.1740
1 209 262 53.4199
1 210 108 24.0484
1 211 432 97.8977
1 212 1154 257.9579
1 213 303 65.9948
1 214 137 34.1827
1 215 267 59.0278
1 216 69 14.2814
1 217 732 201.5207
1 218 121 31.4545
1 219 421 128.0378
1 220 63 13.3245
1 221 199 44.7154
1 222 348 77.8087
1 223 52 11.7273
1 224 648 156.4329
1 225 23 5.4332
1 226 59 12.0250
1 227 281 65.4398
1 228 1140 248.0213
1 229 277 63.2025
1 230 124 24.6739
1 231 105 23.5981
1 232 140 30.1938
1 233 62 14.0465
1 234 824 184.1724
1 235 123 27.3342
1 236 877 176.2899
1 237 80 17.9436
1 238 50 11.4636
1 239 53 11.8536
1 240 417 140.1378
1 241 127 26.6816
1 242 391 85.9425
1 243 125 27.1070
1 244 97 32.4829
1 245 153 34.1079
1 246 193 40.4090
1 247 258 66.6090
1 248 380 88.2502
1 249 4 1.5145
1 250 18 5.1637
1 251 810 277.1178
1 252 296 63.3260
1 253 232 56.7374
1 254 1036 235.6202
1 255 388 86.6080
1 256 100 21.9887
1 257 69 15.3481
1 258 46 9.6081
1 259 3235 904.2212
1 260 615 138.0290
1 262 414 90.4422
1 263 283 63.4258
1 264 5 1.2244
1 265 603 161.4951
1 266 272 59.8506
1 267 189 39.4118
1 268 103 24.4088
1 269 75 16.0185
1 270 211 48.1037
1 271 373 84.0144
1 272 66 13.6557
1 273 127 27.0650
1 274 248 55.1017
1 275 197 42.6781
1 276 4 1.3429
1 277 50 11.4204
1 278 71 14.7969
1 279 129 28.3325
1 280 650 144.4141
1 281 137 28.5473
1 282 75 15.5898
1 283 2033 506.7721
1 284 339 73.7287
1 285 219 42.4972
1 286 31 7.1850
1 287 79 16.8516
1 288 103 21.7998
1 289 153 36.7414
1 290 228 49.9390
1 291 14 2.8060
1 292 568 153.0705
1 293 611 140.2691
1 294 516 121.9301
1 295 232 48.9336
1 296 262 58.0002
1 297 347 86.3304
1 298 142 30.3256
1 299 168 37.8174
1 300 71 15.4485
1 301 329 78.8183
1 302 98 21.3546
1 303 44 8.7036
1 304 145 30.9714
1 305 62 13.7416
1 306 919 240.8765
1 307 242 67.8663
1 308 5 1.1017
1 310 228 51.1783
1 311 129 27.5924
1 312 89 19.7860
1 313 788 178.7458
1 314 334 69.2395
1 315 13 3.0891
1 316 1087 284.9444
1 317 36 8.6526
1 318 1962 479.3168
1 319 284 61.5112
1 320 211 46.5649
1 321 326 70.4487
1 322 1158 267.3078
1 323 1278 293.8305
1 324 822 186.4953
1 325 100 21.1307
1 326 130 28.8278
1 327 151 30.8289
1 328 449 103.1248
1 329 73 15.9218
1 330 250 54.5684
1 331 49 10.4170
1 332 155 32.1524
1 333 464 110.8110
1 334 132 28.0461
1 335 1 0.1639
1 336 101 33.9112
1 337 218 50.4760
1 338 100 21.1828
1 339 209 49.3042
1 340 2744 639.5799
1 341 815 306.2183
1 342 150 32.7538
1 343 191 47.5531
1 344 369 82.6803
1 345 237 51.6576
1 346 335 83.1854
1 347 79 17.6543
1 348 8 1.7717
1 349 1344 399.0177
1 350 1009 224.0777
1 353 622 125.0387
1 354 30 6.2144
1 355 61 13.3587
1 356 470 101.3405
1 357 15 2.3699
1 358 62 13.7713
1 359 11 2.0781
1 360 323 69.8685
1 361 4084 1096.7482
1 362 204 45.0936
1 363 74 16.8303
1 364 274 59.5035
1 365 94 23.1727
1 366 155 31.9628
1 367 2 0.4363
1 368 146 32.2704
1 369 439 114.0404
1 370 106 24.0724
1 371 711 154.7171
1 372 181 43.4871
1 373 478 128.1035
1 374 156 37.3372
1 375 209 58.0299
1 376 190 53.8755
1 377 927 242.0066
1 378 433 96.5672
1 379 285 88.8742
1 380 282 64.8819
1 381 185 38.6794
1 382 37 13.5774
1 383 153 33.6071
2 0 7 1.5606
2 1 1261 293.9424
2 2 599 133.1164
2 3 381 102.8820
2 4 107 24.1905
2 5 11 2.6331
2 6 404 106.2316
2 7 449 104.5337
2 8 1062 251.3834
2 9 495 119.9003
2 10 387 114.7345
2 11 37 9.3031
2 12 611 131.5495
2 13 34 7.4318
2 14 8 1.7055
2 15 167 48.5860
2 16 157 36.2448
2 17 35 7.8995
2 18 94 19.7922
2 19 206 49.9913
2 20 407 93.9357
2 21 179 43.9455
2 23 252 58.6812
2 24 92 18.6082
2 25 453 98.8303
2 26 134 29.3779
2 27 981 226.4343
2 28 24 4.9504
2 29 23 4.9765
2 30 211 47.1037
2 31 145 31.4884
2 32 48 10.7404
2 33 201 46.0689
2 34 45 10.4305
2 35 3591 962.6814
2 36 4 0.8904
2 37 19 3.9832
2 39 107 22.0579
2 40 210 54.7768
2 41 345 83.5280
2 42 841 227.3510
2 43 8 1.7849
2 44 22 5.5950
2 45 131 27.2224
2 46 839 191.8514
2 47 125 31.2975
2 48 535 123.2419
2 49 101 26.4949
2 50 44 14.3877
2 51 32 6.3405
2 52 88 16.5647
2 53 136 39.6857
2 54 95 21.2246
2 55 1 0.2197
2 56 147 48.7904
2 57 1 0.2130
2 58 2323 561.0995
2 59 139 33.6982
2 60 53 11.0293
2 61 4 0.8579
2 62 90 19.6844
2 63 105 22.3240
2 64 60 13.9767
2 65 272 61.0696
2 66 275 64.2836
2 67 198 46.5261
2 68 673 163.0678
2 69 1521 339.7251
2 71 66 14.0266
2 72 671 150.0751
2 73 66 13.3706
2 74 369 82.1520
2 75 13 2.9346
2 76 62 12.6802
2 77 506 123.5730
2 78 15 3.2658
2 79 1546 355.3040
2 80 46 9.2416
2 81 180 39.2607
2 82 369 89.4596
2 83 70 16.0167
2 84 33 7.0860
2 85 16 3.5434
2 86 32 7.0128
2 87 102 28.1558
2 88 429 96.5692
2 89 194 58.5592
2 90 68 16.4285
2 91 548 111.7234
2 92 1 0.1815
2 93 285 62.4603
2 94 20 5.0847
2 95 228 52.6941
2 96 2104 489.3320
2 97 195 44.9158
2 98 228 48.6922
2 99 335 75.2753
2 100 197 43.6578
2 101 568 154.1213
2 102 650 162.4820
2 103 158 36.7989
2 104 526 134.8053
2 105 7151 2018.6110
2 106 31 6.8957
2 107 77 16.9715
2 108 262 61.3670
2 109 15 4.6093
2 110 92 21.0756
2 111 248 53.5478
2 112 104 23.4762
2 113 22 5.3279
2 114 109 34.4243
2 115 495 126.9329
2 116 15 2.9894
2 117 28 6.2644
2 118 329 73.0737
2 119 1032 254.4527
2 120 1811 417.9961
2 121 61 16.8514
2 122 18 3.8939
2 123 72 16.7660
2 124 43 14.1621
2 125 925 248.2855
2 126 237 49.2610
2 127 12 3.0231
2 128 420 92.3376
2 129 36 7.4581
2 130 179 57.6357
2 131 1150 265.6127
2 132 1360 410.2627
2 133 108 23.0761
2 134 484 144.1141
2 135 571 156.9847
2 136 406 91.8412
2 138 203 54.0513
2 139 1224 268.8851
2 140 349 88.5300
2 141 280 84.7858
2 142 251 66.8175
2 143 19 3.8000
2 144 478 121.0359
2 145 92 21.8096
2 146 23 5.1012
2 147 4100 1033.4109
2 148 78 20.1436
2 149 1 0.1924
2 150 27 5.5468
2 151 1353 315.8031
2 152 945 298.4461
2 153 1266 308.9878
2 154 27 5.1751
2 155 51 10.9554
2 156 517 115.6599
2 157 48 10.7551
2 158 901 239.5726
2 159 10 1.8329
2 160 486 116.3920
2 161 2 0.3305
2 162 6 1.1496
2 163 1082 279.1573
2 165 190 43.4472
2 166 1873 530.8489
2 167 231 52.1396
2 168 48 8.9883
2 169 2 0.3952
2 170 66 15.6798
2 171 4 0.8578
2 172 310 100.0669
2 173 30 7.3141
2 174 19 4.8940
2 175 273 59.8845
2 176 44 9.4567
2 177 1014 263.5780
2 178 270 75.3200
2 179 76 16.6360
2 180 3 0.6869
2 181 171 41.4855
2 182 7 1.7906
2 183 108 23.7860
2 184 47 10.5892
2 185 808 182.0949
2 186 54 12.2776
2 187 922 205.4134
2 188 10 2.1885
2 189 716 162.5970
2 190 16 4.3193
2 191 87 19.9502
2 192 86 18.0147
2 193 152 36.3750
2 194 319 79.1356
2 195 205 49.4822
2 196 491 115.5402
2 198 1 0.2193
2 199 778 189.8645
2 200 517 175.1545
2 201 130 29.6444
2 202 33 7.5546
2 203 203 49.3534
2 204 325 73.4643
2 205 67 17.6739
2 206 1288 305.3004
2 207 127 27.6505
2 208 356 79.5909
2 209 67 17.6902
2 210 160 43.0960
2 212 688 151.1193
2 213 666 159.2553
2 214 204 52.0778
2 215 36 8.0584
2 216 1472 433.3828
2 217 218 50.4517
2 218 6 1.3583
2 219 84 17.7435
2 220 124 23.4437
2 221 9 2.2093
2 222 83 23.3557
2 223 115 37.2446
2 224 585 146.6973
2 225 21 4.5422
2 226 331 82.8800
2 227 29 5.6807
2 228 357 95.7948
2 229 98 22.4496
2 230 369 85.0826
2 232 144 37.1707
2 233 45 16.6905
2 234 1357 352.0241
2 235 78 16.4153
2 236 6 1.6015
2 237 2 0.3994
2 238 49 10.6578
2 239 140 30.6051
2 240 11 2.3620
2 241 2631 643.9399
2 242 1506 613.5078
2 243 103 26.2345
2 244 17 3.3910
2 245 2 0.2540
2 246 46 13.8217
2 247 5 0.9941
2 248 12 2.5772
2 249 14 2.5503
2 250 69 15.5043
2 251 3 0.5796
2 252 339 79.7604
2 253 41 8.6111
2 254 1042 267.9790
2 255 294 62.4925
2 256 180 46.1089
2 257 12 2.3124
2 258 16 3.6588
2 259 65 14.5506
2 260 271 78.1704
2 261 517 113.0326
2 262 766 162.7879
2 263 34 8.0366
2 264 45 9.0736
2 265 261 55.1785
2 266 165 38.8598
2 267 25 6.0891
2 268 116 22.4487
2 269 31 7.9305
2 270 1032 241.8403
2 271 179 53.5478
2 272 12 2.7114
2 273 53 12.0974
2 274 3 0.9802
2 275 13 3.4492
2 276 87 19.3306
2 277 73 16.3141
2 278 503 146.8227
2 279 75 28.9375
2 280 313 71.3078
2 281 2943 696.6941
2 282 3 0.7035
2 283 160 42.6337
2 284 98 21.3071
2 285 29 6.6723
2 286 75 16.7261
2 287 2 0.4437
2 288 18 3.7388
2 289 157 36.1184
2 290 86 22.6271
2 291 233 53.3750
2 292 4 0.8027
2 293 112 29.8996
2 294 63 14.2648
2 295 26 5.8355
2 296 79 17.4777
2 297 303 78.0124
2 298 919 229.1403
2 299 212 50.9640
2 300 17 3.5870
2 301 320 72.9883
2 302 90 20.0026
2 303 50 11.8122
2 304 147 27.9162
2 305 276 90.4501
2 306 240 53.4424
2 307 28 10.6962
2 308 320 73.0772
2 309 19 4.1107
2 310 1 0.2285
2 311 479 111.7395
2 312 16 3.8417
2 314 88 23.1184
2 315 261 47.0766
2 316 794 232.0539
2 317 62 13.8807
2 318 67 13.9964
2 319 22 5.2652
2 320 742 163.0553
2 321 124 42.4348
2 322 60 13.3145
2 323 840 201.5319
2 324 47 12.8258
2 325 2 0.4536
2 326 355 78.1014
2 327 2587 712.3667
2 328 1190 269.3419
2 329 67 13.8385
2 330 271 64.2167
2 331 562 124.9789
2 332 140 33.2390
2 333 257 56.7317
2 334 26 5.5476
2 335 307 68.8859
2 336 15 2.7618
2 337 36 14.5531
2 338 28 6.8673
2 339 128 28.1354
2 340 111 24.3298
2 341 164 33.6588
2 342 25 5.5342
2 344 1475 368.6686
2 345 280 62.6321
2 347 285 67.7765
2 348 4 1.0013
2 349 5 1.2188
2 351 271 63.2585
2 352 510 117.2013
2 353 50 13.0388
2 354 490 112.0191
2 355 50 11.4200
2 357 3 0.6262
2 358 1157 282.7137
2 359 119 25.0541
2 360 29 5.7609
2 361 22 4.5495
2 362 19 5.7764
2 363 125 28.2650
2 365 215 52.6592
2 366 993 228.1120
2 367 20 4.7947
2 368 95 20.9902
2 369 1017 234.1394
2 370 26 6.0903
2 371 14 3.4666
2 372 340 77.7984
2 373 1046 253.7573
2 374 57 13.1467
2 375 2357 705.5680
2 376 59 12.8077
2 377 964 226.8931
2 378 48 10.7895
2 379 55 13.0196
2 380 1016 254.8266
2 381 110 24.7480
2 382 748 187.1445
2 383 535 117.7916
3 1 12 2.2049
3 2 170 38.4660
3 3 13 2.5008
3 4 431 102.7462
3 5 34 7.3746
3 6 4 0.6760
3 7 141 23.7594
3 9 21 4.0533
3 10 210 44.2722
3 11 37 11.8264
3 12 116 20.0312
3 13 347 87.2288
3 14 291 62.3898
3 15 161 46.2126
3 16 257 51.7980
3 17 7524 1669.9179
3 18 1231 400.7439
3 19 267 64.2702
3 21 425 75.6304
3 22 1184 387.1844
3 23 56 10.1171
3 24 30 5.5790
3 25 13 2.6228
3 26 28 6.0490
3 27 169 40.1396
3 28 49 10.7169
3 29 54 11.9727
3 30 6 1.5140
3 31 398 70.7698
3 32 206 37.9614
3 33 116 21.7236
3 34 78 24.1510
3 35 260 60.7151
3 36 1 0.1474
3 37 36 7.8880
3 38 70 18.5916
3 39 21 4.0965
3 40 304 73.9297
3 41 1 0.2934
3 42 21 4.2361
3 43 154 36.4483
3 44 11 2.1330
3 45 88 21.7706
3 46 21 4.1403
3 47 11 2.2758
3 48 254 45.6995
3 49 312 103.0217
3 50 150 33.1485
3 51 149 35.2510
3 52 28 5.3635
3 53 41 7.8490
3 54 1183 283.2092
3 55 92 20.9963
3 56 197 45.8476
3 57 13 3.1902
3 58 19 4.2836
3 59 68 13.5006
3 60 1 0.2131
3 61 2212 463.7500
3 62 6 1.1295
3 63 43 8.9833
3 64 87 21.1853
3 65 23 4.9711
3 66 81 16.3707
3 67 862 262.5273
3 69 259 59.5386
3 70 127 45.6556
3 71 55 12.2948
3 72 15 3.2639
3 73 78 12.1420
3 74 141 32.4007
3 75 9 1.5571
3 76 6 1.2560
3 77 1 0.1530
3 78 3 0.6806
3 79 383 83.0873
3 80 51 20.4994
3 81 1216 307.6101
3 82 1 0.2581
3 83 223 64.1131
3 84 8 1.3721
3 85 2 0.4580
3 86 37 5.9837
3 87 72 20.7142
3 88 219 45.7556
3 89 997 239.7537
3 90 95 22.5638
3 91 1338 320.6436
3 92 108 24.7129
3 93 116 27.1996
3 94 51 9.9190
3 95 21 4.3005
3 96 2984 668.1874
3 97 1 0.2532
3 98 21 3.7799
3 99 80 17.7884
3 100 303 70.5156
3 101 102 24.9471
3 102 1433 351.2152
3 103 54 12.1829
3 104 74 15.4643
3 105 84 17.4028
3 106 146 28.2842
3 107 333 97.0737
3 108 14 2.4109
3 109 43 9.1388
3 110 771 223.4507
3 111 14 3.4634
3 112 18 3.3882
3 113 30 7.3471
3 114 455 128.1919
3 115 19 4.1758
3 116 44 8.7909
3 117 190 42.8234
3 118 508 97.1955
3 119 485 151.5434
3 120 11 2.2796
3 121 51 9.3472
3 122 38 12.7205
3 123 32 6.7081
3 124 38 6.9773
3 125 9 1.9595
3 126 508 122.4643
3 128 118 25.4200
3 129 1 0.2070
3 130 151 32.1648
3 131 12 2.0710
3 132 156 36.3949
3 133 25 5.0909
3 134 3 0.6849
3 136 740 190.8114
3 137 11 1.9437
3 138 43 10.1408
3 139 15 3.5264
3 140 56 10.7704
3 141 317 68.9220
3 142 1056 245.2005
3 143 50 10.2392
3 144 241 58.9363
3 145 8 2.3928
3 146 23 4.9405
3 147 2309 493.2906
3 148 44 8.9020
3 149 937 281.5470
3 150 52 21.6647
3 151 345 75.7783
3 152 43 8.5616
3 153 1139 242.1171
3 154 232 95.2262
3 155 46 13.4506
3 156 211 42.5391
3 157 317 77.6979
3 158 4 0.9300
3 159 211 57.2420
3 160 62 12.0319
3 161 126 30.1270
3 163 155 26.7953
3 164 50 9.4988
3 165 198 41.2515
3 166 185 42.8196
3 167 12024 3299.3599
3 168 967 211.1963
3 169 844 166.3879
3 170 147 49.8244
3 171 13 2.8993
3 172 47 15.1650
3 173 43 9.2882
3 174 25 5.2496
3 176 510 107.2242
3 177 291 70.3972
3 178 1096 233.1339
3 179 58 9.9247
3 180 277 65.8372
3 182 56 11.3416
3 183 10 1.7255
3 184 11 2.8962
3 185 89 20.4419
3 186 678 166.0568
3 187 1 0.1876
3 188 24 4.5683
3 189 483 116.6320
3 190 262 55.6420
3 191 224 49.5090
3 192 1702 828.4629
3 193 18 6.8084
3 194 226 59.2670
3 195 68 14.2954
3 197 81 20.5075
3 198 36 6.8717
3 199 46 8.8018
3 200 77 16.4318
3 201 28 6.0581
3 202 52 14.7543
3 203 4 0.8677
3 204 64 14.6718
3 205 91 34.5770
3 206 30 9.1524
3 207 241 69.2664
3 209 458 110.6973
3 210 112 26.3753
3 211 66 11.6827
3 213 44 8.9810
3 214 1638 563.9798
3 215 94 20.8408
3 216 5 0.8436
3 217 242 65.7151
3 218 90 24.4835
3 219 43 8.8999
3 220 74 13.5905
3 221 11 2.4500
3 222 31 6.9333
3 223 31 5.5688
3 224 4322 940.8945
3 225 41 9.5968
3 226 1417 300.5715
3 228 36 11.8461
3 229 27 4.8034
3 230 146 29.5903
3 231 45 9.7639
3 232 518 200.6560
3 233 2138 569.1948
3 234 36 6.8732
3 236 14 3.1396
3 237 489 156.0408
3 239 19 4.4785
3 240 580 154.4588
3 242 6 1.4631
3 243 85 16.8344
3 244 26 5.6481
3 245 38 8.4945
3 246 133 37.4299
3 247 2 0.5975
3 248 47 10.3461
3 249 239 59.0757
3 250 1525 366.6520
3 251 62 13.3428
3 252 636 157.6462
3 253 129 23.5123
3 254 18 5.6562
3 257 335 76.3466
3 258 30 10.8366
3 259 98 19.9251
3 260 173 74.9959
3 261 13 2.3685
3 262 8882 1970.5797
3 263 14 3.1991
3 264 156 34.5923
3 265 401 124.1091
3 266 433 125.0328
3 267 91 21.9919
3 268 29 8.4001
3 269 3 0.5350
3 270 1445 353.0736
3 271 206 50.7010
3 272 269 62.0102
3 273 9 1.9507
3 274 72 14.5326
3 275 531 123.6154
3 276 148 33.0797
3 277 32 6.8174
3 278 58 12.8674
3 279 947 268.1801
3 281 196 46.6367
3 283 30 12.1096
3 285 63 13.7940
3 286 55 12.7936
3 287 8 1.8232
3 288 2597 804.9025
3 289 68 13.7257
3 291 67 20.9096
3 293 888 223.5747
3 294 47 14.3628
3 295 42 10.3756
3 296 15 3.4560
3 297 76 16.8613
3 298 461 137.9590
3 299 81 14.3489
3 300 26 4.6296
3 301 3 0.6741
3 302 30 9.0891
3 303 1557 407.3776
3 304 1291 394.0420
3 305 151 49.3549
3 306 328 62.8408
3 307 268 59.1292
3 308 3 0.5434
3 309 74 18.9174
3 310 44 10.2252
3 311 34 6.8280
3 312 1190 337.6092
3 313 22 3.9534
3 314 12 2.0933
3 315 4 0.9328
3 316 23 8.0827
3 317 37 7.7798
3 318 5 1.1045
3 319 360 69.5172
3 320 219 43.0844
3 321 22 3.7401
3 322 30 6.4550
3 323 19 3.6619
3 324 72 14.6192
3 325 320 62.4423
3 326 26 5.8779
3 327 13 4.0598
3 328 16 3.4506
3 329 91 19.4050
3 330 1671 436.0054
3 331 26 5.1408
3 332 97 25.8707
3 333 4 0.8015
3 334 217 46.1037
3 335 10 2.4835
3 336 91 30.8297
3 337 1082 293.3739
3 338 66 15.9456
3 339 152 30.0881
3 340 39 8.2891
3 342 1 0.2129
3 343 158 28.3357
3 344 41 8.1917
3 345 38 8.3334
3 346 46 8.3188
3 347 2 0.4554
3 348 7 1.6122
3 349 3718 930.1504
3 350 596 154.8925
3 351 20 3.7347
3 352 115 20.4499
3 353 24 8.6954
3 354 38 7.4451
3 355 58 12.8598
3 356 12 2.2473
3 357 6249 1515.9493
3 358 353 94.8777
3 359 85 29.6991
3 360 215 57.7279
3 361 66 12.3580
3 362 9 1.5825
3 363 383 82.7734
3 364 127 32.3029
3 365 1046 252.5227
3 366 18 4.0085
3 368 903 230.6170
3 369 7 1.6161
3 370 659 139.7009
3 371 8 1.8507
3 372 231 48.0507
3 374 29 6.4258
3 375 5 1.1468
3 376 1161 253.4380
3 377 291 78.5679
3 378 365 76.7950
3 379 21 5.1419
3 380 132 27.2265
3 381 94 26.4578
3 382 2 0.3556
3 383 54 11.7954
4 0 1024 246.4552
4 1 18 3.7169
4 2 138 29.3582
4 3 50 11.8185
4 4 31 6.3726
4 5 419 87.5225
4 7 79 15.9189
4 8 51 20.5819
4 9 439 100.7193
4 10 44 11.4583
4 11 955 228.2420
4 12 877 196.4622
4 13 206 43.9987
4 14 232 50.8820
4 15 85 20.1649
4 17 432 106.2984
4 18 163 42.7342
4 19 56 14.6973
4 20 10 2.5602
4 21 29 12.2819
4 23 570 134.4625
4 24 452 97.8803
4 25 237 49.4956
4 26 1424 422.6711
4 27 15 2.9594
4 28 719 156.7303
4 29 15 2.7129
4 30 37 8.4512
4 31 2601 584.9836
4 32 123 25.5639
4 33 529 123.4846
4 34 557 119.7650
4 35 88 26.0646
4 36 6 1.3660
4 37 90 24.1125
4 38 43 8.5943
4 39 761 186.8997
4 40 431 92.2774
4 41 13 2.7134
4 42 96 19.6582
4 43 86 18.2955
4 44 300 68.3248
4 45 187 42.6101
4 46 72 15.9932
4 47 40 7.7345
4 48 250 61.2484
4 49 664 164.5899
4 50 562 112.2122
4 51 157 37.8728
4 52 15 3.0146
4 53 143 30.8481
4 54 1003 255.9312
4 55 76 15.9802
4 56 129 28.7399
4 57 7 1.4765
4 58 1793 467.8043
4 59 42 9.0203
4 60 24 5.7209
4 61 1076 257.8684
4 62 85 19.4306
4 63 168 35.5977
4 64 35 7.5835
4 65 151 32.5946
4 66 21 4.5966
4 67 73 16.5685
4 68 55 11.5344
4 69 191 47.5169
4 70 596 169.9518
4 71 38 7.1618
4 72 2432 649.9105
4 73 63 20.8331
4 74 18 3.6504
4 75 61 14.1995
4 76 24 5.7820
4 77 134 31.3432
4 78 92 23.2378
4 79 917 186.5432
4 80 1 0.2391
4 81 2 0.3819
4 82 544 169.5609
4 83 60 18.0958
4 84 362 78.2621
4 85 2346 518.0534
4 86 19 4.0329
4 87 10 2.1646
4 88 183 40.8664
4 89 109 29.0247
4 90 33 6.1686
4 91 28 6.1006
4 92 116 26.3642
4 93 94 18.5619
4 94 12104 3530.0840
4 95 505 123.1720
4 96 67 18.0106
4 97 9 1.8698
4 98 23 4.2548
4 99 90 18.4762
4 100 46 9.9730
4 101 5 0.8560
4 102 401 89.8513
4 103 151 30.2944
4 104 35 5.8475
4 105 15 3.2361
4 106 179 37.1272
4 107 713 170.6037
4 108 18 4.0165
4 109 6 1.2121
4 110 459 113.0234
4 111 57 12.4796
4 112 68 17.6541
4 113 11 2.4660
4 114 63 13.3044
4 115 93 19.2201
4 116 26 4.7325
4 117 4 0.7598
4 118 4 0.8886
4 119 166 39.9484
4 120 5 1.1569
4 121 34 7.3544
4 122 509 112.3108
4 123 1103 273.2514
4 124 184 39.2765
4 125 191 40.2357
4 126 424 116.5669
4 127 42 9.1740
4 128 945 280.2932
4 129 38 7.7874
4 130 49 11.4738
4 131 123 26.7502
4 132 865 217.1756
4 133 15 3.0091
4 134 37 7.9303
4 135 18 3.2732
4 136 101 21.1869
4 137 78 16.4769
4 138 27 5.2871
4 139 59 14.4035
4 140 194 49.8316
4 141 380 94.0453
4 143 319 67.6673
4 144 11 2.6126
4 145 44 11.0186
4 146 392 96.3126
4 147 1469 401.3258
4 148 257 56.6342
4 149 23 4.4759
4 150 330 69.0702
4 151 1168 318.7847
4 152 5 1.0482
4 153 162 35.3513
4 154 735 213.9448
4 156 275 55.1043
4 157 394 98.9273
4 158 76 16.2917
4 159 18 3.6649
4 160 31 6.3748
4 161 77 17.1054
4 162 146 28.3267
4 163 44 8.7713
4 164 133 26.2354
4 165 26 5.9490
4 166 740 182.8454
4 167 34 7.2928
4 168 55 13.6538
4 169 577 130.5462
4 170 1111 284.7030
4 171 160 34.5958
4 172 11 2.1970
4 173 248 56.6887
4 174 462 99.3176
4 175 6 1.0822
4 176 338 77.0520
4 177 9 2.8091
4 178 22 4.6928
4 179 435 131.1485
4 180 863 184.2068
4 181 26 8.0930
4 182 262 55.5557
4 183 13 2.4077
4 184 1472 309.6546
4 185 114 24.9339
4 186 19 4.0034
4 187 86 18.1627
4 188 56 11.4137
4 189 1418 528.6578
4 190 529 163.9226
4 191 812 183.7716
4 192 408 83.3980
4 193 30 5.8503
4 194 213 41.3207
4 195 9470 2700.4656
4 196 306 79.2836
4 197 43 9.6406
4 198 29 7.3026
4 199 809 188.2297
4 200 59 11.5912
4 201 2501 709.9172
4 202 3574 734.8497
4 203 313 63.2494
4 204 10 2.3088
4 205 14 2.6147
4 206 1000 251.0672
4 207 201 42.2509
4 208 53 15.0328
4 209 121 26.4785
4 210 203 47.7945
4 211 17 4.3746
4 212 67 13.2982
4 213 944 207.4938
4 214 54 11.6708
4 215 532 116.7865
4 216 595 114.0415
4 217 37 7.2379
4 218 55 11.4838
4 219 206 54.6414
4 220 432 93.1208
4 221 78 18.4387
4 222 13 2.6820
4 223 29 6.1145
4 224 1620 387.0651
4 225 70 15.4069
4 226 318 67.3096
4 227 237 52.7175
4 228 5 1.0251
4 229 65 13.4708
4 230 76 16.5157
4 231 59 14.5833
4 232 5 0.8739
4 233 2 0.5124
4 234 335 70.4895
4 235 14 3.2437
4 236 11 2.7216
4 237 84 18.7674
4 238 86 17.9396
4 239 1288 277.4887
4 240 58 13.8441
4 241 63 12.6593
4 242 2 0.4187
4 243 748 164.9254
4 244 318 67.8696
4 245 2 0.4329
4 246 18 3.3984
4 247 2 0.4985
4 248 141 29.5263
4 249 58 11.5283
4 250 64 15.0189
4 251 672 138.9883
4 252 33 7.1385
4 253 20 4.2843
4 254 72 16.2917
4 255 88 17.3352
4 257 94 28.2254
4 258 171 54.2855
4 259 72 15.3502
4 260 157 43.9161
4 261 21 4.7915
4 262 49 12.3018
4 263 26 5.0188
4 264 160 45.1098
4 265 91 24.2937
4 266 220 44.7465
4 267 291 70.9982
4 268 18 3.9551
4 269 14 2.9381
4 270 363 87.8673
4 271 1385 324.2314
4 272 22 4.3374
4 273 1349 373.5481
4 274 201 45.2800
4 275 139 28.4318
4 276 18 4.6028
4 277 101 20.8656
4 278 1448 362.0546
4 279 385 101.2397
4 280 155 40.0837
4 281 132 26.8473
4 282 24 4.8286
4 283 6 1.4105
4 284 38 7.4133
4 285 316 83.7557
4 286 517 103.8576
4 287 77 16.7733
4 288 753 198.2572
4 289 1541 371.4456
4 290 5 1.0553
4 291 288 80.1270
4 292 526 119.1388
4 293 1555 417.9893
4 294 577 159.4149
4 295 61 12.3763
4 296 83 19.4775
4 297 152 29.1841
4 298 28 11.2645
4 300 434 115.0407
4 301 5 1.1886
4 302 4 0.7181
4 303 52 11.3946
4 304 62 12.6019
4 305 4 0.7480
4 306 99 21.7014
4 307 728 186.0668
4 308 6 1.1855
4 309 410 83.8188
4 310 818 268.3405
4 311 26 9.5185
4 312 494 107.2243
4 313 44 9.1724
4 314 750 177.6492
4 315 65 13.9906
4 316 9 2.0887
4 317 3 0.4570
4 318 103 21.5095
4 319 278 105.6278
4 320 2 0.3999
4 321 48 9.9714
4 322 146 44.7538
4 323 86 17.8601
4 324 29 8.3148
4 325 69 13.6096
4 326 833 165.5798
4 327 11 2.6713
4 328 9 1.8299
4 329 41 11.8579
4 330 85 18.2081
4 331 42 8.0638
4 332 3 0.5150
4 333 259 55.0293
4 334 7 1.3132
4 335 1223 318.5608
4 336 296 73.6578
4 337 8 2.2021
4 338 59 11.0615
4 339 441 100.4536
4 340 968 266.3350
4 341 11 2.4172
4 342 86 25.4200
4 343 3 0.7251
4 344 60 11.4013
4 345 3 0.6567
4 346 126 27.4516
4 347 113 24.8959
4 348 14 2.8003
4 349 112 21.7137
4 350 196 61.6015
4 351 40 9.1775
4 352 11 2.1229
4 353 571 182.0275
4 354 166 41.8587
4 355 29 6.0430
4 356 6 1.2285
4 357 70 14.1335
4 358 2060 499.5949
4 359 162 51.1711
4 360 48 10.8089
4 361 36 6.7164
4 362 288 65.4238
4 363 37 7.4459
4 364 71 19.0291
4 365 281 62.0088
4 366 3 0.6395
4 367 644 139.3195
4 368 52 11.1881
4 369 1068 212.3199
4 370 508 108.7556
4 371 164 39.2819
4 372 299 67.7716
4 373 195 45.5170
4 374 33 7.3687
4 375 502 114.3995
4 376 237 54.4733
4 377 172 33.6476
4 378 298 92.8198
4 379 135 41.0484
4 380 39 8.3671
4 381 605 136.1411
4 382 37 9.0012
4 383 61 14.5795
5 0 61 12.4146
5 1 94 26.0341
5 2 461 104.6442
5 3 19 3.9975
5 4 32 7.1444
5 5 145 33.1401
5 6 459 100.8588
5 7 75 18.6156
5 8 399 79.2301
5 9 35 8.6120
5 10 129 26.9021
5 11 110 21.8577
5 12 725 156.4299
5 13 51 10.4609
5 14 14 3.3087
5 15 39 6.2881
5 16 15 3.2858
5 17 161 33.6554
5 18 7 1.6100
5 19 1294 316.4139
5 20 14 3.6319
5 21 37 9.5500
5 23 13 2.7325
5 24 775 166.7052
5 25 8 1.4658
5 26 223 53.4900
5 27 9 2.0240
5 28 362 88.0547
5 29 345 85.5941
5 30 19 3.6945
5 31 30 6.4286
5 32 142 31.0051
5 33 54 13.0140
5 34 966 237.9365
5 35 168 37.9996
5 36 585 133.7341
5 37 3185 837.9438
5 38 107 22.1174
5 39 93 20.8681
5 40 592 146.5335
5 41 920 252.0141
5 42 2021 479.8745
5 43 114 26.2039
5 44 68 14.7232
5 45 514 125.0243
5 46 37 9.8677
5 47 81 16.7098
5 48 292 73.5637
5 49 830 173.8479
5 50 128 30.1482
5 51 28 5.7640
5 52 604 130.7509
5 53 667 179.5664
5 54 107 25.8030
5 55 374 84.6898
5 56 51 9.9910
5 57 52 10.8206
5 58 367 81.6808
5 59 1 0.2497
5 60 54 11.5400
5 61 82 21.8467
5 62 39 7.9911
5 63 252 54.7673
5 65 293 64.0933
5 66 17 4.0790
5 67 39 7.9548
5 68 20 4.7961
5 69 1132 308.7467
5 70 97 21.2175
5 71 9 2.0192
5 72 921 249.8729
5 73 12 2.7220
5 74 61 12.2551
5 75 31 6.5473
5 76 1682 336.8988
5 77 267 76.0345
5 78 139 28.6667
5 79 37 10.0597
5 80 25 4.9631
5 81 738 174.8702
5 82 50 13.8717
5 83 59 11.0904
5 84 383 86.3589
5 85 625 202.1683
5 86 6 1.3978
5 87 1 0.2272
5 88 23 5.3172
5 89 374 90.4885
5 90 71 15.4767
5 91 3 0.7896
5 92 6 1.3201
5 93 4 0.7973
5 94 84 19.6637
5 95 26 5.5061
5 96 44 8.8324
5 97 350 77.2712
5 98 1083 228.8023
5 99 16 3.2412
5 100 60 16.1703
5 101 35 8.0666
5 102 22 4.2507
5 103 7 1.5614
5 104 2 0.2988
5 105 9 1.9190
5 106 260 55.6453
5 107 117 22.3265
5 108 91 18.7909
5 109 88 20.7591
5 110 28 5.6544
5 111 31 5.7384
5 112 122 25.2537
5 113 314 60.8551
5 114 37 7.8136
5 115 33 7.7078
5 116 171 36.7053
5 117 323 84.1752
5 118 25 5.2543
5 119 321 65.4814
5 120 183 40.2434
5 121 520 138.6707
5 122 114 25.1092
5 123 18 3.7365
5 124 212 60.8722
5 125 5 1.0063
5 126 2 0.4687
5 127 456 121.3380
5 128 12 2.2123
5 129 47 11.1135
5 130 32 7.5237
5 131 42 9.3079
5 132 31 5.7953
5 133 257 50.0286
5 134 71 14.7658
5 135 122 24.7553
5 136 597 142.0110
5 137 145 33.1964
5 138 1668 413.3836
5 139 35 10.6211
5 140 230 50.6080
5 141 191 48.5937
5 142 8 2.0384
5 143 10 1.7932
5 144 35 8.0860
5 145 80 15.8875
5 146 220 44.7200
5 147 1167 228.9047
5 148 330 72.1925
5 149 1053 290.9013
5 150 28 5.8628
5 151 93 17.7886
5 152 85 24.5321
5 153 291 60.7204
5 154 42 15.0239
5 155 217 48.1172
5 156 243 58.7453
5 157 78 23.1754
5 158 156 35.4008
5 159 39 9.1394
5 160 167 37.5858
5 161 264 60.8345
5 162 113 23.4688
5 163 909 220.0473
5 164 2290 561.4908
5 165 13 2.6165
5 166 183 37.8910
5 167 58 17.6187
5 168 76 17.0482
5 169 3098 669.5505
5 170 82 17.8480
5 171 38 7.3312
5 172 1023 243.1996
5 173 175 34.3150
5 174 793 190.9912
5 175 22 4.4296
5 176 185 38.7353
5 177 70 19.2753
5 179 6822 1639.6046
5 180 16 3.2775
5 181 117 25.5897
5 182 386 88.6548
5 183 190 43.3645
5 184 54 12.0114
5 185 77 18.6685
5 186 409 84.3953
5 187 11782 4373.2902
5 188 1639 415.8251
5 189 1 0.2528
5 190 67 13.5770
5 191 214 43.0096
5 192 603 123.9352
5 193 632 244.0955
5 194 275 70.6369
5 195 431 96.7520
5 196 59 18.1624
5 197 81 17.5430
5 198 195 52.3098
5 199 15 3.2428
5 200 61 11.5514
5 201 13 2.5521
5 202 778 183.0617
5 203 212 49.8665
5 204 49 9.7929
5 205 36 7.4624
5 206 348 83.5386
5 207 23 5.6656
5 208 3094 809.1312
5 209 198 40.2992
5 210 1008 219.3422
5 211 192 38.2721
5 212 110 26.5998
5 213 226 55.9906
5 214 6 1.0827
5 215 381 122.6155
5 216 632 177.7724
5 217 43 9.4433
5 218 131 30.2674
5 219 9 1.9136
5 220 113 25.6594
5 221 161 44.9005
5 222 310 72.5562
5 223 131 30.0859
5 224 365 105.4451
5 225 94 22.0027
5 226 39 8.6477
5 227 251 48.3176
5 228 143 43.6011
5 229 64 13.6266
5 230 10 2.2506
5 231 1 0.2126
5 232 840 203.6128
5 233 11 2.0907
5 234 24 4.8177
5 235 772 164.3848
5 236 9 1.7212
5 237 36 8.0321
5 238 45 8.9304
5 239 34 7.0500
5 240 113 23.3461
5 241 84 15.1583
5 242 835 247.7068
5 243 30 5.8686
5 244 209 43.3252
5 245 88 18.3450
5 246 18 3.5832
5 247 1231 318.7844
5 248 698 153.9669
5 249 61 11.9963
5 250 81 17.4357
5 251 664 197.6841
5 252 4 0.6840
5 253 10 2.1301
5 254 83 16.6499
5 255 143 29.6881
5 256 245 59.2306
5 257 304 64.4254
5 258 220 57.3974
5 259 7 1.2581
5 260 937 228.5238
5 261 29 5.3673
5 262 168 39.5459
5 263 2789 662.9905
5 264 1514 480.5982
5 265 21 4.5001
5 266 21 4.3577
5 267 322 67.8781
5 268 10 2.5305
5 269 84 16.8063
5 270 24 4.8107
5 271 69 15.2215
5 272 28 5.5238
5 273 9 1.8681
5 274 18 3.8163
5 275 304 67.0600
5 276 335 71.3802
5 277 64 11.8899
5 278 407 98.3374
5 279 35 7.0826
5 280 2377 498.8874
5 281 48 8.5976
5 282 1570 323.8662
5 283 136 29.7329
5 284 165 41.4839
5 285 58 15.9405
5 286 468 96.9385
5 287 5 1.0222
5 288 115 29.9837
5 289 324 73.4145
5 290 250 49.3783
5 291 693 169.8659
5 292 150 32.9261
5 293 224 53.0454
5 294 144 34.1571
5 295 64 12.9910
5 296 27 5.9073
5 297 18 4.0022
5 298 301 67.4007
5 299 98 21.2994
5 300 10 2.1309
5 301 133 28.9300
5 302 50 11.9888
5 303 12 3.6618
5 304 75 19.3782
5 305 12 2.2511
5 306 2100 625.6708
5 307 29 6.1887
5 308 26 5.6358
5 309 19 4.2959
5 310 206 60.2044
5 311 44 8.7956
5 312 11 2.0526
5 313 447 100.0865
5 314 642 126.2740
5 315 1027 224.1426
5 316 105 25.7720
5 317 118 35.3464
5 318 90 18.0422
5 319 67 16.7035
5 320 20 4.1836
5 321 740 177.5004
5 322 63 15.7298
5 323 10 2.0976
5 324 322 69.7428
5 325 391 88.0433
5 326 201 46.4611
5 327 409 88.8246
5 328 452 95.4034
5 329 58 17.2757
5 330 1 0.2445
5 331 60 14.2183
5 332 33 6.3873
5 333 6 1.0887
5 334 1144 240.7606
5 335 954 243.1984
5 337 514 106.8076
5 338 63 19.3243
5 339 63 12.8584
5 340 275 59.3138
5 341 234 48.8162
5 342 478 109.7838
5 343 2 0.5007
5 344 176 39.9764
5 345 81 18.3594
5 346 190 41.1034
5 347 251 52.8630
5 348 15 3.2430
5 349 547 114.6950
5 350 72 17.6118
5 351 1943 457.2977
5 352 621 168.1774
5 353 27 5.4521
5 354 565 130.2506
5 355 49 10.1963
5 356 196 43.4451
5 357 64 12.8322
5 358 631 182.0380
5 359 40 7.9379
5 360 582 149.4340
5 361 1192 296.3073
5 362 151 31.7879
5 363 2 0.4495
5 364 68 13.7418
5 365 381 92.3676
5 366 103 22.3734
5 367 15 3.4905
5 368 501 110.0215
5 369 258 53.0324
5 370 1 0.2842
5 371 2275 453.7446
5 372 27 5.5587
5 373 26 5.1227
5 374 33 7.6368
5 375 32 7.1964
5 376 538 106.6943
5 377 30 5.8648
5 378 49 9.5177
5 379 96 21.1876
5 380 404 84.9145
5 381 12 2.8805
5 382 54 10.7668
5 383 58 12.2159
6 0 95 20.7950
6 1 909 224.2068
6 2 274 61.7088
6 3 5 1.1266
6 4 9 1.8463
6 5 1189 301.7724
6 7 645 168.7304
6 8 203 44.3182
6 9 9 2.3049
6 10 4 0.7307
6 11 17 4.0113
6 12 698 172.4837
6 13 87 25.8662
6 15 284 84.3288
6 16 14 3.3723
6 17 69 14.6163
6 18 1797 456.9819
6 19 29 5.1963
6 20 312 65.5227
6 21 1 0.1883
6 22 163 39.8011
6 23 146 31.8204
6 24 158 37.0596
6 26 41 9.4634
6 27 107 22.9738
6 28 1866 411.9122
6 29 594 163.2781
6 30 3 0.6874
6 31 424 84.6566
6 32 53 10.3139
6 33 2148 578.3824
6 34 85 17.4829
6 35 33 6.2624
6 36 24 4.5782
6 37 409 82.7793
6 38 34 7.2446
6 39 6 1.1071
6 40 112 20.3760
6 41 16 3.6276
6 42 2 0.3961
6 43 20 4.2830
6 44 6 1.2536
6 45 47 8.5591
6 46 90 24.2893
6 47 474 92.9802
6 48 37 6.9566
6 49 12 2.4325
6 50 89 19.5231
6 51 10235 3502.1718
6 52 275 58.0311
6 53 6 1.3210
6 54 40 8.8932
6 55 305 59.9242
6 56 2449 647.7425
6 57 5 1.0644
6 58 13 2.7518
6 59 295 75.9039
6 60 14 3.2345
6 61 2 0.4083
6 62 33 6.2636
6 63 1102 240.6438
6 64 13 2.9651
6 66 357 92.6665
6 67 130 29.8633
6 68 8 1.8253
6 69 8 1.6287
6 70 7 1.3347
6 71 1 0.1788
6 72 126 24.4182
6 73 40 8.0376
6 74 65 13.5435
6 75 259 58.2934
6 76 15 3.1741
6 77 18 3.6173
6 78 11 1.8800
6 79 1120 267.6061
6 80 13 2.4958
6 81 88 23.8665
6 82 26 5.2597
6 83 3 0.5431
6 84 15 4.1572
6 85 89 17.8505
6 86 49 10.1821
6 87 12 2.2134
6 89 206 36.0536
6 90 123 32.5025
6 91 17 3.5837
6 92 83 21.5728
6 93 592 134.1601
6 94 44 9.8050
6 95 8 1.7335
6 96 35 7.3145
6 98 61 15.5184
6 99 168 47.0335
6 100 32 6.1310
6 101 782 171.8172
6 102 218 46.4795
6 103 12 2.7695
6 104 317 81.3472
6 105 96 20.9648
6 106 5 1.0806
6 107 1133 308.0310
6 108 36 7.5083
6 109 30 6.5677
6 110 158 46.4405
6 111 482 103.6331
6 112 42 8.2108
6 113 383 77.6582
6 114 1224 269.8320
6 115 79 16.3174
6 116 15 3.0872
6 117 3381 845.3767
6 118 14 3.7599
6 119 28 5.3391
6 120 2163 537.7800
6 121 18 2.9357
6 122 1252 290.1931
6 123 8 1.3981
6 124 99 25.5754
6 125 907 210.2433
6 126 14 2.7215
6 127 4 0.7839
6 128 70 14.2916
6 129 518 127.5013
6 131 9 1.8288
6 132 436 110.5589
6 133 202 44.0458
6 134 1558 437.4045
6 135 3431 802.8018
6 136 4 0.9037
6 137 517 156.0774
6 139 3 0.5085
6 140 82 19.6338
6 141 32 7.0943
6 142 1 0.2583
6 143 29 6.5849
6 144 1 0.2599
6 145 99 19.6766
6 146 11 2.5564
6 147 286 66.2603
6 148 196 42.0326
6 149 1087 250.6709
6 150 163 39.4631
6 151 330 71.1120
6 152 362 78.5999
6 153 7 1.7791
6 154 473 111.2639
6 155 14 3.4633
6 156 13 2.6441
6 157 101 22.1503
6 158 57 13.0855
6 159 3897 925.4555
6 160 1396 316.9786
6 161 1 0.2482
6 162 274 52.1366
6 163 119 27.6935
6 164 192 43.3727
6 165 39 6.7424
6 166 132 30.2924
6 167 1011 277.6249
6 169 367 68.1837
6 170 275 55.6155
6 171 121 25.5550
6 172 226 43.2965
6 173 54 9.1327
6 174 5 1.0419
6 175 298 75.2136
6 176 15 2.7484
6 177 80 16.8256
6 178 13 2.5934
6 180 15 3.0401
6 181 578 134.9454
6 182 16 3.1431
6 183 182 43.8710
6 184 10 2.2697
6 185 226 44.8501
6 186 16 2.7444
6 187 18 4.0595
6 188 159 39.9489
6 189 918 246.9302
6 190 142 31.2673
6 191 21 5.0223
6 192 1084 323.4698
6 193 5 1.1238
6 194 263 60.6558
6 195 285 66.8646
6 196 23 5.2781
6 197 54 11.6868
6 198 1 0.2158
6 199 5 0.9962
6 200 1093 239.2087
6 201 268 79.8414
6 202 53 10.2643
6 203 394 87.0124
6 204 639 132.9593
6 205 12 1.7607
6 206 1299 324.1516
6 207 76 16.8992
6 208 1389 381.9798
6 209 24 5.1184
6 210 240 50.9482
6 211 28 6.3630
6 212 73 14.1565
6 213 41 8.9720
6 214 147 31.6109
6 215 53 10.9861
6 216 532 125.1543
6 217 44 9.1710
6 218 2 0.3913
6 219 697 235.1696
6 220 116 22.3643
6 221 29 4.8781
6 222 71 18.2268
6 223 2259 468.5376
6 224 1719 404.8051
6 225 49 11.2565
6 226 9 2.0510
6 227 1527 391.3017
6 228 14 2.4289
6 229 42 7.8875
6 230 147 29.4708
6 231 98 22.3992
6 232 202 60.8256
6 233 20 4.8587
6 234 64 11.6701
6 235 167 36.4345
6 236 14 3.1905
6 237 1123 281.6505
6 238 3 0.6563
6 239 59 12.6827
6 240 32 6.7450
6 241 160 33.1062
6 242 6 1.4995
6 243 39 10.3529
6 244 172 41.8500
6 245 44 9.4095
6 246 27 6.0381
6 247 110 25.1541
6 249 377 87.5686
6 250 25 5.0401
6 251 811 199.5737
6 253 28 5.7371
6 254 105 29.3304
6 255 2796 581.2271
6 256 10 1.7342
6 257 2535 653.0688
6 258 75 16.3234
6 259 11 2.3609
6 260 136 30.7485
6 261 578 167.5934
6 262 57 11.7717
6 263 24 6.9413
6 264 22 4.1223
6 265 26 5.3000
6 267 7 1.2737
6 268 20 4.6621
6 270 12 2.5643
6 271 8 1.7490
6 272 1245 279.5666
6 273 33 9.3757
6 274 15 3.0644
6 275 109 25.6687
6 276 8 1.5508
6 277 4 1.0051
6 278 77 15.8813
6 279 159 35.0068
6 280 45 11.6893
6 281 6 1.2250
6 282 726 178.8914
6 283 421 108.6989
6 284 188 39.7302
6 285 5 0.9232
6 286 2 0.4733
6 287 74 13.7581
6 288 27 6.6515
6 289 12 2.4299
6 290 48 10.8186
6 291 98 20.7676
6 292 79 13.8713
6 293 343 74.8793
6 294 15 2.8767
6 295 361 69.0848
6 297 3 0.6578
6 299 8 2.6234
6 301 130 27.2184
6 302 630 183.1080
6 303 793 182.3885
6 304 79 16.3133
6 305 1721 381.4434
6 306 235 53.2297
6 307 24 5.6034
6 308 17 3.0515
6 309 257 54.1822
6 310 49 10.6613
6 311 1284 298.9008
6 312 1057 287.2762
6 313 47 8.2119
6 314 171 33.0925
6 315 26 4.8643
6 316 1 0.2202
6 317 65 19.7132
6 318 1 0.2017
6 319 42 8.9530
6 320 48 10.3934
6 321 169 34.8140
6 322 10 2.1927
6 323 501 120.0509
6 324 47 9.7056
6 325 1 0.1781
6 326 117 26.7450
6 327 9 1.7266
6 328 414 112.2030
6 329 3 0.7478
6 330 690 156.9600
6 331 27 5.6678
6 332 73 22.0016
6 333 272 72.1437
6 334 89 19.5942
6 335 2 0.4382
6 337 30 8.5114
6 338 203 38.2833
6 339 331 80.9907
6 340 192 52.6192
6 341 301 74.2116
6 342 1005 261.1285
6 343 28 6.9962
6 344 32 6.6642
6 345 13 3.0251
6 346 115 26.0741
6 347 34 6.6226
6 348 141 32.1384
6 349 134 31.9821
6 350 6 1.3044
6 351 763 185.1901
6 352 17 2.9324
6 353 613 131.1396
6 354 457 90.1502
6 355 1 0.1595
6 356 858 188.6165
6 357 22 4.7268
6 358 73 21.6288
6 359 159 35.5038
6 360 2124 466.3218
6 361 52 16.7380
6 363 6 1.5534
6 364 184 37.1062
6 365 5 0.9912
6 366 12 2.1618
6 367 11974 3196.6514
6 368 581 136.0257
6 369 833 180.6542
6 370 1301 388.0318
6 371 196 43.4850
6 372 34 8.7070
6 373 229 46.5128
6 374 4 0.8031
6 375 49 11.0137
6 376 13 2.6870
6 377 41 9.0597
6 378 53 11.3683
6 379 153 31.0197
6 380 276 54.6592
6 381 1 0.2259
6 382 20 4.8045
6 383 11 1.9873
7 0 586 149.7760
7 1 2 0.3633
7 2 7 1.4112
7 3 90 20.8798
7 4 2 0.3934
7 5 70 11.2190
7 6 1122 231.3116
7 7 106 22.7184
7 8 51 13.1438
7 9 29 4.6571
7 10 656 129.6122
7 11 30 6.0104
7 12 221 57.9005
7 13 76 15.5835
7 14 100 20.3855
7 16 440 93.7439
7 17 43 8.3566
7 18 53 8.7112
7 19 281 55.8051
7 20 52 12.0269
7 21 366 87.7373
7 22 90 15.2947
7 23 96 17.0071
7 24 6 1.2347
7 25 42 8.0883
7 26 394 93.6878
7 27 108 21.7077
7 28 56 10.6658
7 29 912 233.5196
7 30 3 0.7261
7 31 2 0.2849
7 32 2904 807.5686
7 33 84 16.0340
7 34 113 23.4834
7 35 70 14.1770
7 36 387 95.4778
7 37 11 1.6435
7 38 162 32.8883
7 39 228 58.2632
7 40 238 47.1842
7 41 90 17.4998
7 43 34 6.2280
7 44 1208 275.1004
7 45 9 1.4998
7 46 370 60.6544
7 47 2 0.4716
7 48 439 112.5468
7 49 146 28.8719
7 50 856 188.0353
7 51 80 17.5341
7 53 1376 327.7378
7 54 67 13.0281
7 55 31 6.1940
7 56 92 14.8005
7 57 22 4.5671
7 58 207 38.6012
7 59 29 5.4631
7 60 3 0.5404
7 61 3 0.5474
7 62 30 6.1694
7 63 101 26.4505
7 65 669 201.9535
7 66 3 0.5575
7 67 8 1.4374
7 68 294 56.9913
7 69 20 4.2639
7 71 13 2.4621
7 72 435 115.7565
7 73 12 1.7474
7 75 1803 476.9695
7 76 1 0.2039
7 77 79 17.1021
7 78 282 67.6632
7 79 297 57.9201
7 80 178 42.2124
7 81 408 94.1031
7 82 2 0.3319
7 83 11 2.3218
7 84 55 11.0199
7 85 337 66.9656
7 86 85 16.5801
7 87 1 0.1948
7 88 170 28.5608
7 89 627 159.7347
7 90 85 16.0612
7 92 56 11.4255
7 93 122 24.8740
7 94 5508 1423.2621
7 95 5 0.9954
7 96 152 27.2910
7 97 9 1.6983
7 98 4 0.5538
7 99 1 0.1406
7 100 724 177.2746
7 101 16 2.4018
7 102 282 68.1171
7 103 10 1.5305
7 104 2 0.4100
7 105 33 7.4170
7 106 126 28.7555
7 107 200 43.3076
7 108 48 10.2914
7 109 5 0.8829
7 110 100 19.4791
7 111 579 142.9220
7 112 175 35.1618
7 113 11 2.1663
7 114 5 0.7726
7 115 57 12.6950
7 116 12 2.1181
7 117 79 16.4160
7 118 116 21.9783
7 119 123 24.8537
7 120 9 1.5486
7 121 18 3.2212
7 122 47 10.3451
7 124 114 30.3923
7 125 621 135.0407
7 126 1 0.2196
7 127 279 61.2843
7 128 2 0.3458
7 129 296 62.4138
7 130 135 29.3069
7 131 435 89.3202
7 132 94 19.1555
7 133 298 69.2068
7 135 8 1.5397
7 136 1239 298.6922
7 137 5 0.7363
7 138 45 9.4188
7 139 267 53.5460
7 140 137 27.1727
7 141 11 1.8493
7 142 23 4.0585
7 143 1 0.1818
7 144 304 71.7465
7 145 85 18.8083
7 146 452 81.5313
7 147 19 4.2835
7 148 16 3.1125
7 149 16 2.7701
7 150 541 140.4157
7 151 89 20.8125
7 152 116 24.3249
7 153 10 1.9099
7 154 8214 2245.3868
7 155 104 22.5830
7 156 304 53.8895
7 157 119 23.1358
7 158 1548 374.2541
7 159 15 2.2417
7 160 97 17.1343
7 161 17 3.4645
7 162 121 19.6110
7 163 627 132.7330
7 164 309 54.5645
7 165 6815 1539.4025
7 166 32 7.5027
7 167 157 32.7277
7 168 3 0.4665
7 169 3295 976.0889
7 170 22 4.0549
7 171 95 22.8789
7 172 6 1.3526
7 173 150 35.1515
7 174 2 0.3788
7 175 595 125.8737
7 176 239 58.8749
7 177 38 7.6413
7 178 1 0.1375
7 179 407 99.5110
7 180 74 14.7175
7 181 329 78.0677
7 182 98 20.5804
7 183 233 48.1914
7 184 17 3.2590
7 185 309 70.5606
7 186 25 5.4837
7 187 11 2.5603
7 188 11 2.6900
7 189 215 37.7189
7 190 64 15.1328
7 191 453 98.9251
7 192 12 2.3280
7 193 576 119.0823
7 195 79 17.2947
7 196 54 11.0769
7 197 2719 565.0459
7 198 61 12.0545
7 200 100 27.3270
7 201 584 129.3131
7 202 1081 187.9607
7 203 2 0.4137
7 204 396 101.2819
7 205 2462 609.5956
7 206 126 31.4622
7 207 5681 1340.1490
7 208 16 3.2219
7 209 29 5.8325
7 210 41 7.5189
7 211 7 0.8693
7 212 1 0.2178
7 213 4 0.8078
7 214 6 1.0064
7 215 385 100.8947
7 216 99 15.7807
7 217 18 3.9226
7 218 362 67.2903
7 219 33 6.0205
7 220 142 39.7947
7 221 148 28.1637
7 222 12 2.3221
7 225 260 64.6882
7 226 231 44.9295
7 228 231 49.7994
7 229 212 54.3448
7 230 6 1.4393
7 232 9 1.6291
7 233 120 24.3625
7 234 451 91.9377
7 235 163 37.7472
7 236 97 19.9984
7 238 37 7.3831
7 239 10 1.9790
7 240 89 16.9492
7 241 281 57.3171
7 242 812 228.6994
7 243 57 12.0344
7 244 120 26.3068
7 245 1372 348.4781
7 246 138 25.7798
7 247 187 42.7012
7 248 17 3.4079
7 249 16 3.1042
7 250 1378 336.7525
7 251 546 125.8816
7 252 124 22.7218
7 253 240 44.0189
7 254 20 3.6600
7 255 92 17.6614
7 257 99 14.8659
7 258 33 6.1361
7 259 158 27.1975
7 260 16 3.1335
7 261 44 9.3407
7 262 15 3.0674
7 264 398 82.3793
7 265 184 40.6035
7 266 159 50.6472
7 267 158 31.8018
7 268 27 5.5295
7 269 25 4.2010
7 270 805 171.7050
7 271 51 7.6298
7 272 124 28.3998
7 273 102 20.2831
7 274 7 1.3518
7 275 349 78.3299
7 276 92 16.1876
7 277 3 0.7203
7 278 406 87.8679
7 279 39 5.6832
7 280 112 23.5353
7 281 122 20.9228
7 282 217 43.0386
7 283 321 82.8989
7 284 411 89.4501
7 286 295 50.7273
7 287 124 37.8164
7 288 8 1.5020
7 289 7 1.4122
7 290 354 76.0505
7 291 77 15.7867
7 292 10 2.1419
7 293 123 25.8594
7 294 180 55.2084
7 295 55 11.9923
7 296 352 102.7007
7 297 8 1.6045
7 298 143 28.0156
7 299 999 227.0435
7 300 53 12.1396
7 302 238 44.4617
7 303 136 25.1068
7 304 9 1.4120
7 305 144 28.7692
7 306 352 75.4830
7 307 37 7.6112
7 308 40 6.7856
7 309 12 2.3830
7 310 226 53.7613
7 311 21 4.5896
7 312 119 23.3172
7 313 381 74.0219
7 314 115 18.2542
7 315 1 0.0550
7 316 738 163.3213
7 317 876 191.2098
7 318 6 1.2215
7 319 9 1.6753
7 320 70 14.5170
7 321 23 3.5998
7 322 64 13.0601
7 323 57 12.6869
7 324 3682 749.6998
7 325 552 164.0566
7 326 82 20.5743
7 327 328 57.6952
7 328 50 11.1990
7 329 327 76.9135
7 330 1 0.2258
7 331 81 15.8335
7 332 92 18.6598
7 333 7 1.3322
7 334 2 0.4600
7 335 5 1.0782
7 337 14986 5574.8883
7 338 1 0.1863
7 340 189 35.0472
7 341 23 3.8434
7 342 200 38.1500
7 343 225 47.8205
7 344 6 1.1412
7 345 10 1.5437
7 347 46 7.7630
7 348 70 12.9379
7 349 9 1.3825
7 350 2714 582.7677
7 351 6 1.1026
7 352 16 2.7940
7 353 91 20.1057
7 354 474 109.4314
7 355 23 4.0150
7 356 268 58.8671
7 357 622 128.6886
7 358 346 79.8064
7 359 1 0.2222
7 360 829 261.3870
7 361 380 65.7883
7 362 1 0.1531
7 363 79 13.6359
7 364 174 31.1734
7 365 206 48.7039
7 366 150 52.7664
7 367 13 2.4105
7 369 349 75.7737
7 370 2185 552.5566
7 371 35 6.5597
7 372 81 12.6716
7 373 3 0.6310
7 374 254 53.1310
7 375 10 1.9106
7 377 581 134.0081
7 379 1538 339.4511
7 380 124 26.2397
7 381 27 5.0395
7 382 10 1.8144
7 383 1096 255.3416
8 0 31 6.5610
8 1 546 138.5516
8 2 1147 270.8500
8 3 58 12.2521
8 4 11 2.2243
8 5 37 6.3380
8 6 599 124.9435
8 7 13 2.0520
8 8 27 5.5198
8 9 447 95.6319
8 10 105 19.7342
8 11 608 149.9570
8 12 39 6.9210
8 13 319 65.8386
8 14 238 49.5158
8 15 4 0.6666
8 16 126 27.6512
8 17 2 1.1026
8 18 8 1.3874
8 20 87 19.1364
8 21 66 10.4821
8 22 234 36.6869
8 23 160 28.6525
8 24 230 55.8404
8 25 9 1.5291
8 27 14 3.4073
8 28 94 20.1802
8 29 203 55.9027
8 31 44 7.5996
8 32 125 21.3105
8 33 216 36.7114
8 34 216 56.5841
8 36 14 2.5634
8 37 55 12.4201
8 38 2259 481.2172
8 39 201 42.4082
8 40 105 20.2390
8 41 36 10.7092
8 42 181 56.0031
8 43 239 44.3848
8 44 77 15.1359
8 45 148 29.2365
8 46 14 2.7208
8 47 267 52.6659
8 48 25 5.1465
8 49 4 0.6942
8 50 378 84.2230
8 51 130 22.4772
8 52 12 2.2355
8 53 5 0.9363
8 54 148 32.0490
8 55 157 40.3942
8 56 26 3.7504
8 57 1187 243.6508
8 58 363 90.5316
8 60 5 1.1366
8 61 1364 323.3117
8 62 599 147.4164
8 63 35 7.7417
8 64 393 74.4500
8 65 7 1.5246
8 66 807 172.8474
8 67 1283 324.4098
8 69 2 0.3390
8 70 76 22.1413
8 71 35 7.1297
8 73 17 5.2338
8 74 21 3.8160
8 75 10 1.8971
8 76 18 3.7519
8 77 4 0.8424
8 78 143 36.3776
8 79 1395 310.9866
8 81 19 4.3944
8 83 49 9.5081
8 84 8 1.6009
8 85 197 40.5874
8 86 33 5.6112
8 87 2 0.3566
8 88 6 1.1377
8 89 40 9.1361
8 90 4662 1179.3255
8 91 5 1.1407
8 92 1236 271.2233
8 93 12 2.6106
8 94 5897 1398.0459
8 95 25 6.6765
8 96 50 7.7237
8 97 85 18.9046
8 99 106 27.7875
8 100 268 59.0150
8 101 979 253.6596
8 102 144 38.5805
8 103 78 15.5322
8 104 6 1.3634
8 105 35 7.2157
8 106 4 0.6712
8 107 18 3.7138
8 109 110 21.8795
8 110 38 6.8145
8 111 603 140.9043
8 112 43 8.0254
8 114 614 138.7088
8 115 883 191.9845
8 116 79 14.6239
8 117 115 24.3920
8 118 37 7.6419
8 119 261 58.4283
8 120 1 0.1684
8 121 1580 423.7049
8 122 721 203.9975
8 124 7 1.3889
8 125 135 22.2233
8 126 7 1.1546
8 127 114 29.3259
8 128 309 63.4384
8 129 274 56.0017
8 130 11 2.1129
8 131 21 4.8220
8 132 1 0.2469
8 133 13 1.9193
8 134 1293 306.0280
8 135 407 72.2336
8 136 1 0.1860
8 137 905 230.8611
8 138 2 0.3919
8 139 2 0.3378
8 141 1098 204.3326
8 142 44 8.7468
8 143 78 16.0805
8 144 2 0.3371
8 145 631 186.6410
8 146 20 4.9997
8 147 5 0.9055
8 148 32 6.4950
8 150 65 13.7938
8 151 362 79.7369
8 152 106 23.9928
8 153 99 19.1156
8 154 303 72.0432
8 155 666 134.7113
8 156 181 43.7814
8 157 3 0.6064
8 158 62 18.6269
8 159 555 106.9570
8 161 70 14.3318
8 162 304 63.5921
8 163 64 15.4630
8 164 63 12.1021
8 165 53 13.7596
8 167 29 5.9798
8 168 59 14.9047
8 169 38 9.7028
8 170 10 1.7122
8 171 1107 250.4772
8 172 371 74.0670
8 173 709 169.9154
8 174 195 40.1041
8 176 65 10.0109
8 177 595 131.3658
8 178 703 180.0698
8 179 25 7.0601
8 180 1 0.1266
8 181 1637 389.8241
8 182 46 6.7330
8 183 4 0.7217
8 184 64 13.1180
8 185 3284 762.6064
8 186 9027 3302.9961
8 187 22 3.1629
8 188 8 1.8085
8 189 78 15.3731
8 190 92 22.4218
8 191 31 6.2008
8 192 71 11.6966
8 193 567 144.8386
8 195 306 70.4341
8 197 37 8.6377
8 198 23 5.5718
8 199 2 0.3332
8 200 25 5.2466
8 201 63 10.8052
8 202 5 1.0940
8 203 4 0.8177
8 204 22 5.2882
8 205 1507 443.4451
8 206 2 0.4935
8 207 84 16.1457
8 208 208 53.1658
8 209 768 163.8880
8 210 17 3.5925
8 211 805 232.0814
8 212 9582 2415.8532
8 213 13 2.1959
8 214 457 99.7863
8 215 92 17.8189
8 216 38 8.2019
8 217 2266 637.3144
8 218 767 198.3379
8 219 331 75.5173
8 220 70 14.0012
8 221 93 20.9391
8 222 49 7.5685
8 223 360 98.8638
8 224 507 145.0779
8 225 55 11.3817
8 226 508 100.4673
8 227 489 112.1124
8 228 7786 2337.9701
8 229 15 2.8199
8 230 7 1.4245
8 231 3 0.5451
8 232 28 7.2763
8 233 1767 511.0252
8 234 361 103.7960
8 235 20 3.5315
8 237 836 249.9798
8 238 1 0.1469
8 239 40 8.2191
8 240 401 87.5087
8 241 119 21.9578
8 242 36 5.7488
8 243 3 0.5432
8 244 46 9.2530
8 245 55 15.3274
8 246 142 24.0124
8 247 20 3.7079
8 248 2084 529.5074
8 249 68 15.1547
8 250 77 16.0456
8 251 3 0.9330
8 252 14 2.2833
8 253 10 1.7964
8 254 56 14.9009
8 255 3 0.6363
8 256 25 4.2599
8 257 15 4.0092
8 258 5905 1323.6628
8 259 202 35.8796
8 260 39 10.3541
8 261 22 5.3455
8 262 4 0.9664
8 263 10 2.1329
8 264 1 0.2757
8 265 1 0.2239
8 266 9 1.4223
8 267 81 16.8482
8 268 46 6.8676
8 269 537 142.4222
8 270 83 19.9450
8 271 43 9.4590
8 272 1 0.1382
8 273 34 7.0819
8 274 67 12.7983
8 276 54 10.7155
8 277 19 4.3647
8 278 125 29.7162
8 280 1564 444.0828
8 282 208 57.6805
8 283 679 173.0718
8 284 83 18.1565
8 285 19 2.5090
8 286 380 61.3373
8 287 13 2.4341
8 288 347 91.6037
8 289 717 198.7819
8 290 40 7.8141
8 291 3 0.7888
8 292 138 31.4707
8 293 95 20.3051
8 294 233 64.2138
8 295 71 15.0080
8 296 265 58.7390
8 297 190 37.8589
8 298 2 0.4419
8 299 811 164.1051
8 300 82 21.7283
8 301 12 2.4549
8 303 25 5.5951
8 304 62 11.7834
8 305 587 115.3264
8 306 157 32.6463
8 307 55 11.7264
8 308 2247 599.6564
8 309 26 4.6858
8 310 57 13.0233
8 311 44 8.4193
8 312 51 9.9900
8 313 6 0.9293
8 314 101 20.5538
8 315 1 0.1383
8 316 105 28.7474
8 317 36 6.8773
8 319 424 112.4475
8 320 19 3.9931
8 321 6 1.2252
8 322 60 11.7674
8 323 720 152.4358
8 324 301 77.3953
8 325 2 0.3389
8 326 77 15.7123
8 327 4 0.8830
8 328 20 3.8353
8 329 151 30.6869
8 330 4 0.6124
8 332 82 18.0824
8 333 569 120.1387
8 334 5 0.9588
8 336 246 48.7131
8 337 171 33.5402
8 338 166 36.5527
8 339 139 27.9858
8 340 26 5.6136
8 341 634 149.1902
8 342 1 0.1344
8 343 33 6.8032
8 345 44 8.5504
8 346 120 25.5465
8 347 32 8.4787
8 348 925 214.9248
8 349 38 9.5253
8 351 2 0.3272
8 352 36 6.2262
8 353 22 6.5906
8 354 11 1.5072
8 355 6 1.0990
8 356 393 98.6201
8 357 480 134.6823
8 358 20 3.6994
8 359 26 4.6515
8 360 1023 222.3348
8 361 21 3.3249
8 362 26 4.6487
8 363 6 1.0377
8 364 5 0.9300
8 365 98 20.3403
8 366 6 1.7550
8 367 310 73.2485
8 369 10 1.8375
8 370 63 11.8994
8 373 150 31.0579
8 374 82 17.8973
8 375 33 5.4731
8 376 3 0.5639
8 378 66 13.6082
8 379 54 11.7646
8 380 4121 898.2476
8 381 514 118.5190
8 382 414 93.9699
9 1 47 10.5201
9 2 124 25.2913
9 3 514 116.9150
9 4 19 3.7084
9 5 143 31.3556
9 6 8 1.6083
9 7 202 40.2901
9 9 29 6.4920
9 10 272 57.7272
9 11 23 4.9613
9 12 3 0.4561
9 13 104 24.1628
9 14 25 4.6704
9 15 5 1.1783
9 16 11 2.2711
9 17 132 26.6834
9 18 618 158.6210
9 20 163 34.7766
9 21 2 0.3326
9 22 160 40.4996
9 23 8 1.5440
9 25 3 0.4910
9 26 541 107.0892
9 27 217 47.2083
9 28 11 1.9818
9 29 28 5.4806
9 30 335 66.9689
9 31 2218 532.0375
9 32 53 10.8129
9 33 325 83.2904
9 34 16 2.9234
9 35 99 20.8186
9 36 2 0.3088
9 37 414 88.9629
9 38 57 12.6339
9 39 81 15.8395
9 40 721 200.0507
9 41 26 5.4227
9 42 472 118.5140
9 43 9 1.9272
9 44 3 0.5643
9 45 16 3.5633
9 46 23 5.0841
9 47 13 2.7419
9 48 101 18.7641
9 49 4805 1096.9333
9 50 6 1.1109
9 51 1528 413.9883
9 52 782 179.0274
9 53 21 4.2142
9 54 49 9.5261
9 55 4 0.7993
9 56 35 8.0675
9 57 315 62.5103
9 58 1494 374.0174
9 60 3 0.5565
9 62 62 15.4643
9 63 85 14.9105
9 64 5 0.9668
9 65 10 1.8362
9 66 11 2.2813
9 68 32 6.8855
9 69 2036 458.9776
9 70 136 29.3309
9 71 6 0.8361
9 72 20 4.7361
9 73 246 50.2898
9 74 5 0.9730
9 75 150 42.6378
9 77 1314 272.4473
9 78 3 0.7036
9 79 197 38.0286
9 80 10 1.8743
9 81 142 37.1296
9 82 10296 3176.1906
9 84 12 2.7184
9 85 2 0.4863
9 86 69 15.7453
9 87 1 0.2140
9 88 296 61.2344
9 89 4 0.8665
9 90 35 8.2587
9 91 1507 353.7174
9 92 28 5.4165
9 93 649 200.4167
9 94 2 0.3843
9 95 18 3.8374
9 96 6 1.3433
9 97 32 5.7374
9 98 728 162.7657
9 99 2 0.4707
9 100 410 90.3510
9 101 185 47.3913
9 102 722 200.2587
9 103 123 26.3350
9 104 66 13.8286
9 105 59 13.2327
9 106 1 0.2541
9 107 1281 298.0397
9 108 143 26.0079
9 109 22 4.8180
9 110 79 20.7056
9 111 36 7.9416
9 112 70 12.4287
9 113 18 3.5393
9 114 49 8.3866
9 115 120 29.8596
9 116 9 1.9117
9 117 6 1.1586
9 118 57 12.7279
9 119 52 12.0912
9 120 257 58.9713
9 121 43 10.2311
9 122 254 46.2415
9 124 4314 1200.3954
9 125 390 98.1053
9 126 10 2.0633
9 127 474 123.7991
9 128 504 143.6803
9 129 10 1.8730
9 130 32 6.9901
9 131 246 58.1831
9 132 2341 578.5002
9 133 12 2.2786
9 134 14375 4065.1218
9 135 14 4.4810
9 136 2880 753.9939
9 137 509 126.3988
9 138 851 195.0585
9 139 58 10.1389
9 140 1616 348.8219
9 141 3 0.9874
9 142 79 18.7439
9 143 353 74.7584
9 144 96 19.4328
9 145 20 3.6079
9 146 935 218.1935
9 147 103 21.6515
9 148 11 2.4514
9 149 71 18.2177
9 150 2076 492.0248
9 151 3 0.6770
9 152 29 5.8567
9 153 39 8.8290
9 154 124 27.1300
9 155 41 9.3113
9 156 245 48.4162
9 158 249 61.8785
9 159 3 0.6505
9 160 2058 589.5883
9 161 599 135.9822
9 162 78 15.8405
9 163 237 62.8262
9 165 25 4.1756
9 166 79 16.4580
9 167 68 13.4673
9 168 173 39.3329
9 169 105 20.5491
9 170 107 21.5870
9 171 25 4.9412
9 172 71 15.4272
9 173 141 26.6951
9 174 2 0.3549
9 175 130 23.8884
9 176 4 0.7419
9 177 294 75.5633
9 178 9 1.5350
9 179 64 13.4944
9 180 421 105.1280
9 182 1 0.1818
9 183 108 20.5741
9 184 24 6.3909
9 185 39 7.3683
9 186 90 17.2101
9 187 2219 511.5988
9 188 157 34.9611
9 189 2 0.4247
9 190 255 56.6700
9 191 35 8.1611
9 192 7 1.5361
9 193 31 6.5550
9 195 1184 265.7976
9 196 1 0.1855
9 197 664 155.6151
9 198 96 18.6756
9 199 1089 245.7125
9 200 85 25.9009
9 201 442 112.0146
9 202 15 3.2856
9 203 3 0.6024
9 204 6 1.2762
9 205 283 68.7491
9 206 17 4.4051
9 207 5 1.1942
9 208 1410 364.7101
9 209 8 1.8156
9 210 8 1.8480
9 211 226 47.9397
9 212 360 90.8409
9 213 6 1.0791
9 214 72 13.7038
9 215 44 8.0425
9 216 191 48.2186
9 217 116 21.4614
9 218 8 1.5927
9 219 78 15.2807
9 220 1074 222.6526
9 221 102 19.4681
9 222 941 239.6714
9 223 2362 614.9063
9 224 61 12.1602
9 225 4 0.7803
9 226 74 12.8145
9 227 275 59.1405
9 228 247 52.7448
9 229 6 1.1682
9 230 209 52.2942
9 231 381 87.3292
9 232 78 17.6263
9 233 926 174.4826
9 234 258 59.8309
9 235 735 162.6006
9 236 417 90.7943
9 238 170 38.2618
9 239 275 55.6503
9 240 14 2.2150
9 241 58 11.9962
9 242 172 39.7361
9 243 21 3.9498
9 244 216 54.8930
9 245 71 17.7334
9 246 271 67.4521
9 247 57 11.2860
9 248 151 30.8800
9 249 55 11.3567
9 250 23 4.6007
9 251 31 7.4638
9 252 6 1.2017
9 254 90 21.2632
9 255 575 109.4414
9 256 1850 430.6969
9 257 180 38.1640
9 258 122 24.9026
9 260 1 0.2314
9 261 5 0.9785
9 262 1528 374.9811
9 263 1317 327.1745
9 264 59 11.1000
9 265 105 26.5620
9 266 103 21.1463
9 267 91 21.4848
9 268 113 24.6956
9 269 72 14.8262
9 270 12 2.0781
9 271 84 17.2335
9 272 31 5.7387
9 273 443 91.5615
9 274 39 9.5063
9 275 17 2.8777
9 276 1 0.1431
9 277 35 6.0351
9 278 153 36.6669
9 279 9 1.9790
9 280 13 2.9021
9 281 74 16.8169
9 282 797 215.4574
9 283 12 1.9300
9 284 40 8.2003
9 285 1011 268.6584
9 286 281 59.2200
9 287 47 10.3305
9 288 56 12.6004
9 289 82 21.7477
9 290 14 2.6744
9 291 128 25.0907
9 292 14 2.3213
9 293 21 4.4579
9 294 16 3.6030
9 296 142 46.2113
9 297 69 14.2526
9 298 67 14.1508
9 299 94 18.7716
9 301 96 22.3324
9 302 300 76.5865
9 303 10 2.0163
9 305 13 2.8169
9 306 20 3.9085
9 307 1 0.1726
9 308 2263 527.3941
9 309 19 4.0112
9 310 904 212.8260
9 311 78 11.1984
9 312 521 122.1228
9 313 239 60.3961
9 314 263 64.6081
9 315 129 31.5646
9 316 1 0.2624
9 317 10 2.1025
9 319 471 126.8122
9 320 356 90.7704
9 321 1 0.2301
9 322 21 4.9533
9 323 1 0.2238
9 324 190 48.2148
9 325 15 3.3240
9 326 228 52.4366
9 327 540 131.1014
9 328 1533 372.8390
9 329 369 87.4918
9 330 3 0.8004
9 332 45 8.8679
9 333 1245 315.5794
9 335 12 2.4236
9 337 97 20.4081
9 339 5 1.0020
9 340 1 0.1545
9 341 3411 903.3580
9 342 127 33.0940
9 343 105 28.3398
9 344 4 0.7656
9 345 8 1.9622
9 346 199 37.7069
9 347 65 12.1800
9 348 117 25.8196
9 349 61 11.1556
9 350 206 61.4270
9 351 348 79.0080
9 352 1 0.2299
9 353 301 65.8975
9 354 188 39.5777
9 355 7 1.5072
9 356 1 0.2271
9 357 101 21.0911
9 358 10 2.4231
9 359 13 2.3756
9 360 12 2.4926
9 361 80 16.8069
9 362 411 111.1429
9 363 31 5.7352
9 364 960 236.5493
9 365 37 7.0191
9 366 465 106.4336
9 367 292 61.1502
9 368 870 231.1528
9 369 580 126.0835
9 370 20 3.8600
9 371 45 8.5296
9 372 106 21.6137
9 373 19 4.3629
9 374 55 10.5857
9 375 4 0.7569
9 376 42 7.9838
9 377 1357 369.7779
9 378 153 30.3837
9 379 246 55.0213
9 380 53 11.7385
9 381 6 1.1022
9 382 4 0.9362
9 383 251 54.2227
10 0 8 1.5852
10 1 1481 384.2142
10 2 364 87.6284
10 3 479 112.4106
10 4 57 10.9328
10 5 19 4.8552
10 6 1 0.1546
10 7 2261 604.6701
10 8 348 81.0810
10 9 419 89.7626
10 11 56 13.3840
10 12 20 3.7651
10 13 2 0.4958
10 14 152 30.2973
10 15 23 4.5717
10 16 56 9.9986
10 17 405 100.9773
10 19 5 0.9121
10 20 52 9.5970
10 22 13 2.9850
10 23 318 65.5759
10 25 174 42.0019
10 26 53 10.3303
10 27 112 26.8373
10 28 2 0.3722
10 29 2 0.4499
10 30 458 118.9234
10 31 11 2.1954
10 32 75 15.4363
10 33 5 1.1486
10 34 1245 292.0638
10 35 125 28.0098
10 36 161 31.8069
10 37 3 0.5588
10 38 8 1.3922
10 39 122 29.4519
10 40 45 9.1181
10 41 115 29.3542
10 42 679 146.8670
10 43 1 0.2247
10 44 706 152.3638
10 45 786 185.1003
10 47 184 42.2222
10 48 176 41.3939
10 49 917 196.1634
10 50 1127 282.9145
10 51 10 2.3442
10 52 53 12.3245
10 54 823 216.0249
10 56 297 65.5774
10 57 854 239.3798
10 58 602 126.7234
10 59 399 89.9614
10 60 74 15.7318
10 61 24 4.0609
10 62 992 248.6377
10 63 34 6.9588
10 64 30 6.8961
10 65 13 2.5656
10 66 70 13.8241
10 67 99 23.4699
10 68 397 87.2145
10 69 666 178.8637
10 70 32 8.2881
10 71 92 18.6478
10 72 725 160.5810
10 73 11 2.3071
10 74 296 63.6427
10 75 891 235.1291
10 76 14 2.7568
10 77 89 19.8374
10 78 416 90.8026
10 79 36 6.8139
10 80 526 114.8474
10 82 19 3.2326
10 83 5 0.8059
10 84 646 171.4439
10 85 356 77.1479
10 86 84 16.1849
10 87 237 52.7371
10 88 2 0.4089
10 90 129 26.1859
10 91 115 28.9714
10 92 603 147.0624
10 93 518 126.1097
10 94 23 5.1888
10 95 4636 1350.1523
10 96 1946 534.1712
10 97 155 33.5434
10 98 14 2.7682
10 99 46 10.8333
10 100 143 31.4064
10 101 226 49.5599
10 102 102 21.7989
10 103 8 1.3814
10 104 197 42.0451
10 106 31 6.2937
10 107 107 24.2366
10 108 12 2.4251
10 109 82 20.3605
10 110 29 6.1157
10 111 223 50.8888
10 112 5 1.0071
10 113 97 22.6666
10 114 170 34.9080
10 115 2 0.4547
10 117 22 4.8978
10 118 11 2.3135
10 119 5 1.0926
10 120 21 5.3263
10 121 26 4.9281
10 122 15 3.3765
10 123 3 0.6143
10 124 1952 535.3953
10 125 23 5.1840
10 126 33 6.1331
10 127 783 226.8289
10 128 64 13.9682
10 129 17 3.3661
10 130 237 47.5029
10 131 25 5.2242
10 132 11 3.3274
10 133 85 16.4432
10 134 85 19.8706
10 135 47 9.1695
10 136 47 9.0373
10 137 51 12.0887
10 138 42 8.7971
10 140 828 194.1998
10 141 10 1.8426
10 142 61 16.3271
10 143 343 78.8812
10 144 11 2.1788
10 145 595 134.6738
10 146 470 101.7009
10 147 351 75.9427
10 148 402 106.6448
10 149 112 28.5173
10 151 16 3.2420
10 152 210 49.8731
10 153 28 7.0404
10 154 26 6.1205
10 155 685 162.2031
10 156 122 29.1717
10 157 129 26.2625
10 158 31 8.0686
10 159 428 103.6645
10 160 122 25.4855
10 161 208 45.1484
10 162 4 0.8875
10 163 721 182.3274
10 164 11 2.3847
10 165 2528 676.0126
10 166 117 30.1553
10 167 29 7.0361
10 168 143 32.7942
10 169 7 1.7322
10 170 750 183.2462
10 171 547 125.0717
10 172 50 10.5143
10 173 46 9.1473
10 174 7 1.1890
10 175 36 7.0276
10 176 8 1.7407
10 178 31 5.9316
10 179 3202 836.2999
10 180 10 2.2464
10 181 3 0.6165
10 182 2178 670.5092
10 184 61 10.8460
10 185 27 6.3445
10 187 12 2.5697
10 188 1968 474.7484
10 190 7 1.2717
10 191 21 4.0063
10 192 815 210.7590
10 193 1506 377.9373
10 194 202 43.5704
10 195 17 3.9233
10 196 71 14.8894
10 197 5 1.0873
10 198 73 13.8135
10 199 143 28.6428
10 200 74 14.8290
10 201 232 52.4576
10 202 42 7.8539
10 203 4 0.8681
10 204 15 3.0285
10 206 2 0.4669
10 207 108 22.5025
10 208 19 4.2902
10 209 143 36.4038
10 210 550 149.4711
10 211 23 4.2112
10 212 58 11.2629
10 213 89 17.9025
10 214 7 1.2095
10 215 41 8.8258
10 216 1217 332.1714
10 217 1 0.2519
10 218 51 12.7841
10 219 8 2.3380
10 220 189 37.4785
10 221 6 1.4382
10 222 14 2.3787
10 223 109 25.5313
10 224 104 18.6027
10 225 62 15.7654
10 226 5 0.9567
10 227 532 137.5121
10 228 21 4.4220
10 229 454 102.7070
10 230 276 66.5413
10 231 8 1.4664
10 232 25 6.2384
10 233 87 23.0145
10 234 211 51.4810
10 235 38 7.5713
10 236 131 27.2258
10 237 192 49.9282
10 238 912 218.1109
10 239 30 6.1554
10 240 1 0.1927
10 241 43 7.9173
10 242 103 20.8860
10 243 75 15.5918
10 244 81 19.2206
10 245 1023 260.0995
10 246 28 5.5846
10 247 41 8.0999
10 248 133 29.6470
10 249 108 24.5452
10 250 11 2.1792
10 251 173 42.4970
10 252 2 0.3299
10 253 1735 397.9711
10 254 8 1.6389
10 255 504 129.4100
10 256 104 27.0010
10 257 428 109.8485
10 258 301 71.0313
10 259 26 5.2176
10 261 25 4.9168
10 262 3 0.6174
10 263 7360 1913.7577
10 264 54 12.3873
10 265 117 24.4303
10 266 384 113.5428
10 267 715 183.6451
10 268 44 10.6951
10 269 564 121.2141
10 271 2995 689.8370
10 272 26 5.0613
10 273 397 97.8275
10 274 1355 359.0264
10 275 8 1.5236
10 277 277 61.7033
10 278 48 9.9978
10 279 426 115.8523
10 280 23 4.4596
10 281 14 2.7771
10 282 81 16.6417
10 283 85 16.7658
10 284 5274 1625.3002
10 285 38 8.9893
10 286 190 44.8465
10 287 40 9.8350
10 288 94 22.4500
10 289 173 33.9912
10 290 2 0.3735
10 291 117 23.7205
10 292 214 53.6337
10 293 63 11.7399
10 294 18 3.5872
10 295 180 41.5737
10 296 104 20.6000
10 297 384 91.6873
10 298 1435 307.8445
10 299 17 3.7915
10 300 17 3.2848
10 301 8 1.4335
10 302 1982 525.1396
10 303 461 99.6708
10 304 216 49.2204
10 305 470 106.9885
10 306 874 201.6102
10 307 2749 628.1254
10 308 210 48.9252
10 309 99 19.8511
10 310 277 52.9152
10 311 177 35.8208
10 312 162 37.9431
10 313 5 0.9614
10 314 47 8.8201
10 315 212 43.4522
10 316 247 53.5764
10 317 2728 705.1473
10 318 2 0.4158
10 319 4 0.8753
10 320 1219 298.9924
10 321 18 3.6730
10 322 15 4.1456
10 323 52 10.8530
10 324 872 200.4851
10 325 30 6.3384
10 326 18 3.7842
10 327 1 0.2527
10 330 1246 344.5886
10 331 72 14.1163
10 332 13 2.6287
10 333 58 12.2340
10 334 2 0.4083
10 335 40 10.7925
10 336 1347 383.0385
10 337 88 19.4272
10 338 841 220.5444
10 339 2541 705.8338
10 340 675 158.1597
10 341 619 150.8980
10 342 14 4.1096
10 343 2658 658.3804
10 344 53 10.1532
10 345 8 1.5570
10 346 153 37.6630
10 347 1 0.1503
10 348 6 1.1777
10 349 2705 639.0289
10 350 334 82.7893
10 352 6 1.0564
10 353 412 89.2563
10 354 11 1.9381
10 355 81 16.8980
10 356 38 8.8268
10 357 28 6.3284
10 358 19 3.8635
10 361 129 26.8403
10 362 395 105.4978
10 363 20 3.7061
10 364 475 110.8605
10 365 493 102.2474
10 367 1 0.2034
10 368 17 3.1533
10 369 44 8.9461
10 370 397 85.5400
10 371 533 115.8490
10 372 329 81.8690
10 373 288 67.6160
10 374 631 169.1710
10 375 1869 430.0602
10 376 67 17.3114
10 377 2053 501.4306
10 378 785 204.0997
10 379 2 0.4671
10 380 235 54.7950
10 381 49 11.5849
10 382 1 0.1844
10 383 45 8.7180
11 0 371 108.0075
11 2 446 94.2458
11 3 120 22.0399
11 4 160 34.1448
11 5 730 159.3400
11 6 46 9.4837
11 7 12 3.8988
11 8 74 16.2177
11 9 99 22.8724
11 10 395 83.0304
11 11 467 113.5882
11 12 1 0.2568
11 13 384 93.9673
11 14 371 77.4044
11 15 78 19.1969
11 16 111 22.2880
11 17 846 185.4142
11 18 100 19.5238
11 19 435 103.4159
11 20 73 21.7802
11 21 134 30.8234
11 22 20 5.5323
11 23 19 3.6165
11 24 103 33.3949
11 25 210 58.2831
11 26 856 188.2740
11 27 1015 242.4153
11 28 808 196.4734
11 29 48 10.2466
11 30 216 43.1737
11 31 4 0.8990
11 32 197 39.8573
11 33 58 14.9280
11 34 1132 286.4519
11 35 650 139.4732
11 36 679 176.7355
11 37 1 0.2099
11 39 83 17.7426
11 40 4 0.7935
11 41 2479 574.8623
11 42 1 0.2377
11 43 102 24.0055
11 44 62 11.8198
11 45 11 1.9745
11 46 567 141.4693
11 47 26 5.9928
11 48 551 144.9672
11 49 138 28.8937
11 50 1490 376.5282
11 51 41 8.0997
11 52 140 30.6242
11 54 40 7.6372
11 55 5 0.8455
11 56 247 55.8785
11 58 3 0.4941
11 59 67 12.6861
11 60 213 49.2509
11 61 4 0.7232
11 62 74 16.1133
11 63 91 17.0043
11 64 339 72.6560
11 65 538 126.2381
11 66 698 148.9330
11 67 63 11.3571
11 68 48 9.8025
11 69 13 2.5242
11 70 534 155.7106
11 71 34 5.9527
11 72 55 12.0850
11 73 760 184.6644
11 74 94 19.4533
11 75 2 0.4485
11 76 21 4.4690
11 77 1430 310.3046
11 78 1 0.2238
11 79 525 121.2950
11 80 43 8.1156
11 81 63 13.9676
11 82 52 12.1711
11 83 52 12.7323
11 84 71 13.4533
11 85 97 19.1681
11 86 102 19.5254
11 87 197 36.3159
11 88 185 40.7585
11 89 1 0.1455
11 90 589 132.4017
11 91 15 3.1875
11 92 73 15.4833
11 93 15 2.9798
11 94 62 16.3436
11 95 7 1.2386
11 96 317 78.6396
11 97 208 41.8020
11 98 4543 1442.3431
11 99 1910 441.3141
11 100 48 8.6828
11 101 401 87.5466
11 102 33 8.0761
11 103 192 42.0038
11 104 17 3.1895
11 105 299 70.1400
11 106 12 1.9831
11 107 1 0.2213
11 108 214 42.2473
11 109 4046 1340.8542
11 110 11 1.9677
11 111 149 38.1025
11 112 42 8.6699
11 113 18 3.3036
11 114 455 99.0712
11 116 92 21.3725
11 118 3 0.6030
11 119 625 147.4121
11 120 33 6.2783
11 121 785 186.0613
11 122 44 8.4565
11 123 25 5.0924
11 124 138 29.9305
11 125 870 187.9447
11 126 266 61.5850
11 127 30 5.4133
11 128 206 50.4404
11 129 251 52.3952
11 130 167 35.3627
11 131 1453 349.9903
11 132 1 0.1659
11 133 4 0.9042
11 134 8 1.4332
11 135 267 58.0777
11 136 2 0.3256
11 137 4 0.8688
11 138 117 22.1655
11 139 4 0.6403
11 140 94 25.9261
11 141 328 72.0824
11 142 905 227.6660
11 143 400 87.4138
11 144 83 18.1848
11 145 19 4.2697
11 147 693 191.0518
11 148 1120 288.4628
11 149 112 25.1779
11 150 30 6.0940
11 151 24 4.6317
11 152 7 1.4849
11 153 64 11.7072
11 154 188 39.3314
11 155 17 2.9448
11 156 8 1.3600
11 158 7 1.0988
11 160 28 5.5852
11 161 10 2.0827
11 162 553 141.4557
11 163 6 1.2510
11 164 312 68.8199
11 165 978 183.9661
11 166 988 226.8128
11 167 158 39.8001
11 168 752 172.6446
11 169 10 2.0640
11 170 340 77.2876
11 171 281 61.6099
11 172 318 69.6267
11 173 5 1.1859
11 174 99 19.5549
11 175 1518 329.3721
11 176 43 8.7846
11 177 1 0.3210
11 178 7 1.3607
11 179 75 14.8547
11 180 1881 468.4437
11 181 56 16.2097
11 182 112 22.8203
11 183 22 4.2962
11 184 30 5.7733
11 185 19 3.7994
11 186 9 1.6834
11 187 33 7.6200
11 188 9 1.9583
11 189 2689 733.3089
11 190 78 16.0022
11 191 53 11.5324
11 192 330 74.2311
11 194 44 8.9682
11 195 347 82.0854
11 196 72 14.3216
11 197 3 0.4822
11 198 1086 247.4386
11 199 17 4.1013
11 200 19 5.4328
11 201 57 12.8290
11 202 56 12.1106
11 203 1119 277.3185
11 204 23 4.0366
11 205 44 9.0549
11 206 31 5.9962
11 207 16 3.9471
11 208 217 49.1913
11 209 1092 283.7292
11 210 11 2.1981
11 211 58 14.2275
11 212 280 72.2580
11 213 27 5.7828
11 214 87 16.2590
11 215 130 27.8049
11 216 367 84.5786
11 217 3 0.5321
11 218 15 3.5776
11 220 423 105.2693
11 221 1663 397.8651
11 222 81 17.3513
11 223 19 3.8693
11 224 55 15.1028
11 225 2422 636.3822
11 226 677 153.2425
11 227 1465 347.8689
11 228 65 13.7300
11 229 1 0.1895
11 230 1039 228.6412
11 231 66 13.4329
11 232 106 23.5769
11 233 3735 1178.5295
11 234 31 5.8805
11 235 913 206.8757
11 236 52 10.5946
11 237 354 80.5757
11 239 66 17.2516
11 240 8 1.5808
11 241 51 9.2643
11 242 161 40.3255
11 243 61 15.7433
11 244 10 1.9217
11 245 50 9.8750
11 246 8 1.4587
11 247 9 1.8619
11 248 26 5.8045
11 249 10 2.3135
11 250 23 4.1029
11 251 2 0.8235
11 252 72 16.3915
11 253 99 23.8403
11 254 55 13.6635
11 255 798 185.0616
11 256 81 17.7219
11 257 35 6.3830
11 258 19 4.2965
11 259 1736 423.7289
11 260 45 10.0295
11 261 10 2.8845
11 262 3319 871.1337
11 263 12 3.6960
11 264 1 0.1601
11 265 41 9.1949
11 266 165 34.8492
11 267 5 0.8475
11 268 78 15.9251
11 269 32 5.5889
11 270 87 17.9952
11 271 1846 401.4935
11 272 1 0.2276
11 273 138 38.7046
11 275 30 8.8859
11 276 9 1.8341
11 277 54 9.7675
11 278 9 2.1929
11 279 212 49.6714
11 280 198 46.1946
11 281 67 13.3146
11 282 29 6.1721
11 283 32 7.9858
11 284 81 17.2839
11 285 2 0.4936
11 286 593 131.0542
11 287 76 15.8098
11 288 395 84.8717
11 289 182 46.5702
11 290 180 39.8206
11 291 10 2.0406
11 292 37 6.9758
11 293 30 6.0616
11 294 3076 791.5190
11 295 132 39.5211
11 296 1 0.2194
11 297 94 22.6326
11 298 41 9.8243
11 299 3 0.5032
11 300 1 0.2108
11 301 4 0.7516
11 302 688 172.2663
11 303 21 3.7929
11 304 1140 264.7877
11 305 6 1.1464
11 306 576 131.0961
11 307 179 45.2578
11 308 500 119.1234
11 309 234 48.6372
11 310 57 11.7084
11 311 4 0.7153
11 313 577 146.0159
11 314 1136 231.6902
11 315 17 4.4885
11 316 5 0.9193
11 317 68 13.2536
11 318 1 0.2186
11 319 204 43.3166
11 320 243 57.3099
11 321 167 38.9277
11 322 9 1.4623
11 323 40 7.7821
11 324 17 3.2253
11 325 30 9.3453
11 326 953 212.2003
11 327 921 213.9525
11 328 111 22.2966
11 329 193 44.7529
11 330 299 62.7979
11 331 66 12.8049
11 332 1312 366.1433
11 334 4 0.8738
11 335 11 2.2137
11 336 57 10.6804
11 337 103 24.8200
11 338 344 68.4912
11 339 52 11.0871
11 340 333 72.1011
11 341 15 3.1559
11 343 1672 457.5459
11 344 822 169.9559
11 345 12011 3379.9810
11 346 1351 328.4880
11 347 7 1.2769
11 348 1 0.2097
11 349 621 145.6940
11 351 427 89.6660
11 353 312 76.8340
11 354 2 0.4849
11 355 369 84.6653
11 356 138 35.0322
11 357 925 222.5451
11 358 8 1.6439
11 359 415 97.1596
11 360 4 0.8134
11 361 30 5.7569
11 362 18 3.5822
11 363 1157 319.7889
11 365 167 36.1301
11 366 46 8.9106
11 367 7 1.3849
11 368 4 0.7132
11 369 577 137.2463
11 370 187 47.2101
11 371 81 16.1396
11 373 10 1.9370
11 374 45 11.2596
11 375 231 48.8649
11 376 34 8.5157
11 377 45 8.3261
11 378 212 45.5520
11 379 3259 895.9218
11 380 9 1.8883
11 381 50 9.0279
11 382 1 0.2115
12 0 12 2.8009
12 2 62 12.7627
12 3 47 10.5352
12 4 18 3.5589
12 5 981 240.1432
12 6 176 45.1140
12 7 28 7.1941
12 8 531 134.6665
12 9 55 10.0266
12 10 114 26.8403
12 11 128 30.6035
12 12 657 170.7939
12 13 21 4.4405
12 14 25 5.3635
12 16 700 158.2224
12 17 588 122.8766
12 18 1423 362.4693
12 19 185 35.9033
12 20 159 41.5463
12 21 20 3.7534
12 22 43 8.2969
12 23 146 31.0601
12 25 1261 289.5902
12 26 7 1.4183
12 27 446 125.0109
12 28 1 0.2010
12 29 37 8.2994
12 30 1 0.2113
12 31 63 13.8360
12 32 147 38.3240
12 33 66 17.0497
12 34 462 99.9272
12 35 218 54.1492
12 36 10 2.8817
12 37 17 3.4592
12 38 94 18.9994
12 39 446 103.1379
12 40 55 13.4528
12 41 110 24.2925
12 42 2023 515.3687
12 43 3 0.6060
12 44 125 32.1595
12 45 91 17.9613
12 46 117 26.6834
12 47 123 24.6425
12 48 241 49.2065
12 49 21 4.7513
12 50 20 3.6155
12 51 5 1.0314
12 52 5 0.9946
12 53 131 34.2579
12 54 34 7.0934
12 55 554 123.0199
12 56 51 10.3358
12 57 66 14.4077
12 58 2072 515.1110
12 59 287 64.2136
12 60 83 16.1511
12 61 1 0.1891
12 62 1066 281.2928
12 63 52 11.5104
12 64 229 59.9146
12 65 28 6.3599
12 66 118 25.5495
12 67 2629 671.9527
12 68 3 0.6539
12 69 717 192.8194
12 70 21 4.2782
12 71 119 28.6641
12 72 18 4.1195
12 73 15 2.7762
12 74 89 19.6617
12 75 3 0.7343
12 76 57 11.6001
12 77 353 89.3628
12 78 116 25.4452
12 79 1 0.1828
12 80 4 0.6992
12 81 33 6.8437
12 82 17 3.1355
12 83 140 31.2020
12 84 4 0.7328
12 85 226 50.3978
12 86 158 35.3362
12 87 645 165.8452
12 88 1446 470.2987
12 89 38 8.3352
12 90 366 79.9561
12 91 13 2.8899
12 92 30 6.7597
12 93 55 13.4044
12 94 10 2.7092
12 95 1828 413.1561
12 96 77 17.6808
12 97 21 4.0031
12 98 36 8.4640
12 99 83 15.6212
12 100 948 288.4879
12 101 44 11.4654
12 102 908 197.5184
12 103 89 19.2027
12 104 460 100.6800
12 105 808 200.1857
12 106 63 15.0770
12 107 147 28.7619
12 109 962 293.3888
12 110 68 14.7316
12 111 54 13.8551
12 112 3 0.6759
12 113 44 9.0695
12 114 11 2.3905
12 115 170 37.6952
12 116 706 166.1744
12 117 3 0.6229
12 118 617 152.6509
12 119 346 72.5291
12 120 620 123.0262
12 121 47 10.1414
12 122 152 41.8352
12 123 453 118.7325
12 124 2357 627.2587
12 125 25 5.1569
12 126 1306 315.3181
12 127 53 12.0167
12 128 11 1.8512
12 129 78 19.2177
12 130 6 1.0548
12 131 86 18.9982
12 132 9 1.7758
12 133 120 26.8815
12 134 1022 244.6030
12 135 26 5.4059
12 136 33 6.4806
12 137 980 240.5350
12 138 482 112.7371
12 139 1696 441.2042
12 140 123 25.3182
12 141 2216 609.9127
12 142 187 35.2667
12 144 41 7.5659
12 145 96 18.1376
12 146 52 10.3766
12 147 67 13.3109
12 149 11 2.0490
12 150 37 8.5374
12 151 1605 429.7157
12 152 461 92.1681
12 153 3 0.4942
12 154 28 6.5319
12 155 1444 354.0127
12 156 73 15.6006
12 157 51 9.8097
12 158 293 67.3860
12 159 162 34.8472
12 160 3 0.6286
12 161 1033 244.9604
12 162 2 0.4509
12 163 1 0.1988
12 165 2178 512.5800
12 166 11 1.8279
12 167 180 43.4633
12 168 15 4.7735
12 169 1529 355.8832
12 170 78 14.9611
12 171 1313 281.0504
12 172 29 6.0594
12 173 22 4.7648
12 174 1153 287.3791
12 175 10 2.1954
12 176 83 19.6460
12 177 1 0.2279
12 178 3 0.6079
12 179 66 13.5320
12 180 1215 277.0983
12 181 9 2.3313
12 182 408 94.2018
12 183 324 73.8458
12 185 5 1.0878
12 186 172 38.0615
12 187 13 3.4199
12 188 231 51.9492
12 189 2249 583.5104
12 191 114 21.5235
12 192 64 14.7377
12 193 55 11.2691
12 194 325 83.2165
12 195 263 60.9281
12 196 1041 257.2841
12 197 3 0.5880
12 198 782 182.1041
12 199 47 9.6012
12 200 3397 953.9254
12 201 45 8.2330
12 202 188 44.1279
12 203 25 4.7352
12 204 28 5.2692
12 205 26 5.5094
12 206 5 1.1405
12 207 2438 590.2496
12 208 1072 323.5204
12 209 217 55.9473
12 210 814 184.4522
12 211 114 23.7682
12 212 173 50.0473
12 213 169 36.2073
12 214 286 60.4349
12 215 88 21.5429
12 216 148 30.7401
12 217 130 27.6298
12 218 1 0.3205
12 219 145 31.0139
12 221 3502 1037.8002
12 222 123 30.2719
12 223 254 64.4282
12 224 9 2.0963
12 225 51 12.5296
12 226 10 1.8780
12 227 124 24.7450
12 228 47 9.9094
12 229 149 36.1586
12 230 74 17.7242
12 231 88 22.7063
12 233 8 2.1475
12 234 8 1.3919
12 235 258 62.0582
12 236 482 104.8526
12 237 63 11.9653
12 238 32 6.5464
12 239 271 62.4199
12 240 373 85.5695
12 241 29 5.6802
12 242 242 50.4666
12 243 753 163.9440
12 245 37 6.7459
12 246 1027 255.0370
12 247 43 9.1244
12 248 88 22.8912
12 249 546 127.8198
12 250 7 1.4997
12 251 25 5.7903
12 252 556 132.1959
12 253 54 13.2935
12 254 11 2.5688
12 255 533 123.5440
12 256 37 7.2531
12 257 18 3.4809
12 258 19 3.5027
12 259 21 4.0573
12 260 33 6.3062
12 261 747 183.3490
12 262 403 86.8837
12 263 366 88.3306
12 264 122 25.3586
12 265 343 77.4285
12 266 207 43.6961
12 267 15 3.3063
12 268 14 2.8174
12 269 33 7.9055
12 270 107 21.4307
12 271 165 35.2803
12 272 458 107.5226
12 273 3 0.7000
12 274 32 5.7343
12 275 9 2.3666
12 276 8 1.4639
12 277 143 28.0125
12 278 1373 361.6932
12 279 699 187.0170
12 280 765 180.1944
12 282 1 0.2239
12 283 506 133.1016
12 284 183 45.9365
12 285 73 12.4723
12 287 1232 314.4782
12 288 16 3.0092
12 289 13 3.0031
12 290 29 7.0228
12 291 46 9.4625
12 292 193 45.4874
12 293 393 85.0323
12 294 152 35.5098
12 295 273 75.6235
12 296 5 1.5720
12 297 14 3.0958
12 298 211 55.0992
12 299 48 10.0189
12 300 342 79.3705
12 301 51 9.2193
12 302 26 6.5260
12 303 1 0.2269
12 304 14 2.8847
12 305 13 2.4459
12 306 2996 821.5408
12 307 251 62.6697
12 308 1046 286.3669
12 310 35 7.2263
12 311 300 68.6273
12 312 712 167.4731
12 313 3 0.7277
12 314 508 117.9042
12 316 5377 1426.4170
12 317 94 20.7122
12 318 14 2.6762
12 319 21 4.7839
12 320 492 117.4326
12 321 4 0.9080
12 322 17 4.0372
12 323 134 26.5899
12 324 28 5.6907
12 325 6 1.2875
12 326 187 37.1222
12 327 16 4.0903
12 328 42 9.2419
12 329 1195 286.4206
12 330 60 11.4344
12 331 2254 614.1212
12 332 258 58.2940
12 333 559 146.7573
12 334 405 83.6115
12 335 28 7.5143
12 336 72 15.8197
12 337 1222 338.3748
12 338 263 61.6844
12 339 859 228.0608
12 340 2670 657.0503
12 341 40 7.1841
12 342 5 0.9863
12 343 20 4.1339
12 345 2783 826.2818
12 347 5 1.2628
12 348 124 28.0615
12 349 3464 880.4207
12 350 296 63.1622
12 351 13 2.7081
12 353 47 9.3438
12 354 157 43.3464
12 355 4 0.8225
12 356 5 1.1806
12 357 8 1.6655
12 358 610 127.9739
12 359 16 3.1692
12 360 25 5.6237
12 361 23 4.6788
12 362 439 109.8064
12 363 17 3.2042
12 364 57 10.6886
12 366 216 51.7044
12 367 56 10.4159
12 368 30 6.1632
12 369 321 93.3709
12 370 33 6.2800
12 371 5 0.8894
12 372 364 76.6726
12 373 5 1.0792
12 374 48 10.0454
12 375 1 0.2288
12 376 92 19.6261
12 377 3 0.5945
12 378 1 0.2508
12 379 1163 279.4351
12 380 321 81.0575
12 381 876 237.1520
12 382 61 13.7189
12 383 261 51.1925
13 0 25 5.5240
13 1 349 104.9605
13 2 24 5.1917
13 3 99 19.8100
13 4 198 47.3281
13 5 358 92.1101
13 6 1790 487.0010
13 7 5 0.9027
13 8 48 11.0121
13 9 278 63.1195
13 10 2275 521.9581
13 11 80 21.3466
13 12 1825 413.2020
13 13 56 13.3980
13 14 16 3.3480
13 15 1192 262.9982
13 16 46 8.8086
13 17 19 3.6265
13 18 155 38.8217
13 19 258 62.8155
13 20 127 32.5084
13 21 439 104.6775
13 22 22 4.5618
13 23 60 16.7623
13 24 19 5.5076
13 25 40 8.0535
13 26 93 24.4332
13 27 77 16.1181
13 28 126 28.8609
13 29 613 151.1532
13 30 27 5.0906
13 31 55 10.9505
13 32 122 25.2081
13 33 37 9.7392
13 34 1357 322.1078
13 35 82 18.2994
13 36 1106 280.3558
13 37 4 0.7965
13 38 25 5.3692
13 39 215 46.4925
13 40 112 36.1222
13 41 1170 308.8009
13 42 43 11.0795
13 43 126 27.7605
13 44 659 166.2045
13 45 412 91.3499
13 46 694 182.4135
13 47 104 21.9018
13 48 29 5.8130
13 49 155 34.1893
13 50 125 36.6548
13 51 22 6.2209
13 52 6 1.0733
13 53 60 11.4949
13 54 1856 464.3384
13 55 21 4.5612
13 56 40 8.7581
13 57 2001 521.6241
13 58 511 132.5085
13 59 192 45.0951
13 60 482 117.7634
13 61 320 70.5628
13 62 4 0.7393
13 63 380 82.1352
13 64 68 14.4462
13 66 75 22.4855
13 67 20 4.6832
13 68 20 3.8958
13 69 1210 318.7941
13 70 117 25.4822
13 71 2485 574.4865
13 72 8 1.5686
13 73 273 61.9167
13 74 21 4.6591
13 75 26 5.0775
13 76 359 79.0094
13 77 43 9.9212
13 78 242 64.4576
13 79 221 45.6347
13 80 9 1.8218
13 81 11 1.9655
13 82 26 8.1045
13 83 257 49.3148
13 84 10 1.9926
13 85 24 4.9131
13 86 206 56.3565
13 87 68 19.4877
13 88 213 52.3715
13 89 469 104.2063
13 90 301 62.6583
13 91 125 29.9233
13 92 1663 421.3336
13 93 107 21.5171
13 94 729 169.7618
13 95 228 48.5748
13 96 29 6.0535
13 97 73 14.3882
13 98 206 50.2668
13 99 257 61.9970
13 100 2 0.3671
13 101 25 4.9246
13 102 15 2.6974
13 103 79 15.1738
13 104 572 132.6591
13 105 293 70.5149
13 106 123 30.7472
13 107 3 0.5503
13 108 36 7.3858
13 109 952 262.0425
13 110 54 11.6010
13 111 102 21.9230
13 112 35 7.6717
13 113 13 3.1148
13 114 2900 758.3973
13 115 1290 333.0412
13 116 54 10.4066
13 117 1 0.2916
13 118 111 21.6944
13 119 1 0.1762
13 120 618 153.6422
13 121 299 65.3714
13 122 7 1.2664
13 123 27 7.1456
13 124 178 38.1836
13 125 80 16.0759
13 126 17 4.1354
13 127 290 70.9166
13 128 170 39.7355
13 129 71 14.7293
13 130 79 15.1549
13 131 7 1.5876
13 132 2573 685.4386
13 133 4 0.7212
13 134 16 3.1250
13 136 999 203.5856
13 137 84 21.2454
13 138 57 10.8918
13 139 14 2.8953
13 140 3 0.5830
13 141 67 14.7877
13 142 516 112.8093
13 143 679 263.8638
13 144 5 0.9066
13 145 54 11.8688
13 146 322 71.3986
13 147 31 7.4748
13 148 97 25.3138
13 149 9 1.9950
13 150 745 195.0394
13 151 42 10.1677
13 152 43 9.3781
13 153 40 9.6888
13 154 33 8.6539
13 155 21 4.3638
13 156 73 14.2511
13 157 5633 1347.0354
13 158 10 1.8384
13 159 1588 416.9075
13 160 49 11.0410
13 161 259 54.1280
13 162 61 12.0796
13 163 32 6.3434
13 164 4 0.9239
13 165 95 19.5582
13 166 7 1.7546
13 167 157 35.2911
13 168 150 32.8826
13 169 8 2.4899
13 170 113 21.6615
13 171 8 1.5370
13 172 114 23.8463
13 173 7 1.2232
13 174 40 9.1896
13 175 113 25.7118
13 176 1016 243.2418
13 177 502 117.1864
13 178 1570 359.2451
13 179 18 3.4779
13 180 468 116.1445
13 181 35 6.9463
13 182 26 8.6809
13 183 8 1.5073
13 184 43 8.1377
13 185 48 8.6019
13 186 5 1.1387
13 187 124 28.7433
13 188 4325 1045.3558
13 189 95 18.2886
13 190 74 20.9957
13 191 47 10.8752
13 192 680 187.4781
13 193 584 204.6987
13 194 63 14.5831
13 195 1943 449.2058
13 196 1 0.0544
13 197 184 41.2718
13 198 21 4.6386
13 199 530 141.9321
13 200 103 21.5304
13 201 116 25.5476
13 202 115 26.5598
13 203 287 61.8189
13 204 78 19.7475
13 205 2222 568.9364
13 206 207 48.5434
13 207 516 128.0038
13 208 66 12.8433
13 209 45 10.7663
13 210 546 129.0207
13 211 102 22.1337
13 212 60 18.0896
13 213 12 2.4439
13 214 53 11.3000
13 215 906 214.8034
13 216 50 10.0070
13 217 13 3.6481
13 218 559 116.6254
13 219 503 101.0900
13 220 244 60.3935
13 221 92 20.7597
13 222 63 18.4265
13 223 212 49.2968
13 224 22 4.6068
13 225 302 68.4932
13 226 64 14.3130
13 227 29 6.3191
13 228 20 4.0891
13 229 19 3.7482
13 230 1659 609.3344
13 231 5 0.9116
13 232 14 3.5864
13 233 2 0.3860
13 234 47 10.0249
13 235 1013 262.6755
13 236 38 8.9987
13 237 94 19.7505
13 238 84 17.4229
13 239 7 1.4060
13 240 8 1.4475
13 241 13 2.3002
13 242 22 3.9123
13 243 891 213.2124
13 244 6 1.2647
13 245 107 22.0087
13 246 449 97.3272
13 247 44 9.9700
13 248 2259 559.9897
13 249 1502 481.3646
13 250 5 1.1695
13 251 2528 702.8491
13 252 174 36.1264
13 253 30 8.5319
13 254 494 111.7602
13 255 108 26.5833
13 256 41 7.5691
13 257 4 0.6166
13 258 637 132.6763
13 259 636 139.6319
13 260 1071 266.7158
13 261 61 13.1944
13 262 123 24.9589
13 263 277 58.7920
13 264 150 29.6810
13 265 123 23.9338
13 266 231 77.9366
13 267 30 6.6703
13 268 17 3.6031
13 269 65 15.0593
13 270 18 3.6451
13 271 942 287.9143
13 272 2035 520.1753
13 273 28 6.5650
13 274 57 17.0770
13 276 7 1.3282
13 277 1 0.1676
13 278 219 50.5586
13 279 2376 642.7499
13 280 1766 464.0199
13 281 427 123.8075
13 282 43 8.3006
13 283 2 0.3304
13 284 5 1.0564
13 285 2487 662.8241
13 286 22 6.3318
13 287 275 74.1489
13 288 25 7.0517
13 289 61 12.8969
13 290 22 4.5012
13 291 113 22.1991
13 292 28 7.7607
13 293 884 221.1306
13 294 55 11.3414
13 295 18 3.9177
13 296 7 1.4523
13 297 166 35.9582
13 298 199 47.8338
13 299 35 6.7098
13 300 14 2.8031
13 301 21 4.3367
13 303 98 22.8594
13 304 17 3.4565
13 305 532 131.8728
13 306 456 103.6763
13 307 8 1.5996
13 308 47 9.0155
13 309 92 23.2905
13 310 1343 368.7650
13 311 601 156.0748
13 312 55 12.4078
13 313 335 88.3254
13 314 159 38.2495
13 315 788 177.0121
13 316 332 76.1757
13 317 4 0.7188
13 318 1809 443.9698
13 319 85 20.5074
13 320 4 0.8768
13 321 2 0.4763
13 322 1617 338.3303
13 323 117 25.8240
13 324 464 107.0728
13 325 11 2.1856
13 326 938 254.9017
13 327 46 11.4349
13 328 97 20.2332
13 329 23 4.2991
13 330 19 4.1234
13 331 46 8.8193
13 332 29 5.7893
13 333 78 16.2616
13 334 17 3.0762
13 335 432 93.0435
13 336 3745 1139.9894
13 337 152 36.8892
13 338 248 65.0565
13 339 11 2.2210
13 340 655 146.2264
13 341 49 9.0302
13 342 355 74.7039
13 343 10 1.9171
13 344 37 8.1881
13 345 1732 448.2542
13 346 16 4.0815
13 347 49 11.8446
13 348 36 9.0366
13 349 3 0.4861
13 350 14 2.6116
13 351 16 3.2532
13 352 33 6.4368
13 353 309 81.7499
13 354 6 0.8844
13 355 293 62.7886
13 356 126 27.4762
13 357 173 33.1901
13 358 97 22.4528
13 359 438 98.4744
13 360 840 208.7609
13 361 256 55.7463
13 362 2 0.4207
13 363 1002 282.9014
13 364 104 22.8747
13 365 5 1.0885
13 366 112 23.9814
13 367 88 20.9283
13 368 143 29.1740
13 369 23 7.1065
13 370 144 31.0305
13 371 50 15.5441
13 372 21 6.4120
13 373 326 66.5974
13 374 237 54.2317
13 375 24 4.5883
13 376 395 84.1200
13 377 168 39.4038
13 378 24 4.9075
13 380 40 11.3683
13 381 236 66.0987
13 382 5 0.8938
13 383 18 3.5616
14 0 6 1.5748
14 1 104 24.7766
14 2 398 97.1231
14 3 1055 287.8929
14 4 6 0.9380
14 5 292 66.6909
14 6 66 16.5230
14 7 2 0.3707
14 8 3 0.4697
14 9 27 4.9222
14 10 77 17.2638
14 11 480 125.8120
14 12 25 4.4247
14 13 52 10.4025
14 14 305 68.6301
14 15 22 4.6426
14 16 1243 319.5154
14 17 314 69.7222
14 18 2258 602.5401
14 19 62 11.8336
14 20 41 8.5099
14 21 5 1.3331
14 22 10 3.5529
14 23 178 40.4802
14 24 45 8.9317
14 25 18 4.5018
14 26 1724 419.7053
14 27 852 205.2805
14 28 754 179.2203
14 29 51 12.0453
14 30 1625 434.0829
14 31 2018 536.1106
14 32 23 6.2688
14 33 13 2.7127
14 34 8 1.6393
14 35 178 34.5544
14 36 105 20.0747
14 37 1368 354.5660
14 38 4 0.8500
14 39 4 0.8540
14 40 26 5.7857
14 41 139 27.9621
14 42 82 16.8565
14 43 1710 465.2650
14 44 12 2.5326
14 45 317 75.1911
14 46 7 1.3023
14 47 51 10.5199
14 48 1149 275.8800
14 49 79 15.9150
14 50 19 3.7150
14 51 797 207.0948
14 52 27 6.1416
14 53 18 3.8941
14 54 415 85.7785
14 55 3 0.6641
14 56 38 8.9688
14 57 1693 377.2781
14 58 147 35.1339
14 59 114 25.1523
14 60 9 1.6643
14 61 61 13.2808
14 62 130 23.9648
14 63 28 7.0149
14 64 362 73.4809
14 65 11 2.2420
14 66 5 1.1372
14 67 1329 328.5961
14 69 24 4.2850
14 70 35 8.1026
14 71 98 20.2143
14 72 2 0.4828
14 73 209 48.8036
14 74 255 60.6944
14 75 76 15.4903
14 76 234 51.8799
14 77 673 159.0433
14 78 35 7.2998
14 79 68 11.4240
14 80 76 17.3341
14 81 28 6.0379
14 82 12 2.4021
14 83 7 1.4311
14 84 2970 781.0131
14 85 41 11.8577
14 86 6 1.1122
14 87 44 9.3224
14 88 73 18.0280
14 89 15 3.2348
14 90 203 51.9880
14 91 85 16.4005
14 92 223 54.3168
14 93 460 131.5932
14 94 7 1.4848
14 96 629 184.6557
14 97 9 1.9186
14 98 682 159.1597
14 99 571 124.1922
14 100 20 5.8005
14 102 6 1.3126
14 103 316 79.5587
14 104 1173 251.2856
14 105 1 0.2060
14 106 44 9.3771
14 107 65 13.5696
14 108 24 5.0722
14 109 374 85.3755
14 110 42 9.5228
14 112 72 14.7909
14 113 2 0.4205
14 114 38 13.7333
14 116 9 2.0485
14 117 19 3.7096
14 118 266 54.7029
14 119 34 6.4525
14 120 13 2.8271
14 121 4 0.8225
14 122 327 77.7784
14 123 33 6.5111
14 124 126 27.5135
14 125 12 2.2324
14 126 53 11.5424
14 127 18 4.1968
14 128 162 36.6185
14 129 192 42.7184
14 130 8 1.6304
14 131 358 78.3326
14 132 13 3.1391
14 133 21 3.8619
14 134 42 8.9667
14 135 5636 1333.2044
14 136 25 4.9730
14 137 110 23.3048
14 138 12 2.7090
14 139 382 85.1165
14 140 32 5.1590
14 141 9 2.0188
14 142 52 12.2334
14 144 47 8.8688
14 145 667 169.0291
14 146 1128 247.7165
14 147 12 2.7563
14 148 10 1.8201
14 149 64 14.2178
14 151 179 39.6901
14 153 5 1.2285
14 154 4 0.8131
14 155 46 10.1273
14 157 476 100.5713
14 158 243 52.1307
14 159 1231 269.3719
14 160 7 1.5897
14 161 99 21.4361
14 162 657 157.2311
14 163 40 8.4848
14 164 1 0.2455
14 165 485 107.8808
14 166 18 3.4474
14 167 31 7.5821
14 168 22 5.3027
14 169 17 5.5718
14 170 1368 363.2465
14 171 640 207.9126
14 172 389 97.7699
14 173 729 174.3772
14 174 33 7.4075
14 175 25 5.3250
14 176 10 2.1417
14 177 5 0.9793
14 178 1 0.1584
14 179 857 222.1790
14 180 7 1.4251
14 181 6 1.2713
14 182 6 1.3953
14 183 82 19.1690
14 185 17 3.0976
14 186 21 3.7478
14 187 13 2.3739
14 189 2076 508.3052
14 190 153 34.1589
14 191 22 4.0569
14 192 200 46.1982
14 193 267 57.4975
14 194 41 8.7912
14 195 211 47.3196
14 196 42 7.9659
14 197 711 167.3766
14 198 2 0.3832
14 199 66 13.2663
14 200 49 9.9394
14 201 966 234.5725
14 202 26 7.3364
14 203 21 4.4184
14 204 1204 303.1483
14 205 21 4.0513
14 206 77 16.2728
14 207 72 13.4471
14 208 1 0.1851
14 209 678 159.6547
14 210 437 93.0815
14 211 10 2.0436
14 212 4358 1441.2144
14 213 2267 577.8924
14 214 42 9.5826
14 215 32 7.0796
14 216 1886 433.9096
14 217 660 155.7871
14 218 50 10.3608
14 219 14 2.8289
14 221 208 47.4182
14 222 24 5.0569
14 223 332 82.3464
14 224 60 11.9405
14 225 218 42.4577
14 226 4176 942.0397
14 227 221 44.6244
14 228 985 305.0023
14 229 21 4.6020
14 230 99 20.8981
14 231 94 20.5167
14 232 981 253.7670
14 233 40 8.3959
14 234 275 62.0698
14 235 46 10.3548
14 236 61 10.4223
14 237 177 43.1094
14 238 390 84.9257
14 239 417 96.4311
14 240 73 17.3075
14 241 51 11.8709
14 242 817 249.3789
14 243 448 110.3898
14 244 219 48.2185
14 245 476 118.2526
14 246 3 0.5595
14 247 6 1.4195
14 248 502 116.8225
14 249 46 8.7672
14 250 22 6.6385
14 251 211 46.3300
14 252 1278 299.8575
14 253 5 0.6755
14 254 2245 499.7447
14 255 2795 763.1214
14 256 1049 232.4391
14 257 17 3.5950
14 258 11 3.2880
14 259 17 3.5930
14 261 100 19.7646
14 262 81 18.7528
14 263 917 255.7422
14 264 7 1.4867
14 265 1020 260.5493
14 267 37 7.3170
14 268 11 2.3308
14 270 12 2.6439
14 271 6 1.1810
14 272 2 0.5044
14 273 92 22.4631
14 274 4 0.5357
14 275 7 1.6059
14 276 1 0.1976
14 277 286 66.2407
14 278 151 30.9063
14 279 41 10.3786
14 280 34 7.7342
14 281 13 2.4814
14 282 1 0.1722
14 283 124 29.2686
14 284 88 17.8717
14 285 9 1.8025
14 286 150 30.6086
14 287 1318 359.1686
14 288 275 51.8600
14 289 63 16.1132
14 290 10 1.7592
14 291 63 13.9400
14 292 11 2.6922
14 293 1 0.2525
14 294 289 62.4535
14 295 30 7.4907
14 296 24 4.5660
14 297 26 5.1238
14 298 25 5.1948
14 299 496 110.8764
14 300 39 7.1103
14 301 125 28.5813
14 302 6 1.2051
14 303 1518 372.5664
14 304 451 93.5435
14 305 40 8.4157
14 306 341 79.6803
14 307 1921 474.6304
14 308 232 50.2926
14 309 586 153.0907
14 310 243 57.5431
14 312 7 1.1683
14 313 23 5.0782
14 314 26 6.0849
14 315 374 98.7278
14 316 1036 385.4200
14 317 51 10.9459
14 318 1707 484.3099
14 319 2 0.4304
14 320 9 1.7278
14 321 3459 970.6835
14 322 8 1.8172
14 323 1571 417.9280
14 324 368 89.6713
14 325 508 115.3100
14 326 7 1.3406
14 327 406 96.5982
14 329 29 6.4306
14 330 1539 356.8818
14 331 76 22.1923
14 332 1247 292.5223
14 333 191 45.1582
14 334 29 5.5702
14 335 111 21.9233
14 336 11 2.1655
14 337 20 4.5071
14 339 35 7.0094
14 340 4 0.8566
14 341 13 2.7806
14 342 584 131.4319
14 343 645 157.2268
14 344 219 49.8739
14 345 1337 351.1389
14 346 2841 810.3338
14 347 1274 382.0518
14 348 1 0.1996
14 349 443 107.7981
14 350 6 1.6890
14 351 161 31.1142
14 352 100 23.5993
14 353 73 21.0654
14 354 213 61.7929
14 355 18 5.7773
14 356 9 1.7131
14 357 468 118.2536
14 358 190 43.3670
14 359 276 53.5497
14 360 8 1.5855
14 361 8 1.7540
14 363 37 6.8284
14 364 43 10.6173
14 365 59 13.5214
14 366 15 3.9787
14 367 20 4.6849
14 368 2333 497.4414
14 369 7 1.1588
14 370 84 17.9666
14 371 104 40.0047
14 372 38 6.9319
14 373 570 184.5252
14 374 23 4.5249
14 375 1455 336.8938
14 376 464 114.4907
14 377 45 10.8787
14 378 993 254.0155
14 379 8 2.0934
14 380 175 42.0270
14 381 41 9.5329
14 383 322 73.9907
15 0 3490 936.8158
15 1 263 65.9918
15 2 223 46.4337
15 3 336 61.3976
15 4 14 2.6125
15 5 37 6.8636
15 6 215 41.0069
15 7 29 6.3721
15 8 2584 525.0794
15 9 17 4.9336
15 10 87 17.1213
15 11 75 13.5053
15 12 54 8.3589
15 13 198 38.1299
15 14 897 310.6216
15 15 309 69.2977
15 16 475 171.3234
15 17 30 7.7392
15 18 9 2.6027
15 19 44 12.5103
15 20 182 48.5400
15 21 28 8.8071
15 22 2373 643.6850
15 23 184 45.3588
15 25 88 19.1712
15 26 2489 562.7901
15 27 21 3.2811
15 28 963 194.2747
15 29 9 1.8202
15 31 1 0.1169
15 32 23 4.7408
15 33 67 18.9083
15 34 1 0.0448
15 35 435 121.1575
15 36 217 35.4859
15 37 391 77.0833
15 38 222 50.2408
15 39 243 73.5409
15 40 13 3.1878
15 42 277 64.8823
15 43 29 5.0522
15 44 88 19.0929
15 45 49 17.5930
15 46 39 7.7076
15 47 280 66.6611
15 48 2 0.4220
15 49 562 118.2430
15 50 1224 429.7179
15 51 110 19.7970
15 52 185 50.4610
15 53 7 0.9702
15 54 93 24.7253
15 55 6 0.7158
15 56 4 0.9147
15 57 324 116.9469
15 58 794 292.0624
15 59 65 12.2921
15 60 68 16.1384
15 61 20 3.2607
15 62 1947 716.4230
15 63 23 3.8252
15 64 39 6.8108
15 65 119 45.8360
15 67 3 0.3100
15 68 186 40.0318
15 69 5627 1560.4272
15 70 177 35.2761
15 71 2 0.3076
15 72 9 1.3819
15 73 21 3.0781
15 74 759 157.3175
15 75 316 84.5863
15 76 644 171.4259
15 77 46 10.7598
15 78 70 14.0169
15 79 52 12.7412
15 80 85 14.4047
15 81 22 3.7252
15 82 327 61.5884
15 83 2134 443.6297
15 85 95 20.2612
15 86 142 48.0628
15 87 1727 525.9603
15 88 110 25.2024
15 89 10 1.9400
15 90 4 0.8050
15 91 396 82.5082
15 92 287 56.1113
15 93 459 104.1275
15 94 15 2.3578
15 95 337 68.2022
15 96 59 13.7320
15 97 1048 215.2140
15 98 54 12.4652
15 99 2716 1003.2829
15 100 25 7.1876
15 101 103 22.3580
15 102 129 25.6382
15 103 661 168.6108
15 104 1004 280.9273
15 105 3 0.3114
15 106 21 6.6998
15 107 6 1.0743
15 108 40 8.6865
15 109 73 14.9893
15 110 70 12.7634
15 111 446 118.6881
15 112 839 195.6987
15 113 31 5.6749
15 114 146 41.1495
15 115 57 11.6582
15 116 2 0.2381
15 118 114 28.8304
15 119 400 101.6577
15 120 108 21.9775
15 121 1005 216.1636
15 122 62 15.2029
15 123 170 32.1078
15 124 24 4.1169
15 125 395 136.3010
15 126 596 150.3205
15 128 12 2.2408
15 129 163 40.5054
15 130 1240 410.3065
15 131 37 12.6350
15 132 113 26.3120
15 133 2962 776.8110
15 134 13 1.9550
15 135 787 162.2881
15 136 618 149.9500
15 137 402 95.7799
15 138 4 0.9757
15 139 30 11.1041
15 140 164 36.8871
15 141 1399 359.6508
15 142 34 5.8739
15 143 29 5.8562
15 144 535 139.1719
15 145 301 58.5954
15 146 1535 439.8187
15 147 390 86.9831
15 148 258 56.9653
15 149 226 40.3575
15 150 37 7.6721
15 151 264 52.2089
15 152 52 12.3972
15 153 189 36.2624
15 154 62 17.9724
15 155 296 51.6534
15 156 74 14.7815
15 157 411 91.0273
15 158 581 212.2466
15 159 118 38.9566
15 160 21 4.2506
15 161 804 286.5392
15 162 946 231.3335
15 163 109 21.6614
15 164 7 0.8290
15 165 251 52.3874
15 166 90 18.6105
15 167 2810 856.2374
15 168 200 36.9001
15 169 629 161.8571
15 170 1233 296.7289
15 171 1099 284.4662
15 172 43 14.0689
15 173 5 0.9912
15 174 1707 425.3382
15 175 3 0.5780
15 176 113 25.1834
15 177 5729 1360.7959
15 178 442 99.5578
15 179 72 21.0544
15 180 19 3.8529
15 181 398 81.4675
15 182 226 46.1399
15 183 38 7.0452
15 184 616 127.9156
15 186 39 17.2814
15 187 1741 340.3114
15 188 34 7.8253
15 189 27 4.6500
15 190 270 57.5910
15 191 6 1.2767
15 192 158 26.7657
15 193 84 12.9672
15 194 23 4.4759
15 195 28 7.7504
15 196 335 69.8028
15 197 34 7.8297
15 198 12 1.8685
15 199 360 97.7048
15 200 658 123.0599
15 201 145 28.3945
15 202 622 121.6933
15 203 129 25.2327
15 204 29 5.0719
15 205 26 3.4224
15 206 85 19.2640
15 207 106 21.2337
15 208 189 38.7644
15 209 236 70.2660
15 210 474 97.0441
15 211 84 18.2347
15 212 695 144.7780
15 213 2582 513.8652
15 214 35 6.9176
15 215 25 5.0510
15 216 4 0.5594
15 217 17 3.7037
15 218 431 79.1017
15 219 250 48.6574
15 220 25 5.5327
15 221 148 36.9565
15 222 59 14.8054
15 223 923 207.8025
15 224 2 0.4987
15 225 6 0.9563
15 226 99 18.5569
15 227 65 14.0644
15 228 460 97.3467
15 229 143 29.7961
15 230 3 0.5940
15 231 38 7.3976
15 232 343 72.1490
15 233 216 41.9815
15 234 7 1.0024
15 235 284 55.6339
15 236 690 166.8960
15 237 76 12.6706
15 238 13 2.7148
15 239 25 4.7374
15 240 50 9.3870
15 241 15 2.1344
15 242 29 5.4974
15 243 6 0.9818
15 244 13 1.8101
15 245 35 8.8510
15 246 3 0.3792
15 247 25 4.1483
15 248 58 14.8514
15 249 78 28.2963
15 250 1340 315.8429
15 251 126 26.3401
15 252 34 6.1567
15 253 30 5.9184
15 254 65 13.7462
15 255 567 141.0125
15 256 24 4.1503
15 257 6 1.6277
15 258 403 126.2857
15 259 11 2.1544
15 260 58 9.1914
15 261 114 21.5494
15 262 11 1.7804
15 263 205 41.8329
15 264 39 7.4825
15 265 198 41.1264
15 266 137 34.4390
15 267 81 18.0965
15 268 1882 382.3173
15 269 1026 276.2702
15 270 35 8.0627
15 271 304 59.1528
15 272 394 76.7714
15 273 11 1.9403
15 274 40 11.6304
15 275 11 1.9062
15 276 19 3.6615
15 278 8 1.3762
15 279 1 0.2161
15 280 160 42.8261
15 281 480 149.6136
15 282 183 36.3891
15 283 238 82.1091
15 284 47 7.5744
15 285 21 4.1862
15 286 6 1.1511
15 287 123 24.9250
15 288 229 48.8287
15 289 11 3.9044
15 290 3 0.5440
15 291 1269 273.1477
15 292 55 13.7610
15 293 81 20.9498
15 294 5 2.7725
15 295 32 6.0487
15 296 188 31.6747
15 297 47 9.4986
15 298 90 29.2353
15 299 296 63.4928
15 300 22 3.4012
15 301 402 87.2226
15 302 22 4.4086
15 303 306 57.1158
15 304 87 18.9210
15 305 51 8.4740
15 306 16 3.0260
15 307 2445 606.4074
15 308 165 63.5846
15 309 136 38.0688
15 310 590 116.7082
15 311 30 5.3543
15 312 114 22.6404
15 313 16 4.2547
15 314 151 27.6437
15 315 61 12.8690
15 316 614 275.2562
15 317 101 22.3194
15 318 44 9.3819
15 319 639 175.2685
15 320 84 20.5262
15 321 413 157.6606
15 322 156 28.1767
15 323 30 5.0702
15 324 46 14.4820
15 325 280 53.0169
15 326 1097 300.0805
15 327 120 24.2423
15 328 286 71.4483
15 329 176 37.2437
15 330 81 19.2673
15 331 200 66.7563
15 332 100 16.9409
15 333 44 13.5964
15 334 158 30.1892
15 335 18 3.2536
15 336 36 8.2454
15 337 438 144.2282
15 338 36 8.1990
15 339 738 149.1014
15 340 2 0.2708
15 341 93 24.4120
15 342 6 0.9745
15 343 53 10.1704
15 344 29 3.9012
15 345 5 0.4332
15 346 363 62.3161
15 348 752 153.1878
15 349 86 21.0855
15 350 10 1.7046
15 351 102 19.3024
15 352 1803 379.6791
15 353 88 16.7982
15 354 15 2.8797
15 355 177 38.9658
15 356 4188 930.8963
15 357 444 92.4303
15 358 237 43.6716
15 359 752 152.5805
15 360 108 24.2603
15 361 1370 474.0371
15 362 220 42.3631
15 363 494 99.1986
15 364 72 14.7486
15 365 42 5.8151
15 366 86 15.9888
15 367 109 26.5503
15 368 23 5.8867
15 369 170 35.3382
15 370 150 32.6140
15 371 53 12.2117
15 372 304 125.7097
15 373 53 12.7570
15 374 16 5.8835
15 375 392 125.1665
15 376 6 1.5324
15 377 165 51.4584
15 378 309 81.7673
15 379 7 0.6824
15 380 88 17.5739
15 381 107 22.0633
15 382 37 7.1272
15 383 80 18.7917
16 0 13 2.1620
16 1 156 34.1458
16 2 55 11.6339
16 3 795 168.0222
16 4 77 17.4122
16 5 746 166.0826
16 6 116 28.3606
16 7 32 6.4368
16 8 245 55.4872
16 9 20 3.4438
16 10 500 123.4596
16 11 1231 332.2887
16 12 29 5.3625
16 15 48 9.5639
16 16 13 2.3414
16 17 23 4.4468
16 19 427 100.8677
16 20 1828 435.9584
16 21 82 15.1540
16 22 42 8.2689
16 23 332 78.5194
16 24 20 4.4967
16 25 46 10.3209
16 27 1002 247.5112
16 28 2088 543.8004
16 29 477 130.4566
16 30 2319 610.1185
16 32 218 43.8746
16 33 7 1.1772
16 34 26 6.3025
16 35 207 39.5925
16 36 24 4.8036
16 37 62 12.0392
16 38 224 51.6082
16 39 7 1.3740
16 40 71 14.9532
16 41 376 72.4813
16 42 28 6.2522
16 43 984 271.3110
16 44 3 0.5593
16 46 1778 446.4162
16 47 175 41.4662
16 48 207 47.3910
16 49 18 3.6250
16 51 16 4.0616
16 52 167 38.9410
16 53 1 0.1633
16 54 315 73.6169
16 55 327 86.6026
16 56 389 84.5945
16 58 221 42.7582
16 59 26 5.2385
16 60 124 25.0670
16 61 608 139.9814
16 62 229 55.5826
16 63 1 0.0200
16 64 21 4.6670
16 65 20 3.8915
16 66 1220 303.5920
16 67 3 0.6216
16 68 687 181.5458
16 70 2286 490.3459
16 71 360 108.4034
16 72 157 39.1645
16 73 72 15.1988
16 74 1762 429.4566
16 75 248 74.2974
16 77 117 24.2718
16 78 797 202.7352
16 79 35 6.8690
16 80 64 12.5977
16 81 1 0.2076
16 82 30 5.4687
16 83 14 2.4212
16 84 1607 466.6536
16 85 28 5.8691
16 86 250 48.7635
16 87 22 4.3854
16 88 75 15.9014
16 89 283 64.2584
16 91 2 0.3573
16 93 440 88.1027
16 94 283 53.0965
16 95 64 12.6308
16 96 259 68.7306
16 97 383 91.8976
16 98 141 32.7962
16 100 529 137.8476
16 102 640 160.7712
16 103 161 36.5936
16 104 16 3.0131
16 105 660 164.9892
16 106 334 75.3294
16 107 5 1.1788
16 108 45 11.6518
16 109 242 51.2994
16 110 13 2.5295
16 111 1892 462.6329
16 112 9 1.6231
16 113 3 0.5636
16 116 23 5.1964
16 117 279 63.8416
16 118 1 0.1908
16 119 3002 855.4352
16 120 50 13.4620
16 121 36 7.0198
16 122 1112 264.6409
16 123 9 2.0784
16 124 82 17.2680
16 125 634 140.7865
16 126 979 246.3972
16 127 6 1.5582
16 129 158 32.4808
16 130 1792 378.0772
16 131 1 0.2258
16 133 1319 308.7374
16 134 59 11.9224
16 136 353 81.1487
16 137 16 3.4402
16 138 15 2.5955
16 139 3 0.6523
16 140 5 0.7760
16 141 2 0.3317
16 142 4417 1179.0355
16 143 12 1.8720
16 146 62 12.6184
16 147 181 38.0790
16 148 28 5.3190
16 149 62 15.1550
16 150 334 74.6110
16 151 2 0.3786
16 152 720 185.9471
16 153 4 0.6488
16 154 54 13.2101
16 155 344 86.2873
16 156 313 72.1956
16 157 1578 387.0667
16 158 1 0.1709
16 159 5 0.9295
16 160 19 4.0279
16 161 11 2.0902
16 162 243 57.2556
16 163 85 21.3577
16 164 25 4.9751
16 166 2786 759.6897
16 167 9 1.6616
16 169 68 12.8448
16 170 72 16.3523
16 171 385 107.4058
16 172 1628 377.5987
16 173 85 17.2690
16 174 34 7.7036
16 176 60 11.5319
16 177 981 238.5695
16 178 1462 353.9996
16 179 2343 550.4948
16 180 4 0.8889
16 183 58 11.0105
16 184 1822 501.1696
16 185 33 7.4926
16 187 30 7.0534
16 188 42 8.1756
16 189 93 28.3950
16 190 283 63.8143
16 191 23 3.9713
16 192 1479 362.5449
16 193 22 4.3177
16 195 4 0.7147
16 196 7 1.2213
16 197 779 209.6785
16 198 91 20.4671
16 199 3 0.5644
16 200 67 14.2897
16 201 22 4.6969
16 202 3 0.5101
16 203 352 82.1363
16 204 581 123.9443
16 205 14 2.3721
16 206 557 122.7214
16 207 23 4.8266
16 208 13 2.3681
16 209 121 23.9422
16 210 56 14.6049
16 211 4 0.8083
16 212 768 156.6046
16 213 26 5.0118
16 214 40 9.4590
16 215 11 2.1082
16 216 266 64.4949
16 217 315 66.1035
16 218 33 7.3666
16 219 74 20.9325
16 220 36 8.2658
16 221 3 0.6148
16 223 12912 3636.8452
16 225 5 1.0731
16 226 471 106.2827
16 228 754 175.5778
16 229 57 11.4006
16 230 77 16.1749
16 231 2364 563.7638
16 232 157 33.9144
16 233 139 26.8166
16 234 2 0.4132
16 236 2 0.4489
16 237 1049 241.3991
16 238 12 2.6922
16 239 20 6.7212
16 240 19 4.2632
16 241 41 7.1355
16 242 1688 443.6954
16 243 832 210.0696
16 244 8 1.2691
16 245 126 33.8268
16 246 95 19.2256
16 247 2 0.4725
16 248 61 15.7393
16 250 81 17.2388
16 251 32 6.0623
16 252 34 8.3850
16 253 4 0.6887
16 255 14 3.3045
16 256 546 122.4647
16 257 84 16.0990
16 258 209 49.5710
16 259 1 0.1973
16 261 20 3.5735
16 262 270 67.8133
16 263 6804 1918.5865
16 264 336 82.9180
16 265 91 20.1737
16 266 1 0.2104
16 267 50 13.1349
16 268 343 97.8480
16 269 154 35.3666
16 270 5 1.1299
16 271 48 11.2847
16 272 23 5.3048
16 273 10 1.7938
16 274 1 0.1694
16 275 351 87.0744
16 276 29 6.5210
16 277 33 5.9386
16 278 112 26.3971
16 279 155 33.8899
16 280 1987 451.7717
16 281 112 23.5599
16 282 890 190.5185
16 283 4 1.0293
16 284 14 2.6937
16 286 113 26.4495
16 287 17 3.0356
16 288 285 63.0432
16 289 25 4.3126
16 290 5 0.8459
16 291 362 79.5460
16 293 17 4.7142
16 294 44 10.3885
16 295 8 1.4827
16 296 35 8.6035
16 297 60 13.2853
16 299 35 10.9668
16 300 13 2.5546
16 301 6 1.0852
16 302 76 16.3523
16 304 101 19.6825
16 305 136 27.5551
16 306 18 4.4574
16 307 169 33.8493
16 308 17 3.7448
16 309 3551 876.4200
16 310 8 1.4795
16 311 281 69.2347
16 312 38 7.8703
16 314 13 2.7631
16 316 26 5.4214
16 317 3 0.5941
16 318 525 123.8687
16 320 17 3.3485
16 321 194 40.3047
16 323 51 11.9600
16 324 3 0.5548
16 325 47 9.6871
16 327 6 1.1592
16 328 915 240.3352
16 329 376 95.2482
16 330 85 17.6292
16 331 22 4.7247
16 332 634 197.5861
16 333 297 68.4446
16 334 46 10.6199
16 335 965 296.4536
16 336 2987 722.7394
16 337 1415 336.4908
16 339 37 7.7973
16 340 76 16.8335
16 343 51 11.7603
16 344 6 1.0610
16 345 9 1.5795
16 346 195 39.2601
16 347 35 5.9897
16 348 5 0.9299
16 349 44 8.6118
16 350 947 240.0247
16 352 211 50.8107
16 353 358 72.7334
16 354 3 0.5956
16 355 127 29.2252
16 356 46 10.0913
16 357 47 9.8651
16 359 309 64.8516
16 360 57 10.5325
16 361 476 116.6638
16 362 251 54.2098
16 363 23 4.4289
16 364 40 8.6887
16 365 3 0.9173
16 366 85 16.3565
16 367 5 1.0036
16 368 47 11.2530
16 369 12 2.0958
16 370 856 205.0688
16 371 3229 820.2687
16 373 65 13.7390
16 374 7 1.3112
16 375 4 0.5839
16 377 34 6.4873
16 378 22 4.6117
16 379 31 6.5790
16 380 10 1.9042
16 381 16 3.2833
16 382 17 3.7649
16 383 2 0.4486
17 0 265 52.9110
17 1 3 0.5492
17 2 1650 421.5616
17 3 76 18.1201
17 4 129 29.1340
17 5 85 18.3627
17 6 1089 329.0184
17 8 9 1.7110
17 9 105 20.4595
17 10 229 42.7616
17 11 66 13.3756
17 12 25 6.4590
17 13 6 1.0869
17 14 2352 702.2109
17 15 89 17.3970
17 16 532 146.9900
17 17 633 125.6136
17 18 93 18.1344
17 19 278 66.0356
17 20 387 89.5606
17 21 34 7.1831
17 22 364 72.8244
17 23 390 82.2207
17 24 1748 368.9538
17 25 1806 434.7548
17 26 24 6.7073
17 27 182 61.2040
17 28 7 1.4352
17 30 110 24.7377
17 31 55 10.4098
17 32 807 191.0849
17 33 4 0.7881
17 34 44 8.2441
17 35 11 2.1805
17 36 3496 903.8913
17 37 242 63.9369
17 38 391 89.9713
17 39 5 0.9538
17 40 46 10.4965
17 41 12 3.8329
17 42 1997 463.4245
17 43 474 104.2798
17 44 6 1.2637
17 45 1 0.1850
17 46 21 4.3842
17 47 186 39.3662
17 48 8 1.7833
17 49 77 14.3978
17 50 22 4.1471
17 51 108 23.1888
17 52 4 0.7359
17 53 39 8.8026
17 54 1049 272.0180
17 55 31 5.6113
17 56 14 3.6357
17 57 1550 381.9416
17 58 203 48.4446
17 59 341 84.8717
17 61 17 4.1335
17 62 29 6.1022
17 63 117 22.6061
17 64 211 47.9673
17 65 58 12.6708
17 66 74 14.3073
17 67 2972 860.8580
17 68 134 27.5134
17 69 93 18.6361
17 70 224 48.2928
17 71 922 216.1562
17 72 41 8.1357
17 73 252 67.8835
17 74 37 7.3923
17 75 7 1.4062
17 76 55 11.4160
17 77 15 3.1351
17 78 179 34.2792
17 79 27 5.0933
17 80 8 1.6089
17 81 7 1.6376
17 82 317 65.6170
17 83 795 244.3733
17 84 26 4.7593
17 85 27 5.2688
17 86 2 0.3820
17 87 81 17.4247
17 88 257 51.9356
17 89 2 0.4659
17 90 1168 292.5569
17 91 35 7.3470
17 92 1 0.1538
17 93 340 78.8104
17 94 60 11.9079
17 95 101 22.6138
17 96 16 2.7339
17 97 302 74.6213
17 98 14 2.8483
17 99 69 15.8796
17 100 1224 320.9753
17 101 483 116.3249
17 102 656 146.7509
17 103 52 9.3952
17 104 2 0.3455
17 105 71 14.5386
17 106 173 33.3853
17 107 241 50.2251
17 108 4 0.7396
17 109 69 13.3071
17 110 38 7.8347
17 111 441 97.5230
17 112 15 3.0027
17 113 129 25.6312
17 114 28 8.6340
17 115 374 90.0396
17 116 60 14.7177
17 117 36 7.5842
17 118 656 154.7676
17 119 94 19.0837
17 120 789 200.4415
17 121 169 38.6796
17 123 1 0.1817
17 124 2781 1147.5834
17 126 466 111.7723
17 127 2 0.4060
17 128 27 5.6229
17 129 15 3.3312
17 130 36 8.1688
17 131 3 0.6470
17 132 17 3.2267
17 133 2749 669.5535
17 134 534 107.4176
17 135 1408 393.1080
17 136 40 8.4993
17 137 57 12.4632
17 138 78 15.0323
17 139 5 1.0387
17 140 101 22.1075
17 141 10 1.8644
17 142 763 193.8576
17 143 130 27.6349
17 144 4 0.8205
17 145 35 7.2908
17 146 328 70.7173
17 148 170 40.2253
17 149 1604 435.0388
17 150 144 40.2428
17 151 234 49.0978
17 152 54 10.6234
17 153 227 50.7637
17 154 83 15.5994
17 155 4 0.8153
17 156 166 37.5985
17 157 644 168.7227
17 158 71 14.8943
17 159 776 192.9808
17 160 45 10.5921
17 161 260 58.9771
17 162 20 3.8006
17 163 3767 1022.7354
17 164 1 0.2242
17 165 36 8.9170
17 166 30 6.1506
17 167 63 18.1105
17 168 4076 1049.7680
17 169 113 28.7522
17 170 5 1.0809
17 171 573 161.4818
17 172 244 49.4012
17 173 13 2.5788
17 174 1202 314.8549
17 175 591 157.9767
17 176 9 1.8604
17 177 139 27.3603
17 178 67 12.0425
17 179 516 124.4482
17 180 44 9.9897
17 181 69 13.0981
17 182 29 7.0209
17 183 11 2.1222
17 184 2480 570.8202
17 185 111 21.4058
17 186 2 0.3840
17 187 15 3.1450
17 188 149 27.8391
17 189 224 43.8230
17 191 37 7.8104
17 192 4 0.6886
17 193 75 16.1263
17 194 5 0.8959
17 195 357 83.9780
17 196 31 6.6770
17 197 2046 548.6360
17 198 2 0.3684
17 199 19 4.4714
17 200 44 8.0533
17 201 90 20.0468
17 202 36 9.3671
17 203 97 20.9588
17 204 56 12.7839
17 205 43 11.2850
17 206 14 2.6287
17 207 17 3.2067
17 208 47 10.0178
17 209 3 0.6811
17 210 575 117.0137
17 212 112 21.2731
17 213 859 231.1594
17 214 33 8.1459
17 215 4 0.8862
17 216 186 40.8921
17 217 193 47.9821
17 218 19 3.6242
17 220 983 268.9054
17 221 88 17.1550
17 222 225 49.8647
17 223 42 8.8253
17 224 137 29.5924
17 225 100 20.5372
17 226 95 21.1973
17 227 10 2.3774
17 229 8 1.4410
17 230 11 2.1557
17 231 62 12.4607
17 232 22 4.9388
17 233 142 40.5317
17 234 40 7.8330
17 235 56 14.2177
17 236 171 36.0443
17 237 60 12.3161
17 238 7 1.4205
17 239 214 48.3753
17 240 370 81.8016
17 241 180 46.5798
17 242 33 7.5612
17 243 645 142.2093
17 244 20 4.4734
17 245 1829 463.6847
17 246 374 77.1193
17 247 97 19.2756
17 248 1278 334.2151
17 249 22 4.7211
17 250 4373 1243.3202
17 251 503 115.2225
17 252 1 0.2158
17 253 1241 315.1877
17 254 79 16.7318
17 255 317 71.5195
17 257 57 11.1654
17 258 1 0.1729
17 259 19 4.0134
17 260 74 15.3883
17 261 1 0.1863
17 262 2028 527.5159
17 263 4 0.7215
17 264 524 156.3807
17 265 53 10.2404
17 266 238 76.4207
17 267 251 53.8232
17 268 682 138.8237
17 270 41 8.4504
17 271 3 0.6756
17 272 764 180.9780
17 273 362 76.1123
17 274 41 8.1679
17 275 240 53.2469
17 276 119 31.7057
17 277 26 5.6618
17 278 992 252.9350
17 279 1818 468.4168
17 280 8 1.6200
17 281 86 20.0241
17 282 20 3.9086
17 283 493 111.2551
17 284 127 28.4674
17 285 400 91.3810
17 286 239 61.1953
17 287 149 33.6741
17 288 121 23.0644
17 289 36 7.4092
17 290 24 5.2790
17 291 92 17.9616
17 292 116 22.6305
17 293 88 16.8225
17 294 25 5.5642
17 295 206 44.4024
17 296 23 5.1526
17 297 206 46.0950
17 298 456 123.2325
17 299 125 46.4124
17 300 411 94.3264
17 301 60 11.2899
17 302 13 2.7899
17 303 25 4.9288
17 304 2 0.3768
17 305 3121 769.7064
17 306 582 132.8156
17 307 53 10.1107
17 308 290 72.8539
17 309 664 146.4502
17 310 40 7.1502
17 311 406 97.0824
17 312 439 113.0284
17 313 48 9.4456
17 314 9 1.8541
17 315 7 1.3740
17 316 24 5.1813
17 317 91 16.9801
17 318 215 54.6962
17 319 128 25.6461
17 321 218 46.1898
17 322 46 9.9400
17 323 2216 494.6789
17 324 538 119.2717
17 325 93 18.1646
17 327 330 64.7708
17 328 13 2.5255
17 329 77 19.2738
17 330 78 15.7318
17 331 2 0.3735
17 332 353 77.1781
17 333 24 5.5710
17 334 70 11.9680
17 335 825 210.8344
17 336 581 139.5118
17 337 483 94.3046
17 338 62 14.3678
17 339 4 0.9398
17 340 1 0.1928
17 341 278 60.5750
17 342 117 22.3162
17 343 80 15.5968
17 344 62 11.6651
17 345 4 0.6236
17 346 2435 567.3652
17 347 54 11.1239
17 348 12 2.4756
17 349 49 9.1386
17 350 98 20.0291
17 351 3805 960.5370
17 352 29 6.8694
17 353 260 59.9819
17 355 413 89.2756
17 356 137 27.3440
17 357 99 18.8865
17 358 6 1.1829
17 359 14 2.5040
17 360 5748 1450.2697
17 361 856 205.7459
17 362 16 2.9722
17 363 9 1.7204
17 364 15 2.6010
17 365 3 0.5326
17 366 18 3.7319
17 367 25 5.2922
17 368 3 0.5968
17 369 1111 289.5927
17 370 42 7.6436
17 371 244 52.1487
17 372 120 22.7180
17 373 446 100.2796
17 374 1 0.1902
17 375 253 51.1940
17 376 14 3.0755
17 377 45 10.9208
17 378 117 34.8618
17 379 92 17.5175
17 380 35 6.5665
17 381 46 9.2333
17 382 182 34.5088
17 383 145 32.4874
18 0 5 1.2835
18 1 64 12.2751
18 2 29 5.3015
18 3 3 0.7305
18 5 8 1.5251
18 7 5 1.2787
18 8 1 0.1411
18 9 89 20.8117
18 10 252 62.2801
18 11 1716 432.0383
18 12 50 13.5507
18 13 839 202.5530
18 14 30 6.9386
18 15 298 59.6830
18 16 9 1.7162
18 17 48 9.4783
18 18 97 19.9202
18 19 262 66.2571
18 20 12 2.9015
18 21 533 124.4936
18 22 107 26.0926
18 23 35 8.0266
18 24 436 109.8449
18 25 1752 498.2273
18 26 22 4.2950
18 27 7 1.4302
18 28 78 14.8104
18 29 53 10.6190
18 30 395 91.3992
18 31 4 0.7397
18 32 73 17.3551
18 33 506 103.5351
18 34 1845 490.4370
18 35 27 5.1274
18 36 1505 426.9948
18 37 111 21.5438
18 38 3449 1014.7993
18 39 3 0.6140
18 40 17 3.7622
18 41 26 5.0213
18 42 4 0.8571
18 43 921 236.2793
18 44 152 30.9319
18 45 2197 587.8484
18 46 70 17.4027
18 47 765 191.2034
18 48 74 15.2470
18 50 19 3.9763
18 51 43 11.1434
18 52 1309 313.7252
18 53 626 123.5796
18 54 52 10.6058
18 55 61 12.2721
18 56 71 15.1822
18 57 17 3.1762
18 58 40 7.2903
18 60 8 1.8671
18 61 29 6.6086
18 62 30 6.1493
18 63 21 4.2874
18 64 81 18.0952
18 65 1753 439.3723
18 66 55 12.0453
18 68 2 0.4658
18 69 44 10.2115
18 70 565 118.6655
18 71 490 109.2840
18 72 638 142.8514
18 73 76 14.7612
18 74 95 22.0273
18 75 94 22.8136
18 76 1 0.1768
18 77 410 104.7599
18 78 4 0.8870
18 79 23 8.0576
18 80 14 2.7498
18 81 7 1.3441
18 82 4 1.2808
18 83 328 74.3293
18 84 190 41.4531
18 85 25 4.8847
18 86 158 36.1220
18 87 58 12.2212
18 88 175 40.7358
18 89 44 8.5745
18 90 43 8.5399
18 91 1254 248.7964
18 92 91 23.6618
18 93 9 1.9191
18 94 36 7.8192
18 95 106 23.2202
18 96 190 42.0604
18 97 4025 1143.5664
18 98 46 9.0063
18 99 27 6.9017
18 100 12 2.5137
18 101 64 13.5633
18 102 18 3.3906
18 103 40 7.8965
18 104 792 210.6030
18 105 28 5.5928
18 106 4849 1153.7118
18 107 22 4.5365
18 108 29 5.8050
18 109 23 4.4887
18 110 31 8.9017
18 111 23 4.3767
18 112 68 14.1007
18 113 85 18.3822
18 114 1097 270.0942
18 115 76 15.6080
18 116 191 38.8194
18 117 1 0.1863
18 118 12 2.6240
18 119 1218 296.4332
18 120 2 0.3764
18 121 11 2.6255
18 122 260 62.1789
18 123 434 95.2550
18 124 2 0.3420
18 125 89 19.7773
18 126 15 2.6088
18 127 58 15.0249
18 128 20 4.0715
18 129 10 2.0016
18 130 10 2.0826
18 131 12 2.3028
18 132 113 26.7546
18 133 4527 1099.1010
18 134 55 11.0358
18 135 44 8.3231
18 138 36 7.2194
18 139 42 8.0487
18 140 922 209.0241
18 141 26 5.3310
18 143 93 21.3984
18 144 4436 1152.6163
18 145 95 22.0851
18 146 7 1.1217
18 147 516 127.6497
18 148 45 9.0224
18 149 4 0.7983
18 150 71 13.5279
18 151 1036 337.6384
18 152 597 145.5315
18 153 176 43.0672
18 154 928 232.8980
18 155 2 0.3238
18 156 24 6.2479
18 157 8 1.5795
18 158 476 109.6097
18 159 1751 504.0836
18 160 13 2.6343
18 162 142 48.9919
18 163 11 2.1218
18 164 44 9.1068
18 165 18 3.6994
18 166 1196 295.6961
18 167 675 134.0756
18 168 1 0.1936
18 169 2551 608.2419
18 170 30 7.4690
18 171 312 71.1106
18 172 3 0.5230
18 173 3547 1012.7991
18 174 8 1.5466
18 175 366 85.4486
18 176 25 8.2314
18 177 23 4.9545
18 178 37 7.1798
18 179 332 88.7215
18 180 866 208.7815
18 181 170 43.1378
18 182 1 0.2545
18 183 179 40.2609
18 184 139 29.8814
18 185 60 11.5538
18 186 19 3.5952
18 187 188 46.0212
18 188 33 6.4957
18 189 41 7.8052
18 190 1004 278.1990
18 191 40 7.7941
18 192 17 3.5281
18 193 35 7.4144
18 194 2124 442.8093
18 195 16 3.8523
18 196 55 12.6101
18 198 135 33.8741
18 199 43 9.6434
18 200 150 29.9822
18 201 744 189.2779
18 202 225 54.8279
18 203 3490 949.0223
18 204 185 45.0136
18 205 48 10.7513
18 206 239 52.7701
18 207 653 174.0841
18 208 17 4.0101
18 209 371 78.3924
18 210 1 0.2148
18 211 83 19.5854
18 212 5 1.1488
18 213 99 20.9861
18 214 1086 307.3318
18 215 2 0.4055
18 216 1197 328.0273
18 217 141 31.9821
18 218 186 46.7466
18 219 388 81.6010
18 220 75 14.8674
18 221 236 58.3011
18 222 31 7.0469
18 223 11 2.4294
18 224 57 11.8745
18 225 888 217.5790
18 226 134 28.0869
18 227 22 5.2710
18 228 1 0.2275
18 229 272 67.1065
18 231 20 4.1683
18 232 227 50.2698
18 233 2 0.4717
18 234 1623 442.1384
18 235 871 249.6000
18 236 42 13.1363
18 237 99 19.5001
18 238 135 28.2608
18 239 7 1.6221
18 240 156 31.4902
18 241 66 14.5621
18 242 67 14.7648
18 243 49 10.4464
18 244 3035 829.9141
18 245 3 0.8002
18 246 2 0.3964
18 248 16 3.2781
18 249 87 17.9118
18 250 138 27.5300
18 251 17 5.2294
18 252 71 14.3596
18 253 2 0.4053
18 254 1 0.1936
18 255 892 188.2463
18 256 7 1.4501
18 257 84 16.1017
18 258 157 32.6809
18 259 12 2.2848
18 260 37 8.3150
18 261 895 220.3066
18 262 45 8.3326
18 263 427 101.8376
18 264 8 1.8789
18 265 1850 413.8716
18 266 64 18.7586
18 267 200 55.3682
18 268 2020 545.3003
18 270 37 7.5855
18 271 4 0.7293
18 272 546 124.7029
18 273 5 0.9853
18 274 148 36.0593
18 275 230 56.3250
18 276 86 18.4340
18 277 39 9.7428
18 278 5 1.0341
18 279 2064 534.2791
18 280 9 2.3860
18 281 496 122.3371
18 282 65 11.8368
18 283 828 173.1913
18 284 2136 543.7547
18 285 172 33.1376
18 286 2664 700.0429
18 287 81 18.6916
18 288 11 2.4064
18 289 112 21.2473
18 290 410 101.4077
18 291 11 2.0436
18 292 71 17.1786
18 293 150 36.2055
18 294 2 0.3801
18 295 181 43.5085
18 296 4 0.8002
18 297 1 0.1929
18 298 172 34.3740
18 299 6 1.1590
18 300 509 118.9027
18 301 4 0.9575
18 302 264 55.8180
18 303 7 1.4140
18 304 1291 330.4790
18 305 102 20.3394
18 306 1 0.1857
18 307 4 0.7929
18 309 20 4.3478
18 310 104 23.4496
18 311 493 139.9336
18 312 33 6.3256
18 313 70 13.8719
18 314 80 15.1421
18 315 11 2.1392
18 316 1 0.1456
18 317 364 93.1568
18 318 14 3.5672
18 319 140 31.5886
18 320 2769 698.4471
18 321 305 66.7507
18 322 76 14.7579
18 323 481 115.1295
18 324 7 1.3739
18 325 84 15.8180
18 326 7 1.5101
18 327 1 0.1386
18 328 271 74.8201
18 329 2 0.4787
18 330 4 0.7706
18 331 2 0.3856
18 332 159 40.6070
18 333 32 6.2470
18 334 22 4.5643
18 335 960 224.7022
18 336 737 178.4823
18 337 41 8.7137
18 338 132 29.2121
18 339 15 4.1114
18 340 32 6.6192
18 341 1205 290.4686
18 342 1 0.1940
18 343 777 225.1952
18 344 23 4.7226
18 345 1 0.1578
18 346 279 64.0346
18 348 94 20.8008
18 349 1 0.2061
18 350 2 1.5126
18 351 4 0.7635
18 352 14 2.7027
18 353 1 0.1595
18 354 83 19.3808
18 355 246 55.3412
18 356 175 33.9478
18 357 12 2.5909
18 358 62 12.4259
18 359 106 24.1907
18 360 26 5.1048
18 361 220 53.7939
18 362 39 7.8556
18 363 9 1.7352
18 364 98 22.2724
18 365 26 5.1188
18 366 1379 345.2952
18 367 205 53.6927
18 368 865 201.9686
18 370 1274 280.2061
18 371 34 7.5370
18 372 11 2.0703
18 373 3 0.4943
18 374 60 11.2464
18 375 1253 259.7817
18 376 15 2.8099
18 377 7 1.0479
18 378 39 8.2795
18 379 1740 445.1672
18 381 9 1.8102
18 382 84 17.9068
18 383 22 4.3481
19 0 98 20.1725
19 1 16 2.1653
19 2 500 124.0347
19 3 109 19.2121
19 4 165 26.4354
19 5 270 48.0153
19 6 1156 305.8357
19 7 37 7.3247
19 8 269 74.2511
19 9 1124 236.9814
19 10 15 2.0245
19 11 976 248.0282
19 12 14 2.2648
19 13 150 22.8226
19 14 48 9.5758
19 15 1470 318.9912
19 16 16 3.2748
19 17 40 9.3850
19 18 15 2.3445
19 19 106 18.5152
19 20 2012 513.6906
19 21 64 14.6004
19 22 1007 303.0813
19 23 25 3.8558
19 24 28 4.5623
19 25 12 1.8372
19 26 11 1.7742
19 27 18 3.0136
19 28 963 194.2813
19 29 248 51.3340
19 30 212 46.7054
19 31 7 2.1750
19 32 462 89.0825
19 33 80 20.3000
19 34 356 84.9048
19 35 38 8.5610
19 36 28 4.5066
19 37 38 9.0811
19 38 1 0.1770
19 39 38 6.3667
19 40 76 15.2797
19 41 2 0.3048
19 42 126 27.8339
19 43 142 30.0172
19 44 653 208.1837
19 45 424 81.6592
19 46 625 181.2005
19 47 176 46.8556
19 48 770 185.9721
19 49 3576 952.2131
19 50 212 35.7860
19 51 108 20.2921
19 52 43 6.6482
19 53 30 7.6957
19 54 70 13.9142
19 55 20 3.3631
19 56 41 7.3567
19 57 1 0.1781
19 58 139 44.1835
19 59 722 175.0071
19 60 14 2.0946
19 61 470 94.8874
19 62 3494 1164.4627
19 63 1204 317.1826
19 64 107 20.7700
19 65 4 0.6964
19 66 242 38.6000
19 67 34 8.0910
19 68 1085 340.7133
19 69 36 7.7822
19 70 35 6.1561
19 71 135 26.1709
19 72 29 4.3476
19 73 225 67.0085
19 74 1530 340.4997
19 75 35 6.3225
19 76 72 12.5782
19 77 79 16.9313
19 78 44 7.5004
19 79 71 14.3160
19 80 472 90.6149
19 81 10 1.7152
19 82 54 8.7328
19 83 111 21.4706
19 84 100 20.1478
19 85 15 2.5780
19 86 152 22.7532
19 87 871 210.1078
19 88 281 83.2699
19 89 451 125.4719
19 90 46 7.8529
19 91 301 95.3382
19 92 818 204.6723
19 93 22 4.4570
19 94 448 98.4724
19 95 30 4.7682
19 96 31 4.6288
19 98 44 12.8311
19 99 97 20.9822
19 100 152 32.6493
19 101 331 82.8592
19 102 3387 828.0872
19 103 32 8.0633
19 104 223 57.3020
19 105 147 32.2353
19 106 777 169.6789
19 107 17 2.8511
19 108 28 4.6232
19 109 642 131.8988
19 110 289 59.9370
19 111 11 1.7332
19 112 1117 226.7201
19 113 34 8.3515
19 114 40 10.7034
19 115 4 0.5248
19 116 26 4.8981
19 117 635 164.5669
19 118 1293 269.6000
19 119 27 4.1231
19 120 32 8.8415
19 121 91 18.3283
19 122 168 38.0130
19 123 49 8.9451
19 124 44 14.0065
19 125 89 15.3392
19 126 817 193.6720
19 127 1136 278.3093
19 128 3084 667.4632
19 129 16 2.5714
19 130 26 4.8651
19 131 1830 471.5993
19 133 2470 655.3898
19 134 38 6.3753
19 135 23 6.8696
19 136 163 38.2551
19 137 91 19.1426
19 138 846 208.7350
19 139 33 5.0334
19 140 641 177.0504
19 141 18 2.5002
19 142 21 3.4502
19 143 423 91.2220
19 144 4 0.6716
19 145 45 8.5544
19 146 35 5.2914
19 147 112 20.4726
19 148 127 21.2129
19 149 19 3.0574
19 150 1256 278.4327
19 151 223 50.4426
19 152 1799 598.0349
19 153 40 6.2675
19 154 635 146.0591
19 155 20 4.1313
19 156 457 123.8075
19 157 420 79.6608
19 158 270 53.0587
19 159 3 0.5077
19 160 41 7.2675
19 161 5 1.1419
19 162 28 4.4960
19 163 10 2.5395
19 164 8 1.3177
19 165 125 23.5515
19 166 186 35.0121
19 167 34 8.9699
19 168 48 11.2737
19 169 126 27.5404
19 170 52 8.6334
19 171 985 252.4482
19 172 24 4.6178
19 173 5 0.7222
19 174 689 159.7605
19 175 60 10.4399
19 176 32 6.7663
19 177 57 8.4098
19 178 551 136.7618
19 179 282 64.6561
19 180 57 9.3195
19 181 26 4.3643
19 182 4 0.9165
19 183 59 10.7057
19 184 26 3.9775
19 185 11 1.6451
19 188 558 145.5226
19 189 55 11.4535
19 190 30 7.0284
19 191 17 2.6605
19 192 148 26.0094
19 193 18 3.0198
19 194 1 0.1262
19 195 1731 355.7656
19 196 68 11.6192
19 197 92 19.3608
19 198 7 1.1803
19 199 24 3.7261
19 200 580 121.4924
19 201 86 21.7097
19 202 15 2.2414
19 203 34 5.0925
19 204 85 18.9468
19 205 1 0.1436
19 206 4 0.6949
19 207 40 5.5672
19 208 126 20.3986
19 209 17 3.1365
19 210 47 12.0702
19 211 13 2.0074
19 212 428 90.6973
19 213 13 3.4535
19 214 184 41.8567
19 215 184 38.9974
19 216 223 45.5868
19 217 503 159.5638
19 218 91 24.9961
19 219 382 63.0933
19 220 1409 391.0077
19 221 2426 729.0570
19 222 87 15.3237
19 223 40 6.4615
19 224 13 2.0484
19 225 72 12.4591
19 226 85 13.0417
19 227 327 80.4118
19 228 62 16.5762
19 229 631 132.2781
19 230 19 2.9600
19 231 2 0.3244
19 232 11 3.6484
19 233 56 10.7364
19 234 793 168.3188
19 235 827 197.9405
19 236 63 10.1501
19 237 99 16.3918
19 238 45 6.1767
19 239 6 0.9325
19 240 8 1.2943
19 241 81 13.8211
19 242 9 1.4780
19 243 33 5.4748
19 244 145 24.4906
19 245 23 3.5531
19 246 219 35.6870
19 247 952 184.1577
19 248 204 51.6762
19 249 324 72.5620
19 250 1597 422.3967
19 251 80 14.9994
19 252 543 162.4638
19 253 185 34.3078
19 254 171 36.8346
19 255 1951 459.4977
19 256 3 0.4784
19 257 10 1.6024
19 258 13 2.0543
19 259 145 24.2506
19 260 1410 450.5487
19 261 4 0.7899
19 262 127 26.1312
19 263 23 3.3935
19 264 126 23.1486
19 265 351 81.8530
19 266 113 28.1667
19 267 11 2.7365
19 268 13 1.9514
19 269 361 63.7919
19 270 1399 384.7616
19 271 614 143.8429
19 272 35 6.6926
19 273 1732 390.1222
19 274 7 0.9391
19 275 149 34.3468
19 276 728 177.7038
19 277 78 11.3622
19 278 16 2.8064
19 279 173 47.4751
19 280 64 17.5517
19 281 310 106.5008
19 282 122 25.9028
19 283 143 44.2157
19 284 2 0.2279
19 285 6 0.8980
19 286 26 4.2732
19 287 27 4.2486
19 288 442 126.5063
19 289 865 523.8388
19 290 29 4.7266
19 291 402 85.9822
19 292 76 19.7080
19 293 569 122.8607
19 294 6 0.9095
19 295 494 115.2422
19 296 735 201.0075
19 297 103 19.9334
19 298 42 6.8056
19 299 1439 298.6477
19 300 2260 595.6555
19 301 3 0.4884
19 302 43 6.6257
19 303 77 17.7027
19 304 155 39.7756
19 305 4438 1477.9189
19 306 2847 781.2462
19 307 638 140.7762
19 308 13 3.6476
19 309 59 13.7130
19 310 1216 296.2473
19 311 116 21.3486
19 312 384 84.1908
19 313 26 4.5393
19 314 306 65.0649
19 315 220 34.6174
19 316 92 19.1313
19 317 10 1.3206
19 318 9 1.4926
19 319 863 197.4933
19 320 24 3.8075
19 321 6 0.8420
19 322 88 17.0426
19 323 11 1.7054
19 324 348 73.3102
19 325 36 5.6996
19 326 175 30.5271
19 327 243 48.6254
19 328 266 62.6974
19 329 50 8.9456
19 330 17 5.1361
19 331 41 7.1546
19 332 26 3.4616
19 333 620 158.2669
19 334 27 4.3568
19 335 15 3.2234
19 336 360 75.7615
19 337 54 14.5769
19 338 3 0.4463
19 339 314 74.0754
19 340 60 11.3052
19 341 195 51.9199
19 342 558 95.8545
19 343 12 2.0856
19 344 111 32.4539
19 345 10 1.7470
19 346 10 1.6176
19 347 5 0.9026
19 348 91 17.6803
19 349 253 58.7104
19 350 487 91.6379
19 351 68 13.4986
19 352 23 5.4267
19 353 187 42.3555
19 354 74 11.0481
19 355 905 168.6547
19 356 20 4.1210
19 357 71 11.2840
19 358 40 6.1683
19 359 41 8.2215
19 360 110 32.9209
19 361 186 43.7230
19 362 100 17.0756
19 363 250 52.6876
19 364 21 2.8244
19 365 27 7.6306
19 366 4576 1251.6168
19 367 100 21.1415
19 368 1265 373.4080
19 369 70 16.6776
19 370 63 40.6977
19 371 56 10.8848
19 372 3 0.3697
19 373 5 0.6062
19 374 1139 279.5287
19 375 77 28.2667
19 376 222 51.9914
19 377 32 5.0092
19 378 2 0.3774
19 379 176 39.8650
19 380 24 5.8360
19 381 272 62.8283
19 382 151 32.2740
19 383 2527 632.0690
20 0 1 0.2258
20 1 25 5.6834
20 3 22 5.3168
20 4 60 17.2665
20 6 351 83.0865
20 7 253 67.7385
20 8 2 0.4138
20 9 23 4.8553
20 10 33 7.9758
20 11 4 0.9084
20 12 2 0.6101
20 14 200 47.8011
20 15 13 3.0475
20 16 173 40.2228
20 17 2 0.4050
20 18 165 45.5181
20 19 792 210.9994
20 20 7 1.5398
20 21 34 6.9704
20 22 2 0.2278
20 23 19 4.8908
20 24 4 0.5808
20 25 4 0.9567
20 26 2 0.4811
20 27 25 6.5331
20 28 69 15.7475
20 29 25 6.6471
20 30 30 7.1916
20 31 553 141.4829
20 32 544 127.5239
20 33 80 21.4163
20 34 1 0.2231
20 35 9 2.2843
20 36 47 11.4834
20 37 3 0.8389
20 38 7 1.6960
20 39 1 0.2164
20 40 6 1.3100
20 41 18 4.4939
20 42 306 86.6104
20 43 115 26.9093
20 44 27 8.1652
20 45 3 0.5110
20 46 2 0.5948
20 47 174 39.9585
20 48 10 2.3747
20 49 225 51.9083
20 50 2 0.3338
20 51 70 13.8217
20 52 45 11.9551
20 53 9 1.9523
20 55 157 34.2962
20 56 2 0.4426
20 58 3 0.4180
20 59 11 2.7870
20 60 2 0.4354
20 61 74 20.0431
20 62 50 11.7481
20 63 37 8.5807
20 64 2 0.6569
20 65 12 2.6788
20 67 2 0.3229
20 68 34 7.2133
20 69 1 0.2091
20 70 11 2.6414
20 71 8 1.5317
20 72 131 31.7451
20 74 71 16.1362
20 75 94 21.4286
20 77 2 0.3119
20 78 38 9.5018
20 79 5 1.1992
20 80 5 0.8853
20 82 2 0.5269
20 83 5 0.9524
20 85 14 5.5462
20 86 25 6.2769
20 87 7 1.9504
20 88 20 4.4386
20 89 25 5.5035
20 92 1 0.1265
20 95 16 3.5415
20 96 6 1.6139
20 97 21 6.3347
20 98 23 5.3971
20 99 22 5.1424
20 100 26 6.1556
20 101 17 3.1709
20 103 27 5.9756
20 104 3 0.6941
20 105 9 1.9539
20 107 5 0.9359
20 108 21 6.2436
20 109 1085 263.4567
20 110 77 21.4999
20 111 26 6.0507
20 112 1 0.1399
20 113 7 1.6104
20 116 73 19.2595
20 117 5 1.0095
20 118 268 67.2346
20 121 1 0.2171
20 122 180 42.7018
20 124 21 6.5446
20 126 33 8.0995
20 127 2 0.3843
20 128 25 5.6651
20 129 125 31.0483
20 130 2 0.3792
20 131 13 2.7075
20 132 17 4.6900
20 133 57 13.4866
20 135 39 10.6572
20 136 29 6.2131
20 138 13 3.1632
20 139 11 2.3730
20 140 3 0.5631
20 141 3 0.5318
20 142 4 1.2060
20 143 6 1.2389
20 144 5 1.2173
20 145 47 10.9601
20 146 13 2.7581
20 147 20 4.4947
20 148 8 2.6360
20 150 109 29.4205
20 152 4 0.8551
20 153 22 6.0550
20 154 26 6.6484
20 156 30 7.6799
20 158 19 4.1799
20 159 3 0.5123
20 161 10 2.8792
20 163 2 0.4868
20 164 131 30.2911
20 165 69 15.2197
20 166 10 2.1721
20 167 18 4.2970
20 168 2 0.3273
20 169 68 18.2939
20 170 20 4.9398
20 172 1 0.1709
20 174 37 7.7346
20 175 295 66.7844
20 176 7 1.4388
20 177 53 12.2024
20 178 21 5.5529
20 180 4 0.9029
20 181 48 12.2765
20 182 16 3.4879
20 183 6 1.5456
20 184 21 4.4681
20 185 14 2.9051
20 186 7 1.5518
20 187 99 25.9478
20 188 2 0.3917
20 189 25 4.6134
20 190 10 2.9513
20 191 71 16.3072
20 192 21 4.4560
20 193 1 0.1894
20 194 3 0.6374
20 196 182 42.9464
20 199 19 5.0318
20 200 12 2.8679
20 201 31 7.2202
20 204 62 14.1896
20 205 2 0.4700
20 206 4 0.6381
20 208 98 23.5958
20 210 180 42.2135
20 211 65 15.1134
20 212 5 1.1313
20 213 11 3.1006
20 214 10 3.0928
20 215 14 3.2576
20 216 5 1.8626
20 217 13 4.8994
20 218 1 0.2273
20 219 49 10.9928
20 220 2 0.6471
20 222 12 2.5232
20 223 35 8.5199
20 224 2 0.7479
20 225 315 76.8989
20 226 1 0.3281
20 227 38 7.5164
20 229 12 2.9439
20 230 20 5.5756
20 231 18 4.1738
20 232 4 0.9629
20 233 4 0.7172
20 234 10 2.8294
20 235 1 0.1976
20 236 3 0.5889
20 237 3 0.7814
20 238 5 1.2982
20 239 12 2.6641
20 240 20 4.7121
20 241 4 1.4176
20 242 15 2.5762
20 244 67 22.1858
20 245 92 20.6275
20 247 2 0.3430
20 248 55 16.3562
20 249 23 5.2062
20 250 225 50.8544
20 252 6 1.1640
20 253 11 2.2689
20 254 27 6.0093
20 255 68 17.1332
20 256 5 0.7945
20 257 101 25.9265
20 258 52 11.7900
20 259 84 19.7091
20 260 6 1.3661
20 261 145 38.7058
20 263 9 1.9910
20 264 47 10.9456
20 265 11 2.8702
20 266 4 1.0462
20 267 64 20.0052
20 268 3 0.6155
20 269 44 10.0994
20 270 1 0.2262
20 271 8 1.9676
20 272 14 3.2656
20 273 10 2.2444
20 274 178 43.5983
20 275 134 34.0694
20 276 3 0.5809
20 278 55 15.4174
20 279 273 59.5433
20 280 1 0.2050
20 281 1 0.2868
20 282 198 58.7514
20 283 21 4.0116
20 284 11 2.6055
20 285 3 0.6628
20 286 56 15.0015
20 287 16 3.2922
20 288 29 6.3743
20 289 9 1.9770
20 290 9 1.8287
20 292 123 33.8166
20 294 3 0.6834
20 295 19 6.5545
20 296 578 191.1712
20 297 5 1.0167
20 298 3 0.6450
20 299 35 8.5535
20 300 1 0.1914
20 301 2 0.5505
20 302 4 0.9592
20 304 24 6.5052
20 305 431 98.3302
20 306 22 5.7010
20 307 589 143.1904
20 309 77 25.4063
20 312 7 1.6087
20 313 31 7.7545
20 314 229 65.8046
20 315 3 0.6314
20 317 175 51.0457
20 318 69 15.2486
20 320 170 34.4404
20 321 2 0.2516
20 322 17 4.0954
20 323 1 0.2259
20 324 27 5.9576
20 325 11 2.5490
20 326 58 15.5703
20 327 21 4.3087
20 328 7 2.3004
20 329 171 40.4594
20 330 1 0.2245
20 331 65 19.2616
20 332 228 53.4475
20 333 14 4.1670
20 334 35 7.6844
20 335 31 5.9813
20 336 44 13.3691
20 337 100 26.6675
20 338 72 15.7527
20 339 15 3.2560
20 340 45 14.7036
20 341 23 5.2292
20 342 4 0.9398
20 343 125 29.0170
20 344 2 0.4637
20 345 21 4.8175
20 346 4 0.8229
20 347 13 2.8845
20 348 2 0.3734
20 349 21 4.1862
20 350 7 1.3179
20 351 1823 449.5869
20 352 521 138.3611
20 353 124 30.2476
20 355 4 1.1208
20 357 5 1.1706
20 359 102 26.7862
20 360 94 22.9237
20 362 12 3.0727
20 363 25 7.2773
20 364 1 0.1649
20 365 2 0.3725
20 367 2 0.4313
20 368 45 10.8655
20 370 166 52.8173
20 371 6 1.3470
20 372 18 4.3396
20 374 11 2.3561
20 376 4 0.8325
20 378 12 2.7584
20 379 4 0.7686
20 380 33 9.2393
20 381 9 2.0761
20 382 2 0.3229
20 383 116 25.0493
21 0 31 7.2133
21 1 105 22.5734
21 3 48 10.8932
21 5 44 9.3963
21 6 29 6.9945
21 7 2 0.3771
21 8 382 87.6792
21 9 147 34.0136
21 10 2 0.4047
21 11 40 9.2421
21 12 70 16.3829
21 13 4 1.4323
21 14 3 0.6797
21 15 166 50.1341
21 16 3 0.6863
21 17 3 0.5578
21 18 3 0.6615
21 19 3 0.7196
21 20 5 1.1806
21 21 12 3.1490
21 22 21 5.1511
21 24 33 7.8273
21 26 11 2.5130
21 27 3 0.9358
21 29 10 1.8249
21 30 181 44.3103
21 31 615 145.2257
21 32 1 0.1802
21 33 21 5.2006
21 34 14 3.1438
21 35 3 0.7754
21 36 12 2.7248
21 37 91 20.0593
21 38 9 2.1953
21 39 30 6.4843
21 41 8 2.4820
21 42 125 32.3779
21 43 4 0.7404
21 44 11 2.4799
21 45 7 1.3284
21 46 65 16.6794
21 47 28 6.6222
21 48 6 1.4164
21 49 5 0.9910
21 50 73 17.4863
21 51 52 14.2320
21 52 10 2.1725
21 54 177 52.7152
21 55 9 2.7357
21 56 3 0.5818
21 57 2 0.4710
21 58 64 19.0520
21 59 216 49.7361
21 60 98 28.3192
21 61 80 23.4980
21 63 11 2.5062
21 64 4 1.0024
21 66 17 3.6409
21 67 67 15.8606
21 68 14 3.2461
21 69 2 0.4779
21 70 188 52.6311
21 72 226 53.1105
21 73 4 0.8755
21 75 6 1.4689
21 77 12 2.6225
21 78 8 1.8603
21 79 2 0.4774
21 80 2 0.4250
21 81 39 8.7293
21 82 69 14.1324
21 84 19 4.7829
21 85 1 0.2160
21 86 1 0.2277
21 87 2 0.4943
21 88 38 8.8374
21 89 478 123.9541
21 90 3 0.5717
21 93 39 9.4084
21 95 4 0.8813
21 96 5 1.1664
21 97 12 3.1549
21 98 8 1.7730
21 99 10 2.3711
21 100 162 51.6809
21 101 11 3.2146
21 102 18 6.2657
21 103 33 7.6888
21 104 1 0.3812
21 105 24 4.6923
21 106 92 24.1744
21 107 2 0.3627
21 108 40 10.9378
21 109 21 4.7178
21 110 28 5.9111
21 111 18 4.0347
21 112 69 18.5897
21 114 21 4.7455
21 115 46 11.0244
21 116 46 15.2876
21 117 30 7.7541
21 118 96 21.2496
21 120 6 1.2026
21 121 50 11.3246
21 122 29 5.8096
21 124 16 5.7810
21 125 6 1.8817
21 126 9 1.9599
21 127 1 0.1789
21 128 4 0.7588
21 129 22 5.0941
21 130 23 5.8678
21 131 89 22.8578
21 132 6 1.5803
21 134 46 10.4608
21 135 70 20.1488
21 136 106 24.8592
21 137 496 112.6796
21 138 221 51.4647
21 139 115 25.0323
21 140 14 3.0710
21 141 13 3.4268
21 142 27 5.6279
21 143 263 61.5213
21 145 6 1.2029
21 146 16 3.5437
21 147 11 2.2725
21 148 3 0.8148
21 150 2 0.4595
21 151 173 43.7037
21 153 6 0.9353
21 154 9 2.0731
21 155 10 3.0349
21 156 21 4.5961
21 157 93 22.0769
21 158 85 21.7977
21 159 16 3.0473
21 160 63 14.8442
21 161 28 6.4149
21 162 4 0.8239
21 163 67 22.4243
21 164 50 12.2590
21 165 41 11.0680
21 166 6 1.2175
21 167 24 5.6692
21 168 31 7.7746
21 170 1 0.2436
21 171 72 14.1570
21 172 1 0.2305
21 173 1 0.1874
21 175 16 4.5769
21 176 23 6.3555
21 178 1 0.2352
21 179 17 3.5756
21 181 642 153.4239
21 183 6 1.4074
21 184 16 3.6987
21 185 1 0.2145
21 186 30 7.0101
21 187 22 5.1611
21 188 57 14.5419
21 189 2 0.4479
21 190 20 4.6724
21 191 22 5.2135
21 192 97 29.4771
21 193 15 3.2783
21 194 14 3.4269
21 195 32 8.5310
21 196 15 3.5735
21 197 5 1.0434
21 198 3 0.6639
21 200 52 14.9009
21 201 25 5.6672
21 202 56 12.7791
21 203 14 2.7834
21 204 7 1.5441
21 205 86 19.1065
21 206 110 28.4497
21 208 50 10.3980
21 210 1006 257.6327
21 213 1 0.1971
21 214 11 2.1974
21 215 35 10.4964
21 219 7 1.5439
21 220 23 4.5748
21 221 6 1.1658
21 224 58 13.3260
21 225 439 99.3279
21 226 42 11.1463
21 227 105 23.7201
21 228 8 1.8760
21 229 1 0.1900
21 232 29 6.2981
21 233 3 0.6946
21 234 62 13.1473
21 235 4 0.8717
21 236 9 2.5346
21 237 11 2.3090
21 239 15 3.6889
21 240 10 2.7622
21 243 17 4.5922
21 245 2 0.4265
21 246 6 1.2305
21 247 4 0.8831
21 248 5 1.0311
21 249 1 0.1476
21 250 8 2.8252
21 251 619 151.1580
21 252 3 0.6840
21 254 9 2.2173
21 255 15 3.1981
21 256 1 0.2030
21 257 825 222.0430
21 258 30 8.3307
21 260 11 2.8864
21 261 11 2.2008
21 262 1 0.1820
21 263 2 0.5634
21 264 82 19.5428
21 265 2 0.4442
21 266 1 0.1676
21 268 4 0.9109
21 269 50 12.9438
21 272 43 9.3556
21 274 16 3.8056
21 275 15 3.7164
21 276 29 6.3645
21 278 30 7.1638
21 280 17 3.6144
21 281 81 18.2356
21 282 755 179.5820
21 283 1 0.2451
21 284 3 0.6222
21 285 61 14.5745
21 286 24 7.7370
21 287 11 2.1442
21 290 7 1.3982
21 291 9 1.5929
21 292 28 6.0012
21 293 6 1.2519
21 296 36 8.0344
21 297 1 0.1324
21 298 5 0.8565
21 299 10 2.7085
21 300 10 2.4263
21 301 34 9.0229
21 304 3 0.5143
21 305 21 4.6928
21 307 1 0.2053
21 308 29 5.9053
21 309 49 10.9401
21 310 31 6.4172
21 311 16 3.1664
21 313 10 2.1826
21 314 1 0.1310
21 315 35 12.3927
21 317 611 203.0734
21 318 11 3.8015
21 319 38 9.6795
21 321 1 0.1869
21 322 14 3.3515
21 324 68 16.9583
21 325 4 0.7270
21 326 1 0.2298
21 327 1217 329.1970
21 329 140 41.0132
21 330 14 2.7500
21 331 2 0.3707
21 332 3 0.6336
21 333 1 0.2135
21 334 10 2.0789
21 335 8 2.1439
21 336 5 1.1990
21 337 10 2.2877
21 338 36 8.3656
21 339 2 0.3422
21 340 2 0.4272
21 341 58 12.9819
21 342 5 1.0694
21 343 9 2.5410
21 344 19 4.3575
21 346 37 8.0635
21 347 22 5.1408
21 349 51 13.1226
21 350 15 6.6514
21 351 67 15.8337
21 352 12 2.6903
21 353 7 1.8288
21 355 2 0.4001
21 356 6 1.2436
21 357 16 4.0649
21 358 34 7.6190
21 359 4 0.7755
21 360 2 0.4751
21 361 22 4.6252
21 363 56 13.3450
21 364 8 1.6244
21 365 7 2.9636
21 367 167 36.6066
21 368 146 31.4525
21 369 489 117.0164
21 372 1 0.2778
21 373 644 156.2409
21 374 51 12.0334
21 375 138 34.4208
21 376 4 1.1680
21 377 7 1.5775
21 378 46 10.4363
21 379 37 8.4653
21 380 140 29.8058
21 381 59 22.6255
21 382 11 2.6750
21 383 20 4.6809
22 0 1 0.3024
22 1 15 3.2785
22 2 457 106.0769
22 3 17 3.8420
22 4 6 1.2812
22 5 4 0.8211
22 6 280 64.7451
22 7 27 7.3042
22 8 9 1.9195
22 9 70 20.6278
22 10 54 10.8368
22 12 21 5.6450
22 13 7 1.7585
22 14 6 1.1980
22 15 1 0.2362
22 17 2 0.4302
22 18 33 8.5260
22 19 8 2.4211
22 21 44 9.5805
22 22 35 7.6051
22 25 1 0.2196
22 27 36 7.6643
22 28 21 4.7370
22 29 9 1.8818
22 32 2 0.6552
22 33 35 7.3087
22 34 10 2.4776
22 35 7 1.6478
22 36 9 1.9791
22 38 1 0.1944
22 39 64 14.3033
22 40 28 5.7496
22 42 50 10.0848
22 44 211 52.2163
22 47 1 0.2177
22 48 8 2.1309
22 50 13 3.1612
22 51 2 0.5721
22 52 393 100.4462
22 53 2 0.5497
22 54 46 11.6583
22 56 47 13.1924
22 57 34 7.8389
22 58 5 1.5551
22 59 9 1.6973
22 60 21 5.4817
22 62 45 10.1625
22 65 2 0.3419
22 66 1 0.2029
22 67 10 1.7889
22 68 250 58.4739
22 69 885 198.6037
22 70 6 1.6833
22 72 61 13.9439
22 73 11 2.8962
22 74 19 4.0035
22 76 1 0.1798
22 77 10 2.3285
22 78 54 12.1158
22 79 3 0.6046
22 80 2 0.4245
22 81 7 1.4822
22 82 19 3.7681
22 84 124 36.3620
22 85 73 23.2076
22 86 65 16.3353
22 87 123 32.6758
22 88 4 0.7783
22 89 3 0.7247
22 90 9 1.7048
22 93 24 5.0235
22 95 10 2.5361
22 96 1 0.3582
22 97 3 0.7162
22 99 84 18.2722
22 100 10 2.1712
22 101 42 9.3369
22 104 3 0.4054
22 107 345 85.4478
22 108 1 0.1685
22 109 10 2.2981
22 110 39 9.9202
22 111 20 4.7601
22 112 7 1.3981
22 113 69 13.8144
22 114 3 0.5809
22 115 5 1.0884
22 116 7 1.4435
22 117 11 2.1651
22 118 1078 317.6270
22 120 1 0.1568
22 121 111 25.3241
22 123 7 1.7873
22 124 1 0.1307
22 125 80 22.6825
22 126 8 2.0202
22 127 39 8.1028
22 128 56 18.2853
22 130 47 13.1563
22 131 87 19.4137
22 132 22 4.9419
22 133 94 20.6734
22 134 9 2.7489
22 135 4 0.7179
22 136 4 1.4176
22 137 6 1.0676
22 138 1 0.2781
22 139 34 7.0393
22 140 289 61.7613
22 141 18 5.0289
22 144 27 5.8790
22 145 18 5.4256
22 146 5 1.1883
22 147 12 2.6949
22 148 5 1.0937
22 149 2 0.4183
22 150 84 19.1464
22 151 37 7.9283
22 152 1 0.2370
22 154 82 17.1504
22 155 84 19.1103
22 156 14 3.1156
22 157 18 3.5477
22 158 237 57.9993
22 159 432 103.3820
22 160 3 0.6474
22 161 1 0.1863
22 162 2 0.4133
22 163 10 1.7434
22 166 14 2.8250
22 167 31 7.0238
22 168 26 5.4168
22 169 24 5.7700
22 171 10 2.3800
22 172 16 3.9942
22 173 10 2.4630
22 174 124 28.9922
22 175 3 0.8289
22 176 4 1.4072
22 177 21 4.5528
22 178 179 40.0822
22 179 158 35.6608
22 180 12 2.8711
22 181 4 0.8990
22 182 147 33.7046
22 183 1 0.2326
22 184 188 72.7714
22 185 130 29.6633
22 186 12 2.6749
22 188 29 6.4331
22 189 4 0.7375
22 191 3 0.6460
22 192 12 3.7922
22 193 118 26.3201
22 194 13 2.8351
22 195 24 5.3295
22 196 3 0.6105
22 197 1 0.2537
22 198 7 1.7719
22 199 22 6.0564
22 200 12 3.1279
22 201 1 0.2260
22 202 70 15.0229
22 203 1 0.1286
22 204 10 2.0288
22 205 57 13.6813
22 206 22 6.0163
22 207 20 6.2821
22 208 19 3.6196
22 209 11 2.7932
22 210 40 9.1269
22 211 14 3.0948
22 212 14 3.1414
22 213 27 5.3563
22 214 54 11.5764
22 215 129 28.3753
22 216 3 0.9126
22 218 12 3.0139
22 219 105 24.8599
22 220 2 0.4149
22 221 290 68.4153
22 225 15 3.9394
22 226 3 0.6216
22 227 10 2.3275
22 228 280 63.1486
22 229 1 0.1724
22 230 25 5.0605
22 231 4 0.8562
22 232 2 0.4731
22 233 139 40.6719
22 234 244 53.0027
22 235 166 41.0959
22 236 28 7.5242
22 237 2 0.3099
22 238 246 54.8032
22 239 10 2.9035
22 240 9 1.8078
22 242 3 1.0696
22 243 4 0.8432
22 244 41 9.2501
22 245 17 3.7925
22 246 5 0.8593
22 248 12 2.5306
22 249 4 1.0944
22 250 47 13.3814
22 251 8 2.9315
22 253 52 16.5152
22 254 1 0.1612
22 255 6 1.1950
22 256 2 0.4890
22 257 3 0.6104
22 258 10 2.0841
22 259 25 5.3400
22 260 11 2.3239
22 261 30 6.8241
22 263 20 4.0689
22 264 10 1.9134
22 265 1 0.2415
22 267 1 0.2148
22 268 5 1.0811
22 269 31 7.7858
22 271 33 7.2728
22 272 7 1.3343
22 273 2 0.4857
22 274 5 0.8290
22 275 42 8.3579
22 277 403 106.3305
22 278 53 11.9357
22 279 25 5.6454
22 280 14 4.4721
22 281 12 2.7663
22 282 5 1.1884
22 283 4 0.8851
22 284 3 0.6635
22 286 39 10.5514
22 287 25 5.6139
22 288 2 0.3208
22 289 21 4.2885
22 290 12 2.7700
22 292 3 0.6693
22 293 206 47.7491
22 294 17 3.8560
22 295 21 5.0859
22 296 74 16.7167
22 297 4 0.8823
22 298 5 0.5990
22 299 5 1.3431
22 300 15 4.3310
22 301 7 1.6001
22 302 482 156.4968
22 303 5 1.1398
22 304 6 1.2158
22 306 3 0.4220
22 307 1 0.2218
22 308 9 1.9360
22 309 1 0.2437
22 312 9 1.6450
22 313 60 14.4840
22 316 24 5.0436
22 317 23 5.8269
22 318 14 4.1316
22 319 5 1.5018
22 320 62 14.0465
22 321 4 0.8180
22 322 6 1.1013
22 323 4 0.8456
22 324 5 1.0130
22 326 153 33.5776
22 327 37 7.9482
22 328 17 3.8369
22 329 2 0.4812
22 330 107 24.3385
22 331 1 0.2854
22 334 47 14.4899
22 335 528 135.8150
22 336 1 0.2355
22 337 111 25.7613
22 338 18 4.0186
22 339 7 0.8049
22 340 7 1.7839
22 341 33 7.1524
22 342 5 0.8585
22 343 2 0.4474
22 344 38 9.4164
22 345 24 4.7765
22 346 7 1.5706
22 347 134 30.7382
22 348 8 2.1418
22 349 10 1.8337
22 350 10 2.6820
22 351 97 21.7767
22 352 2 0.3581
22 353 5 1.0443
22 354 85 24.1427
22 355 2 0.5432
22 356 9 2.1658
22 357 10 2.3743
22 358 31 7.0530
22 359 12 2.4602
22 360 1 0.1884
22 362 11 3.0898
22 363 133 30.0300
22 364 105 29.4543
22 365 5 1.5807
22 366 2 0.4944
22 367 9 3.5440
22 368 4 0.9049
22 369 3 0.5629
22 370 29 5.3788
22 371 184 45.6275
22 372 3 0.6323
22 373 1727 498.0368
22 374 72 17.2910
22 376 270 63.2012
22 377 141 30.7150
22 378 44 12.0814
22 379 7 1.6308
22 380 28 6.3621
22 381 111 35.9044
22 382 1 0.2264
22 383 308 72.8795
23 0 20 4.0101
23 1 21 4.2728
23 2 3 0.4814
23 3 10 2.2563
23 4 106 22.5569
23 5 18 4.7996
23 6 29 9.7023
23 7 4 0.9270
23 8 5 0.9274
23 9 20 4.2343
23 10 2 0.4717
23 11 11 2.6979
23 12 13 2.3315
23 13 4 1.3235
23 14 2 0.8174
23 15 4 0.7240
23 16 5 1.2377
23 17 267 67.5741
23 18 7 1.2274
23 19 82 16.5846
23 20 43 9.1529
23 22 1 0.1842
23 23 1 0.1414
23 24 5 1.3256
23 25 68 12.8882
23 26 209 44.4570
23 27 49 14.8239
23 28 5 0.9768
23 29 157 36.1084
23 30 4 1.2238
23 32 5 1.1478
23 33 12 2.4724
23 34 1 0.2794
23 35 18 3.2236
23 37 76 16.6319
23 38 11 1.9864
23 40 127 49.8228
23 41 68 16.0726
23 43 17 3.4736
23 44 71 27.0591
23 45 3 0.8163
23 46 9 2.2022
23 47 5 0.9650
23 48 95 25.5934
23 49 10 2.7827
23 50 75 14.3791
23 51 49 10.3146
23 52 11 3.4129
23 53 24 4.8526
23 54 10 2.5509
23 55 10 2.4165
23 56 4 1.5662
23 57 62 18.7054
23 58 6 1.2292
23 59 3 0.8633
23 61 18 4.0381
23 62 6 2.0350
23 63 1 0.1759
23 64 47 11.2039
23 66 12 4.4117
23 67 24 6.9738
23 68 30 8.7850
23 69 16 3.5201
23 71 12 2.6627
23 72 37 7.7723
23 73 55 11.2334
23 74 5 1.0534
23 75 2 0.5251
23 76 61 14.7526
23 77 1 0.1958
23 78 1 0.4166
23 79 14 4.7675
23 80 19 4.0088
23 81 3 0.6116
23 82 113 28.3636
23 84 26 5.4436
23 85 12 2.5159
23 86 16 4.4341
23 87 5 1.6917
23 88 20 6.7175
23 90 47 10.0644
23 91 353 75.7332
23 92 23 4.9813
23 94 3 0.6127
23 95 67 21.3605
23 96 14 2.7858
23 97 1296 313.5200
23 98 8 1.5657
23 99 3 0.6977
23 100 51 13.1080
23 101 13 2.9454
23 102 2 0.3640
23 103 87 24.9607
23 104 6 1.2699
23 105 1 0.1462
23 106 94 19.3132
23 107 14 2.9135
23 108 43 9.1117
23 109 19 5.3079
23 110 77 24.3355
23 111 3 0.6864
23 112 8 1.7170
23 113 53 14.0499
23 115 11 2.8140
23 116 27 6.6236
23 117 1 0.2139
23 118 32 6.9587
23 119 9 2.0348
23 120 105 21.0791
23 121 53 17.7164
23 122 21 3.9511
23 123 4 0.8371
23 125 5 1.0533
23 126 22 5.6941
23 127 13 2.7931
23 128 311 69.5314
23 129 9 1.9694
23 130 22 4.6429
23 131 42 11.0205
23 132 3 0.9173
23 133 23 4.6002
23 134 23 5.6550
23 135 27 6.1721
23 137 53 10.8717
23 139 16 5.4482
23 140 3 1.2265
23 141 5 1.0174
23 142 23 4.2906
23 143 19 5.6802
23 144 7 1.6892
23 146 2 0.7796
23 147 45 9.3308
23 148 5 1.9116
23 149 45 12.8561
23 150 14 2.7821
23 151 15 4.0180
23 152 297 85.6748
23 153 5 1.0918
23 154 48 12.5661
23 155 21 5.2902
23 156 2 0.6158
23 157 15 4.8827
23 159 1 0.1740
23 160 40 8.5123
23 161 1 0.2216
23 162 27 6.5738
23 163 33 9.0587
23 164 28 7.3436
23 165 6 0.9583
23 166 11 2.9918
23 167 30 9.5610
23 168 52 11.3746
23 169 9 1.7944
23 170 10 2.2762
23 171 148 30.4720
23 172 5 1.8978
23 173 2 0.7944
23 174 11 2.2449
23 175 4 0.7239
23 176 7 1.5151
23 177 7 1.1991
23 179 1 0.1383
23 180 66 14.6320
23 181 3 0.4897
23 182 32 7.3308
23 183 12 2.6261
23 184 14 3.2459
23 185 1 0.2267
23 186 3 0.6406
23 187 31 8.2771
23 188 13 2.6835
23 189 34 9.0175
23 190 2 0.3387
23 191 76 21.9472
23 192 5 1.8117
23 193 3 0.6859
23 195 2 0.3998
23 196 77 49.6217
23 197 38 8.4947
23 198 2 0.7682
23 199 36 9.9114
23 201 1 0.2232
23 202 19 3.4874
23 205 1708 469.3308
23 206 21 4.5771
23 207 34 7.4992
23 208 57 16.9884
23 209 77 16.3857
23 210 49 10.1631
23 211 10 2.0566
23 212 16 3.4460
23 213 2 0.6392
23 214 71 17.8527
23 215 12 2.8551
23 216 8 1.7540
23 217 25 5.1933
23 218 3 1.1450
23 219 646 162.7007
23 220 21 4.5936
23 222 26 8.2486
23 223 1 0.1743
23 224 793 173.7571
23 225 10 2.5819
23 226 66 14.1947
23 227 2 0.4338
23 229 1 0.1802
23 230 1 0.2536
23 231 14 3.1223
23 232 2 0.3589
23 235 16 3.1182
23 236 9 1.4625
23 237 2 0.4047
23 239 4 0.8170
23 240 7 1.6694
23 242 19 4.1657
23 243 36 7.7115
23 245 43 9.0786
23 247 12 3.1250
23 249 2 0.3815
23 250 5 1.2071
23 251 6 1.1740
23 254 6 1.7708
23 255 180 38.0228
23 256 24 4.8028
23 257 184 40.1335
23 258 9 2.9114
23 259 11 2.0238
23 260 14 3.7970
23 261 2 0.3245
23 262 2 0.4100
23 263 11 2.7377
23 264 21 5.8774
23 265 17 3.4555
23 266 47 11.4177
23 268 18 4.0050
23 269 3 0.9353
23 270 4 0.7822
23 271 593 142.2699
23 273 124 27.8948
23 274 21 4.5159
23 275 32 6.6037
23 276 15 3.2514
23 277 286 71.2773
23 279 18 7.7354
23 281 2 0.9827
23 282 9 1.7387
23 283 157 36.5594
23 284 18 4.1663
23 285 46 9.7788
23 286 7 1.8672
23 287 2 0.4394
23 288 1 0.2202
23 290 10 3.1666
23 291 9 2.8033
23 292 189 48.7967
23 293 7 2.3661
23 294 8 2.1938
23 295 3 0.6453
23 296 8 2.9955
23 297 6 1.2645
23 298 12 3.7473
23 299 29 6.3819
23 300 25 5.9944
23 301 11 2.6523
23 302 11 2.4720
23 303 1 0.2454
23 304 7 1.5553
23 305 24 8.4322
23 306 28 5.6129
23 308 8 1.6116
23 309 1 0.2093
23 313 34 13.5562
23 314 6 1.0762
23 315 41 8.9579
23 316 28 8.9362
23 317 78 16.4868
23 318 13 3.0962
23 320 262 51.7737
23 322 113 37.1528
23 324 27 6.0720
23 325 10 2.3119
23 326 20 5.0202
23 327 1 0.2232
23 328 18 3.8047
23 329 36 8.9037
23 330 1 0.2412
23 331 22 5.0329
23 332 128 27.0382
23 334 28 5.9601
23 335 22 4.3392
23 336 16 3.1720
23 338 12 2.8807
23 339 8 2.9590
23 340 1 0.2061
23 341 2 0.2374
23 342 4 0.7814
23 344 24 5.6495
23 345 24 4.9464
23 346 19 4.0256
23 347 43 9.2592
23 348 27 5.6346
23 349 38 7.8706
23 350 7 2.2074
23 351 18 3.8124
23 353 4 0.7900
23 354 20 3.8523
23 355 15 3.0762
23 356 152 36.5341
23 357 9 2.0698
23 358 2059 548.6356
23 360 14 2.6007
23 361 43 10.5334
23 362 22 4.6209
23 364 14 2.8752
23 365 13 3.4599
23 366 159 32.6086
23 367 72 14.5647
23 368 11 2.2823
23 370 36 9.8700
23 371 2 0.3488
23 372 166 72.8751
23 374 6 1.2747
23 375 11 2.1724
23 376 6 1.3496
23 377 24 5.1577
23 378 3 1.0842
23 379 2 0.3560
23 381 10 2.1144
23 382 52 10.6215
23 383 14 2.7504
24 0 11 2.5187
24 1 6 1.1811
24 2 155 38.6532
24 3 173 39.7599
24 5 54 12.1019
24 6 32 7.8737
24 7 23 5.2917
24 8 9 2.0549
24 10 716 179.9810
24 11 8 1.7047
24 12 17 3.8900
24 13 19 4.5323
24 14 12 3.8714
24 15 436 102.9006
24 16 49 11.0495
24 19 17 3.5000
24 20 26 9.2503
24 22 186 43.5769
24 24 10 2.5393
24 25 1 0.1827
24 26 6 1.1756
24 27 13 3.0582
24 28 2 0.4912
24 30 5 1.2056
24 31 2 0.4900
24 32 151 36.1848
24 33 50 11.9142
24 34 34 7.0935
24 35 25 5.7076
24 36 2 0.4722
24 37 186 43.4909
24 38 4 0.7905
24 39 59 14.2407
24 41 371 102.3539
24 42 61 14.2467
24 43 134 31.3811
24 45 11 2.5060
24 46 7 1.5671
24 47 469 133.0974
24 48 57 11.8228
24 51 15 3.4222
24 52 15 3.4537
24 53 3 0.7551
24 54 7 1.5519
24 55 1 0.1817
24 57 517 142.0037
24 58 2 0.4674
24 60 21 5.5348
24 61 9 2.1915
24 62 28 7.2536
24 63 14 3.3142
24 64 6 1.2522
24 67 10 2.1396
24 69 8 1.5558
24 70 1 0.2905
24 71 14 4.2946
24 72 40 7.6460
24 73 30 8.2664
24 76 3 0.9113
24 78 27 5.8885
24 79 2 0.4690
24 80 2 0.4336
24 81 4 0.7710
24 82 6 1.1345
24 83 23 4.4527
24 84 50 12.3916
24 86 18 4.0380
24 87 31 7.5813
24 88 18 5.5525
24 90 55 12.4424
24 91 20 4.6206
24 92 7 1.6322
24 93 12 2.6101
24 94 3 0.5426
24 96 94 20.7761
24 97 12 3.3425
24 98 8 1.7033
24 99 2 0.4270
24 100 63 14.6374
24 101 5 1.2658
24 103 33 8.5622
24 104 70 16.0504
24 105 5 1.1372
24 106 204 48.9957
24 107 24 4.9791
24 108 52 13.2746
24 109 8 1.7256
24 111 10 2.3906
24 112 78 16.1302
24 113 28 6.5704
24 114 6 1.8121
24 115 14 3.9439
24 117 40 9.0256
24 118 4 1.0993
24 119 13 2.8468
24 121 5 1.0744
24 122 32 10.9845
24 123 3 0.6855
24 124 9 2.1656
24 126 1 0.1973
24 127 26 5.6488
24 130 18 4.6694
24 131 2 0.4958
24 132 1 0.2380
24 133 46 10.5040
24 134 96 23.6966
24 135 104 23.5183
24 136 21 4.1896
24 137 4 0.9332
24 138 91 24.6953
24 139 375 98.5224
24 140 2 0.4149
24 141 56 13.2637
24 143 12 3.0005
24 144 1 0.2403
24 145 7 1.8915
24 146 620 164.7816
24 147 206 50.4143
24 148 5 1.1457
24 150 2 0.3971
24 152 5 1.0904
24 153 2 0.3781
24 154 20 4.3236
24 155 58 12.6886
24 157 18 4.2193
24 158 63 13.3422
24 159 44 9.9150
24 161 66 14.7324
24 162 32 7.2946
24 163 16 3.4608
24 164 3 0.8683
24 165 17 4.3087
24 166 2 0.4478
24 167 30 6.9777
24 169 1 0.2315
24 170 1 0.1813
24 173 74 16.8318
24 174 2 0.5864
24 175 47 10.4642
24 177 1 0.1752
24 178 2 0.4741
24 181 18 5.0093
24 182 18 3.9616
24 183 70 24.2064
24 184 31 6.8414
24 185 32 10.0904
24 186 4 0.7460
24 188 4 1.0023
24 189 146 34.2277
24 190 48 11.4734
24 191 63 16.7571
24 192 31 7.0076
24 193 10 2.2336
24 195 84 19.1345
24 196 6 1.7095
24 197 8 1.8910
24 198 59 12.8486
24 199 131 30.6889
24 200 1 0.2399
24 201 2 0.4149
24 202 4 1.1080
24 203 16 3.2693
24 204 137 37.4750
24 206 10 2.3184
24 208 112 26.8053
24 209 44 10.5824
24 211 15 3.4261
24 212 17 3.7989
24 213 41 9.9449
24 214 17 4.4824
24 215 11 2.4839
24 216 16 3.1113
24 218 18 4.1906
24 219 240 55.6476
24 221 9 1.9389
24 222 35 7.9124
24 223 769 225.9394
24 224 29 6.6217
24 225 681 166.3962
24 227 4 0.8123
24 228 2 0.4601
24 229 2 0.4978
24 230 7 1.6939
24 231 62 17.3694
24 232 476 108.4618
24 233 27 8.1606
24 234 3 0.6404
24 235 1 0.2534
24 236 15 3.1824
24 237 131 26.5563
24 238 19 4.2017
24 240 16 3.5391
24 241 4 0.7768
24 242 2 0.3712
24 243 2 0.3958
24 244 25 6.7335
24 245 26 5.7362
24 246 41 9.1393
24 247 8 1.8443
24 249 973 249.8913
24 250 10 3.3790
24 252 25 5.9111
24 253 4 0.8450
24 254 2 0.4569
24 255 17 3.9228
24 257 215 48.8703
24 258 13 2.8108
24 259 5 1.0821
24 262 34 8.1223
24 263 60 15.3487
24 264 128 29.6897
24 265 34 7.5562
24 266 129 30.3692
24 268 12 2.4812
24 269 57 16.8047
24 272 1 0.2865
24 273 71 14.5858
24 274 1 0.2217
24 275 7 1.7083
24 276 17 3.6951
24 277 6 1.4404
24 278 30 7.1797
24 280 1 0.2412
24 281 24 5.5551
24 282 5 1.1193
24 283 304 70.2812
24 284 37 10.6124
24 285 81 28.6375
24 287 2 0.4259
24 289 5 1.1891
24 290 13 3.2019
24 291 23 5.8555
24 292 76 17.5112
24 293 3 0.6470
24 294 15 3.6015
24 296 99 22.4564
24 297 2 0.4675
24 299 15 3.4468
24 300 41 9.1210
24 302 4 1.0349
24 303 1 0.2709
24 304 21 4.9747
24 305 1 0.1877
24 306 4 0.8871
24 307 5 1.0273
24 309 3 0.6967
24 311 211 47.3950
24 313 19 4.9325
24 314 54 12.5014
24 315 52 11.7452
24 316 29 6.4114
24 317 31 7.8332
24 321 58 19.5486
24 322 2 0.4564
24 323 2 0.3732
24 324 58 13.5634
24 325 21 5.1577
24 326 5 1.0719
24 328 1 0.2955
24 330 13 2.9355
24 331 36 7.9988
24 332 173 49.9578
24 333 74 15.4799
24 334 4 0.8428
24 335 5 1.1935
24 336 24 6.0769
24 337 3 0.6806
24 338 231 51.9203
24 339 31 7.3764
24 341 2 0.4603
24 342 16 5.8873
24 343 20 5.9322
24 344 4 1.1156
24 345 18 3.5948
24 346 210 48.9278
24 347 3 0.7209
24 348 1 0.1926
24 351 56 14.7253
24 353 117 31.8303
24 354 6 1.4555
24 355 34 7.4243
24 356 19 4.3629
24 358 41 12.0486
24 359 35 7.7032
24 362 7 2.0118
24 363 2 0.7189
24 364 6 1.5993
24 365 18 4.0380
24 367 294 101.8101
24 368 14 3.0968
24 369 119 28.2987
24 370 4 0.9145
24 374 3 0.7068
24 375 5 1.2244
24 376 8 1.8425
24 377 1 0.3125
24 378 46 10.5977
24 379 1 0.1830
24 382 94 21.9323
24 383 40 9.8782
25 0 2 0.3909
25 1 2 0.4755
25 4 41 8.9737
25 7 296 77.8141
25 8 31 5.6647
25 11 21 6.2260
25 15 28 8.2890
25 16 47 10.2966
25 17 6 1.1154
25 18 5 1.0248
25 20 209 54.5750
25 21 40 7.1750
25 23 395 92.2632
25 24 14 3.4305
25 25 9 1.9600
25 26 2 0.4169
25 27 1 0.1570
25 29 7 1.0892
25 32 412 96.0033
25 33 222 52.8901
25 34 16 3.5149
25 35 23 5.5274
25 36 10 2.2615
25 37 34 7.7992
25 38 2 0.4211
25 40 8 1.5047
25 41 16 3.4894
25 42 68 15.6608
25 43 36 8.1791
25 44 1 0.1341
25 45 3 0.6854
25 47 14 2.8629
25 51 6 0.9631
25 53 7 1.5544
25 54 13 3.4453
25 55 64 17.9746
25 56 5 1.0960
25 58 155 35.9260
25 59 4 0.7261
25 60 19 4.2159
25 61 4 0.9601
25 62 19 4.3450
25 63 8 2.9799
25 64 13 2.8121
25 65 7 1.5806
25 66 24 5.5504
25 67 41 8.2945
25 68 15 3.5827
25 71 1 0.1375
25 73 54 13.0632
25 74 16 3.6719
25 75 53 11.7443
25 80 3 0.7346
25 81 2 0.2819
25 82 42 8.0499
25 83 1 0.1940
25 86 915 216.7236
25 87 3 0.7302
25 89 90 21.0992
25 90 16 3.4546
25 91 5 1.2651
25 92 3 0.5998
25 93 4 1.0013
25 94 125 29.7318
25 96 18 3.6930
25 97 132 31.3216
25 98 14 3.2088
25 99 18 4.9367
25 101 9 2.2581
25 103 189 40.3607
25 105 3 0.7465
25 106 139 31.8132
25 107 23 5.5820
25 108 2 0.3638
25 110 14 3.2892
25 111 474 128.7101
25 112 31 8.0739
25 113 7 1.4535
25 114 15 3.9803
25 115 260 61.8604
25 116 5 1.0254
25 118 1 0.1257
25 120 21 4.3678
25 121 12 2.8689
25 122 32 6.1301
25 124 37 7.8576
25 125 15 3.1049
25 127 1 0.2245
25 128 31 7.9720
25 130 23 5.4027
25 131 2 0.4568
25 132 3 0.5351
25 133 6 1.4052
25 134 134 29.8294
25 135 16 3.8016
25 136 68 15.9575
25 138 1 0.2427
25 139 136 30.9844
25 140 6 1.2210
25 141 1 0.1837
25 142 73 16.8389
25 143 8 1.6044
25 144 11 2.5340
25 145 15 3.2106
25 146 3 0.5982
25 147 12 2.6539
25 148 3 0.5311
25 149 1 0.2283
25 150 8 1.8582
25 151 38 9.1526
25 152 62 14.4530
25 153 17 3.9096
25 156 19 4.9162
25 157 4 1.0014
25 158 1 0.1319
25 159 8 1.9054
25 160 78 18.1467
25 161 21 4.6188
25 162 56 13.2741
25 163 44 10.5785
25 164 1021 324.7368
25 165 73 16.2177
25 166 52 11.7144
25 167 37 8.5443
25 168 39 9.0504
25 169 3 0.6577
25 171 43 13.4298
25 172 11 3.0184
25 174 24 5.1296
25 177 24 6.0268
25 178 247 65.2233
25 179 13 2.9489
25 182 24 5.4975
25 184 81 18.0473
25 185 1 0.2244
25 186 99 22.3249
25 187 27 5.8059
25 188 12 2.9029
25 189 45 10.3680
25 192 13 4.1117
25 193 50 12.6119
25 197 28 5.6998
25 198 4 0.8806
25 199 83 18.9630
25 203 6 1.2697
25 204 9 1.9028
25 205 97 21.7780
25 208 57 15.7832
25 209 35 8.6348
25 210 21 4.7837
25 211 133 37.0963
25 213 15 3.3430
25 214 9 1.9459
25 215 161 38.5740
25 216 419 124.6823
25 217 7 1.4267
25 220 1 0.2245
25 221 14 3.3139
25 225 12 2.5601
25 227 3 0.4335
25 228 12 2.7195
25 229 5 1.2322
25 230 7 1.7040
25 231 96 25.6257
25 233 41 10.1893
25 235 34 7.6719
25 236 69 14.9260
25 237 107 26.0593
25 239 47 10.0118
25 240 1 0.2386
25 241 25 4.4913
25 242 511 102.3356
25 244 55 13.8998
25 246 26 6.1771
25 247 13 2.9928
25 248 12 2.7093
25 249 99 23.7782
25 250 150 36.5322
25 251 232 50.1609
25 252 32 6.6153
25 253 23 4.4339
25 254 1 0.2432
25 256 16 2.7694
25 257 2 0.4402
25 260 324 74.6170
25 261 75 16.1601
25 263 109 23.5922
25 265 36 8.0963
25 266 15 3.4317
25 269 59 12.4074
25 271 69 16.8353
25 272 34 8.8687
25 274 11 2.6137
25 276 18 4.3398
25 277 7 1.6019
25 279 28 6.4455
25 283 25 5.7829
25 286 20 4.1986
25 287 83 19.2183
25 288 72 15.4639
25 290 4 0.9303
25 291 53 12.2772
25 293 481 152.5010
25 294 25 5.6400
25 295 8 1.6646
25 299 13 3.3585
25 300 6 1.4116
25 301 264 60.6899
25 302 84 15.5542
25 303 106 23.9684
25 304 25 6.2478
25 305 1 0.2453
25 306 121 28.9814
25 309 1 0.3162
25 310 151 33.1272
25 312 23 4.6147
25 315 55 14.5091
25 316 1 0.2541
25 317 1 0.2654
25 318 16 3.6941
25 320 57 14.6262
25 321 243 70.3026
25 323 68 17.0908
25 324 4 1.2239
25 325 97 22.1662
25 326 4 0.8319
25 327 7 1.6328
25 328 35 6.6936
25 330 9 1.8401
25 331 70 19.0241
25 332 12 2.7461
25 333 66 19.8325
25 334 1 0.2641
25 335 14 3.4256
25 336 33 7.8612
25 337 160 45.0809
25 344 4 0.7838
25 346 9 2.0598
25 347 60 13.6032
25 349 26 6.1775
25 351 34 7.3277
25 352 60 15.1104
25 354 6 0.9753
25 356 24 5.1974
25 357 48 10.7237
25 358 527 130.1469
25 359 574 195.2906
25 360 106 23.8804
25 364 88 23.9753
25 365 3 0.4562
25 367 5 1.1674
25 368 6 1.1579
25 371 13 2.8933
25 372 2 0.5016
25 373 3 0.7398
25 375 2 0.4645
25 376 1 0.1415
25 377 3 0.6958
25 379 1 0.2081
25 380 1 0.1776
25 382 1 0.2515
25 383 49 11.1040
26 0 60 13.1441
26 2 14 5.1429
26 3 4 0.8551
26 4 75 17.2700
26 5 1 0.2284
26 7 4 1.1925
26 8 1 0.2344
26 10 1 0.1350
26 11 134 30.7716
26 12 461 106.6793
26 14 20 4.5249
26 15 56 14.9600
26 16 65 14.6839
26 17 32 7.3889
26 20 109 24.5747
26 25 1 0.1525
26 26 30 6.1264
26 27 199 50.8219
26 28 43 10.0609
26 29 74 17.5175
26 30 23 5.7738
26 31 7 1.7069
26 32 11 2.5018
26 33 8 1.6553
26 34 7 1.5033
26 36 24 5.2405
26 37 236 62.5649
26 38 2 0.4891
26 39 15 3.8722
26 40 50 10.9440
26 41 114 24.1672
26 42 15 3.5273
26 43 42 9.5949
26 44 28 6.1187
26 45 22 4.3793
26 46 15 3.2554
26 48 60 13.0905
26 49 45 10.0051
26 50 10 2.2561
26 51 33 7.7196
26 54 103 22.2935
26 56 1 0.1452
26 57 11 3.0551
26 60 30 6.6661
26 61 14 3.1837
26 62 14 2.5276
26 64 6 1.2914
26 65 29 6.2862
26 66 1 0.4591
26 68 11 2.4984
26 69 307 68.5556
26 70 38 9.9221
26 74 6 1.4187
26 76 45 12.9663
26 77 15 3.3982
26 78 1 0.2343
26 79 60 14.4301
26 80 15 2.7998
26 81 21 4.6507
26 82 6 1.2262
26 83 7 1.4110
26 84 38 8.4739
26 85 2 0.4300
26 86 1 0.2218
26 87 26 5.4616
26 88 4 0.8072
26 89 3 0.6812
26 90 100 22.9958
26 91 4 0.8436
26 92 35 6.3334
26 93 381 82.3168
26 94 12 2.4828
26 95 68 16.9826
26 97 85 21.4614
26 100 12 2.3231
26 101 22 4.9723
26 102 9 1.9407
26 103 1 0.4046
26 104 13 2.8027
26 105 97 27.3483
26 106 49 11.6195
26 107 141 32.7864
26 109 1 0.2763
26 110 4 0.6781
26 112 14 3.5239
26 113 2 0.4897
26 114 1 0.2157
26 116 553 132.6262
26 117 3 0.7196
26 118 52 11.9867
26 119 8 1.7988
26 120 54 13.2188
26 121 37 9.8647
26 122 84 18.4947
26 123 16 3.7711
26 124 6 1.1053
26 125 9 2.4070
26 126 1 0.2171
26 127 1 0.1927
26 128 80 19.0245
26 129 7 1.4980
26 133 129 28.3112
26 134 5 1.0690
26 135 3 0.6718
26 136 42 10.6112
26 137 44 9.7441
26 138 16 4.4319
26 139 14 3.4500
26 140 29 9.0096
26 142 79 17.9206
26 144 1 0.2274
26 145 11 2.3990
26 148 13 2.6368
26 149 20 4.0925
26 151 23 5.2800
26 152 11 2.5984
26 153 118 25.7238
26 155 1 0.2469
26 156 1 0.2446
26 157 51 12.3869
26 159 58 14.6913
26 160 87 19.2481
26 162 20 4.4796
26 164 1 0.1757
26 166 54 12.2979
26 167 51 10.9300
26 168 4 0.9555
26 169 28 6.9343
26 170 6 1.6820
26 171 42 9.3097
26 172 2 0.3112
26 173 69 16.4302
26 176 132 29.9106
26 177 1 0.2565
26 178 133 32.4736
26 179 35 8.2577
26 181 6 1.2545
26 182 2 0.4050
26 183 29 6.6510
26 185 54 13.7588
26 186 393 91.7168
26 187 19 3.9340
26 188 1 0.1817
26 189 2 0.4794
26 190 5 1.1348
26 191 41 8.8657
26 192 273 60.9352
26 194 5 1.0743
26 195 2 0.3762
26 196 18 4.6292
26 197 4 0.8872
26 198 284 66.9497
26 199 22 4.5954
26 200 477 120.7711
26 202 37 8.7957
26 203 1 0.2220
26 204 17 3.9204
26 205 27 6.0152
26 206 722 256.0553
26 207 41 10.7956
26 208 23 5.0979
26 209 31 7.4226
26 211 228 50.5893
26 212 2 0.3788
26 213 9 2.0526
26 214 17 4.6608
26 215 8 1.9759
26 216 17 4.2278
26 217 27 5.3406
26 220 15 3.3581
26 221 3 0.6829
26 223 41 9.3661
26 227 181 42.5042
26 228 260 84.5493
26 230 35 7.7806
26 231 4 0.7801
26 233 27 6.2232
26 235 1 0.1869
26 236 6 1.6170
26 237 78 17.5193
26 239 45 9.6494
26 240 15 2.9470
26 241 382 88.5755
26 242 15 3.2888
26 244 7 2.0200
26 245 25 6.2036
26 246 1 0.3273
26 247 2 0.4165
26 248 70 16.5162
26 249 11 2.5667
26 250 15 3.5005
26 251 43 11.4133
26 252 38 8.7285
26 254 109 23.8874
26 256 9 1.9784
26 257 18 4.3158
26 258 30 6.6815
26 259 131 34.6070
26 260 6 1.3258
26 263 13 2.7515
26 264 14 3.1351
26 265 664 202.4001
26 266 28 6.7203
26 267 10 2.5391
26 268 8 2.1796
26 269 5 1.0540
26 270 23 4.8861
26 272 15 3.2950
26 273 1 0.2072
26 274 5 1.2584
26 276 673 218.1008
26 277 18 4.3852
26 280 96 24.2301
26 281 12 2.5194
26 283 113 25.2691
26 284 94 22.6164
26 285 20 4.3633
26 288 6 1.4029
26 289 3 0.6450
26 290 104 24.9439
26 292 7 1.6835
26 293 19 4.2628
26 295 25 5.7551
26 296 1 0.1959
26 297 9 1.7870
26 298 1 0.2214
26 299 8 1.7830
26 302 7 1.5110
26 303 16 3.7628
26 304 43 9.4631
26 305 1 0.2211
26 307 6 1.4062
26 308 4 0.8666
26 309 222 68.9748
26 310 9 1.9438
26 311 9 2.0235
26 315 39 9.9819
26 317 29 6.6734
26 319 2 0.4694
26 322 2 0.4939
26 323 15 3.4354
26 325 20 5.1436
26 327 4 0.8006
26 328 23 5.6851
26 330 22 5.0148
26 331 12 3.0547
26 332 12 2.8847
26 333 214 46.7617
26 334 55 16.2755
26 336 25 6.2949
26 341 132 31.6170
26 343 147 36.5862
26 345 61 13.8978
26 347 25 6.2209
26 348 19 4.1046
26 349 68 16.0864
26 351 25 6.7742
26 352 1 0.2335
26 353 8 1.5880
26 355 2 0.2815
26 357 2 0.4894
26 358 17 4.0695
26 360 6 1.3018
26 361 266 60.5465
26 362 28 6.5751
26 364 5 1.0508
26 365 74 16.7566
26 367 7 1.9882
26 368 27 6.2809
26 369 37 8.2471
26 370 15 3.6632
26 371 162 38.6048
26 372 8 1.9565
26 373 43 10.2146
26 375 5 0.9269
26 376 69 15.5787
26 377 29 7.6039
26 380 107 21.2838
26 382 16 3.8557
26 383 80 24.1519
27 0 1 0.2440
27 2 34 8.7902
27 3 47 12.6646
27 4 13 2.8174
27 5 1 0.1710
27 7 8 1.7693
27 8 26 5.7914
27 9 79 21.0715
27 10 55 15.8564
27 12 25 5.7380
27 13 1 0.1477
27 14 4 0.8679
27 16 1 0.1580
27 18 165 38.3916
27 22 24 5.7706
27 23 111 24.5003
27 25 1 0.2283
27 26 1 0.2065
27 27 7 1.7158
27 28 13 3.6954
27 29 10 2.2157
27 33 2 0.5531
27 36 10 2.1614
27 39 10 2.2573
27 40 20 3.9931
27 41 14 3.1059
27 43 26 9.5446
27 44 8 1.9901
27 45 723 237.7645
27 46 56 12.7081
27 47 24 4.8594
27 48 1 0.3754
27 49 19 4.6441
27 50 49 10.6824
27 51 5 0.9342
27 52 64 14.4346
27 53 3 0.5488
27 54 12 2.9489
27 55 24 4.9975
27 57 297 73.5904
27 59 10 2.3035
27 60 3 0.6450
27 61 45 10.1022
27 62 63 15.0839
27 63 344 100.2171
27 64 21 5.4303
27 66 14 3.1753
27 67 4 0.9492
27 68 14 3.6448
27 69 337 98.9110
27 70 32 6.1807
27 72 26 5.9364
27 73 28 5.4259
27 75 1 0.2217
27 76 23 5.4955
27 77 132 34.1592
27 78 10 2.3497
27 79 35 7.7797
27 80 3 0.5003
27 82 2 0.8369
27 83 3 0.5673
27 84 1 0.2286
27 85 9 2.3167
27 86 14 3.0813
27 87 2 0.4156
27 88 115 25.6399
27 89 8 1.9220
27 90 102 22.2603
27 91 25 5.9283
27 92 59 13.4860
27 93 7 1.6054
27 95 5 0.9958
27 96 26 5.5953
27 98 2 0.4217
27 99 2 0.4177
27 100 11 2.3168
27 101 559 166.0179
27 102 1 0.2293
27 103 28 8.0405
27 104 58 13.5133
27 105 111 26.1195
27 106 31 6.8693
27 107 29 6.4113
27 108 7 1.5350
27 110 47 10.3924
27 113 16 3.6633
27 114 15 3.4238
27 115 84 17.8629
27 116 337 104.8130
27 117 5 1.0157
27 119 7 1.4192
27 121 11 2.6240
27 122 13 2.7924
27 124 42 9.0122
27 125 123 27.2260
27 126 21 5.2306
27 127 1 0.2999
27 128 95 20.3877
27 129 83 19.1685
27 130 24 4.7614
27 131 21 5.0944
27 132 1 0.1346
27 133 4 0.8780
27 134 2 0.4107
27 135 7 1.4091
27 136 43 9.0679
27 137 4 1.0405
27 138 4 0.9028
27 140 4 0.8294
27 142 22 5.1158
27 143 14 3.1891
27 144 2 0.4403
27 145 6 1.0003
27 146 266 59.0741
27 147 67 15.3163
27 148 1134 297.7798
27 149 18 4.7176
27 151 45 10.3460
27 152 80 17.0366
27 153 49 11.7681
27 154 66 19.4825
27 157 8 1.3785
27 158 12 3.4343
27 159 1 0.2941
27 163 1 0.1275
27 164 2 0.4325
27 165 57 12.6707
27 166 13 2.8953
27 167 5 0.7129
27 168 25 5.4262
27 169 64 14.2679
27 170 1 0.3444
27 171 3 0.7733
27 172 1 0.2436
27 173 1 0.2475
27 174 13 3.0316
27 176 13 3.0110
27 177 363 81.9649
27 178 19 4.9431
27 179 43 9.8734
27 180 10 2.0928
27 181 1 0.1429
27 182 15 4.7273
27 183 2 0.5814
27 185 2 0.4155
27 186 134 29.3677
27 188 15 3.0647
27 189 7 1.3909
27 192 16 3.6729
27 194 83 18.2327
27 195 65 14.6187
27 196 16 2.9863
27 197 6 1.3676
27 198 61 13.1146
27 199 73 15.8644
27 200 10 2.2150
27 201 7 1.3273
27 202 10 1.8114
27 203 1 0.2308
27 204 7 1.3789
27 205 7 1.6317
27 207 21 4.7824
27 208 33 7.2932
27 209 13 2.2913
27 210 19 4.0145
27 211 12 2.6231
27 213 1 0.2048
27 214 539 124.1048
27 215 2 0.4590
27 216 21 4.5175
27 218 127 28.8851
27 220 61 12.2543
27 221 22 4.8779
27 222 8 1.7722
27 223 4 0.8820
27 224 49 10.1024
27 225 2 0.3516
27 227 1 0.2337
27 228 17 3.1017
27 229 1 0.2243
27 231 25 9.8605
27 233 19 4.0892
27 235 12 2.5666
27 236 2 0.3350
27 237 11 3.6525
27 239 8 1.4314
27 240 19 4.7444
27 241 25 5.5191
27 242 19 3.7649
27 243 7 1.4891
27 244 53 11.6164
27 245 8 1.6347
27 246 30 6.4885
27 247 6 2.2971
27 248 14 2.8681
27 249 39 8.5129
27 250 105 25.3664
27 251 26 5.9487
27 252 1 0.1395
27 253 20 4.7414
27 254 38 8.2777
27 255 21 4.6229
27 256 10 2.4282
27 257 17 3.3743
27 258 6 1.0259
27 259 660 164.5968
27 261 2 0.4421
27 262 1 0.2392
27 263 43 9.2590
27 265 67 16.8576
27 266 44 9.2503
27 268 62 13.7649
27 270 6 1.2675
27 271 110 24.0686
27 272 9 2.2299
27 273 53 11.9736
27 274 43 8.6355
27 275 5 0.8572
27 276 13 2.7401
27 278 17 3.9315
27 279 6 1.3868
27 280 54 13.1602
27 281 15 4.3753
27 282 72 18.7136
27 283 78 16.7482
27 284 18 4.1633
27 285 39 9.6161
27 287 4 0.8438
27 289 112 22.2704
27 291 33 7.0252
27 292 35 7.4338
27 293 3 0.6913
27 294 1 0.2536
27 295 19 3.8936
27 296 27 6.2222
27 297 44 9.8939
27 298 26 5.8265
27 299 5 1.1149
27 301 4 1.1564
27 302 3 0.7211
27 303 35 7.2584
27 304 11 6.0920
27 305 43 9.3680
27 306 43 11.6645
27 307 3 0.6252
27 308 250 59.9558
27 309 1 0.2532
27 310 14 3.5056
27 312 1 0.1517
27 313 5 1.1391
27 314 32 9.9662
27 315 77 16.5150
27 321 14 3.4751
27 322 6 1.7241
27 323 17 3.5362
27 324 34 9.0564
27 325 3 0.7751
27 326 115 25.9397
27 327 37 7.9876
27 328 32 7.6067
27 329 13 2.8029
27 331 79 23.8338
27 334 2 0.4429
27 335 27 6.0742
27 336 528 144.6955
27 337 12 2.4830
27 338 4 0.7960
27 339 5 1.2204
27 341 2 0.3610
27 342 23 5.4408
27 343 31 7.3083
27 344 6 1.2893
27 345 1 0.2033
27 346 39 8.3358
27 347 2 0.3681
27 350 4 0.9566
27 351 7 2.0757
27 352 5 0.7932
27 353 64 15.0103
27 354 3 0.6844
27 355 96 23.0373
27 357 1 0.1474
27 358 18 6.1904
27 359 10 2.4302
27 360 16 3.0416
27 361 34 7.6154
27 362 194 62.1749
27 363 114 30.3690
27 365 7 1.7337
27 366 46 10.6451
27 367 26 5.0821
27 369 1 0.1970
27 370 9 2.6441
27 371 4 0.9104
27 373 89 25.5984
27 374 22 4.3323
27 375 9 2.0785
27 377 3 0.8018
27 378 24 5.4547
27 379 13 2.8807
27 380 3 0.4871
27 381 10 1.9583
27 382 148 32.6935
27 383 158 35.5997
28 2 45 11.2809
28 3 7 1.7260
28 7 33 8.2339
28 9 18 4.8587
28 11 169 45.0221
28 12 2 0.4474
28 13 10 2.2858
28 15 81 18.7340
28 16 43 11.1285
28 18 5 1.0186
28 19 18 3.6597
28 22 49 12.1922
28 25 3 0.6600
28 27 40 9.2684
28 29 3 0.7303
28 30 14 3.3503
28 31 11 2.7678
28 32 22 4.9350
28 34 19 4.7420
28 35 4 1.0097
28 36 6 2.0590
28 38 123 39.2827
28 39 2 0.4785
28 40 87 20.5322
28 41 22 4.4997
28 42 1 0.2060
28 43 71 17.7562
28 44 16 3.4931
28 45 7 1.5489
28 46 26 6.1851
28 47 10 2.2302
28 48 18 4.6252
28 49 25 9.1008
28 50 75 19.1956
28 51 76 18.5850
28 52 279 66.7348
28 53 49 10.6773
28 55 2 0.4616
28 56 75 14.4802
28 57 246 59.0194
28 58 64 15.0002
28 59 68 18.4460
28 60 8 2.3419
28 61 14 3.9254
28 67 263 97.7282
28 69 3 0.5974
28 70 18 4.6131
28 71 12 2.3001
28 72 31 6.4050
28 73 34 6.9722
28 74 13 2.9425
28 76 2 0.4482
28 78 57 13.4202
28 79 14 3.2218
28 82 116 27.3108
28 83 18 5.0014
28 84 26 5.7013
28 85 51 12.0801
28 86 4 0.8456
28 87 41 8.2893
28 88 17 4.1569
28 89 19 5.5341
28 90 23 4.8311
28 91 113 27.9260
28 92 682 171.3491
28 93 5 1.1751
28 94 81 18.6361
28 96 195 49.3422
28 97 10 2.2781
28 98 4 1.0055
28 101 239 55.3860
28 103 9 2.5503
28 108 65 14.5918
28 109 14 3.2119
28 110 60 14.1871
28 112 6 1.4778
28 113 3 0.5240
28 115 1 0.1482
28 116 8 1.7402
28 118 415 100.5479
28 119 3 0.5385
28 120 41 9.7152
28 121 3 0.5768
28 122 30 6.7571
28 125 12 3.0852
28 126 60 18.9122
28 127 34 7.7432
28 129 50 16.0908
28 130 11 2.4850
28 131 2 0.3175
28 133 3 0.6417
28 134 1 0.2095
28 135 38 9.2881
28 136 6 1.4052
28 137 221 57.1326
28 138 29 7.3432
28 139 91 21.1378
28 140 15 3.5600
28 141 166 45.5587
28 142 4 0.9159
28 143 58 13.7769
28 144 6 1.3632
28 147 12 3.8308
28 150 17 3.7039
28 151 10 3.3504
28 153 166 45.4366
28 154 10 2.1745
28 156 2 0.3804
28 158 4 0.5865
28 159 24 5.6781
28 161 3 0.4341
28 163 8 1.2042
28 165 2 0.4945
28 166 14 3.0003
28 167 9 2.1281
28 169 68 11.5676
28 170 180 42.3689
28 171 1 0.2469
28 173 3 0.7647
28 175 137 37.2363
28 176 1 0.2486
28 177 14 3.1179
28 178 27 6.3450
28 179 53 12.5562
28 180 4 0.7138
28 182 6 1.6431
28 184 67 16.5035
28 185 2 0.3497
28 187 24 5.4658
28 189 134 33.7630
28 190 2 0.2736
28 192 31 8.5687
28 193 47 11.2709
28 194 8 1.2693
28 197 8 1.2399
28 198 8 1.8819
28 199 9 2.1434
28 200 171 43.1963
28 202 1 0.1473
28 203 14 2.7326
28 204 3 0.7011
28 205 11 2.2975
28 206 6 1.4419
28 207 4 1.0316
28 210 1 0.2237
28 211 181 44.4479
28 212 70 15.9823
28 213 9 1.5193
28 214 211 44.6066
28 215 37 7.2613
28 219 7 1.6528
28 220 10 2.0120
28 221 65 14.1241
28 222 40 9.4542
28 223 1 0.2360
28 224 19 5.6424
28 226 5 0.9949
28 227 33 7.8381
28 228 1 0.2393
28 229 4 0.9454
28 230 32 7.1495
28 232 134 33.3488
28 233 19 3.5181
28 234 13 3.0648
28 235 104 25.3956
28 236 2 0.4121
28 238 39 9.4033
28 239 3 0.7677
28 240 3 0.8858
28 242 229 57.0265
28 243 97 21.2085
28 244 4 1.0795
28 246 236 54.0627
28 247 13 2.9456
28 248 37 9.7784
28 249 114 32.1721
28 251 41 9.6926
28 252 76 19.1591
28 253 361 84.4838
28 254 10 2.3841
28 257 4 0.9673
28 258 1 0.2085
28 259 21 5.0713
28 261 4 0.6916
28 262 538 153.3524
28 263 13 3.1363
28 264 10 2.2605
28 265 1 0.2407
28 266 6 0.7845
28 268 4 0.7973
28 270 3 0.3650
28 271 36 10.5999
28 272 18 3.9947
28 273 6 1.2015
28 274 102 20.0889
28 275 15 5.0276
28 276 27 6.8860
28 277 9 2.0591
28 278 1 0.2232
28 279 1 0.0909
28 280 6 1.3895
28 281 1 0.2052
28 282 1 0.2201
28 283 68 16.4908
28 284 6 1.3358
28 285 103 23.9020
28 286 7 1.7270
28 287 16 2.6219
28 289 79 19.2995
28 291 64 15.2760
28 293 15 3.3014
28 294 72 14.9544
28 295 97 24.0410
28 296 201 45.5965
28 297 11 2.3389
28 298 3 0.7572
28 300 87 20.9133
28 302 8 1.7055
28 303 15 3.0426
28 304 57 14.1666
28 305 1 0.2547
28 308 153 37.9696
28 310 14 3.5952
28 311 14 3.2652
28 312 48 10.2489
28 313 13 2.2956
28 314 3 0.2525
28 315 93 28.9795
28 316 3 0.6289
28 317 2 0.3498
28 319 44 10.5626
28 321 6 1.6212
28 322 1 0.2420
28 323 1 0.1790
28 324 43 11.8863
28 325 4 0.9195
28 326 10 1.1927
28 327 1 0.2498
28 330 194 46.0511
28 332 30 5.9930
28 333 42 9.6589
28 334 3 0.5820
28 336 33 6.3637
28 337 10 2.4217
28 338 8 1.7238
28 339 1 0.1447
28 341 42 9.2085
28 342 17 3.4988
28 345 3 0.6872
28 347 141 32.5884
28 348 439 150.3778
28 349 1 0.2820
28 350 2 0.4843
28 351 5 1.1703
28 352 57 11.5746
28 353 30 4.6015
28 355 18 4.8681
28 357 52 8.5397
28 358 23 5.5049
28 359 150 36.6059
28 360 6 1.4245
28 362 52 14.2150
28 364 42 11.0216
28 366 78 18.5435
28 367 64 17.1149
28 368 3 0.3082
28 369 40 11.0192
28 370 10 3.8850
28 372 1 0.2446
28 374 1 0.2022
28 375 7 1.5834
28 376 346 90.4633
28 377 132 32.7062
28 378 7 1.5737
28 379 7 1.5016
28 380 13 4.3083
28 381 5 1.3236
28 382 28 6.9598
28 383 40 8.4853
29 0 21 4.7307
29 1 1 0.2035
29 2 2 0.4235
29 3 8 1.4603
29 4 8 3.1310
29 5 3 0.5238
29 6 6 1.8136
29 7 10 2.3125
29 8 3 0.4718
29 9 78 18.6412
29 10 13 3.0305
29 11 18 4.2018
29 13 50 10.5627
29 14 9 1.8727
29 17 4 0.8272
29 19 5 1.0192
29 21 19 4.0428
29 22 9 1.8124
29 25 58 13.0941
29 27 5 1.0832
29 28 3 0.6721
29 29 133 29.4456
29 30 84 12.7459
29 31 2 0.4358
29 32 4 0.7970
29 33 66 19.7517
29 34 46 10.3331
29 35 28 6.2119
29 36 6 1.3141
29 37 7 1.5369
29 38 21 4.1616
29 39 17 3.0661
29 40 128 20.6737
29 41 9 1.6849
29 42 11 2.2362
29 43 145 31.4171
29 45 2 0.2745
29 46 2 0.4897
29 47 18 5.4431
29 48 66 19.3320
29 49 1 0.1420
29 50 9 2.0821
29 52 22 8.5034
29 53 17 3.4792
29 55 127 28.4375
29 56 55 12.8057
29 57 4 0.8536
29 58 8 2.1306
29 59 18 5.8654
29 61 8 1.3606
29 62 7 1.3288
29 64 62 12.2248
29 66 14 3.3206
29 67 1 0.2701
29 68 2 0.3595
29 69 74 16.2487
29 70 83 18.9803
29 71 22 5.0535
29 72 367 90.4418
29 73 3 0.5536
29 75 492 187.4212
29 76 51 11.7570
29 77 43 14.3457
29 78 11 3.1306
29 80 2 0.4408
29 81 16 3.3356
29 83 37 8.6808
29 84 22 5.5542
29 85 4 0.9397
29 86 32 7.3439
29 87 220 48.3927
29 88 15 3.2714
29 89 5 0.9930
29 90 12 2.6510
29 91 4 0.6710
29 92 13 2.9176
29 93 10 2.3806
29 94 32 6.9073
29 95 43 9.0099
29 96 2 0.3770
29 97 26 5.1973
29 98 57 13.1157
29 99 23 5.2664
29 100 4 0.7162
29 101 141 33.0946
29 102 11 3.0544
29 103 8 1.6656
29 104 5 1.2443
29 105 38 8.5163
29 107 1 0.2783
29 109 45 12.6632
29 110 5 1.0222
29 113 4 0.8792
29 114 59 13.4452
29 115 48 11.7767
29 117 190 40.7992
29 119 126 33.1801
29 120 11 2.4531
29 121 1 0.1916
29 122 19 4.1849
29 123 6 1.7000
29 124 2 0.3693
29 125 15 3.0303
29 126 104 22.8104
29 129 40 8.4355
29 130 1 0.2213
29 131 25 7.6635
29 132 1 0.2403
29 133 1 0.1958
29 134 7 1.5402
29 135 20 4.6684
29 136 129 28.9162
29 137 14 3.3208
29 138 4 0.6455
29 139 30 6.7233
29 140 16 3.3288
29 141 1 0.1432
29 142 171 46.1597
29 145 1 0.1353
29 146 3 0.5742
29 147 22 5.0257
29 148 5 1.0132
29 150 3 0.6762
29 152 30 6.3671
29 153 178 37.4879
29 154 41 9.6347
29 155 24 5.8166
29 157 1 0.1975
29 158 7 1.5335
29 159 1 0.2470
29 160 57 14.4318
29 161 26 5.8689
29 162 199 44.9544
29 163 13 2.5035
29 164 2 0.4722
29 165 1 0.1207
29 166 13 3.0884
29 167 279 59.9739
29 168 52 9.7241
29 169 15 3.5798
29 170 27 5.9836
29 171 591 260.5301
29 172 19 3.6060
29 173 28 7.1500
29 175 3 0.7314
29 176 5 1.1621
29 177 10 2.4490
29 179 1 0.1695
29 180 229 50.6062
29 181 14 2.5299
29 182 37 7.9377
29 183 2 0.4320
29 184 3 0.6242
29 187 349 73.2969
29 188 6 1.9458
29 189 13 2.8362
29 190 7 2.1497
29 191 13 3.5420
29 192 6 1.3918
29 193 3 0.4939
29 194 39 11.6004
29 197 15 3.7354
29 198 23 5.0523
29 199 4 0.6564
29 200 25 5.7004
29 202 24 5.5140
29 205 4 1.0646
29 206 7 1.9017
29 207 12 2.2394
29 208 4 0.6340
29 209 59 11.8024
29 210 24 5.0276
29 211 172 37.2317
29 212 153 31.9692
29 213 8 1.8294
29 214 27 6.2090
29 215 15 3.1618
29 216 1 0.2197
29 217 3 0.5271
29 218 70 21.7946
29 220 1 0.4005
29 221 309 70.5273
29 222 16 4.6388
29 224 1 0.2440
29 225 50 8.0892
29 226 25 11.0480
29 228 38 8.7025
29 229 27 5.4463
29 231 17 3.5955
29 232 1 0.2028
29 233 78 16.8293
29 234 5 1.2908
29 235 6 1.1577
29 237 1 0.2066
29 238 27 6.6145
29 239 3 0.8096
29 240 7 1.2952
29 241 1 0.0941
29 243 13 2.6781
29 244 61 11.9808
29 245 4 0.8117
29 246 2 0.4477
29 247 32 6.7735
29 249 1 0.3793
29 250 34 8.6396
29 251 229 60.3376
29 252 358 90.3284
29 254 25 5.7593
29 256 111 28.9113
29 257 151 32.7348
29 258 442 127.0322
29 259 99 22.1927
29 260 131 28.7896
29 261 87 19.7697
29 262 99 19.7903
29 263 12 4.3416
29 264 17 3.7938
29 265 5 0.9222
29 266 3 0.5827
29 268 13 3.3412
29 269 12 2.9412
29 270 15 3.2556
29 271 7 1.5507
29 273 11 2.2228
29 275 2 0.4330
29 276 1 0.1957
29 277 59 17.5760
29 278 9 3.4180
29 280 40 8.3907
29 283 22 4.6990
29 284 12 2.4566
29 285 26 5.5473
29 286 5 0.9912
29 287 2 0.4435
29 288 20 4.5321
29 290 1 0.1576
29 291 14 2.9086
29 293 3 0.6352
29 294 2 0.9641
29 296 10 2.4245
29 298 1 0.1315
29 299 2 0.2932
29 300 10 1.4817
29 302 22 4.7325
29 304 207 46.7826
29 305 23 5.3808
29 306 54 17.6158
29 307 27 5.8064
29 308 321 84.7260
29 310 2 0.4334
29 311 25 5.6123
29 313 3 0.7062
29 314 62 21.1202
29 315 1 0.3276
29 316 1 0.2427
29 317 6 0.7939
29 319 18 5.0308
29 320 5 1.0848
29 321 57 14.9531
29 322 6 1.3226
29 325 8 1.0016
29 327 43 8.9724
29 330 11 2.5016
29 333 33 6.9394
29 334 156 36.9372
29 336 233 79.6895
29 337 3 0.5820
29 338 4 0.9766
29 339 2 0.2762
29 340 34 7.1668
29 341 5 1.1760
29 342 6 1.3646
29 343 1 0.2646
29 344 17 3.6322
29 345 63 13.5523
29 346 10 1.7519
29 348 49 9.9241
29 349 1 0.2002
29 350 89 20.4821
29 351 15 2.9735
29 352 60 11.3569
29 353 15 3.3383
29 356 1 0.1989
29 358 18 4.9560
29 359 14 3.1878
29 360 4 1.0114
29 361 12 1.7229
29 362 11 2.5070
29 363 9 4.0658
29 364 17 3.6542
29 365 8 1.5789
29 366 11 2.2068
29 367 18 3.9723
29 369 6 1.3824
29 370 54 11.4748
29 372 6 0.7656
29 373 27 5.3787
29 374 4 0.6413
29 375 43 9.5501
29 376 348 74.0445
29 378 30 6.7927
29 379 13 2.9356
29 381 5 0.9951
30 0 32 7.5612
30 2 135 33.1876
30 3 9 2.1723
30 4 23 11.5762
30 5 5 1.0968
30 6 5 1.1528
30 7 26 5.9265
30 8 12 2.6334
30 9 120 28.2433
30 10 12 2.5089
30 11 65 17.2819
30 12 110 25.8641
30 13 15 3.2439
30 14 2 0.4522
30 15 11 2.4291
30 16 25 5.8346
30 17 268 67.8794
30 18 65 14.7319
30 19 45 9.9114
30 20 7 1.6707
30 21 34 8.0828
30 22 37 11.7923
30 23 13 2.9018
30 24 5 1.1395
30 25 3 0.6325
30 26 17 5.1532
30 27 6 1.3019
30 28 17 3.5230
30 33 14 2.9766
30 34 4 1.0270
30 35 11 2.6547
30 36 132 28.5319
30 37 1 0.2230
30 38 1 0.1848
30 39 5 0.8631
30 40 1 0.1998
30 41 39 9.4141
30 42 47 9.8081
30 43 18 3.9156
30 44 12 2.8658
30 45 9 2.6496
30 46 5 1.1223
30 48 17 4.2506
30 49 26 6.0277
30 50 7 1.4542
30 52 6 1.3512
30 55 16 3.6139
30 56 64 12.6021
30 57 17 4.9643
30 58 28 6.8125
30 59 12 2.3327
30 60 6 1.4899
30 61 24 5.9042
30 63 33 7.0491
30 64 6 1.3807
30 65 1 0.2341
30 67 171 40.0002
30 68 5 1.0764
30 69 29 5.6830
30 70 18 4.7357
30 71 1 0.2445
30 72 184 43.5015
30 73 3 0.6199
30 74 56 18.1672
30 75 1 0.1630
30 76 2 0.5424
30 77 3 0.9332
30 78 17 4.4959
30 79 8 1.9297
30 80 55 12.6239
30 81 27 6.2988
30 82 2 0.3339
30 84 71 15.0078
30 85 9 2.7498
30 86 2 0.4510
30 87 67 17.2886
30 88 5 1.0185
30 90 21 4.7849
30 91 6 0.9052
30 93 7 1.6252
30 94 2 0.4270
30 95 242 73.6349
30 97 31 11.3643
30 98 10 2.2648
30 99 269 66.6717
30 100 153 34.5211
30 103 10 3.5231
30 104 17 3.7738
30 105 15 3.5882
30 107 7 1.5894
30 108 16 4.7577
30 109 57 12.8904
30 111 114 28.0656
30 112 90 20.8289
30 113 1 0.2254
30 114 1 0.1889
30 115 32 7.4453
30 118 7 1.2529
30 119 2 0.4080
30 120 1 0.2347
30 122 26 6.0105
30 124 9 2.5115
30 125 15 3.3784
30 126 23 3.3266
30 127 16 3.8959
30 128 1 0.1991
30 129 1 0.2267
30 131 31 7.2659
30 133 264 70.2773
30 134 4 1.7779
30 135 5 0.9347
30 136 1 0.1349
30 138 21 4.8254
30 139 16 3.4787
30 140 1 0.1674
30 141 7 1.7113
30 142 11 2.4502
30 143 155 32.1478
30 144 5 1.0147
30 145 14 2.3833
30 147 3 0.6664
30 148 6 1.4800
30 149 63 14.0571
30 150 4 0.8610
30 151 5 1.1957
30 153 125 28.9921
30 154 39 8.8027
30 156 8 1.2190
30 159 34 7.3362
30 160 23 8.1872
30 161 504 152.7801
30 162 4 0.8379
30 163 20 3.0689
30 164 9 1.3242
30 165 10 1.9732
30 166 17 3.8800
30 167 11 2.6113
30 168 26 5.5919
30 170 8 1.1240
30 171 6 1.5760
30 172 9 2.5317
30 175 54 12.8743
30 176 13 2.7288
30 177 14 3.2851
30 178 25 5.7283
30 180 15 3.8276
30 181 29 7.0044
30 182 165 58.5733
30 183 4 0.8283
30 184 1 0.1335
30 185 6 1.8461
30 188 16 4.0556
30 191 18 3.5336
30 193 11 2.8567
30 194 40 9.0329
30 195 11 2.2838
30 197 766 204.2377
30 198 10 2.1846
30 199 21 3.7651
30 202 9 2.5891
30 203 17 3.4580
30 205 178 41.9030
30 206 29 6.6122
30 207 10 1.8014
30 208 7 1.6475
30 209 782 190.2365
30 210 342 85.2984
30 211 7 1.4606
30 212 45 9.1278
30 213 1 0.2047
30 215 30 6.1412
30 218 2 0.3514
30 219 2 0.4726
30 220 10 1.8690
30 222 1 0.1666
30 224 1 0.2283
30 225 19 3.9574
30 226 2 0.4569
30 228 1 0.1646
30 229 178 40.6209
30 230 3 0.6063
30 231 2 0.4562
30 233 212 66.4446
30 234 23 6.9897
30 235 82 18.5369
30 236 34 9.8504
30 237 10 2.2811
30 240 8 2.5392
30 241 35 8.5514
30 243 74 18.1433
30 244 10 2.3013
30 245 196 48.0509
30 246 15 3.3824
30 247 56 12.7549
30 248 3 0.6322
30 249 5 1.3081
30 250 213 49.4785
30 252 54 12.8091
30 254 11 2.2345
30 255 3 0.6933
30 257 5 1.1513
30 259 10 2.5917
30 260 1 0.2251
30 261 1 0.2205
30 262 80 24.3908
30 263 101 22.9696
30 264 1 0.2391
30 265 49 13.6686
30 266 5 1.0844
30 267 16 3.4417
30 268 1 0.2382
30 269 22 4.5131
30 270 2 0.3736
30 272 30 6.9837
30 273 9 1.9221
30 274 5 0.8110
30 275 10 1.7979
30 278 3 0.5410
30 279 1 0.1658
30 280 48 11.9842
30 281 30 6.3179
30 284 1 0.2213
30 285 21 4.9342
30 286 43 9.4894
30 287 9 2.0087
30 288 26 6.8872
30 289 1 0.2484
30 290 1 0.2149
30 291 5 1.0537
30 292 48 11.5481
30 294 78 19.0159
30 295 103 21.5327
30 296 138 32.8574
30 299 95 22.3244
30 300 1 0.2416
30 301 105 26.1149
30 302 162 37.9257
30 303 34 10.4122
30 304 26 5.9765
30 305 4 0.7367
30 306 7 1.7238
30 307 9 2.1862
30 308 19 4.1902
30 310 27 5.7947
30 312 1 0.1866
30 313 25 5.0631
30 317 208 56.0121
30 319 15 3.2644
30 320 7 2.3226
30 321 30 6.4439
30 322 12 4.8056
30 323 6 1.3534
30 324 18 3.8119
30 326 30 5.9068
30 327 24 5.6019
30 328 4 0.7520
30 329 29 6.6728
30 331 7 1.9064
30 332 13 3.8843
30 334 64 21.3008
30 335 1 0.2816
30 336 1 0.1869
30 337 6 1.2491
30 338 18 3.9107
30 341 9 1.7080
30 342 88 20.9675
30 344 10 2.1488
30 345 236 80.4384
30 346 2 0.6459
30 347 4 0.9004
30 348 18 4.1144
30 349 113 26.3834
30 350 2 0.3718
30 351 6 1.2851
30 352 1 0.2662
30 354 19 4.2738
30 355 147 29.9395
30 358 12 4.0816
30 360 7 1.6434
30 361 11 1.6803
30 364 3 0.5408
30 366 19 4.6360
30 367 9 2.1697
30 368 2 0.3374
30 375 8 1.6046
30 376 64 14.0730
30 377 50 10.6108
30 378 1 0.1928
30 379 99 26.5791
30 380 1 0.4369
30 382 2 0.5447
30 383 69 16.2147
31 1 11 2.6402
31 2 45 9.9821
31 3 16 4.9539
31 4 15 3.6463
31 5 69 16.3884
31 6 114 27.4542
31 7 33 7.8048
31 8 34 8.0186
31 9 1 0.1959
31 10 2 0.3868
31 11 5 0.9008
31 12 10 2.3267
31 13 6 1.3912
31 14 7 1.3532
31 15 11 2.7264
31 16 60 14.2992
31 17 523 137.9821
31 20 3 0.8279
31 22 27 9.5755
31 23 2 0.4853
31 24 1 0.4075
31 25 28 5.8219
31 26 4 1.3049
31 29 52 15.2475
31 31 119 25.2407
31 34 55 12.9952
31 35 1 0.1999
31 36 65 16.7465
31 38 145 35.7017
31 39 18 4.2595
31 41 1 0.1836
31 42 22 5.1912
31 43 29 8.7202
31 45 18 4.5234
31 46 139 33.8805
31 47 2 0.8020
31 48 7 1.5780
31 50 35 8.3747
31 51 16 3.6284
31 52 195 49.2226
31 53 34 7.4501
31 55 3 0.6613
31 56 21 5.8927
31 57 3 0.6592
31 58 16 3.3920
31 59 32 7.2986
31 62 1 0.2179
31 63 18 3.9515
31 64 187 46.8261
31 65 17 4.0175
31 66 37 8.9799
31 68 28 8.0991
31 70 37 10.5473
31 71 2 0.5748
31 72 2 0.4812
31 74 1 0.1307
31 75 36 8.9289
31 76 26 5.9769
31 77 14 3.1258
31 80 7 1.5198
31 81 2 0.3554
31 83 15 3.4776
31 85 13 2.7394
31 86 1 0.1892
31 87 2 0.4937
31 88 129 37.0306
31 91 10 2.6535
31 92 4 1.2413
31 94 8 1.4714
31 95 3 0.7251
31 96 133 30.2353
31 97 51 9.7833
31 99 2 0.4762
31 100 14 3.2574
31 101 43 10.0630
31 102 16 3.6852
31 103 96 20.6943
31 104 1 0.1992
31 105 238 52.7069
31 106 2 0.7197
31 108 18 5.1380
31 109 7 1.5496
31 110 21 5.0761
31 113 1 0.2301
31 114 24 5.7933
31 115 37 9.5430
31 116 42 10.3367
31 117 2 0.4032
31 118 17 4.2898
31 120 1 0.1891
31 121 6 1.4403
31 122 12 2.6668
31 124 1 0.2469
31 125 3 0.6433
31 127 1 0.2445
31 128 5 1.2032
31 129 57 11.4637
31 130 25 5.2862
31 131 64 15.3354
31 132 1 0.2333
31 133 54 10.8634
31 134 9 1.8344
31 135 52 12.6398
31 136 1 0.2362
31 137 11 2.8392
31 138 31 7.0696
31 139 2 0.4649
31 140 2 0.4988
31 141 10 2.0376
31 142 5 1.2247
31 143 16 3.4568
31 144 30 9.1874
31 146 2 0.4322
31 147 3 0.8705
31 148 1 0.2101
31 149 13 2.8863
31 150 1 0.2275
31 151 37 9.1907
31 152 93 21.9816
31 153 220 52.6090
31 154 3 0.5968
31 155 90 19.8201
31 156 40 8.8289
31 157 1 0.0918
31 158 14 4.7690
31 160 39 9.8954
31 162 7 1.5526
31 164 28 6.0316
31 165 5 1.4214
31 167 7 1.6763
31 168 52 15.8606
31 169 3 0.6117
31 170 26 6.3320
31 171 24 5.2953
31 173 55 12.4946
31 174 2 0.4931
31 175 27 12.4875
31 178 3 0.5872
31 181 1 0.2054
31 182 61 13.8615
31 184 5 1.3286
31 185 93 20.9067
31 186 4 0.9915
31 187 2 0.3242
31 188 365 95.2101
31 189 36 9.8331
31 190 69 15.4496
31 191 6 1.2780
31 193 14 2.4072
31 195 71 19.2597
31 197 9 1.9100
31 198 13 4.3024
31 199 2 0.6052
31 201 30 7.2205
31 203 119 27.3591
31 204 2 0.4229
31 205 1 0.2327
31 206 13 3.4821
31 207 9 1.9340
31 208 2 0.5919
31 209 7 1.6087
31 210 2 0.3838
31 211 20 4.9723
31 212 4 0.8970
31 213 209 51.1773
31 214 2 0.3515
31 216 3 0.6550
31 217 87 23.6994
31 218 2 0.3490
31 219 6 1.3168
31 221 20 4.6428
31 225 2 0.5457
31 226 2 0.4824
31 229 459 126.6009
31 230 33 8.5150
31 232 36 9.0722
31 235 9 2.4114
31 236 1 0.2739
31 237 3 0.7281
31 238 12 2.8662
31 239 13 3.2140
31 240 2 0.5758
31 241 24 5.7846
31 243 50 12.2546
31 244 33 7.4449
31 245 45 9.6404
31 246 2 0.4487
31 247 14 3.2770
31 249 39 8.4129
31 250 15 3.4575
31 251 21 5.4158
31 252 1 0.2747
31 253 17 4.3034
31 255 232 56.2993
31 256 1 0.3641
31 257 6 1.2171
31 258 85 20.7536
31 259 4 0.8126
31 260 128 30.8858
31 261 4 0.8694
31 262 5 0.9967
31 263 8 1.9085
31 266 6 1.2781
31 267 18 4.2849
31 268 4 1.6925
31 269 23 5.5316
31 270 2 0.4489
31 271 100 22.9920
31 272 6 1.2974
31 273 1 0.3022
31 274 88 20.2732
31 275 9 2.0406
31 276 230 48.8632
31 278 1 0.2106
31 279 123 29.5270
31 280 83 19.9727
31 281 101 25.2201
31 285 2 0.7952
31 286 49 17.7098
31 287 26 4.9513
31 288 6 1.3648
31 289 1 0.3395
31 290 2 0.4429
31 291 32 6.8254
31 293 30 9.8377
31 294 9 1.9618
31 295 4 0.8003
31 296 1 0.1860
31 297 276 91.8775
31 298 115 25.4005
31 299 13 5.4087
31 300 26 5.3981
31 301 22 4.3167
31 302 11 1.9117
31 303 93 24.4540
31 304 37 10.2958
31 306 2 0.3334
31 308 58 19.0613
31 310 36 12.5787
31 311 112 27.6629
31 312 16 3.5010
31 313 1 0.1798
31 314 17 3.8909
31 315 6 1.3537
31 316 10 2.2860
31 317 1 0.2137
31 318 258 63.2668
31 319 8 1.9189
31 321 6 1.3605
31 322 24 5.5985
31 323 7 1.4250
31 324 33 9.3295
31 325 94 27.3260
31 326 16 4.0759
31 329 44 10.8132
31 330 41 11.6860
31 332 2 0.5187
31 334 58 13.2690
31 335 12 2.7883
31 336 3 0.6787
31 337 194 46.5331
31 339 188 56.2421
31 340 46 10.6836
31 341 15 3.5666
31 342 5 0.8998
31 343 2 0.4097
31 344 10 2.3326
31 345 6 1.1872
31 346 1 0.1474
31 347 20 5.6807
31 348 95 21.7810
31 349 9 2.6940
31 350 27 6.3857
31 351 4 1.1699
31 352 1 0.2548
31 353 6 1.1805
31 354 187 52.3090
31 355 1 0.2214
31 356 25 6.5896
31 357 158 42.2057
31 358 99 22.1305
31 359 58 13.7051
31 361 25 5.7048
31 362 6 1.3061
31 363 2 0.2600
31 364 1 0.2541
31 368 109 26.1867
31 369 3 1.1810
31 370 51 12.3791
31 371 3 0.7584
31 375 171 40.2700
31 376 4 1.0383
31 377 3 0.6831
31 378 24 5.9547
31 381 4 0.9651
31 382 7 1.6789
31 383 1 0.1609
32 0 6 1.3411
32 1 5 1.0974
32 3 1 0.2265
32 4 1 0.1404
32 5 12 3.4802
32 6 1 0.6290
32 7 7 1.7292
32 8 4 0.8793
32 9 15 3.2501
32 10 12 2.5068
32 12 1 0.2024
32 13 9 2.0234
32 14 11 2.5728
32 15 4 0.8611
32 18 31 6.7120
32 19 214 47.7915
32 20 19 4.1255
32 23 12 3.0740
32 24 16 3.8905
32 25 38 8.7041
32 26 1 0.1657
32 28 19 4.4232
32 29 547 141.0375
32 30 1 0.2152
32 31 1 0.2218
32 33 8 1.8034
32 34 3 0.6394
32 35 23 4.7383
32 36 1 0.3767
32 37 6 1.1991
32 39 11 2.2079
32 41 33 7.9619
32 42 23 4.7074
32 43 16 6.9464
32 44 48 11.2435
32 45 2 0.5973
32 46 48 10.3443
32 47 10 2.3695
32 48 14 3.8393
32 49 24 5.9497
32 50 5 0.9688
32 51 2 0.3131
32 52 1 0.2205
32 53 11 2.3906
32 54 30 7.3212
32 57 1 0.2167
32 58 15 3.5996
32 59 3 0.5419
32 60 5 0.8738
32 61 4 0.9629
32 62 6 1.3313
32 63 6 1.2802
32 64 24 4.7287
32 65 7 1.7607
32 66 168 40.0054
32 68 4 0.9593
32 69 8 1.8776
32 70 94 24.8350
32 71 77 20.5454
32 72 64 16.5109
32 74 1 0.2047
32 75 1 0.1740
32 77 7 1.3445
32 78 2 0.3932
32 79 7 1.5321
32 81 24 5.4284
32 82 116 25.8456
32 85 20 5.7021
32 86 1 0.2154
32 87 5 0.9410
32 88 13 2.9279
32 90 445 167.4062
32 91 44 11.4169
32 92 87 21.5635
32 94 26 5.4925
32 95 2 0.4383
32 97 20 4.4852
32 99 3 0.6182
32 100 50 11.0650
32 101 16 4.1046
32 102 19 3.8894
32 103 2 0.7481
32 105 30 7.0078
32 106 1 0.1417
32 107 115 25.3982
32 109 27 6.3831
32 110 1 0.2295
32 111 1 0.2237
32 112 2 0.4120
32 113 21 5.7331
32 114 1 0.1916
32 115 2 0.2871
32 116 1 0.2168
32 117 40 8.9951
32 119 2 0.3383
32 120 8 1.6316
32 121 39 8.1467
32 122 41 8.7379
32 124 127 27.9526
32 126 2 0.4427
32 127 1 0.2248
32 128 23 4.8392
32 129 64 14.0846
32 130 15 3.2328
32 132 52 11.4419
32 133 16 4.6137
32 134 33 7.0761
32 136 3 0.5117
32 137 6 2.0511
32 139 65 14.6929
32 140 2 0.2516
32 141 6 1.3285
32 142 3 0.7528
32 143 9 1.5672
32 144 7 1.6499
32 146 52 13.3335
32 149 80 17.5218
32 150 19 4.0638
32 152 8 1.9432
32 153 121 26.7504
32 155 13 2.8663
32 156 60 12.7438
32 157 8 1.7503
32 158 1 0.2138
32 159 2 0.4534
32 161 56 12.6604
32 165 6 1.2997
32 166 30 6.4786
32 167 85 18.5946
32 168 3 0.5354
32 169 15 3.7240
32 170 1 0.2459
32 171 3 0.5995
32 172 1 0.2033
32 173 55 11.9839
32 174 4 0.7386
32 175 115 25.4314
32 176 4 0.7572
32 177 34 6.7757
32 178 4 1.4673
32 180 45 10.9419
32 181 28 5.6765
32 182 11 3.0033
32 183 10 2.2009
32 185 2 0.3444
32 186 61 14.3649
32 189 5 1.4597
32 190 39 8.8283
32 191 60 13.3172
32 194 20 4.4875
32 195 1 0.3923
32 196 1 0.2020
32 197 34 7.8808
32 200 32 8.0353
32 202 18 3.1178
32 203 2 0.3675
32 205 76 27.9347
32 206 1 0.3650
32 207 2 0.4669
32 208 43 8.6740
32 209 129 29.9082
32 210 133 28.9012
32 211 81 18.2302
32 212 3 0.6984
32 215 5 0.8044
32 216 5 0.9330
32 217 2 0.3064
32 218 22 4.7216
32 219 30 6.7913
32 220 10 2.3978
32 221 152 35.7269
32 222 2 0.6329
32 223 15 3.3577
32 224 7 1.5322
32 225 2 0.5643
32 226 47 10.4045
32 228 4 1.1056
32 229 1 0.3604
32 231 33 7.4140
32 232 29 6.3833
32 233 4 0.8781
32 234 102 29.7542
32 235 112 23.7760
32 237 1 0.1526
32 238 3 0.9052
32 239 26 5.6289
32 240 6 1.6672
32 241 8 1.6596
32 242 3 1.0502
32 243 1 0.1652
32 244 20 3.5547
32 245 7 1.6416
32 246 74 15.8708
32 247 4 0.9419
32 248 269 73.6644
32 250 23 5.0504
32 251 18 5.8099
32 252 1 0.1886
32 253 10 2.1075
32 254 1 0.1407
32 256 40 10.3372
32 258 6 1.1587
32 260 2 0.5498
32 261 10 1.9929
32 262 21 5.5449
32 263 23 6.4527
32 264 1 0.5169
32 265 14 3.1646
32 267 56 12.6037
32 269 19 3.9215
32 270 33 6.6853
32 271 1 0.2149
32 272 46 8.8558
32 273 10 2.1373
32 274 3 1.0866
32 275 12 2.7179
32 276 409 126.2648
32 277 348 80.4160
32 279 10 2.3774
32 280 5 1.1708
32 281 1 0.1974
32 282 10 2.4529
32 283 433 147.4632
32 285 14 3.1498
32 286 6 0.9530
32 287 45 9.3930
32 288 44 8.9270
32 289 51 11.4363
32 290 6 1.8022
32 291 1 0.2236
32 292 15 3.1798
32 293 1 0.1504
32 294 45 13.6992
32 295 8 2.2994
32 296 2 0.4307
32 297 48 9.9956
32 300 50 10.5989
32 301 42 10.7957
32 303 195 44.2463
32 304 3 0.7676
32 305 73 16.1207
32 307 32 6.9974
32 309 2 0.4088
32 310 25 5.4789
32 312 28 6.3069
32 313 3 0.6528
32 314 5 1.1200
32 315 1 0.2606
32 316 4 0.8976
32 317 4 0.8588
32 318 9 3.0109
32 321 8 1.8412
32 322 25 5.4767
32 323 5 1.6720
32 324 1 0.2129
32 325 147 34.3971
32 326 1 0.2117
32 327 2 0.3584
32 328 1 0.2215
32 329 2 0.4841
32 331 2 0.2811
32 332 13 2.9231
32 333 37 12.8427
32 335 18 3.7706
32 336 4 0.9098
32 337 155 36.8528
32 338 64 17.5529
32 339 211 47.3547
32 340 67 15.7747
32 341 35 8.0671
32 343 2 0.3988
32 344 7 1.3919
32 345 5 1.1247
32 346 148 32.7747
32 347 9 2.8639
32 348 82 18.3380
32 349 4 0.8398
32 350 9 4.2308
32 352 3 1.2123
32 353 6 1.5272
32 354 22 4.1949
32 355 18 3.5566
32 356 2 0.4457
32 357 4 0.9698
32 358 18 3.4820
32 359 3 0.7147
32 360 4 0.8259
32 361 4 0.8757
32 362 4 0.8130
32 363 19 4.1841
32 364 40 11.1539
32 365 77 17.5418
32 366 7 2.7979
32 367 60 11.5312
32 368 11 2.2151
32 370 1 0.2248
32 373 26 5.7420
32 374 16 3.7199
32 375 2 0.4610
32 376 154 32.7997
32 377 17 3.9217
32 378 350 102.4320
32 381 1 0.2134
32 382 1 0.2214
32 383 79 19.8571
33 0 4 0.8696
33 1 16 4.3169
33 2 146 43.5922
33 3 23 5.3753
33 4 1 0.2292
33 5 47 9.2608
33 7 66 14.3143
33 8 14 3.0436
33 9 104 24.3101
33 10 261 63.6369
33 11 2 0.3340
33 12 1 0.1906
33 13 115 34.2094
33 15 14 3.0574
33 16 20 4.3680
33 17 41 8.8359
33 18 6 1.2539
33 19 45 9.9548
33 20 5 1.0752
33 21 28 6.3167
33 22 591 162.4796
33 23 27 5.4433
33 24 35 7.3919
33 25 9 2.2208
33 26 4 0.7203
33 28 375 92.2780
33 29 4 0.9413
33 30 52 12.3946
33 31 3 0.6442
33 32 210 57.9300
33 33 11 2.5297
33 34 11 3.1337
33 35 22 5.3199
33 36 9 1.8907
33 37 4 0.7956
33 38 76 17.3009
33 40 3 0.8705
33 41 2 0.4022
33 42 37 8.8050
33 43 1 0.1360
33 44 17 3.7978
33 46 68 19.7165
33 48 30 5.9289
33 49 9 1.9727
33 50 55 11.3882
33 51 1 0.3576
33 53 16 5.0232
33 54 3 1.0505
33 55 18 3.7423
33 57 1 0.2137
33 59 6 1.4351
33 60 5 1.0311
33 61 20 4.0633
33 62 1 0.2200
33 64 22 4.7334
33 66 17 4.9476
33 67 96 20.8310
33 68 27 8.5773
33 69 191 57.8989
33 70 3 0.8351
33 71 1 0.1625
33 72 7 1.6169
33 75 44 10.3889
33 76 19 3.7575
33 77 11 2.9237
33 79 19 4.0296
33 80 33 7.0748
33 81 14 2.9860
33 83 4 0.8154
33 84 4 0.5802
33 86 7 1.7172
33 87 32 7.6311
33 88 2 0.5406
33 90 1 0.2359
33 91 2 0.5568
33 92 5 0.9886
33 95 1 0.2571
33 96 9 1.8298
33 97 7 1.5165
33 98 12 3.2755
33 100 2 0.3371
33 101 11 2.1657
33 102 45 10.7834
33 104 24 5.5185
33 105 13 3.1072
33 106 4 0.8742
33 107 5 1.4180
33 108 13 3.0281
33 109 16 5.7128
33 110 4 0.7878
33 111 1 0.2271
33 115 3 0.6796
33 116 55 12.5843
33 117 43 11.8991
33 118 12 2.4522
33 119 27 6.2226
33 120 1 0.2522
33 122 34 9.3652
33 123 5 1.1181
33 125 80 22.3933
33 126 6 1.4096
33 128 7 1.7085
33 130 10 2.4341
33 131 7 1.6364
33 134 379 85.5350
33 135 1 0.2225
33 137 2 0.2663
33 138 1 0.2485
33 140 14 3.2826
33 141 18 3.8474
33 143 16 2.9976
33 144 49 12.4049
33 145 129 34.8782
33 147 2 0.4863
33 148 3 0.6671
33 149 11 3.0195
33 150 1 0.1810
33 151 49 10.5926
33 153 176 39.4124
33 154 191 48.3703
33 157 29 8.6218
33 158 1 0.1615
33 159 51 15.4806
33 160 4 0.7210
33 161 41 8.9154
33 163 16 3.6650
33 164 10 2.8074
33 166 5 0.9172
33 168 6 1.7663
33 169 2 0.4372
33 172 4 0.7606
33 173 12 2.7120
33 174 18 3.9131
33 175 6 0.9594
33 176 8 1.5685
33 177 1 0.2014
33 178 42 9.8599
33 179 13 2.8037
33 180 30 6.3811
33 181 2 0.5063
33 182 14 3.0557
33 183 10 2.6386
33 184 1 0.3579
33 185 62 14.4937
33 186 40 8.2420
33 187 52 11.7420
33 188 2 0.2732
33 189 2 0.4679
33 190 465 115.5404
33 191 5 0.8715
33 192 30 6.9482
33 193 3 0.7022
33 194 37 8.0367
33 196 92 35.0439
33 198 1 0.2061
33 199 4 0.7578
33 200 1 0.2046
33 201 15 3.5826
33 202 71 16.4897
33 203 19 4.3635
33 204 2 0.4089
33 205 3 0.6266
33 206 1 0.2219
33 208 21 3.3465
33 209 7 1.2244
33 210 50 12.5864
33 211 15 3.3271
33 212 16 3.0914
33 214 1 0.1942
33 215 23 7.8668
33 216 6 1.2963
33 218 24 5.0517
33 220 3 0.7995
33 221 22 5.8757
33 222 14 2.9075
33 223 43 7.9638
33 224 1 0.2146
33 225 6 1.2112
33 227 2 0.4140
33 228 27 7.8505
33 232 55 13.7316
33 233 15 3.4543
33 234 18 3.8251
33 235 164 38.9518
33 236 42 9.8785
33 238 13 2.9417
33 240 48 11.2069
33 241 14 3.5015
33 242 12 3.6798
33 243 1 0.2395
33 245 16 4.2834
33 246 9 1.8890
33 247 6 1.3178
33 248 2 0.4755
33 249 1 0.2153
33 251 46 9.7694
33 252 2 0.3015
33 253 20 4.1351
33 255 19 6.3068
33 256 2 0.4473
33 257 21 4.2655
33 259 86 26.3595
33 260 8 2.0727
33 263 23 5.2643
33 264 12 2.4581
33 265 6 1.7145
33 266 16 3.1235
33 267 2 0.4341
33 268 37 7.8931
33 271 12 2.7889
33 273 1 0.2209
33 274 24 6.1620
33 275 15 2.9892
33 276 37 7.8687
33 277 29 5.4380
33 280 4 0.9389
33 282 57 12.5524
33 283 229 85.6465
33 284 3 0.5946
33 285 2 0.3226
33 286 24 5.3052
33 288 3 0.6386
33 289 4 0.9186
33 290 11 2.7593
33 291 38 9.0921
33 292 2 0.3717
33 293 3 0.7324
33 294 18 3.7356
33 296 1 0.1638
33 297 10 2.0740
33 298 1 0.2052
33 299 39 13.2589
33 300 32 6.3154
33 301 132 32.1696
33 302 8 1.5530
33 303 1 0.2498
33 304 1 0.2002
33 305 7 1.6844
33 306 199 62.9506
33 307 76 16.1122
33 308 3 0.5177
33 309 43 16.7813
33 310 50 8.5325
33 311 110 23.1404
33 312 1 0.2310
33 313 9 2.2910
33 314 2 0.5976
33 315 14 2.7602
33 316 114 25.3014
33 317 12 2.1225
33 318 80 17.7077
33 320 6 1.2923
33 322 6 1.7337
33 323 15 2.7865
33 324 4 0.9698
33 325 39 8.6214
33 326 55 14.1281
33 327 135 28.5896
33 328 11 3.1826
33 329 37 7.1658
33 330 2 0.3515
33 333 7 1.5926
33 334 1 0.2270
33 337 142 33.3606
33 338 8 1.7999
33 339 12 7.8788
33 342 5 0.9303
33 343 37 8.6226
33 345 11 3.2502
33 346 8 2.4253
33 347 30 7.7213
33 349 3 0.5300
33 350 7 1.8461
33 351 26 5.5238
33 352 2 0.3877
33 354 1 0.2806
33 355 1 0.3151
33 356 2 0.4265
33 357 1 0.2351
33 358 100 34.2457
33 359 16 3.9284
33 360 3 0.5940
33 362 96 21.3236
33 364 3 0.6954
33 365 36 8.8215
33 366 15 3.6285
33 367 49 11.0230
33 368 54 12.1695
33 371 4 0.7742
33 372 1 0.1800
33 373 1 0.2254
33 374 15 3.1452
33 376 34 8.0939
33 380 181 41.3421
33 381 4 0.4215
34 0 6 2.2091
34 2 2 0.5089
34 3 12 2.9423
34 4 8 1.5619
34 5 4 0.6455
34 6 4 1.0499
34 7 29 6.5805
34 8 72 18.9045
34 9 2 0.5222
34 10 1 0.2167
34 11 3 0.6944
34 12 8 1.6160
34 13 1 0.1517
34 14 2 0.4943
34 16 12 2.4950
34 17 6 2.5841
34 19 13 2.7857
34 20 29 5.6807
34 21 8 1.5766
34 22 6 1.3637
34 24 4 1.0126
34 25 8 1.9185
34 27 10 2.1535
34 29 5 1.0830
34 31 90 26.0456
34 32 35 9.0456
34 33 4 1.4180
34 34 16 3.6206
34 36 9 1.9798
34 39 12 2.3605
34 42 18 5.3696
34 43 125 28.4551
34 44 7 1.2650
34 45 7 1.3558
34 46 53 12.0470
34 47 12 2.6697
34 48 2 0.3385
34 49 12 3.4039
34 50 3 0.5338
34 51 1 0.1369
34 52 4 0.7707
34 54 17 3.8401
34 55 1 0.3555
34 56 2 0.4185
34 57 5 0.9851
34 58 5 0.9858
34 60 2 0.4508
34 61 6 0.8766
34 63 2 0.4322
34 65 109 26.9086
34 66 7 1.4349
34 67 7 2.8927
34 68 5 1.3373
34 69 1 0.2037
34 70 18 3.4971
34 71 1 0.1323
34 74 63 13.3965
34 75 61 15.7326
34 78 8 1.6411
34 79 14 2.9392
34 80 32 11.7467
34 81 17 4.6515
34 82 37 8.2747
34 84 26 6.5405
34 85 6 1.3425
34 87 1 0.0980
34 88 3 0.6737
34 89 8 2.2672
34 90 11 3.6089
34 91 2 0.3701
34 92 106 34.2584
34 94 59 16.1472
34 95 4 0.8416
34 96 11 2.7119
34 97 24 5.0697
34 98 3 0.5040
34 101 331 78.2928
34 102 2 0.3298
34 103 40 10.7562
34 104 5 0.8618
34 105 9 1.6143
34 106 16 3.7023
34 107 5 1.0483
34 108 33 9.1988
34 109 4 0.9771
34 110 1 0.2440
34 111 13 3.1347
34 112 2 0.4608
34 114 1 0.4799
34 115 7 2.6858
34 116 1 0.2416
34 117 94 38.0961
34 118 1 0.2467
34 119 36 10.8118
34 120 102 23.1263
34 122 481 114.2072
34 123 1 0.2081
34 124 29 5.5515
34 125 52 11.3884
34 126 1 0.2250
34 127 12 3.3239
34 128 254 76.0518
34 129 5 1.3985
34 131 20 4.1062
34 132 20 4.0765
34 133 5 0.8591
34 134 123 26.8962
34 137 1 0.2011
34 138 5 1.2398
34 140 24 4.7331
34 141 81 17.2269
34 142 46 9.7076
34 143 4 1.1632
34 144 6 1.1824
34 146 22 9.0282
34 147 2 0.5952
34 148 28 5.7925
34 149 17 4.4631
34 150 15 4.0078
34 151 1 0.2749
34 152 6 1.4130
34 153 2 0.4154
34 155 67 14.7865
34 156 2 0.3468
34 158 20 4.4250
34 159 35 9.5400
34 160 6 1.5867
34 161 10 1.8383
34 162 8 1.5467
34 163 4 0.9117
34 164 14 3.8994
34 166 331 75.7306
34 167 101 22.9044
34 168 30 6.6859
34 169 1 0.1782
34 170 5 0.8251
34 171 13 2.4786
34 172 78 20.9401
34 173 6 1.0351
34 174 1 0.1432
34 175 2 0.4346
34 176 5 0.7691
34 177 20 4.5579
34 178 161 49.1084
34 179 3 0.7922
34 181 5 1.0665
34 182 2 0.3856
34 183 37 7.7042
34 184 1 0.1845
34 185 42 10.9027
34 186 14 4.0558
34 187 28 6.0756
34 188 26 6.6500
34 190 46 10.3614
34 192 60 14.1226
34 193 59 12.0514
34 195 8 1.6963
34 196 12 2.7132
34 198 12 3.0722
34 199 18 2.8557
34 201 4 1.1078
34 203 40 10.7641
34 204 30 7.8417
34 205 7 1.2597
34 206 24 5.1692
34 207 11 2.3917
34 208 18 3.9147
34 209 33 8.2953
34 210 2 0.4546
34 211 2 0.2946
34 212 32 6.1880
34 213 52 12.8092
34 214 5 1.0168
34 215 11 1.8618
34 217 19 3.9311
34 218 36 12.5393
34 219 4 0.9652
34 220 5 1.2168
34 221 10 4.1587
34 222 2 0.4090
34 223 16 5.7165
34 224 2 0.4853
34 225 129 28.4369
34 227 48 12.6941
34 228 159 56.1042
34 229 17 2.9545
34 230 8 1.7381
34 231 1 0.2499
34 233 21 4.1618
34 234 6 1.1811
34 235 4 0.7112
34 236 43 9.0218
34 237 4 0.7214
34 239 342 108.2490
34 241 23 5.7478
34 242 2 0.2551
34 243 8 1.8109
34 245 12 2.7337
34 246 6 1.4165
34 247 5 0.8402
34 248 8 2.9038
34 249 8 1.6379
34 250 38 7.7791
34 251 5 0.7890
34 252 13 2.7561
34 253 3 0.6411
34 254 3 0.5483
34 255 11 2.4783
34 256 4 0.8499
34 258 1 0.2162
34 259 298 71.8288
34 260 77 17.3967
34 261 99 23.1670
34 262 2 0.4188
34 263 7 1.5177
34 264 18 3.9013
34 266 1 0.1979
34 268 90 55.9552
34 269 5 1.1258
34 270 16 3.0331
34 271 7 1.4482
34 273 10 2.3096
34 274 114 24.3488
34 275 315 73.9229
34 277 12 2.7151
34 278 59 13.3508
34 280 5 1.3631
34 281 3 0.6092
34 282 1 0.1427
34 284 1 0.2364
34 285 3 0.8136
34 286 7 1.6167
34 287 1 0.1707
34 288 24 5.2853
34 290 175 41.1826
34 291 14 3.3767
34 293 54 12.9481
34 296 65 13.9848
34 298 3 0.4863
34 299 10 1.9727
34 301 12 2.5453
34 307 77 14.9714
34 308 6 1.4414
34 309 37 11.7231
34 311 71 14.0288
34 312 1 0.2185
34 313 24 4.4677
34 316 28 5.8413
34 317 127 29.8459
34 318 90 22.3868
34 319 136 33.1938
34 321 3 0.5596
34 322 2 0.4679
34 323 7 1.7320
34 324 32 10.7813
34 325 1 0.1257
34 326 7 1.6005
34 328 13 4.7411
34 329 3 0.7275
34 330 2 0.3817
34 332 3 0.6940
34 333 20 4.3264
34 334 2 0.3395
34 335 30 8.7649
34 336 8 1.7600
34 337 98 21.0676
34 338 33 6.7769
34 339 7 1.6414
34 341 8 1.7668
34 342 55 12.3681
34 343 9 1.8719
34 344 5 0.8674
34 345 42 8.8190
34 346 1 0.2283
34 347 2 0.4486
34 348 21 3.8969
34 349 50 12.4282
34 350 1 0.1927
34 351 8 1.4676
34 352 14 3.0551
34 353 7 1.2754
34 354 22 4.9343
34 355 139 30.5299
34 356 26 5.3422
34 357 5 0.8361
34 358 11 2.2912
34 359 2 0.4391
34 360 6 1.2269
34 362 1 0.1522
34 363 23 7.4338
34 365 36 8.8330
34 366 25 5.1684
34 368 13 3.2138
34 370 17 4.8342
34 371 15 2.5909
34 372 5 0.8582
34 373 7 1.9735
34 374 3 0.5403
34 375 1 0.2113
34 376 9 2.4919
34 379 9 1.9368
34 380 7 2.0923
34 381 10 2.6741
34 383 14 3.2012
35 0 10 2.0062
35 1 5 1.1534
35 2 9 1.8658
35 3 9 2.2088
35 4 16 4.2940
35 5 3 0.7907
35 6 14 3.2456
35 7 1 0.2079
35 8 7 1.6636
35 9 2 0.5129
35 11 190 42.7381
35 13 10 2.6603
35 15 13 2.9294
35 16 33 7.6444
35 17 11 2.7596
35 18 77 17.8873
35 19 71 16.3716
35 20 2 0.4205
35 21 1 0.1569
35 23 17 4.1608
35 24 11 2.6348
35 25 27 5.2301
35 26 22 6.1909
35 29 2 0.4932
35 30 16 3.8335
35 33 6 1.5427
35 34 74 20.0918
35 36 14 3.6292
35 37 1 0.4002
35 38 67 20.5978
35 39 3 0.5863
35 40 1 0.2256
35 41 61 13.9657
35 42 13 3.3700
35 44 2 0.4714
35 46 128 32.7375
35 47 28 7.9703
35 49 9 1.9942
35 51 5 0.9067
35 52 4 0.9760
35 53 11 2.8132
35 54 14 2.8477
35 56 1 0.1813
35 58 43 11.7515
35 59 1 0.1402
35 61 30 6.7178
35 62 31 6.3627
35 63 6 1.2774
35 64 2 0.6129
35 68 31 7.1080
35 69 1 0.3140
35 71 2 0.3889
35 75 145 43.7305
35 76 1 0.2394
35 77 3 0.9821
35 78 1 0.1524
35 79 7 1.2527
35 80 38 10.7582
35 81 5 1.0601
35 82 1 0.1911
35 84 25 6.0656
35 85 10 2.4262
35 86 5 0.9454
35 87 15 3.1366
35 88 14 4.9886
35 90 1 0.1861
35 91 46 10.8326
35 92 6 1.5093
35 93 13 3.1297
35 94 18 4.4493
35 97 4 0.8436
35 98 32 8.5101
35 100 4 1.0799
35 101 6 1.3052
35 102 25 8.0421
35 103 174 39.8823
35 104 54 15.5669
35 105 10 2.1977
35 106 1 0.2200
35 107 3 0.6863
35 108 1 0.2268
35 110 6 1.2627
35 111 27 6.5202
35 112 22 5.4863
35 113 9 1.6406
35 115 1 0.2262
35 116 30 9.4738
35 117 91 20.1175
35 118 185 49.1069
35 119 26 5.9515
35 120 4 0.9136
35 121 23 5.1968
35 122 28 6.3424
35 123 1 0.2275
35 124 20 4.6050
35 125 13 2.8636
35 127 36 11.8382
35 129 3 0.7508
35 130 16 3.6815
35 131 36 8.0290
35 132 6 1.3044
35 133 3 0.4472
35 134 4 1.0120
35 135 14 3.1724
35 136 6 1.2765
35 138 1 0.1526
35 139 1 0.2034
35 140 68 16.8135
35 141 25 6.0011
35 144 28 8.2495
35 145 2 0.2787
35 146 71 16.2100
35 147 14 3.5907
35 151 23 4.7547
35 152 7 1.6467
35 153 96 20.5430
35 154 49 15.4133
35 155 10 2.4105
35 157 15 3.6187
35 158 58 13.6372
35 160 2 0.4074
35 161 17 4.1526
35 162 116 25.2301
35 163 71 16.0345
35 164 8 1.1721
35 165 2 0.5238
35 166 1 0.1819
35 167 9 1.9389
35 168 3 0.7002
35 170 6 1.4717
35 171 58 13.3257
35 172 23 5.1155
35 173 5 1.3326
35 174 22 4.9940
35 175 1 0.1494
35 176 8 1.6628
35 177 81 28.0350
35 178 17 3.6455
35 180 32 6.8771
35 181 3 0.5444
35 182 24 6.5199
35 183 6 1.1620
35 184 6 1.1523
35 185 1 0.1415
35 187 6 0.9954
35 190 7 1.5175
35 191 25 6.2654
35 193 97 22.4852
35 194 3 0.5635
35 195 1 0.1398
35 196 11 2.0893
35 197 3 0.7130
35 198 1 0.1842
35 199 44 14.0182
35 200 7 1.8593
35 201 133 35.6936
35 202 1 0.1441
35 203 52 12.8221
35 204 1 0.2639
35 205 16 4.1728
35 206 153 43.5449
35 210 50 10.4482
35 211 28 7.6144
35 212 1 0.1805
35 213 2 0.5300
35 214 12 2.5801
35 215 199 52.5359
35 216 20 4.6116
35 217 1 0.1226
35 218 21 5.8550
35 219 14 3.0396
35 221 3 0.6988
35 223 1 0.2078
35 224 44 11.6054
35 225 10 2.0776
35 227 1 0.2356
35 229 54 11.7170
35 230 3 0.6686
35 232 15 3.5517
35 233 20 4.9013
35 234 14 5.2979
35 236 5 1.2059
35 237 5 1.0262
35 238 8 1.9360
35 239 5 1.2168
35 240 29 6.6066
35 243 1 0.2038
35 246 12 3.8425
35 247 5 0.7954
35 248 15 3.4581
35 249 11 2.2796
35 250 10 3.4567
35 251 22 4.9956
35 252 12 2.7042
35 253 3 0.4361
35 254 12 2.6949
35 255 1 0.2087
35 256 3 0.6358
35 258 6 1.2820
35 259 12 2.5164
35 260 1 0.2640
35 261 6 1.0130
35 262 128 31.3687
35 263 36 8.0836
35 264 7 1.5165
35 265 3 0.3631
35 266 15 3.6521
35 267 35 13.6747
35 268 3 0.6260
35 269 1 0.1839
35 270 15 2.9559
35 271 2 0.3683
35 272 3 0.6927
35 273 22 5.6633
35 274 8 1.6612
35 275 80 19.1012
35 276 51 11.7179
35 277 90 20.1819
35 279 22 5.1279
35 280 34 9.5670
35 281 4 0.8629
35 282 8 1.7148
35 284 61 14.9813
35 286 23 5.3040
35 287 29 7.3973
35 288 2 0.4313
35 289 5 1.0610
35 290 2 0.4502
35 292 9 1.8644
35 293 199 77.7298
35 295 10 2.5877
35 296 16 4.6840
35 298 61 14.0899
35 299 22 5.3455
35 300 19 6.1250
35 302 3 0.5129
35 303 28 7.0863
35 304 7 2.6738
35 305 70 16.7327
35 306 331 86.0226
35 307 14 3.1480
35 309 5 1.2000
35 310 3 0.5606
35 311 72 16.0572
35 312 20 6.5349
35 313 72 17.9964
35 314 5 0.9585
35 315 146 32.3792
35 316 2 0.4549
35 317 3 0.5672
35 319 21 6.1808
35 320 12 2.8997
35 321 14 3.7121
35 322 3 0.6323
35 323 1 0.1498
35 324 112 29.2233
35 326 53 12.1898
35 327 1 0.1914
35 328 34 8.4036
35 329 8 1.9220
35 330 7 1.3143
35 331 12 2.5194
35 332 26 7.2339
35 333 58 12.7107
35 334 49 11.2615
35 335 137 29.8257
35 336 1 0.3748
35 338 15 3.8683
35 339 79 19.3300
35 340 4 1.0978
35 342 1 0.2307
35 343 23 4.8592
35 344 69 18.7760
35 345 2 0.5035
35 346 42 9.1412
35 347 65 16.1313
35 348 26 5.4643
35 350 32 8.5312
35 352 14 3.7820
35 353 54 12.8996
35 354 2 0.3273
35 355 44 9.1615
35 356 36 6.6201
35 357 7 1.5143
35 358 1 0.2630
35 359 36 8.5411
35 361 4 0.8769
35 362 64 15.2077
35 363 7 1.7321
35 364 1 0.1838
35 365 249 58.1427
35 366 31 12.1973
35 367 11 2.3776
35 369 35 8.2229
35 371 10 2.2756
35 373 10 2.8345
35 374 39 8.4142
35 376 1 0.2739
35 377 24 5.8248
35 379 5 0.9439
35 380 2 0.4946
35 381 24 5.6120
35 382 14 3.2437
35 383 16 3.4618
36 1 11 1.8530
36 2 25 5.2924
36 3 49 13.5359
36 4 45 13.7718
36 6 1 0.1583
36 7 10 2.9142
36 8 2 0.6091
36 9 3 0.5616
36 11 3 0.4432
36 12 32 9.3043
36 13 10 2.6564
36 14 43 13.8201
36 16 18 5.5381
36 17 8 2.5350
36 18 17 3.6481
36 22 132 26.8897
36 23 4 1.0455
36 24 4 0.8524
36 25 13 3.2845
36 26 25 5.6722
36 28 130 25.5824
36 29 17 4.1508
36 30 13 2.2824
36 32 11 2.3309
36 34 3 0.6868
36 35 8 1.6456
36 36 32 9.5586
36 37 1 0.0995
36 38 2 0.3625
36 40 29 5.6192
36 41 10 1.7996
36 42 57 11.3581
36 43 12 2.5675
36 44 5 1.0978
36 45 4 0.5851
36 46 29 5.9647
36 47 10 2.7974
36 48 2 0.4027
36 50 12 2.4463
36 51 20 4.3490
36 52 28 6.1823
36 53 4 1.9128
36 55 26 5.5124
36 56 128 23.1041
36 57 21 6.1507
36 58 6 0.9937
36 59 88 20.7835
36 61 7 1.6832
36 62 7 1.4713
36 63 68 21.8137
36 64 11 2.0553
36 65 3 0.6536
36 66 1 0.1902
36 67 4 0.9379
36 69 19 3.9965
36 72 2 0.5104
36 73 9 1.8666
36 76 2 0.3428
36 78 9 1.7127
36 79 36 7.8147
36 80 145 37.9677
36 81 1 0.1896
36 82 50 9.9673
36 83 59 12.4454
36 84 4 1.1158
36 85 9 5.6443
36 91 7 1.3265
36 93 15 3.0905
36 94 12 2.6162
36 95 14 3.4884
36 96 2 0.1873
36 98 35 9.1307
36 99 51 18.9636
36 100 13 2.9075
36 101 43 9.8537
36 102 4 0.6510
36 103 38 9.0479
36 106 4 0.8979
36 108 3 0.4930
36 109 1 0.1416
36 110 2 0.4413
36 111 9 1.7421
36 112 7 1.5455
36 114 130 28.0792
36 118 5 0.8061
36 119 1 0.2414
36 121 15 2.8666
36 123 8 2.1967
36 124 4 0.8179
36 125 16 3.0643
36 126 4 0.9499
36 129 2 0.4819
36 130 3 0.8754
36 133 1 0.1459
36 134 25 7.5744
36 135 4 0.7915
36 136 2 0.3947
36 137 4 0.8319
36 138 21 6.1289
36 139 51 10.4625
36 140 7 1.4369
36 141 1 0.2264
36 142 29 6.9602
36 144 8 1.4762
36 146 16 3.3864
36 149 5 0.8934
36 150 3 0.5920
36 151 1 0.2147
36 152 9 2.4474
36 153 1 0.2270
36 154 7 1.3614
36 156 3 0.5420
36 157 17 4.6996
36 158 82 15.3579
36 159 23 6.2102
36 160 9 2.0702
36 161 10 1.7998
36 162 6 1.1962
36 164 10 1.9383
36 165 18 5.1226
36 166 11 2.7069
36 167 2 0.4146
36 169 11 2.2349
36 171 17 3.6725
36 172 20 5.4152
36 173 4 0.7009
36 174 42 8.4805
36 176 3 0.5348
36 178 1 0.2333
36 180 5 1.4774
36 181 2 0.4428
36 182 153 36.8790
36 183 8 1.4958
36 184 12 2.9475
36 185 7 1.3354
36 186 8 1.8991
36 187 44 18.1278
36 189 27 5.8061
36 190 90 18.3108
36 191 12 2.6718
36 192 17 3.3540
36 195 4 1.5200
36 196 4 1.1835
36 197 90 17.6261
36 199 3 0.6823
36 200 2 0.3777
36 201 8 1.7015
36 202 33 12.2244
36 203 1 0.2030
36 204 24 4.9940
36 205 3 0.6785
36 208 5 0.9707
36 209 4 0.9050
36 210 3 0.5699
36 211 68 13.8704
36 212 25 8.6738
36 213 2 0.4335
36 214 4 0.6141
36 216 2 0.2876
36 217 45 9.0577
36 218 2 0.3773
36 219 1 0.2177
36 220 23 6.0966
36 221 6 1.3345
36 222 42 8.3815
36 223 25 7.5240
36 224 2 0.3810
36 227 6 1.1867
36 228 1 0.1810
36 229 6 1.3226
36 230 10 2.4085
36 231 205 43.0021
36 233 79 26.4616
36 234 9 2.4517
36 235 12 2.4328
36 236 19 4.8775
36 238 31 9.1506
36 239 13 3.2422
36 240 1 0.2550
36 242 1 0.2169
36 244 37 15.1855
36 245 4 0.8937
36 246 1 0.1558
36 247 9 1.7971
36 248 12 3.0338
36 250 17 4.4620
36 252 19 3.7288
36 253 199 43.0607
36 255 1 0.2410
36 257 72 40.3947
36 258 30 7.9796
36 259 3 1.0491
36 260 5 1.0187
36 262 14 4.1702
36 263 20 3.7777
36 264 13 2.4639
36 265 9 1.9732
36 266 6 1.0612
36 267 4 0.7449
36 268 14 2.9552
36 270 5 0.9019
36 272 27 8.1635
36 273 56 16.0087
36 274 19 3.7080
36 275 1 0.2124
36 276 22 4.4691
36 277 92 25.8103
36 279 42 9.6602
36 280 43 8.3856
36 282 5 0.9956
36 283 1 0.1467
36 284 112 22.8270
36 285 1 0.1916
36 287 16 3.0088
36 288 57 9.6360
36 289 53 16.0169
36 290 2 0.4335
36 291 16 3.5616
36 292 8 2.1664
36 293 1 0.1520
36 294 22 4.5299
36 296 15 2.6036
36 298 3 0.4099
36 299 49 10.4809
36 300 4 0.7146
36 301 121 23.0560
36 302 203 45.2905
36 304 9 1.8927
36 305 50 10.2443
36 306 21 4.6522
36 307 18 4.8304
36 308 2 0.4913
36 309 1 0.1987
36 310 3 0.6166
36 311 2 0.4665
36 312 4 0.7766
36 313 575 199.8623
36 314 35 7.4158
36 315 3 0.6746
36 316 21 3.3136
36 317 29 6.5230
36 318 40 7.8476
36 319 5 0.7383
36 320 5 1.0439
36 322 106 29.3575
36 323 91 20.2658
36 324 29 7.6727
36 325 8 1.8913
36 327 18 4.3362
36 329 29 5.6848
36 330 5 0.9459
36 333 8 1.9001
36 334 1 0.2394
36 336 15 4.4924
36 337 28 7.0467
36 339 27 7.2859
36 340 16 3.2233
36 342 43 9.3112
36 343 12 3.1377
36 344 2 0.2921
36 346 121 51.1781
36 349 8 2.4583
36 350 45 9.7402
36 354 358 92.8831
36 355 41 9.6109
36 356 4 0.9394
36 359 43 8.2279
36 360 3 0.4810
36 361 51 11.7049
36 362 10 2.2926
36 363 28 7.1685
36 366 31 6.1835
36 367 17 3.1613
36 369 27 8.4338
36 371 4 0.8566
36 372 22 5.9212
36 373 30 6.6337
36 374 9 1.8921
36 375 1 0.1730
36 377 12 1.9526
36 379 6 1.7113
36 380 14 3.8868
36 381 4 0.7020
36 383 1 0.1920
37 0 1 0.1968
37 1 20 4.3613
37 3 5 1.1192
37 4 36 8.0604
37 5 37 8.8743
37 6 25 5.3951
37 7 19 4.2197
37 8 16 3.2597
37 9 14 3.3535
37 10 27 7.5077
37 11 3 0.5408
37 12 7 2.1040
37 13 15 3.4113
37 14 3 0.8134
37 15 13 3.1264
37 16 24 8.1102
37 18 14 2.7186
37 19 59 12.0825
37 20 8 1.9195
37 21 10 1.8926
37 22 8 1.3868
37 23 12 3.0693
37 26 122 38.4021
37 27 3 0.5823
37 28 12 2.5165
37 30 33 11.0202
37 31 7 1.6008
37 32 23 6.5100
37 33 17 3.3999
37 34 11 2.6613
37 35 9 2.1154
37 36 71 20.2242
37 37 22 6.3421
37 38 11 1.7912
37 39 50 11.6161
37 40 12 2.4316
37 42 13 2.8531
37 43 28 9.8749
37 44 3 0.6239
37 45 11 2.6276
37 46 6 1.6756
37 47 8 1.6195
37 49 13 3.2099
37 50 15 3.0673
37 51 41 8.1496
37 52 11 2.6206
37 53 31 9.3852
37 54 3 0.5968
37 55 44 11.6257
37 56 37 8.5693
37 58 25 9.4843
37 59 27 9.2764
37 60 3 0.5078
37 61 16 3.1199
37 62 1 0.1636
37 64 4 0.3609
37 65 10 1.9167
37 66 10 2.3300
37 67 19 3.9734
37 68 35 14.7097
37 69 2 0.3351
37 70 8 2.0689
37 71 49 11.6337
37 72 20 4.4622
37 73 15 3.4812
37 74 3 1.3122
37 75 6 1.1066
37 76 6 1.1241
37 77 40 10.2724
37 78 24 9.8466
37 79 3 0.6698
37 81 6 1.1803
37 82 2 0.5196
37 83 26 11.5615
37 84 5 1.0781
37 85 7 3.1468
37 87 1 0.2171
37 89 2 0.3147
37 90 5 1.0009
37 91 1 0.2248
37 93 10 1.9711
37 94 1 0.2168
37 95 3 0.4857
37 97 13 2.7854
37 98 6 1.4042
37 99 3 0.6985
37 100 24 9.6318
37 102 47 16.2573
37 104 6 1.0613
37 105 58 20.7518
37 106 12 2.4709
37 107 7 1.2252
37 109 4 1.2200
37 110 9 2.0245
37 112 5 1.4584
37 113 11 2.2894
37 117 15 3.0191
37 118 1 0.1227
37 119 45 8.0926
37 121 17 5.1671
37 123 5 0.9076
37 124 17 3.5185
37 125 16 2.5284
37 126 14 3.5250
37 127 27 9.2336
37 128 115 35.6534
37 129 2 0.3860
37 130 153 34.5534
37 131 11 2.2433
37 132 28 6.0811
37 135 105 27.4964
37 136 5 1.0278
37 138 55 11.3031
37 140 8 1.8997
37 141 14 3.6512
37 142 3 0.4702
37 143 1 0.1839
37 144 21 7.1462
37 145 2 0.3827
37 147 5 0.9514
37 148 35 6.6039
37 149 1 0.0676
37 150 2 0.2919
37 151 2 0.2916
37 154 5 1.0269
37 155 4 0.7681
37 156 17 4.3951
37 157 20 6.1878
37 158 24 4.9512
37 160 92 22.7647
37 161 30 7.6832
37 162 38 9.2291
37 163 21 4.5620
37 164 1 0.1801
37 165 12 2.5164
37 166 8 1.6458
37 167 28 6.4362
37 168 29 5.5233
37 169 2 0.4245
37 170 10 2.1285
37 171 16 4.4503
37 172 32 6.5656
37 173 15 3.0026
37 174 19 4.3400
37 176 4 1.1549
37 177 37 7.6913
37 178 4 0.7962
37 179 30 6.3132
37 180 12 2.0892
37 181 172 43.8904
37 182 21 7.9751
37 183 27 5.8729
37 184 1 0.2749
37 185 1 0.1776
37 186 24 5.7081
37 188 5 0.9331
37 190 3 0.5837
37 191 5 1.1203
37 194 21 5.0844
37 196 33 7.2508
37 197 6 2.8606
37 198 6 1.4084
37 204 19 3.4535
37 205 5 1.0387
37 206 7 2.0362
37 207 8 1.5001
37 208 47 9.6382
37 209 3 0.5799
37 212 1 0.3540
37 214 91 18.6406
37 217 131 26.6737
37 218 140 31.6338
37 219 41 8.5962
37 220 3 0.5939
37 223 14 3.0179
37 224 39 10.0839
37 225 96 19.0502
37 226 2 0.4322
37 227 38 8.2735
37 228 8 1.5358
37 230 14 3.2686
37 232 26 6.6429
37 233 59 12.3413
37 234 135 28.0747
37 236 1 0.2176
37 237 4 0.7103
37 238 4 0.9501
37 239 1 0.2313
37 240 25 5.5735
37 241 3 0.6647
37 242 1 0.1677
37 243 3 0.6482
37 245 11 5.7294
37 246 5 0.6390
37 247 6 0.8641
37 248 7 1.8592
37 249 5 1.0641
37 250 7 1.9668
37 251 1 0.2352
37 252 3 0.6185
37 253 21 6.3180
37 255 4 0.6636
37 256 2 0.4086
37 257 6 1.2350
37 258 12 2.6088
37 259 14 5.8964
37 260 1 0.2754
37 263 6 1.9795
37 265 26 5.4572
37 266 10 2.3470
37 267 15 2.9979
37 268 14 3.3553
37 269 1 0.1973
37 270 13 2.5840
37 271 18 3.3946
37 272 27 9.8113
37 273 2 0.4083
37 275 47 13.1256
37 276 6 1.3730
37 277 1 0.2076
37 278 9 1.8703
37 279 110 23.5640
37 280 3 1.0703
37 281 10 2.0487
37 282 23 4.5546
37 283 1 0.1152
37 284 7 1.4024
37 285 10 2.8429
37 286 5 1.1245
37 287 136 40.9061
37 288 6 1.9591
37 289 10 2.1221
37 291 1 0.1453
37 292 30 6.3369
37 295 5 1.1777
37 296 31 7.0684
37 297 3 0.9300
37 298 68 17.6690
37 300 8 1.6706
37 301 6 1.4267
37 302 14 3.5391
37 303 2 0.5505
37 304 6 1.2404
37 305 7 1.5183
37 307 15 4.8301
37 308 35 9.9343
37 310 28 7.8070
37 311 5 0.8990
37 315 25 6.2424
37 316 2 0.6685
37 317 7 1.1512
37 319 4 0.6765
37 321 15 3.1360
37 322 44 19.4488
37 324 6 1.7179
37 326 6 1.2400
37 327 3 0.5269
37 329 8 1.6441
37 330 69 15.4471
37 331 11 2.2521
37 333 3 1.1257
37 334 12 3.5370
37 335 2 0.4689
37 336 7 1.4263
37 337 4 0.7584
37 338 15 3.7202
37 339 99 20.2235
37 340 3 0.2505
37 341 56 18.7107
37 343 25 8.7790
37 344 34 7.6504
37 345 36 6.1508
37 346 14 2.7264
37 347 3 0.5598
37 348 33 9.5391
37 349 1 0.1790
37 350 4 0.7676
37 351 1 0.1127
37 352 16 3.8663
37 353 3 0.5743
37 354 41 10.2290
37 357 7 1.0191
37 358 24 6.3035
37 359 10 2.2438
37 360 15 4.1147
37 361 2 0.3317
37 363 3 0.5343
37 364 1 0.1636
37 365 7 1.6256
37 366 24 5.9838
37 368 12 2.2843
37 369 23 4.7600
37 370 15 5.9705
37 371 1 0.1913
37 372 40 7.3883
37 373 24 6.2265
37 375 2 0.5077
37 377 66 19.9519
37 378 24 4.8376
37 379 2 0.3257
37 380 433 100.2668
37 381 210 69.7988
37 382 10 1.6926
38 0 3 0.6819
38 1 2 0.3413
38 2 4 0.7960
38 6 34 11.5286
38 7 14 2.4301
38 8 1 0.1627
38 9 19 3.5268
38 10 1 0.1739
38 11 1 0.1958
38 12 23 5.0683
38 13 27 5.8909
38 14 5 0.9869
38 15 1 0.2054
38 16 12 3.0813
38 17 48 10.4258
38 18 3 0.6369
38 19 4 2.0237
38 20 21 6.8148
38 21 116 24.1421
38 22 2 0.2738
38 23 7 1.8790
38 24 95 22.1328
38 25 3 0.5247
38 26 67 15.5114
38 28 8 1.6556
38 29 2 0.3782
38 30 45 13.1298
38 31 36 11.2228
38 33 18 5.5218
38 35 33 7.5908
38 36 1 0.2089
38 37 1 0.3397
38 38 2 0.3021
38 39 1 0.1698
38 40 20 6.0439
38 41 10 1.9534
38 43 5 1.9363
38 44 6 1.7809
38 45 2 0.3718
38 46 2 0.3810
38 48 5 0.8340
38 49 13 2.2621
38 50 35 9.8857
38 51 5 1.3160
38 53 5 0.8892
38 54 14 4.3692
38 55 13 2.3187
38 56 1 0.1423
38 58 28 6.3730
38 59 79 18.3022
38 60 32 9.7635
38 61 19 3.6147
38 62 5 1.6577
38 63 5 1.0735
38 64 12 4.8171
38 65 2 0.2451
38 66 1 0.1132
38 67 26 5.0603
38 68 7 1.2919
38 69 19 4.2842
38 70 180 71.6283
38 71 14 2.9744
38 73 8 1.8107
38 74 4 0.9360
38 75 34 11.0735
38 76 1 0.3541
38 79 57 10.7838
38 80 58 18.7970
38 81 3 0.5144
38 82 14 2.8641
38 83 19 4.1805
38 85 1 0.2861
38 86 11 2.7186
38 87 8 2.2913
38 88 277 69.1747
38 90 18 4.9603
38 91 12 3.7018
38 93 81 16.2248
38 94 12 3.3141
38 95 10 3.4488
38 96 5 1.0209
38 97 51 11.5894
38 98 11 2.3025
38 99 2 0.4055
38 100 1 0.0000
38 101 11 2.9273
38 102 5 0.8915
38 103 32 8.2931
38 104 6 0.9586
38 105 12 2.0151
38 108 29 5.0159
38 109 3 0.5465
38 110 12 4.9893
38 112 4 0.8309
38 114 1 0.4059
38 115 57 11.1450
38 116 57 11.3541
38 117 31 6.5479
38 118 19 3.1089
38 119 7 1.3710
38 120 1 0.1878
38 121 3 2.2388
38 122 16 2.9463
38 123 1 0.1772
38 124 3 0.5716
38 125 32 6.5473
38 126 2 0.4701
38 127 7 1.3790
38 130 1 0.2087
38 131 122 27.4125
38 133 40 7.5283
38 134 51 11.5227
38 137 4 0.5830
38 138 38 8.0522
38 139 84 16.6530
38 140 4 0.6996
38 141 96 18.0912
38 142 3 0.5841
38 144 23 5.2961
38 145 8 1.4330
38 146 4 1.1262
38 147 49 9.2200
38 148 2 0.3028
38 149 5 1.0016
38 150 35 7.3324
38 151 9 1.1633
38 152 46 11.4737
38 153 55 11.0385
38 154 1 0.1924
38 155 16 2.8077
38 157 6 1.3316
38 158 39 11.2388
38 159 43 10.1162
38 160 2 0.5011
38 162 13 3.0194
38 163 1 0.1163
38 165 3 0.5820
38 167 62 17.3844
38 168 11 2.0651
38 169 21 4.1390
38 170 47 8.3475
38 171 14 2.3711
38 172 1 0.1392
38 173 13 2.3678
38 174 4 1.0868
38 175 2 0.3720
38 176 6 1.5019
38 177 21 5.6154
38 178 2 0.3647
38 179 3 0.5148
38 181 22 5.2829
38 182 1 0.1028
38 183 18 5.0333
38 185 6 1.0068
38 186 6 1.0678
38 187 9 1.6938
38 188 13 2.0572
38 189 35 5.8080
38 190 9 2.3629
38 191 31 9.1562
38 192 15 4.1086
38 193 31 13.3862
38 195 26 4.1146
38 196 26 7.3705
38 197 30 7.9550
38 198 10 2.1296
38 199 4 0.6310
38 201 33 10.7958
38 202 16 4.2776
38 203 2 0.3448
38 204 9 1.7773
38 206 3 0.4739
38 207 24 6.2162
38 208 36 10.0190
38 209 3 0.5775
38 210 4 0.5868
38 211 4 0.6548
38 212 8 1.3771
38 213 7 1.4701
38 215 10 3.0569
38 216 9 1.3793
38 217 33 10.1762
38 218 1 0.1460
38 219 74 19.0660
38 220 12 1.8873
38 222 1 0.2052
38 224 2 0.3462
38 225 5 1.0748
38 226 34 6.4045
38 227 30 10.4884
38 228 2 0.3231
38 229 2 0.3167
38 230 97 25.1017
38 231 38 13.2809
38 232 2 0.3837
38 234 12 4.7206
38 235 7 1.2430
38 236 20 5.2752
38 237 32 13.4901
38 239 9 1.6548
38 240 9 1.5890
38 241 4 0.7297
38 242 54 18.5325
38 245 3 0.8334
38 246 56 16.5865
38 247 8 1.5602
38 249 57 11.6171
38 250 38 21.8306
38 251 6 0.8594
38 252 1 0.2146
38 254 30 7.8363
38 256 11 2.0824
38 257 25 6.0870
38 258 41 14.6579
38 259 4 0.7050
38 260 28 7.1737
38 261 3 0.5876
38 263 12 2.7408
38 264 21 6.1784
38 265 34 7.0878
38 268 102 27.2252
38 269 8 1.3439
38 271 3 0.6002
38 272 3 0.5701
38 273 24 6.8365
38 274 5 0.9487
38 276 11 4.2107
38 277 49 13.4915
38 278 18 6.0675
38 280 5 1.3337
38 281 13 2.5517
38 282 19 5.5858
38 283 19 3.6356
38 285 37 13.3600
38 286 5 1.4328
38 288 21 5.8606
38 289 47 13.3639
38 291 3 0.4601
38 292 59 11.6412
38 293 4 0.6961
38 294 2 0.3849
38 295 4 1.3642
38 296 23 5.3020
38 298 8 1.4398
38 299 2 0.3181
38 300 1 0.1305
38 301 6 1.3418
38 302 17 3.6408
38 303 4 1.4459
38 305 4 1.2669
38 306 4 0.6507
38 307 2 0.9780
38 308 7 1.7111
38 309 29 11.2063
38 310 5 1.0075
38 311 7 1.2712
38 313 1 0.0589
38 314 1 0.3399
38 315 9 1.8212
38 316 10 1.5955
38 317 4 0.6604
38 318 47 9.5892
38 319 5 0.7858
38 320 4 0.8241
38 322 19 5.3944
38 325 10 3.2318
38 326 10 2.4885
38 328 6 1.0969
38 329 6 1.4536
38 331 3 0.5804
38 332 8 2.2937
38 333 26 5.7245
38 334 12 2.7395
38 335 24 5.6980
38 336 4 0.7704
38 337 2 0.3413
38 339 5 1.4935
38 340 7 1.3042
38 342 10 2.0472
38 344 7 1.2064
38 345 3 0.6219
38 347 6 1.1965
38 349 8 1.6810
38 350 5 0.7336
38 351 7 2.2416
38 352 2 0.7442
38 353 31 8.0919
38 354 48 10.6728
38 355 31 7.5326
38 356 4 0.7277
38 357 7 2.1861
38 360 3 0.5404
38 361 20 5.8794
38 363 25 7.2251
38 364 16 3.6202
38 365 8 2.0465
38 366 12 2.1726
38 367 6 1.1669
38 368 18 4.4450
38 369 34 6.2440
38 370 36 6.8191
38 371 6 0.8883
38 373 9 1.8365
38 374 2 1.3897
38 375 37 11.3965
38 376 3 0.6036
38 377 1 0.2075
38 378 13 4.2691
38 379 16 3.9919
38 380 13 2.9455
38 381 3 0.5370
38 382 5 0.8407
38 383 2 0.1885
39 0 33 6.3462
39 1 14 2.4960
39 3 2 0.2919
39 4 35 15.0750
39 5 2 0.3604
39 6 17 3.0116
39 7 38 19.8957
39 8 68 11.9592
39 9 4 0.8792
39 10 4 0.7712
39 11 2 0.3600
39 12 13 3.7477
39 13 6 1.1788
39 14 32 10.6791
39 15 18 4.5438
39 18 114 22.8277
39 19 3 0.3808
39 20 20 4.8803
39 21 3 0.3407
39 23 11 0.8841
39 24 12 1.7286
39 25 3 0.8428
39 26 15 2.4777
39 27 27 5.4644
39 28 5 0.4449
39 30 11 3.4911
39 31 4 1.4000
39 32 26 4.5773
39 33 14 1.8704
39 34 2 0.3647
39 36 12 2.5270
39 37 1 0.1121
39 38 1 0.2630
39 39 1 0.0240
39 41 5 1.1095
39 42 3 0.8250
39 44 5 1.3431
39 45 29 9.8984
39 47 38 10.3327
39 48 6 0.0000
39 50 16 2.9067
39 51 56 10.2893
39 52 2 0.2754
39 54 148 44.4041
39 55 42 6.4473
39 56 6 1.0336
39 58 19 3.4100
39 59 9 1.8882
39 60 2 0.3391
39 61 33 6.9682
39 63 1 0.0353
39 64 19 4.6926
39 65 7 2.1097
39 66 25 6.7056
39 67 4 0.7418
39 68 5 0.7521
39 69 40 7.4107
39 70 7 1.5895
39 71 3 0.5457
39 72 59 13.6325
39 73 10 1.4346
39 75 3 0.7098
39 76 1 0.1223
39 78 4 0.6263
39 80 63 14.0199
39 81 7 1.2692
39 82 12 3.0189
39 83 11 1.2263
39 84 8 2.3177
39 85 14 2.7844
39 86 7 1.0855
39 87 25 14.6054
39 88 10 1.2623
39 91 131 33.3545
39 92 33 7.5248
39 93 8 2.1263
39 94 3 0.4584
39 95 6 0.6810
39 97 50 18.7706
39 98 12 1.4935
39 99 13 3.3885
39 100 8 1.5438
39 101 22 4.9935
39 102 16 3.9035
39 103 11 4.9850
39 106 7 1.4757
39 107 4 0.6134
39 110 1 0.4150
39 111 1 0.1741
39 112 32 10.0552
39 115 5 0.8738
39 116 13 4.1487
39 117 7 1.0511
39 118 32 9.7272
39 119 18 4.6788
39 121 7 1.2246
39 122 24 4.4908
39 123 14 2.8657
39 124 3 0.5794
39 125 20 8.5638
39 126 10 3.0970
39 127 9 1.7057
39 129 2 0.3190
39 131 17 4.7527
39 133 35 6.9154
39 135 14 1.6341
39 136 1 0.2617
39 139 3 0.4851
39 141 25 8.0906
39 142 5 1.1092
39 144 19 4.4164
39 145 8 1.7747
39 146 37 6.4052
39 148 1 0.2659
39 149 13 1.4624
39 151 14 2.2285
39 152 26 4.4167
39 153 6 1.0465
39 155 112 26.5390
39 156 13 2.7312
39 157 2 0.4787
39 158 13 2.1373
39 159 21 3.5675
39 160 64 14.2591
39 161 8 1.1343
39 163 4 0.8186
39 164 1 0.2729
39 165 10 1.8487
39 166 18 2.9771
39 167 3 0.3381
39 168 8 3.5065
39 169 15 3.0341
39 170 14 1.5429
39 172 16 3.6539
39 173 12 2.6688
39 174 2 0.1493
39 175 6 0.7339
39 176 11 1.5886
39 177 1 0.2006
39 178 7 4.5956
39 179 26 5.2173
39 181 22 5.4149
39 182 3 1.0784
39 183 9 1.2469
39 184 22 7.1026
39 185 12 1.9252
39 187 1 0.1953
39 188 5 7.4246
39 189 36 8.8900
39 190 18 5.0292
39 191 10 1.7116
39 192 1 0.1139
39 194 20 3.4131
39 195 32 6.1437
39 196 14 2.9834
39 197 1 0.1245
39 198 16 3.4748
39 199 12 1.4223
39 200 23 8.5985
39 201 9 1.5086
39 202 21 4.1334
39 203 37 11.9273
39 204 18 3.4085
39 205 8 2.1052
39 206 8 1.0098
39 207 100 25.6103
39 208 87 18.8586
39 210 9 1.0041
39 212 19 4.3320
39 213 3 0.3920
39 214 2 0.3102
39 215 26 6.4463
39 216 1 0.0570
39 217 2 0.3569
39 218 2 0.1359
39 220 9 1.7930
39 221 23 5.0700
39 222 3 0.3866
39 223 1 0.0652
39 224 36 11.5930
39 226 5 0.8290
39 228 11 1.9866
39 231 46 15.1674
39 232 4 0.5100
39 235 20 3.2025
39 236 14 2.4381
39 237 24 10.0736
39 240 31 7.0092
39 241 6 1.0564
39 242 6 0.8835
39 243 5 0.7164
39 244 17 3.1557
39 246 27 8.1735
39 247 10 1.4341
39 248 4 0.9558
39 250 4 0.7892
39 252 1 0.1614
39 254 8 1.3757
39 255 27 8.5310
39 256 58 13.7961
39 257 15 2.9436
39 258 1 0.0645
39 259 12 1.7867
39 260 1 0.1928
39 261 4 0.6603
39 262 4 0.4443
39 263 3 0.4563
39 264 7 0.7863
39 265 1 0.1773
39 266 22 3.8517
39 268 36 12.2663
39 269 26 7.8725
39 272 1 0.2122
39 273 10 2.9952
39 274 1 0.1347
39 276 19 4.6410
39 277 4 0.9799
39 278 1 0.0003
39 279 3 0.5522
39 281 39 10.1913
39 282 2 0.2306
39 283 22 6.3798
39 284 18 4.7764
39 285 11 2.9094
39 286 24 3.9191
39 288 1 0.1443
39 289 10 2.3105
39 290 5 1.3197
39 291 9 1.6335
39 292 1 0.3239
39 293 23 5.4667
39 294 24 3.7776
39 295 22 4.5204
39 296 11 3.6415
39 298 23 12.7166
39 300 2 0.2489
39 301 1 0.0729
39 302 18 4.2163
39 303 82 20.9688
39 304 14 2.5907
39 306 3 0.5027
39 307 30 6.2889
39 308 10 1.8192
39 309 8 0.9248
39 311 7 1.3906
39 312 12 1.7696
39 313 4 0.6158
39 314 14 3.8242
39 315 2 0.3252
39 317 5 1.2996
39 318 13 9.9094
39 319 19 4.5828
39 322 21 4.5255
39 324 3 0.6598
39 326 37 11.0631
39 328 6 0.9501
39 330 94 29.4298
39 331 11 1.7423
39 333 1 0.2749
39 334 11 4.8474
39 335 32 6.2632
39 336 66 16.8102
39 337 15 2.7572
39 339 5 0.8119
39 341 8 1.8385
39 342 1 0.1978
39 343 2 0.6201
39 346 21 7.4657
39 348 22 3.9093
39 349 171 59.5857
39 350 1 0.2096
39 351 3 0.4527
39 352 33 11.2890
39 354 14 4.6441
39 355 24 7.4473
39 356 4 0.5053
39 357 17 9.3247
39 358 3 0.5210
39 359 15 3.5026
39 360 34 11.7423
39 361 13 2.1505
39 362 19 5.8383
39 363 16 2.8969
39 364 1 0.1316
39 365 1 0.1505
39 367 31 6.1016
39 368 62 19.1048
39 369 1 0.1412
39 370 11 1.4799
39 371 19 3.3138
39 373 2 0.3565
39 374 10 1.2403
39 375 11 5.3694
39 377 8 1.1039
39 378 1 0.1840
39 379 36 7.3274
39 380 2 0.3617
39 381 27 5.7388
39 382 11 3.0418
39 383 4 0.6571
