# layer expert count weight_sum
0 0 424 128.1334
0 1 15 2.7684
0 2 887 215.9997
0 4 105 32.4317
0 5 241 63.0943
0 6 8 1.6259
0 7 267 59.2661
0 8 320 90.9322
0 9 239 85.1904
0 10 22 5.2041
0 11 369 73.3811
0 12 89 25.9811
0 14 91 18.5805
0 15 256 49.9413
0 16 2 0.4079
0 17 387 81.0374
0 18 202 42.3898
0 19 35 7.2639
0 20 88 16.5087
0 21 126 26.5852
0 22 70 16.8225
0 24 64 12.8171
0 25 176 33.9227
0 26 77 18.2218
0 27 125 26.6366
0 28 405 98.5954
0 29 232 44.3897
0 30 394 85.9476
0 31 49 10.1308
0 32 64 13.5862
0 33 69 17.7359
0 34 106 21.6384
0 35 581 151.7036
0 36 441 106.5515
0 37 5 0.7833
0 38 254 60.7973
0 39 1117 271.0143
0 40 447 136.1998
0 41 365 85.0959
0 42 21 5.8714
0 43 180 36.1600
0 44 272 52.5745
0 45 88 17.5085
0 46 81 16.1769
0 47 400 81.9123
0 48 68 16.6198
0 49 138 28.6279
0 51 40 7.4207
0 52 3 0.5968
0 53 19 2.9943
0 54 73 13.9978
0 55 63 14.0121
0 56 110 20.5498
0 57 4 0.6847
0 58 130 26.9979
0 59 62 12.3525
0 60 22 4.1510
0 61 76 23.2826
0 62 25 5.1969
0 63 29 5.1929
0 64 143 36.5655
0 65 20 3.7414
0 66 20 3.9874
0 67 169 60.1771
0 68 141 28.6739
0 69 383 91.9189
0 70 223 36.8927
0 71 135 25.2226
0 72 368 71.4160
0 73 411 106.9177
0 74 158 29.5281
0 75 54 9.4604
0 77 67 22.9901
0 78 181 36.1748
0 80 1 0.3407
0 81 81 16.6666
0 82 123 24.1640
0 83 40 8.5059
0 84 54 13.0374
0 85 155 40.2158
0 86 370 80.1126
0 87 104 16.9305
0 88 151 27.5693
0 89 218 39.2625
0 90 13 2.1854
0 91 3 0.6555
0 92 68 14.4027
0 94 303 76.1967
0 95 67 15.7422
0 96 83 23.6090
0 97 513 104.7429
0 98 27 10.4388
0 99 10 2.0587
0 100 8 1.6246
0 101 500 171.7071
0 102 585 108.1559
0 104 171 38.8746
0 105 621 136.9547
0 106 70 13.3553
0 107 141 26.9318
0 108 143 26.1488
0 109 183 48.0551
0 110 245 101.3262
0 111 289 70.0135
0 112 111 40.0449
0 113 207 43.3370
0 114 122 26.4861
0 115 280 98.7793
0 116 531 111.4594
0 117 79 19.4831
0 118 207 39.7885
0 119 79 14.4460
0 120 40 7.5397
0 121 23 4.3655
0 123 5 0.9872
0 124 146 29.9202
0 125 86 15.3645
0 126 86 21.8262
0 127 168 41.1064
0 128 84 30.2518
0 129 24 3.5555
0 130 1143 350.5369
0 131 240 57.5775
0 132 43 8.0367
0 133 273 50.9003
0 134 38 14.9973
0 135 115 21.6559
0 136 379 128.2082
0 138 615 133.6382
0 139 3 0.6469
0 140 174 47.0483
0 141 138 35.0285
0 142 109 27.6096
0 143 273 70.5009
0 144 39 9.1105
0 145 389 106.9986
0 146 158 33.4301
0 147 168 41.4765
0 148 283 60.9558
0 149 201 48.2177
0 150 32 6.5764
0 151 34 7.9705
0 152 305 68.1862
0 153 109 24.4121
0 154 748 233.9207
0 155 172 62.9476
0 156 579 130.1629
0 157 60 13.0985
0 158 157 31.9384
0 159 724 197.1983
0 160 38 6.5829
0 161 325 62.1745
0 162 89 19.7287
0 163 30 6.3599
0 164 591 115.1096
0 165 58 12.0526
0 166 71 14.1940
0 167 317 81.8428
0 168 187 36.9166
0 169 260 85.3285
0 170 60 19.7823
0 171 98 18.3230
0 172 82 30.1629
0 173 146 42.2124
0 174 170 65.5948
0 175 138 27.7134
0 176 294 53.1702
0 177 107 21.1587
0 178 40 8.2520
0 179 1 0.1998
0 180 447 85.6520
0 181 427 94.3470
0 182 9 2.0198
0 183 758 329.3933
0 184 146 27.3465
0 185 100 18.0172
0 186 73 15.6291
0 187 45 8.9981
0 188 434 182.3088
0 189 221 41.3206
0 190 10 1.6123
0 191 179 37.0194
0 192 129 24.6145
0 193 102 30.4144
0 194 154 35.2149
0 195 51 10.3950
0 196 61 12.6742
0 197 377 81.5888
0 198 261 60.1401
0 199 16 2.5197
0 200 19 3.3736
0 201 91 30.1366
0 203 120 40.6564
0 204 15 3.1208
0 205 872 265.0297
0 206 23 6.2089
0 207 223 51.2080
0 208 476 100.1284
0 209 76 20.1165
0 210 2 0.4422
0 211 73 12.3237
0 212 22 4.7004
0 213 206 59.7163
0 214 35 6.9565
0 215 377 67.4410
0 216 167 43.5010
0 217 96 16.4720
0 219 59 9.4930
0 220 230 47.8336
0 221 3 0.6233
0 222 126 24.7390
0 223 62 11.0032
0 224 31 5.3446
0 225 469 146.0717
0 226 13 2.4104
0 227 347 66.1553
0 228 58 10.1389
0 229 368 77.0645
0 230 56 13.2645
0 231 243 54.8450
0 232 330 108.6213
0 233 1 0.2125
0 234 417 103.6289
0 235 6 1.1950
0 236 111 20.0430
0 237 412 115.9994
0 238 265 82.8044
0 239 42 7.2645
0 240 2 0.3689
0 241 341 119.4361
0 242 514 124.5033
0 244 3 0.6312
0 245 488 87.6814
0 246 29 4.7309
0 247 6 1.1185
0 248 181 44.3691
0 250 97 17.6521
0 251 276 86.8970
0 252 95 16.6166
0 253 245 46.5127
0 254 4 0.7846
0 255 21 3.9160
0 256 120 24.3262
0 257 104 25.7254
0 258 3 0.6981
0 259 162 29.4444
0 260 425 136.2905
0 261 88 23.6377
0 262 315 111.8390
0 263 271 94.2537
0 264 31 5.9469
0 265 3 0.5106
0 266 300 75.6972
0 267 212 92.7061
0 268 447 190.1865
0 269 306 66.9960
0 270 8 2.5081
0 271 178 35.8347
0 272 32 6.5505
0 273 34 5.4040
0 274 96 24.5991
0 275 306 96.9078
0 276 384 105.9670
0 277 9 3.3848
0 278 57 13.2535
0 279 126 23.5926
0 280 339 72.9301
0 281 47 11.0527
0 282 137 26.5223
0 283 141 32.5511
0 284 396 84.5065
0 285 287 65.3942
0 286 203 50.2418
0 287 86 15.5882
0 288 169 32.6481
0 289 348 108.0779
0 290 281 87.6580
0 291 136 26.3740
0 292 11 3.0575
0 293 224 53.9831
0 294 161 45.1290
0 295 248 81.7156
0 296 402 107.4458
0 297 229 58.3503
0 298 7 1.1468
0 299 258 50.3967
0 300 438 118.8197
0 301 126 26.9642
0 302 40 14.1110
0 303 108 19.1235
0 304 60 19.7543
0 305 211 42.0896
0 306 68 15.8807
0 307 75 14.1849
0 308 229 45.6873
0 309 48 8.5409
0 310 512 179.5080
0 311 199 46.1962
0 312 71 14.4152
0 313 2 0.3962
0 314 199 39.3750
0 315 29 6.0360
0 316 110 20.1137
0 317 545 132.0587
0 318 60 21.9788
0 319 94 17.6381
0 320 139 26.7868
0 321 248 52.0568
0 322 367 130.1094
0 323 2202 732.0787
0 324 4 0.8085
0 325 219 57.1859
0 326 196 35.7636
0 327 76 14.7379
0 328 155 34.6445
0 329 140 52.5459
0 330 184 44.3808
0 331 244 51.5970
0 332 126 27.3378
0 333 114 25.6047
0 334 216 44.1362
0 336 18 3.5122
0 337 186 40.9832
0 338 165 48.6857
0 339 24 4.5092
0 340 8 1.7704
0 341 574 173.3714
0 342 178 32.7365
0 343 286 66.1779
0 344 3 0.7030
0 345 165 30.2389
0 346 110 19.3847
0 347 28 15.0940
0 348 315 64.7184
0 349 104 20.2902
0 350 154 30.1197
0 351 206 55.7610
0 352 257 59.1942
0 353 147 27.9323
0 354 411 81.6605
0 355 363 75.6009
0 356 28 5.5978
0 357 117 29.9158
0 358 46 9.5219
0 359 73 12.9480
0 360 31 6.3785
0 361 168 40.7361
0 362 57 20.5273
0 363 230 46.6992
0 364 162 33.0565
0 365 124 22.2571
0 366 495 101.7800
0 367 110 26.0674
0 368 45 9.1760
0 369 68 17.6279
0 370 484 95.8153
0 371 187 35.9053
0 372 42 6.6446
0 374 59 11.3705
0 375 112 20.9844
0 376 58 10.8167
0 377 23 4.2970
0 378 169 54.8359
0 379 64 19.6999
0 380 52 10.5110
0 381 97 19.9521
0 382 118 20.7335
0 383 66 14.3432
1 0 601 188.7076
1 1 68 14.5041
1 2 44 9.6927
1 3 68 14.1662
1 4 172 41.2194
1 5 1439 364.8406
1 6 56 11.8050
1 7 174 40.8964
1 8 64 15.9437
1 9 4 0.9560
1 10 243 57.8729
1 11 622 224.9720
1 12 36 10.3802
1 13 31 7.3861
1 14 173 54.8053
1 15 244 49.6736
1 17 4 0.9097
1 18 27 5.1795
1 19 201 50.2926
1 20 266 96.2128
1 21 137 23.8032
1 22 130 30.1115
1 23 291 68.2301
1 24 201 48.2305
1 25 85 18.4603
1 26 385 88.1708
1 27 6 1.3263
1 28 36 7.9330
1 29 2 0.4379
1 30 193 41.5292
1 31 53 11.3785
1 32 18 3.9930
1 33 218 49.0890
1 34 72 16.9001
1 35 113 25.1174
1 36 21 4.5019
1 37 8 1.5193
1 38 111 25.1725
1 39 125 28.7903
1 40 3 0.6853
1 41 77 17.1418
1 42 71 15.8253
1 43 49 9.2894
1 44 8 1.6055
1 45 377 116.1684
1 46 53 11.2191
1 47 241 55.1934
1 48 67 14.9313
1 49 243 63.6250
1 50 24 5.1380
1 51 234 53.0561
1 52 98 18.5846
1 53 66 13.7354
1 54 334 69.3491
1 55 37 7.5625
1 56 63 20.8990
1 57 304 67.9425
1 58 3 0.6010
1 59 84 18.3422
1 60 29 5.3706
1 61 258 53.9902
1 62 61 24.3899
1 63 225 48.1116
1 64 202 55.9918
1 65 16 3.3805
1 66 194 59.9775
1 67 645 169.2476
1 68 52 15.7325
1 69 30 7.0775
1 70 100 21.9422
1 71 88 19.7111
1 72 38 10.6274
1 73 189 46.6538
1 75 851 384.0718
1 76 6 1.4142
1 77 28 5.7167
1 78 2 0.4079
1 79 2 0.4094
1 80 60 13.0503
1 81 35 7.8222
1 82 128 28.1186
1 83 29 5.7923
1 84 195 40.5733
1 85 546 106.1797
1 86 9 1.5337
1 87 103 40.1569
1 88 690 166.5493
1 89 61 13.2187
1 90 42 9.3452
1 91 186 52.2821
1 92 172 43.4896
1 93 584 131.3678
1 94 30 5.3386
1 95 184 40.0783
1 96 14 3.0392
1 97 158 38.6120
1 98 262 79.9251
1 99 33 6.1985
1 100 233 52.8034
1 101 14 4.1194
1 102 25 5.2253
1 103 167 36.8960
1 104 257 82.7195
1 105 209 44.9149
1 106 1008 234.1556
1 107 56 11.2883
1 108 86 24.8932
1 109 528 123.7159
1 110 1225 359.7850
1 111 59 13.6664
1 112 283 62.8226
1 113 80 23.1496
1 114 68 20.5755
1 115 85 19.1019
1 116 39 9.0953
1 117 213 49.3527
1 118 28 6.0122
1 119 27 6.7316
1 120 162 40.4397
1 121 210 47.5800
1 122 414 93.0542
1 123 59 13.8362
1 124 24 7.4346
1 125 309 62.6884
1 126 101 22.2664
1 127 171 43.8982
1 128 146 30.2348
1 129 171 46.5901
1 130 114 31.5744
1 131 313 85.0249
1 133 68 19.0177
1 134 608 145.0695
1 135 348 83.2415
1 136 69 15.0036
1 137 42 13.9050
1 138 208 47.2332
1 141 229 51.5729
1 142 19 4.5640
1 143 24 5.4149
1 144 149 42.0784
1 145 40 7.5285
1 146 281 65.2668
1 147 231 44.2675
1 148 228 68.3590
1 149 16 4.2272
1 150 64 14.3214
1 151 59 20.5073
1 152 15 3.3467
1 153 1 0.3735
1 154 59 13.3464
1 155 476 117.3910
1 156 234 55.1219
1 157 161 51.1073
1 158 408 122.6568
1 159 536 133.8450
1 160 405 87.5206
1 161 204 48.4367
1 162 132 30.2698
1 163 123 24.5275
1 164 38 8.2641
1 165 25 5.5070
1 166 314 73.4829
1 167 58 11.4252
1 168 104 26.4143
1 169 68 14.1679
1 170 62 12.9348
1 171 23 5.1315
1 172 100 21.5123
1 173 544 150.9531
1 174 20 4.3198
1 175 86 18.2224
1 176 266 65.3869
1 177 122 31.3392
1 178 144 31.4069
1 179 83 14.6799
1 180 550 127.8298
1 181 78 15.9383
1 182 46 9.8325
1 183 22 6.4939
1 184 174 39.2813
1 185 222 46.9059
1 186 320 75.8895
1 187 296 64.4424
1 188 226 80.2316
1 189 13 2.8289
1 190 70 15.3465
1 191 75 22.5128
1 192 83 26.4114
1 193 1922 603.9094
1 194 86 20.4548
1 195 213 44.7152
1 196 3 0.6297
1 197 14 3.0884
1 198 32 7.6510
1 199 144 28.1568
1 200 179 44.6244
1 201 8 1.6350
1 202 188 41.2422
1 203 159 34.2308
1 204 31 7.4658
1 206 248 55.9105
1 207 28 6.0673
1 208 419 88.3002
1 209 73 14.8498
1 210 55 12.2231
1 211 69 14.5868
1 212 177 37.8654
1 213 425 93.7650
1 214 77 20.9495
1 215 159 34.2900
1 216 55 11.7714
1 217 196 53.5722
1 218 61 15.8948
1 219 244 78.3160
1 220 48 10.5867
1 221 61 12.7571
1 222 168 36.2865
1 223 32 6.8722
1 224 210 48.0875
1 225 1 0.2553
1 226 26 5.7540
1 227 216 50.9622
1 228 401 89.8314
1 229 131 30.1897
1 230 116 24.1642
1 231 27 5.9844
1 232 104 23.0747
1 233 86 19.9732
1 234 161 36.0352
1 235 151 32.8334
1 236 425 86.8201
1 237 54 13.8046
1 238 18 3.8498
1 239 100 21.9026
1 240 287 96.3134
1 241 72 15.5760
1 242 331 74.2287
1 243 76 16.3000
1 244 132 42.5563
1 245 41 8.4768
1 246 112 23.9819
1 247 178 41.5941
1 248 233 53.9539
1 249 3 1.2369
1 250 6 1.9060
1 251 468 158.4946
1 252 146 29.8493
1 253 96 22.4959
1 254 489 110.1323
1 255 119 27.6455
1 256 63 13.4252
1 257 41 8.0974
1 258 52 10.8286
1 259 1256 329.4682
1 260 455 102.1025
1 261 3 0.4267
1 262 68 14.8006
1 263 338 77.9780
1 264 5 1.2244
1 265 306 83.5686
1 266 159 34.4757
1 267 207 46.8498
1 268 69 16.0431
1 269 23 4.8787
1 270 194 49.7795
1 271 220 52.2234
1 272 52 10.6434
1 273 29 6.4062
1 274 121 26.2859
1 275 150 34.1830
1 276 5 1.5155
1 277 87 19.3089
1 278 22 4.0817
1 279 161 38.0110
1 280 399 88.5848
1 281 50 10.9495
1 282 9 2.0527
1 283 1358 341.1785
1 284 201 42.5900
1 285 126 22.5723
1 286 5 1.0947
1 287 38 8.2818
1 288 34 7.0264
1 289 6 1.5513
1 290 87 17.9536
1 291 13 3.0539
1 292 202 56.0215
1 293 226 52.0631
1 294 237 58.9238
1 295 102 20.7533
1 296 232 51.5179
1 297 275 71.3267
1 298 66 13.6149
1 299 109 25.4591
1 300 71 14.6310
1 301 93 21.1039
1 302 134 30.5327
1 303 26 5.8818
1 304 47 9.8023
1 305 47 10.7151
1 306 411 118.3407
1 307 126 37.9558
1 308 4 0.9430
1 309 2 0.3976
1 310 269 60.6093
1 311 33 6.5191
1 312 12 2.7340
1 313 247 54.7448
1 314 110 21.6184
1 315 8 1.7628
1 316 610 163.7083
1 317 18 5.1284
1 318 1238 307.6273
1 319 275 59.2740
1 320 127 27.3584
1 321 128 26.6030
1 322 629 143.4151
1 323 486 108.5329
1 324 235 53.9537
1 325 53 11.3001
1 326 43 9.1708
1 327 71 14.6491
1 328 151 33.9252
1 329 133 34.1994
1 330 159 36.0967
1 331 27 4.8472
1 332 82 16.6718
1 333 314 69.9585
1 334 35 7.9537
1 335 2 0.3164
1 336 124 40.9467
1 337 139 32.2674
1 338 40 9.5394
1 339 158 38.4072
1 340 1893 445.1033
1 341 487 193.3735
1 342 50 10.7162
1 343 110 26.1649
1 344 209 44.5869
1 345 57 12.1517
1 346 41 9.3128
1 347 19 4.1324
1 348 6 1.3105
1 349 553 157.0186
1 350 295 63.4095
1 353 193 38.8004
1 354 46 10.3336
1 355 50 11.2007
1 356 274 58.6041
1 357 17 2.7518
1 358 26 5.0113
1 359 8 1.0281
1 360 439 97.6857
1 361 2149 580.4530
1 362 99 22.4182
1 363 26 5.1433
1 364 52 11.1514
1 365 88 21.7213
1 366 149 31.7048
1 367 2 0.4363
1 368 191 42.8074
1 369 369 96.0306
1 370 145 31.9389
1 371 323 71.6959
1 372 138 33.4257
1 373 371 105.4875
1 374 7 1.7668
1 375 131 35.5146
1 376 60 13.1366
1 377 425 109.3674
1 378 238 52.1035
1 379 105 33.7703
1 380 151 35.6380
1 381 166 31.2279
1 382 23 9.0233
1 383 7 1.4115
2 1 659 154.1327
2 2 448 99.2666
2 3 131 32.3929
2 4 53 12.1730
2 5 1 0.2240
2 6 87 21.7408
2 7 162 36.1272
2 8 798 183.5178
2 9 331 86.5800
2 10 181 50.0605
2 11 22 5.2997
2 12 305 67.3088
2 13 22 4.2248
2 14 5 1.0480
2 15 97 27.0104
2 16 96 21.4426
2 18 45 9.5637
2 19 41 9.4020
2 20 186 43.2585
2 21 57 13.6659
2 23 119 27.4951
2 24 145 29.8821
2 25 120 25.6602
2 26 102 21.3735
2 27 641 148.9440
2 29 66 15.4103
2 30 180 40.2175
2 31 191 40.7436
2 32 92 21.1569
2 33 297 67.3689
2 34 11 2.5833
2 35 2455 663.4212
2 36 4 0.8904
2 37 10 2.1842
2 39 89 16.9659
2 40 51 11.0459
2 41 380 90.7739
2 42 664 191.6730
2 43 8 1.9303
2 44 4 0.9270
2 45 163 35.5023
2 46 150 32.3985
2 47 92 21.2611
2 48 91 21.0794
2 49 100 29.1938
2 50 57 19.0333
2 51 26 5.2654
2 52 48 9.1353
2 53 268 77.3119
2 54 51 10.9033
2 56 53 15.7056
2 57 30 6.7680
2 58 1720 416.9855
2 59 54 13.6089
2 60 52 11.9083
2 62 15 3.2198
2 63 13 2.6106
2 64 12 2.9366
2 65 41 8.6681
2 66 86 19.7469
2 67 197 46.7912
2 68 606 141.6847
2 69 552 123.7457
2 70 1 0.1940
2 71 43 8.1489
2 72 8 1.8254
2 73 16 3.4879
2 74 309 69.4219
2 75 34 7.3279
2 76 37 7.2150
2 77 324 77.5550
2 78 14 2.8972
2 79 1076 245.9043
2 80 17 3.4100
2 81 56 12.4964
2 82 148 33.5171
2 83 25 6.0153
2 84 16 2.8579
2 85 9 1.9116
2 86 14 3.2371
2 87 177 49.5842
2 88 198 45.1335
2 89 174 48.8326
2 90 15 3.3710
2 91 607 126.5386
2 92 13 3.3453
2 93 67 14.0979
2 94 75 19.0634
2 95 65 14.7954
2 96 1552 369.6487
2 97 72 17.3083
2 98 95 21.7108
2 99 54 12.0736
2 100 77 16.8981
2 101 214 55.2531
2 102 284 82.7141
2 103 117 27.1683
2 104 186 42.1003
2 105 2998 836.2939
2 106 13 2.6583
2 107 63 13.9855
2 108 58 13.0875
2 109 27 7.6706
2 110 46 10.7434
2 111 568 122.8578
2 112 81 17.9126
2 113 7 1.6391
2 114 69 24.5723
2 115 271 73.7353
2 116 12 2.0227
2 117 11 2.3685
2 118 246 56.7196
2 119 314 74.3707
2 120 345 78.6059
2 121 80 25.9455
2 122 4 0.8994
2 123 116 26.8963
2 124 71 25.8387
2 125 323 85.1330
2 126 106 22.8644
2 127 3 0.7413
2 128 235 50.3449
2 129 11 2.0199
2 130 86 31.1982
2 131 930 210.8444
2 132 101 24.6885
2 133 30 6.9584
2 134 287 91.7657
2 135 181 60.2043
2 136 73 17.3929
2 137 1 0.2135
2 138 40 9.7324
2 139 935 206.7057
2 140 169 39.2054
2 141 119 35.0504
2 142 202 55.0004
2 143 7 1.4557
2 144 222 51.2698
2 145 81 18.7463
2 146 43 9.3937
2 147 1489 365.1346
2 148 66 17.1349
2 149 1 0.2062
2 150 35 6.6668
2 151 617 144.8407
2 152 282 83.7732
2 153 196 46.0979
2 154 16 2.9580
2 155 27 6.0705
2 156 77 16.9071
2 157 25 5.6130
2 158 435 104.3626
2 159 2 0.3133
2 160 265 59.5202
2 161 5 1.1364
2 162 12 2.5710
2 163 378 106.3627
2 165 83 18.5494
2 166 769 211.2654
2 167 139 31.2469
2 168 62 13.7997
2 169 2 0.3952
2 170 49 13.0691
2 171 5 0.7712
2 172 149 43.8925
2 173 9 2.0846
2 174 19 6.3897
2 175 146 31.9086
2 176 3 0.6966
2 177 364 94.0424
2 178 196 52.9202
2 179 35 7.5049
2 180 3 0.7935
2 181 124 29.3458
2 182 3 0.8359
2 183 56 12.4191
2 184 41 9.4851
2 185 374 83.8256
2 186 52 11.4938
2 187 402 86.9497
2 188 10 2.2130
2 189 328 75.3153
2 190 18 4.5107
2 191 130 29.4240
2 192 41 8.7876
2 193 79 18.6963
2 194 258 67.9014
2 195 103 26.6519
2 196 280 63.0540
2 198 29 6.8743
2 199 492 123.8949
2 200 342 113.8820
2 201 53 12.2436
2 202 18 4.1124
2 203 233 58.4374
2 204 63 14.0661
2 205 107 28.2366
2 206 303 71.2394
2 207 76 16.4829
2 208 47 10.5299
2 209 41 10.5997
2 210 160 42.9387
2 211 3 0.7388
2 212 194 42.9591
2 213 1142 280.3679
2 214 118 33.5995
2 215 50 11.2155
2 216 536 154.5311
2 217 62 14.6926
2 218 2 0.4524
2 219 145 33.3503
2 220 71 12.1151
2 221 7 1.5574
2 222 74 22.3586
2 223 183 61.3437
2 224 264 70.3626
2 225 4 0.8566
2 226 172 41.7425
2 227 49 10.7966
2 228 45 10.8701
2 229 14 2.9890
2 230 121 27.8327
2 231 16 3.3818
2 232 113 26.5607
2 233 81 32.4672
2 234 419 105.5368
2 235 17 3.9638
2 236 1 0.2256
2 238 43 9.4209
2 239 20 4.4854
2 240 23 5.4874
2 241 1310 322.9099
2 242 623 262.3567
2 243 129 32.7753
2 244 10 2.1159
2 245 1 0.1218
2 246 79 22.0019
2 247 31 6.5567
2 248 12 2.4719
2 249 5 0.7882
2 250 48 10.0918
2 251 2 0.3911
2 252 145 35.6819
2 253 61 13.3237
2 254 511 127.7769
2 255 170 39.1502
2 256 96 23.4699
2 257 12 2.2948
2 259 12 2.4599
2 260 86 23.4318
2 261 172 35.6084
2 262 500 109.1846
2 263 48 11.7981
2 264 27 5.9355
2 265 44 8.8244
2 266 166 37.9521
2 267 14 3.3401
2 268 82 15.6724
2 269 39 9.2475
2 270 255 60.4377
2 271 60 16.5619
2 272 22 4.8338
2 273 11 2.3898
2 274 7 1.7440
2 275 6 1.3738
2 276 8 1.8625
2 277 12 2.6253
2 278 432 132.2994
2 279 88 31.6178
2 280 119 26.2756
2 281 400 94.1751
2 282 50 11.3665
2 283 175 50.9934
2 284 77 17.4189
2 285 7 1.2182
2 286 31 7.1786
2 288 15 3.0509
2 289 266 62.3428
2 290 90 21.8655
2 291 223 49.8182
2 292 15 2.9059
2 293 103 31.3833
2 294 10 2.3618
2 295 6 1.4101
2 296 303 73.3295
2 297 239 58.1219
2 298 691 174.1157
2 299 131 35.1354
2 300 8 1.8446
2 301 230 51.6030
2 302 113 25.0427
2 303 28 6.5936
2 304 66 12.9417
2 305 225 77.1958
2 306 119 27.0238
2 307 95 31.4604
2 308 487 109.5229
2 309 2 0.4155
2 311 192 44.2331
2 312 7 1.5551
2 313 5 1.2218
2 314 179 46.6396
2 315 195 34.3567
2 316 711 225.1457
2 317 63 13.9248
2 318 18 3.4499
2 319 10 2.2322
2 320 504 111.3155
2 321 43 10.2227
2 322 101 22.1752
2 323 482 111.4166
2 324 113 32.0589
2 325 1 0.1851
2 326 79 19.1737
2 327 1475 420.0973
2 328 427 95.5516
2 329 81 18.1559
2 330 299 70.3904
2 331 104 22.1744
2 332 210 50.9626
2 333 155 38.1612
2 334 23 4.8215
2 335 203 44.0546
2 336 13 2.4522
2 337 66 26.1573
2 338 12 2.6559
2 339 91 20.1709
2 340 57 12.3588
2 341 24 5.0268
2 342 29 6.9338
2 343 6 1.4021
2 344 534 128.2864
2 345 223 52.2636
2 347 254 61.7541
2 348 4 1.0013
2 349 1 0.1813
2 351 431 117.2096
2 352 648 146.9921
2 353 50 12.5928
2 354 296 65.2031
2 355 41 9.3862
2 357 9 1.8792
2 358 598 141.2424
2 359 60 13.2205
2 360 17 3.7628
2 361 15 3.1724
2 362 21 6.3495
2 363 55 12.1575
2 365 101 25.2097
2 366 93 19.7372
2 367 37 8.5762
2 368 41 8.9386
2 369 586 130.7437
2 370 15 3.3101
2 371 2 0.4835
2 372 16 3.4096
2 373 900 215.3156
2 374 47 10.8111
2 375 1664 508.0188
2 376 30 6.5829
2 377 270 63.6569
2 378 28 5.9515
2 379 20 4.4511
2 380 357 87.8829
2 381 108 24.2216
2 382 550 133.1669
2 383 244 54.8640
3 1 53 11.5117
3 2 31 6.3409
3 3 1 0.1584
3 4 361 94.3871
3 5 325 75.4755
3 6 1 0.1226
3 7 26 4.6174
3 9 26 5.2514
3 10 39 8.2729
3 11 30 11.1499
3 12 138 22.0081
3 13 471 114.2121
3 14 110 22.6594
3 15 129 38.0619
3 16 42 8.3607
3 17 592 120.1417
3 18 428 139.2807
3 19 20 4.3714
3 21 913 179.3680
3 22 447 141.4025
3 23 20 3.4584
3 24 18 3.3501
3 25 6 1.0770
3 26 28 6.4087
3 27 11 2.4949
3 28 7 1.4593
3 31 181 30.9560
3 32 64 11.3847
3 33 35 5.6581
3 34 28 8.3762
3 35 96 20.5412
3 37 1173 312.3560
3 38 112 30.3277
3 39 7 1.5829
3 40 154 37.2426
3 41 1 0.1916
3 42 36 7.5419
3 43 84 18.9237
3 44 1 0.2200
3 45 6 1.5537
3 46 1 0.1815
3 47 19 4.0452
3 48 70 13.2486
3 49 231 76.9151
3 50 47 9.4083
3 51 78 19.1603
3 52 30 5.7823
3 53 45 9.8200
3 54 234 52.5789
3 55 41 9.7460
3 56 180 50.7075
3 57 9 1.9247
3 58 112 26.1029
3 59 7 1.4396
3 60 18 4.0310
3 61 3439 729.9386
3 62 125 27.7048
3 63 3 0.6059
3 64 62 13.2762
3 65 8 1.6832
3 66 292 66.5757
3 67 545 177.9947
3 68 1 0.1588
3 69 128 29.5544
3 70 14 3.4580
3 71 3 0.5002
3 72 2 0.4580
3 73 43 6.4174
3 74 61 13.9157
3 75 1 0.1847
3 76 5 0.9338
3 77 3 0.5320
3 78 26 5.7327
3 79 20 4.5672
3 80 59 23.1774
3 81 355 93.0733
3 82 1 0.2581
3 83 70 20.5761
3 84 5 0.8962
3 85 6 1.6402
3 86 322 68.5709
3 87 73 18.1914
3 89 171 36.6948
3 90 37 9.5506
3 91 661 186.9138
3 92 94 21.2119
3 93 102 25.9140
3 94 62 13.0589
3 95 11 2.1402
3 96 2659 622.4333
3 97 3 0.6718
3 98 19 4.1032
3 99 35 8.0663
3 100 147 33.4689
3 101 14 3.4259
3 102 425 126.1466
3 103 6 1.2705
3 104 57 12.6702
3 105 180 36.9801
3 106 21 4.3566
3 107 237 76.1971
3 108 2 0.3199
3 109 81 16.7897
3 110 384 114.3140
3 111 9 1.8949
3 112 2 0.4951
3 113 55 12.8343
3 114 283 70.9154
3 115 2 0.4032
3 116 12 2.3794
3 117 167 34.5491
3 118 261 48.4378
3 119 263 80.0248
3 120 15 2.9699
3 121 8 1.5908
3 122 39 13.8304
3 123 3 0.6607
3 124 10 1.8419
3 125 11 2.7603
3 126 210 51.1955
3 128 60 12.6923
3 130 159 33.6470
3 131 28 5.1525
3 132 75 17.0815
3 133 16 3.4292
3 134 1 0.2091
3 135 1 0.1925
3 136 205 54.6919
3 137 8 1.4064
3 138 24 5.3416
3 140 6 1.1567
3 141 99 21.4556
3 142 186 44.9060
3 143 36 6.9516
3 144 210 53.9313
3 145 159 52.4997
3 146 15 3.2685
3 147 2186 478.0954
3 148 116 24.9768
3 149 618 195.1469
3 150 49 23.0849
3 151 23 5.0186
3 152 25 5.2228
3 153 712 161.1248
3 154 75 33.6947
3 155 31 9.2182
3 156 136 27.6476
3 157 26 5.7157
3 158 19 4.2988
3 159 88 20.8427
3 160 18 3.6685
3 161 203 48.4909
3 163 197 35.0193
3 164 249 50.6531
3 165 142 27.4819
3 166 314 84.6157
3 167 1144 244.0217
3 168 487 106.5524
3 169 298 58.9483
3 170 57 19.7930
3 171 2 0.4341
3 172 81 25.5467
3 173 126 28.0604
3 174 22 4.9003
3 175 4 0.8031
3 176 94 20.1480
3 177 88 20.3395
3 178 441 90.4305
3 179 23 4.5707
3 180 107 21.9027
3 182 8 1.4220
3 184 189 50.0215
3 185 40 8.7713
3 186 288 82.1035
3 188 12 2.5652
3 189 336 112.5627
3 190 28 5.6498
3 191 25 5.2513
3 192 861 421.2608
3 193 28 9.4397
3 194 120 29.7899
3 195 16 3.1266
3 197 117 27.6729
3 198 13 2.1695
3 199 12 2.3281
3 200 36 7.1096
3 201 28 5.7427
3 202 33 10.7771
3 203 3 0.6361
3 204 33 7.4990
3 205 91 38.3810
3 206 97 28.6295
3 207 137 40.7441
3 209 175 50.4387
3 210 12 2.7320
3 211 60 10.1780
3 212 1 0.1548
3 213 15 2.9229
3 214 613 190.3880
3 215 63 11.9410
3 216 4 0.6711
3 217 79 20.3650
3 218 142 40.9405
3 219 29 5.8353
3 220 108 19.1344
3 221 3 0.6961
3 222 12 3.1236
3 224 3807 864.1436
3 225 65 14.6397
3 226 288 61.0370
3 228 62 22.8433
3 229 108 22.0903
3 230 19 3.6181
3 231 4 0.7617
3 232 344 131.8882
3 233 1282 406.9077
3 234 35 6.8208
3 235 2 0.4430
3 236 33 6.8708
3 237 47 12.3889
3 239 17 5.4199
3 240 301 74.7251
3 242 1 0.2352
3 243 26 5.7209
3 244 3 0.6857
3 245 7 1.5972
3 246 172 44.8106
3 247 4 1.1877
3 248 39 7.7112
3 249 137 33.1506
3 250 503 122.5880
3 251 8 1.5428
3 252 368 98.6205
3 253 55 9.4663
3 254 26 8.5778
3 257 248 54.6361
3 258 57 19.5182
3 259 69 17.7557
3 260 52 19.1407
3 261 1 0.1906
3 262 5860 1386.3286
3 263 20 4.0554
3 264 110 24.5088
3 265 189 52.0988
3 266 277 75.9262
3 267 31 7.2704
3 268 59 22.2286
3 269 4 0.6815
3 270 464 125.0912
3 271 68 17.3350
3 272 91 20.4499
3 273 3 0.5137
3 274 73 16.2245
3 275 659 157.1828
3 276 48 9.7713
3 277 23 5.2985
3 278 5 0.7463
3 279 460 164.5244
3 280 1 0.1606
3 281 4 0.8222
3 282 1 0.2259
3 283 43 17.3962
3 285 57 12.9959
3 286 40 9.1004
3 288 779 242.4832
3 289 12 2.5167
3 290 2 0.4022
3 291 76 25.3609
3 293 365 85.2044
3 294 41 10.1933
3 295 107 28.3225
3 296 85 16.8881
3 297 133 35.0091
3 298 105 35.0127
3 299 40 7.3532
3 300 17 3.2746
3 301 5 0.9098
3 302 24 7.1054
3 303 815 204.6098
3 304 773 242.8219
3 305 92 28.6735
3 306 236 47.6010
3 307 118 26.1148
3 308 3 0.5434
3 309 18 3.7811
3 310 17 4.1947
3 311 6 1.3556
3 312 691 204.0049
3 313 7 1.3250
3 314 6 1.0230
3 315 1 0.2455
3 316 68 20.0293
3 317 20 3.6748
3 318 4 0.7641
3 319 243 44.1260
3 320 91 16.8097
3 321 22 3.6030
3 323 12 1.9331
3 324 67 13.1190
3 325 169 30.0269
3 327 21 6.3719
3 328 3 0.6304
3 329 66 14.5993
3 330 997 272.1729
3 331 11 1.8085
3 332 30 6.9153
3 333 11 2.3287
3 334 49 8.0326
3 335 9 1.7292
3 336 21 6.6205
3 337 562 142.6497
3 338 64 16.6181
3 339 95 19.2335
3 340 46 10.3307
3 341 1 0.2279
3 343 123 21.9488
3 344 45 9.2374
3 345 21 3.9430
3 346 31 5.7491
3 348 87 18.6784
3 349 3207 864.1231
3 350 102 24.1474
3 351 21 4.2072
3 352 68 13.2239
3 353 27 9.8726
3 354 4 0.7189
3 355 1417 303.6021
3 356 14 1.8716
3 357 2557 615.6241
3 358 54 16.3810
3 359 41 19.3650
3 360 129 38.2552
3 361 17 2.9896
3 362 4 0.7816
3 363 104 20.8867
3 364 38 9.2607
3 365 424 107.4371
3 366 4 1.2804
3 368 307 75.8625
3 369 6 1.1823
3 370 889 187.7920
3 372 89 16.8836
3 373 1 0.1714
3 374 1 0.2221
3 375 3 0.5745
3 376 283 54.0119
3 377 237 59.7190
3 378 119 21.0229
3 379 52 11.5862
3 380 19 4.0808
3 381 46 13.6336
3 382 5 0.9700
3 383 33 7.7634
4 0 347 84.2836
4 1 14 3.1308
4 2 84 17.7137
4 3 34 8.0270
4 4 115 23.6133
4 5 315 68.0119
4 7 13 2.9888
4 8 50 18.3429
4 9 252 59.7428
4 10 108 27.1826
4 11 389 92.0533
4 12 854 194.2272
4 13 81 17.7437
4 14 155 33.4431
4 15 104 23.0156
4 16 3 0.7109
4 17 233 59.7927
4 18 109 28.4848
4 19 51 13.4599
4 20 3 0.6592
4 21 91 33.8453
4 22 5 0.9398
4 23 132 27.9853
4 24 198 42.5797
4 25 43 8.8166
4 26 953 297.2610
4 27 3 0.6054
4 28 259 55.2841
4 29 280 51.6625
4 30 11 2.5793
4 31 6 1.0166
4 32 40 8.4892
4 33 336 76.9502
4 34 60 12.9893
4 35 61 18.9801
4 36 2 0.2938
4 37 216 54.0211
4 38 18 4.1360
4 39 254 62.2968
4 40 457 97.3221
4 41 5 0.9087
4 42 43 9.0565
4 43 45 9.3481
4 44 186 44.3482
4 45 73 15.5387
4 46 53 11.5896
4 47 43 8.5902
4 48 104 24.3106
4 49 567 142.4820
4 50 286 57.0090
4 51 53 12.3810
4 52 18 3.7330
4 53 79 16.6775
4 54 624 162.8902
4 55 45 9.8485
4 56 54 11.8282
4 57 3 0.5728
4 58 749 193.8598
4 59 30 6.7704
4 60 20 4.6367
4 61 461 111.0081
4 62 60 14.2064
4 63 44 8.3852
4 64 46 10.5246
4 65 91 19.1944
4 66 27 6.0089
4 67 26 5.9799
4 68 115 24.4845
4 69 46 10.9033
4 70 334 91.3737
4 71 26 5.6854
4 72 1156 297.5400
4 73 71 23.4017
4 74 5 0.9986
4 75 11 2.7731
4 76 15 4.2222
4 77 3 0.7020
4 78 119 30.3515
4 79 178 37.4878
4 80 2 0.3526
4 81 7 1.3477
4 82 270 77.7552
4 83 65 20.2195
4 84 462 103.2903
4 85 1219 262.4917
4 86 19 3.9387
4 87 31 6.4894
4 88 141 29.8510
4 89 114 32.5199
4 90 54 10.7567
4 91 16 3.4648
4 92 84 25.6003
4 93 118 24.6003
4 94 3934 955.9791
4 95 481 128.6129
4 96 21 6.0366
4 97 1 0.1868
4 98 31 6.0292
4 99 146 29.4047
4 100 43 9.2393
4 101 1 0.2115
4 102 247 56.9708
4 103 87 17.2368
4 104 10 1.8361
4 105 26 5.4857
4 106 165 35.5377
4 107 428 101.5561
4 108 36 8.1224
4 109 7 1.3074
4 110 177 45.4636
4 111 178 37.4020
4 112 48 13.8957
4 113 5 1.1542
4 114 43 9.2977
4 115 67 14.3110
4 116 124 21.8781
4 117 29 5.5758
4 118 1 0.2335
4 119 70 16.2776
4 120 5 1.1474
4 121 34 6.9244
4 122 234 54.6586
4 123 518 120.2207
4 124 38 8.3978
4 125 285 60.6398
4 126 206 56.3006
4 127 42 9.6863
4 128 694 206.0169
4 129 6 1.3622
4 130 22 5.1606
4 131 33 6.4882
4 132 268 65.0691
4 133 2 0.4073
4 134 10 2.0820
4 135 24 4.3566
4 136 196 43.6161
4 137 66 13.4556
4 138 84 17.3704
4 139 85 19.7227
4 140 89 23.0301
4 141 206 50.5489
4 143 93 21.3595
4 144 57 13.2325
4 145 49 11.8412
4 146 338 79.9034
4 147 667 178.8718
4 148 123 26.4918
4 149 8 1.7080
4 150 138 28.8745
4 151 478 132.5573
4 152 38 7.6761
4 153 22 4.7042
4 154 369 104.3562
4 156 208 40.5346
4 157 97 26.2617
4 158 120 24.7378
4 160 14 2.6292
4 161 90 20.1224
4 162 68 13.8049
4 163 23 4.7860
4 164 34 7.0357
4 165 5 1.2131
4 166 536 136.1714
4 167 40 8.9317
4 168 77 20.1161
4 169 420 104.4583
4 170 694 188.2213
4 171 231 50.6837
4 172 7 1.5022
4 173 245 54.4795
4 174 143 37.8785
4 175 3 0.6275
4 176 180 43.5593
4 177 23 7.8646
4 178 15 3.2483
4 179 316 88.8682
4 180 76 17.0167
4 181 41 11.9947
4 182 74 15.8252
4 183 2 0.3661
4 184 504 103.4547
4 185 137 29.6219
4 186 7 1.3321
4 187 26 5.4223
4 188 25 4.9723
4 189 708 244.4044
4 190 274 95.7066
4 191 549 126.3838
4 192 312 58.0042
4 193 24 4.1722
4 194 1840 393.6218
4 195 4951 1626.1747
4 196 166 42.3509
4 197 29 6.6245
4 198 33 7.9763
4 199 332 73.7199
4 200 69 14.3796
4 201 935 273.9242
4 202 309 59.4516
4 203 80 15.2321
4 204 3 0.5826
4 205 14 2.7235
4 206 877 211.7979
4 207 180 40.0434
4 208 60 15.9896
4 209 101 21.0825
4 210 82 19.0251
4 211 38 10.1516
4 212 38 8.7278
4 213 561 121.9376
4 214 32 6.8128
4 215 72 14.7485
4 216 23 4.7340
4 217 24 5.1134
4 218 97 21.1514
4 219 191 51.7749
4 220 192 43.0512
4 221 16 3.9307
4 222 20 3.5003
4 223 12 2.1598
4 224 1177 302.3461
4 225 30 6.9626
4 226 13 2.9011
4 227 47 10.0748
4 228 15 3.2798
4 229 25 5.1448
4 230 58 12.5779
4 231 124 30.4313
4 232 9 1.6043
4 233 3 0.6870
4 234 147 30.3305
4 235 30 7.1343
4 236 11 2.6091
4 237 124 30.2693
4 238 42 8.9418
4 239 481 107.7375
4 240 14 2.9118
4 241 23 5.1172
4 242 1 0.1445
4 243 252 55.2957
4 244 205 44.3131
4 246 15 2.8032
4 247 3 0.7143
4 248 114 24.8725
4 249 119 24.8229
4 250 17 3.8227
4 251 199 41.0142
4 252 21 4.7154
4 253 3 0.6848
4 254 216 56.8438
4 255 153 30.9040
4 256 2 0.5168
4 257 74 22.1284
4 258 83 28.2582
4 259 41 8.7490
4 260 175 49.5816
4 262 19 4.4998
4 263 17 3.1326
4 264 303 98.0702
4 265 43 10.3928
4 266 114 23.9004
4 267 161 35.3523
4 268 68 15.8123
4 269 30 6.0959
4 270 511 117.8237
4 271 490 105.2456
4 272 9 1.6646
4 273 597 165.2193
4 274 59 13.3511
4 275 113 23.4401
4 276 41 10.8550
4 277 3 0.5232
4 278 491 120.2454
4 279 319 86.5430
4 280 17 4.2674
4 281 96 20.5323
4 282 46 9.4284
4 283 3 0.6219
4 284 38 7.8255
4 285 245 68.6642
4 286 588 119.2621
4 287 30 6.5260
4 288 270 70.7819
4 289 599 154.0005
4 290 1 0.2014
4 291 173 42.1342
4 292 575 126.4204
4 293 582 151.9018
4 294 339 92.3354
4 295 91 19.1313
4 296 102 24.2608
4 297 227 44.8454
4 298 41 17.8858
4 299 1 0.1713
4 300 219 60.3475
4 301 16 4.5708
4 302 11 2.0163
4 303 11 2.3806
4 304 34 6.8873
4 306 78 15.9529
4 307 482 122.1268
4 308 1 0.2182
4 309 13 2.6018
4 310 438 142.2518
4 311 39 11.6424
4 312 191 41.4626
4 313 48 10.1841
4 314 436 121.5406
4 315 78 17.5983
4 316 3 0.6252
4 317 4 0.6974
4 318 92 18.3656
4 319 155 58.1447
4 320 1 0.2126
4 321 30 6.1340
4 322 334 91.4732
4 323 116 22.9710
4 324 12 3.3923
4 325 79 17.0516
4 326 253 48.1913
4 327 1 0.2188
4 328 3 0.6298
4 329 39 10.3447
4 330 259 54.2222
4 331 2 0.3601
4 332 3 0.5443
4 333 129 26.8909
4 334 45 9.5365
4 335 546 134.8054
4 336 87 21.9221
4 337 8 2.2063
4 338 63 11.1068
4 339 299 74.2637
4 340 535 138.9388
4 341 2 0.3940
4 342 118 35.1035
4 343 3 0.7251
4 344 43 8.4073
4 346 50 10.6337
4 347 195 44.5020
4 348 10 1.9768
4 349 131 28.7157
4 350 184 62.7386
4 351 58 13.6480
4 352 5 0.9827
4 353 249 81.9435
4 354 94 23.1808
4 355 187 53.4867
4 356 1 0.2142
4 357 83 17.2228
4 358 895 208.8921
4 359 110 32.3252
4 360 102 22.5188
4 361 17 2.7806
4 362 302 66.9172
4 363 119 25.2044
4 364 8 2.1559
4 365 198 44.5381
4 366 6 1.2193
4 367 393 84.8316
4 368 77 17.1933
4 369 184 35.5473
4 370 256 54.3856
4 371 124 29.5240
4 372 179 40.3787
4 373 83 19.6031
4 374 9 1.9373
4 375 550 141.7838
4 376 171 40.9304
4 377 171 36.5233
4 378 82 23.7134
4 379 206 65.8856
4 380 40 8.8085
4 381 266 57.4832
4 382 47 13.2695
4 383 192 48.2556
5 0 96 20.4182
5 1 119 34.4235
5 2 165 35.2553
5 3 10 2.1084
5 4 15 3.2333
5 5 153 35.8410
5 6 186 42.8439
5 7 34 9.1543
5 8 50 10.2518
5 9 120 29.8623
5 10 58 12.6530
5 11 25 5.7743
5 12 130 29.4135
5 13 58 11.4774
5 14 16 3.8804
5 15 15 2.7540
5 16 3 0.6937
5 17 8 1.6178
5 18 11 2.3087
5 19 348 83.9671
5 20 5 1.1367
5 21 16 3.6487
5 22 1 0.1935
5 23 1 0.1913
5 24 267 58.0890
5 25 1 0.1440
5 26 76 20.9551
5 27 5 1.0677
5 28 231 58.2908
5 29 84 19.5956
5 30 40 8.1740
5 31 15 2.9969
5 32 197 44.4250
5 33 33 8.2495
5 34 451 103.4226
5 35 57 12.0302
5 36 327 75.2934
5 37 1546 420.0652
5 38 47 9.7727
5 39 76 17.5762
5 40 467 117.8049
5 41 591 153.1591
5 42 778 182.8304
5 43 19 4.2346
5 44 44 10.9751
5 45 72 17.6897
5 46 19 5.1841
5 47 17 3.2551
5 48 132 30.6454
5 49 167 35.3269
5 50 34 7.1088
5 51 88 17.2098
5 52 456 103.3443
5 53 352 90.2514
5 54 73 18.3129
5 55 265 57.5352
5 56 15 3.0084
5 57 66 13.7180
5 58 147 32.4395
5 59 1 0.2111
5 60 26 5.6011
5 61 67 19.6363
5 62 21 4.5689
5 63 103 22.5224
5 65 223 51.5770
5 66 15 3.4439
5 67 1 0.2028
5 68 56 15.0810
5 69 928 248.2334
5 70 46 9.9990
5 71 4 0.8532
5 72 582 160.6465
5 73 1 0.2074
5 74 3 0.6508
5 75 14 2.9956
5 76 102 19.7592
5 77 143 41.6676
5 78 207 41.9337
5 79 41 11.5418
5 80 26 5.2783
5 81 156 38.2175
5 82 91 22.9367
5 83 31 5.4763
5 84 284 66.8136
5 85 288 99.9250
5 86 17 3.6227
5 87 1 0.2116
5 88 2 0.3690
5 89 44 10.4954
5 90 26 5.9259
5 93 11 2.2049
5 94 49 11.5708
5 95 16 3.7883
5 96 11 2.0583
5 97 116 24.3051
5 98 474 104.3763
5 99 16 3.4312
5 100 377 119.4415
5 101 5 1.1756
5 102 2 0.3289
5 103 2 0.3830
5 105 6 1.0671
5 106 79 15.0880
5 107 41 8.2631
5 108 105 22.3296
5 109 44 10.1870
5 110 12 2.3734
5 111 14 2.6984
5 112 63 12.0990
5 113 240 47.4710
5 114 48 9.7120
5 115 57 14.4858
5 116 112 25.1758
5 117 254 64.3406
5 118 17 3.1656
5 119 590 125.3048
5 120 114 25.2096
5 121 360 94.5619
5 122 124 26.4934
5 124 178 46.8227
5 125 3 0.7587
5 127 291 79.5212
5 128 9 1.8202
5 129 6 1.3046
5 130 21 4.8967
5 131 46 10.5909
5 132 41 7.6358
5 133 93 18.2775
5 134 37 8.2757
5 135 14 2.7390
5 136 591 138.4018
5 137 46 10.9191
5 138 648 168.3139
5 139 71 18.1125
5 140 15 3.7134
5 141 629 179.1180
5 143 37 7.1825
5 144 78 19.4333
5 145 66 13.1916
5 146 84 18.0193
5 147 2183 484.0267
5 148 13 2.8005
5 149 294 79.3148
5 150 26 4.4052
5 151 23 5.0490
5 152 59 16.2589
5 153 385 82.3302
5 154 59 23.7104
5 155 106 21.7067
5 156 97 26.5029
5 157 63 18.1387
5 158 145 31.6737
5 159 36 8.7236
5 160 104 23.6041
5 161 26 5.4657
5 162 75 20.0982
5 163 192 42.2786
5 164 1061 259.8353
5 165 7 1.4303
5 166 90 18.8302
5 167 56 17.5213
5 168 18 4.0048
5 169 830 178.7605
5 170 29 6.3478
5 171 6 1.1768
5 172 262 62.6335
5 173 28 6.1263
5 174 434 108.4863
5 175 22 4.2512
5 176 78 16.1850
5 177 159 51.2394
5 178 1 0.2409
5 179 3614 871.1887
5 180 18 3.8035
5 181 17 3.5924
5 182 238 56.3302
5 183 8 1.8327
5 184 56 12.2855
5 185 23 6.1452
5 186 90 19.1990
5 187 4666 1589.4597
5 188 797 210.5140
5 190 54 10.6705
5 191 64 12.7170
5 192 114 23.4416
5 193 333 118.7951
5 194 92 23.5524
5 195 151 34.3736
5 196 183 49.1059
5 197 52 11.1320
5 198 38 9.1930
5 199 25 5.6268
5 200 22 4.0211
5 201 12 2.4967
5 202 387 92.2954
5 203 120 28.8967
5 204 28 5.5694
5 205 18 3.9327
5 206 210 56.6286
5 207 6 1.3805
5 208 1053 280.1661
5 209 201 40.0762
5 210 470 101.8028
5 211 48 8.8977
5 212 13 3.1919
5 213 168 40.5900
5 214 8 1.4486
5 215 335 109.6339
5 216 970 243.5612
5 217 13 2.5499
5 218 89 20.4244
5 219 10 2.5018
5 220 104 23.5782
5 221 49 14.7378
5 222 70 14.2246
5 223 44 10.3507
5 224 54 14.4161
5 225 123 32.2753
5 226 51 10.9622
5 227 35 6.8824
5 228 252 80.5352
5 229 67 15.4217
5 230 1 0.2443
5 231 1 0.1918
5 232 364 83.1451
5 233 23 4.7469
5 234 12 2.2955
5 235 858 185.4629
5 237 13 3.0083
5 238 21 4.0243
5 239 57 12.0255
5 240 39 7.4523
5 241 154 29.2943
5 242 493 145.7199
5 243 6 1.1876
5 244 13 2.7633
5 245 25 5.2398
5 246 17 3.6909
5 247 784 203.8720
5 248 288 62.9457
5 249 48 9.6950
5 250 96 19.1462
5 251 229 65.9905
5 252 1 0.1492
5 253 18 3.6315
5 254 25 4.2157
5 255 112 22.7373
5 256 213 51.5167
5 257 113 23.2665
5 258 110 28.6964
5 259 21 4.0547
5 260 457 123.0818
5 261 22 4.2948
5 262 33 7.5269
5 263 2519 624.3536
5 264 719 234.3154
5 265 20 4.2489
5 266 6 1.2118
5 267 74 16.0633
5 268 14 3.5363
5 269 45 8.7015
5 270 10 1.9541
5 271 13 2.8725
5 272 4 0.8631
5 273 15 3.0442
5 274 19 4.0755
5 275 189 43.6831
5 276 114 23.8344
5 277 13 2.5058
5 278 256 59.7123
5 279 7 1.3846
5 280 74 13.9908
5 281 22 3.8402
5 282 648 142.9770
5 283 117 27.1711
5 284 139 32.8006
5 285 59 17.2124
5 286 139 31.4128
5 287 17 3.6672
5 288 187 52.9995
5 289 91 21.9979
5 290 462 95.2591
5 291 369 92.5887
5 292 42 9.3421
5 293 154 37.8654
5 294 66 14.4574
5 295 27 5.4166
5 296 3 0.6557
5 298 110 23.7621
5 299 235 53.1987
5 301 4 0.7852
5 302 31 6.8380
5 303 10 3.2089
5 304 61 16.8510
5 305 2 0.3811
5 306 883 249.9064
5 307 9 1.8208
5 308 26 5.8475
5 309 33 7.4200
5 310 150 40.7324
5 311 26 5.1925
5 312 4 0.7425
5 313 152 34.7070
5 314 335 71.1026
5 315 1248 288.6596
5 316 74 17.8701
5 317 138 40.7180
5 318 118 24.2016
5 319 223 58.4903
5 320 18 3.9585
5 321 334 78.2429
5 322 108 27.1779
5 323 14 3.1418
5 324 117 27.1587
5 325 199 44.2618
5 326 51 10.7543
5 327 259 64.6705
5 328 577 150.5653
5 329 88 23.8533
5 330 1 0.2203
5 331 47 12.0716
5 332 22 4.1388
5 333 5 0.9530
5 334 1689 393.9296
5 335 170 41.4922
5 337 944 205.7389
5 338 83 25.2673
5 339 53 11.1851
5 340 6 1.3299
5 341 60 11.8969
5 342 103 21.6564
5 344 99 21.4701
5 345 36 7.7578
5 346 42 9.1173
5 347 24 4.8422
5 348 3 0.5587
5 349 537 137.8735
5 350 56 12.4497
5 351 696 171.2815
5 352 1115 306.6128
5 353 4 0.8591
5 354 264 65.7551
5 355 20 4.1563
5 356 23 4.7611
5 357 48 9.3040
5 358 376 113.7189
5 359 12 2.4493
5 360 35 8.4243
5 361 469 100.7472
5 362 39 8.1776
5 363 6 1.2645
5 364 41 8.6109
5 365 132 33.7390
5 366 34 7.3261
5 367 16 3.3376
5 368 205 46.6438
5 369 14 2.8241
5 371 562 111.2829
5 372 14 2.7228
5 373 19 3.4190
5 374 53 12.9612
5 375 159 38.5594
5 376 755 151.6145
5 377 29 5.6657
5 378 15 3.0036
5 379 164 35.2491
5 380 70 14.4474
5 381 8 1.6813
5 382 30 5.9027
5 383 19 3.8905
6 0 22 5.0053
6 1 973 256.9772
6 2 190 42.9305
6 3 9 2.2394
6 4 3 0.5250
6 5 386 96.5867
6 7 79 18.1817
6 8 185 41.8410
6 10 9 2.1085
6 11 37 8.4600
6 12 305 80.6238
6 13 90 26.9366
6 15 119 33.6081
6 16 66 15.2188
6 17 122 26.2463
6 18 1172 298.3119
6 19 10 1.9775
6 20 187 39.2808
6 21 1 0.1861
6 22 128 32.8077
6 23 140 31.3310
6 24 146 36.7351
6 26 14 3.3016
6 27 15 3.2634
6 28 1356 306.1801
6 29 255 70.0629
6 31 2658 599.6432
6 32 3 0.6995
6 33 788 214.3564
6 34 41 8.3661
6 35 19 4.0625
6 36 23 4.5089
6 37 192 40.6746
6 38 8 1.7068
6 39 4 0.7046
6 40 27 6.0532
6 41 7 1.2257
6 42 1 0.1979
6 43 2 0.3681
6 44 14 2.8948
6 45 14 2.9010
6 46 549 150.4882
6 47 195 40.0518
6 48 11 2.4478
6 49 5 0.9693
6 50 17 3.7730
6 51 2584 619.1331
6 52 85 18.4532
6 53 6 1.5861
6 54 34 7.6851
6 55 232 51.6695
6 56 1833 542.5725
6 57 25 5.3983
6 58 10 2.2305
6 59 74 18.2449
6 60 4 0.9767
6 61 2 0.3379
6 62 32 6.3763
6 63 176 41.2348
6 64 6 1.3503
6 66 86 23.9673
6 67 75 18.0993
6 68 5 1.1241
6 69 90 20.4129
6 70 2 0.3869
6 71 5 0.9766
6 72 13 2.6943
6 73 107 24.2916
6 74 16 3.3061
6 75 126 28.5689
6 76 22 4.4179
6 78 3 0.5975
6 79 306 75.8496
6 80 3 0.6308
6 81 80 20.8787
6 82 3 0.5574
6 83 2 0.3878
6 84 16 4.0014
6 85 8 1.5886
6 86 25 5.1775
6 87 2 0.3090
6 88 1 0.2394
6 89 23 5.2938
6 90 129 33.4378
6 91 47 10.0064
6 92 72 20.0423
6 93 945 230.8983
6 94 6 1.2033
6 96 59 12.7102
6 98 86 23.0347
6 99 163 44.3089
6 100 5 0.9638
6 101 609 130.4588
6 102 145 32.3067
6 104 124 38.1089
6 105 27 5.9464
6 106 6 1.3419
6 107 718 200.5280
6 108 12 2.6225
6 109 11 2.4198
6 110 180 54.3060
6 111 65 14.0306
6 113 9 2.0521
6 114 409 89.2345
6 115 33 6.6526
6 116 10 2.1310
6 117 2327 603.9147
6 118 4 1.2835
6 119 7 1.4895
6 120 426 103.8823
6 121 5 0.7982
6 122 1161 286.5032
6 124 88 22.7637
6 125 2316 553.4078
6 126 14 2.7156
6 128 59 12.6582
6 129 288 71.1582
6 130 3 0.6188
6 131 1 0.2040
6 132 233 59.7188
6 133 18 4.1898
6 134 55 13.7837
6 135 915 219.4580
6 137 274 84.0557
6 138 2 0.4020
6 140 163 37.8293
6 141 20 4.6861
6 143 16 3.6236
6 144 1 0.2452
6 145 1 0.1467
6 146 19 4.2590
6 147 90 22.0820
6 148 4 0.8761
6 149 128 27.5067
6 150 90 20.9600
6 151 301 66.4104
6 152 452 106.6584
6 153 5 1.2717
6 154 102 22.7431
6 155 6 1.5861
6 156 4 0.8334
6 157 12 2.6836
6 158 2 0.4435
6 159 50 10.8156
6 160 416 93.2875
6 161 3 0.6780
6 162 23 5.2794
6 163 61 14.8225
6 164 41 9.3164
6 165 5 1.0630
6 166 79 19.2951
6 167 707 202.7462
6 169 21 4.5641
6 170 30 6.0465
6 171 51 10.6462
6 172 2 0.4438
6 173 32 6.6436
6 174 4 0.7872
6 175 261 62.7617
6 176 4 0.7655
6 177 10 2.0656
6 178 8 1.4209
6 180 4 0.8984
6 181 343 86.9416
6 182 14 2.9643
6 183 288 71.4752
6 184 2 0.4304
6 185 95 19.3887
6 186 1 0.1695
6 187 1 0.1982
6 188 13 3.1085
6 189 596 164.4532
6 190 49 12.1534
6 191 16 4.0655
6 192 408 119.2852
6 193 8 1.6665
6 194 78 18.4629
6 195 113 27.2039
6 196 100 24.1293
6 197 99 21.5010
6 199 3 0.6178
6 200 253 58.5190
6 201 21 5.4009
6 202 1 0.2167
6 203 192 42.4633
6 204 29 6.1413
6 205 2 0.3166
6 206 284 71.2212
6 207 42 8.9854
6 208 699 197.9327
6 209 16 3.3651
6 210 1244 287.6400
6 211 26 5.9368
6 212 48 9.7070
6 213 31 6.1868
6 214 80 17.7971
6 215 64 11.5151
6 216 160 36.6720
6 217 30 6.7704
6 218 1 0.1728
6 219 303 97.3488
6 220 35 7.9367
6 221 16 3.0179
6 222 57 14.6404
6 223 254 52.8061
6 224 1259 330.0310
6 225 38 9.0690
6 227 782 205.8366
6 228 6 1.1539
6 229 34 6.3301
6 230 407 84.5839
6 231 71 16.5577
6 232 74 22.9888
6 233 30 7.8977
6 234 22 4.2243
6 235 31 6.7556
6 236 2 0.3917
6 237 334 83.7369
6 238 2 0.5029
6 239 179 38.6667
6 240 27 6.5727
6 241 43 9.6151
6 242 10 2.6369
6 243 37 9.9364
6 244 42 9.1693
6 245 14 2.8772
6 246 29 6.6243
6 247 10 2.0874
6 249 613 148.2272
6 250 8 1.7565
6 251 448 109.4186
6 252 2 0.5463
6 253 10 2.1781
6 254 127 34.1939
6 255 4634 1369.4591
6 257 1371 339.9116
6 258 28 6.4482
6 259 25 5.4604
6 260 102 23.4487
6 261 56 15.1282
6 262 47 9.9270
6 263 46 12.9384
6 264 6 1.1401
6 265 21 4.0433
6 266 5 1.1412
6 267 12 2.4230
6 268 18 4.2528
6 270 6 1.1888
6 271 179 40.7674
6 272 446 103.7687
6 273 37 11.8023
6 274 19 3.9242
6 275 192 45.1060
6 276 6 1.2540
6 277 27 7.1959
6 278 14 2.9303
6 279 34 7.6750
6 280 86 21.5188
6 282 966 260.8326
6 283 136 36.0236
6 284 99 21.8055
6 285 3 0.7355
6 286 2 0.3749
6 287 35 7.2700
6 288 52 11.4800
6 289 3 0.6033
6 290 26 5.4418
6 291 13 3.1493
6 292 439 90.0916
6 293 203 47.2320
6 294 25 5.2752
6 295 9 1.8289
6 298 1 0.1561
6 299 6 1.9328
6 301 29 6.1036
6 302 264 80.2291
6 303 757 176.0440
6 304 3 0.5198
6 305 711 160.7308
6 306 361 85.3610
6 307 213 50.0900
6 308 17 3.6048
6 309 141 29.4875
6 310 247 54.1500
6 311 354 89.2297
6 312 1011 282.4526
6 313 2 0.3952
6 314 24 5.0467
6 315 4 0.8066
6 316 13 2.8484
6 317 95 30.7830
6 318 1 0.2017
6 319 42 8.4149
6 320 43 10.0800
6 321 192 42.2573
6 322 1 0.2128
6 323 635 157.8392
6 324 12 2.3836
6 326 212 48.3805
6 327 4 0.5990
6 328 205 53.1680
6 330 198 44.8507
6 331 35 7.1669
6 332 139 41.5534
6 333 229 61.0695
6 334 47 10.2648
6 337 25 7.8015
6 339 79 17.0520
6 340 55 15.1658
6 341 262 65.8571
6 342 721 187.5261
6 343 23 6.5604
6 344 19 3.8584
6 345 2 0.3855
6 346 105 24.5312
6 347 14 2.7865
6 348 12 2.6663
6 349 85 21.1302
6 350 3 0.5681
6 351 13 2.9104
6 352 5 0.9929
6 353 291 62.2438
6 354 201 40.6111
6 355 2 0.4661
6 356 1281 300.6939
6 357 1 0.1905
6 358 69 21.5808
6 359 30 6.8349
6 360 1436 314.8501
6 361 88 25.0915
6 362 2 0.4762
6 363 3 0.6618
6 364 18 3.8131
6 365 1 0.1687
6 366 9 1.8573
6 367 2314 555.6316
6 368 365 89.7914
6 369 248 54.7265
6 370 853 256.6056
6 371 90 19.3036
6 372 5 1.1324
6 373 440 116.1408
6 374 1 0.1998
6 375 6 1.4407
6 376 2 0.4273
6 377 34 8.4744
6 378 4 0.7476
6 379 15 3.2058
6 380 57 11.2312
6 381 1 0.1991
6 382 35 8.1280
6 383 4 0.8921
7 0 515 137.5743
7 2 63 12.7543
7 3 59 14.5444
7 4 4 0.7532
7 5 14 2.4480
7 6 398 82.9080
7 7 84 18.0130
7 8 48 12.2945
7 9 3 0.6399
7 10 358 72.0384
7 12 192 49.2668
7 13 48 10.2059
7 14 52 11.1369
7 16 221 47.6745
7 17 20 3.8684
7 18 21 3.9277
7 19 1988 486.2482
7 20 100 25.5647
7 21 52 13.7390
7 22 43 7.3784
7 23 23 4.2496
7 24 3 0.7119
7 25 24 5.2730
7 26 176 45.8953
7 27 87 17.3642
7 28 2 0.3692
7 29 875 224.2439
7 30 2 0.4302
7 32 641 190.6708
7 33 3 0.5065
7 34 33 6.8029
7 35 122 26.2762
7 36 48 10.8946
7 37 10 2.1965
7 38 96 18.6612
7 39 135 40.7451
7 40 22 4.3902
7 41 55 11.0723
7 43 26 4.6242
7 44 685 164.0041
7 45 2 0.2999
7 46 113 20.3155
7 48 327 80.9414
7 49 85 17.8234
7 50 320 71.0764
7 51 23 5.1822
7 53 1105 264.1664
7 54 46 9.1301
7 55 44 9.2831
7 56 47 6.8430
7 57 41 9.2882
7 58 55 10.8101
7 59 32 6.2946
7 60 2 0.3584
7 61 18 5.1954
7 62 14 2.7689
7 63 93 30.4254
7 65 1024 270.6467
7 67 1 0.2174
7 68 107 22.4495
7 69 171 42.5988
7 70 2 0.3447
7 71 18 2.9131
7 72 179 48.2908
7 73 44 8.2033
7 75 1332 363.1796
7 77 49 10.9399
7 78 147 39.3237
7 79 132 33.1102
7 80 11 2.3257
7 81 715 164.1262
7 83 7 1.4711
7 84 13 2.4938
7 85 98 19.7687
7 86 156 32.0453
7 88 80 13.3952
7 89 511 154.4113
7 90 43 7.9119
7 91 2 0.5453
7 92 11 2.0191
7 93 212 43.5159
7 94 1515 388.0833
7 95 1 0.2050
7 96 140 31.7548
7 98 28 4.8600
7 100 343 83.1242
7 102 192 46.6247
7 103 10 1.7406
7 104 1 0.2569
7 105 94 21.1905
7 106 194 46.1901
7 107 364 85.1611
7 108 18 3.8736
7 109 12 2.4615
7 110 15 3.1276
7 111 252 60.8635
7 112 4 0.9016
7 114 20 3.1920
7 115 49 11.6548
7 116 10 2.0574
7 117 63 12.4609
7 118 531 98.0868
7 119 18 3.1700
7 120 7 0.9964
7 121 4 0.5595
7 122 118 29.1204
7 123 9 1.7135
7 124 59 15.0796
7 125 299 63.8366
7 126 2 0.4671
7 127 189 42.1467
7 129 121 28.2072
7 130 116 26.2231
7 131 332 74.3871
7 132 12 2.3062
7 133 132 30.6550
7 134 1 0.1964
7 135 5 1.0367
7 136 259 59.6513
7 137 6 1.0303
7 138 22 4.6179
7 139 179 41.3635
7 140 174 39.6693
7 141 7 1.3482
7 142 4 0.7760
7 143 1 0.1489
7 144 122 29.7902
7 145 10 2.0418
7 146 69 14.6268
7 147 223 47.1588
7 148 34 6.9846
7 149 11 1.9769
7 150 501 134.9074
7 151 31 6.1640
7 152 19 4.0598
7 153 9 1.8715
7 154 4631 1135.1522
7 155 252 57.7920
7 156 230 46.0154
7 157 37 7.8889
7 158 531 130.4805
7 160 96 19.5070
7 161 27 5.7561
7 162 231 37.9546
7 163 214 49.8743
7 164 8 1.5233
7 165 287 55.8184
7 166 53 13.0360
7 167 28 5.3612
7 168 21 3.7300
7 169 1432 397.6751
7 170 10 1.8952
7 171 33 7.8328
7 172 8 1.5484
7 173 251 59.3270
7 174 1 0.1533
7 175 438 96.0382
7 176 266 76.5029
7 177 17 3.9105
7 179 301 73.3675
7 180 74 16.0042
7 181 239 55.7636
7 182 66 14.6150
7 183 32 6.4484
7 185 285 66.9862
7 187 56 12.4328
7 188 21 5.7627
7 189 38 7.1067
7 190 18 2.8974
7 191 287 64.4214
7 192 5 0.9664
7 193 801 181.4892
7 195 58 12.7255
7 196 11 1.9010
7 197 141 29.1619
7 198 19 3.2512
7 200 194 50.8332
7 201 139 29.3784
7 202 45 8.8493
7 203 2 0.3067
7 204 165 41.0991
7 205 963 248.6275
7 206 24 5.8486
7 207 4981 1796.5719
7 208 17 3.4556
7 209 16 3.3107
7 210 34 5.9387
7 211 4 0.6998
7 212 4 0.8745
7 213 4 1.0739
7 214 1 0.1962
7 215 456 117.7314
7 216 70 13.6169
7 217 10 2.0450
7 218 174 31.4614
7 220 43 13.2837
7 221 97 18.2262
7 222 15 3.4560
7 223 1 0.1884
7 225 67 15.2906
7 226 37 7.7608
7 228 80 17.3705
7 229 138 34.6968
7 230 1 0.1923
7 232 6 1.0647
7 233 6 1.1303
7 234 205 45.2243
7 235 167 41.7098
7 236 58 13.3737
7 238 41 8.7316
7 239 1 0.1697
7 240 27 5.5331
7 241 26 5.8257
7 242 522 141.2040
7 243 409 88.2127
7 244 109 24.8678
7 245 862 220.5043
7 246 88 15.6525
7 247 28 6.3634
7 248 27 4.9047
7 249 11 2.1986
7 250 665 163.1081
7 251 256 58.5526
7 252 188 48.2222
7 253 223 42.6363
7 254 39 8.3692
7 255 84 16.9127
7 257 108 19.5482
7 258 10 1.8327
7 259 87 16.6826
7 260 4 0.6791
7 261 93 19.4776
7 262 32 7.0053
7 264 163 35.9806
7 265 119 25.5786
7 266 18 3.7407
7 267 7 1.4743
7 268 2 0.4797
7 269 2 0.2717
7 270 302 61.3241
7 271 6 0.9484
7 272 36 8.2541
7 273 90 20.1160
7 274 6 1.1802
7 275 1507 338.2267
7 276 14 2.5046
7 277 7 1.5434
7 278 108 23.2572
7 279 7 1.3880
7 280 47 10.2065
7 281 9 1.7364
7 282 59 11.5430
7 283 113 26.6108
7 284 267 58.6644
7 286 22 4.0790
7 287 205 58.0358
7 288 25 5.0661
7 289 10 1.8931
7 290 56 11.2128
7 291 116 24.3708
7 292 72 14.7243
7 293 32 5.7600
7 294 50 16.2807
7 295 108 23.5433
7 296 156 42.0574
7 298 59 12.4665
7 299 741 174.2285
7 300 35 6.8779
7 302 114 22.8743
7 303 33 6.6075
7 304 1 0.1932
7 305 280 65.0159
7 306 182 41.1268
7 307 44 9.2637
7 308 9 1.8432
7 309 17 3.3575
7 310 136 32.0162
7 311 39 9.1521
7 312 144 30.5067
7 313 383 82.1193
7 314 241 41.7767
7 315 27 3.8757
7 316 359 91.8471
7 317 985 224.7700
7 318 6 1.3804
7 319 3 0.6384
7 320 73 16.7759
7 321 2 0.2817
7 322 61 12.3396
7 323 146 34.0786
7 324 1028 221.4800
7 325 353 108.5570
7 326 51 12.2244
7 328 145 35.5729
7 329 402 113.1829
7 331 72 14.7943
7 332 45 8.6936
7 333 16 3.3906
7 334 2 0.4593
7 335 6 1.4937
7 337 5441 1480.2151
7 338 4 0.7984
7 339 12 2.5465
7 340 79 14.1639
7 341 5 1.0747
7 342 60 11.8786
7 343 24 5.2658
7 344 6 1.0393
7 346 5 0.9240
7 347 50 8.1358
7 348 31 5.9751
7 349 2 0.3359
7 350 648 141.2575
7 351 17 2.8537
7 352 1 0.1797
7 353 88 19.2394
7 354 133 31.3623
7 355 19 3.4628
7 356 9 2.0173
7 357 567 121.8466
7 358 369 91.0926
7 360 395 119.3272
7 361 167 27.6553
7 363 71 14.3224
7 364 5 0.8274
7 365 577 143.5612
7 366 56 18.7021
7 367 5 1.0585
7 369 43 9.2144
7 370 1216 303.8391
7 371 21 4.7846
7 372 37 7.4093
7 373 3 0.5596
7 374 102 23.4633
7 375 6 1.2188
7 377 470 115.8955
7 378 3 0.5828
7 379 695 186.6281
7 380 35 7.1989
7 381 26 4.9316
7 382 4 0.7431
7 383 874 203.4552
8 0 24 5.5021
8 1 448 110.2124
8 2 425 101.1599
8 3 1 0.2353
8 4 2 0.4161
8 5 49 9.8833
8 6 79 16.0670
8 7 4 0.7721
8 8 25 5.3595
8 9 171 37.5426
8 10 35 7.0730
8 11 408 92.7516
8 13 194 42.7935
8 14 201 43.5715
8 15 7 1.3578
8 16 123 29.6371
8 17 4 1.4447
8 18 3 0.5402
8 19 5 0.9543
8 20 4 0.9893
8 21 9 1.5538
8 22 7 1.4950
8 23 9 1.6223
8 24 207 50.4110
8 25 16 2.5461
8 26 13 3.1659
8 27 4 0.8154
8 28 51 12.2081
8 29 168 45.2166
8 32 3 0.5365
8 33 3 0.4575
8 34 165 42.1929
8 36 155 29.5311
8 37 168 37.5520
8 38 58 11.4532
8 39 155 35.0836
8 40 39 7.4613
8 41 62 15.9053
8 42 60 17.5091
8 43 99 20.3362
8 44 89 21.5857
8 45 94 19.4940
8 46 16 3.1477
8 47 390 95.9805
8 48 17 3.5801
8 49 4 0.7338
8 50 138 30.7549
8 51 59 10.4769
8 53 90 17.9799
8 54 372 83.9572
8 55 131 32.6992
8 56 1 0.2096
8 57 106 23.5705
8 58 35 7.5663
8 60 49 13.9083
8 61 495 119.9402
8 62 320 79.5745
8 63 46 10.0595
8 64 534 122.1801
8 65 44 10.5599
8 66 1717 392.5546
8 67 745 192.4468
8 69 20 3.8268
8 70 26 7.4314
8 71 58 11.8557
8 72 36 7.3029
8 73 28 8.2711
8 75 2 0.3650
8 76 15 2.9778
8 77 1 0.2478
8 78 428 107.8517
8 79 2 0.3953
8 81 19 4.0245
8 83 35 7.2096
8 84 7 1.1467
8 85 41 8.1714
8 86 1 0.2073
8 87 12 2.6237
8 88 3 0.4952
8 89 751 185.7858
8 90 2217 578.8199
8 91 12 3.4482
8 92 360 82.9148
8 94 3932 996.9008
8 95 33 9.6602
8 96 5 0.9914
8 97 37 8.3392
8 99 111 27.1104
8 100 58 12.4020
8 101 572 141.7348
8 102 48 13.5354
8 103 13 2.3993
8 104 147 28.6459
8 105 22 4.7175
8 107 7 1.3207
8 109 49 9.2826
8 110 37 9.4024
8 111 284 62.1652
8 112 4 0.7814
8 114 221 65.9132
8 115 292 65.5375
8 116 27 5.3624
8 117 60 11.6428
8 118 41 8.6046
8 119 288 70.2154
8 121 638 183.5883
8 122 77 19.2702
8 123 11 1.6580
8 124 66 12.6656
8 125 11 1.8096
8 127 55 15.1535
8 128 33 7.2130
8 129 280 59.0611
8 130 12 2.5712
8 133 19 3.6538
8 134 288 69.8407
8 135 119 23.8477
8 136 2 0.3804
8 137 534 136.1305
8 138 1 0.2026
8 139 13 2.4255
8 141 273 54.4176
8 142 90 16.9762
8 143 89 19.9818
8 145 197 60.9040
8 146 15 3.6621
8 147 16 3.1628
8 148 4 0.9314
8 149 11 2.0204
8 150 29 5.6406
8 151 150 32.9530
8 152 63 14.4063
8 153 12 2.6392
8 154 180 40.7888
8 155 41 10.2040
8 156 166 39.3873
8 157 1 0.1942
8 158 8 1.7738
8 159 83 15.4260
8 160 3 0.4360
8 161 62 12.9056
8 162 90 18.6611
8 163 75 20.5267
8 164 202 39.8191
8 165 57 16.1042
8 167 25 5.2150
8 168 90 21.6518
8 169 78 22.1567
8 170 1 0.1739
8 171 569 129.5191
8 172 211 44.6603
8 173 444 124.2752
8 174 133 26.5279
8 176 6 1.2496
8 177 161 34.8444
8 178 369 91.8848
8 179 4 0.8313
8 180 1 0.1864
8 181 891 213.7008
8 184 34 7.2471
8 185 2873 760.0661
8 186 4300 1321.1186
8 187 1 0.1971
8 189 17 3.6137
8 190 53 12.3672
8 191 14 2.8767
8 192 129 24.2249
8 193 508 129.3313
8 194 4 0.8857
8 195 205 46.1846
8 197 82 19.9475
8 198 6 1.4425
8 199 1 0.1595
8 200 42 12.0122
8 201 6 0.9723
8 202 4 0.9536
8 203 3 0.7578
8 204 18 4.5240
8 205 705 210.3082
8 207 224 44.7899
8 208 48 11.0960
8 209 555 139.3814
8 210 11 2.2946
8 211 315 95.9742
8 212 1695 353.5219
8 213 27 4.8174
8 214 102 21.7443
8 215 45 9.7316
8 216 25 5.6477
8 217 1466 403.6242
8 218 496 126.2541
8 219 112 25.3318
8 220 33 7.7846
8 221 395 92.8285
8 222 63 10.7424
8 223 118 34.0710
8 224 367 106.7649
8 225 112 25.7169
8 226 651 135.2877
8 227 200 42.4926
8 228 435 96.2417
8 229 5 0.9288
8 230 1 0.2062
8 231 1 0.0825
8 232 59 16.0747
8 233 1579 491.4453
8 234 270 79.0929
8 235 37 6.8567
8 236 1 0.1999
8 237 759 209.5930
8 238 3 0.5653
8 239 12 2.3318
8 240 563 125.2531
8 241 7 1.2328
8 242 11 2.1987
8 243 3 0.6224
8 244 2 0.4669
8 245 142 44.0141
8 246 166 32.3205
8 247 4 0.7787
8 248 292 70.8008
8 249 47 10.6523
8 250 180 39.2270
8 251 5 1.3729
8 254 41 11.6348
8 256 7 1.3833
8 257 13 3.3062
8 258 3200 768.3638
8 259 25 4.7329
8 260 29 6.8053
8 261 31 8.7339
8 262 67 15.9170
8 263 28 6.2061
8 264 8 1.6828
8 265 84 17.2275
8 266 66 14.0955
8 267 2 0.4738
8 269 172 40.2377
8 270 127 29.4848
8 271 75 18.0503
8 272 6 0.8450
8 273 89 18.4259
8 274 47 9.1135
8 276 290 65.3031
8 277 16 3.6572
8 278 152 41.7199
8 279 2 0.2160
8 280 945 257.1668
8 282 245 68.7321
8 283 309 77.1474
8 284 35 7.7987
8 285 3 0.7238
8 286 25 4.2319
8 287 3 0.4634
8 288 163 49.2378
8 289 383 104.6836
8 290 19 3.6896
8 291 3 0.7162
8 292 14 3.5536
8 293 216 47.8029
8 294 163 38.0302
8 295 108 25.0561
8 296 149 33.9001
8 297 2826 774.0742
8 298 26 5.5996
8 299 323 64.9036
8 300 128 36.3095
8 301 7 1.6233
8 303 1 0.2351
8 304 41 8.6709
8 305 123 24.7549
8 306 39 8.5406
8 307 103 22.5351
8 308 1199 340.8892
8 309 7 1.2784
8 310 47 10.7967
8 311 15 3.0779
8 312 20 3.9517
8 313 2 0.2856
8 314 50 9.8421
8 316 70 21.7827
8 317 10 2.0899
8 319 396 107.1367
8 320 1 0.1887
8 321 5 0.9398
8 322 14 3.0491
8 323 681 150.1769
8 324 548 158.9389
8 325 16 3.1769
8 326 23 4.5173
8 328 6 1.0797
8 329 105 23.2039
8 330 16 2.3598
8 331 2 0.3898
8 332 159 37.7996
8 333 168 36.2774
8 334 4 0.8666
8 336 71 14.1381
8 337 122 24.6160
8 338 63 12.5022
8 340 34 7.4745
8 341 463 111.8137
8 342 7 1.2594
8 345 46 10.1878
8 346 170 45.4380
8 347 60 15.8125
8 348 554 126.9107
8 349 40 9.2932
8 352 205 44.0873
8 353 34 10.6803
8 354 24 4.6654
8 356 218 54.4743
8 357 237 69.9637
8 358 22 5.0355
8 359 12 2.1682
8 360 537 112.5424
8 361 16 2.8957
8 362 10 2.0619
8 364 1 0.2279
8 365 74 16.4001
8 366 6 1.5227
8 367 316 73.6321
8 369 8 1.5033
8 370 57 11.2753
8 373 108 22.7930
8 374 46 10.8740
8 375 39 6.3603
8 376 2 0.4074
8 377 15 3.4320
8 378 72 16.8143
8 379 21 4.3113
8 380 1956 425.8040
8 381 250 56.6308
8 382 142 31.3499
9 1 89 19.2480
9 2 120 24.9148
9 3 276 67.7804
9 4 16 2.6853
9 5 114 33.1106
9 7 8 1.5966
9 8 1 0.2119
9 9 16 3.5521
9 10 234 51.2763
9 11 17 3.2757
9 12 57 11.0775
9 13 24 5.6352
9 14 31 6.0711
9 16 1 0.2119
9 17 66 13.6630
9 18 246 66.2048
9 20 72 16.6149
9 21 1 0.2043
9 22 46 9.2956
9 23 6 1.2053
9 25 2 0.3189
9 26 132 30.1515
9 27 19 3.9508
9 28 12 2.0534
9 29 21 4.4494
9 30 280 56.0681
9 31 455 104.6507
9 32 44 7.8136
9 33 147 35.7670
9 34 14 2.5044
9 35 32 6.0566
9 36 3 0.6142
9 37 79 17.1630
9 38 45 10.0735
9 39 31 5.9333
9 40 56 11.6178
9 41 44 8.8715
9 42 569 155.6713
9 43 35 7.0871
9 44 3 0.6859
9 45 14 2.9447
9 46 22 4.8674
9 47 15 3.0366
9 48 4 0.8501
9 49 579 158.3874
9 50 18 3.6565
9 51 662 200.6130
9 52 275 70.9453
9 53 24 5.0581
9 54 29 5.5219
9 55 17 3.5236
9 56 23 4.5142
9 57 6 1.0323
9 58 1158 301.9899
9 60 1 0.2322
9 61 2 0.4402
9 62 192 43.8226
9 63 64 11.7762
9 64 7 1.2928
9 65 2 0.3910
9 66 2 0.4770
9 68 171 43.0170
9 69 685 154.4905
9 70 71 15.5027
9 72 11 2.2780
9 73 402 101.9780
9 75 158 45.6593
9 77 701 158.8422
9 79 39 8.0630
9 80 2 0.4785
9 81 83 17.8942
9 82 3035 855.9655
9 84 29 7.9343
9 85 6 1.4244
9 86 97 24.0364
9 87 1 0.2170
9 88 117 23.8904
9 89 1 0.2243
9 90 78 18.5564
9 91 359 90.7319
9 92 15 2.8649
9 93 1191 344.3755
9 94 2 0.3996
9 95 29 4.8133
9 96 4 0.7753
9 97 51 9.2469
9 98 409 97.4175
9 99 7 1.7093
9 100 91 19.2753
9 101 25 6.2741
9 102 550 162.8213
9 103 102 21.4234
9 104 204 48.0013
9 105 29 5.6728
9 107 301 76.3405
9 108 18 3.2722
9 109 5 0.9288
9 110 365 95.5554
9 111 162 42.8382
9 112 59 11.0178
9 113 12 2.7733
9 114 56 9.9195
9 115 287 81.5426
9 116 8 1.6730
9 117 6 1.2364
9 118 1 0.2872
9 119 208 53.6921
9 120 3233 924.9574
9 121 54 13.4270
9 122 74 15.1517
9 124 152 30.7187
9 125 297 70.5391
9 126 3 0.7142
9 127 326 83.2617
9 128 112 32.0813
9 129 29 7.5421
9 130 2 0.3615
9 131 191 51.5332
9 132 450 106.5074
9 133 13 2.5815
9 134 2611 614.3898
9 135 32 10.4890
9 136 847 195.7223
9 137 319 78.5899
9 138 905 196.9462
9 139 91 19.9996
9 140 1025 250.0970
9 141 25 6.7623
9 142 97 20.9050
9 143 3 0.4685
9 144 64 14.9917
9 145 3 0.4572
9 146 255 59.7042
9 147 35 8.1780
9 148 6 1.3540
9 149 61 15.4645
9 150 1001 226.7087
9 151 4 0.8724
9 152 79 17.3383
9 153 216 52.2605
9 154 42 8.9453
9 155 43 9.6934
9 156 16 3.2265
9 158 163 39.1375
9 159 38 8.6535
9 160 1843 493.4507
9 161 82 18.4661
9 163 206 47.6808
9 164 7 1.6168
9 165 20 3.6721
9 166 69 15.1672
9 167 89 18.8573
9 168 84 16.7937
9 169 28 5.7304
9 170 60 14.1896
9 171 2 0.3808
9 172 44 9.9783
9 173 72 16.2696
9 175 2 0.3201
9 176 6 1.2699
9 177 199 55.1364
9 178 113 20.7995
9 179 4 0.8306
9 180 285 72.7347
9 182 1 0.1776
9 183 30 5.5446
9 184 50 14.2572
9 185 24 4.2023
9 186 32 5.6468
9 187 1933 439.2360
9 188 117 25.8051
9 190 132 28.8023
9 191 20 4.3806
9 192 26 5.3169
9 193 12 3.0296
9 194 2 0.4250
9 195 877 207.7538
9 196 8 2.0977
9 197 419 103.7176
9 198 92 20.8119
9 199 297 65.7201
9 200 62 17.2813
9 201 767 193.3980
9 202 18 4.3813
9 203 228 46.9665
9 205 323 83.2802
9 206 83 21.5220
9 207 40 9.3860
9 208 1061 273.7999
9 209 8 1.7333
9 211 152 31.3786
9 212 316 80.9924
9 213 5 0.9247
9 214 29 5.2498
9 215 45 7.9973
9 216 188 52.9669
9 217 39 7.7815
9 218 11 1.9421
9 219 14 2.8681
9 220 66 13.7994
9 221 27 5.6821
9 222 130 33.2147
9 223 715 164.5778
9 224 24 4.7758
9 226 26 4.7838
9 227 109 21.2069
9 228 127 27.1236
9 229 241 56.1938
9 230 79 20.9280
9 231 143 30.2926
9 232 24 5.2600
9 233 42 8.0788
9 234 278 64.4688
9 235 193 42.8509
9 236 12 2.4037
9 238 223 50.7821
9 239 334 69.3359
9 240 6 1.0443
9 241 21 5.2467
9 242 155 34.5074
9 243 16 3.2546
9 244 184 46.4987
9 245 190 49.1570
9 246 218 51.4440
9 247 32 6.1515
9 248 9 1.7996
9 249 69 16.3462
9 250 49 10.2435
9 251 16 3.7587
9 252 3 0.5586
9 254 55 13.4212
9 255 470 87.4379
9 256 2545 669.2614
9 257 1621 465.1691
9 258 93 19.8628
9 260 7 1.6585
9 261 2 0.4770
9 262 779 196.7666
9 263 735 188.5120
9 264 119 24.8875
9 265 163 42.1832
9 266 89 19.6140
9 267 23 5.0923
9 268 63 13.7594
9 269 34 6.9350
9 270 41 8.1873
9 271 24 5.1585
9 272 5 0.9403
9 273 453 114.3494
9 274 61 15.5785
9 275 3 0.5713
9 276 7 1.2638
9 277 15 2.9124
9 278 100 23.8289
9 279 133 31.6034
9 280 229 53.6347
9 281 18 4.0973
9 282 400 109.8060
9 283 6 1.0455
9 284 28 5.5316
9 285 1770 497.2728
9 286 231 47.4137
9 287 57 12.2092
9 288 71 17.0219
9 289 7 1.6226
9 290 16 3.3523
9 291 68 12.3075
9 292 24 4.3096
9 293 3 0.6227
9 294 89 21.6906
9 295 20 4.6504
9 296 69 22.4745
9 297 349 79.7905
9 298 86 18.6938
9 299 18 3.2322
9 301 7 1.4848
9 302 118 25.8089
9 303 34 7.9246
9 304 1 0.2689
9 305 19 4.2023
9 306 25 4.5330
9 308 1091 268.8757
9 309 22 4.7834
9 310 526 124.0404
9 311 115 20.0155
9 312 285 63.1053
9 313 65 15.0204
9 314 122 29.7963
9 315 57 17.3608
9 316 16 3.5928
9 317 37 7.6621
9 319 249 67.9434
9 320 343 86.3664
9 321 10 1.8419
9 322 18 4.2674
9 324 163 41.6378
9 325 7 1.5550
9 326 264 63.1828
9 327 317 77.0763
9 328 495 123.4669
9 329 509 118.9121
9 331 2 0.4354
9 332 35 6.6467
9 333 1016 283.3049
9 334 1 0.2304
9 335 20 4.9369
9 336 2 0.4871
9 337 84 17.2706
9 339 1 0.1704
9 340 2 0.3668
9 341 426 105.3092
9 342 397 109.2895
9 343 59 17.7504
9 344 8 2.0030
9 345 51 14.2760
9 346 101 19.9574
9 347 3 0.4366
9 348 99 20.9521
9 349 41 8.6356
9 350 53 14.4865
9 351 612 133.8047
9 353 57 12.4581
9 354 370 108.2428
9 355 5 1.2376
9 357 131 29.3828
9 359 30 5.4816
9 360 2 0.4176
9 361 85 19.9035
9 362 1004 289.8801
9 363 1 0.1984
9 364 264 65.7271
9 365 5 0.9974
9 366 192 41.3137
9 367 42 8.7128
9 368 463 136.2289
9 369 206 48.4189
9 370 45 9.1780
9 371 41 7.4942
9 372 4 0.9023
9 373 146 34.7966
9 374 5 1.0293
9 375 5 1.0455
9 376 9 1.6246
9 377 1056 263.7157
9 378 11 2.3151
9 379 262 59.4248
9 383 79 17.0067
10 0 39 7.7030
10 1 347 85.2391
10 2 345 82.1034
10 3 30 8.7527
10 4 15 2.6752
10 5 26 6.2085
10 6 7 1.5340
10 7 1581 426.5435
10 8 137 30.5296
10 9 69 14.3845
10 11 116 28.0699
10 12 13 2.5204
10 13 1 0.2360
10 14 61 11.5284
10 15 56 11.7971
10 16 9 1.7186
10 17 68 16.2195
10 19 4 0.9257
10 20 28 5.1823
10 22 175 44.6914
10 23 34 6.4087
10 25 388 105.0806
10 26 27 5.1280
10 27 113 26.7609
10 29 2 0.4921
10 30 138 32.1543
10 31 12 2.3728
10 32 34 6.9428
10 33 15 3.8406
10 34 947 215.4246
10 35 602 138.6053
10 36 38 7.5394
10 37 11 2.3910
10 38 14 2.7554
10 39 168 40.4941
10 40 15 2.9743
10 41 416 101.7695
10 42 424 89.3197
10 44 362 98.0439
10 45 505 119.3740
10 47 207 47.9787
10 48 59 13.4819
10 49 472 98.9961
10 50 386 95.9536
10 51 4 1.0756
10 52 65 15.7216
10 54 356 95.5262
10 55 3 0.4741
10 56 277 60.2072
10 57 890 253.7824
10 58 662 140.1019
10 59 368 90.0333
10 60 439 100.7577
10 61 22 3.7337
10 62 190 43.9406
10 63 27 5.6979
10 64 4 0.9708
10 65 4 0.7973
10 66 17 3.2324
10 67 64 15.6926
10 68 18 3.9219
10 69 795 212.4176
10 70 76 18.6712
10 71 230 48.3532
10 72 410 94.0410
10 74 210 45.0652
10 75 208 54.5750
10 76 16 3.0822
10 77 35 6.1337
10 78 140 29.8100
10 79 20 3.7317
10 80 122 27.6426
10 81 8 1.6198
10 82 12 1.9341
10 83 3 0.4999
10 84 343 91.3338
10 85 55 13.0270
10 86 19 3.2442
10 87 109 24.6920
10 90 26 5.2938
10 91 41 9.9207
10 92 193 41.4912
10 93 785 198.6368
10 94 68 16.3576
10 95 1294 354.2147
10 96 937 277.7239
10 97 5 1.0979
10 98 23 4.6257
10 99 37 8.3857
10 100 1 0.1631
10 101 665 177.2418
10 102 31 7.0063
10 103 2 0.2296
10 104 74 15.4779
10 105 3 0.6539
10 106 25 5.1401
10 107 42 9.1633
10 108 44 8.6929
10 109 133 35.3986
10 110 19 4.0051
10 111 90 20.2184
10 112 2 0.4334
10 113 55 11.2599
10 114 38 8.0321
10 115 3 0.6155
10 117 8 1.8642
10 118 3 0.6834
10 119 15 3.1716
10 120 30 8.0017
10 121 14 2.5326
10 123 14 3.9771
10 124 408 97.6854
10 125 39 8.8976
10 126 24 4.7700
10 127 465 136.6593
10 128 86 18.4747
10 129 29 5.5490
10 130 23 4.7875
10 131 7 1.4756
10 132 27 8.1666
10 133 1 0.1895
10 134 457 99.0960
10 135 5 0.9912
10 136 4 0.5576
10 137 20 3.9921
10 138 22 4.2436
10 140 1542 388.8400
10 141 8 1.4393
10 142 94 24.5452
10 143 165 36.1873
10 144 11 2.1883
10 145 228 49.7844
10 146 60 12.9507
10 147 758 170.7156
10 148 224 59.9361
10 149 415 103.0568
10 150 1 0.1983
10 151 31 6.4952
10 152 75 15.5238
10 153 102 25.6857
10 154 59 13.9727
10 155 82 18.3604
10 156 33 7.0140
10 157 148 39.7813
10 158 104 25.6854
10 159 117 27.9574
10 160 17 3.5799
10 161 252 52.6065
10 162 1 0.1982
10 163 326 78.5268
10 164 8 1.4003
10 165 1121 294.9355
10 166 145 37.5153
10 167 26 6.0388
10 168 98 21.4482
10 169 33 8.3952
10 170 375 91.5294
10 171 228 52.4548
10 172 6 1.1755
10 173 68 14.5113
10 174 5 0.8898
10 175 1 0.1540
10 176 18 3.6152
10 178 2 0.3782
10 179 815 224.3013
10 180 14 3.4636
10 181 14 3.1963
10 182 1704 528.0774
10 183 5 1.1353
10 184 25 4.3231
10 185 26 5.2715
10 187 30 7.0086
10 188 960 237.5785
10 190 6 1.0654
10 191 28 5.2421
10 192 252 63.3279
10 193 133 27.8243
10 194 32 6.8998
10 195 45 10.5767
10 196 34 7.2073
10 197 6 1.3763
10 198 3 0.6500
10 199 64 12.1328
10 200 44 9.5164
10 201 109 24.0816
10 202 34 6.1970
10 203 3 0.6675
10 207 46 9.4692
10 208 8 2.4845
10 209 102 23.8757
10 210 219 59.6717
10 211 16 2.9221
10 212 10 2.0014
10 213 68 13.5197
10 214 16 3.1009
10 215 4 0.8181
10 216 234 57.0428
10 218 4 0.7751
10 219 15 4.9466
10 220 73 13.9674
10 221 4 0.8823
10 222 11 1.9600
10 223 62 14.9236
10 224 83 14.8758
10 225 161 44.3022
10 226 4 0.8267
10 227 136 35.5947
10 228 9 1.8815
10 229 298 66.1138
10 230 150 36.9426
10 231 4 0.7195
10 232 79 21.5317
10 233 59 14.0676
10 234 37 8.5707
10 235 15 2.8886
10 236 22 4.2534
10 237 198 55.7111
10 238 98 20.4868
10 239 7 1.3947
10 241 4 0.7467
10 242 7 1.3838
10 243 60 12.4318
10 244 35 8.8521
10 245 787 196.5683
10 246 30 6.1254
10 247 34 6.8494
10 248 48 10.3758
10 249 1 0.2189
10 250 1 0.1945
10 251 177 39.4788
10 253 491 110.8892
10 254 4 0.8009
10 255 480 123.1296
10 256 176 46.3392
10 257 289 76.1538
10 258 211 51.2903
10 259 9 1.6064
10 261 5 0.9375
10 262 19 4.6507
10 263 4039 1066.0884
10 264 56 12.2024
10 265 22 4.0101
10 266 347 103.5455
10 267 549 142.8335
10 268 22 5.3106
10 269 438 95.6784
10 271 955 221.2291
10 272 4 0.7394
10 273 662 155.8219
10 274 256 60.3269
10 275 17 3.1582
10 276 1 0.1818
10 277 153 33.8638
10 278 31 7.5912
10 279 222 58.7547
10 281 3 0.6654
10 282 4 0.7725
10 283 50 10.0543
10 284 1813 536.3018
10 285 8 1.7609
10 286 133 33.1679
10 287 119 29.9859
10 288 16 3.8693
10 289 36 6.9185
10 290 8 1.5140
10 291 5 1.0432
10 292 177 44.0051
10 293 27 4.7002
10 294 4 0.8455
10 295 179 39.6288
10 296 56 12.6016
10 297 386 95.4575
10 298 243 51.1488
10 299 25 7.1024
10 300 133 27.2141
10 301 2 0.3759
10 302 253 65.3214
10 303 647 139.3659
10 304 137 31.6837
10 305 266 60.8446
10 306 39 8.3764
10 307 1233 271.9302
10 308 131 29.4622
10 309 36 6.6453
10 310 110 21.2058
10 311 11 2.1152
10 312 11 2.1514
10 313 1 0.2185
10 314 32 6.5900
10 315 90 18.7499
10 316 8 1.4165
10 317 396 92.4003
10 318 19 4.3443
10 319 111 24.1198
10 320 734 185.1257
10 321 6 1.1517
10 322 17 4.7773
10 323 68 14.4328
10 324 596 130.1433
10 325 6 1.2303
10 326 13 2.7755
10 327 6 1.3513
10 329 16 3.5738
10 330 345 88.1558
10 331 23 4.6952
10 332 4 0.9297
10 333 7 1.2775
10 334 101 23.8967
10 335 30 8.5759
10 336 1115 312.3115
10 337 57 12.5848
10 338 1501 402.9202
10 339 2141 584.8893
10 340 2180 557.8149
10 341 325 81.8036
10 342 25 7.0550
10 343 1395 341.4837
10 344 45 11.3339
10 345 13 2.2710
10 346 389 98.7453
10 347 14 3.1669
10 348 40 8.1364
10 349 116 24.6683
10 350 25 5.4549
10 351 1 0.2038
10 352 9 1.6407
10 353 174 41.6921
10 354 10 1.9021
10 355 46 9.6524
10 356 45 10.3968
10 357 5 1.1241
10 358 18 3.5142
10 359 3 0.5495
10 361 148 30.6680
10 362 145 38.7330
10 363 53 10.1462
10 364 155 35.0017
10 365 369 83.4200
10 368 9 1.5958
10 369 26 4.9391
10 370 22 4.9478
10 371 124 26.0507
10 372 81 20.1707
10 373 109 23.1358
10 374 288 75.4336
10 375 747 187.9243
10 376 107 26.7181
10 377 1051 278.0212
10 378 239 62.1878
10 379 5 1.2477
10 380 134 30.8883
10 381 38 9.4013
10 383 11 2.0654
11 0 171 52.3736
11 2 7 1.3497
11 3 1 0.1799
11 4 34 6.3909
11 5 349 87.4387
11 6 32 6.5782
11 7 69 17.8428
11 8 112 24.7720
11 9 679 157.6700
11 10 78 17.1495
11 11 189 46.7727
11 13 486 127.1801
11 14 255 55.1990
11 15 90 20.6612
11 16 6 1.1213
11 17 222 49.7788
11 18 164 33.0784
11 19 54 11.1984
11 20 80 22.9718
11 21 25 5.7945
11 22 36 9.4779
11 23 9 1.7301
11 24 104 34.2278
11 25 132 38.5688
11 26 318 69.7993
11 27 140 32.5380
11 28 304 77.4561
11 29 9 1.7145
11 30 89 19.1653
11 31 2 0.4426
11 32 94 20.3949
11 33 15 3.7368
11 34 435 104.5833
11 35 655 141.9474
11 36 815 216.9932
11 37 1 0.2099
11 38 1 0.2854
11 39 33 7.0205
11 40 7 1.5479
11 41 294 65.7786
11 42 1 0.1923
11 43 134 36.8506
11 44 35 7.0365
11 45 11 2.1162
11 46 361 87.3436
11 47 51 12.6045
11 48 299 71.7883
11 49 43 9.0763
11 50 990 232.8479
11 51 6 1.0533
11 52 228 51.3524
11 54 16 2.6713
11 55 7 1.2027
11 56 195 43.8471
11 58 3 0.5452
11 59 2 0.3504
11 60 242 66.4120
11 61 3 0.5268
11 62 44 9.4252
11 63 69 13.7254
11 64 159 34.6312
11 65 710 173.7143
11 66 869 205.4445
11 67 18 3.3548
11 68 49 9.3817
11 69 25 4.5313
11 70 170 46.7457
11 71 46 8.4028
11 72 18 4.1338
11 73 217 48.7831
11 74 7 1.4581
11 75 1 0.2102
11 76 12 2.3570
11 77 678 149.7758
11 78 1 0.1999
11 79 131 29.5310
11 80 18 3.4858
11 81 73 16.3052
11 82 34 8.2951
11 83 71 18.5636
11 84 52 9.6302
11 85 10 2.0005
11 86 53 10.1337
11 87 21 3.8207
11 88 91 20.9162
11 89 1 0.1483
11 90 75 16.5089
11 91 1 0.2138
11 92 17 3.7406
11 93 16 3.1252
11 94 420 108.1384
11 95 4 0.7352
11 96 207 56.8994
11 97 80 17.2759
11 98 1972 613.7307
11 99 268 63.2609
11 100 43 8.4301
11 101 194 47.9162
11 102 85 20.9238
11 103 62 13.8552
11 104 6 1.2920
11 105 293 68.7364
11 106 6 1.1157
11 108 123 23.2929
11 109 952 274.8156
11 110 18 3.3008
11 111 418 107.5845
11 112 13 2.8220
11 113 7 1.2529
11 114 121 25.7711
11 116 98 23.9753
11 117 26 5.2441
11 118 4 0.6738
11 119 229 52.8574
11 120 39 7.2616
11 121 451 106.2510
11 122 29 6.6717
11 123 13 2.3871
11 124 88 20.4170
11 125 115 22.6211
11 126 85 20.7565
11 127 9 1.7666
11 128 130 30.3374
11 129 65 12.9733
11 130 93 19.9716
11 131 107 25.4471
11 132 1 0.1573
11 133 2 0.5453
11 134 4 0.7377
11 135 11 1.8180
11 137 256 62.7687
11 138 66 12.1387
11 139 16 2.8940
11 140 299 79.3112
11 141 206 45.6405
11 142 50 10.9866
11 143 97 20.6446
11 144 47 9.3748
11 145 10 2.0597
11 146 3 0.6032
11 147 1018 268.4690
11 148 281 67.4177
11 149 20 4.4124
11 150 22 4.4932
11 151 25 5.2566
11 152 6 1.3154
11 153 3 0.5803
11 154 149 32.6726
11 155 15 2.6569
11 156 4 0.7395
11 158 15 2.7314
11 160 5 0.9317
11 161 15 2.8569
11 162 406 103.4059
11 163 1 0.1490
11 164 70 15.7570
11 165 279 52.4165
11 166 450 126.1717
11 167 39 9.4314
11 168 136 32.9277
11 169 4 0.8575
11 170 161 36.1423
11 171 140 32.4782
11 172 69 14.5927
11 173 11 2.5966
11 174 21 4.1936
11 175 956 222.2729
11 176 46 9.0318
11 177 1 0.2584
11 178 4 0.7237
11 179 28 5.5693
11 180 665 164.6830
11 181 71 19.5396
11 182 106 22.7787
11 183 9 1.6000
11 184 26 4.8498
11 185 27 5.5835
11 186 9 1.7505
11 187 20 4.7981
11 189 2406 650.5640
11 190 45 10.9052
11 191 28 6.0663
11 192 95 20.4846
11 193 2 0.4424
11 194 4 0.8145
11 195 388 95.4686
11 196 17 3.4343
11 197 1 0.1442
11 198 1235 289.2633
11 200 15 4.4334
11 201 65 14.2003
11 203 501 123.2772
11 204 1 0.1553
11 205 15 2.7709
11 206 5 0.8428
11 207 17 4.8042
11 208 122 29.1206
11 209 343 79.4994
11 210 14 2.6110
11 211 24 5.2852
11 212 228 57.6935
11 213 46 9.9205
11 214 71 13.4640
11 215 147 33.6889
11 216 173 36.9268
11 217 1 0.1599
11 218 16 3.5899
11 220 186 45.7553
11 221 1235 297.7431
11 222 9 1.7093
11 223 17 3.2573
11 224 160 41.0831
11 225 670 183.8091
11 226 274 60.7497
11 227 1514 382.1274
11 229 5 1.1996
11 230 115 26.2177
11 231 1525 368.2718
11 232 18 3.7726
11 233 904 249.8663
11 234 10 1.8091
11 235 74 15.3664
11 236 96 20.1259
11 237 113 24.4558
11 239 5 1.0490
11 240 2 0.4686
11 241 19 3.5617
11 242 85 21.1976
11 243 106 27.7080
11 244 11 2.2231
11 245 19 4.5063
11 246 18 3.4858
11 247 2 0.4635
11 248 74 17.0458
11 249 4 0.9694
11 250 5 0.8094
11 251 24 6.9810
11 252 42 11.1049
11 253 122 30.8228
11 254 57 14.0309
11 255 735 169.8923
11 256 50 11.1331
11 257 20 3.9079
11 258 1 0.2179
11 259 867 215.8936
11 260 39 8.4844
11 261 63 17.1721
11 262 482 106.8027
11 263 8 2.5569
11 264 1 0.1438
11 265 33 7.4929
11 266 41 8.9857
11 267 2 0.3029
11 268 2 0.3902
11 269 2 0.3824
11 270 19 4.1373
11 271 748 158.3728
11 273 567 170.5706
11 275 61 17.1617
11 276 1 0.1872
11 277 54 10.1868
11 278 87 20.2543
11 279 100 23.2630
11 280 145 36.0345
11 281 16 3.0320
11 282 57 12.1209
11 283 452 119.8490
11 284 50 11.2347
11 285 6 1.4300
11 286 465 107.3243
11 287 35 7.6751
11 288 188 41.0727
11 289 14 2.9740
11 290 44 8.9976
11 291 3 0.6656
11 292 14 2.7123
11 294 1467 359.8857
11 295 31 10.2213
11 296 1 0.2539
11 297 205 55.0940
11 298 72 16.3274
11 299 6 1.2363
11 301 8 1.4208
11 302 695 182.0132
11 303 29 6.0859
11 304 2645 750.6387
11 305 13 2.5584
11 306 262 55.5227
11 307 49 11.2382
11 308 609 161.0262
11 309 47 12.0062
11 310 23 4.6528
11 311 4 0.7879
11 313 432 109.6084
11 314 377 77.3457
11 315 338 87.8394
11 316 9 1.8618
11 317 63 13.0204
11 319 384 83.1625
11 320 368 90.0088
11 321 515 122.1248
11 322 10 1.5502
11 323 40 7.3589
11 324 6 1.1547
11 325 24 7.4121
11 326 187 37.8365
11 327 15 2.7931
11 328 79 15.7388
11 329 56 14.5283
11 330 48 10.0654
11 331 2 0.3536
11 332 843 233.5072
11 334 2 0.3606
11 335 9 1.6839
11 336 3 0.5477
11 337 159 40.5602
11 338 271 57.2315
11 339 18 3.4625
11 340 9 1.9847
11 341 49 10.6064
11 343 1011 277.7661
11 344 31 5.9443
11 345 3370 961.5532
11 346 191 41.7342
11 347 11 2.0307
11 348 7 1.5902
11 349 2189 564.6946
11 351 41 7.4228
11 353 343 87.4011
11 354 16 3.7410
11 355 341 78.8571
11 356 286 72.3488
11 357 122 26.3152
11 358 5 0.8040
11 359 466 124.9260
11 360 8 1.3624
11 361 22 4.6217
11 362 13 2.3054
11 363 245 65.0624
11 365 88 19.5869
11 366 24 4.5514
11 367 4 0.8447
11 369 951 219.6270
11 370 103 25.7096
11 371 37 7.7131
11 373 3 0.5388
11 374 91 22.0954
11 375 142 29.4883
11 376 31 6.9653
11 377 42 8.1971
11 378 60 11.7869
11 379 1710 458.9240
11 380 9 1.9839
11 381 38 7.1092
11 382 20 5.2415
12 0 80 20.0709
12 1 2 0.3987
12 2 2 0.4059
12 3 6 1.1451
12 4 17 4.0364
12 5 1322 323.9971
12 6 70 17.0932
12 7 12 2.9091
12 8 128 31.6210
12 9 20 3.6314
12 10 19 4.3918
12 11 247 58.6637
12 12 560 148.0809
12 13 11 2.4068
12 14 22 5.0473
12 16 671 160.8958
12 17 269 57.6731
12 18 665 184.9747
12 19 94 17.9286
12 20 70 16.8673
12 21 10 2.0338
12 22 9 1.6019
12 23 52 10.4493
12 24 10 1.9945
12 25 480 106.2398
12 26 12 2.0539
12 27 322 86.8923
12 28 1 0.2932
12 29 8 1.8612
12 30 60 15.6047
12 31 13 2.8589
12 32 658 181.3997
12 33 107 26.7834
12 34 339 73.3407
12 35 93 23.5223
12 36 10 2.8983
12 37 7 1.4006
12 38 60 12.1303
12 39 98 22.0014
12 40 27 6.0020
12 41 96 20.9589
12 42 569 151.9589
12 43 3 0.5034
12 44 125 32.3782
12 45 83 17.2007
12 46 93 22.0615
12 47 32 6.3070
12 48 199 41.6343
12 49 8 1.7965
12 50 9 1.6550
12 51 5 1.2151
12 52 23 4.6374
12 53 112 28.6115
12 54 19 4.0190
12 55 53 11.0921
12 56 2 0.3672
12 57 67 14.3661
12 58 535 132.0523
12 59 132 28.8654
12 60 80 16.0656
12 61 4 0.7716
12 62 971 257.0107
12 63 25 4.9724
12 64 74 20.1290
12 66 90 19.4222
12 67 1611 431.9359
12 69 388 101.4609
12 70 12 2.5026
12 71 93 23.9471
12 72 9 2.1000
12 73 5 1.0398
12 74 58 12.6743
12 75 24 6.0811
12 76 6 1.2904
12 77 751 195.0267
12 78 43 8.6931
12 79 1 0.2102
12 81 13 2.9891
12 82 9 1.7844
12 83 83 18.9385
12 84 5 1.0058
12 85 111 26.0684
12 86 133 32.0340
12 87 419 105.9052
12 88 521 164.2570
12 89 18 3.9203
12 90 189 44.8176
12 91 11 2.3449
12 92 4 0.8057
12 93 41 9.9050
12 94 8 1.9164
12 95 726 176.9537
12 96 53 12.7884
12 97 22 4.1969
12 98 12 2.7647
12 99 77 14.9456
12 100 297 84.7561
12 101 26 6.9332
12 102 424 93.4009
12 103 9 1.7703
12 104 14 2.7926
12 105 451 116.8351
12 106 62 15.0701
12 107 157 32.4339
12 109 227 64.5295
12 110 117 25.7273
12 111 50 14.9691
12 112 3 0.8514
12 113 43 8.3181
12 114 30 7.2719
12 115 65 15.3186
12 116 367 81.0234
12 117 7 1.3798
12 118 244 60.8710
12 119 114 24.9795
12 120 412 82.7139
12 121 25 5.3630
12 122 102 31.6637
12 123 658 175.1610
12 124 307 73.3086
12 125 10 1.9430
12 126 590 141.5305
12 127 40 9.3546
12 128 5 0.9642
12 129 31 7.5967
12 130 12 2.4623
12 131 40 8.7101
12 132 11 2.4273
12 133 56 14.4074
12 134 1049 274.7349
12 135 11 2.0721
12 136 45 9.2868
12 137 826 200.4715
12 138 329 84.9041
12 139 491 119.9550
12 140 81 17.4767
12 141 805 209.2038
12 142 53 9.9314
12 143 1 0.1934
12 144 57 11.2281
12 145 72 14.1600
12 146 27 5.2231
12 147 37 7.8610
12 148 1 0.1528
12 149 4 0.7507
12 150 21 4.8163
12 151 1002 279.5566
12 152 73 14.5745
12 153 2 0.3083
12 154 30 7.1299
12 155 1884 484.5664
12 156 25 5.1120
12 157 15 3.2915
12 158 125 29.7366
12 159 262 53.5995
12 160 4 0.9455
12 161 540 132.1333
12 162 1 0.1881
12 165 1490 375.9702
12 166 4 0.7616
12 167 39 9.5989
12 168 50 13.6108
12 169 725 172.0628
12 170 2 0.3727
12 171 212 44.1754
12 172 16 3.1694
12 173 56 12.8861
12 174 528 127.4323
12 175 273 63.5917
12 176 479 117.3739
12 177 7 1.7480
12 179 33 6.5101
12 180 802 183.2763
12 181 11 2.8543
12 182 152 35.4919
12 183 89 18.7037
12 185 10 2.1319
12 186 163 35.6499
12 187 14 3.8005
12 188 10 2.3612
12 189 804 203.9342
12 191 73 13.8718
12 192 76 17.9973
12 193 10 2.1565
12 194 160 40.8582
12 195 371 82.7479
12 196 471 119.7292
12 197 5 0.8796
12 198 1075 265.9694
12 199 31 6.0882
12 200 946 273.4769
12 201 47 8.6160
12 202 63 12.7227
12 203 1 0.2168
12 204 19 3.5725
12 205 3 0.6530
12 206 7 1.5854
12 207 1062 251.2755
12 208 1319 364.2021
12 209 84 21.1894
12 210 241 55.0025
12 211 106 23.9760
12 212 125 38.9369
12 213 92 18.2516
12 214 8 1.5665
12 215 52 12.3924
12 216 100 21.7173
12 217 98 22.8819
12 218 89 21.1316
12 219 41 9.0452
12 221 1615 492.2289
12 222 51 12.2084
12 223 210 52.4996
12 224 6 1.3116
12 225 59 13.6694
12 227 72 14.3874
12 228 26 5.5146
12 229 48 10.8821
12 230 24 5.5875
12 231 25 5.8779
12 232 17 3.2100
12 233 23 6.0751
12 234 6 1.1097
12 235 185 45.7882
12 236 144 35.8938
12 237 92 18.4179
12 238 14 2.9671
12 239 87 19.3683
12 240 322 74.8772
12 241 3 0.8095
12 242 91 19.1219
12 243 437 96.1136
12 245 18 3.3366
12 246 481 114.8507
12 247 29 6.2391
12 248 52 13.6518
12 249 248 59.9417
12 250 8 1.7671
12 251 45 10.9286
12 252 459 110.8575
12 253 48 11.7727
12 254 15 3.6796
12 255 350 82.3674
12 256 4 0.7965
12 257 12 2.1975
12 258 10 1.9042
12 259 25 4.7556
12 260 2 0.3051
12 261 424 103.4427
12 262 113 22.4938
12 263 30 6.3432
12 264 25 4.9973
12 265 171 38.7365
12 266 102 21.3249
12 267 34 9.1812
12 268 28 5.6418
12 269 35 8.5504
12 270 46 9.4825
12 271 115 25.7025
12 272 308 77.8696
12 273 12 2.8768
12 274 28 5.4030
12 275 8 2.0113
12 276 6 1.0001
12 277 35 6.5329
12 278 577 150.0242
12 279 387 108.2706
12 280 1043 256.5506
12 282 9 2.1494
12 283 109 26.8665
12 284 356 92.8017
12 285 54 9.3940
12 287 531 133.5369
12 288 5 0.9854
12 289 4 0.9406
12 290 4 0.9791
12 291 89 18.2813
12 292 50 10.6817
12 293 426 99.0844
12 294 74 17.7045
12 295 418 110.5642
12 296 4 1.2656
12 297 3 0.7091
12 298 168 44.0152
12 299 23 4.8933
12 300 322 79.2192
12 301 5 0.8647
12 302 85 21.4069
12 303 1 0.2065
12 304 13 2.7329
12 305 14 2.7027
12 306 1780 492.0198
12 307 148 35.3020
12 308 597 158.0646
12 310 45 9.3547
12 311 485 126.9849
12 312 506 127.0392
12 313 3 0.6066
12 314 239 55.2120
12 315 4 0.8801
12 316 1465 353.4308
12 317 217 49.8309
12 318 16 3.1133
12 319 169 41.8003
12 320 153 37.3447
12 321 3 0.7310
12 322 16 3.6925
12 323 9 1.9924
12 324 34 7.2270
12 325 4 0.8090
12 326 80 17.2051
12 327 8 2.2698
12 328 167 39.0796
12 329 426 99.0763
12 330 29 5.7772
12 331 423 112.9954
12 332 104 26.2927
12 333 143 34.3973
12 334 181 36.4311
12 335 84 22.0319
12 336 28 6.4946
12 337 412 107.9352
12 338 98 21.4724
12 339 340 92.1558
12 340 212 47.3363
12 341 1 0.1654
12 342 13 2.8068
12 343 13 2.5211
12 344 2 0.4334
12 345 792 227.9252
12 347 7 1.5694
12 348 94 21.9491
12 349 1413 365.2837
12 350 163 38.1460
12 351 3 0.6545
12 353 9 1.8461
12 354 40 10.2855
12 355 158 35.8126
12 356 8 1.8457
12 357 52 11.4823
12 358 426 90.7082
12 359 1 0.2140
12 360 8 1.5069
12 361 19 3.9996
12 362 71 14.7066
12 363 12 2.4287
12 364 34 6.8027
12 366 430 106.5991
12 367 59 11.5151
12 368 7 1.4271
12 369 189 55.2801
12 370 8 1.5106
12 371 4 0.8082
12 372 268 57.4108
12 373 6 1.2035
12 374 25 4.8284
12 375 5 1.3449
12 376 114 24.7197
12 377 24 5.4856
12 379 595 149.2475
12 380 43 10.4921
12 381 1054 291.8714
12 382 88 20.6881
12 383 130 26.3431
13 0 69 16.1582
13 1 400 123.0507
13 2 44 13.6941
13 3 59 12.6067
13 4 298 72.4020
13 5 254 70.1202
13 6 1942 535.3009
13 7 4 0.7123
13 8 58 13.9720
13 9 176 40.1645
13 10 2029 491.8689
13 11 53 15.1691
13 12 583 132.2042
13 13 72 15.8802
13 14 8 1.6514
13 15 675 153.4772
13 16 11 2.1696
13 17 7 1.4221
13 18 166 42.0108
13 19 95 22.8073
13 20 58 16.4376
13 21 91 21.7655
13 22 15 3.0297
13 23 72 20.6584
13 24 32 9.5937
13 25 12 2.3710
13 26 94 25.4048
13 27 31 6.5655
13 28 62 14.3233
13 29 146 34.8736
13 30 14 2.4691
13 31 40 8.3382
13 32 80 15.9301
13 33 52 13.6750
13 34 822 189.0813
13 35 54 12.5956
13 36 350 85.3154
13 37 2 0.3526
13 38 20 4.2866
13 39 71 14.8624
13 40 104 34.3185
13 41 276 71.0963
13 42 58 16.0782
13 43 64 14.2832
13 44 417 107.8223
13 45 264 57.8956
13 46 319 84.6324
13 47 154 36.0550
13 48 22 5.1866
13 49 86 17.4872
13 50 55 17.8357
13 51 21 6.1476
13 52 6 1.0815
13 53 41 10.7003
13 54 607 153.9298
13 55 32 6.9147
13 56 40 9.2340
13 57 1293 344.2714
13 58 107 28.5285
13 59 23 4.9692
13 60 90 23.3525
13 61 186 40.0470
13 62 5 0.9638
13 63 332 70.8501
13 64 43 10.8771
13 65 1 0.2032
13 66 39 11.0250
13 67 32 7.5742
13 68 7 1.3985
13 69 475 127.6186
13 70 87 19.2720
13 71 2276 526.6024
13 72 5 1.0126
13 73 196 45.2103
13 74 23 4.9382
13 75 14 3.0511
13 76 147 33.7229
13 77 24 6.1947
13 78 156 40.7647
13 79 199 42.7461
13 81 10 1.6220
13 82 19 5.7543
13 83 133 24.8490
13 84 22 4.6024
13 85 3 0.6073
13 86 60 16.2534
13 87 52 14.6221
13 88 104 25.6030
13 89 420 102.1113
13 90 119 25.4012
13 91 52 12.5681
13 92 1326 340.1834
13 93 29 5.7489
13 94 604 149.1103
13 95 106 23.0708
13 96 25 5.2744
13 97 86 16.6275
13 98 145 37.7822
13 99 118 25.6006
13 100 2 0.4323
13 102 16 2.9572
13 103 17 3.1037
13 104 1150 268.0971
13 105 211 50.0868
13 106 6 1.2822
13 107 3 0.5607
13 108 32 6.4472
13 109 462 129.9249
13 110 39 8.8233
13 111 39 9.3944
13 112 67 16.3483
13 113 20 4.7465
13 114 1162 313.0822
13 115 1015 272.2079
13 116 113 22.7560
13 117 5 1.1235
13 118 10 1.9099
13 120 318 77.5483
13 121 102 21.8034
13 122 2 0.3903
13 123 24 6.1840
13 124 112 25.0439
13 125 30 6.3340
13 126 25 6.3167
13 127 172 42.1780
13 128 425 103.9498
13 129 50 11.9483
13 130 9 1.5491
13 131 4 0.8999
13 132 1589 437.4411
13 133 1 0.1884
13 134 21 4.0280
13 135 2 0.3797
13 136 479 98.2360
13 137 104 26.8905
13 138 4 0.8245
13 139 13 2.7504
13 140 5 0.9356
13 141 47 10.3504
13 142 155 32.4410
13 143 228 88.5581
13 144 17 3.7074
13 145 25 5.3847
13 146 18 3.9725
13 147 21 4.8188
13 148 75 18.5145
13 149 37 8.3062
13 150 137 34.2071
13 151 61 14.6551
13 152 43 9.2446
13 153 24 6.2862
13 154 31 7.0757
13 155 4 0.7886
13 156 36 7.0379
13 157 3186 768.6575
13 158 2 0.1953
13 159 780 210.9345
13 160 225 53.4546
13 161 79 15.2309
13 162 46 8.7449
13 163 5 0.9340
13 164 10 2.6980
13 165 64 13.4025
13 166 16 4.2399
13 167 93 21.3205
13 168 220 50.8943
13 169 7 1.9132
13 170 94 18.1088
13 171 14 3.1529
13 172 56 12.1519
13 173 5 0.7875
13 174 49 11.1778
13 175 61 14.6462
13 176 355 80.6233
13 177 216 51.1047
13 178 501 113.2912
13 179 8 1.6714
13 180 441 110.6959
13 181 101 20.2298
13 182 32 10.0335
13 183 2 0.3504
13 184 22 4.0172
13 185 7 1.3031
13 186 1 0.2060
13 187 514 129.1224
13 188 750 162.1029
13 189 77 14.2328
13 190 55 15.3992
13 191 24 5.4750
13 192 275 70.0797
13 193 400 141.2340
13 194 17 4.0665
13 195 612 138.7916
13 196 1 0.0544
13 197 76 17.7867
13 198 20 4.5346
13 199 260 68.4649
13 200 51 10.7450
13 201 179 42.2135
13 202 36 7.6123
13 203 196 47.8093
13 204 25 5.6145
13 205 520 128.3264
13 206 364 88.0557
13 207 533 134.5174
13 208 102 20.2504
13 209 63 14.2557
13 210 481 120.4076
13 211 90 20.5052
13 212 49 14.1420
13 213 3 0.5564
13 214 33 6.5722
13 215 300 68.8810
13 216 18 3.6623
13 217 4 1.2083
13 218 267 57.6399
13 219 207 41.0845
13 220 194 53.1667
13 221 87 19.6717
13 222 8 2.5966
13 223 93 21.2972
13 224 16 3.4981
13 225 116 27.3776
13 226 21 5.1315
13 227 27 5.6459
13 228 20 3.9974
13 229 19 3.6471
13 230 665 238.7566
13 231 6 1.0238
13 232 89 23.6511
13 234 41 9.1517
13 235 286 73.8900
13 236 26 5.9419
13 237 57 12.7563
13 238 22 4.2410
13 239 17 3.7162
13 240 1 0.1642
13 241 5 1.0637
13 242 15 2.7971
13 243 541 130.5571
13 244 14 2.9053
13 245 54 10.2274
13 246 389 84.1364
13 247 15 3.1431
13 248 1247 309.6597
13 249 580 181.1822
13 250 1 0.2003
13 251 790 214.1355
13 252 65 13.9857
13 253 44 10.9106
13 254 179 39.9287
13 255 46 10.8399
13 256 91 17.0419
13 257 1 0.1211
13 258 307 64.5357
13 259 223 47.1902
13 260 340 82.2220
13 261 61 14.1266
13 262 34 6.8788
13 263 185 39.9750
13 264 144 28.9168
13 265 27 4.8172
13 266 112 35.9941
13 267 15 3.5225
13 268 9 1.7676
13 269 451 104.1042
13 270 11 2.2523
13 271 307 87.6543
13 272 775 198.2267
13 273 8 1.6904
13 274 46 13.8860
13 275 1 0.1897
13 276 9 1.8475
13 277 1 0.1731
13 278 73 16.9522
13 279 975 263.3515
13 280 629 160.3541
13 281 600 183.7417
13 282 9 1.6317
13 283 3 0.6374
13 284 95 22.0689
13 285 1237 329.4181
13 286 44 13.4921
13 287 165 45.2727
13 288 15 4.3380
13 289 3 0.6775
13 290 15 2.9660
13 291 33 6.6655
13 292 15 4.3237
13 293 452 114.1870
13 294 21 4.2583
13 295 24 5.5447
13 296 5 1.0675
13 297 78 18.6188
13 298 194 45.3492
13 299 5 0.9108
13 300 13 2.4746
13 301 4 0.7926
13 302 1 0.2083
13 303 53 12.3901
13 304 49 10.0897
13 305 73 16.0820
13 306 185 41.5997
13 307 4 0.6949
13 308 9 1.8223
13 309 133 35.8820
13 310 514 141.3262
13 311 222 54.6809
13 312 58 13.7564
13 313 7 1.7252
13 314 155 37.1928
13 315 300 66.3815
13 316 341 79.5255
13 317 1 0.1983
13 318 1299 325.5808
13 319 13 2.4265
13 320 2 0.4457
13 322 667 140.2101
13 323 30 6.6926
13 324 255 62.5791
13 326 476 137.1756
13 327 35 8.3206
13 328 52 10.6972
13 329 10 1.9331
13 330 1 0.2398
13 331 82 17.0134
13 332 6 1.0952
13 333 95 22.3810
13 334 6 1.2041
13 335 259 59.3056
13 336 1599 492.0784
13 337 67 15.5477
13 338 108 29.5373
13 339 13 2.4951
13 340 221 48.8605
13 341 21 4.0373
13 342 172 35.7211
13 343 2 0.3688
13 344 27 5.7115
13 345 704 180.2760
13 346 19 4.5053
13 347 16 3.7437
13 348 18 4.6349
13 350 9 1.9267
13 351 13 2.6809
13 352 13 2.3423
13 353 210 57.2542
13 354 8 1.3549
13 355 43 8.9427
13 356 99 21.2617
13 357 42 8.8147
13 358 19 4.9217
13 359 155 35.4573
13 360 565 136.3947
13 361 236 52.2748
13 362 3 0.5025
13 363 264 69.5855
13 364 62 13.2558
13 365 3 0.5079
13 366 170 36.3363
13 367 80 19.2608
13 368 61 12.1084
13 369 46 12.4198
13 370 90 19.7085
13 371 35 10.6540
13 372 44 12.6167
13 373 42 8.6983
13 374 90 20.6643
13 375 55 10.4686
13 376 95 20.2908
13 377 140 34.5899
13 378 19 4.4996
13 380 3 0.7735
13 381 52 13.9193
13 382 2 0.3994
13 383 16 2.9149
14 0 15 4.0373
14 1 44 10.6273
14 2 243 58.9220
14 3 1714 444.6226
14 4 1 0.2004
14 5 192 42.8890
14 6 154 38.1991
14 7 1 0.1187
14 9 6 1.0760
14 10 78 17.5135
14 11 123 31.9396
14 12 11 2.0632
14 13 13 2.6395
14 14 105 22.5185
14 15 21 4.0898
14 16 739 191.7046
14 17 409 91.1174
14 18 747 179.1772
14 19 32 5.6926
14 20 21 4.5934
14 21 1 0.3095
14 22 14 4.5171
14 23 47 10.2445
14 24 8 1.4305
14 25 28 6.8051
14 26 1041 253.0053
14 27 266 56.4988
14 28 251 57.9436
14 29 53 13.5821
14 30 458 115.1001
14 31 2185 635.7385
14 32 39 10.2733
14 33 27 5.9759
14 34 4 0.6604
14 35 21 3.8814
14 36 148 29.5191
14 37 554 142.8743
14 38 4 0.9024
14 39 2 0.4374
14 40 34 7.8283
14 41 53 9.7059
14 42 20 3.5847
14 43 583 150.7064
14 44 3 0.5697
14 45 656 162.2902
14 46 23 5.7047
14 47 33 6.7132
14 48 671 163.3635
14 49 39 7.7957
14 50 16 2.9508
14 51 494 118.4084
14 52 15 3.2699
14 53 2 0.4176
14 54 1 0.2084
14 55 3 0.5593
14 56 8 1.9472
14 57 424 92.4307
14 58 47 13.2065
14 59 23 5.5766
14 60 32 5.9612
14 61 42 10.9326
14 62 82 14.8140
14 63 89 21.7816
14 64 297 57.9028
14 65 4 0.8329
14 66 2 0.6071
14 67 981 260.7016
14 69 1 0.1549
14 70 6 1.4919
14 71 99 20.7034
14 72 1 0.2800
14 73 52 11.1733
14 74 445 109.1646
14 75 9 1.6644
14 76 102 21.4246
14 77 182 44.5435
14 78 13 2.7504
14 79 58 9.7707
14 80 21 4.7459
14 81 3 0.5791
14 82 4 0.8451
14 83 51 11.8344
14 84 849 240.3615
14 85 122 33.5618
14 86 31 6.4226
14 87 38 7.7101
14 88 63 15.3679
14 89 9 1.9595
14 90 55 14.2935
14 91 78 15.0196
14 92 30 6.2353
14 93 142 36.3674
14 94 20 4.5165
14 95 7 1.5826
14 96 246 67.0301
14 97 17 3.7046
14 98 160 35.8361
14 99 329 69.8092
14 100 11 3.1074
14 102 1 0.1858
14 103 655 168.8746
14 104 193 39.7164
14 105 2 0.4079
14 106 46 9.1172
14 107 39 8.0981
14 108 45 8.7627
14 109 91 19.2872
14 111 3 0.4809
14 112 6 1.2861
14 113 6 1.2949
14 114 2 0.6453
14 116 8 2.3666
14 117 20 3.9724
14 118 63 13.1347
14 119 10 1.8572
14 121 13 2.5605
14 122 253 58.5746
14 123 39 7.3595
14 124 12 2.7786
14 125 7 1.3626
14 126 45 10.5771
14 127 15 3.7468
14 128 101 23.7262
14 129 105 23.8013
14 130 7 1.3630
14 131 5 0.8933
14 132 10 2.1602
14 133 4 0.7310
14 134 41 9.7403
14 135 3243 791.5314
14 136 7 1.2061
14 137 7 1.3586
14 138 14 3.0038
14 139 146 30.8763
14 140 20 3.0789
14 141 3 0.6011
14 142 8 1.8516
14 144 8 1.3454
14 145 169 40.9684
14 146 260 55.5836
14 147 22 5.1590
14 148 2 0.4179
14 149 30 7.3201
14 151 29 6.1499
14 152 16 3.6022
14 153 28 7.2031
14 155 28 5.7717
14 157 286 61.9425
14 158 73 18.3556
14 159 352 71.0933
14 160 10 2.2865
14 161 75 16.1727
14 162 753 178.2456
14 163 16 3.4309
14 164 4 0.9692
14 165 1180 274.0913
14 166 10 1.9243
14 167 58 13.6482
14 168 19 4.5808
14 169 15 5.1384
14 170 648 172.7255
14 171 232 69.8006
14 172 520 137.9876
14 173 319 74.5876
14 175 16 3.4273
14 176 1 0.2068
14 177 2 0.4511
14 179 342 90.5979
14 180 19 4.0881
14 181 8 1.6485
14 182 7 1.5334
14 183 100 23.4854
14 185 22 4.2441
14 186 7 1.2265
14 187 1 0.1925
14 189 406 93.5282
14 190 95 21.6882
14 191 22 3.9244
14 192 50 10.6265
14 193 66 13.0029
14 194 32 6.9076
14 195 49 9.9843
14 196 28 5.3452
14 197 436 99.9355
14 198 10 1.7183
14 199 25 5.6109
14 200 66 13.9026
14 201 329 80.1563
14 202 18 4.9710
14 203 209 47.1564
14 204 426 101.8919
14 205 1 0.1579
14 206 16 3.3185
14 207 153 29.9683
14 208 1 0.1851
14 209 277 67.9875
14 210 301 63.5624
14 211 3 0.5231
14 212 1748 571.4848
14 213 785 197.6094
14 214 26 6.8127
14 215 157 34.5661
14 216 865 203.8229
14 217 160 36.5984
14 218 1 0.1769
14 219 25 4.7437
14 221 36 8.6727
14 222 15 2.8582
14 223 51 12.9506
14 224 39 7.5934
14 225 32 6.1123
14 226 2504 559.4839
14 227 94 18.2044
14 228 413 127.0535
14 229 9 2.0853
14 230 24 4.7287
14 231 52 11.4467
14 232 447 109.8942
14 233 21 4.4147
14 234 251 57.6435
14 235 43 9.8524
14 236 34 5.8061
14 237 64 13.9166
14 238 346 80.9696
14 239 81 20.5076
14 240 37 9.7639
14 241 17 3.9112
14 242 525 155.1214
14 243 474 123.2441
14 244 88 18.5986
14 245 553 143.3821
14 246 1 0.1626
14 247 3 0.6385
14 248 490 121.2826
14 249 86 16.7149
14 250 29 8.0630
14 251 281 65.0863
14 252 528 122.1446
14 253 10 1.8827
14 254 556 117.7841
14 255 2419 672.9533
14 256 789 182.6860
14 257 6 1.2149
14 258 7 1.8707
14 259 11 2.3167
14 261 113 20.8929
14 262 20 5.5737
14 263 626 169.4611
14 264 2 0.4482
14 265 787 199.4431
14 267 5 1.0669
14 268 28 6.0716
14 270 18 4.3893
14 271 3 0.5500
14 272 97 24.1619
14 273 38 9.1697
14 274 3 0.3439
14 275 18 3.6150
14 276 4 0.8413
14 277 397 99.1359
14 278 28 5.7507
14 279 10 2.6676
14 280 13 3.0146
14 281 37 7.3664
14 282 8 1.7058
14 283 110 27.7690
14 284 81 16.3625
14 286 68 12.7530
14 287 193 49.8331
14 288 131 23.9405
14 289 71 16.9876
14 290 16 3.0034
14 291 131 28.3509
14 292 7 1.8550
14 294 159 32.9485
14 295 25 6.3116
14 297 1 0.1955
14 298 26 5.5441
14 299 604 138.7150
14 300 7 1.2442
14 301 90 20.2041
14 302 16 3.3065
14 303 852 221.3108
14 304 233 47.0205
14 305 29 6.8511
14 306 295 68.0624
14 307 160 33.1616
14 308 169 37.6854
14 309 133 34.0835
14 310 212 52.2089
14 312 2 0.3574
14 313 4 0.8597
14 314 10 2.5432
14 315 118 31.4199
14 316 658 250.4928
14 317 40 9.1603
14 318 1239 352.2929
14 319 77 16.5254
14 320 5 0.9074
14 321 1986 544.0274
14 322 4 0.8497
14 323 535 136.3977
14 324 766 187.3848
14 325 81 18.8141
14 327 176 42.5587
14 329 7 1.1950
14 330 111 21.7327
14 331 49 14.1868
14 332 819 200.2291
14 333 102 26.1587
14 334 24 4.6623
14 335 30 5.8368
14 336 14 2.7330
14 337 5 1.1158
14 339 45 8.8124
14 341 2 0.3548
14 342 296 68.0444
14 343 312 74.7829
14 344 76 16.7732
14 345 523 132.8907
14 346 1234 350.6197
14 347 292 82.2434
14 349 70 17.0164
14 350 22 5.5766
14 351 44 8.5288
14 352 130 31.8031
14 353 162 48.2425
14 354 129 37.2097
14 355 20 5.6601
14 356 8 1.6338
14 357 155 37.8896
14 358 90 19.5370
14 359 206 38.4325
14 361 504 111.6136
14 363 56 11.7761
14 364 13 3.5583
14 365 15 3.5694
14 366 9 2.1739
14 367 28 6.6202
14 368 565 115.4823
14 369 11 2.0264
14 370 60 12.7846
14 371 158 59.6838
14 372 12 2.0609
14 373 196 62.5497
14 374 30 5.3931
14 375 1026 238.2576
14 376 540 140.6476
14 377 41 9.7459
14 378 457 118.9081
14 379 12 2.8636
14 380 98 23.8488
14 381 52 12.1405
14 383 204 48.8257
15 0 1406 369.2500
15 1 198 50.9981
15 2 42 8.4100
15 3 162 30.9661
15 4 1 0.1709
15 5 8 1.5865
15 6 118 21.0661
15 7 51 10.6291
15 8 1716 345.4298
15 10 107 20.7194
15 11 157 42.2890
15 12 44 6.4554
15 13 188 36.7153
15 14 574 211.3473
15 15 105 25.3877
15 16 257 95.9191
15 17 21 4.1664
15 18 19 4.9411
15 19 71 18.5367
15 20 300 93.7889
15 21 21 7.4558
15 22 883 242.0779
15 23 137 32.0676
15 25 15 3.4563
15 26 1490 322.5241
15 27 8 1.3936
15 28 257 48.0792
15 29 3 0.6451
15 30 1 0.0652
15 31 1 0.1169
15 32 10 2.3030
15 33 73 17.9837
15 35 173 42.0972
15 36 207 37.2598
15 37 224 44.5587
15 38 196 41.8342
15 39 48 10.0198
15 40 33 7.8278
15 42 150 35.3616
15 43 65 12.6558
15 44 46 10.7006
15 45 33 11.6226
15 46 17 3.5201
15 47 83 21.7905
15 49 181 37.2431
15 50 483 146.6823
15 51 124 24.1309
15 52 53 12.7207
15 53 1 0.1978
15 54 24 6.8205
15 56 2 0.3207
15 57 358 123.7990
15 58 599 228.5699
15 59 8 1.7917
15 60 26 6.5944
15 61 7 1.1384
15 62 1166 448.5312
15 63 16 2.5112
15 64 8 1.5920
15 65 42 15.6251
15 66 2 0.2777
15 67 1 0.0691
15 68 76 15.8566
15 69 2098 567.5670
15 70 60 11.9524
15 71 5 0.8940
15 72 1 0.1557
15 73 7 0.7877
15 74 515 101.6991
15 75 371 92.2733
15 76 498 130.9986
15 77 14 3.4206
15 78 25 3.9227
15 79 34 9.9240
15 80 82 15.2971
15 81 90 18.1096
15 82 179 34.6204
15 83 1441 292.6446
15 85 24 4.7592
15 86 66 23.7210
15 87 769 267.6712
15 88 138 36.3501
15 89 8 1.6078
15 90 4 0.7014
15 91 158 30.4354
15 92 176 35.9538
15 93 50 11.5923
15 94 8 1.5541
15 95 140 28.0885
15 96 76 16.7900
15 97 22 3.8826
15 98 152 33.5370
15 99 1033 356.5242
15 100 30 7.8687
15 101 68 14.5820
15 102 76 14.7993
15 103 449 112.0605
15 104 201 53.7788
15 105 3 0.3412
15 106 29 8.3212
15 107 1 0.1979
15 108 17 3.5893
15 109 46 8.6889
15 110 22 3.7610
15 111 250 62.9416
15 112 876 196.6437
15 113 28 4.7278
15 114 219 62.2334
15 115 41 8.1490
15 117 1 0.1804
15 118 66 16.1752
15 119 177 44.7117
15 120 33 5.8172
15 121 501 105.3955
15 122 44 15.9400
15 123 198 38.6363
15 124 10 1.6823
15 125 233 84.4521
15 126 93 22.6048
15 128 5 0.7940
15 129 100 26.0338
15 130 701 219.5393
15 131 29 10.4945
15 132 91 21.0750
15 133 1778 496.3497
15 135 367 70.7413
15 136 111 22.2954
15 137 56 14.7374
15 138 6 1.3416
15 139 34 10.2867
15 140 491 122.3766
15 141 979 247.4086
15 142 11 1.8886
15 143 24 5.1505
15 144 273 87.5200
15 145 137 25.1847
15 146 756 226.5352
15 147 127 28.9535
15 148 79 17.1666
15 149 54 9.2471
15 150 22 4.3232
15 151 26 4.8230
15 152 35 10.3594
15 153 39 6.0673
15 154 61 17.6675
15 155 143 24.7872
15 156 34 6.8046
15 157 143 33.2805
15 158 408 155.2960
15 159 14 4.2240
15 160 26 5.9181
15 161 462 170.9887
15 162 329 72.7207
15 163 28 5.1331
15 164 5 0.5394
15 165 180 35.5775
15 166 56 11.0401
15 167 1243 350.4215
15 168 100 16.7299
15 169 552 143.2413
15 170 865 194.1296
15 171 601 172.1375
15 172 35 11.2020
15 173 1 0.1351
15 174 784 197.4058
15 175 2 0.4818
15 176 67 13.4985
15 177 1367 282.8987
15 178 163 31.8122
15 179 47 13.1801
15 180 68 13.7587
15 181 83 14.5924
15 182 348 102.6575
15 183 27 5.2541
15 184 164 31.5392
15 186 57 23.9245
15 187 468 85.3735
15 188 40 9.5090
15 189 48 8.5620
15 190 63 12.2366
15 191 15 2.8957
15 192 26 4.7503
15 193 175 30.5667
15 194 26 5.4962
15 195 60 13.5862
15 196 697 180.5250
15 197 9 2.7875
15 198 3 0.2577
15 199 175 43.4846
15 200 472 86.1370
15 201 98 20.2542
15 202 107 18.5136
15 203 93 17.5593
15 204 25 4.2880
15 205 3 0.3007
15 206 7 1.3075
15 207 65 15.5847
15 208 69 14.2041
15 209 12 2.2307
15 210 79 15.0679
15 211 36 8.9852
15 212 289 57.0953
15 213 1311 261.5431
15 214 30 7.0065
15 215 24 4.0741
15 216 19 3.1497
15 217 2 0.5629
15 218 159 27.1641
15 219 112 21.5587
15 220 25 6.2580
15 221 136 30.4142
15 222 48 11.6970
15 223 504 120.6874
15 224 10 2.2608
15 225 2 0.2722
15 226 16 2.7917
15 227 28 5.8701
15 228 399 78.5224
15 229 51 10.6638
15 231 6 1.0575
15 232 167 32.9509
15 233 144 28.7300
15 234 4 0.5279
15 235 158 28.0494
15 236 525 139.6196
15 237 40 6.8864
15 238 13 2.3724
15 239 28 4.6049
15 240 66 13.7231
15 241 8 0.9643
15 242 7 1.3246
15 243 13 2.4471
15 244 1 0.1411
15 245 225 47.4713
15 246 4 0.6221
15 247 8 1.0047
15 248 59 20.6012
15 249 21 8.0257
15 250 806 196.0841
15 251 64 15.0509
15 252 114 22.4258
15 253 10 2.1605
15 254 66 15.0217
15 255 119 22.5867
15 256 29 4.8521
15 257 8 2.1128
15 258 58 18.4327
15 260 16 2.8664
15 261 168 33.2426
15 262 3 0.3442
15 263 26 4.6026
15 264 10 1.6736
15 265 69 13.6514
15 266 108 28.9770
15 267 55 13.7661
15 268 451 85.1298
15 269 334 78.0937
15 270 30 9.5429
15 271 230 46.1431
15 272 89 16.4187
15 273 10 1.6275
15 274 55 17.3610
15 275 6 1.1669
15 276 28 5.8437
15 278 7 1.0672
15 279 1 0.5112
15 280 86 19.7944
15 281 271 87.3349
15 282 108 20.0782
15 283 67 20.5889
15 284 18 3.0465
15 285 27 4.9866
15 287 86 17.4066
15 288 67 16.6165
15 289 25 9.2856
15 290 1 0.2019
15 291 270 54.5093
15 292 112 31.8721
15 293 62 19.0081
15 294 7 3.1587
15 295 15 2.9069
15 296 81 12.8836
15 297 32 6.0785
15 298 30 8.0604
15 299 758 176.4237
15 300 2 0.2973
15 301 108 20.7546
15 302 34 8.7363
15 303 313 61.4340
15 304 34 8.2855
15 305 18 2.7119
15 307 1082 260.6032
15 308 176 54.9186
15 309 42 10.2683
15 310 327 62.7037
15 311 96 18.3771
15 312 81 15.8639
15 313 9 3.1069
15 314 130 23.5650
15 315 47 14.7029
15 316 391 181.8226
15 317 30 6.2004
15 318 44 9.6974
15 319 505 143.8228
15 320 65 13.7459
15 321 273 102.5399
15 322 28 4.7465
15 323 69 11.2794
15 324 53 17.6590
15 325 98 17.9996
15 326 516 162.2637
15 327 68 12.4424
15 328 119 22.8522
15 329 37 7.4018
15 330 130 35.9184
15 331 73 22.2523
15 332 36 5.9350
15 333 60 20.2990
15 334 157 30.7069
15 335 23 4.2828
15 336 38 13.1650
15 337 359 120.2068
15 338 20 4.7828
15 339 132 24.3506
15 341 29 7.1596
15 342 4 0.6170
15 343 72 13.7256
15 344 14 1.6473
15 345 3 0.4044
15 346 123 20.6626
15 347 1 0.1602
15 348 599 120.6810
15 349 190 39.9428
15 350 29 4.7535
15 351 87 16.0018
15 352 1079 220.7107
15 353 32 6.0187
15 354 17 3.1027
15 355 17 4.2029
15 356 3987 940.4590
15 357 287 55.6049
15 358 80 14.7593
15 359 582 109.8400
15 360 69 17.4746
15 361 782 260.6864
15 362 66 13.0768
15 363 148 29.5305
15 364 20 3.7332
15 365 26 4.3390
15 366 85 15.0324
15 367 120 30.6568
15 368 28 7.9600
15 369 26 5.1357
15 370 94 24.5805
15 371 19 3.3437
15 372 101 42.8442
15 373 25 6.6588
15 374 32 11.6196
15 375 285 88.4921
15 376 10 2.4469
15 377 130 49.5149
15 378 162 43.0030
15 380 29 6.0348
15 381 103 21.9233
15 382 15 3.5118
15 383 122 28.5037
16 0 21 3.6696
16 1 128 28.8988
16 2 19 3.9915
16 3 219 50.3650
16 4 107 25.3287
16 5 236 53.1481
16 6 93 22.1941
16 7 8 1.7993
16 8 31 6.9723
16 9 10 1.9298
16 10 492 127.7644
16 11 505 134.6532
16 12 78 17.0632
16 13 2 0.5086
16 14 1 0.2091
16 15 80 17.2272
16 16 3 0.5795
16 17 9 1.9022
16 19 526 121.7419
16 20 965 233.7097
16 21 22 3.9832
16 22 27 5.2209
16 23 183 43.7426
16 24 9 2.3136
16 25 33 8.0490
16 26 13 3.1646
16 27 469 112.9455
16 28 1147 300.1376
16 29 360 98.3609
16 30 1256 353.2259
16 31 1 0.2298
16 32 142 28.5902
16 33 5 0.7534
16 34 369 90.4682
16 35 214 51.5550
16 36 12 2.2055
16 37 5 0.9540
16 38 71 15.6221
16 39 8 1.4890
16 40 63 12.9249
16 41 282 53.5580
16 42 2 0.3860
16 43 601 171.8143
16 44 4 0.9732
16 46 955 241.6082
16 47 89 21.6340
16 48 25 5.6271
16 49 19 3.9509
16 50 1 0.3628
16 51 27 6.8844
16 52 191 42.3627
16 53 6 1.0737
16 54 453 108.3960
16 55 255 68.3293
16 56 178 38.4608
16 58 127 25.4920
16 59 35 6.7278
16 60 104 22.9401
16 61 242 56.5113
16 62 89 20.5397
16 63 1 0.0200
16 64 14 3.3310
16 65 4 0.7566
16 66 2120 570.2406
16 67 1 0.2262
16 68 512 139.5827
16 70 1150 245.6169
16 71 18 3.7519
16 72 55 14.1794
16 73 22 5.1197
16 74 707 174.1945
16 75 34 9.0564
16 77 51 11.9691
16 78 401 103.0893
16 79 17 3.5424
16 81 2 0.3963
16 82 45 8.8248
16 83 6 1.0320
16 84 973 286.2267
16 85 41 9.8506
16 86 126 23.7803
16 88 39 8.6527
16 89 375 92.0655
16 90 16 3.4883
16 91 4 0.7632
16 92 160 33.3124
16 93 540 110.5916
16 94 69 13.3307
16 95 34 6.7163
16 96 110 28.1921
16 97 125 29.6694
16 98 228 55.9503
16 100 311 78.0025
16 101 4 0.9894
16 102 318 83.5305
16 103 98 22.9174
16 104 12 2.7268
16 105 134 33.7147
16 106 104 22.4872
16 107 4 0.8243
16 108 52 13.9523
16 109 201 43.5018
16 110 20 3.7955
16 111 1626 394.7956
16 112 6 1.2483
16 116 27 5.9097
16 117 206 49.5167
16 118 3 0.5592
16 119 2312 646.1001
16 120 100 27.4137
16 121 51 10.2251
16 122 2914 817.7003
16 123 14 3.0284
16 124 215 48.3160
16 125 22 4.9560
16 126 328 81.4955
16 127 4 0.9342
16 129 31 6.5314
16 130 654 134.5287
16 131 4 0.9111
16 133 633 148.7250
16 134 41 7.4767
16 136 124 28.7655
16 137 12 2.8296
16 138 22 4.4325
16 139 6 1.2779
16 140 6 0.9065
16 141 24 4.2678
16 142 1902 512.8237
16 143 2 0.2968
16 146 8 1.6041
16 147 112 23.2298
16 148 9 1.8226
16 149 7 1.6551
16 150 25 5.6782
16 151 1 0.1655
16 152 180 47.4256
16 154 66 16.5027
16 155 138 34.8885
16 156 188 43.2863
16 157 258 62.6554
16 158 1 0.2347
16 159 2 0.3442
16 160 19 4.0892
16 161 11 2.0552
16 162 115 27.7638
16 163 71 18.1884
16 164 3 0.6409
16 166 769 183.3745
16 167 4 0.7850
16 169 39 7.1873
16 170 43 10.1972
16 171 83 24.6235
16 172 1995 519.8835
16 173 52 10.2249
16 174 11 2.7028
16 175 3 0.4786
16 176 40 8.4230
16 177 287 71.0516
16 178 866 216.8035
16 179 1850 436.8648
16 180 7 1.5707
16 181 3 0.4796
16 183 17 3.0450
16 184 1997 550.5489
16 185 55 13.0781
16 187 44 9.9960
16 188 7 1.3094
16 189 54 16.7034
16 190 28 5.5318
16 191 20 3.4038
16 192 366 89.4932
16 193 12 2.1891
16 195 4 0.7169
16 197 122 28.1135
16 198 285 66.2984
16 199 8 1.5551
16 200 25 5.1664
16 201 24 5.2430
16 203 165 36.1705
16 204 243 48.5711
16 205 10 1.7347
16 206 667 157.1582
16 208 30 7.2195
16 209 100 19.3894
16 210 54 13.1635
16 211 4 0.8083
16 212 647 133.1421
16 213 7 1.3578
16 214 94 23.0996
16 215 23 4.4558
16 216 241 61.1451
16 217 21 4.2165
16 218 66 13.8605
16 219 386 111.9223
16 220 11 2.3820
16 223 4308 1143.4893
16 225 5 1.0992
16 226 404 90.6608
16 228 947 221.0607
16 229 19 3.5811
16 230 59 13.0397
16 231 453 99.3456
16 232 128 30.3168
16 233 92 17.2599
16 234 3 0.5970
16 236 4 0.8514
16 237 698 174.2341
16 238 10 2.2931
16 239 21 6.8845
16 240 25 5.7883
16 241 73 13.4539
16 242 669 172.0490
16 243 624 155.0444
16 244 6 1.1424
16 245 108 29.4927
16 246 28 5.6296
16 247 1 0.1822
16 248 70 17.6904
16 249 4 0.8222
16 250 99 20.3716
16 251 27 4.7211
16 252 37 9.1728
16 253 6 1.0143
16 254 1 0.2581
16 255 23 5.8588
16 256 13 2.8189
16 257 178 36.6591
16 258 24 5.3200
16 259 1 0.1613
16 261 57 10.6914
16 262 86 19.9529
16 263 1474 373.2013
16 264 97 23.7065
16 265 96 23.7107
16 266 1 0.2314
16 267 130 33.2593
16 268 429 117.0990
16 269 139 31.7523
16 271 15 2.9102
16 272 4 0.8185
16 273 4 0.7523
16 275 81 19.1493
16 276 7 1.3762
16 277 6 1.2215
16 278 48 11.3870
16 279 61 14.0737
16 280 1306 315.9441
16 281 70 15.5073
16 282 270 56.7361
16 283 1 0.2763
16 284 3 0.4550
16 285 1 0.1832
16 286 77 18.5897
16 287 8 1.3924
16 288 220 52.6118
16 289 29 5.6211
16 290 6 1.0672
16 291 6 1.1422
16 293 10 2.4929
16 294 32 7.8506
16 295 26 5.4662
16 296 12 3.0585
16 297 8 1.7680
16 299 24 7.4378
16 300 15 2.8983
16 302 20 3.8363
16 304 62 11.5061
16 305 55 11.6576
16 306 46 10.5297
16 307 65 13.2492
16 308 12 2.5766
16 309 982 241.1291
16 310 52 11.5904
16 311 81 19.5839
16 312 23 4.9255
16 314 16 3.6642
16 316 4 0.7082
16 317 182 47.2077
16 318 271 65.7401
16 320 53 10.9031
16 321 130 31.9007
16 323 46 11.6351
16 324 1 0.2545
16 325 2 0.4057
16 328 255 64.0397
16 329 82 17.7982
16 330 491 110.9354
16 331 14 2.9776
16 332 330 95.0477
16 333 12 2.5580
16 334 19 4.4210
16 335 387 117.0306
16 336 543 135.0107
16 337 828 224.1403
16 338 2 0.4011
16 339 24 5.2473
16 341 3 0.6719
16 343 59 16.0499
16 345 45 8.8943
16 346 64 12.6608
16 347 55 10.6996
16 349 41 7.5723
16 350 712 183.5122
16 352 179 44.9936
16 353 30 6.0233
16 354 1 0.1683
16 355 108 26.4208
16 356 17 3.3831
16 357 33 6.6120
16 358 5 1.1380
16 359 9 1.5321
16 360 32 5.8842
16 361 453 112.8462
16 362 233 55.0705
16 363 9 1.7409
16 364 31 6.8885
16 365 6 1.4611
16 366 159 31.2452
16 367 1 0.1654
16 368 68 17.6547
16 369 10 1.9640
16 370 163 39.8075
16 371 683 176.5904
16 373 122 27.8358
16 374 21 3.4462
16 375 1 0.0219
16 376 4 0.7290
16 377 10 1.9848
16 378 18 3.6939
16 379 19 3.8565
16 380 5 0.9144
16 381 14 2.8940
16 382 7 1.4592
17 0 75 14.2811
17 2 628 153.0061
17 3 327 81.1991
17 4 2 0.4139
17 5 31 6.3347
17 6 291 79.8504
17 7 10 2.7974
17 8 7 1.3668
17 9 51 9.5237
17 10 115 21.0952
17 11 41 8.2375
17 12 82 22.5439
17 13 4 0.7172
17 14 471 125.7019
17 15 12 2.3655
17 16 215 56.5909
17 17 304 58.2448
17 18 22 4.0469
17 19 164 41.0326
17 20 93 20.9266
17 21 6 1.1100
17 22 89 17.3284
17 23 243 51.5632
17 24 1061 223.1880
17 25 1493 372.3817
17 26 54 14.7036
17 27 109 35.8547
17 28 13 2.8339
17 30 44 10.7482
17 31 16 2.8216
17 32 32 6.1674
17 33 3 0.6522
17 34 36 6.9144
17 35 7 1.3255
17 36 1080 267.4446
17 37 22 5.5431
17 38 391 89.2299
17 39 3 0.4883
17 40 29 7.1846
17 41 10 2.8542
17 42 929 217.7477
17 43 313 72.4564
17 44 3 0.7211
17 46 13 2.6734
17 47 207 44.9402
17 48 16 3.5159
17 49 27 5.2037
17 50 10 1.7654
17 51 36 7.8870
17 52 4 0.8574
17 53 2 0.3895
17 54 543 147.1877
17 56 9 1.9756
17 57 243 59.7080
17 58 57 13.8345
17 59 221 53.2759
17 61 4 1.1001
17 62 14 2.7865
17 63 26 4.5381
17 64 95 23.3230
17 65 10 2.2209
17 66 21 4.2220
17 67 2247 650.9949
17 68 17 3.4491
17 69 14 2.6644
17 70 19 4.2368
17 71 350 77.3331
17 72 320 82.0555
17 73 79 21.0589
17 74 25 4.8401
17 75 2 0.4266
17 76 70 13.4032
17 77 98 22.1398
17 78 109 20.8423
17 79 2 0.3554
17 80 3 0.4949
17 81 65 16.0024
17 82 113 23.8414
17 83 334 97.5602
17 84 36 6.8480
17 85 8 1.5686
17 86 1 0.1799
17 87 16 3.3405
17 88 168 33.6616
17 89 12 3.1999
17 90 1248 307.7368
17 91 36 8.3382
17 93 274 66.2270
17 94 11 2.2168
17 95 4 0.7918
17 96 4 0.6537
17 97 177 43.2698
17 98 4 0.9711
17 99 31 6.4965
17 100 481 124.9192
17 101 780 185.7131
17 102 104 23.1473
17 103 37 6.8355
17 104 2 0.4182
17 105 13 2.3854
17 106 144 27.6935
17 107 65 14.1607
17 108 3 0.5248
17 109 132 25.6490
17 110 46 10.8078
17 111 225 48.3666
17 112 18 3.7554
17 113 119 23.0028
17 114 3 0.8461
17 115 80 18.5611
17 116 59 14.8655
17 117 31 6.6504
17 118 38 8.4320
17 119 19 3.3846
17 120 1362 341.7706
17 121 103 23.2817
17 122 7 1.3480
17 124 1723 724.3812
17 125 1 0.1730
17 126 266 66.8849
17 127 2 0.3828
17 128 4 0.7098
17 129 7 1.5145
17 130 14 3.3459
17 131 16 3.4016
17 132 7 1.3653
17 133 731 187.8026
17 134 342 69.1582
17 135 1182 332.0842
17 136 21 5.0912
17 137 57 12.8371
17 138 53 10.2671
17 139 5 1.0119
17 140 46 9.7043
17 141 1 0.2375
17 142 317 78.3304
17 143 54 10.8170
17 144 12 2.4875
17 145 60 12.1021
17 146 48 8.8674
17 148 52 10.6497
17 149 1035 286.8917
17 150 65 15.8716
17 151 128 27.7999
17 152 24 4.5198
17 153 153 33.4417
17 154 21 3.7558
17 155 46 10.0137
17 156 41 8.7764
17 157 186 45.5202
17 158 77 15.4718
17 159 361 89.0560
17 160 29 7.8880
17 161 113 24.9513
17 162 1 0.3313
17 163 1872 517.1886
17 164 1 0.2265
17 165 41 10.4273
17 166 11 2.6306
17 167 47 13.1835
17 168 2929 762.6226
17 169 34 8.5809
17 170 1 0.1881
17 171 905 261.4177
17 172 51 9.9279
17 173 48 10.8801
17 174 584 145.7839
17 175 256 67.5646
17 176 1 0.1957
17 177 5 0.9370
17 178 84 15.6504
17 179 396 94.6926
17 180 57 13.3893
17 181 16 2.9033
17 182 38 8.7389
17 183 121 24.2475
17 184 1806 419.7649
17 185 26 5.0687
17 186 2 0.3870
17 187 6 1.2916
17 188 94 17.4746
17 189 120 22.3823
17 191 5 1.0135
17 193 76 15.3862
17 194 3 0.5264
17 195 213 50.0946
17 196 23 4.8585
17 197 1196 291.8715
17 198 3 0.6804
17 199 6 1.3727
17 200 40 7.2635
17 201 16 3.6969
17 202 18 5.0329
17 203 64 14.4853
17 204 23 5.5417
17 205 25 6.5484
17 206 2 0.4053
17 207 10 1.8255
17 208 1 0.2405
17 209 2 0.4494
17 210 198 38.0668
17 211 7 1.4266
17 212 24 4.6927
17 213 463 129.4615
17 214 66 17.5848
17 217 76 17.4602
17 218 1 0.1885
17 220 207 55.1517
17 221 17 3.1466
17 222 91 21.1069
17 223 4 0.8474
17 224 32 6.4902
17 225 93 20.2079
17 226 39 8.0689
17 227 5 1.2578
17 229 17 3.1228
17 230 3 0.5372
17 231 50 9.5318
17 232 25 5.3243
17 233 200 59.2626
17 234 55 9.9999
17 235 48 11.8504
17 236 146 30.3658
17 237 66 13.3578
17 239 159 36.8555
17 240 158 35.4413
17 241 166 39.7102
17 242 4 0.9306
17 243 142 29.8214
17 244 55 12.3078
17 245 813 189.6486
17 246 112 21.9969
17 247 75 15.1617
17 248 585 148.1044
17 249 1 0.1804
17 250 1976 554.9470
17 251 141 32.6590
17 252 1 0.2014
17 253 182 44.4324
17 254 23 4.6210
17 255 296 66.4679
17 257 54 10.2760
17 259 10 2.0692
17 260 70 14.3246
17 261 1 0.1678
17 262 588 147.1090
17 263 3 0.5611
17 264 221 68.9305
17 265 31 5.7117
17 266 255 88.2174
17 267 229 50.5000
17 268 257 49.0964
17 270 24 5.3770
17 272 202 49.6055
17 273 214 48.1922
17 274 25 4.8065
17 275 140 30.0552
17 276 58 13.2486
17 277 19 4.4523
17 278 1370 354.6158
17 279 558 143.3014
17 280 12 2.4021
17 281 48 11.0643
17 282 13 2.4358
17 283 640 148.5426
17 284 93 21.3414
17 285 72 15.5930
17 286 247 63.1388
17 287 173 38.4733
17 288 134 25.5789
17 289 30 7.2400
17 290 8 1.7544
17 291 97 18.2149
17 292 197 38.3610
17 293 26 4.5095
17 294 15 3.8818
17 295 120 25.8668
17 296 23 4.9319
17 297 55 11.4674
17 298 113 29.4422
17 299 122 46.6562
17 300 145 32.9455
17 301 9 1.8042
17 302 64 14.5088
17 303 6 1.2197
17 304 4 0.8087
17 305 1026 259.1596
17 306 56 12.2426
17 307 38 7.0927
17 308 190 47.2330
17 309 778 189.7352
17 310 23 3.9305
17 311 417 98.0924
17 312 390 100.9541
17 313 12 2.3477
17 315 4 0.8286
17 316 14 2.7939
17 317 53 10.0959
17 318 72 18.5850
17 319 20 3.8609
17 321 64 13.3591
17 322 50 10.3729
17 323 592 129.2337
17 324 169 37.7859
17 325 30 5.5367
17 326 2 0.4659
17 327 259 50.7272
17 328 47 8.7752
17 329 62 15.5780
17 330 53 10.6934
17 331 6 1.0941
17 332 344 79.9838
17 333 29 7.3482
17 334 68 12.0192
17 335 400 99.7496
17 336 187 42.3662
17 337 229 44.3635
17 338 13 2.6593
17 339 5 1.0028
17 341 37 8.7542
17 342 59 11.1439
17 343 32 6.1945
17 344 52 9.7074
17 345 1 0.1015
17 346 659 144.6776
17 347 25 5.1454
17 348 8 1.6857
17 349 1 0.1839
17 350 98 20.5013
17 351 1505 379.2626
17 352 30 6.9376
17 353 54 11.9826
17 355 222 47.0793
17 356 115 22.3340
17 357 35 6.7144
17 358 7 1.3964
17 359 20 3.7801
17 360 3600 877.9079
17 361 1823 483.0508
17 362 25 4.7148
17 363 25 4.7120
17 364 18 3.8366
17 365 25 4.6021
17 366 9 1.7429
17 367 14 3.0263
17 368 5 0.8918
17 369 186 48.9612
17 370 31 5.5412
17 371 62 13.4647
17 372 61 11.7222
17 373 283 61.7215
17 375 78 15.4979
17 376 9 2.0053
17 377 18 4.7201
17 378 77 26.9303
17 379 49 8.9372
17 380 36 6.4640
17 381 32 6.5275
17 382 95 18.0163
17 383 148 34.4409
18 0 14 2.6700
18 1 44 7.9704
18 2 8 1.4159
18 3 4 1.1935
18 4 3 0.7327
18 5 7 1.2489
18 7 2 0.4820
18 9 82 20.0135
18 10 164 43.0394
18 11 1238 311.9205
18 12 58 16.0566
18 13 770 185.9350
18 14 19 4.3326
18 15 117 21.9529
18 16 142 31.7155
18 17 36 6.8503
18 18 70 14.1550
18 19 66 15.7953
18 20 49 11.9691
18 21 405 113.1727
18 22 74 18.2210
18 23 24 5.6911
18 24 226 48.6735
18 25 734 179.4633
18 26 20 3.7471
18 27 8 1.5081
18 28 25 4.4081
18 29 17 3.0539
18 30 450 128.8301
18 31 1 0.1800
18 32 34 7.6897
18 33 261 52.3656
18 34 2465 627.3615
18 35 21 4.0517
18 36 2733 789.1721
18 37 39 7.0766
18 38 1408 408.6901
18 39 3 0.5102
18 40 27 5.5821
18 41 14 2.8458
18 42 4 0.8066
18 43 287 68.6364
18 44 153 32.7222
18 45 823 219.1057
18 46 130 32.2084
18 47 274 65.7886
18 48 40 8.3708
18 49 2 0.4297
18 50 1 0.2005
18 51 38 10.1850
18 52 812 189.0289
18 53 173 33.1912
18 54 40 8.2804
18 55 45 8.5246
18 56 139 31.0628
18 57 11 2.0373
18 58 13 2.4169
18 60 18 4.0950
18 61 47 11.7106
18 62 4 0.6655
18 63 8 1.4441
18 64 57 12.9949
18 65 483 122.2632
18 66 2 0.4081
18 68 8 2.0216
18 69 36 9.2512
18 70 43 7.9380
18 71 235 54.4044
18 72 265 58.1560
18 73 20 4.1776
18 74 95 21.9732
18 75 71 21.9516
18 76 5 1.1680
18 77 543 151.3558
18 78 18 4.1494
18 79 45 15.3101
18 80 11 2.0730
18 81 1 0.1414
18 82 7 2.0883
18 83 9 1.6857
18 84 203 43.4895
18 85 4 0.6504
18 86 169 37.1323
18 87 3 0.5929
18 88 46 11.4084
18 89 28 5.4982
18 90 33 6.7538
18 91 799 153.7946
18 92 3 0.5845
18 93 55 13.5281
18 94 12 3.2155
18 95 123 29.3977
18 96 60 13.3777
18 97 3002 874.4014
18 98 63 13.4997
18 99 15 3.7297
18 101 23 5.0111
18 102 8 1.6087
18 103 18 3.7632
18 104 214 51.1988
18 105 5 0.9616
18 106 2274 577.3950
18 107 17 3.4983
18 108 32 6.1923
18 109 34 6.1766
18 110 12 3.4595
18 111 44 8.2935
18 112 32 6.9820
18 113 107 23.0181
18 114 913 230.9725
18 115 29 5.7507
18 116 136 26.5828
18 117 1 0.1701
18 118 13 2.8890
18 119 263 58.2588
18 120 7 1.2762
18 121 12 2.8013
18 122 11 2.3925
18 123 273 61.9184
18 125 117 26.9168
18 126 38 6.8291
18 127 24 5.9386
18 129 11 2.0902
18 130 8 1.6859
18 131 17 3.0642
18 132 33 7.1329
18 133 2763 666.3657
18 134 8 1.6414
18 135 15 2.7472
18 136 40 8.9050
18 138 46 11.1579
18 139 13 2.5588
18 140 48 10.2591
18 141 31 8.4274
18 142 1 0.1821
18 143 38 8.2161
18 144 1575 397.6842
18 145 19 3.6588
18 146 4 0.5671
18 147 258 73.7531
18 148 33 7.0720
18 149 1 0.1823
18 150 31 5.8597
18 151 243 73.1320
18 152 348 86.0925
18 153 63 13.8022
18 154 413 97.9443
18 156 58 15.2596
18 157 1 0.1550
18 158 16 3.2815
18 159 617 157.3653
18 160 13 2.4731
18 162 49 16.5181
18 163 1 0.1608
18 164 28 5.6344
18 165 2 0.3551
18 166 428 105.2285
18 167 591 111.6992
18 168 1 0.1782
18 169 761 181.9626
18 170 35 8.7250
18 171 82 19.4411
18 172 2 0.3117
18 173 1788 501.4771
18 174 1 0.1628
18 175 254 62.3323
18 176 98 27.5275
18 177 3 0.6538
18 178 24 4.3583
18 179 65 15.9952
18 180 294 65.6497
18 181 58 13.5558
18 183 58 13.0493
18 184 24 5.0230
18 185 40 7.6005
18 186 14 2.8357
18 187 9 1.4302
18 188 16 3.0415
18 189 27 5.1550
18 190 233 62.8900
18 191 55 11.1437
18 192 4 0.8551
18 193 22 4.8017
18 194 783 156.7067
18 195 27 6.1060
18 196 74 17.5312
18 198 202 50.8217
18 199 33 7.6833
18 200 79 14.7818
18 201 183 45.0454
18 202 62 15.2827
18 203 1789 473.8665
18 204 102 24.5612
18 205 31 6.5833
18 206 119 26.1347
18 207 238 64.7728
18 208 31 7.9286
18 209 165 36.8048
18 210 1 0.1955
18 211 30 6.8372
18 212 2 0.4293
18 213 7 1.4717
18 214 1417 396.2848
18 216 783 211.2738
18 217 110 25.5374
18 218 20 4.4882
18 219 192 40.1382
18 220 38 7.9351
18 221 87 20.4240
18 222 28 5.9360
18 224 36 8.0086
18 225 419 100.7994
18 226 23 5.2889
18 227 8 1.9494
18 229 76 18.3305
18 230 3 0.6673
18 231 2 0.3994
18 232 124 27.6008
18 233 2 0.4538
18 234 1369 381.9469
18 235 540 158.7145
18 236 24 6.7370
18 237 93 17.3620
18 238 43 7.7686
18 239 13 3.1198
18 240 144 28.9351
18 242 31 7.0260
18 243 33 6.9158
18 244 1268 332.8335
18 245 4 0.9483
18 246 3 0.5973
18 248 4 0.7012
18 249 41 8.0697
18 250 80 16.1071
18 251 33 9.5909
18 252 64 11.9264
18 253 5 0.9046
18 254 1 0.1649
18 255 265 51.7448
18 256 11 2.2208
18 257 90 16.9917
18 258 74 16.1175
18 259 11 2.0925
18 260 17 4.0188
18 261 485 113.4681
18 262 20 3.4761
18 263 878 233.7248
18 264 1 0.1723
18 265 881 194.7135
18 266 34 9.7498
18 267 201 54.0094
18 268 810 211.4271
18 270 19 3.6481
18 271 5 0.9056
18 272 201 45.7237
18 273 2 0.2834
18 274 54 10.8427
18 275 159 39.5526
18 276 31 7.4311
18 277 190 47.7377
18 278 3 0.5679
18 279 1251 316.9241
18 280 4 0.7557
18 281 15 2.6858
18 282 83 15.5812
18 283 550 112.9207
18 284 521 128.5022
18 285 18 3.1362
18 286 1395 367.7850
18 287 20 4.6170
18 288 8 1.8602
18 289 100 19.7832
18 290 21 4.7430
18 291 10 1.7948
18 292 69 17.1096
18 293 96 22.5309
18 294 4 0.7858
18 295 120 29.1305
18 297 6 1.3029
18 298 45 9.1587
18 299 19 4.1777
18 300 158 34.4682
18 301 5 1.2255
18 302 104 21.4621
18 303 4 0.6823
18 304 538 133.6991
18 305 86 16.8186
18 306 3 0.6225
18 307 1 0.2287
18 309 19 4.2532
18 310 47 10.4694
18 311 137 38.1245
18 312 16 2.9868
18 313 63 11.2017
18 314 77 13.8825
18 315 6 1.1250
18 317 108 25.8806
18 318 9 2.1128
18 319 1112 271.9678
18 320 1286 319.4895
18 321 362 83.5023
18 322 37 7.1112
18 323 102 24.1119
18 325 19 3.4340
18 326 3 0.7092
18 327 1 0.1770
18 328 169 45.9036
18 329 28 6.7969
18 330 13 2.6401
18 331 2 0.3910
18 332 90 25.6219
18 333 11 2.1368
18 334 94 21.3711
18 335 153 33.7029
18 336 401 92.7466
18 337 27 5.5879
18 338 112 24.6407
18 339 30 7.4427
18 340 9 1.4974
18 341 565 134.0331
18 342 1 0.2137
18 343 470 142.2541
18 344 7 1.5553
18 345 2 0.4278
18 346 194 45.7495
18 348 50 10.2103
18 350 2 1.5091
18 351 1 0.1931
18 352 10 1.8525
18 354 67 16.0153
18 355 133 30.8118
18 356 5 0.9745
18 357 4 0.9311
18 358 44 8.4247
18 359 88 21.5644
18 360 9 1.7229
18 361 68 16.3524
18 362 31 6.2378
18 364 42 9.3722
18 365 27 5.0002
18 366 707 179.3972
18 367 36 8.7092
18 368 264 58.8905
18 370 107 22.4559
18 371 136 30.4461
18 372 1 0.1891
18 373 2 0.2892
18 374 27 4.9965
18 375 521 102.2649
18 376 5 0.8196
18 377 5 0.8172
18 378 33 6.4505
18 379 754 189.9396
18 380 4 0.8985
18 381 7 1.4597
18 382 18 3.6021
18 383 14 2.9457
19 0 64 12.6390
19 1 32 4.3869
19 2 268 66.4168
19 3 19 3.2709
19 4 60 10.1566
19 5 71 13.6174
19 6 446 119.9050
19 7 28 4.7836
19 8 139 38.8295
19 9 279 54.4443
19 10 4 0.4998
19 11 546 137.5656
19 12 17 2.6921
19 13 25 3.7395
19 14 40 7.8011
19 15 1245 266.3464
19 16 21 5.5538
19 17 96 20.8815
19 18 10 1.4418
19 19 23 4.0150
19 20 1312 323.7317
19 21 37 10.8123
19 22 493 139.7871
19 23 7 0.8878
19 24 9 1.2275
19 25 9 1.2864
19 26 1 0.1084
19 27 20 3.8624
19 28 428 85.6324
19 29 198 43.3870
19 30 139 32.0707
19 31 5 1.7185
19 32 194 36.6495
19 33 60 15.6780
19 34 197 48.6015
19 35 40 9.2560
19 36 13 1.6854
19 37 47 12.0479
19 38 5 0.7321
19 39 3 0.3323
19 40 64 12.1848
19 41 1 0.1510
19 42 89 16.2269
19 43 102 19.6414
19 44 359 110.0894
19 45 321 62.9598
19 46 332 87.8239
19 47 106 31.7283
19 48 744 201.6866
19 49 1515 392.1000
19 50 175 33.6408
19 51 77 15.1751
19 52 13 1.7032
19 53 50 13.3465
19 54 41 7.0222
19 55 3 0.3703
19 56 29 6.3012
19 57 2 0.2874
19 58 49 13.2780
19 59 477 126.1375
19 60 13 2.0113
19 61 257 53.9444
19 62 2024 711.8547
19 63 390 107.4132
19 64 58 12.5526
19 65 13 2.0249
19 66 96 15.2578
19 67 85 20.2393
19 68 585 161.5653
19 69 27 6.0979
19 70 1 0.1334
19 71 57 10.2375
19 72 9 1.2859
19 73 139 40.7785
19 74 678 159.4617
19 75 36 7.2812
19 76 50 8.8287
19 77 25 5.3800
19 78 7 0.9205
19 79 78 15.4081
19 80 637 119.8995
19 81 27 4.7110
19 82 26 4.4659
19 83 340 78.5337
19 84 30 5.8407
19 85 13 2.2681
19 86 67 10.0560
19 87 303 67.9036
19 88 238 68.3131
19 89 347 82.0897
19 90 12 1.9751
19 91 152 45.7495
19 92 824 221.4568
19 93 21 4.4661
19 94 338 73.6818
19 95 17 2.7339
19 96 8 1.0579
19 97 1 0.1955
19 98 59 16.5871
19 99 57 13.0260
19 100 321 70.7316
19 101 189 51.5911
19 102 1435 336.1654
19 103 37 9.4358
19 104 84 22.4892
19 105 144 32.3516
19 106 336 77.5796
19 107 6 0.9119
19 108 7 1.1482
19 109 406 79.7064
19 110 174 34.9173
19 111 29 4.7520
19 112 233 40.2324
19 113 24 5.9968
19 114 39 11.8520
19 115 16 2.1331
19 116 22 4.1364
19 117 354 86.7330
19 118 782 164.3141
19 119 13 1.8907
19 120 31 8.5682
19 121 120 23.4543
19 122 120 28.3991
19 123 15 2.6149
19 124 62 18.8851
19 125 26 3.8320
19 126 374 84.9135
19 127 231 51.4748
19 128 1786 389.9423
19 129 13 1.7381
19 130 24 4.7674
19 131 1069 280.2462
19 132 1 0.1091
19 133 918 239.7190
19 134 28 4.4716
19 135 32 9.0776
19 136 67 16.2403
19 137 136 30.8580
19 138 304 79.0525
19 139 71 13.0280
19 140 346 94.3209
19 141 13 1.8175
19 142 6 0.7213
19 143 242 50.6519
19 145 8 2.0771
19 146 17 2.9820
19 147 43 7.3548
19 148 53 9.2118
19 149 4 0.5787
19 150 492 106.9001
19 151 16 2.6216
19 152 1590 564.0583
19 153 12 1.3452
19 154 353 70.7233
19 155 38 8.7701
19 156 268 70.7288
19 157 319 62.3300
19 158 127 23.7033
19 159 17 4.0305
19 160 54 11.2467
19 161 2 0.3897
19 162 43 7.1131
19 163 21 4.9224
19 164 5 0.6785
19 165 110 19.3101
19 166 77 13.6096
19 167 36 9.0220
19 168 67 16.1348
19 169 235 50.8262
19 170 27 3.9098
19 171 392 98.7940
19 172 16 2.6409
19 173 2 0.2817
19 174 353 86.0934
19 175 19 3.1574
19 176 26 5.9249
19 177 19 2.7208
19 178 640 172.1294
19 179 395 109.8455
19 180 27 3.9519
19 181 19 3.5168
19 182 11 2.1926
19 183 43 9.9709
19 184 10 1.5667
19 185 21 2.7247
19 187 1 0.1496
19 188 124 29.6876
19 189 71 16.3940
19 190 46 11.9241
19 191 15 2.3231
19 192 69 12.5841
19 193 5 0.7068
19 194 2 0.2403
19 195 758 166.3954
19 196 63 12.4080
19 197 115 32.5852
19 198 5 0.8124
19 199 9 1.2212
19 200 225 49.8489
19 201 34 9.2317
19 202 5 0.5675
19 203 34 5.4433
19 204 92 24.5421
19 205 1 0.1602
19 206 1 0.1331
19 207 43 6.1498
19 208 28 3.8903
19 209 9 1.4284
19 210 50 13.5042
19 211 8 0.9816
19 212 385 88.7429
19 213 14 3.3498
19 214 96 24.1818
19 215 73 15.9029
19 216 52 9.5164
19 217 303 107.8596
19 218 42 11.0380
19 219 281 44.5027
19 220 680 192.0925
19 221 1446 443.4358
19 222 43 7.8418
19 223 26 4.4493
19 224 3 0.3356
19 225 30 5.4180
19 226 110 17.4778
19 227 223 49.9676
19 228 69 18.8134
19 229 170 35.6000
19 230 16 2.7700
19 231 1 0.1467
19 232 9 2.6273
19 233 78 14.8437
19 234 643 144.2459
19 235 471 116.6482
19 236 19 3.0176
19 237 32 5.2762
19 238 13 1.8803
19 240 8 1.4817
19 241 37 6.3691
19 242 2 0.3125
19 243 30 5.7459
19 244 97 15.1683
19 245 10 1.7809
19 246 36 6.5469
19 247 209 38.0341
19 248 15 2.8845
19 249 142 30.3867
19 250 890 226.0667
19 251 41 7.7065
19 252 289 82.1939
19 253 54 10.2834
19 254 189 60.5535
19 255 688 151.0144
19 256 5 0.7229
19 257 1 0.1186
19 258 3 0.6356
19 259 48 8.0022
19 260 557 178.7076
19 261 4 0.8226
19 262 131 28.0313
19 263 10 1.0948
19 264 34 6.1354
19 265 272 76.5249
19 266 180 37.4349
19 267 8 1.8203
19 268 12 1.8092
19 269 133 24.5256
19 270 597 163.8178
19 271 297 63.7789
19 272 35 7.1796
19 273 661 151.3112
19 274 1 0.1755
19 275 98 20.1206
19 276 385 98.2716
19 277 12 1.8667
19 278 14 2.5898
19 279 105 25.5694
19 280 57 16.2181
19 281 189 63.3674
19 282 30 5.1447
19 283 94 27.6401
19 284 7 1.0928
19 285 6 0.8752
19 286 17 3.0098
19 287 15 2.2036
19 288 353 94.5641
19 289 362 217.0414
19 290 8 1.3793
19 291 226 48.4737
19 292 41 12.5746
19 293 317 68.7493
19 294 1 0.1843
19 295 519 131.2726
19 296 272 75.0974
19 297 38 6.5146
19 298 37 6.1933
19 299 525 103.1208
19 300 871 218.3321
19 301 5 0.7235
19 302 40 6.1424
19 303 36 8.0604
19 304 140 36.7861
19 305 2050 659.1005
19 306 1310 350.0737
19 307 412 97.5125
19 308 27 7.9856
19 309 79 19.6123
19 310 876 217.2629
19 311 75 14.0693
19 312 203 47.7820
19 313 31 6.0646
19 314 109 21.0614
19 315 75 10.1521
19 316 43 7.7395
19 317 16 2.2903
19 318 9 1.9060
19 319 227 49.5096
19 320 37 5.6154
19 321 2 0.3199
19 322 30 6.1897
19 324 88 17.7427
19 325 17 2.9874
19 326 34 5.1895
19 327 144 29.8433
19 328 218 45.6749
19 329 45 9.5781
19 330 22 6.1647
19 331 11 1.5422
19 332 3 0.4541
19 333 309 76.0999
19 334 23 3.6041
19 335 12 2.7670
19 336 32 7.2040
19 337 73 22.3916
19 338 3 0.3335
19 339 246 59.7518
19 340 74 17.9170
19 341 176 40.3286
19 342 171 32.5056
19 343 51 10.9337
19 344 15 4.3025
19 345 6 0.8506
19 346 15 2.0195
19 347 1 0.1605
19 348 66 12.7923
19 349 140 31.5567
19 350 314 59.0622
19 351 48 11.3087
19 352 49 10.6041
19 353 68 15.6152
19 354 45 6.5700
19 355 182 34.4019
19 356 15 2.9993
19 357 33 4.9515
19 358 34 5.0468
19 359 36 7.9021
19 360 65 15.7421
19 361 75 17.7115
19 362 61 9.5471
19 363 120 23.8398
19 364 10 1.2500
19 365 37 10.0366
19 366 2033 542.7472
19 367 106 23.3933
19 368 513 132.1026
19 369 34 10.6436
19 370 53 35.5654
19 371 62 11.3840
19 372 1 0.1428
19 373 24 2.8012
19 374 505 118.4282
19 375 18 5.5333
19 376 104 23.0822
19 377 14 1.6856
19 378 2 0.3970
19 379 104 24.2685
19 380 21 5.2792
19 381 270 65.7545
19 382 151 33.6683
19 383 1267 309.3355
20 0 2 0.3021
20 1 18 3.7360
20 2 2 0.3822
20 3 23 5.9988
20 4 26 6.3274
20 5 1 0.2177
20 6 179 38.8884
20 7 398 109.1849
20 8 15 4.4845
20 10 96 22.8580
20 11 3 0.4906
20 12 1 0.1846
20 13 3 0.4930
20 14 146 34.6018
20 15 79 18.7531
20 16 381 86.5243
20 17 5 0.8437
20 18 85 22.1398
20 19 529 130.3701
20 20 10 1.9216
20 21 10 1.9241
20 23 13 3.1458
20 25 14 3.6701
20 26 26 6.0255
20 27 23 5.8225
20 28 75 17.1091
20 29 33 7.9235
20 30 31 7.2448
20 31 593 157.8953
20 32 849 180.7803
20 33 22 5.3242
20 34 4 1.0962
20 35 25 5.4543
20 36 3 0.7107
20 37 8 2.3129
20 38 5 0.8565
20 40 16 3.3558
20 41 3 0.6747
20 42 549 158.7951
20 43 87 19.9764
20 44 27 7.9786
20 45 16 2.8638
20 46 20 6.4132
20 47 222 48.0159
20 48 34 8.5917
20 49 37 7.9083
20 50 2 0.3263
20 51 119 24.5909
20 52 5 0.9649
20 53 22 4.5589
20 55 13 2.9581
20 56 7 1.5023
20 57 1 0.2195
20 59 13 2.8613
20 60 3 0.7664
20 61 50 12.3411
20 62 20 4.1002
20 63 1 0.2301
20 64 6 1.6806
20 65 20 4.2173
20 67 53 15.4459
20 68 35 6.6745
20 69 19 4.2177
20 70 44 9.7056
20 71 4 0.8479
20 72 104 25.7001
20 74 10 2.0436
20 75 38 8.0195
20 76 2 0.3843
20 77 1 0.2310
20 78 231 61.0171
20 79 3 0.8360
20 80 5 0.8918
20 82 2 0.4542
20 83 18 3.6026
20 85 20 6.4382
20 86 52 12.1617
20 87 15 3.9004
20 88 9 1.8970
20 89 7 1.2997
20 90 2 0.4204
20 93 6 1.2682
20 95 7 1.0967
20 96 7 2.5651
20 97 33 9.7085
20 98 20 4.5406
20 99 13 2.6462
20 101 16 2.9057
20 103 33 7.3941
20 104 1 0.2369
20 105 5 1.2719
20 107 9 1.7726
20 108 13 3.7966
20 109 1788 480.6942
20 110 28 7.2235
20 111 1 0.1454
20 112 1 0.1248
20 113 5 1.1811
20 115 18 4.2311
20 116 305 81.1444
20 117 1 0.2537
20 118 126 28.5872
20 120 1 0.2111
20 122 88 20.1726
20 124 30 8.1024
20 126 25 6.4247
20 128 28 5.9894
20 129 157 40.1359
20 130 1 0.1790
20 131 5 0.9641
20 132 17 4.3733
20 133 10 2.1530
20 134 1 0.2426
20 135 26 6.2637
20 136 34 6.3998
20 137 11 2.5297
20 138 28 7.0559
20 139 3 0.5559
20 140 2 0.4676
20 141 2 0.4121
20 142 3 0.5985
20 143 21 4.1277
20 144 15 3.4532
20 145 256 80.9306
20 146 5 0.9343
20 147 238 57.3615
20 148 27 8.4949
20 150 211 57.7415
20 151 153 35.1174
20 152 5 0.9790
20 153 23 5.9928
20 154 7 1.7237
20 156 84 21.2260
20 158 26 5.5808
20 161 6 1.5496
20 162 4 0.7875
20 163 6 1.9035
20 164 261 70.1380
20 165 79 17.8635
20 167 30 7.2923
20 168 2 0.2724
20 169 133 36.2553
20 170 32 6.8827
20 171 3 0.6282
20 172 1 0.1861
20 174 81 17.1203
20 175 49 10.3769
20 176 6 1.8049
20 177 5 0.9356
20 178 21 5.1606
20 180 12 2.5359
20 181 1 0.1953
20 182 10 2.0928
20 183 12 2.4200
20 184 9 1.6350
20 185 39 8.9904
20 186 13 2.6240
20 187 292 78.3434
20 189 31 7.3271
20 190 14 4.1133
20 192 8 1.9310
20 193 1 0.1949
20 194 1 0.2126
20 196 52 11.6319
20 197 5 1.1378
20 199 7 1.4696
20 200 1 0.1982
20 201 37 9.2627
20 202 6 1.4526
20 204 28 5.8200
20 205 15 3.4856
20 206 11 3.1783
20 208 50 10.2622
20 210 172 41.4523
20 211 93 21.7451
20 213 122 35.5850
20 214 12 3.9042
20 215 27 6.2215
20 216 10 3.0509
20 217 18 6.9596
20 218 8 1.5962
20 219 7 1.4834
20 220 14 4.0242
20 221 4 0.8450
20 223 70 16.4108
20 224 14 3.8983
20 225 280 67.4545
20 226 2 0.3526
20 227 77 16.7769
20 228 51 12.3165
20 229 25 6.1803
20 230 12 3.5385
20 231 75 17.5553
20 232 5 1.0082
20 233 11 2.2820
20 234 20 4.9582
20 236 8 2.2473
20 237 2 0.4581
20 238 15 3.4566
20 239 2 0.4244
20 240 12 2.6005
20 241 6 1.4004
20 242 5 0.7111
20 244 23 7.1960
20 245 57 12.5892
20 246 5 0.9447
20 247 1 0.2155
20 248 96 27.7687
20 249 3 0.6552
20 250 20 3.9257
20 251 4 0.8851
20 252 6 1.0804
20 253 32 8.3431
20 254 19 4.0468
20 255 20 5.2307
20 256 6 1.2794
20 257 156 44.7564
20 258 72 15.6803
20 259 18 3.9507
20 261 522 148.2874
20 262 5 0.9770
20 263 1 0.2280
20 264 8 1.8300
20 265 5 1.1083
20 266 22 4.8450
20 267 32 9.6272
20 268 4 0.8424
20 269 13 2.9793
20 270 1 0.2245
20 271 5 1.0741
20 272 22 4.9884
20 273 49 10.2325
20 274 344 98.0689
20 275 93 24.6476
20 276 19 5.0623
20 278 51 17.1136
20 279 148 31.6574
20 280 2 0.3412
20 281 1 0.1651
20 282 290 84.9085
20 283 18 3.7955
20 284 18 3.8248
20 285 2 0.4144
20 286 87 21.2984
20 287 23 5.4727
20 288 23 4.2901
20 289 1 0.2087
20 290 50 12.7752
20 292 336 90.8814
20 294 12 2.3780
20 295 34 11.0559
20 296 46 9.5528
20 297 10 1.8048
20 299 15 3.4203
20 300 3 0.5975
20 301 2 0.3653
20 302 5 0.9648
20 303 2 0.3851
20 304 40 10.5549
20 305 227 45.6755
20 306 9 1.9888
20 307 432 96.1557
20 309 222 74.5435
20 312 24 5.0592
20 313 14 3.9137
20 314 156 45.8533
20 315 6 1.1860
20 317 99 26.7522
20 318 24 5.2629
20 320 84 16.0513
20 321 5 0.9786
20 322 28 7.3418
20 324 5 1.0013
20 325 11 2.5024
20 326 21 6.9566
20 327 21 5.2036
20 328 12 3.9244
20 329 129 32.1115
20 330 3 0.7062
20 331 48 11.5259
20 332 109 24.2690
20 333 6 1.2872
20 334 26 5.6985
20 335 14 2.7149
20 336 28 7.1043
20 337 21 6.1788
20 338 88 18.3064
20 339 13 3.0971
20 340 42 13.6061
20 341 21 5.4890
20 342 1 0.1922
20 343 50 10.2809
20 344 25 7.3161
20 345 21 4.3376
20 346 1 0.1941
20 347 12 2.6612
20 348 9 1.8979
20 349 31 6.2326
20 350 10 2.1779
20 351 2098 465.4579
20 352 483 124.3705
20 353 13 3.9550
20 355 7 2.1890
20 357 6 1.2244
20 359 361 97.0536
20 360 309 88.7648
20 362 35 7.4437
20 363 8 2.0365
20 364 3 0.6606
20 365 1 0.3351
20 367 23 5.0906
20 368 9 2.0742
20 369 1 0.1382
20 370 151 44.7172
20 371 7 1.2247
20 372 10 2.0546
20 374 4 0.7974
20 376 8 1.6653
20 377 1 0.1690
20 378 6 1.4156
20 379 6 1.2044
20 380 17 3.5695
20 381 6 1.1673
20 382 1 0.1944
20 383 49 10.0020
21 0 56 12.6373
21 1 7 1.5773
21 2 2 0.4899
21 3 83 18.9166
21 5 29 5.9620
21 6 35 7.9192
21 7 3 0.6127
21 8 353 79.4026
21 9 39 9.0271
21 10 2 0.4470
21 11 19 4.0836
21 12 17 4.0201
21 13 3 0.8254
21 14 4 1.4060
21 15 100 29.9982
21 16 23 5.1778
21 18 12 2.6531
21 19 1 0.1714
21 20 7 1.5443
21 21 11 2.6100
21 22 108 26.7573
21 23 1 0.1374
21 24 96 23.4893
21 25 1 0.2190
21 26 12 3.5626
21 28 3 0.7422
21 29 20 4.0494
21 30 59 14.5696
21 31 302 69.6648
21 33 28 7.1613
21 34 2 0.4708
21 35 1 0.3054
21 36 27 7.1447
21 37 21 3.9514
21 38 1 0.2748
21 39 13 2.7280
21 40 7 1.7046
21 41 6 1.8598
21 42 85 21.2387
21 43 13 2.6745
21 44 44 9.3853
21 45 16 3.3885
21 46 3 0.6833
21 47 25 6.6090
21 48 31 7.9014
21 49 2 0.4286
21 50 67 16.8620
21 51 72 18.9767
21 52 3 0.6543
21 54 187 51.8367
21 55 14 3.7455
21 56 17 4.2497
21 57 12 3.2800
21 58 114 33.6635
21 59 143 32.7027
21 60 25 6.6526
21 61 140 38.0759
21 63 20 4.1991
21 66 36 7.7748
21 67 33 7.7598
21 68 7 1.5766
21 69 42 8.8655
21 70 63 16.0563
21 71 1 0.2090
21 72 291 67.0748
21 73 7 1.4008
21 75 1 0.2287
21 77 39 8.4544
21 78 1 0.2060
21 79 7 1.6035
21 80 8 1.6142
21 81 31 6.7015
21 82 50 9.6005
21 84 14 3.6661
21 86 35 9.9841
21 87 1 0.2802
21 88 12 2.9627
21 89 263 62.9314
21 90 1 0.2103
21 91 1 0.2258
21 92 1 0.2127
21 93 17 4.5201
21 95 23 4.8602
21 96 5 0.9827
21 97 9 2.7803
21 100 159 51.7981
21 101 5 1.6663
21 102 26 9.1177
21 103 19 4.2890
21 104 17 6.3134
21 105 21 3.7138
21 106 38 9.0623
21 107 2 0.3110
21 108 52 12.5645
21 109 4 0.8432
21 110 66 16.4281
21 111 2 0.4362
21 112 55 15.2605
21 114 18 4.1628
21 115 67 21.9450
21 116 97 35.0768
21 117 1 0.1995
21 118 13 2.8288
21 119 1 0.2165
21 120 47 11.4793
21 121 30 6.2435
21 122 7 1.3975
21 124 9 3.2727
21 125 11 3.2576
21 126 6 1.2968
21 127 7 1.4268
21 129 35 8.3978
21 130 75 19.2662
21 131 74 19.5834
21 132 16 4.1767
21 134 227 57.4913
21 135 142 40.1973
21 136 118 27.6404
21 137 443 98.6055
21 138 106 23.3704
21 139 133 28.1337
21 140 20 4.3307
21 141 28 6.8280
21 142 36 7.2920
21 143 111 24.7565
21 145 16 3.5550
21 146 20 4.7232
21 147 6 1.2983
21 148 1 0.1978
21 150 11 2.1650
21 151 105 25.6723
21 152 8 1.8132
21 154 6 1.3713
21 155 11 3.2103
21 156 7 1.4880
21 157 95 21.7794
21 158 95 24.1693
21 159 36 9.1359
21 160 196 53.3837
21 161 30 6.7099
21 162 14 3.1210
21 163 167 51.7911
21 164 35 9.0292
21 165 27 7.1220
21 166 2 0.4438
21 167 12 2.3158
21 168 19 4.1304
21 171 94 20.1687
21 172 4 1.1406
21 173 23 4.8619
21 175 18 4.6642
21 176 32 9.0232
21 178 6 1.2223
21 179 12 2.0875
21 181 453 102.6013
21 183 1 0.1970
21 184 319 87.7520
21 185 8 2.4846
21 186 16 4.0099
21 187 28 8.5036
21 188 80 21.0535
21 189 4 0.7934
21 190 11 2.5365
21 191 41 9.4719
21 192 189 50.7455
21 193 5 1.0959
21 194 14 3.4683
21 195 3 0.6263
21 196 19 4.4704
21 197 4 1.0502
21 198 1 0.2132
21 199 2 0.4065
21 200 229 74.2241
21 201 20 4.1908
21 202 7 1.4640
21 203 19 3.7620
21 204 5 1.0794
21 205 74 16.3915
21 206 52 12.3717
21 208 176 38.0621
21 209 5 1.5559
21 210 883 223.1208
21 214 33 6.6966
21 215 29 9.0679
21 219 17 3.8343
21 220 21 4.3374
21 221 8 1.6300
21 224 33 7.4050
21 225 175 38.9431
21 226 33 9.6217
21 227 127 28.8206
21 228 15 3.5956
21 229 5 1.1497
21 230 1 0.2095
21 231 5 1.0923
21 232 10 2.1184
21 234 3 0.6247
21 235 1 0.2193
21 236 11 2.9270
21 237 15 4.0177
21 239 7 1.5860
21 240 13 3.8977
21 242 1 0.2338
21 243 18 4.9325
21 244 4 0.7089
21 245 2 0.3623
21 246 1 0.1973
21 247 4 0.9478
21 248 5 0.9454
21 249 30 6.0190
21 250 19 5.2402
21 251 1082 271.2628
21 252 4 0.9493
21 254 22 5.9055
21 255 18 3.8391
21 257 631 169.8957
21 258 26 8.2294
21 260 22 6.1922
21 261 13 2.6452
21 262 2 0.4503
21 263 10 3.0404
21 264 12 2.6952
21 265 2 0.6118
21 268 20 4.4266
21 269 218 60.3862
21 270 2 0.3804
21 272 95 21.3901
21 274 13 3.1013
21 275 11 2.9282
21 276 25 5.3292
21 278 17 4.5302
21 280 23 5.0771
21 281 55 12.5692
21 282 541 123.8234
21 283 1 0.1891
21 284 1 0.2282
21 285 63 15.2294
21 286 7 1.4699
21 287 1 0.2008
21 288 1 0.2184
21 289 32 7.7853
21 290 15 3.2626
21 291 3 0.6803
21 292 17 4.1331
21 293 3 0.7144
21 296 83 19.7503
21 297 5 1.1963
21 299 41 11.1100
21 300 8 1.8312
21 301 24 5.2373
21 304 4 0.9297
21 305 39 8.7486
21 306 1 0.1182
21 308 11 2.0313
21 309 28 6.4099
21 310 26 5.4081
21 311 12 2.6216
21 312 3 0.6166
21 313 10 2.0765
21 315 30 10.4893
21 317 7 1.4355
21 318 6 2.2445
21 319 82 19.0746
21 321 1 0.2353
21 322 5 1.0625
21 323 5 1.1978
21 324 329 92.9729
21 325 4 0.8581
21 326 2 0.4111
21 327 1917 529.3394
21 329 43 10.7852
21 330 10 1.9976
21 331 14 2.9610
21 332 2 0.3621
21 333 2 0.4380
21 334 1 0.2694
21 335 69 19.3096
21 336 9 2.9389
21 337 74 18.6357
21 338 143 32.4546
21 339 4 0.7907
21 340 8 1.5479
21 341 136 31.4721
21 342 1 0.2515
21 343 7 2.4648
21 345 1 0.2254
21 346 24 5.3629
21 347 11 2.7758
21 348 1 0.1957
21 349 42 9.9635
21 350 25 9.7228
21 351 57 14.0460
21 352 6 1.3571
21 353 9 2.3763
21 354 1 0.2125
21 355 8 1.7556
21 356 10 2.5322
21 357 15 3.8246
21 358 148 34.6711
21 359 1 0.1826
21 360 1 0.2323
21 361 10 2.1111
21 363 8 1.8635
21 364 10 2.1621
21 365 5 1.6084
21 367 170 37.2942
21 368 1289 297.0926
21 369 151 33.2264
21 371 7 1.5450
21 373 1083 262.1308
21 374 30 7.0947
21 375 87 22.2858
21 376 5 1.4397
21 377 60 14.3439
21 378 25 5.4108
21 379 44 10.9670
21 380 99 20.7026
21 381 72 27.6828
21 382 60 15.4048
21 383 5 0.9080
22 0 1 0.2280
22 1 10 2.6556
22 2 215 48.8264
22 3 13 2.8500
22 4 20 4.3763
22 5 4 0.7183
22 6 199 44.3330
22 7 6 1.1343
22 8 12 2.8458
22 9 13 3.8278
22 10 69 14.8789
22 12 28 8.0996
22 13 1 0.2563
22 17 1 0.2071
22 19 5 1.5782
22 20 1 0.1895
22 21 14 2.9162
22 22 44 9.1399
22 23 3 0.8481
22 25 6 1.3790
22 26 10 2.2452
22 27 98 22.3606
22 28 30 7.9861
22 29 12 2.3970
22 32 5 1.6095
22 33 6 1.1193
22 34 14 3.7473
22 36 8 1.8696
22 38 1 0.1936
22 39 37 7.7182
22 40 1 0.1933
22 42 7 1.2752
22 43 7 1.5351
22 44 256 71.1345
22 48 12 3.2572
22 49 1 0.1525
22 50 47 11.8421
22 51 3 1.0218
22 52 67 16.3062
22 53 54 12.4333
22 55 2 0.4440
22 56 1 0.2818
22 57 125 28.2535
22 58 9 2.6953
22 59 3 0.4207
22 60 4 0.8651
22 61 4 0.8828
22 62 83 18.1257
22 63 8 2.0126
22 64 3 0.6565
22 65 1 0.2094
22 67 5 1.2406
22 68 398 93.5511
22 69 337 70.3477
22 70 4 0.9061
22 72 324 76.1590
22 73 18 4.9766
22 74 17 3.7189
22 77 46 13.7529
22 78 92 20.3884
22 79 19 4.1794
22 81 15 3.1659
22 82 6 1.1589
22 83 1 0.1667
22 84 230 70.2405
22 85 113 31.6629
22 86 17 4.4726
22 87 238 67.3687
22 88 2 0.4081
22 90 2 0.7069
22 91 7 2.3849
22 92 1 0.1855
22 93 22 4.6082
22 95 19 4.8247
22 96 8 2.3799
22 97 9 2.4433
22 99 56 12.4914
22 100 46 9.6916
22 101 19 4.1983
22 102 1 0.1946
22 104 1 0.2062
22 107 764 202.3210
22 109 5 1.0357
22 110 38 9.3250
22 111 3 0.7491
22 112 16 3.3479
22 113 2 0.4250
22 114 3 0.6307
22 115 12 3.1644
22 116 5 1.0489
22 117 13 3.1847
22 118 1101 340.2331
22 120 4 0.6301
22 121 294 68.4266
22 123 5 1.5691
22 125 84 23.8886
22 126 4 1.0474
22 127 84 17.1194
22 128 74 25.4084
22 130 15 3.7680
22 131 262 57.6468
22 132 54 11.2422
22 133 62 13.3775
22 135 1 0.1679
22 136 4 1.2678
22 137 1 0.2374
22 138 16 3.7998
22 139 40 8.6006
22 140 265 55.1445
22 141 38 11.7940
22 143 1 0.2283
22 144 13 2.8765
22 145 9 2.5687
22 146 5 1.5427
22 147 117 25.4452
22 148 17 3.8540
22 150 100 21.3673
22 151 64 14.1189
22 152 1 0.2449
22 153 13 3.1496
22 154 68 14.1389
22 155 105 23.8573
22 156 3 0.6841
22 157 7 1.5018
22 158 513 133.2201
22 159 209 49.3960
22 160 4 1.1232
22 162 14 3.4955
22 163 10 2.1857
22 166 28 6.4881
22 167 2 0.5038
22 168 15 3.7322
22 169 5 1.0399
22 170 3 0.7593
22 171 7 1.7685
22 172 40 9.6126
22 173 41 11.8956
22 174 47 10.8875
22 175 6 1.4301
22 176 11 3.0453
22 177 31 6.6305
22 178 87 17.5637
22 179 165 37.0997
22 180 62 17.6119
22 181 4 0.8258
22 182 189 41.4365
22 183 2 0.4373
22 184 158 60.4115
22 185 73 15.6792
22 186 7 1.4075
22 191 1 0.2557
22 192 29 9.1931
22 193 84 18.3754
22 194 18 3.7596
22 195 7 1.4538
22 198 22 6.2995
22 199 27 7.2216
22 200 13 3.6555
22 201 1 0.1966
22 202 36 6.8923
22 203 6 1.0946
22 204 7 1.3895
22 205 10 2.2653
22 206 23 6.4526
22 207 12 3.5095
22 208 69 14.3697
22 209 1 0.2428
22 210 39 10.1964
22 211 12 2.3736
22 212 1 0.2490
22 213 12 2.7027
22 214 62 14.1424
22 215 99 21.0127
22 216 1 0.1732
22 217 1 0.2135
22 218 6 1.4333
22 219 117 27.7989
22 220 1 0.1474
22 221 248 57.0102
22 223 2 0.3798
22 225 76 19.8257
22 226 1 0.2592
22 227 12 2.6708
22 228 110 22.7090
22 229 5 0.9583
22 230 66 15.0180
22 231 1 0.3109
22 232 3 0.6681
22 233 110 30.6676
22 234 261 58.9405
22 235 60 14.7148
22 236 93 27.3174
22 238 132 27.5349
22 239 1 0.2820
22 240 23 4.5206
22 241 3 0.7330
22 242 39 11.0622
22 243 3 0.6841
22 244 16 3.4362
22 245 37 8.2100
22 248 7 1.4675
22 249 1 0.3072
22 250 104 32.6386
22 251 14 4.0073
22 253 56 17.8041
22 254 5 1.0770
22 255 1 0.1876
22 257 21 4.9746
22 258 7 1.4779
22 259 93 21.7126
22 260 8 1.6661
22 261 17 3.6376
22 263 37 8.1274
22 264 6 1.3960
22 265 3 0.5588
22 266 2 0.3444
22 267 1 0.1797
22 268 9 1.8064
22 269 65 16.4883
22 271 52 11.4105
22 272 8 2.4803
22 273 2 0.5073
22 274 45 10.1613
22 275 100 19.1490
22 277 641 160.4258
22 278 23 5.6206
22 279 19 5.5246
22 280 26 8.3034
22 281 15 3.5645
22 282 6 1.0949
22 284 3 0.6165
22 285 1 0.2752
22 286 44 11.3634
22 287 25 5.5485
22 288 2 0.4195
22 289 12 2.5721
22 290 8 1.6128
22 293 499 110.8028
22 294 33 7.1462
22 295 27 6.8838
22 296 145 32.3741
22 297 10 2.1697
22 298 20 3.7282
22 299 2 0.3961
22 300 4 1.2010
22 301 4 1.0653
22 302 8 1.8342
22 303 7 1.5088
22 304 41 9.6861
22 306 1 0.1667
22 307 3 0.8306
22 308 12 2.4720
22 311 37 7.4088
22 312 1 0.2276
22 313 50 11.5988
22 314 2 0.4875
22 316 185 38.5830
22 317 21 5.7720
22 318 20 5.4253
22 319 5 1.6715
22 320 215 48.0289
22 321 13 2.6075
22 322 18 3.9204
22 324 9 1.8819
22 325 3 0.6217
22 326 310 66.0367
22 327 57 12.4500
22 328 83 18.4685
22 329 5 1.1696
22 330 80 19.0770
22 331 2 0.4060
22 334 100 28.9510
22 335 473 125.1467
22 336 5 1.1633
22 337 186 41.7668
22 338 8 1.7196
22 339 10 1.3944
22 340 7 1.8894
22 341 30 6.3839
22 342 14 2.9173
22 344 32 7.2395
22 345 18 3.8884
22 346 3 0.5878
22 347 50 11.0267
22 348 20 5.2231
22 349 14 2.3017
22 350 48 12.8967
22 351 70 15.1924
22 352 2 0.3259
22 353 2 0.3841
22 354 131 37.9080
22 356 10 2.2548
22 357 4 0.8007
22 358 4 0.8322
22 359 24 5.0484
22 360 4 0.9023
22 362 6 1.6274
22 363 46 9.6185
22 364 157 50.6799
22 365 24 5.1835
22 366 25 6.8694
22 367 13 3.8544
22 368 11 2.4351
22 369 3 0.5111
22 370 63 12.4095
22 371 371 101.0198
22 372 6 1.3073
22 373 1863 531.7455
22 374 61 15.1082
22 375 1 0.2477
22 376 290 65.2078
22 377 39 8.1082
22 378 14 3.5637
22 379 7 1.4132
22 380 113 26.8508
22 381 60 18.2187
22 382 8 1.4688
22 383 272 62.0779
23 0 26 5.3282
23 1 6 1.2383
23 2 3 0.5760
23 3 1 0.2775
23 4 72 14.4318
23 5 16 4.2394
23 6 58 17.8582
23 7 24 4.8822
23 8 8 1.3194
23 9 4 0.9139
23 10 29 7.9030
23 11 7 1.6412
23 12 10 2.2061
23 13 6 2.1229
23 14 10 2.6350
23 15 7 1.5346
23 16 19 4.2174
23 17 176 42.9590
23 18 4 1.0277
23 19 6 1.1229
23 20 217 48.6503
23 21 1 0.2044
23 22 3 0.7942
23 23 1 0.1882
23 24 10 3.1111
23 25 48 9.7637
23 26 273 57.7093
23 27 62 19.3072
23 28 2 0.3486
23 29 351 85.9976
23 30 4 1.3354
23 32 5 1.5712
23 33 19 3.7044
23 34 3 0.4693
23 35 28 4.3073
23 36 3 0.3802
23 37 138 29.4195
23 38 28 5.5601
23 40 14 5.2033
23 41 38 8.5099
23 42 1 0.2172
23 43 12 2.5473
23 44 3 1.1600
23 45 40 13.1990
23 46 22 4.5860
23 47 8 1.5306
23 48 266 77.2758
23 49 17 6.5995
23 50 176 34.6686
23 51 17 3.5210
23 52 13 3.8730
23 53 5 0.9418
23 54 17 4.1275
23 55 11 2.9364
23 56 4 1.2883
23 57 115 35.7612
23 58 3 0.5891
23 59 4 1.0780
23 61 17 3.6233
23 62 8 2.0939
23 63 1 0.1616
23 64 38 9.7197
23 65 5 1.0957
23 66 30 10.7386
23 67 51 13.8093
23 68 17 3.9868
23 69 20 4.3265
23 70 1 0.1792
23 71 6 1.1168
23 72 18 3.1034
23 73 30 6.0924
23 74 7 1.6086
23 75 1 0.3458
23 76 9 2.6717
23 77 4 0.8933
23 78 8 2.5530
23 79 10 3.1415
23 80 15 3.7701
23 81 21 3.9739
23 82 8 1.5450
23 84 21 4.1769
23 85 12 2.5012
23 86 9 2.4133
23 87 8 2.5529
23 88 21 7.5005
23 90 24 5.4255
23 91 365 75.1984
23 92 55 15.2312
23 93 4 0.7217
23 94 10 2.1303
23 95 75 21.8704
23 96 30 6.4010
23 97 1451 356.1436
23 98 17 3.2643
23 99 1 0.2431
23 100 14 3.0747
23 101 19 4.0518
23 102 4 0.8230
23 103 69 17.2793
23 104 21 4.3785
23 105 3 0.5584
23 106 57 11.6878
23 107 10 2.0227
23 108 9 1.7771
23 109 22 5.6883
23 110 43 12.1962
23 111 5 1.2750
23 112 25 7.8321
23 113 114 35.8087
23 114 2 0.3159
23 115 7 1.5060
23 116 31 7.6323
23 118 18 4.1756
23 119 15 4.0988
23 120 61 12.0646
23 121 10 2.6646
23 122 7 1.5203
23 123 5 1.5392
23 125 14 3.4543
23 126 38 8.4646
23 127 16 4.0168
23 128 367 79.4854
23 129 7 1.6220
23 130 15 3.3314
23 131 46 13.1168
23 132 6 1.2991
23 133 37 7.9116
23 134 23 4.8233
23 135 23 4.9102
23 136 3 0.5293
23 137 39 8.5120
23 139 21 5.9329
23 140 1 0.3352
23 141 7 1.3908
23 142 14 2.7405
23 143 36 10.0430
23 144 9 2.0391
23 145 2 0.3412
23 146 5 1.6861
23 147 67 15.1560
23 148 4 1.2425
23 149 180 55.4945
23 150 10 2.2780
23 151 61 16.9475
23 152 299 87.4244
23 153 4 0.7374
23 154 52 14.3195
23 155 24 5.2668
23 156 9 3.1195
23 157 16 5.0453
23 158 1 0.1774
23 159 2 0.2810
23 160 140 34.9392
23 162 22 5.3661
23 163 41 13.0229
23 164 53 13.1332
23 165 13 3.1285
23 166 14 3.4956
23 167 25 8.5030
23 168 40 8.3372
23 169 9 1.7820
23 170 6 1.2949
23 171 21 4.1234
23 172 7 2.3605
23 173 1 0.1763
23 174 14 2.8880
23 175 7 1.3114
23 176 13 2.6534
23 177 20 3.8982
23 178 1 0.3690
23 179 5 1.0365
23 180 40 8.7019
23 181 4 1.1584
23 182 6 1.3500
23 183 6 1.4633
23 185 5 1.0023
23 186 8 1.7019
23 187 33 8.3256
23 188 29 7.2870
23 189 67 18.1830
23 190 8 1.9576
23 191 67 18.0789
23 192 4 1.7350
23 193 1 0.1784
23 195 23 4.7912
23 196 108 72.3851
23 197 38 7.7746
23 199 17 4.5617
23 200 4 0.8167
23 201 18 4.1245
23 202 17 3.4509
23 204 2 0.3895
23 205 1939 539.3646
23 206 39 8.5742
23 207 57 13.9731
23 208 18 5.4063
23 209 57 11.9483
23 210 10 2.2872
23 211 10 2.7269
23 212 13 3.0300
23 213 3 1.0831
23 214 4 1.0613
23 215 9 1.8237
23 216 11 2.9166
23 217 4 0.7011
23 218 13 3.5759
23 219 652 161.9206
23 220 42 8.4898
23 222 23 7.5597
23 223 6 1.1709
23 224 1297 296.9522
23 225 10 2.4713
23 226 15 3.1824
23 227 1 0.2144
23 228 3 0.6147
23 230 1 0.1722
23 231 30 6.5395
23 233 1 0.1895
23 235 27 4.6789
23 236 17 2.8870
23 237 2 0.3897
23 238 1 0.2038
23 239 1 0.1744
23 240 3 0.6693
23 242 74 19.2334
23 243 66 15.6738
23 245 35 7.1061
23 247 10 4.0989
23 249 2 0.3653
23 250 1 0.2446
23 251 10 1.6620
23 254 6 1.5513
23 255 176 37.0100
23 256 80 16.3531
23 257 106 22.3085
23 258 11 2.6475
23 259 6 1.1983
23 260 35 8.6685
23 262 2 0.3213
23 263 17 3.5547
23 264 6 1.9583
23 265 22 4.5453
23 266 256 65.5513
23 267 3 0.8696
23 268 16 3.1719
23 269 5 1.5442
23 270 15 2.6951
23 271 407 93.7716
23 272 10 2.2104
23 273 51 11.4620
23 274 28 6.1237
23 275 27 5.0337
23 276 14 2.3366
23 277 380 97.3824
23 278 4 1.3925
23 279 26 11.2099
23 281 6 1.9169
23 282 18 4.0772
23 283 90 18.3515
23 284 17 3.9041
23 285 45 10.7582
23 286 6 1.5732
23 287 2 0.5938
23 288 3 0.6187
23 290 4 0.7574
23 291 27 8.9657
23 292 28 5.2334
23 293 6 1.5655
23 294 48 13.0650
23 295 6 1.2325
23 296 20 7.4009
23 297 4 0.8582
23 298 16 3.5826
23 299 16 3.1706
23 300 12 2.9626
23 301 5 1.1935
23 302 3 0.3880
23 304 11 3.1021
23 305 157 57.2080
23 306 27 5.7197
23 307 3 0.4980
23 308 3 0.6152
23 309 10 2.0099
23 311 2 0.3755
23 312 2 0.3758
23 313 12 4.1522
23 315 65 14.0853
23 316 20 6.3781
23 317 62 12.3368
23 318 6 1.3223
23 319 1 0.4173
23 320 267 54.7400
23 322 66 18.1228
23 324 8 1.6840
23 325 14 3.4496
23 326 14 2.9574
23 328 3 0.6697
23 329 18 4.2028
23 330 1 0.2400
23 331 10 1.7120
23 332 150 32.5443
23 333 25 6.5973
23 334 48 10.7235
23 335 116 24.2597
23 336 27 5.4097
23 338 6 1.2906
23 339 8 2.7086
23 341 3 0.5037
23 342 1 0.3230
23 343 1 0.3253
23 344 27 5.8688
23 345 59 12.9947
23 346 13 2.7938
23 347 42 8.4320
23 348 41 8.3014
23 349 14 2.9438
23 350 1 0.2354
23 351 2 0.3677
23 352 2 0.4510
23 353 5 0.9649
23 354 18 3.8589
23 355 6 1.1053
23 356 46 9.0649
23 357 40 9.1750
23 358 2061 532.4370
23 360 9 1.6641
23 361 27 6.4988
23 362 29 5.7646
23 363 8 1.9184
23 364 34 9.1810
23 365 7 1.8548
23 366 67 13.2873
23 367 77 15.6281
23 368 28 7.0627
23 370 18 4.9170
23 372 84 36.2400
23 374 30 6.3359
23 375 33 7.0186
23 376 3 0.8886
23 377 17 4.2368
23 378 3 0.8021
23 381 6 1.1118
23 382 33 6.7043
23 383 29 5.9351
24 0 40 8.3578
24 2 204 46.4186
24 3 53 11.9893
24 4 2 0.5436
24 5 61 14.8810
24 6 23 5.5040
24 7 44 9.8060
24 8 17 3.8703
24 9 2 0.4629
24 10 784 192.4713
24 11 18 3.9796
24 12 6 0.8977
24 13 53 11.6249
24 14 12 3.3905
24 15 225 50.5210
24 16 64 15.1245
24 19 22 4.5095
24 20 107 45.3988
24 22 214 50.3337
24 24 12 3.1195
24 25 2 0.4734
24 26 3 0.6246
24 27 1 0.2267
24 28 5 0.8990
24 30 6 1.3715
24 32 33 7.0892
24 33 66 15.4867
24 34 1 0.2323
24 35 31 6.7844
24 36 5 1.3412
24 37 187 43.2666
24 38 3 0.7091
24 39 170 42.3482
24 41 261 70.9060
24 42 26 5.9594
24 43 354 83.9764
24 45 41 10.2268
24 46 13 3.6308
24 47 478 134.5176
24 48 81 17.4773
24 50 5 1.0741
24 51 15 3.4491
24 52 123 29.1328
24 53 21 5.1364
24 54 21 4.8814
24 55 1 0.2422
24 56 1 0.1523
24 57 576 154.4843
24 58 11 2.6152
24 60 25 7.4483
24 61 10 2.4022
24 62 1 0.2379
24 63 19 3.8081
24 64 8 1.7504
24 66 90 23.7233
24 67 10 2.4715
24 68 30 7.6651
24 70 7 2.3458
24 71 39 10.0039
24 72 75 15.2577
24 73 29 9.7109
24 76 4 0.8279
24 78 12 2.6207
24 79 10 2.4581
24 80 1 0.2354
24 81 1 0.1872
24 82 4 0.8876
24 83 51 10.7938
24 84 33 8.0352
24 86 29 6.5246
24 87 39 9.7305
24 88 22 6.8423
24 90 4 0.8778
24 91 47 11.1648
24 92 11 2.7563
24 93 5 1.1386
24 96 95 22.1091
24 97 14 3.6669
24 98 14 3.5196
24 99 6 1.5284
24 100 40 8.7701
24 101 3 0.7145
24 103 8 2.0095
24 104 36 8.2312
24 105 51 14.7243
24 106 527 130.2662
24 107 18 3.4946
24 108 25 5.9875
24 109 2 0.4702
24 112 34 6.5125
24 113 19 4.1815
24 114 6 1.2184
24 115 35 7.9392
24 117 22 5.0897
24 118 2 0.7672
24 119 47 11.2509
24 121 17 3.2838
24 122 85 29.4511
24 123 4 1.2159
24 124 58 13.7135
24 125 1 0.2241
24 126 4 0.8706
24 127 139 31.2378
24 128 1 0.2368
24 130 26 6.2230
24 131 1 0.2310
24 132 1 0.2603
24 133 59 14.2956
24 134 55 12.7305
24 135 199 43.9790
24 136 10 2.1475
24 137 1 0.1939
24 138 15 3.8519
24 139 307 77.1566
24 141 26 5.9867
24 143 38 9.1765
24 145 22 5.5522
24 146 478 116.6242
24 147 334 85.3907
24 148 6 1.4162
24 150 13 3.0523
24 151 2 0.4837
24 152 4 0.9274
24 153 2 0.4612
24 154 25 5.2580
24 155 32 6.6704
24 157 7 1.7768
24 158 162 35.7845
24 161 62 13.9719
24 162 52 14.2870
24 163 16 3.3245
24 164 3 0.7928
24 165 10 2.5165
24 166 13 3.4873
24 167 41 10.7172
24 168 5 1.1070
24 170 4 1.1841
24 171 1 0.1615
24 173 7 1.6308
24 175 28 6.1527
24 177 6 1.3556
24 178 16 3.8197
24 179 2 0.3643
24 180 2 0.4819
24 181 21 6.3039
24 182 9 1.9331
24 183 46 18.6392
24 184 27 5.9272
24 185 34 11.9260
24 186 4 0.7914
24 187 1 0.2692
24 188 2 0.5205
24 189 171 39.8817
24 190 25 5.9928
24 191 8 1.7222
24 192 61 14.2513
24 193 8 1.8584
24 195 5 1.1993
24 196 11 3.0899
24 197 3 0.6796
24 198 44 9.0780
24 199 69 16.6595
24 201 25 5.5868
24 202 11 2.4895
24 203 2 0.4698
24 204 176 48.0225
24 206 5 0.9883
24 208 110 25.5148
24 209 55 12.8191
24 211 21 5.0414
24 212 37 8.7870
24 213 45 9.4890
24 214 19 4.4363
24 215 3 0.6778
24 216 70 15.4070
24 218 30 6.5556
24 219 356 79.5792
24 221 4 0.8562
24 222 32 7.5032
24 223 590 163.5418
24 224 38 8.9665
24 225 493 111.1306
24 229 8 1.7915
24 230 8 1.5988
24 231 51 11.7347
24 232 184 40.7951
24 233 93 28.9092
24 235 2 0.4501
24 236 8 1.7833
24 237 149 31.1232
24 238 40 9.0045
24 240 38 8.3215
24 241 6 1.3482
24 243 4 0.9971
24 244 22 5.5489
24 245 4 0.9107
24 246 75 17.2845
24 247 3 0.7932
24 248 1 0.2468
24 249 566 141.5976
24 251 2 0.4718
24 252 262 64.7561
24 253 12 2.2757
24 254 1 0.2360
24 255 40 9.0513
24 256 2 0.4446
24 257 21 4.3871
24 258 1 0.2074
24 259 14 3.1334
24 262 12 2.6210
24 263 32 8.3741
24 264 68 15.8323
24 265 75 16.9189
24 266 252 59.3831
24 268 12 2.5530
24 269 60 15.9833
24 271 1 0.2406
24 272 6 2.3384
24 273 38 7.6414
24 274 3 0.7392
24 275 83 22.2812
24 276 25 5.6737
24 277 5 1.1658
24 278 112 31.9979
24 281 14 3.9774
24 282 12 2.5621
24 283 298 68.0300
24 284 76 24.7693
24 285 50 16.3847
24 287 9 1.5364
24 289 2 0.3737
24 290 25 7.1324
24 291 15 3.7214
24 292 176 39.8634
24 293 2 0.4599
24 294 17 4.1235
24 296 145 33.6360
24 297 11 2.4286
24 298 1 0.1966
24 299 68 16.1386
24 300 9 1.8644
24 302 24 5.7094
24 303 3 0.7377
24 304 41 10.0991
24 306 1 0.2324
24 307 19 4.3180
24 308 1 0.1767
24 309 1 0.2315
24 311 147 30.8470
24 313 68 19.6218
24 314 14 3.2707
24 315 122 29.2250
24 316 19 4.3058
24 317 93 22.3058
24 318 6 1.3920
24 319 3 0.7698
24 320 2 0.3962
24 321 16 5.4640
24 322 8 1.7595
24 324 155 35.7343
24 325 14 3.0371
24 326 80 22.9610
24 327 1 0.2480
24 328 7 2.1582
24 330 51 9.7984
24 331 58 12.9646
24 332 24 5.6864
24 333 153 34.5797
24 334 1 0.2784
24 335 5 1.1568
24 336 54 12.7736
24 337 16 3.6606
24 338 162 35.9713
24 339 2 0.4194
24 341 2 0.7217
24 342 22 8.8010
24 343 48 11.9389
24 344 2 0.5839
24 345 52 10.4764
24 346 649 169.6231
24 347 8 1.9406
24 351 18 4.1107
24 353 24 5.8781
24 354 19 4.1756
24 355 216 48.1782
24 356 51 11.5658
24 358 31 9.4423
24 359 64 14.1671
24 361 1 0.2307
24 362 7 2.3717
24 363 4 1.5335
24 364 5 1.5528
24 365 48 11.1750
24 366 1 0.1951
24 367 503 199.0716
24 368 1 0.2111
24 369 43 10.0551
24 370 4 0.9286
24 373 1 0.2409
24 375 4 1.0603
24 376 1 0.2351
24 377 2 0.5272
24 378 11 2.3491
24 379 11 3.0111
24 382 57 13.3862
24 383 11 2.6090
25 0 1 0.2439
25 1 4 0.9188
25 3 2 0.5228
25 4 53 12.0919
25 6 2 0.2554
25 7 325 84.2034
25 8 6 1.0601
25 11 22 6.2998
25 13 18 4.3870
25 14 3 0.7137
25 15 57 16.6975
25 16 124 27.5107
25 17 17 3.4276
25 20 249 65.4944
25 21 58 12.6977
25 23 165 36.4875
25 24 27 6.2947
25 26 1 0.1929
25 27 1 0.1825
25 29 178 40.6789
25 32 272 64.5733
25 33 230 56.1730
25 34 28 6.0943
25 35 23 5.4411
25 36 20 5.0454
25 37 41 9.7280
25 40 11 2.3617
25 41 38 8.7249
25 42 71 15.8618
25 43 48 10.8096
25 45 3 0.4699
25 47 40 9.8589
25 48 1 0.2453
25 52 3 0.7117
25 53 2 0.4938
25 54 33 8.6880
25 55 89 24.3208
25 56 5 1.2210
25 58 281 65.1462
25 59 10 2.1257
25 60 12 2.6612
25 61 3 0.5850
25 62 52 11.2029
25 63 34 11.4895
25 64 7 1.4393
25 65 5 1.0013
25 66 31 7.0353
25 67 25 4.7116
25 68 8 1.9435
25 70 1 0.2046
25 72 1 0.2192
25 73 30 8.0049
25 74 21 4.4310
25 75 160 39.3346
25 80 3 0.6284
25 82 55 11.2323
25 85 1 0.3802
25 86 520 118.6368
25 87 1 0.2492
25 88 1 0.2518
25 89 51 11.8137
25 90 26 6.3353
25 91 1 0.2280
25 92 12 2.5107
25 93 5 0.8565
25 94 178 37.4073
25 96 11 2.2709
25 97 74 17.6470
25 98 13 3.3256
25 99 87 29.3192
25 101 10 2.3196
25 103 145 30.6365
25 104 2 0.5477
25 105 5 0.9109
25 106 142 33.2119
25 107 46 10.9465
25 110 5 1.2495
25 111 678 218.5084
25 112 77 20.2779
25 113 45 10.2540
25 114 10 2.4839
25 115 234 55.1288
25 116 3 0.6709
25 117 2 0.5341
25 118 1 0.1134
25 120 18 3.7256
25 121 13 3.4245
25 122 25 5.3392
25 124 78 16.7821
25 125 7 1.4960
25 127 3 0.7040
25 128 103 28.9342
25 130 8 2.1114
25 131 2 0.4037
25 132 4 1.0270
25 133 5 1.1780
25 134 117 26.1186
25 135 54 12.4620
25 136 108 25.2793
25 138 6 1.3056
25 139 69 16.3024
25 140 1 0.2133
25 141 3 0.6695
25 142 6 1.5868
25 143 4 0.8085
25 144 43 10.0085
25 145 12 2.5113
25 148 6 1.2043
25 149 2 0.3251
25 150 40 8.9196
25 151 143 35.3156
25 152 145 34.6197
25 153 22 5.3080
25 156 66 15.7421
25 157 6 1.5665
25 158 3 0.7791
25 159 30 7.7288
25 160 121 28.5497
25 161 20 4.4486
25 162 18 3.3988
25 163 107 26.6774
25 164 376 93.7431
25 165 72 16.0421
25 166 56 12.5670
25 167 22 5.2368
25 168 16 3.6620
25 169 3 0.7098
25 171 108 42.2696
25 174 9 1.8315
25 177 14 3.6841
25 178 59 15.3228
25 179 26 5.6962
25 180 2 0.5508
25 182 175 42.4432
25 184 63 13.9743
25 185 9 2.2374
25 186 39 8.7981
25 187 19 3.9812
25 189 93 21.6044
25 192 3 0.7391
25 193 7 1.6296
25 194 2 0.3872
25 197 47 14.0853
25 198 6 1.3377
25 199 148 35.2304
25 200 10 2.1737
25 203 13 2.7984
25 204 17 3.7978
25 205 98 23.4538
25 206 1 0.2372
25 208 189 56.7601
25 209 42 9.6999
25 210 74 17.6166
25 211 184 50.1187
25 212 1 0.2043
25 213 7 1.3731
25 214 67 16.5304
25 215 93 21.2416
25 216 7 1.7672
25 217 7 1.5492
25 220 38 8.3028
25 221 48 11.4991
25 224 2 0.4316
25 225 25 5.6333
25 227 19 3.8110
25 228 4 0.7508
25 229 35 8.2941
25 230 16 3.2292
25 231 24 7.1494
25 233 57 14.7034
25 235 82 18.0552
25 237 59 15.4640
25 239 51 11.0312
25 240 1 0.2462
25 241 15 2.9902
25 242 444 91.5415
25 244 93 21.4436
25 246 28 6.4987
25 247 32 7.3534
25 248 33 7.8920
25 249 72 16.9411
25 250 102 24.5358
25 251 420 90.6424
25 252 187 42.3560
25 253 57 11.4200
25 256 6 1.1210
25 257 18 4.3000
25 260 478 110.0808
25 261 175 40.2326
25 263 19 3.9910
25 265 33 7.3149
25 266 5 1.1796
25 269 20 4.3295
25 270 55 12.7613
25 271 96 24.0251
25 272 42 10.2814
25 273 8 1.7855
25 274 13 3.0586
25 276 5 1.1094
25 277 25 6.1406
25 279 107 25.2887
25 283 43 9.8324
25 285 1 0.2541
25 286 21 4.2560
25 287 120 27.4065
25 288 90 19.1156
25 290 15 3.2690
25 291 106 23.8342
25 293 476 151.2407
25 294 29 6.5342
25 295 19 4.5609
25 299 12 2.7469
25 300 10 3.0336
25 301 453 106.2419
25 302 128 25.5314
25 303 27 6.0086
25 304 20 5.6074
25 306 225 52.7061
25 308 2 0.4539
25 309 1 0.2906
25 310 273 60.5894
25 312 30 6.0416
25 314 1 0.2468
25 315 60 15.2444
25 316 1 0.2047
25 318 31 6.9591
25 320 5 1.2932
25 321 102 23.9269
25 322 2 0.4050
25 323 129 32.5663
25 324 10 2.9692
25 325 30 7.0119
25 326 11 2.4639
25 327 9 2.1094
25 328 74 20.9370
25 330 12 2.4847
25 331 138 36.4187
25 333 28 7.8260
25 335 7 1.6608
25 336 51 12.2156
25 337 138 41.7652
25 340 1 0.1727
25 344 9 1.6999
25 346 4 0.9177
25 347 37 8.5592
25 348 1 0.1895
25 349 149 37.9398
25 350 1 0.1806
25 351 75 16.6066
25 352 21 4.8800
25 354 9 1.4699
25 355 1 0.2484
25 356 28 6.0451
25 357 57 13.6159
25 358 483 119.0928
25 359 746 278.7097
25 360 235 56.5445
25 361 2 0.2772
25 364 80 23.0941
25 365 20 3.6076
25 367 17 4.0869
25 368 19 4.1701
25 370 4 0.8954
25 371 3 0.6571
25 372 1 0.2146
25 373 18 4.4027
25 375 8 1.4163
25 381 5 1.0672
25 382 3 0.6239
25 383 34 7.8372
26 0 39 8.9292
26 2 2 0.5209
26 3 2 0.3736
26 4 84 18.9781
26 5 3 0.5646
26 6 2 0.4792
26 7 23 6.1535
26 8 10 2.1367
26 11 40 8.8464
26 12 293 65.0546
26 13 2 0.3933
26 14 53 12.4071
26 15 165 52.4048
26 16 138 31.7539
26 17 37 8.4893
26 19 2 0.4693
26 20 31 6.5543
26 26 62 12.7081
26 27 175 43.1183
26 28 32 7.4491
26 29 100 23.3410
26 30 19 4.6811
26 31 3 0.7025
26 32 3 0.6366
26 33 34 7.9432
26 34 3 0.7899
26 36 59 13.6272
26 37 464 127.4653
26 38 3 0.6064
26 39 45 11.8694
26 40 52 11.5992
26 41 87 19.2180
26 42 12 2.7784
26 43 14 3.2357
26 44 27 5.5651
26 45 67 14.6966
26 46 14 3.0776
26 48 54 12.2505
26 49 49 11.1326
26 51 12 2.5923
26 54 39 8.2847
26 57 26 7.1559
26 58 4 0.6808
26 60 30 7.3279
26 61 10 2.1391
26 63 26 5.5421
26 64 13 2.9831
26 66 5 1.3089
26 68 11 2.3209
26 69 59 13.0420
26 70 15 4.5029
26 71 8 2.0414
26 72 2 0.2824
26 74 3 0.6944
26 76 87 24.8449
26 77 24 4.8907
26 79 71 15.5756
26 80 10 2.0540
26 81 52 11.4482
26 82 4 0.7893
26 83 24 5.9158
26 84 25 5.2904
26 85 2 0.4652
26 86 1 0.2134
26 87 26 5.6371
26 88 7 1.5961
26 89 6 1.4474
26 90 123 27.6443
26 91 2 0.4146
26 92 25 4.4927
26 93 660 154.3625
26 94 2 0.3899
26 95 216 52.1798
26 97 57 14.0946
26 100 9 1.9080
26 101 305 85.9497
26 102 6 1.2403
26 104 24 5.0755
26 105 192 57.1628
26 106 87 21.8099
26 107 97 23.0591
26 109 2 0.4560
26 110 2 0.3313
26 112 12 3.1658
26 115 2 0.3857
26 116 940 241.1187
26 118 37 8.2059
26 119 1 0.2157
26 120 229 58.3374
26 121 20 4.3769
26 122 186 42.2497
26 123 3 0.7156
26 124 6 1.1107
26 125 13 2.9303
26 127 1 0.2308
26 128 13 2.5249
26 129 5 1.1257
26 133 242 56.2035
26 134 23 5.2871
26 135 18 3.3204
26 136 45 11.8782
26 137 44 9.4517
26 138 15 3.5777
26 139 21 4.9016
26 140 30 10.2668
26 142 40 10.6059
26 144 1 0.1745
26 145 36 8.2090
26 147 4 0.8365
26 148 30 6.8576
26 149 26 5.1595
26 151 32 7.3453
26 152 3 0.7435
26 153 196 44.9751
26 155 2 0.6416
26 156 1 0.2456
26 157 49 12.2184
26 159 7 1.5807
26 160 76 17.0207
26 162 17 3.9888
26 163 1 0.1291
26 164 2 0.3582
26 165 4 0.8192
26 166 36 7.8349
26 167 51 10.6440
26 168 8 2.0767
26 169 81 25.2979
26 170 9 2.1187
26 171 20 4.8154
26 172 3 0.5305
26 173 119 30.0258
26 176 85 19.6878
26 177 16 3.5450
26 178 160 38.0957
26 179 61 13.7910
26 181 6 1.2033
26 182 1 0.1998
26 183 44 9.6691
26 185 31 8.9360
26 186 422 101.8644
26 187 54 10.8627
26 188 42 11.6686
26 189 5 1.2174
26 190 13 2.7831
26 191 11 2.2800
26 192 262 59.6112
26 193 7 1.6345
26 194 17 4.2496
26 195 12 3.1656
26 197 7 1.4924
26 198 231 53.8057
26 199 25 5.1182
26 200 424 106.5253
26 201 1 0.1902
26 202 93 21.6346
26 203 1 0.1782
26 204 33 7.4331
26 205 59 13.5616
26 206 684 234.0163
26 207 6 1.4780
26 208 7 1.4486
26 209 37 8.7584
26 211 148 32.9546
26 212 1 0.1874
26 213 4 0.7878
26 214 8 1.8905
26 215 10 2.4489
26 216 5 1.1372
26 217 40 8.7388
26 220 17 3.7886
26 221 3 0.7145
26 223 17 4.2018
26 224 2 0.4886
26 227 127 29.5851
26 228 281 94.6381
26 230 9 1.9027
26 231 4 0.8714
26 233 36 9.7395
26 235 3 0.5988
26 236 3 0.6109
26 237 108 24.6566
26 239 142 32.5108
26 240 1 0.2062
26 241 254 58.6774
26 242 21 5.8404
26 244 37 9.6890
26 245 1 0.2356
26 247 11 2.1691
26 249 6 1.3873
26 250 9 1.8999
26 251 8 1.9522
26 252 67 15.8009
26 254 173 39.5143
26 256 6 1.9385
26 257 18 4.2839
26 258 22 5.1356
26 259 248 68.3930
26 262 1 0.2345
26 263 14 3.1358
26 264 1 0.2068
26 265 681 205.5563
26 266 34 7.5812
26 267 4 0.9055
26 268 1 0.2287
26 269 17 3.8401
26 270 28 6.4866
26 272 7 1.6293
26 273 21 4.8432
26 274 9 2.5947
26 276 98 25.4830
26 277 45 10.0725
26 280 249 70.1377
26 281 20 4.7731
26 283 38 8.3983
26 284 13 2.9497
26 285 6 1.2514
26 288 47 10.5707
26 289 1 0.3006
26 290 92 21.4167
26 292 1 0.2316
26 293 11 2.4232
26 295 8 1.9710
26 297 20 4.3076
26 298 3 0.6624
26 299 16 3.5518
26 302 5 1.0712
26 303 27 6.3973
26 304 23 4.6694
26 305 6 1.3595
26 307 57 12.8939
26 308 10 2.1382
26 309 145 34.1739
26 310 18 4.8783
26 311 7 1.5248
26 315 35 8.7779
26 317 36 8.3439
26 319 4 0.9070
26 320 1 0.1858
26 322 1 0.2244
26 323 78 19.1822
26 325 70 18.0631
26 327 1 0.2131
26 328 37 8.3914
26 330 5 1.0773
26 331 9 2.2467
26 332 15 3.3718
26 333 125 26.3207
26 334 7 2.0089
26 336 23 6.1235
26 338 3 0.9110
26 340 14 2.9848
26 341 86 20.3200
26 342 5 1.1106
26 343 112 27.8498
26 344 4 0.9089
26 345 73 16.8909
26 347 28 6.5489
26 348 6 1.4776
26 349 22 4.9205
26 351 50 12.4765
26 353 44 9.0968
26 355 1 0.2171
26 357 7 1.2347
26 358 23 5.5142
26 360 12 2.6678
26 361 395 91.5867
26 362 28 6.6585
26 363 4 1.1134
26 364 9 1.9370
26 365 44 10.0069
26 367 11 3.3030
26 368 15 3.5257
26 369 63 14.6099
26 370 9 2.3389
26 371 237 55.8846
26 372 7 1.7229
26 373 39 8.8780
26 374 4 0.8338
26 376 156 36.1372
26 377 37 9.2412
26 379 1 0.2014
26 380 189 39.0800
26 381 1 0.2257
26 382 72 18.1539
26 383 72 21.8660
27 2 55 13.7042
27 3 66 16.4229
27 4 13 2.9153
27 5 28 6.5640
27 7 5 1.0833
27 8 17 3.9034
27 9 33 8.2380
27 10 106 33.3976
27 11 1 0.3619
27 12 25 5.1829
27 13 1 0.1953
27 14 2 0.4724
27 16 5 0.8862
27 18 422 98.1076
27 19 2 0.4017
27 20 6 1.1977
27 22 40 9.2639
27 23 152 34.4980
27 25 4 0.7367
27 27 6 1.4039
27 28 24 6.8469
27 29 5 1.1247
27 30 4 0.9614
27 31 1 0.2161
27 33 17 4.1594
27 36 2 0.3549
27 37 5 1.0437
27 39 1 0.2420
27 40 31 6.1034
27 41 61 13.4036
27 43 14 5.2535
27 44 7 1.5041
27 45 85 19.3987
27 46 27 5.0552
27 47 31 6.1164
27 48 3 1.0292
27 49 17 4.5532
27 50 83 18.5853
27 51 7 1.5936
27 52 162 36.2795
27 53 14 3.1605
27 54 52 12.2559
27 55 79 16.5110
27 57 277 72.0270
27 58 5 1.1421
27 59 2 0.4028
27 60 2 0.3889
27 61 34 7.2595
27 62 53 12.2221
27 63 766 230.0438
27 64 28 7.8964
27 65 1 0.2389
27 66 17 3.9036
27 67 5 1.0627
27 68 8 1.7323
27 69 153 39.4824
27 70 11 2.3920
27 72 19 5.1191
27 73 6 1.3380
27 76 39 8.9484
27 77 113 27.7771
27 78 22 5.1345
27 79 35 7.6524
27 82 2 0.7378
27 83 5 1.0882
27 84 4 0.8431
27 85 13 2.8984
27 86 12 2.3237
27 87 5 1.1666
27 88 98 22.4179
27 89 35 7.4833
27 90 90 20.0589
27 91 16 3.9115
27 92 18 3.8996
27 93 34 7.8254
27 94 7 1.5256
27 96 36 9.3443
27 98 5 0.9302
27 99 3 0.5801
27 100 8 1.6523
27 101 455 125.0681
27 103 93 30.0178
27 104 126 29.4303
27 105 246 60.8501
27 106 14 3.1678
27 107 45 9.9117
27 108 3 0.7116
27 110 10 2.3170
27 111 3 0.6113
27 113 23 6.0664
27 114 15 3.3425
27 115 54 11.2959
27 116 13 2.4488
27 117 4 0.7807
27 119 10 2.2610
27 121 19 4.3045
27 122 16 4.1418
27 124 8 1.6459
27 125 215 45.2880
27 126 10 2.6353
27 127 1 0.2212
27 128 170 34.7084
27 129 52 12.4151
27 130 10 2.2173
27 131 20 4.2070
27 133 12 2.5016
27 134 7 0.9442
27 135 46 11.1420
27 136 27 6.0186
27 137 27 7.3233
27 138 1 0.1823
27 140 4 1.3314
27 142 17 4.1957
27 143 13 3.2438
27 144 1 0.1358
27 145 4 0.9010
27 146 150 33.1379
27 147 36 8.3758
27 148 1032 268.6598
27 149 17 4.2436
27 151 50 11.4282
27 152 68 14.8861
27 153 26 6.8524
27 154 142 39.4754
27 156 1 0.2712
27 157 2 0.4421
27 158 17 5.3025
27 160 2 0.4744
27 161 2 0.4387
27 163 4 0.8917
27 164 3 0.6161
27 165 146 32.1825
27 166 18 4.1619
27 167 3 0.6311
27 168 30 6.7625
27 169 32 7.0320
27 170 2 0.6035
27 171 2 0.5500
27 173 11 2.5398
27 174 16 3.8893
27 175 2 0.4981
27 176 76 18.2092
27 177 360 85.1204
27 178 12 2.8400
27 179 25 5.7840
27 180 36 7.6198
27 182 30 8.7418
27 183 3 0.8791
27 184 2 0.4238
27 185 1 0.2713
27 186 246 54.3587
27 187 2 0.4273
27 188 23 4.7902
27 189 19 3.7191
27 191 4 0.8767
27 194 278 59.2772
27 195 3 0.5521
27 196 4 0.8527
27 197 26 6.3043
27 198 98 22.1608
27 199 63 14.5762
27 200 15 3.7791
27 201 19 3.4795
27 202 13 2.6419
27 204 10 2.1587
27 205 14 4.2432
27 207 27 5.2354
27 208 21 4.6385
27 209 18 3.3934
27 210 6 1.4231
27 211 17 3.5539
27 213 1 0.2139
27 214 742 173.4037
27 215 9 2.3249
27 216 13 2.9858
27 217 4 0.8564
27 218 189 46.2522
27 220 41 8.8131
27 221 28 6.3567
27 222 6 1.5919
27 224 1 0.2647
27 225 30 7.1158
27 228 5 0.9386
27 229 3 0.7058
27 231 80 31.9307
27 232 3 0.6415
27 233 28 6.6661
27 234 1 0.1973
27 235 5 1.0775
27 237 13 4.5054
27 239 2 0.5237
27 240 26 7.1763
27 241 29 5.6075
27 242 27 7.6768
27 243 55 12.6036
27 244 51 10.8053
27 245 28 5.9841
27 246 45 9.2292
27 247 6 2.4062
27 248 14 2.9728
27 249 21 4.5823
27 250 72 16.3086
27 251 12 2.9203
27 253 44 11.9622
27 254 40 8.3090
27 255 45 9.8932
27 256 47 12.1412
27 257 34 6.8885
27 258 3 0.6095
27 259 329 77.7780
27 261 5 1.8884
27 262 26 5.8780
27 263 98 22.0982
27 265 8 1.5563
27 266 28 6.4253
27 267 17 4.1743
27 268 51 11.0257
27 270 2 0.3837
27 271 151 35.3402
27 272 6 1.3450
27 273 31 7.7755
27 274 37 7.9347
27 275 4 0.9135
27 276 19 3.8900
27 277 2 0.3656
27 278 41 8.9739
27 279 6 1.2787
27 280 68 16.6083
27 281 16 4.5649
27 282 90 20.4809
27 283 24 5.2128
27 284 12 2.9180
27 285 66 16.4794
27 287 5 0.9466
27 289 130 26.7214
27 291 34 8.3906
27 292 16 3.5569
27 293 1 0.1148
27 295 37 8.5845
27 296 89 21.0674
27 297 66 13.7658
27 298 41 9.1245
27 299 12 2.7482
27 301 3 0.9467
27 302 1 0.2412
27 303 69 14.4971
27 304 14 8.0327
27 305 56 12.6712
27 306 40 12.1678
27 307 5 1.0423
27 308 311 73.4391
27 310 15 3.2718
27 311 1 0.1888
27 312 2 0.5134
27 313 20 4.6667
27 314 29 10.5862
27 315 200 41.0728
27 320 6 1.4784
27 321 36 8.7251
27 322 19 5.2048
27 323 5 0.9924
27 324 21 5.1482
27 326 76 16.2169
27 327 20 4.8963
27 328 30 6.9304
27 329 17 3.8708
27 331 57 16.3467
27 333 2 0.3684
27 335 19 3.4317
27 336 882 277.7390
27 337 8 1.8019
27 338 12 3.1268
27 339 11 2.5200
27 341 4 0.8848
27 342 55 12.0430
27 343 79 19.6438
27 344 2 0.3929
27 346 12 2.7011
27 347 5 0.9984
27 350 2 0.4186
27 351 6 1.2896
27 352 7 1.5652
27 353 97 21.3207
27 354 3 0.7437
27 355 35 7.5500
27 358 24 8.5538
27 359 39 9.0690
27 360 5 0.9253
27 361 36 8.1144
27 362 84 23.7055
27 363 443 161.6667
27 365 9 2.1678
27 366 23 5.4982
27 367 49 9.8918
27 369 2 0.2619
27 371 1 0.2208
27 373 87 27.9569
27 374 1 0.2273
27 375 12 3.1945
27 377 14 3.8114
27 378 19 4.2009
27 379 4 0.5838
27 380 2 0.3396
27 382 115 25.9221
27 383 113 25.4270
28 1 1 0.2405
28 2 44 11.1292
28 3 30 7.2776
28 5 1 0.1546
28 7 70 17.3058
28 8 4 0.7503
28 9 31 8.5045
28 11 280 74.0927
28 12 2 0.5431
28 13 8 1.9208
28 15 116 26.3919
28 16 10 2.4393
28 18 4 1.2705
28 19 14 3.3569
28 22 104 25.8606
28 25 2 0.3126
28 26 7 1.9962
28 27 10 2.7931
28 29 10 2.4898
28 30 16 3.9274
28 31 1 0.2159
28 32 52 11.2967
28 34 79 19.3466
28 35 3 0.9580
28 36 3 0.6532
28 38 169 50.2691
28 39 4 0.9517
28 40 60 13.8490
28 41 48 9.7108
28 43 98 24.2929
28 44 7 1.4591
28 45 4 0.7823
28 46 46 11.3501
28 47 10 2.2307
28 48 2 0.4969
28 49 62 21.4054
28 50 56 14.1647
28 51 88 20.3511
28 52 264 62.0990
28 53 41 11.2546
28 55 3 0.7345
28 56 24 4.9050
28 57 384 91.8512
28 58 100 22.0416
28 59 281 83.9033
28 60 13 4.2402
28 61 11 2.5287
28 64 2 0.5349
28 65 19 5.0497
28 69 3 0.6287
28 70 14 3.3654
28 71 8 1.5102
28 72 39 8.5340
28 73 52 10.9228
28 74 7 1.8467
28 76 4 0.9602
28 78 85 20.1116
28 79 9 1.8234
28 80 5 1.2366
28 81 5 1.2039
28 82 79 17.0457
28 83 9 2.4624
28 84 14 3.1675
28 85 51 10.8812
28 86 1 0.1425
28 87 34 6.4677
28 88 19 4.1946
28 89 30 9.3237
28 90 39 8.6377
28 91 139 34.2771
28 92 617 150.8324
28 93 4 0.8349
28 94 48 11.1439
28 96 61 15.2038
28 97 6 1.6128
28 98 54 12.3522
28 101 321 74.6958
28 103 1 0.2461
28 105 1 0.2212
28 108 6 1.1953
28 109 7 1.3969
28 110 166 40.5382
28 112 11 2.8308
28 113 4 0.7630
28 114 1 0.2079
28 115 11 2.6176
28 116 3 0.5771
28 117 5 1.0614
28 118 687 158.3316
28 119 14 2.8445
28 120 12 2.8928
28 121 40 10.7688
28 122 27 6.6848
28 123 3 0.7025
28 125 21 5.3094
28 126 125 41.2001
28 127 3 0.8414
28 129 77 23.5424
28 130 58 13.1811
28 131 1 0.1901
28 135 22 5.6610
28 136 17 4.1445
28 137 618 186.6385
28 138 6 1.5196
28 139 76 17.2132
28 140 18 3.7663
28 141 174 42.7787
28 142 61 12.8674
28 143 30 6.8229
28 144 7 1.4004
28 147 27 8.2632
28 149 2 0.4100
28 150 46 11.0101
28 151 9 1.8396
28 153 270 72.7499
28 154 40 9.6315
28 156 2 0.4723
28 157 1 0.1942
28 158 2 0.4037
28 159 51 11.2448
28 162 2 0.3923
28 163 8 1.9426
28 165 2 0.4624
28 166 20 4.5502
28 167 4 1.0127
28 168 1 0.2290
28 169 39 8.2457
28 170 118 27.2612
28 171 4 0.8226
28 173 1 0.2747
28 174 1 0.2113
28 175 188 40.1414
28 176 6 1.3604
28 177 12 3.2442
28 178 29 6.6678
28 179 16 3.7632
28 180 5 0.8523
28 182 12 3.8600
28 183 3 0.5178
28 184 51 12.0903
28 185 3 0.5008
28 186 3 0.4800
28 187 41 9.2315
28 189 169 41.9717
28 190 7 1.5416
28 191 1 0.2647
28 192 29 7.6811
28 193 22 5.1500
28 194 15 3.1100
28 196 1 0.2696
28 197 4 0.8930
28 198 19 4.4683
28 199 57 13.1791
28 200 18 3.9212
28 202 5 1.2296
28 203 9 1.6944
28 204 2 0.4697
28 205 23 5.9532
28 206 1 0.2185
28 207 11 2.6254
28 208 1 0.1582
28 211 104 25.1790
28 212 46 10.0832
28 213 1 0.2042
28 214 248 55.6979
28 215 19 3.7281
28 216 13 3.2948
28 218 1 0.3210
28 219 5 0.8905
28 220 7 1.4366
28 221 110 24.6790
28 222 32 7.2650
28 223 18 6.2642
28 224 7 1.9028
28 225 4 0.8642
28 226 98 24.7643
28 227 14 3.4125
28 228 3 0.7693
28 229 59 13.7801
28 230 55 13.2108
28 232 40 9.6083
28 233 2 0.4332
28 234 47 10.3353
28 235 177 44.0059
28 238 33 8.0265
28 239 9 2.2571
28 240 19 5.6763
28 242 111 27.0625
28 243 157 34.2103
28 244 2 0.4473
28 245 4 1.0733
28 246 150 33.3208
28 247 3 0.7287
28 248 55 19.4556
28 249 124 38.5058
28 251 64 14.7375
28 252 134 32.5602
28 253 176 40.8246
28 254 34 7.8257
28 257 4 0.7973
28 259 11 2.5777
28 261 7 1.4485
28 262 932 254.1345
28 263 11 2.5789
28 264 7 1.7681
28 265 2 0.4679
28 268 2 0.5047
28 270 11 2.1109
28 271 111 38.4413
28 272 30 7.3120
28 273 7 1.2717
28 274 49 10.0826
28 275 37 14.0872
28 276 17 4.1934
28 277 15 3.5434
28 279 1 0.2650
28 280 20 4.7778
28 281 1 0.2357
28 282 20 4.9352
28 283 40 9.4492
28 284 2 0.4456
28 285 32 7.3692
28 286 7 1.7059
28 287 21 3.7031
28 288 1 0.2623
28 289 72 17.6701
28 291 37 9.0096
28 293 5 1.1111
28 294 61 12.0138
28 295 55 13.4850
28 296 261 59.2756
28 297 44 9.5130
28 298 3 0.7347
28 300 70 17.2809
28 302 8 1.5839
28 303 8 1.2954
28 304 36 8.8791
28 306 4 1.8704
28 308 95 23.7260
28 310 14 3.3686
28 311 48 11.7762
28 312 6 1.4434
28 314 13 2.8552
28 315 259 68.6767
28 317 1 0.2113
28 318 1 0.2006
28 319 27 6.2773
28 320 16 3.3835
28 321 17 3.5358
28 324 20 6.2782
28 325 2 0.4836
28 327 2 0.6654
28 329 1 0.2182
28 330 92 19.6902
28 331 3 0.7986
28 332 12 2.9471
28 333 30 6.6954
28 334 6 1.1905
28 336 49 9.4684
28 337 11 2.1998
28 338 8 1.1776
28 341 8 1.7632
28 342 27 6.2340
28 347 62 15.2794
28 348 110 29.0843
28 349 2 0.5585
28 350 9 2.1863
28 351 10 1.9929
28 352 303 94.3686
28 353 142 27.0277
28 355 8 1.9735
28 357 7 1.1033
28 358 41 9.8511
28 359 191 46.0588
28 360 2 0.4459
28 361 2 0.4869
28 362 2 0.4711
28 364 21 5.1644
28 366 44 10.0281
28 367 48 15.7623
28 369 44 11.2943
28 370 14 5.9525
28 374 2 0.4893
28 375 2 0.4349
28 376 287 69.6563
28 377 108 26.5693
28 378 5 1.1905
28 379 9 2.1519
28 380 18 4.8888
28 381 6 2.6391
28 382 52 12.7293
28 383 25 5.5553
29 0 79 17.1394
29 2 7 1.3878
29 3 11 1.8650
29 4 12 5.6346
29 5 1 0.1520
29 6 11 2.6502
29 7 4 0.9707
29 9 16 3.5908
29 10 14 3.4521
29 11 44 9.7643
29 13 227 46.9433
29 14 15 2.9266
29 16 10 2.1209
29 17 2 0.3480
29 18 2 0.5623
29 19 94 18.0462
29 20 3 0.6954
29 21 35 7.3693
29 22 12 2.5038
29 25 10 2.0598
29 27 6 1.6143
29 28 4 0.8004
29 29 147 32.8603
29 30 21 3.5168
29 31 19 5.1668
29 32 62 12.9178
29 33 68 22.1756
29 34 46 10.4392
29 35 170 39.2713
29 36 2 0.4677
29 38 100 21.3167
29 39 18 2.9145
29 40 53 10.2953
29 41 2 0.4409
29 42 14 2.8602
29 43 163 36.2715
29 45 1 0.0531
29 46 3 0.8955
29 47 19 5.7311
29 48 41 11.9165
29 50 10 2.4093
29 52 95 42.7490
29 53 10 2.1719
29 55 3 0.4987
29 56 40 8.8360
29 57 15 3.7206
29 58 17 4.3976
29 59 15 4.4780
29 61 7 1.2002
29 62 6 0.8575
29 63 26 5.8434
29 64 139 29.6620
29 66 12 2.6188
29 67 2 0.4426
29 68 4 0.9050
29 69 118 27.0171
29 70 45 9.6650
29 71 31 6.9847
29 72 342 76.6894
29 73 12 2.0964
29 75 487 204.5005
29 76 100 21.7350
29 77 30 9.7990
29 78 8 2.0257
29 80 9 1.9983
29 81 5 1.1014
29 83 13 2.9211
29 84 47 17.4527
29 85 27 6.9611
29 86 50 8.7423
29 87 131 28.1215
29 88 26 5.3768
29 89 12 2.7347
29 90 18 3.8728
29 91 2 0.5053
29 92 18 3.8297
29 93 37 8.2151
29 94 20 4.2031
29 95 20 4.4253
29 96 3 0.6327
29 97 52 11.6838
29 98 50 11.1434
29 99 25 5.3682
29 100 3 0.5892
29 101 510 153.0369
29 102 20 4.6877
29 103 10 1.9594
29 104 7 1.6875
29 105 3 0.5557
29 107 2 0.4738
29 109 22 4.6384
29 110 8 1.6072
29 111 9 1.8799
29 113 18 4.9448
29 114 18 4.2533
29 115 60 13.7164
29 117 163 34.0320
29 118 3 0.5977
29 119 122 33.5992
29 120 22 4.5490
29 122 162 39.4650
29 123 8 1.7648
29 124 2 0.4103
29 125 9 1.8597
29 126 215 46.9996
29 129 51 12.1284
29 130 2 0.5253
29 131 15 4.4438
29 133 6 1.4739
29 134 20 4.6522
29 135 4 0.9273
29 136 259 58.0404
29 137 3 0.5856
29 138 1 0.2314
29 139 6 1.3195
29 140 60 12.5542
29 141 1 0.2527
29 142 139 31.2846
29 143 1 0.1197
29 146 2 0.3911
29 147 17 3.8665
29 148 13 2.6769
29 149 1 0.2397
29 150 8 2.3814
29 152 26 4.4530
29 153 224 48.9321
29 154 42 9.9165
29 155 52 11.3215
29 157 12 2.3162
29 158 14 2.7698
29 159 6 1.3729
29 160 72 20.2892
29 161 6 1.7106
29 162 83 18.4816
29 163 5 1.1126
29 164 13 2.7720
29 165 3 0.5194
29 166 7 1.5614
29 167 199 43.8400
29 168 23 4.5330
29 169 42 8.6535
29 170 43 9.4873
29 171 514 218.6143
29 172 33 6.5656
29 173 8 1.7606
29 175 6 1.3990
29 176 1 0.1348
29 177 31 6.9252
29 178 3 0.5892
29 179 1 0.2103
29 180 117 26.0759
29 181 14 2.5887
29 182 20 3.9660
29 184 5 1.1650
29 186 23 6.4609
29 187 562 119.6276
29 188 13 3.1541
29 189 1 0.1864
29 190 3 0.8895
29 191 10 3.2147
29 192 13 3.0380
29 193 1 0.2168
29 194 42 12.8055
29 195 2 0.4179
29 197 26 6.1728
29 198 82 17.7397
29 199 5 1.2617
29 200 32 6.6225
29 202 23 5.3022
29 203 1 0.0868
29 205 15 4.0538
29 206 1 0.2823
29 207 15 3.0107
29 208 2 0.2405
29 209 66 13.6114
29 210 20 4.2688
29 211 83 18.0229
29 212 127 26.6402
29 213 2 0.5063
29 214 105 23.6042
29 215 14 3.0238
29 216 3 0.6030
29 217 4 0.7934
29 218 26 7.3564
29 219 1 0.1007
29 220 7 2.0667
29 221 283 69.6448
29 225 105 21.7664
29 226 19 7.3569
29 227 3 0.4963
29 228 42 10.6911
29 229 35 7.2556
29 230 5 1.1856
29 231 26 5.6859
29 233 58 13.0229
29 234 3 0.8029
29 235 42 9.3111
29 238 1 0.2438
29 240 5 1.0077
29 243 18 4.1403
29 244 101 21.5402
29 245 4 1.2971
29 246 2 0.4246
29 247 14 3.0465
29 248 4 0.6479
29 250 6 1.1758
29 251 141 40.1155
29 252 267 65.2442
29 253 1 0.2555
29 254 33 7.1525
29 256 37 10.2335
29 257 400 90.2013
29 258 659 183.1433
29 259 69 15.2618
29 260 156 35.0158
29 261 71 16.1874
29 262 34 7.7560
29 263 18 3.7917
29 264 18 3.7211
29 265 37 8.1038
29 266 5 1.6301
29 267 4 0.9448
29 268 8 1.7264
29 269 11 2.5489
29 270 13 3.0670
29 271 18 4.6542
29 273 5 0.9964
29 274 2 0.4033
29 275 29 6.9209
29 276 2 0.4866
29 277 46 15.2923
29 278 13 4.6136
29 280 35 6.8324
29 283 21 4.2880
29 285 14 3.0912
29 286 5 0.8067
29 287 22 4.7232
29 288 26 6.1245
29 291 26 5.9343
29 293 3 0.6764
29 294 3 1.5508
29 296 5 0.9696
29 299 3 0.6601
29 300 41 7.1978
29 302 21 4.3763
29 304 69 15.4019
29 305 27 6.1148
29 306 96 36.0566
29 307 63 12.5394
29 308 308 76.4478
29 309 1 0.1745
29 310 8 2.0542
29 311 12 2.3883
29 312 1 0.2145
29 313 4 1.1714
29 314 26 7.5212
29 315 1 0.2246
29 317 20 3.6095
29 319 21 8.4213
29 320 9 1.8825
29 321 139 39.2353
29 322 13 2.8002
29 325 21 5.2014
29 326 17 2.7135
29 327 22 4.3461
29 329 3 0.6684
29 330 13 3.1203
29 331 2 0.4864
29 333 24 5.1875
29 334 112 25.2845
29 336 3 0.5369
29 338 10 2.3497
29 340 10 1.8524
29 341 4 0.8256
29 342 12 2.5188
29 344 59 13.2448
29 345 21 4.5488
29 346 14 3.6616
29 347 4 0.9173
29 348 51 10.8411
29 349 4 0.8136
29 350 110 29.7944
29 351 15 2.9694
29 352 138 28.8185
29 353 6 1.3133
29 355 1 0.1803
29 357 4 0.8130
29 358 10 2.6776
29 359 15 3.5129
29 360 11 2.6315
29 361 28 5.7844
29 362 6 1.2760
29 363 12 5.5662
29 364 12 2.6564
29 365 3 0.6272
29 366 5 1.1379
29 367 14 2.9809
29 369 24 5.6120
29 370 48 10.2711
29 372 7 1.6012
29 373 12 2.5235
29 374 4 0.7973
29 375 74 15.9167
29 376 397 88.7692
29 378 29 6.1317
29 379 12 2.5623
29 381 20 4.1166
29 382 4 1.0100
30 0 73 16.4483
30 2 295 105.2197
30 3 13 3.3593
30 4 65 35.3366
30 5 2 0.4358
30 6 12 2.8281
30 7 19 4.2926
30 8 8 1.5862
30 9 40 9.1981
30 10 17 3.3778
30 11 32 9.4704
30 12 269 59.0422
30 13 19 4.0636
30 14 35 9.2966
30 15 17 3.7040
30 16 95 25.8105
30 17 126 31.6672
30 18 127 35.6212
30 19 36 8.5703
30 20 13 3.0330
30 21 56 13.2979
30 22 58 16.3074
30 23 12 2.2450
30 24 12 2.1063
30 25 2 0.4962
30 26 17 4.8517
30 27 5 1.0932
30 28 3 0.6729
30 30 34 6.7788
30 32 1 0.2235
30 33 11 2.4135
30 35 5 1.0676
30 36 158 36.2660
30 37 1 0.2286
30 40 1 0.2633
30 41 32 7.1743
30 42 64 13.5399
30 43 5 1.0848
30 44 22 4.8949
30 45 4 0.9574
30 46 5 1.1737
30 48 16 4.5589
30 49 28 6.1175
30 50 32 6.4727
30 51 8 1.6137
30 52 1 0.2269
30 55 10 2.2413
30 56 52 9.6751
30 57 8 2.1121
30 58 18 4.3905
30 59 2 0.4397
30 60 10 2.2226
30 61 16 3.3331
30 62 8 2.0497
30 63 19 4.1639
30 64 10 2.5757
30 65 6 1.3775
30 66 3 0.7518
30 67 159 38.9409
30 68 3 1.0113
30 69 12 2.3472
30 70 5 1.0705
30 72 272 64.7095
30 73 5 0.9167
30 74 29 8.4963
30 76 11 3.3163
30 77 6 1.8673
30 78 80 18.5882
30 79 42 9.3018
30 80 14 2.9769
30 81 9 2.2730
30 82 1 0.1938
30 84 56 10.5495
30 85 31 8.6255
30 86 5 0.9975
30 87 5 1.2884
30 88 2 0.5091
30 90 32 6.6044
30 91 5 0.7575
30 93 1 0.1966
30 95 320 88.6631
30 97 13 4.6429
30 98 7 1.7391
30 99 388 97.6711
30 100 333 80.3996
30 103 3 0.4197
30 104 29 6.5552
30 105 1 0.2062
30 107 1 0.2237
30 108 19 5.4146
30 109 46 9.5667
30 111 54 12.5663
30 112 85 19.4664
30 113 1 0.1745
30 115 36 8.3259
30 118 8 1.4490
30 122 3 0.5424
30 124 20 5.1723
30 125 11 1.9883
30 126 22 4.3312
30 127 25 5.7647
30 128 1 0.1307
30 130 1 0.2258
30 131 48 11.4529
30 133 570 147.8611
30 134 3 1.1911
30 135 4 0.8217
30 137 1 0.2187
30 138 18 4.4121
30 139 7 1.2631
30 141 11 2.0658
30 142 16 3.1487
30 143 37 6.8810
30 144 12 2.5220
30 145 30 5.2759
30 146 59 10.9469
30 147 1 0.1883
30 148 13 3.1594
30 149 90 17.4644
30 150 18 3.8627
30 151 9 2.0812
30 153 81 18.3867
30 154 40 8.9674
30 155 3 0.6091
30 156 27 5.8389
30 159 23 4.4451
30 160 47 12.1609
30 161 725 232.1881
30 162 2 0.4044
30 163 7 1.3831
30 164 4 0.8382
30 165 7 1.7755
30 166 11 2.4997
30 167 10 2.7158
30 168 83 18.8049
30 170 6 1.3068
30 171 8 2.2492
30 172 10 2.5446
30 175 142 38.8947
30 176 5 0.8482
30 177 7 1.3224
30 178 2 0.4800
30 181 72 16.4417
30 182 120 32.5799
30 183 3 0.5846
30 184 3 0.6388
30 185 3 0.7578
30 188 26 6.7292
30 190 1 0.3072
30 191 21 4.7005
30 192 18 3.6623
30 193 124 32.6091
30 194 30 5.6618
30 195 3 0.5793
30 197 589 150.6394
30 198 31 7.3087
30 199 24 4.4005
30 200 4 0.6277
30 201 4 0.8038
30 202 6 1.5944
30 203 26 5.8666
30 204 1 0.2314
30 205 83 19.2206
30 206 11 2.2617
30 207 4 0.7194
30 208 7 1.6039
30 209 556 131.5586
30 210 404 102.0929
30 211 10 2.3066
30 212 20 3.3152
30 213 1 0.2066
30 215 26 4.2377
30 216 5 1.1665
30 217 1 0.2724
30 218 30 6.2616
30 220 31 7.3921
30 222 5 0.9082
30 225 32 6.1173
30 226 12 3.0503
30 227 6 1.1949
30 228 3 0.6652
30 229 50 10.5118
30 231 3 0.9311
30 233 165 50.2491
30 234 45 14.0566
30 235 57 12.2781
30 236 26 9.4379
30 237 26 5.7433
30 240 12 3.4701
30 241 27 6.3647
30 242 1 0.2200
30 243 32 7.7206
30 244 40 9.8976
30 245 163 38.3537
30 246 8 1.8054
30 247 46 10.8381
30 248 15 2.8669
30 249 15 3.8211
30 250 220 51.3066
30 251 1 0.1122
30 252 68 15.7853
30 254 12 2.6936
30 255 11 3.2160
30 256 5 1.4485
30 257 1 0.2127
30 259 23 5.3799
30 260 6 1.1878
30 262 22 5.4203
30 263 132 31.4513
30 264 15 4.0426
30 265 63 17.6941
30 266 6 1.3048
30 267 13 2.6659
30 269 13 2.4329
30 270 8 1.5210
30 272 14 2.8616
30 273 18 4.1415
30 274 10 1.8960
30 275 5 0.8520
30 278 7 1.3176
30 279 1 0.2309
30 280 24 5.5803
30 281 49 10.0766
30 283 1 0.1229
30 284 1 0.1355
30 285 22 5.3243
30 286 62 14.5227
30 287 8 1.9325
30 288 47 12.5148
30 289 7 1.4527
30 290 1 0.1807
30 291 10 2.5051
30 292 63 15.2802
30 294 117 28.9034
30 295 176 41.0149
30 296 25 5.2403
30 299 30 6.5664
30 300 5 1.1082
30 301 105 25.5187
30 302 150 35.8615
30 303 75 20.9143
30 304 29 6.0861
30 305 4 0.7630
30 306 14 4.2495
30 307 3 0.7521
30 308 40 7.8849
30 309 3 0.7110
30 310 32 6.6754
30 312 4 0.8241
30 313 40 8.7793
30 317 300 75.0324
30 319 45 10.0920
30 320 42 14.7528
30 321 32 6.3359
30 322 17 7.4750
30 323 18 3.6177
30 324 93 21.0768
30 326 43 9.0691
30 327 28 6.1569
30 328 10 2.2878
30 329 51 11.7469
30 330 2 0.4106
30 331 22 5.6241
30 332 7 1.7506
30 334 77 25.9167
30 336 2 0.5254
30 337 7 1.6504
30 338 13 2.9025
30 341 3 0.6626
30 342 15 3.2822
30 344 15 3.5605
30 345 3 0.4687
30 346 1 0.4882
30 347 6 1.5074
30 348 35 8.5071
30 349 69 16.2535
30 350 19 2.5360
30 351 5 1.1947
30 352 3 0.7307
30 354 33 7.2852
30 355 208 42.3393
30 356 1 0.2445
30 358 6 2.1635
30 359 2 0.2944
30 360 10 2.4471
30 361 69 11.1184
30 362 2 0.3150
30 363 1 0.2115
30 364 5 1.2472
30 366 29 6.1712
30 367 7 1.4027
30 368 5 1.1984
30 370 1 0.2463
30 371 3 0.6126
30 374 7 1.7190
30 375 19 3.4160
30 376 114 24.7614
30 377 19 4.2505
30 378 11 2.4462
30 379 251 76.2536
30 380 8 1.8479
30 382 19 4.3419
30 383 50 10.9715
31 1 4 1.0721
31 2 104 24.4010
31 3 44 11.0287
31 4 24 5.9704
31 5 89 22.2051
31 6 215 51.2689
31 7 47 10.1012
31 8 27 6.4252
31 9 1 0.2104
31 10 4 0.9111
31 11 3 0.5529
31 12 3 0.6962
31 13 9 1.9369
31 14 20 3.8814
31 15 4 0.8432
31 16 36 8.2564
31 17 537 136.2970
31 20 10 1.9506
31 22 37 13.8953
31 24 12 2.5214
31 25 28 5.5917
31 26 16 3.9774
31 28 12 2.7120
31 29 45 11.9592
31 30 2 0.3019
31 31 142 28.7169
31 32 6 1.1897
31 33 5 2.2026
31 34 9 1.9342
31 35 1 0.1902
31 36 42 10.3252
31 37 2 0.8284
31 38 91 22.4059
31 39 38 9.2792
31 41 25 7.3098
31 42 14 3.1254
31 43 16 4.0513
31 45 16 3.6311
31 46 45 11.0798
31 47 1 0.2166
31 48 143 35.3458
31 50 56 14.2690
31 51 22 5.7678
31 52 388 111.0234
31 53 42 9.2095
31 55 9 2.0823
31 56 92 29.9414
31 57 6 1.1483
31 58 31 7.3488
31 59 64 15.3582
31 60 1 0.2265
31 62 5 1.2356
31 63 8 1.7585
31 64 73 16.3951
31 65 6 1.4102
31 66 16 4.1277
31 68 42 11.6867
31 70 62 14.9884
31 71 11 2.9425
31 72 4 0.9010
31 75 23 4.9200
31 76 28 6.2698
31 77 18 3.8342
31 78 1 0.1780
31 80 20 4.1869
31 81 3 0.7384
31 82 1 0.2278
31 83 3 0.6510
31 85 17 3.1808
31 87 2 0.4075
31 88 327 104.6660
31 91 6 1.4490
31 92 7 2.0908
31 94 8 1.6148
31 95 3 0.6700
31 96 117 26.1909
31 97 12 2.5061
31 98 1 0.2822
31 99 3 0.5776
31 100 29 6.6739
31 101 32 7.3958
31 103 74 15.6640
31 104 30 7.7805
31 105 325 72.7154
31 107 1 0.1479
31 108 24 6.3437
31 109 23 5.9234
31 110 29 7.0018
31 111 1 0.2229
31 113 4 0.8372
31 114 10 2.3394
31 115 50 12.4070
31 116 15 3.5492
31 117 19 4.1673
31 118 18 4.4900
31 120 4 0.9753
31 121 5 1.1142
31 122 4 0.8200
31 123 4 0.9036
31 124 2 0.3920
31 125 78 17.8493
31 127 2 0.5213
31 128 3 0.6978
31 129 15 2.8066
31 130 48 10.4080
31 131 23 4.7904
31 132 5 0.8861
31 133 40 7.9469
31 134 16 3.2324
31 135 40 9.0222
31 136 4 0.9358
31 137 5 1.3412
31 138 56 12.5251
31 139 7 1.3473
31 140 3 0.6512
31 141 10 2.0035
31 142 4 0.9184
31 143 31 7.7238
31 144 9 2.0876
31 146 3 0.6278
31 147 10 2.3566
31 148 7 1.6373
31 149 17 3.8582
31 151 29 7.0155
31 152 79 18.9441
31 153 89 20.3826
31 155 62 12.9070
31 156 21 4.7206
31 157 1 0.3394
31 158 13 4.6787
31 160 10 2.8397
31 162 9 2.1753
31 164 17 3.5506
31 165 4 1.4731
31 167 15 3.1130
31 168 42 15.5379
31 169 1 0.2141
31 170 15 4.4000
31 171 33 7.1816
31 173 91 20.7710
31 174 5 1.1461
31 175 51 25.4649
31 178 7 1.6632
31 181 3 0.6916
31 182 48 11.1846
31 184 11 3.6219
31 185 96 23.8171
31 186 2 0.4003
31 187 1 0.2205
31 188 468 106.5911
31 189 1 0.4100
31 190 148 33.7121
31 193 1 0.2035
31 195 171 43.4695
31 197 13 2.9431
31 198 15 4.9279
31 199 8 3.0171
31 202 2 0.4530
31 203 86 20.2062
31 204 3 0.5666
31 206 25 6.1763
31 207 6 1.3464
31 208 5 1.1816
31 209 7 1.5232
31 210 6 1.3775
31 211 34 7.2856
31 212 8 2.0419
31 213 230 56.9881
31 215 2 0.4924
31 216 3 0.5368
31 217 93 26.3544
31 219 11 2.6849
31 220 4 0.9084
31 221 20 4.5550
31 222 5 1.0526
31 223 2 0.3619
31 225 2 0.5462
31 226 5 1.1007
31 227 1 0.2269
31 229 682 198.7566
31 230 19 4.4196
31 231 1 0.1046
31 232 23 4.7998
31 235 12 2.8690
31 236 5 1.8675
31 237 6 1.5043
31 238 21 5.1264
31 239 3 0.7678
31 240 1 0.3654
31 241 9 1.7662
31 243 8 1.8407
31 244 73 17.2828
31 245 102 22.4454
31 246 3 0.5978
31 247 9 1.9500
31 249 47 10.8010
31 250 38 8.1150
31 251 6 1.5938
31 253 23 5.6413
31 254 3 0.6353
31 255 267 59.7750
31 257 28 6.2495
31 258 49 10.8740
31 259 1 0.1250
31 260 180 48.0214
31 261 3 0.6885
31 262 4 0.9584
31 263 3 0.7601
31 266 41 8.7115
31 267 2 0.5117
31 268 7 2.0708
31 269 87 22.0322
31 270 9 2.0903
31 271 57 12.7684
31 272 15 3.5304
31 273 4 0.7381
31 274 166 39.4104
31 275 14 2.9960
31 276 538 120.6337
31 278 1 0.3389
31 279 77 18.6340
31 280 64 14.4908
31 281 64 12.4588
31 285 2 0.7770
31 286 47 14.6788
31 287 15 2.7896
31 288 8 1.5370
31 289 2 0.4365
31 291 39 9.0321
31 293 25 8.1814
31 294 22 4.6422
31 295 12 2.5239
31 296 16 4.9922
31 297 158 45.9433
31 298 79 19.3419
31 299 21 9.1627
31 300 32 7.1888
31 301 31 6.3749
31 302 3 0.6065
31 303 71 18.2923
31 304 45 11.8826
31 306 6 1.2471
31 307 1 0.2344
31 308 75 23.3268
31 310 23 10.8781
31 311 46 9.9771
31 312 7 1.5687
31 313 8 1.8311
31 314 14 3.1169
31 316 20 4.9398
31 318 104 23.8152
31 319 6 1.3609
31 321 1 0.2303
31 322 12 2.6348
31 323 4 0.7756
31 324 53 16.1065
31 325 119 31.2878
31 326 26 7.2948
31 327 14 3.1474
31 329 7 1.5456
31 330 44 14.6185
31 332 33 7.3825
31 334 16 3.4315
31 335 5 1.0580
31 336 10 2.2717
31 337 141 32.7286
31 340 20 4.8548
31 341 43 9.8912
31 342 4 0.9575
31 344 4 1.1811
31 345 21 4.4906
31 347 26 8.4630
31 348 88 19.1741
31 349 50 13.0805
31 350 65 16.4608
31 351 41 16.2652
31 352 3 0.7950
31 353 5 1.0147
31 354 126 37.6090
31 356 11 3.2152
31 357 319 82.6941
31 358 124 26.0269
31 359 32 8.1286
31 360 1 0.2286
31 361 22 5.1718
31 362 9 1.7769
31 363 9 2.0367
31 364 3 0.8513
31 365 2 0.5241
31 368 38 7.7837
31 369 1 0.5330
31 370 75 17.8497
31 371 2 0.3383
31 375 367 88.7673
31 378 11 2.5172
31 381 11 2.6352
31 382 2 0.5146
31 383 7 1.2658
32 0 5 1.1568
32 1 3 0.6640
32 2 5 1.0145
32 3 3 0.6548
32 5 18 5.2276
32 6 3 0.8467
32 7 3 0.6738
32 8 31 7.4285
32 9 6 1.2770
32 10 36 8.6507
32 11 3 0.6021
32 13 35 8.3453
32 14 68 15.3041
32 15 5 1.1865
32 16 6 1.3234
32 18 19 3.4173
32 19 347 79.7155
32 20 12 2.6615
32 23 9 2.3111
32 24 22 5.1037
32 25 33 7.3751
32 28 26 5.4283
32 29 388 95.5802
32 33 9 1.6116
32 34 4 0.8390
32 35 39 8.5733
32 36 2 0.7126
32 37 9 2.3159
32 39 8 1.6405
32 40 4 0.7974
32 41 81 24.3743
32 42 27 5.9138
32 43 29 14.4934
32 44 36 7.6474
32 45 10 3.7666
32 46 91 17.8473
32 47 7 1.5646
32 48 19 4.4978
32 49 35 8.5066
32 50 3 0.6668
32 52 6 1.2115
32 53 4 0.9633
32 54 11 3.0453
32 55 11 2.7127
32 56 2 0.4190
32 57 1 0.2346
32 58 17 3.4151
32 59 11 2.0626
32 60 5 0.9172
32 62 6 1.1296
32 63 90 19.5428
32 64 30 5.6073
32 65 1 0.0767
32 66 62 14.3566
32 67 5 1.3768
32 68 5 1.0733
32 69 40 10.2452
32 70 182 46.0196
32 71 91 26.0717
32 72 35 8.6925
32 74 7 1.2358
32 75 4 1.1610
32 77 35 7.4809
32 78 21 4.3905
32 79 5 1.1964
32 81 8 1.8116
32 82 138 29.6815
32 83 1 0.2462
32 85 1 0.1960
32 88 24 5.7540
32 89 1 0.2266
32 90 430 156.0811
32 91 142 36.7922
32 92 188 41.6681
32 94 24 5.5345
32 95 32 8.4343
32 97 22 4.9451
32 98 1 0.1779
32 100 44 9.5295
32 101 26 6.1029
32 102 10 2.1874
32 103 5 1.5082
32 105 64 16.1352
32 107 128 27.4625
32 108 1 0.2554
32 109 17 3.7561
32 110 1 0.2539
32 112 3 1.0769
32 113 34 6.4320
32 114 1 0.2190
32 115 1 0.1311
32 116 1 0.1606
32 117 56 11.3350
32 120 4 0.8314
32 121 59 13.1707
32 122 18 3.4588
32 124 68 14.2673
32 126 7 1.5185
32 128 23 4.5725
32 129 81 16.1400
32 130 2 0.4212
32 132 41 8.9216
32 133 10 3.5153
32 134 9 1.5841
32 135 3 0.7592
32 136 1 0.2121
32 137 10 3.8325
32 139 68 15.7384
32 140 12 2.7645
32 141 25 5.3692
32 142 19 4.4272
32 143 6 1.0236
32 144 16 3.8780
32 145 1 0.2226
32 146 15 3.4958
32 149 171 37.3249
32 150 20 4.2210
32 152 16 3.6790
32 153 154 34.5154
32 155 2 0.4517
32 156 29 5.8867
32 157 24 5.5295
32 159 1 0.2166
32 160 6 1.2716
32 161 22 4.6277
32 163 2 0.4814
32 165 18 4.1762
32 166 35 7.6392
32 167 32 6.9026
32 168 1 0.1381
32 169 2 0.3694
32 171 9 1.8772
32 172 2 0.4433
32 173 16 3.2803
32 174 4 0.8767
32 175 63 14.2335
32 176 1 0.2237
32 177 50 9.1108
32 178 14 3.2150
32 180 84 22.1335
32 181 6 0.9486
32 182 5 1.0856
32 183 15 3.7437
32 184 1 0.2060
32 185 1 0.1323
32 186 51 11.3323
32 188 3 0.6106
32 189 7 1.7551
32 190 31 7.0088
32 191 99 22.1154
32 194 3 0.5910
32 195 2 0.9247
32 197 11 2.4113
32 199 2 0.4036
32 200 10 2.7794
32 202 17 3.4024
32 203 7 1.5112
32 204 3 0.6464
32 205 109 41.4113
32 206 3 0.8208
32 207 13 3.2502
32 208 56 12.3128
32 209 128 31.8764
32 210 247 54.2243
32 211 191 42.2037
32 212 1 0.1620
32 215 7 1.3497
32 217 1 0.1952
32 218 30 6.4426
32 219 67 15.5529
32 220 29 6.7621
32 221 288 77.9343
32 223 7 1.5840
32 224 3 0.5140
32 225 2 0.4913
32 226 32 7.5088
32 228 1 0.1405
32 231 10 2.1746
32 232 21 4.5036
32 233 13 3.7800
32 234 61 16.2846
32 235 99 21.7691
32 236 1 0.2102
32 237 5 0.9660
32 238 6 1.5821
32 239 24 4.8548
32 240 2 0.4156
32 241 20 3.9299
32 242 4 0.9819
32 244 19 4.1466
32 245 22 5.1140
32 246 46 9.4058
32 247 14 3.2440
32 248 390 107.0746
32 250 77 16.8929
32 251 26 9.4565
32 252 3 0.4948
32 253 2 0.4283
32 254 3 0.5838
32 256 4 0.8705
32 258 11 2.5045
32 261 20 4.3719
32 262 3 0.7477
32 263 23 6.2109
32 264 24 7.4320
32 265 36 9.3634
32 266 2 0.3173
32 267 108 26.1585
32 269 16 3.1577
32 270 17 4.4241
32 271 2 0.3962
32 272 34 5.7104
32 273 9 2.2173
32 274 2 0.8810
32 275 19 4.1033
32 276 509 159.6526
32 277 299 67.0743
32 279 25 5.5344
32 280 11 2.4917
32 281 7 1.4018
32 282 1 0.2416
32 283 353 129.4507
32 284 1 0.1486
32 285 13 2.0095
32 287 38 8.1635
32 288 18 3.6507
32 289 115 24.3438
32 290 1 0.1945
32 292 27 6.0523
32 293 1 0.1730
32 294 56 15.9442
32 295 10 2.2616
32 296 3 0.6626
32 297 30 6.4915
32 299 1 0.2536
32 300 141 30.8501
32 301 1 0.4351
32 302 4 0.9644
32 303 198 43.8077
32 304 4 0.8829
32 305 119 28.8334
32 307 20 4.6300
32 309 5 1.0552
32 310 15 3.2102
32 311 3 0.6358
32 312 48 11.6880
32 313 9 2.0138
32 314 3 0.5532
32 315 8 3.8061
32 316 5 0.9936
32 318 3 0.8396
32 321 7 1.5849
32 322 16 3.3764
32 323 13 3.3745
32 324 7 1.7079
32 325 78 18.1669
32 326 2 0.4766
32 329 44 9.2214
32 332 5 1.0270
32 333 27 8.8233
32 335 5 0.9734
32 336 3 0.6653
32 337 84 18.5227
32 338 94 25.6611
32 339 293 68.6970
32 340 51 10.8590
32 341 21 4.7695
32 342 1 0.4059
32 343 4 0.8242
32 344 142 34.5148
32 345 2 0.4048
32 346 150 34.0330
32 347 7 2.3606
32 348 67 14.4327
32 349 1 0.2540
32 350 13 5.9003
32 352 5 1.6397
32 353 7 1.7443
32 354 11 2.2535
32 355 69 15.1974
32 356 20 4.1929
32 357 2 0.4641
32 358 2 0.5311
32 359 8 1.6327
32 360 10 2.0596
32 361 1 0.2212
32 362 9 1.9393
32 363 51 13.3101
32 364 24 6.6693
32 365 59 13.4556
32 366 13 4.8145
32 367 46 10.3600
32 368 18 3.7695
32 371 1 0.1975
32 373 82 20.7695
32 374 19 4.4381
32 375 20 4.4240
32 376 93 19.7090
32 377 7 2.1282
32 378 254 76.0464
32 380 1 0.2644
32 383 97 25.3405
33 0 16 3.4430
33 1 57 19.0456
33 2 92 27.2959
33 3 103 26.7874
33 4 1 0.1797
33 5 15 2.7954
33 7 63 15.0060
33 8 2 0.4840
33 9 114 27.4427
33 10 384 93.6223
33 11 4 0.8864
33 12 1 0.2431
33 13 59 17.4987
33 15 30 7.2490
33 16 40 8.4810
33 17 76 16.6062
33 19 10 1.9898
33 20 3 0.6622
33 21 40 8.7826
33 22 616 158.7122
33 23 40 7.4264
33 24 13 2.5131
33 25 12 3.4865
33 26 1 0.2169
33 28 494 124.2850
33 29 3 0.7343
33 30 65 15.2974
33 31 1 0.1206
33 32 117 29.5440
33 33 4 0.7735
33 34 12 3.6445
33 35 17 5.5845
33 36 11 2.3917
33 38 26 5.5197
33 40 2 0.6393
33 41 3 0.7153
33 42 2 0.4281
33 43 1 0.1794
33 44 28 5.6722
33 46 20 5.0212
33 48 42 9.0058
33 49 5 0.9704
33 50 46 9.3354
33 51 1 0.4126
33 53 11 4.7161
33 54 10 2.3928
33 55 10 1.9181
33 59 11 2.5373
33 60 54 12.6491
33 61 16 3.2515
33 62 3 0.6674
33 64 45 9.4535
33 66 12 2.8290
33 67 144 31.5469
33 68 20 7.1078
33 69 154 41.2093
33 70 4 0.8417
33 71 2 0.2901
33 72 2 0.3033
33 74 1 0.1789
33 75 32 6.8647
33 76 18 3.7515
33 77 5 1.1143
33 79 8 1.6347
33 80 33 7.0818
33 81 15 3.2739
33 82 3 0.6665
33 83 6 1.4153
33 84 2 0.3141
33 87 102 23.1156
33 88 23 5.2710
33 91 8 1.8663
33 92 20 4.4099
33 95 8 2.3210
33 96 39 10.4422
33 97 20 3.9982
33 98 26 6.2676
33 100 4 0.7846
33 101 16 3.3547
33 102 18 3.9178
33 104 19 3.9981
33 105 17 3.7759
33 106 4 0.5796
33 107 5 1.1760
33 108 26 6.1496
33 109 26 10.3971
33 111 5 1.4563
33 113 2 0.5002
33 115 1 0.4045
33 116 97 22.2971
33 117 3 0.6804
33 118 27 5.9589
33 119 64 15.5096
33 122 164 45.0104
33 123 20 4.2009
33 124 1 0.1799
33 125 36 8.9474
33 126 3 0.9217
33 128 1 0.1545
33 129 1 0.1939
33 130 22 5.0447
33 131 1 0.2855
33 133 1 0.2808
33 134 450 100.8864
33 135 75 17.0717
33 137 2 0.2424
33 138 2 0.3997
33 139 1 0.1864
33 140 31 7.5891
33 141 18 3.4928
33 142 1 0.2341
33 143 33 7.1260
33 144 30 8.6660
33 145 184 53.8100
33 147 5 1.0610
33 148 11 2.5728
33 149 3 0.5974
33 150 1 0.1871
33 151 28 5.9253
33 153 212 49.7242
33 154 198 48.1335
33 157 37 10.8045
33 158 1 0.1710
33 159 42 11.8880
33 160 2 0.3199
33 161 4 0.8702
33 163 14 3.5160
33 164 12 3.9065
33 165 11 2.1187
33 166 13 2.9657
33 167 4 1.1436
33 168 11 2.9730
33 169 4 0.9032
33 173 30 6.9007
33 174 12 2.4811
33 175 8 1.4506
33 176 5 1.0383
33 177 1 0.2151
33 178 34 7.5683
33 179 26 5.0423
33 180 16 3.3154
33 182 8 1.7843
33 183 12 3.1462
33 185 77 17.6552
33 186 33 6.2449
33 187 40 9.5128
33 188 18 3.1119
33 189 2 0.3509
33 190 408 99.0782
33 191 11 2.1562
33 192 44 10.3019
33 193 4 1.0478
33 194 28 6.0736
33 196 114 46.1299
33 198 18 4.3224
33 199 2 0.5386
33 201 11 2.4103
33 202 11 2.2178
33 203 11 2.5204
33 204 7 1.8956
33 205 6 1.3952
33 206 5 1.1820
33 208 42 7.3250
33 209 41 8.9906
33 210 65 13.8940
33 211 11 2.3467
33 212 15 2.9968
33 214 22 4.3909
33 215 81 35.3850
33 216 5 0.8733
33 217 1 0.2066
33 218 46 9.6125
33 219 2 0.4393
33 220 6 1.2740
33 221 29 7.0288
33 222 4 0.8129
33 223 40 8.5188
33 224 8 1.6537
33 225 18 3.8315
33 228 41 10.4726
33 232 272 70.6272
33 233 16 3.6285
33 234 2 0.3832
33 235 103 23.2045
33 236 9 1.8166
33 238 46 9.9163
33 240 34 7.8473
33 241 33 9.3131
33 242 7 2.3112
33 244 34 8.3873
33 245 10 2.3642
33 246 12 3.4392
33 247 13 2.6218
33 248 18 4.7001
33 250 6 1.1311
33 251 36 7.6771
33 252 17 3.5651
33 253 20 4.2333
33 254 2 0.3039
33 255 26 8.5551
33 256 5 0.9448
33 257 11 2.3254
33 259 1 0.2116
33 260 13 3.2292
33 261 4 0.9163
33 263 5 1.1241
33 264 6 1.2475
33 265 4 1.1287
33 266 29 6.0145
33 268 56 12.7319
33 270 2 0.7756
33 271 17 3.7164
33 273 1 0.1702
33 274 3 0.6329
33 275 23 4.9684
33 276 178 47.6512
33 277 16 2.9159
33 278 6 1.2855
33 280 18 3.1926
33 281 1 0.2402
33 282 63 14.6788
33 283 221 86.1036
33 284 10 2.2255
33 286 39 8.1568
33 287 1 0.1704
33 288 8 1.9839
33 289 18 3.9981
33 290 3 0.7786
33 291 62 13.9369
33 293 2 0.3334
33 294 6 1.3531
33 295 2 0.4952
33 297 46 10.5764
33 299 75 23.2977
33 300 40 7.6742
33 301 340 99.7240
33 302 22 4.7069
33 303 6 1.4101
33 304 1 0.1785
33 305 14 3.0890
33 306 141 42.3134
33 307 62 14.1067
33 309 41 16.2603
33 310 57 10.7628
33 311 81 16.7330
33 313 15 4.5187
33 314 9 2.3794
33 315 22 4.3349
33 316 71 14.8059
33 317 4 0.7628
33 318 66 13.9897
33 319 13 2.8254
33 320 5 1.1359
33 322 3 0.7183
33 323 19 3.8890
33 324 9 2.1481
33 325 31 6.5385
33 326 22 5.0074
33 327 81 18.1917
33 328 2 0.3388
33 329 12 2.3225
33 330 81 22.1887
33 333 11 2.4902
33 334 4 0.9603
33 337 113 25.1062
33 338 17 3.7443
33 339 31 13.0659
33 340 4 0.7394
33 342 2 0.3552
33 343 32 7.1516
33 345 2 0.5930
33 346 28 8.8809
33 347 21 4.4880
33 348 3 0.6628
33 349 5 0.8451
33 350 14 3.5671
33 351 26 5.4098
33 352 1 0.1887
33 354 1 0.2859
33 355 3 0.7186
33 356 15 3.1080
33 357 1 0.3038
33 358 114 40.2680
33 359 11 2.2283
33 360 2 0.3176
33 361 3 0.3791
33 362 58 11.4816
33 364 24 4.8602
33 365 25 6.2690
33 366 4 0.7245
33 367 52 11.7407
33 368 125 27.5463
33 369 1 0.2043
33 371 12 3.0579
33 373 4 0.8677
33 374 52 10.9112
33 376 12 2.5928
33 378 1 0.1976
33 380 99 21.9155
33 381 26 5.9777
34 0 6 1.8982
34 1 19 4.6436
34 3 21 4.4367
34 4 20 4.2110
34 5 6 1.1569
34 6 17 3.9891
34 7 38 9.3832
34 8 109 27.7754
34 11 1 0.1704
34 12 4 0.7963
34 13 1 0.2333
34 14 34 6.8884
34 16 1 0.1754
34 17 4 1.8051
34 18 5 1.1077
34 19 14 2.9208
34 20 20 4.8300
34 21 4 0.7320
34 22 17 3.3214
34 24 15 3.4393
34 27 38 8.2566
34 28 1 0.2285
34 29 1 0.1556
34 31 44 10.8021
34 32 121 30.9619
34 33 8 1.7060
34 34 21 4.2639
34 35 2 0.4230
34 36 4 0.7197
34 38 4 0.7174
34 39 24 4.4155
34 41 1 0.1977
34 42 12 2.8479
34 43 55 11.0820
34 44 19 3.2319
34 45 12 2.4517
34 46 50 9.7694
34 47 9 1.9810
34 48 6 1.1942
34 49 3 0.7638
34 50 2 0.4259
34 52 9 1.9415
34 53 4 0.9792
34 54 20 4.2874
34 55 2 0.6116
34 56 3 0.7649
34 57 7 1.7823
34 58 7 1.2180
34 60 12 2.9782
34 61 2 0.4019
34 62 1 0.2188
34 63 24 5.7258
34 64 5 1.2161
34 65 221 83.4283
34 66 14 2.6465
34 67 5 1.5309
34 68 5 1.4012
34 69 1 0.2180
34 70 22 4.2239
34 71 1 0.1366
34 74 88 19.6564
34 75 63 15.7887
34 76 3 0.6051
34 78 51 9.7877
34 79 10 1.9217
34 80 63 22.6540
34 81 25 6.8508
34 82 16 4.1660
34 84 51 14.6352
34 85 13 2.5632
34 86 1 0.1389
34 87 1 0.2089
34 88 3 0.5758
34 89 4 0.7874
34 90 21 6.4086
34 91 1 0.1253
34 92 47 13.2845
34 93 1 0.1291
34 94 52 15.5079
34 95 7 1.7530
34 97 16 3.4498
34 98 19 4.2443
34 99 2 0.4699
34 100 1 0.2980
34 101 233 52.8983
34 102 9 1.7525
34 103 166 50.0341
34 104 7 1.4545
34 105 18 3.2527
34 106 54 12.5354
34 107 10 2.2942
34 108 57 15.2708
34 109 6 1.1360
34 110 3 0.7274
34 111 18 3.7410
34 112 1 0.1803
34 114 2 0.7216
34 115 9 2.9494
34 116 3 0.9138
34 117 88 25.7010
34 119 35 9.9278
34 120 25 4.4156
34 122 385 84.6787
34 124 12 2.3520
34 125 103 24.8438
34 126 9 1.7055
34 127 11 2.3824
34 128 76 16.4947
34 129 14 3.1114
34 131 34 8.3722
34 132 8 1.6649
34 133 16 3.2961
34 134 106 23.0292
34 135 1 0.0946
34 136 1 0.2757
34 137 5 1.0184
34 138 42 8.9002
34 139 1 0.1403
34 140 29 6.0979
34 141 56 11.3723
34 142 38 7.3961
34 144 6 1.2844
34 146 83 37.3555
34 147 1 0.2380
34 148 45 9.6070
34 149 21 5.6877
34 150 59 19.6681
34 152 29 8.0427
34 155 51 10.6414
34 158 8 1.6760
34 159 29 7.0573
34 160 6 1.3987
34 161 9 1.6509
34 162 13 2.7587
34 163 27 5.6721
34 164 20 8.5886
34 166 425 94.4968
34 167 46 8.9902
34 168 82 18.5331
34 170 11 2.6046
34 171 3 0.5998
34 172 24 6.3000
34 173 13 2.0591
34 174 3 0.7713
34 175 9 1.8853
34 176 9 1.6668
34 177 24 4.8272
34 178 212 64.0311
34 179 9 2.2672
34 181 8 1.8575
34 182 25 3.6095
34 183 52 11.5970
34 185 43 11.1144
34 186 17 5.1953
34 187 41 9.3505
34 188 51 13.0712
34 190 37 8.4448
34 192 25 5.6701
34 193 63 12.8219
34 195 3 0.5728
34 196 14 2.6441
34 198 3 0.7276
34 199 13 2.4149
34 200 1 0.1765
34 201 4 1.3413
34 203 8 1.7330
34 204 100 26.6600
34 205 3 0.6248
34 206 20 4.7343
34 207 45 7.1925
34 208 14 2.8936
34 209 34 9.7267
34 210 1 0.2606
34 211 3 0.7387
34 213 15 3.3839
34 214 13 2.5880
34 215 22 4.0384
34 216 3 0.5898
34 217 14 2.4939
34 218 27 9.1440
34 219 1 0.1926
34 220 5 0.8276
34 221 13 5.4054
34 223 22 7.1949
34 225 170 36.2423
34 227 26 4.4980
34 228 82 28.7035
34 229 15 2.7732
34 230 1 0.2263
34 231 4 0.7782
34 232 10 2.5350
34 233 12 2.1349
34 234 9 1.8582
34 235 8 1.3630
34 236 28 5.6971
34 237 4 0.7296
34 239 577 203.9384
34 240 2 0.3569
34 241 20 4.1220
34 242 5 0.8891
34 243 15 2.9444
34 245 27 6.0700
34 246 11 2.6490
34 247 4 0.6409
34 248 7 2.3407
34 249 20 4.2336
34 250 24 4.7218
34 251 2 0.3001
34 252 34 6.7033
34 253 7 1.9167
34 254 27 5.2695
34 255 2 0.4173
34 256 3 0.6518
34 258 3 0.6822
34 259 247 57.1734
34 260 29 6.1785
34 261 112 26.5222
34 262 5 1.0783
34 263 11 2.0732
34 264 24 5.2519
34 265 3 0.6908
34 266 3 0.6763
34 268 97 58.1573
34 269 42 11.2477
34 270 14 2.6488
34 271 66 17.0204
34 273 1 0.1633
34 274 236 53.5385
34 275 619 143.4240
34 276 5 0.8501
34 277 28 7.5234
34 278 19 3.6839
34 279 1 0.1726
34 280 5 1.2681
34 281 9 1.3625
34 284 4 0.8433
34 285 9 2.3255
34 286 15 3.3088
34 287 1 0.1226
34 288 21 4.1728
34 290 46 10.3833
34 291 23 5.4442
34 293 103 24.7536
34 294 2 0.4837
34 296 52 11.7112
34 297 4 0.7167
34 298 5 0.9588
34 299 9 2.1314
34 300 3 0.6341
34 301 21 4.2121
34 302 1 0.1760
34 304 1 0.1367
34 307 66 13.5104
34 308 14 3.2504
34 309 36 11.8958
34 310 1 0.2216
34 311 18 4.0086
34 312 5 1.0427
34 313 27 5.4664
34 316 38 7.7946
34 317 72 15.6092
34 318 165 42.8735
34 319 128 33.3126
34 321 2 0.5043
34 323 2 0.5786
34 324 32 11.6330
34 325 2 0.2839
34 326 10 2.8723
34 327 1 0.2026
34 328 13 5.2575
34 329 4 0.7909
34 330 1 0.2214
34 332 6 1.2930
34 333 15 3.1154
34 334 1 0.1659
34 335 35 9.9629
34 336 9 1.8018
34 337 221 46.8385
34 338 24 4.9896
34 339 5 0.9547
34 341 24 4.6509
34 342 44 10.7390
34 343 18 3.8275
34 344 2 0.3512
34 345 73 15.2226
34 348 16 3.6193
34 349 9 1.9779
34 351 6 0.8757
34 352 68 13.8771
34 353 16 3.2922
34 354 41 8.4776
34 355 132 28.4892
34 356 81 17.4040
34 357 9 1.4944
34 358 4 0.7671
34 359 8 1.6771
34 360 20 4.1062
34 363 1 0.2029
34 365 25 5.5116
34 366 13 2.9813
34 368 42 8.4564
34 370 4 1.1771
34 371 18 3.5946
34 372 2 0.4722
34 373 21 5.2540
34 374 3 0.7225
34 375 4 0.8078
34 376 12 2.4328
34 377 1 0.2146
34 379 5 1.0260
34 380 11 2.4260
34 381 4 1.2875
34 382 4 0.9313
34 383 3 0.7607
35 0 11 2.2337
35 1 8 1.7997
35 2 3 0.6008
35 3 5 1.2497
35 4 37 8.9443
35 5 2 0.3714
35 6 35 7.9170
35 9 10 2.8219
35 11 130 29.5594
35 13 1 0.2182
35 15 35 7.5086
35 16 7 1.5370
35 17 14 3.9421
35 18 81 16.4549
35 19 17 4.1278
35 20 4 0.9821
35 21 1 0.1794
35 23 1 0.2573
35 24 16 3.3173
35 25 36 7.6393
35 26 8 2.1175
35 27 4 0.6892
35 28 10 1.9124
35 29 5 1.1972
35 30 5 1.1228
35 33 6 1.8500
35 34 71 18.4702
35 35 2 0.5802
35 36 22 5.4285
35 37 1 0.1717
35 38 54 15.3168
35 39 9 1.8794
35 41 70 14.8319
35 42 7 1.8519
35 44 3 0.5147
35 46 247 60.9234
35 47 28 9.4355
35 49 37 10.4682
35 51 2 0.2833
35 52 8 2.3897
35 53 50 12.1316
35 54 3 0.5754
35 58 35 10.5581
35 59 8 1.6861
35 60 1 0.1653
35 61 151 34.4437
35 62 36 7.3067
35 63 10 2.4030
35 66 2 0.3303
35 67 1 0.1941
35 68 73 15.7123
35 71 1 0.2095
35 72 2 0.3664
35 74 4 0.8300
35 75 73 19.3626
35 76 1 0.4139
35 77 7 1.6884
35 78 5 0.8053
35 79 93 21.2330
35 80 9 2.3741
35 81 38 7.7245
35 82 1 0.1770
35 84 13 3.1959
35 85 4 0.8842
35 86 4 0.7755
35 87 2 0.4227
35 88 35 10.4968
35 90 5 0.8406
35 91 6 1.2213
35 92 10 2.2051
35 93 8 1.8642
35 94 20 4.3947
35 97 1 0.1559
35 98 21 5.6325
35 99 3 0.5872
35 100 2 0.4050
35 101 13 2.5498
35 102 24 7.0531
35 103 192 40.1778
35 104 106 28.3121
35 105 1 0.2061
35 106 5 1.3394
35 107 3 0.6575
35 108 1 0.1871
35 110 5 1.0429
35 111 19 4.2674
35 112 25 6.6844
35 113 13 2.6759
35 116 27 8.6420
35 117 66 13.8844
35 118 174 46.5929
35 119 22 5.8604
35 120 4 0.8662
35 121 16 4.1768
35 122 17 3.8193
35 123 3 0.5237
35 124 15 3.0994
35 125 10 2.3205
35 126 4 0.7416
35 127 36 11.7716
35 128 3 0.6108
35 129 6 1.3286
35 130 5 0.9887
35 131 71 15.4418
35 132 11 2.3266
35 133 9 1.8775
35 134 1 0.1623
35 135 15 3.5081
35 136 64 15.3120
35 139 2 0.6272
35 140 30 7.4305
35 141 31 8.5789
35 144 16 3.4714
35 145 4 0.6904
35 146 93 21.2185
35 147 11 2.4932
35 149 1 0.2025
35 151 27 5.8484
35 152 33 7.9874
35 153 142 29.3566
35 154 63 14.1686
35 155 19 4.5808
35 157 4 1.0791
35 158 27 6.3100
35 159 1 0.1205
35 160 4 0.7315
35 161 20 4.5784
35 162 101 20.7032
35 163 28 5.8364
35 164 21 3.2091
35 165 1 0.5030
35 166 2 0.4820
35 167 6 1.1368
35 169 1 0.1864
35 171 63 14.9425
35 172 7 1.9043
35 174 33 7.1092
35 176 11 2.3432
35 177 97 34.5181
35 178 56 12.9524
35 180 56 11.0342
35 182 25 6.9804
35 183 3 0.6331
35 184 1 0.1769
35 186 1 0.1321
35 187 5 0.9320
35 190 12 2.4921
35 191 26 5.6286
35 193 85 20.7601
35 194 4 1.0468
35 195 2 0.3312
35 196 13 2.6660
35 197 7 1.4334
35 199 58 18.9428
35 200 1 0.1945
35 201 20 4.2475
35 203 66 15.8786
35 204 1 0.2337
35 205 7 2.1318
35 206 89 25.5538
35 207 3 0.6568
35 208 2 0.4287
35 209 1 0.1994
35 210 19 3.4268
35 211 12 3.0567
35 212 2 0.4639
35 213 1 0.3537
35 214 4 0.8884
35 215 367 104.0683
35 216 21 4.7223
35 217 3 0.5246
35 218 25 6.7735
35 219 8 1.5161
35 221 23 4.8370
35 224 148 40.2477
35 225 5 0.9326
35 227 1 0.1423
35 228 1 0.1942
35 229 68 15.5387
35 230 7 1.4143
35 232 29 8.2109
35 233 13 2.7879
35 234 18 6.6792
35 236 7 1.4026
35 237 23 4.8768
35 238 5 1.1810
35 239 6 1.2742
35 240 11 2.8977
35 243 2 0.3999
35 244 2 0.4410
35 245 2 0.3907
35 246 25 9.0408
35 247 13 2.1281
35 248 8 1.9260
35 249 1 0.2050
35 250 6 3.0052
35 251 17 3.5386
35 252 3 0.5863
35 253 4 0.8280
35 254 28 6.3630
35 255 11 3.1143
35 256 1 0.2541
35 258 3 0.7136
35 259 11 1.9549
35 260 3 0.7390
35 261 9 1.5549
35 262 137 32.0172
35 263 25 5.0528
35 264 15 2.7523
35 266 19 4.1695
35 267 28 9.1564
35 268 3 0.5742
35 270 31 6.1004
35 272 1 0.1809
35 273 39 9.9346
35 274 1 0.2497
35 275 151 32.3618
35 276 19 3.8480
35 277 41 8.7309
35 279 43 12.0848
35 280 10 2.4317
35 281 4 0.9868
35 282 6 1.1131
35 284 15 3.1922
35 286 16 3.6768
35 287 16 3.4845
35 288 7 1.4341
35 289 2 0.5131
35 290 2 0.3938
35 292 6 1.5837
35 293 370 144.5606
35 294 1 0.1869
35 295 20 5.0081
35 296 14 4.6879
35 298 36 8.1301
35 299 8 2.0578
35 300 17 5.4065
35 302 3 0.5804
35 303 31 7.9123
35 304 8 2.6226
35 305 73 21.2597
35 306 246 60.1912
35 307 58 12.1573
35 308 2 0.3972
35 309 55 12.0056
35 310 2 0.4540
35 311 132 27.8319
35 312 20 7.1730
35 313 86 24.2626
35 314 6 1.0514
35 315 120 26.1040
35 316 34 8.8531
35 317 22 5.1055
35 319 4 0.8181
35 320 3 0.7032
35 321 10 2.5291
35 322 4 0.7572
35 324 327 95.2313
35 325 9 2.1826
35 326 33 7.4060
35 327 6 1.2586
35 328 9 2.0996
35 329 2 0.4238
35 330 11 2.3067
35 331 2 0.4492
35 332 43 13.4088
35 333 106 24.0761
35 334 98 24.0653
35 335 108 21.9744
35 336 6 1.6842
35 337 1 0.1275
35 338 6 1.2943
35 339 40 8.9989
35 340 8 2.1278
35 341 3 1.0943
35 342 1 0.1927
35 343 8 1.6859
35 344 19 4.6382
35 345 2 0.4216
35 346 28 6.0385
35 347 86 23.0702
35 348 43 9.7119
35 350 20 5.3434
35 351 6 1.3650
35 352 6 1.9335
35 353 16 3.3809
35 354 1 0.2625
35 355 202 43.7082
35 356 45 8.1409
35 357 2 0.3960
35 358 2 0.4767
35 359 46 10.5079
35 361 11 2.1716
35 362 62 14.7137
35 363 31 8.1212
35 365 364 91.7511
35 366 29 12.7062
35 367 2 0.3490
35 368 2 0.4084
35 369 44 8.8758
35 370 1 0.2053
35 371 9 2.2471
35 373 20 6.1553
35 374 26 5.2529
35 377 196 51.0050
35 379 7 1.5053
35 381 15 3.1568
35 382 28 5.9689
35 383 22 5.0331
36 0 2 0.2507
36 1 11 2.0587
36 3 16 3.8158
36 4 46 14.6081
36 5 1 0.1685
36 6 1 0.1583
36 7 19 8.5540
36 8 2 0.4404
36 9 6 1.0237
36 12 19 3.5421
36 13 32 7.7770
36 14 1 0.1730
36 15 2 0.3405
36 16 21 4.2105
36 17 16 4.2364
36 18 22 4.5330
36 21 3 0.5192
36 22 104 20.3858
36 23 10 3.9309
36 24 4 0.7543
36 25 12 3.0802
36 26 10 2.0262
36 27 3 0.5467
36 28 152 30.9337
36 29 14 3.3309
36 30 5 0.7195
36 32 68 14.3398
36 34 15 2.4601
36 35 2 0.3432
36 36 21 6.0532
36 38 13 2.3894
36 40 19 3.2934
36 41 25 4.8240
36 42 28 5.3446
36 43 77 15.8587
36 44 3 0.6482
36 45 5 0.8632
36 46 6 1.3556
36 47 8 1.8586
36 48 2 0.3564
36 50 42 8.1767
36 51 22 3.7756
36 52 12 3.1027
36 53 11 3.4019
36 55 28 5.3501
36 56 154 26.9429
36 57 4 0.6952
36 58 5 0.9607
36 59 95 24.9514
36 61 32 6.3260
36 62 7 1.3631
36 63 20 5.1733
36 64 44 7.6474
36 65 7 1.7386
36 66 4 0.5767
36 67 18 4.4029
36 69 37 7.1883
36 70 3 1.0172
36 72 3 0.7699
36 73 5 1.2690
36 74 8 1.7849
36 76 6 1.3244
36 78 5 0.6941
36 79 8 1.5470
36 80 102 27.3853
36 82 60 12.3019
36 83 78 15.4632
36 84 5 1.0681
36 85 15 8.4830
36 89 1 0.1581
36 91 7 1.3611
36 93 35 7.3943
36 94 43 7.9879
36 95 16 4.2836
36 97 2 0.3841
36 98 30 9.4482
36 99 28 8.4199
36 100 8 2.0425
36 101 38 8.1859
36 102 3 0.4281
36 103 35 9.2739
36 104 2 0.3190
36 106 4 0.8074
36 108 15 2.8265
36 110 3 0.6129
36 111 11 2.1587
36 112 4 0.7485
36 113 4 1.5646
36 114 217 47.9774
36 118 10 1.7744
36 119 1 0.1599
36 121 26 5.6618
36 123 8 1.5453
36 125 8 1.2802
36 126 8 1.4536
36 128 10 1.5937
36 129 1 0.1721
36 130 11 3.1108
36 134 38 10.8212
36 135 19 3.4948
36 137 10 2.0242
36 138 6 1.6314
36 139 32 5.6129
36 140 2 0.3859
36 142 2 0.5659
36 143 4 0.5776
36 144 1 0.1987
36 146 44 8.3719
36 149 3 0.5867
36 150 1 0.2103
36 152 3 0.9838
36 154 3 0.5008
36 156 1 0.1298
36 157 17 4.0636
36 158 46 8.5459
36 159 17 5.4894
36 160 43 10.1675
36 161 8 1.4164
36 162 4 0.7941
36 163 2 0.3039
36 164 5 0.9289
36 165 5 1.2286
36 166 16 4.0700
36 167 2 0.4418
36 169 7 1.1465
36 170 11 2.5622
36 171 22 4.9719
36 172 23 5.5352
36 173 6 1.1263
36 174 19 3.9400
36 175 2 0.3656
36 176 7 1.0667
36 177 1 0.1794
36 178 2 0.4160
36 179 1 0.2675
36 180 2 0.3627
36 181 2 0.3740
36 182 56 15.9177
36 183 16 2.8752
36 184 31 9.4884
36 185 7 1.1832
36 186 20 3.4181
36 187 60 26.7450
36 189 2 0.4523
36 190 100 19.4580
36 191 5 1.0565
36 192 31 6.8475
36 194 4 1.0568
36 195 8 1.9822
36 196 5 1.3049
36 197 114 20.0809
36 199 20 5.1482
36 200 5 0.6965
36 201 46 9.5884
36 202 31 11.9157
36 204 41 8.1089
36 205 4 0.8558
36 208 3 0.5768
36 209 40 8.7118
36 210 7 1.6340
36 211 18 3.7669
36 212 24 8.7784
36 214 7 1.1368
36 216 1 0.1484
36 217 42 8.6378
36 218 4 0.6077
36 220 14 3.8293
36 222 94 17.4689
36 223 20 5.9256
36 224 5 0.8000
36 225 1 0.2840
36 227 9 1.7458
36 228 4 0.6848
36 229 24 4.5570
36 230 18 3.4248
36 231 114 21.7681
36 232 1 0.2029
36 233 72 25.7662
36 234 12 3.1531
36 235 2 0.4296
36 236 15 3.9000
36 238 14 3.6770
36 240 13 2.3402
36 242 6 1.3299
36 244 36 11.8411
36 245 6 1.3297
36 246 64 10.6546
36 247 6 0.9734
36 248 17 4.2440
36 250 10 2.7611
36 252 15 2.9092
36 253 221 45.8148
36 255 5 1.0265
36 257 38 17.1366
36 258 42 9.2129
36 259 3 0.9561
36 260 9 1.8953
36 262 19 4.6370
36 263 22 3.8072
36 264 11 2.0954
36 265 21 5.2516
36 266 4 0.6879
36 267 7 1.2564
36 268 30 6.7520
36 270 12 2.5773
36 271 7 2.0801
36 272 18 4.4882
36 273 101 23.6013
36 274 40 7.0500
36 276 52 9.8130
36 277 62 19.8729
36 279 224 47.4172
36 280 19 3.7247
36 281 1 0.3172
36 282 1 0.1676
36 283 3 0.6674
36 284 67 13.2702
36 285 6 1.0850
36 287 17 3.0478
36 288 71 12.8094
36 289 46 13.7387
36 291 12 2.5033
36 292 9 2.6559
36 293 6 0.9774
36 294 40 6.6742
36 295 1 0.1307
36 296 16 2.9851
36 298 2 0.4297
36 299 54 10.4510
36 300 16 3.0782
36 301 94 17.0879
36 302 170 37.2420
36 303 4 0.8245
36 304 20 3.8959
36 305 140 30.7406
36 306 59 12.2308
36 307 35 12.2241
36 308 12 2.7355
36 309 13 2.2275
36 310 35 6.4272
36 311 7 1.7636
36 312 10 1.5736
36 313 771 295.9065
36 314 2 0.3727
36 315 2 0.4553
36 316 18 3.0933
36 317 28 7.5461
36 318 60 11.3107
36 319 4 0.6546
36 320 25 4.3805
36 322 71 17.9921
36 323 60 11.0994
36 324 33 12.3513
36 325 35 11.1456
36 327 17 3.7711
36 329 117 23.7395
36 330 5 0.9044
36 332 6 0.9073
36 333 17 4.6254
36 334 3 0.6417
36 336 14 3.6924
36 337 24 5.7383
36 339 60 15.6105
36 340 173 34.1675
36 342 104 22.6141
36 343 14 2.8642
36 344 3 0.4253
36 345 4 0.7325
36 346 445 192.2910
36 348 1 0.2139
36 349 11 2.3379
36 350 64 14.3559
36 354 151 38.1660
36 355 15 3.5046
36 356 1 0.2433
36 359 76 15.6173
36 361 42 7.5914
36 362 1 0.1886
36 363 31 9.2586
36 366 33 8.7204
36 367 21 4.0721
36 369 21 6.9176
36 371 4 0.8304
36 372 18 6.1094
36 373 37 10.2471
36 374 31 5.6492
36 377 1 0.1926
36 379 3 1.1878
36 380 4 0.9123
36 381 13 2.4245
36 382 10 1.8808
37 1 67 13.9657
37 2 14 3.3651
37 3 9 2.0553
37 4 21 4.5977
37 5 36 8.7711
37 6 62 13.6111
37 7 7 1.9039
37 8 27 7.1715
37 9 21 5.4974
37 10 13 2.9648
37 11 13 2.4150
37 12 7 2.2958
37 13 30 6.4426
37 14 6 0.9615
37 15 42 9.4966
37 16 28 6.1848
37 18 22 4.9145
37 19 39 8.1581
37 20 9 1.9534
37 21 22 4.3246
37 22 20 3.9080
37 23 14 3.7997
37 24 1 0.1704
37 26 107 34.5160
37 27 3 0.5767
37 28 3 0.6564
37 29 1 0.1223
37 30 68 28.8284
37 31 8 1.5112
37 32 34 10.3193
37 33 23 4.6617
37 34 9 2.2422
37 35 19 3.6176
37 36 13 3.5777
37 37 75 19.7680
37 38 32 5.7275
37 39 69 18.8872
37 40 29 6.5624
37 42 29 6.0886
37 43 25 7.3265
37 44 2 0.4118
37 45 16 3.2086
37 46 31 9.9073
37 47 12 2.3077
37 49 5 1.0008
37 50 9 1.7563
37 51 29 6.6568
37 52 5 1.4382
37 53 35 10.3346
37 54 26 5.3039
37 55 54 15.1446
37 56 43 9.9313
37 57 2 0.2771
37 58 21 4.4215
37 59 8 2.0894
37 60 7 1.5506
37 61 48 9.9719
37 64 12 1.6066
37 65 10 2.1118
37 66 2 0.5399
37 67 33 7.1246
37 68 29 11.6714
37 69 1 0.0885
37 70 14 3.5555
37 71 78 17.1148
37 72 41 9.3638
37 73 27 7.7421
37 74 5 1.0495
37 75 3 0.5045
37 76 18 3.3846
37 77 2 0.4587
37 78 33 12.4079
37 79 15 3.3846
37 81 2 0.2952
37 82 4 0.7233
37 83 72 25.7901
37 84 13 3.0241
37 85 6 2.6553
37 86 1 0.2080
37 89 1 0.2500
37 90 7 1.3598
37 91 4 0.9173
37 93 4 0.8574
37 95 15 3.6920
37 97 16 3.6938
37 98 11 3.1583
37 99 1 0.1407
37 100 25 7.9167
37 102 24 5.7927
37 103 10 1.9495
37 104 10 1.9395
37 105 93 32.4109
37 107 27 4.6565
37 109 1 0.2507
37 110 7 1.5450
37 112 24 6.2843
37 113 5 0.8999
37 114 2 0.3784
37 116 7 1.8256
37 117 12 1.9487
37 118 2 0.3668
37 119 42 7.1365
37 121 16 3.8466
37 123 60 17.9381
37 124 15 4.2502
37 125 13 2.1423
37 126 8 2.2123
37 127 8 1.8875
37 128 71 21.3447
37 129 9 1.8035
37 130 71 14.4738
37 131 18 3.9451
37 132 47 9.9431
37 134 6 1.4867
37 135 58 14.7108
37 136 36 12.5658
37 137 1 0.2172
37 138 34 6.9896
37 140 3 0.7898
37 141 13 4.3763
37 142 14 2.7513
37 144 27 8.1059
37 145 3 0.8249
37 147 8 1.2579
37 148 14 3.0307
37 154 4 0.8405
37 155 6 0.9681
37 156 36 8.2373
37 157 37 9.4224
37 158 14 2.5678
37 160 57 14.2495
37 161 12 2.5560
37 162 5 1.0812
37 163 61 13.1305
37 164 1 0.1936
37 165 23 4.7422
37 166 11 2.5513
37 167 29 6.0797
37 168 72 14.2078
37 169 10 2.1167
37 170 24 5.2674
37 171 42 14.0129
37 172 14 2.6977
37 173 10 1.8194
37 174 84 22.5806
37 176 25 7.0116
37 177 56 11.7068
37 178 8 1.5403
37 179 105 23.3327
37 180 4 0.7004
37 181 101 24.5172
37 182 30 11.6066
37 183 12 2.5518
37 184 4 0.7721
37 186 1 0.1415
37 187 2 0.3981
37 188 25 5.2369
37 189 1 0.2265
37 190 7 1.4811
37 191 11 2.5391
37 194 17 4.1589
37 195 2 0.3841
37 196 5 0.8927
37 197 26 7.6095
37 198 15 3.8214
37 201 6 0.9751
37 202 4 1.1462
37 203 1 0.2241
37 204 8 1.2799
37 205 2 0.3599
37 206 11 4.0428
37 207 3 0.5211
37 208 57 11.6340
37 209 41 8.5955
37 210 2 0.2997
37 212 2 0.6311
37 214 56 11.6900
37 215 3 0.7330
37 216 7 2.2903
37 217 83 16.0392
37 218 108 25.0021
37 219 47 10.6628
37 220 2 0.3532
37 224 9 3.0451
37 225 91 17.1080
37 227 47 10.6036
37 228 6 1.1863
37 230 33 7.9084
37 232 29 7.6142
37 233 157 33.8754
37 234 108 22.4613
37 235 1 0.1588
37 236 2 0.3522
37 237 22 3.9620
37 238 11 2.2016
37 239 3 0.8442
37 240 20 3.6831
37 242 1 0.1660
37 243 2 0.5914
37 245 14 7.6229
37 246 12 2.2420
37 247 2 0.3994
37 248 14 4.3231
37 249 1 0.2302
37 250 12 4.1318
37 252 17 3.4830
37 253 7 1.5014
37 254 5 1.6398
37 255 5 1.0838
37 256 73 20.1606
37 257 4 0.5368
37 258 14 2.8180
37 259 11 3.0996
37 260 2 0.4596
37 262 1 0.1500
37 263 8 2.4346
37 264 2 0.2743
37 265 67 14.5154
37 266 5 1.1084
37 267 3 0.6380
37 268 19 4.0994
37 269 2 0.5101
37 270 31 6.2775
37 271 71 15.5256
37 272 38 14.6618
37 273 16 6.4478
37 275 33 8.8865
37 276 11 2.4886
37 278 7 1.5308
37 279 136 27.9503
37 280 2 0.7432
37 281 7 1.3142
37 282 57 12.1057
37 284 5 1.1340
37 285 16 5.0002
37 286 5 1.1416
37 287 123 36.8518
37 288 6 1.6632
37 289 9 1.5677
37 292 104 21.4689
37 294 1 0.1057
37 295 1 0.2014
37 296 6 1.4887
37 297 4 1.1489
37 298 34 8.3602
37 300 18 3.6378
37 301 5 1.4470
37 302 10 2.6618
37 303 3 0.6288
37 304 42 8.8672
37 305 2 0.3127
37 307 10 3.5770
37 308 16 4.6864
37 310 31 8.3499
37 311 13 2.6085
37 314 1 0.1316
37 315 50 12.4110
37 316 54 13.4963
37 317 8 1.5874
37 318 22 4.3537
37 319 3 0.6174
37 320 7 1.0575
37 321 24 5.3479
37 322 58 27.7544
37 326 3 0.5539
37 328 1 0.0660
37 329 9 1.8085
37 330 31 6.7880
37 331 10 1.7604
37 333 7 4.4151
37 334 18 4.6462
37 336 9 1.8195
37 337 3 0.7222
37 338 30 9.6717
37 339 68 13.5428
37 340 1 0.0995
37 341 16 5.9740
37 343 27 9.3179
37 344 47 10.4371
37 345 37 6.3963
37 346 63 15.7551
37 347 5 1.0201
37 348 19 5.3897
37 349 4 1.0383
37 350 12 2.8752
37 351 1 0.2568
37 352 8 1.6661
37 353 5 0.9015
37 354 12 3.4881
37 355 2 0.3951
37 357 2 0.3761
37 358 26 8.8968
37 359 57 11.2672
37 360 21 6.6842
37 361 13 3.7597
37 363 6 1.2025
37 364 3 0.5447
37 365 6 1.1758
37 366 51 12.5060
37 367 2 0.5007
37 368 10 2.0257
37 369 12 2.9920
37 370 15 6.1352
37 371 1 0.1745
37 372 104 21.8860
37 373 20 5.1495
37 374 9 1.9871
37 375 9 2.5821
37 377 36 10.2728
37 378 56 13.0084
37 379 1 0.1921
37 380 753 206.7688
37 381 100 30.5941
37 382 5 0.9981
38 2 22 4.3852
38 4 2 0.3180
38 6 44 13.5953
38 7 22 3.9465
38 8 6 1.2168
38 9 4 0.6243
38 12 30 5.7106
38 13 69 16.0468
38 15 2 0.4829
38 16 10 1.9498
38 17 27 5.0131
38 18 13 2.6796
38 19 8 3.3595
38 20 11 3.9195
38 21 65 12.8804
38 23 3 0.6463
38 24 355 98.2557
38 26 20 4.7237
38 28 56 10.9366
38 29 5 1.1765
38 30 121 38.6439
38 31 39 12.9774
38 32 1 0.0726
38 33 24 15.5488
38 34 1 0.2427
38 35 22 5.5011
38 36 1 0.1912
38 37 1 0.3369
38 38 1 0.1756
38 40 13 3.8248
38 41 12 1.8843
38 43 23 8.9567
38 44 4 1.5589
38 46 1 0.1903
38 49 19 3.7347
38 50 5 1.6784
38 51 5 1.1636
38 54 24 7.2002
38 55 15 2.3388
38 58 11 2.1056
38 59 45 10.5371
38 60 6 1.2450
38 61 17 3.0013
38 62 12 3.5809
38 63 8 1.3454
38 64 30 11.3831
38 65 2 0.3199
38 66 8 1.3698
38 67 115 27.1385
38 68 15 2.6779
38 69 16 3.3672
38 70 119 43.5838
38 71 10 2.2834
38 73 19 3.6051
38 74 6 0.9861
38 75 14 3.2981
38 76 4 0.6533
38 79 37 6.4052
38 80 70 20.9956
38 81 14 2.5198
38 82 10 2.0099
38 83 15 3.4660
38 84 8 1.3812
38 85 6 1.3382
38 86 9 2.2126
38 87 13 4.0096
38 88 192 42.3290
38 90 49 13.7627
38 91 20 6.2823
38 93 73 13.1983
38 94 14 3.5268
38 95 28 7.1828
38 96 7 1.5710
38 97 233 56.0858
38 98 10 1.8163
38 99 3 0.4423
38 100 6 0.4859
38 101 10 2.3783
38 103 11 2.4224
38 104 4 0.5564
38 105 49 8.9314
38 108 33 6.6548
38 109 1 0.2140
38 110 17 5.7681
38 112 14 2.7827
38 114 1 0.5182
38 115 53 9.5414
38 116 44 8.9370
38 117 30 7.8902
38 118 19 3.0109
38 119 4 0.8073
38 120 1 0.0674
38 121 3 2.2057
38 122 7 1.2946
38 123 2 0.3799
38 125 39 7.3617
38 126 14 2.4297
38 127 4 0.7001
38 131 37 8.4848
38 132 1 0.1541
38 133 48 8.8188
38 134 47 10.8335
38 137 1 0.1851
38 138 30 5.8147
38 139 105 21.2530
38 140 3 0.4625
38 141 137 26.9280
38 144 35 10.6433
38 145 3 0.5574
38 146 7 1.2939
38 147 17 3.1305
38 148 17 3.0345
38 149 4 0.7319
38 150 12 2.6239
38 151 27 4.9684
38 152 140 36.5407
38 153 25 4.9944
38 155 12 1.9112
38 157 7 1.2108
38 158 32 9.0426
38 159 27 5.8934
38 160 1 0.3207
38 162 12 2.8047
38 163 6 1.1739
38 165 8 1.2792
38 167 99 22.9650
38 168 8 1.8806
38 169 19 3.4667
38 170 13 2.4515
38 171 11 1.9259
38 172 7 1.0213
38 173 36 6.9633
38 174 3 0.8079
38 176 13 3.2858
38 177 33 9.5827
38 178 3 0.7182
38 179 2 0.3056
38 181 9 1.5989
38 182 3 0.5749
38 183 22 4.9569
38 185 3 0.4381
38 186 18 4.1858
38 187 10 1.9256
38 188 57 8.8542
38 189 19 3.3891
38 190 10 2.4727
38 191 9 1.9827
38 192 17 3.9198
38 193 39 14.6070
38 195 9 1.6782
38 196 19 4.7926
38 197 23 5.1807
38 198 1 0.1442
38 199 12 1.9484
38 201 58 22.8767
38 202 8 2.4652
38 203 4 0.7659
38 204 3 0.6049
38 205 14 3.9144
38 206 9 1.8044
38 207 30 7.0795
38 208 47 12.7970
38 210 9 2.8281
38 211 4 0.9496
38 212 4 0.8214
38 213 6 1.3784
38 215 19 4.3672
38 216 18 3.4543
38 217 13 3.7858
38 218 1 0.2265
38 219 146 39.8065
38 220 3 0.5452
38 222 4 0.7461
38 224 4 0.7868
38 225 3 0.6879
38 226 148 32.1850
38 227 25 7.8789
38 228 1 0.1770
38 230 52 14.4293
38 231 21 6.3200
38 232 5 0.8504
38 233 1 0.1915
38 234 10 4.3593
38 235 7 1.1372
38 236 25 7.1691
38 237 26 11.4232
38 239 99 19.8101
38 240 6 1.2375
38 242 16 5.1335
38 245 4 1.3156
38 246 147 46.5197
38 247 11 1.7925
38 249 39 7.7626
38 250 33 19.4393
38 251 1 0.1439
38 253 4 0.8410
38 254 23 7.4872
38 255 1 0.1723
38 256 8 1.3318
38 257 40 9.4808
38 258 31 11.2885
38 259 4 0.8125
38 260 20 4.3593
38 261 17 3.6694
38 263 9 1.9845
38 264 52 19.0987
38 265 69 21.7128
38 267 3 0.5415
38 268 25 5.2525
38 270 10 1.7400
38 273 59 22.3702
38 274 9 1.3156
38 276 13 6.1864
38 277 57 13.9568
38 278 11 2.6845
38 280 3 0.8621
38 281 48 8.9623
38 282 34 14.6808
38 283 35 8.3095
38 284 2 0.3640
38 285 26 6.4295
38 286 4 1.0591
38 288 27 6.0472
38 289 56 14.4059
38 291 12 2.0374
38 292 3 0.5749
38 293 2 0.3742
38 295 6 0.6339
38 296 9 1.9522
38 298 31 6.9547
38 300 5 1.0145
38 301 8 1.6410
38 302 12 2.8165
38 303 5 1.4105
38 305 13 3.2987
38 306 9 1.5781
38 307 6 1.5395
38 308 1 0.2061
38 309 34 11.2643
38 311 26 4.6556
38 312 7 1.4272
38 313 1 0.1686
38 314 12 3.8861
38 315 5 1.0759
38 316 42 7.9759
38 317 7 1.2501
38 318 32 6.2701
38 319 12 2.2308
38 320 10 2.7646
38 322 80 23.8870
38 323 7 1.3340
38 325 14 5.0360
38 326 4 0.9511
38 328 10 1.8761
38 331 2 0.4159
38 332 11 2.5608
38 333 5 1.0643
38 334 2 0.4006
38 335 19 4.5701
38 336 3 0.5042
38 338 1 0.1189
38 339 7 4.4927
38 340 14 2.5736
38 342 23 4.3771
38 344 8 1.2381
38 345 15 4.7615
38 346 1 0.1859
38 347 13 3.5844
38 349 2 0.3600
38 350 24 4.2537
38 351 10 3.6914
38 352 3 0.5655
38 353 45 10.8378
38 354 12 2.2325
38 355 14 3.5480
38 356 1 0.2366
38 357 11 2.8575
38 359 2 0.2554
38 360 8 1.2915
38 361 14 3.8612
38 362 1 0.1872
38 363 40 9.8047
38 364 6 1.0726
38 366 24 4.4073
38 368 7 1.8510
38 369 88 16.2050
38 370 245 52.0518
38 371 10 1.8347
38 373 12 2.1718
38 374 10 1.9073
38 375 62 23.1812
38 376 8 1.5439
38 378 24 7.7876
38 379 15 3.8293
38 380 30 10.5059
38 382 20 3.6810
38 383 3 0.0667
39 0 43 8.0807
39 1 30 5.2189
39 2 1 0.1204
39 3 1 0.1281
39 4 75 26.7217
39 5 1 0.1755
39 6 50 10.7687
39 7 97 51.2532
39 8 35 5.9017
39 9 1 0.2531
39 10 2 0.4204
39 11 5 0.4452
39 12 8 1.0241
39 13 22 6.2770
39 14 60 28.4631
39 15 6 2.7909
39 18 65 11.2516
39 19 6 0.8056
39 20 45 10.1720
39 21 4 0.5040
39 23 14 0.9394
39 24 19 3.0724
39 25 11 3.2246
39 26 33 8.3418
39 27 99 27.6056
39 28 15 1.6841
39 30 19 4.6335
39 31 2 0.3416
39 32 6 1.0563
39 33 28 4.6226
39 35 19 3.3669
39 36 16 2.7712
39 37 2 0.3733
39 38 11 2.1239
39 40 1 0.0916
39 41 10 2.4179
39 42 7 1.4673
39 44 1 0.1488
39 45 14 4.4931
39 47 8 1.5105
39 48 13 0.8802
39 49 2 0.2921
39 50 3 0.4330
39 51 78 13.4978
39 52 18 2.9227
39 53 2 0.3236
39 54 98 28.4936
39 55 58 10.4237
39 56 5 0.6346
39 58 92 17.2251
39 59 4 0.9599
39 61 27 4.1739
39 62 6 0.9674
39 64 7 0.8854
39 65 3 0.4452
39 66 50 14.1948
39 68 11 1.7590
39 69 18 3.3472
39 70 14 2.7556
39 71 2 0.2621
39 72 31 7.9598
39 73 12 1.9395
39 75 1 0.1289
39 76 6 0.8394
39 78 8 2.2064
39 80 59 11.2029
39 81 4 0.5237
39 82 12 2.0682
39 83 24 4.2538
39 84 15 2.8634
39 85 12 2.3787
39 86 13 1.3932
39 87 47 21.0861
39 91 244 68.3628
39 92 42 10.2101
39 93 22 5.5388
39 94 2 0.4555
39 96 21 5.4860
39 97 19 7.4319
39 98 11 1.3563
39 99 20 5.0399
39 100 2 0.3048
39 101 11 2.5924
39 102 24 5.7466
39 103 15 5.9193
39 104 2 0.0918
39 106 5 0.9581
39 107 2 0.3556
39 109 19 6.9604
39 110 4 0.6968
39 111 19 4.2522
39 112 18 5.2564
39 115 1 0.4178
39 116 6 1.3284
39 117 14 1.8504
39 118 25 9.4545
39 119 65 20.3129
39 121 9 1.3198
39 122 1 0.1354
39 123 24 4.3782
39 124 2 0.4709
39 125 20 5.7411
39 126 7 1.6702
39 127 6 1.3155
39 129 3 0.4086
39 131 3 0.5925
39 133 87 14.9503
39 135 20 3.0217
39 136 1 0.1017
39 139 8 1.4811
39 140 2 0.4681
39 141 40 21.6153
39 142 11 2.2431
39 144 20 3.7986
39 145 6 1.1785
39 146 35 6.6326
39 147 3 0.7493
39 148 1 0.2372
39 149 48 7.8682
39 150 6 0.9799
39 151 43 12.0598
39 152 18 3.1478
39 153 19 2.8881
39 155 87 22.1673
39 156 7 1.3746
39 157 2 0.4642
39 159 40 7.4961
39 160 77 14.5204
39 161 11 1.4939
39 163 1 0.2078
39 164 7 1.2305
39 166 17 2.3817
39 167 2 0.2800
39 168 28 13.0816
39 169 19 3.0802
39 170 58 7.8979
39 172 16 2.6826
39 173 65 13.8769
39 174 12 1.9915
39 175 7 0.8985
39 176 14 2.0135
39 178 3 1.9345
39 179 30 4.5983
39 181 51 10.7500
39 182 16 4.7527
39 183 6 0.9493
39 184 9 1.6205
39 185 10 1.3919
39 187 7 1.1273
39 188 5 7.4554
39 189 52 13.2795
39 190 31 9.6070
39 191 4 0.6293
39 192 1 0.0964
39 194 9 1.2922
39 195 10 1.6073
39 196 5 0.8094
39 198 3 0.5608
39 199 3 0.2608
39 200 16 4.5298
39 201 5 0.7004
39 202 57 12.0881
39 203 102 34.0221
39 204 7 0.8917
39 205 46 12.3436
39 206 3 0.4399
39 207 8 1.9244
39 208 68 13.1787
39 209 1 0.0608
39 210 9 1.0794
39 211 1 0.0786
39 212 3 0.6663
39 213 5 0.9313
39 214 1 0.1955
39 215 25 7.0645
39 217 1 0.1588
39 218 5 0.7436
39 220 13 4.0782
39 221 30 5.3529
39 222 7 1.1087
39 223 2 0.3519
39 224 81 22.6051
39 225 1 0.0823
39 226 1 0.2839
39 228 9 1.7279
39 229 2 0.0447
39 231 115 48.3595
39 232 2 0.1084
39 234 12 1.2285
39 235 44 7.2254
39 236 12 2.1748
39 237 32 11.5279
39 238 2 0.3779
39 240 5 0.4998
39 241 17 2.5470
39 242 3 0.3830
39 243 4 1.1247
39 244 67 15.9644
39 246 3 0.4315
39 247 10 1.6893
39 248 3 0.2947
39 250 5 0.9556
39 252 1 0.1221
39 253 11 1.5241
39 254 9 1.9464
39 255 46 9.9403
39 256 34 5.2309
39 257 8 1.7258
39 258 4 0.4445
39 259 2 0.2610
39 260 20 3.9229
39 261 26 4.5252
39 262 1 0.1591
39 263 13 1.5853
39 264 7 0.6997
39 265 1 0.0954
39 266 13 2.1512
39 268 31 11.5129
39 269 88 21.0050
39 272 2 0.6969
39 273 4 1.0947
39 275 6 1.0211
39 276 15 3.1445
39 277 3 0.9742
39 278 4 0.7323
39 279 4 0.6397
39 281 34 8.3982
39 283 12 2.1045
39 284 25 6.5580
39 285 20 5.2027
39 286 74 16.2230
39 288 1 0.1103
39 289 6 1.4638
39 290 1 0.1996
39 291 3 0.4599
39 292 3 0.9877
39 293 24 7.0744
39 294 14 2.1835
39 295 45 7.7667
39 296 18 5.0677
39 298 20 3.3802
39 300 1 0.0578
39 301 2 0.3495
39 302 1 0.2306
39 303 36 9.8981
39 304 16 2.6551
39 306 8 1.6205
39 307 59 11.6740
39 308 9 1.2651
39 309 4 0.4598
39 311 10 1.9988
39 312 12 2.0143
39 313 15 3.2719
39 314 10 4.0264
39 315 1 0.2515
39 317 4 1.1326
39 318 14 11.3508
39 319 25 5.7511
39 322 17 3.1699
39 323 2 0.2578
39 324 1 0.2147
39 326 52 14.2906
39 328 16 3.2639
39 329 2 0.0507
39 330 161 45.2659
39 331 16 3.1940
39 333 1 0.0357
39 334 26 10.7889
39 335 16 2.6186
39 336 65 15.0504
39 337 9 1.4209
39 339 11 1.8740
39 341 12 3.1004
39 342 1 0.1665
39 343 4 1.3933
39 346 37 11.7686
39 348 23 4.1577
39 349 151 49.1577
39 350 2 0.2718
39 351 37 9.9842
39 352 27 8.5058
39 353 4 0.4891
39 354 17 6.7988
39 355 36 12.6310
39 356 31 6.7238
39 357 33 16.7219
39 358 3 0.4294
39 359 33 7.2181
39 360 32 10.9831
39 361 20 5.1506
39 362 25 7.8173
39 363 10 1.3600
39 365 3 1.3525
39 367 44 8.2386
39 368 95 28.1706
39 369 2 0.3453
39 370 8 1.0042
39 371 17 2.7348
39 373 5 0.8549
39 374 13 1.6990
39 375 4 0.8098
39 377 19 3.0605
39 379 41 8.9636
39 380 5 0.6061
39 381 26 5.3572
39 382 17 6.7085
39 383 5 0.7737
