# layer expert count weight_sum
0 0 366 140.1702
0 1 12 2.2992
0 2 698 160.1921
0 3 9 1.8868
0 4 77 30.6801
0 5 185 50.4228
0 6 9 1.7589
0 7 24 4.6055
0 8 147 38.6926
0 9 189 62.1102
0 10 20 4.6715
0 11 167 33.6527
0 12 65 18.6507
0 14 125 26.3361
0 15 186 35.7541
0 16 11 1.9762
0 17 228 54.0145
0 18 122 25.4044
0 20 88 17.5619
0 21 103 21.2455
0 22 47 10.9409
0 24 55 11.5265
0 25 147 26.6539
0 26 18 3.6228
0 27 53 10.7987
0 28 208 47.2710
0 29 154 27.8803
0 30 315 69.9140
0 31 160 33.2019
0 32 43 10.6631
0 33 80 14.5331
0 34 61 11.8437
0 35 336 84.2415
0 36 182 36.1473
0 37 6 1.0819
0 38 156 34.4408
0 39 789 191.6324
0 40 323 107.2459
0 41 184 41.9559
0 42 44 12.6496
0 43 122 24.1404
0 44 210 40.4483
0 45 60 20.6656
0 46 41 7.6161
0 47 50 9.8522
0 48 58 15.6987
0 49 109 22.5009
0 51 34 6.5509
0 52 3 0.5184
0 53 37 6.6648
0 54 23 4.1517
0 55 61 14.1575
0 56 43 7.8400
0 57 8 1.1871
0 58 35 7.1447
0 59 58 11.5119
0 60 17 3.1540
0 61 64 18.4150
0 62 12 2.1885
0 63 23 4.2344
0 64 43 10.5478
0 65 44 9.1217
0 66 15 2.8098
0 67 87 28.0540
0 68 109 20.4551
0 69 285 73.6042
0 70 99 16.6930
0 71 165 38.7763
0 72 286 56.4429
0 73 190 56.3030
0 74 43 9.1012
0 75 48 8.5374
0 76 1 0.2187
0 77 55 18.1934
0 78 186 36.5573
0 81 95 19.7882
0 82 104 20.0238
0 83 8 1.8766
0 84 41 9.8406
0 85 88 22.4797
0 86 264 58.2886
0 87 31 5.2235
0 88 120 21.6150
0 89 128 24.2385
0 90 9 1.4856
0 91 5 0.8504
0 92 54 11.7899
0 94 169 44.6202
0 95 15 3.1550
0 96 112 37.1449
0 97 227 48.9727
0 98 30 9.2191
0 99 6 1.2680
0 100 13 2.6422
0 101 341 138.0997
0 102 231 40.2892
0 104 162 44.4314
0 105 331 72.6287
0 106 6 0.9593
0 107 188 35.8909
0 108 127 26.1463
0 109 175 43.1845
0 110 143 58.4287
0 111 106 26.7817
0 112 60 19.7159
0 113 121 24.0948
0 114 30 5.6698
0 115 169 50.2467
0 116 227 48.1676
0 117 47 11.9530
0 118 141 27.1847
0 119 83 14.7997
0 120 63 10.7577
0 121 11 1.8201
0 123 68 18.3820
0 124 136 28.0292
0 125 49 9.3446
0 126 55 12.7161
0 127 95 23.4210
0 128 66 21.6041
0 129 98 16.2867
0 130 1387 447.1675
0 131 289 69.5511
0 132 32 5.7785
0 133 234 47.7504
0 134 62 21.7214
0 135 65 12.5181
0 136 211 71.5376
0 138 300 61.7128
0 140 43 8.9748
0 141 65 14.5269
0 142 104 25.5026
0 143 343 82.1293
0 144 28 6.1140
0 145 106 24.3391
0 146 69 14.5587
0 147 130 30.1998
0 148 222 48.2299
0 149 126 31.0312
0 150 23 4.1308
0 151 61 16.2435
0 152 147 35.7165
0 153 41 7.8646
0 154 409 113.0715
0 155 77 23.1649
0 156 165 35.8469
0 157 45 10.1387
0 158 199 40.2632
0 159 390 106.8632
0 160 41 8.0386
0 161 256 48.3232
0 162 116 30.0710
0 163 90 17.8399
0 164 72 13.0343
0 165 51 12.3511
0 166 69 13.9601
0 167 134 26.0863
0 168 246 51.6988
0 169 279 93.9476
0 170 51 20.9613
0 171 72 13.9197
0 172 79 27.8704
0 173 108 40.3347
0 174 172 60.7668
0 175 42 8.4746
0 176 304 54.5591
0 177 52 9.6890
0 178 65 12.8267
0 179 6 1.2331
0 180 338 65.9624
0 181 86 18.9026
0 182 2 0.4153
0 183 326 122.7509
0 184 128 23.3383
0 185 161 28.9931
0 186 41 9.1096
0 187 80 15.9539
0 188 291 126.7367
0 189 130 23.1019
0 190 5 0.7265
0 191 106 20.6802
0 192 60 11.7138
0 193 88 42.5604
0 194 44 9.1986
0 195 57 11.9159
0 196 42 8.9992
0 197 130 27.2322
0 198 205 46.8460
0 199 2 0.3634
0 200 13 2.5182
0 201 58 22.7471
0 203 79 25.9147
0 204 20 3.7408
0 205 335 93.4594
0 206 76 21.0312
0 207 121 23.4565
0 208 163 33.5211
0 209 35 7.5693
0 210 3 0.6347
0 211 94 17.3303
0 212 23 4.8841
0 213 249 76.1715
0 214 37 7.1074
0 215 270 49.0315
0 216 170 45.6021
0 217 21 3.6152
0 219 63 10.8663
0 220 68 12.4662
0 221 12 2.4482
0 222 132 28.0682
0 223 55 10.6840
0 224 23 3.9653
0 225 325 86.2975
0 226 23 4.4198
0 227 88 18.2521
0 228 77 14.6300
0 229 210 43.8244
0 230 32 7.1694
0 231 160 34.5255
0 232 138 43.5349
0 234 299 72.9838
0 235 1 0.2368
0 236 51 9.1248
0 237 272 73.5488
0 238 205 63.6599
0 239 34 4.9520
0 240 1 0.1415
0 241 248 77.5878
0 242 429 109.4920
0 243 2 0.3095
0 244 5 0.9946
0 245 427 74.2410
0 246 46 9.2671
0 247 20 5.7769
0 248 151 38.7570
0 249 1 0.2303
0 250 108 21.6143
0 251 171 55.0759
0 252 117 20.3441
0 253 150 27.2851
0 254 8 1.6445
0 255 65 11.6209
0 256 88 20.7208
0 257 114 32.3944
0 258 3 0.6981
0 259 179 34.4056
0 260 229 71.1753
0 261 143 37.8994
0 262 201 74.2218
0 263 152 55.7512
0 264 34 6.4993
0 265 4 0.6931
0 266 269 92.9540
0 267 198 92.0378
0 268 367 160.4567
0 269 187 40.4174
0 270 7 2.2984
0 271 80 15.6626
0 272 18 3.5224
0 273 66 12.9275
0 274 92 21.4772
0 275 176 51.4113
0 276 159 42.8402
0 277 7 1.9372
0 278 37 8.3604
0 279 115 19.2810
0 280 306 64.1517
0 281 27 6.8387
0 282 119 25.1126
0 283 79 17.3784
0 284 145 30.1712
0 285 169 38.3138
0 286 86 18.0669
0 287 29 5.7414
0 288 152 28.5670
0 289 246 77.8866
0 290 89 28.9228
0 291 107 21.9599
0 292 2 0.5207
0 293 178 37.7247
0 294 75 17.1029
0 295 101 36.0505
0 296 185 48.4610
0 297 144 33.3530
0 298 7 1.2735
0 299 204 41.3109
0 300 323 90.7732
0 301 244 53.8722
0 302 26 8.8799
0 303 65 10.9273
0 304 65 23.0158
0 305 191 38.4869
0 306 61 15.2943
0 307 94 18.6333
0 308 174 34.2135
0 309 50 8.3011
0 310 393 139.5993
0 311 105 22.8204
0 312 103 21.5498
0 314 140 26.2572
0 315 46 9.9961
0 316 85 15.3734
0 317 285 79.5239
0 318 58 18.7152
0 319 50 8.7660
0 320 87 16.7818
0 321 146 29.6151
0 322 207 78.1378
0 323 1046 330.6776
0 324 10 1.7396
0 325 59 12.2566
0 326 110 21.3800
0 327 87 17.5689
0 328 109 22.4287
0 329 119 38.4030
0 330 183 43.8138
0 331 132 28.3388
0 332 28 5.4994
0 333 41 9.0253
0 334 74 14.0748
0 335 9 1.8772
0 336 7 1.3443
0 337 174 38.6872
0 338 89 20.0780
0 339 21 4.3781
0 340 31 8.1110
0 341 424 127.4252
0 342 200 36.5394
0 343 346 76.6622
0 344 3 0.6557
0 345 131 25.4344
0 346 90 16.2065
0 347 38 23.0935
0 348 178 40.1373
0 349 134 25.8439
0 350 82 16.0626
0 351 210 58.6331
0 352 161 37.9172
0 353 68 11.6447
0 354 196 35.5680
0 355 178 35.9109
0 356 44 9.4621
0 357 36 9.9405
0 358 94 20.6441
0 359 42 7.8717
0 360 12 2.3996
0 361 127 29.0959
0 362 40 14.7377
0 363 134 27.4645
0 364 97 20.0614
0 365 51 9.2434
0 366 309 66.0888
0 367 69 15.0280
0 368 34 8.2963
0 369 56 14.2894
0 370 152 28.3120
0 371 24 4.9866
0 372 23 3.8358
0 374 44 8.0658
0 375 59 16.4642
0 376 19 4.1926
0 377 164 33.1082
0 378 85 28.5078
0 379 42 13.6317
0 380 21 3.4796
0 381 106 20.7259
0 382 78 13.0357
0 383 89 19.3322
1 0 389 109.3160
1 1 29 6.5055
1 2 37 8.3715
1 3 71 15.4268
1 4 127 32.5773
1 5 917 243.6740
1 6 73 16.2817
1 7 186 44.3289
1 8 46 12.4115
1 10 92 20.7952
1 11 373 145.5888
1 12 98 30.9091
1 13 36 8.7952
1 14 125 42.3582
1 15 173 38.1621
1 17 1 0.2163
1 18 41 7.9379
1 19 235 61.5669
1 20 70 24.1028
1 21 53 9.4024
1 22 143 35.2636
1 23 52 12.2489
1 24 111 27.9522
1 25 65 13.9487
1 26 135 31.1862
1 27 7 1.4937
1 28 37 7.6886
1 29 1 0.2552
1 30 52 10.4399
1 31 19 3.6770
1 32 13 2.7661
1 33 408 94.2576
1 34 34 7.1026
1 35 141 30.9710
1 36 38 8.6419
1 37 22 4.7762
1 38 141 31.2826
1 39 113 26.2518
1 41 80 18.4465
1 42 37 7.9118
1 43 69 13.2421
1 44 7 1.5347
1 45 74 20.9969
1 46 43 9.4950
1 47 202 48.1880
1 48 69 15.5423
1 49 197 56.2716
1 50 33 6.9306
1 51 169 39.3717
1 52 57 12.1682
1 53 73 15.2401
1 54 196 45.8405
1 55 15 2.9990
1 56 46 19.0294
1 57 177 41.6080
1 58 2 0.3333
1 59 45 10.5990
1 60 24 5.7262
1 61 192 40.2174
1 62 42 16.6125
1 63 98 21.3759
1 64 262 69.3054
1 65 3 0.6614
1 66 91 31.0879
1 67 726 193.5238
1 68 20 6.7191
1 69 72 16.6293
1 70 57 12.9710
1 71 75 16.8557
1 72 35 8.9847
1 73 78 19.8165
1 75 422 171.9413
1 76 1 0.2034
1 77 63 13.9987
1 78 2 0.4398
1 79 5 0.9271
1 80 80 17.7684
1 81 28 6.2554
1 82 125 32.8102
1 83 60 12.1248
1 84 136 28.8383
1 85 488 96.8356
1 86 2 0.7447
1 87 47 18.3651
1 88 506 122.7573
1 89 46 10.5113
1 90 9 1.9575
1 91 87 25.3690
1 92 90 22.7465
1 93 183 40.8527
1 94 46 8.6701
1 95 13 2.5460
1 96 2 0.3337
1 97 112 27.0499
1 98 155 49.6673
1 99 46 9.8106
1 100 71 15.4082
1 101 18 5.1967
1 102 41 8.3678
1 103 128 29.0556
1 104 99 31.0827
1 105 62 12.1306
1 106 616 144.6555
1 107 71 14.9310
1 108 35 9.5441
1 109 319 75.5990
1 110 801 226.4452
1 111 34 8.0319
1 112 176 40.7098
1 113 58 17.5388
1 114 68 21.3484
1 115 6 1.3192
1 116 4 0.9397
1 117 118 28.5669
1 118 33 7.3644
1 119 16 5.1501
1 120 165 42.4733
1 121 213 45.7438
1 122 226 52.2312
1 123 18 4.3059
1 124 21 6.4268
1 125 217 45.9626
1 126 44 9.9344
1 127 47 12.8350
1 128 68 15.4184
1 129 121 33.1909
1 130 132 32.3330
1 131 175 45.2600
1 133 79 19.4504
1 134 378 88.7998
1 135 123 28.8088
1 136 35 7.9418
1 137 36 12.2857
1 138 121 27.9952
1 140 12 3.4217
1 141 102 23.8535
1 142 60 14.0771
1 143 23 5.3249
1 144 81 21.6252
1 145 17 3.0452
1 146 137 31.3058
1 147 185 35.3358
1 148 99 28.2518
1 149 58 14.6232
1 150 49 11.9378
1 151 57 20.4213
1 152 46 10.4584
1 154 37 8.0665
1 155 348 86.8281
1 156 126 28.6362
1 157 92 28.5986
1 158 110 33.7711
1 159 390 100.8874
1 160 253 57.7874
1 161 152 37.2498
1 162 63 15.0205
1 163 102 21.9325
1 164 31 8.0516
1 165 63 14.1376
1 166 183 44.4035
1 167 24 4.8833
1 168 79 22.7323
1 169 59 12.2973
1 170 79 16.9997
1 171 45 10.4024
1 172 79 16.6805
1 173 323 94.3573
1 174 14 3.1322
1 175 82 19.2039
1 176 166 44.1273
1 177 38 11.8267
1 178 59 12.7587
1 179 98 19.2370
1 180 269 69.6573
1 181 31 6.9744
1 182 47 10.4128
1 183 22 5.4341
1 184 111 23.5732
1 185 191 40.5838
1 186 319 77.7122
1 187 141 30.5943
1 188 150 53.4499
1 189 1 0.2055
1 190 45 9.6654
1 191 497 153.4568
1 192 59 19.7080
1 193 647 183.7752
1 194 91 22.6896
1 195 151 33.2382
1 196 8 1.8437
1 197 19 4.2759
1 198 12 2.7915
1 199 151 29.8389
1 200 99 24.5560
1 201 4 0.7769
1 202 67 15.1641
1 203 133 30.5129
1 204 17 3.9909
1 206 247 57.1832
1 207 7 1.5091
1 208 38 8.0932
1 209 73 17.0560
1 210 41 9.1780
1 211 61 13.7969
1 212 129 28.6808
1 213 265 60.6355
1 214 52 14.1520
1 215 153 34.0478
1 216 45 9.7294
1 217 346 101.2065
1 218 60 14.7681
1 219 188 59.2534
1 220 57 12.8487
1 221 16 3.3769
1 222 112 24.0667
1 223 48 11.0996
1 224 341 81.8787
1 225 9 2.2399
1 226 7 1.6495
1 227 60 13.8403
1 228 165 36.0399
1 229 108 25.1735
1 230 149 32.6448
1 231 11 2.2923
1 232 81 17.2567
1 233 80 18.0754
1 234 220 48.4395
1 235 50 11.4846
1 236 431 94.5162
1 237 37 9.3384
1 238 36 7.6159
1 239 31 7.0352
1 240 321 98.4495
1 241 58 12.5582
1 242 102 22.3986
1 243 35 7.4401
1 244 72 26.3870
1 245 40 8.8965
1 246 76 16.9584
1 247 252 67.1481
1 248 81 18.8332
1 249 3 1.2369
1 250 8 2.5249
1 251 364 130.0307
1 252 129 27.3113
1 253 111 28.9244
1 254 552 129.5436
1 255 103 23.7779
1 256 21 4.1010
1 257 24 5.1718
1 258 29 5.8923
1 259 328 87.7398
1 260 365 83.4966
1 261 5 0.9753
1 262 51 11.3403
1 263 147 32.7293
1 264 5 1.2244
1 265 129 35.2018
1 266 199 45.2458
1 267 27 5.7701
1 268 45 10.1092
1 269 22 4.8204
1 270 139 34.5126
1 271 132 31.7008
1 272 40 8.8578
1 273 39 8.7477
1 274 66 15.0437
1 275 308 69.9399
1 276 4 1.3429
1 277 15 3.3460
1 278 10 1.9939
1 279 149 35.3056
1 280 198 45.9799
1 281 48 10.2856
1 282 13 2.5715
1 283 612 161.7769
1 284 109 24.2841
1 285 72 13.7897
1 286 24 5.7531
1 287 37 7.5186
1 288 18 3.8719
1 289 24 5.7549
1 290 128 26.0520
1 291 18 3.1148
1 292 64 19.6828
1 293 247 57.7375
1 294 90 20.5359
1 295 94 19.4694
1 296 83 17.0181
1 297 402 98.1455
1 298 34 7.5294
1 299 44 9.7018
1 300 92 20.6373
1 301 115 24.7667
1 302 111 25.9673
1 303 11 2.5011
1 304 24 5.4700
1 305 14 3.2187
1 306 164 50.6333
1 307 66 22.6045
1 308 4 0.8415
1 309 5 1.1216
1 310 135 32.1519
1 311 37 7.5710
1 312 101 23.0400
1 313 255 59.4633
1 314 93 19.6932
1 315 14 3.2882
1 316 379 102.5086
1 317 10 3.2550
1 318 1231 314.1381
1 319 325 73.0299
1 320 75 17.4653
1 321 27 5.9692
1 322 464 106.1823
1 323 331 76.1723
1 324 284 66.6321
1 325 16 3.2994
1 326 25 5.8512
1 327 26 5.5143
1 328 53 11.8758
1 329 30 7.8998
1 330 231 52.0126
1 331 5 0.8864
1 332 163 33.8872
1 333 145 34.1996
1 334 27 6.0118
1 336 129 43.8976
1 337 127 29.0463
1 338 16 3.6562
1 339 62 14.2209
1 340 866 200.5508
1 341 110 42.5336
1 342 68 15.2537
1 343 57 14.6646
1 344 130 27.3173
1 345 41 9.5716
1 346 40 9.0737
1 347 40 7.9478
1 348 6 1.3028
1 349 216 59.1875
1 350 45 10.2288
1 353 77 15.0198
1 354 79 17.1795
1 355 48 10.7023
1 356 111 24.1165
1 357 13 2.0730
1 358 18 3.4743
1 359 10 1.6922
1 360 182 41.3547
1 361 885 248.1903
1 362 69 15.4008
1 363 38 8.6415
1 364 48 10.6862
1 365 57 13.4664
1 366 31 6.6071
1 367 2 0.4363
1 368 118 26.8309
1 369 224 55.6589
1 370 118 26.1320
1 371 511 118.0783
1 372 85 19.8493
1 373 300 85.0603
1 374 29 6.8674
1 375 73 23.0405
1 376 54 14.0513
1 377 261 63.2843
1 378 178 42.1867
1 379 64 21.7396
1 380 169 40.2798
1 381 143 28.9433
1 382 59 20.3932
1 383 6 1.1559
2 0 10 1.9537
2 1 575 138.0962
2 2 294 67.3179
2 3 161 47.3080
2 4 44 10.2301
2 5 2 0.4520
2 6 48 10.3731
2 7 129 28.9783
2 8 448 102.3801
2 9 247 59.6310
2 10 163 46.0863
2 11 44 11.0512
2 12 109 24.3678
2 13 55 11.6404
2 14 6 1.1216
2 15 95 27.1596
2 16 54 12.2337
2 17 1 0.2262
2 18 18 3.7756
2 19 15 3.4800
2 20 56 12.4431
2 21 45 10.7536
2 22 3 0.7357
2 23 62 14.0066
2 24 48 10.4206
2 25 148 34.0161
2 26 69 13.1335
2 27 489 112.8371
2 29 49 11.0966
2 30 227 51.8674
2 31 181 39.3474
2 32 133 32.5286
2 33 50 10.5939
2 34 53 12.1488
2 35 1492 400.1833
2 36 4 0.8904
2 37 1 0.1316
2 39 69 14.0730
2 40 51 11.5342
2 41 245 55.2594
2 42 599 159.9684
2 43 4 0.8908
2 45 81 16.4225
2 46 38 7.9512
2 47 44 10.7625
2 48 83 19.1286
2 49 132 37.1559
2 50 61 19.6509
2 51 29 6.5244
2 52 39 7.5163
2 53 91 26.0059
2 54 38 8.2846
2 55 1 0.1951
2 56 34 9.4840
2 57 5 1.0874
2 58 1975 520.1038
2 59 164 38.0654
2 60 48 9.7834
2 62 3 0.5413
2 63 25 5.4650
2 64 8 1.9568
2 65 56 13.0641
2 66 79 17.8177
2 67 215 50.1957
2 68 460 110.4800
2 69 788 178.2044
2 70 1 0.1789
2 71 21 4.7048
2 72 74 16.6514
2 73 25 5.4364
2 74 77 17.0814
2 75 43 9.6372
2 76 15 2.7343
2 77 222 53.9932
2 78 8 1.6941
2 79 345 77.1914
2 80 38 8.0127
2 81 5 1.1624
2 82 95 21.5701
2 83 89 22.0089
2 84 23 4.8443
2 85 2 0.2909
2 86 14 3.3300
2 87 173 51.8602
2 88 52 11.4846
2 89 120 38.1364
2 90 28 7.2505
2 91 469 94.8777
2 92 2 0.3868
2 93 86 19.3914
2 94 18 4.2481
2 95 49 11.7992
2 96 980 233.4620
2 97 32 7.8779
2 98 47 11.3940
2 99 81 18.1887
2 100 18 3.8659
2 101 86 20.9093
2 102 151 44.5683
2 103 103 22.3093
2 104 241 55.9109
2 105 1220 327.6085
2 106 41 8.9380
2 107 49 10.7405
2 108 40 9.7081
2 109 44 12.7572
2 110 74 16.1777
2 111 46 10.6213
2 112 15 2.9522
2 114 69 26.9407
2 115 350 90.3992
2 116 16 3.0434
2 117 5 1.1006
2 118 183 41.8962
2 119 91 22.1069
2 120 695 164.0647
2 121 56 15.4617
2 122 33 7.0929
2 123 9 2.1226
2 124 49 14.2451
2 125 127 34.5536
2 126 39 8.5758
2 127 36 8.3573
2 128 241 52.9812
2 129 29 5.7953
2 130 50 18.3443
2 131 934 219.8808
2 132 451 122.2383
2 133 21 4.5246
2 134 191 61.2800
2 135 156 46.8204
2 136 101 25.6786
2 137 3 0.6681
2 138 36 9.2549
2 139 551 119.1926
2 140 100 23.3535
2 141 84 20.9173
2 142 105 28.0279
2 143 5 1.2120
2 144 144 35.2724
2 145 105 22.9658
2 147 538 135.2359
2 148 26 6.6677
2 150 19 4.1583
2 151 96 21.8209
2 152 226 71.4758
2 153 182 45.4600
2 154 6 1.0597
2 155 39 9.5966
2 156 91 19.0033
2 157 9 1.6328
2 158 247 58.6374
2 160 103 22.3436
2 161 2 0.3737
2 162 1 0.1764
2 163 338 90.1906
2 165 106 23.9574
2 166 432 117.0917
2 167 45 9.7849
2 168 13 3.0005
2 169 3 0.5680
2 170 53 16.8837
2 172 136 35.5464
2 173 1 0.1707
2 174 41 11.8906
2 175 94 21.1902
2 176 19 4.3358
2 177 47 11.7329
2 178 62 16.3167
2 179 16 3.5871
2 181 133 31.0658
2 183 16 3.6504
2 184 57 12.7559
2 185 106 23.7908
2 186 14 3.0103
2 187 95 20.9417
2 188 1 0.1834
2 189 233 53.0085
2 190 14 3.8013
2 191 15 3.0434
2 192 19 3.8031
2 193 58 13.4372
2 194 194 50.5611
2 195 22 6.9396
2 196 151 33.8505
2 198 12 2.5035
2 199 633 156.8051
2 200 170 57.9449
2 201 13 3.0233
2 202 89 19.8626
2 203 286 73.7087
2 204 80 17.7701
2 205 35 8.3463
2 206 122 28.2802
2 207 35 6.8507
2 208 11 2.3479
2 209 90 23.2401
2 210 70 19.2812
2 212 132 29.8865
2 213 51 11.4780
2 214 69 18.4764
2 215 33 7.6844
2 216 306 85.6934
2 217 26 5.9955
2 218 2 0.3948
2 219 31 7.2001
2 220 50 9.0898
2 221 30 6.9754
2 222 196 64.8068
2 223 135 47.5060
2 224 163 47.4473
2 225 9 1.9892
2 226 218 54.7482
2 227 1 0.2399
2 228 311 81.8927
2 229 11 2.3733
2 230 66 14.2568
2 231 7 1.4694
2 232 41 9.4600
2 233 75 29.3660
2 234 166 41.8184
2 235 13 2.3249
2 236 3 0.6717
2 238 112 25.4349
2 239 59 13.3233
2 240 4 0.8905
2 241 364 88.1888
2 242 208 68.0915
2 243 40 11.4620
2 244 5 0.9406
2 246 56 16.2668
2 247 10 1.9763
2 248 2 0.3899
2 249 15 2.9671
2 250 5 0.9162
2 251 5 1.0756
2 252 60 13.8837
2 253 16 3.4864
2 254 169 42.4908
2 255 180 40.0258
2 256 107 27.3727
2 257 41 8.3085
2 260 76 21.2437
2 261 64 14.4212
2 262 462 102.5793
2 263 4 0.8294
2 264 7 1.3257
2 265 73 15.7798
2 266 50 11.6564
2 267 17 3.9145
2 268 36 6.8472
2 269 26 6.4653
2 270 213 51.3575
2 271 56 14.8194
2 272 6 1.3349
2 273 45 10.5863
2 274 9 2.9813
2 275 4 1.0406
2 276 31 6.8516
2 277 12 2.3037
2 278 377 118.4318
2 279 62 26.4030
2 280 46 10.2391
2 281 11 2.2534
2 282 54 12.0546
2 283 159 37.1865
2 284 87 18.9800
2 285 14 3.2500
2 286 10 1.9859
2 288 29 6.2055
2 289 50 11.7859
2 290 24 5.4017
2 291 148 33.9758
2 292 1 0.1826
2 293 68 21.9910
2 294 14 3.0909
2 295 12 2.3961
2 296 128 28.0965
2 297 126 31.5456
2 298 530 136.5470
2 299 44 10.5718
2 301 270 59.5789
2 302 133 29.0052
2 303 23 5.4204
2 304 44 8.5281
2 305 257 86.5985
2 306 149 32.9308
2 307 48 17.1599
2 308 187 42.6701
2 309 2 0.4683
2 310 1 0.1824
2 311 203 47.2650
2 312 36 8.3657
2 314 55 13.0129
2 315 169 30.2101
2 316 516 170.4000
2 317 20 4.3273
2 318 8 1.5795
2 319 35 7.4740
2 320 553 121.2026
2 321 59 13.2035
2 322 10 2.1102
2 323 358 84.1544
2 324 48 12.9294
2 326 45 9.4092
2 327 1070 313.3083
2 328 372 88.5441
2 329 28 5.8784
2 330 376 87.7963
2 331 40 8.8978
2 332 123 28.9229
2 333 36 8.4551
2 334 17 3.1980
2 335 93 21.1320
2 336 11 2.0756
2 337 34 12.2977
2 338 12 2.5219
2 339 10 2.2940
2 340 18 3.8201
2 341 4 0.7976
2 342 12 2.9091
2 344 186 41.8533
2 345 41 9.4736
2 347 133 32.2374
2 348 4 1.0013
2 349 1 0.2472
2 351 219 58.8563
2 352 347 73.2881
2 353 65 17.9522
2 354 385 86.0489
2 355 43 10.1789
2 357 12 2.8698
2 358 420 107.1729
2 359 107 24.3850
2 360 36 7.8283
2 361 8 1.7813
2 362 26 7.9318
2 363 18 3.5873
2 364 2 0.4370
2 365 36 7.6041
2 366 29 6.8117
2 367 8 2.0032
2 368 43 9.7809
2 369 315 70.3913
2 370 19 4.0597
2 372 4 0.8490
2 373 652 156.1181
2 374 9 2.1186
2 375 1083 326.2730
2 376 17 3.7151
2 377 186 42.3203
2 378 70 15.1019
2 379 2 0.4412
2 380 137 31.6031
2 381 9 2.0486
2 382 395 99.8833
2 383 315 69.1373
3 0 1 0.1354
3 1 35 7.8307
3 2 12 2.3432
3 3 2 0.3921
3 4 80 17.1640
3 5 183 37.8007
3 6 1 0.1226
3 7 89 16.1721
3 9 10 1.6150
3 10 7 1.2708
3 11 46 17.5107
3 12 115 17.5653
3 13 925 216.8028
3 14 44 8.0662
3 15 146 43.4792
3 16 18 2.9868
3 17 309 59.2853
3 18 168 41.4227
3 19 2 0.4129
3 21 150 26.5791
3 22 97 29.3222
3 23 6 0.8872
3 24 3 0.7488
3 25 2 0.3777
3 26 11 2.2435
3 27 15 3.2680
3 29 7 1.3772
3 31 37 6.2735
3 32 14 2.5387
3 33 13 1.8790
3 34 20 5.1687
3 35 74 15.3182
3 36 2 0.3894
3 37 722 224.3909
3 38 29 8.0996
3 39 22 4.5252
3 40 212 50.4340
3 41 2 0.5209
3 42 11 2.3143
3 43 44 9.7301
3 44 1 0.1728
3 45 1 0.2203
3 48 15 2.8448
3 49 145 45.7191
3 50 11 1.8951
3 51 17 4.0864
3 52 10 2.0575
3 53 1 0.1620
3 54 183 40.1992
3 55 37 8.0125
3 56 140 32.4712
3 57 13 2.7621
3 58 39 7.9319
3 59 2 0.4624
3 60 4 0.7862
3 61 2354 471.1009
3 62 6 1.1503
3 63 2 0.3988
3 64 53 11.9497
3 65 5 0.8170
3 66 163 33.9812
3 67 264 97.3040
3 69 13 3.0881
3 70 35 9.0928
3 71 1 0.1259
3 72 2 0.4130
3 73 17 2.6553
3 74 58 16.0255
3 75 4 0.6268
3 76 5 0.9897
3 77 4 0.8790
3 78 4 0.8361
3 79 9 1.7841
3 80 35 14.0166
3 81 418 98.1080
3 82 1 0.2581
3 83 67 24.3818
3 84 22 4.0894
3 85 1 0.2141
3 86 26 5.0789
3 87 67 19.2691
3 89 143 30.5401
3 90 10 2.3426
3 91 325 94.0051
3 92 68 17.9964
3 93 2 0.3350
3 94 33 6.4180
3 95 19 3.3060
3 96 1187 251.0609
3 98 9 1.7662
3 99 36 7.8407
3 100 66 14.7193
3 102 260 69.1569
3 103 5 1.2067
3 104 32 6.9706
3 105 63 12.1125
3 106 99 19.0498
3 107 113 40.0939
3 109 53 10.4568
3 110 256 76.6515
3 111 5 1.0829
3 113 6 1.1927
3 114 233 64.0691
3 115 1 0.2403
3 116 6 1.1887
3 117 53 10.6447
3 118 169 32.3342
3 119 183 56.1645
3 120 10 1.6094
3 121 4 0.6260
3 122 25 7.9680
3 123 8 1.6069
3 124 4 0.6494
3 125 5 1.0929
3 126 146 34.5444
3 128 20 4.2656
3 129 2 0.3907
3 130 54 10.1630
3 131 21 4.0340
3 132 19 3.8476
3 133 8 1.4612
3 136 163 42.5252
3 137 6 1.0297
3 138 32 7.5496
3 140 6 1.1360
3 141 38 7.2738
3 142 5 1.0121
3 143 37 7.0025
3 144 147 35.7593
3 145 6 1.7299
3 146 38 7.5860
3 147 2562 541.8613
3 148 16 2.9687
3 149 703 202.0747
3 150 34 14.9258
3 151 8 1.6707
3 152 13 2.3472
3 153 427 99.1980
3 154 151 60.2668
3 155 24 6.7044
3 156 23 4.1198
3 157 8 1.8889
3 158 1 0.0929
3 159 103 23.8935
3 160 1 0.1835
3 161 119 27.9581
3 163 197 36.1768
3 164 18 3.2180
3 165 72 13.5557
3 166 247 66.1762
3 167 296 55.2729
3 168 1278 264.9701
3 169 117 21.3074
3 170 69 18.7694
3 172 55 17.8142
3 173 584 130.6277
3 174 8 1.5879
3 176 44 9.0343
3 177 124 27.4144
3 178 36 7.1396
3 179 55 10.0800
3 180 66 16.2261
3 182 6 1.0237
3 183 24 4.3112
3 184 12 2.5850
3 185 46 9.5818
3 186 172 45.4134
3 187 1 0.1465
3 188 3 0.5078
3 189 342 92.3989
3 190 13 2.5087
3 191 18 3.6392
3 192 429 206.5516
3 193 27 7.4143
3 194 122 29.4127
3 195 15 3.0224
3 197 83 20.1617
3 198 5 0.9045
3 199 22 4.3642
3 200 54 11.0279
3 201 5 1.0893
3 202 57 15.9073
3 203 3 0.4918
3 204 1 0.2121
3 205 85 36.9951
3 206 45 14.2889
3 207 83 27.6884
3 208 2 0.3047
3 209 96 31.5857
3 210 3 0.6387
3 211 32 5.3905
3 212 2 0.3548
3 213 11 2.2144
3 214 690 217.1054
3 215 26 5.1210
3 216 6 1.0371
3 217 3 0.7117
3 218 77 21.8665
3 219 5 0.9532
3 220 124 24.8356
3 222 17 4.1259
3 224 838 156.6674
3 225 1 0.1423
3 226 25 4.6962
3 228 32 11.1324
3 229 16 2.8775
3 230 9 1.5897
3 231 3 0.5452
3 232 249 94.9045
3 233 883 291.9905
3 234 22 3.7036
3 236 21 4.4263
3 237 73 20.7179
3 239 55 14.1042
3 240 202 48.1768
3 243 8 1.4933
3 246 91 23.3576
3 247 1 0.4637
3 248 6 1.1597
3 249 57 10.9869
3 250 270 63.4225
3 251 52 11.7681
3 252 277 73.4026
3 253 12 2.1572
3 254 39 11.5195
3 255 1 0.1666
3 257 163 36.4506
3 258 43 14.1632
3 259 54 12.9125
3 260 59 21.7406
3 262 5667 1489.2887
3 264 132 31.5080
3 265 228 58.2147
3 266 230 65.1691
3 267 26 5.4782
3 268 35 11.8221
3 269 2 0.3485
3 270 399 96.1024
3 271 39 9.7809
3 272 8 1.2068
3 273 2 0.3094
3 274 25 4.8642
3 275 196 39.8567
3 276 11 2.0994
3 277 36 6.9678
3 278 1 0.1715
3 279 124 28.2624
3 281 21 4.7108
3 282 1 0.1748
3 283 52 22.3913
3 285 24 4.7609
3 286 117 25.5931
3 287 1 0.2372
3 288 1024 319.6904
3 289 87 16.3049
3 290 1 0.1703
3 291 85 27.7338
3 293 131 27.5923
3 294 66 17.8717
3 295 54 13.4913
3 297 67 15.1821
3 298 191 58.4679
3 299 31 5.3620
3 300 32 5.9302
3 301 9 1.7414
3 302 17 4.8401
3 303 122 27.8945
3 304 472 156.6126
3 305 71 21.1901
3 306 50 9.0147
3 307 13 2.5503
3 308 3 0.5434
3 309 7 1.5042
3 310 10 2.3298
3 311 3 0.6328
3 312 419 148.4023
3 314 7 1.2157
3 315 4 0.7397
3 316 28 6.6449
3 317 442 92.0031
3 318 3 0.5444
3 319 25 4.1893
3 320 88 16.5113
3 321 22 3.7368
3 322 2 0.3951
3 323 3 0.5253
3 324 78 14.9981
3 325 193 37.2170
3 327 11 3.3303
3 329 21 4.0112
3 330 562 154.5081
3 331 2 0.3598
3 332 5 1.2080
3 333 3 0.7403
3 334 74 14.4742
3 335 13 3.0768
3 336 17 5.2482
3 337 317 82.3783
3 338 14 2.6435
3 339 136 25.3554
3 340 7 1.2381
3 343 88 15.6844
3 344 21 4.2520
3 345 4 0.6644
3 346 13 2.0319
3 347 35 6.6607
3 348 5 0.9974
3 349 2252 570.4006
3 350 30 6.6999
3 351 24 4.2622
3 352 45 7.4184
3 353 31 8.4103
3 354 3 0.5223
3 355 86 17.1011
3 356 4 0.6237
3 357 2516 616.6202
3 358 50 16.2021
3 359 34 14.9113
3 360 76 25.3521
3 361 5 1.0139
3 362 8 1.6153
3 363 79 15.6850
3 364 18 4.1075
3 365 222 56.3196
3 366 5 0.9517
3 367 12 2.3165
3 368 169 43.3803
3 370 226 43.7267
3 372 13 2.4107
3 373 2 0.3757
3 374 3 0.6171
3 375 1 0.1621
3 376 158 33.2589
3 377 187 45.0529
3 378 25 4.4249
3 379 58 12.6104
3 380 4 0.7365
3 381 24 8.7956
3 382 2 0.3883
3 383 15 2.9788
4 0 512 122.8758
4 1 26 5.2784
4 2 5 1.0794
4 3 46 10.5743
4 4 25 5.1152
4 5 64 13.6264
4 7 35 7.4315
4 8 42 16.7216
4 9 196 44.5645
4 10 57 14.4949
4 11 95 22.8417
4 12 276 62.0611
4 13 7 1.4358
4 14 143 29.7939
4 15 45 9.1567
4 16 2 0.4619
4 17 145 37.1493
4 18 106 27.7280
4 19 183 45.4978
4 21 41 16.8788
4 22 13 2.2484
4 23 162 36.6833
4 24 63 13.6424
4 25 7 1.3693
4 26 691 239.7721
4 28 161 35.3574
4 29 211 41.8970
4 30 4 0.8266
4 31 35 7.4661
4 32 114 26.1203
4 33 223 50.2469
4 34 37 7.5292
4 35 40 11.0888
4 36 1 0.2127
4 37 121 30.5155
4 38 18 3.8882
4 39 47 11.4558
4 40 206 44.6632
4 41 5 0.9826
4 42 42 8.5876
4 43 37 7.7410
4 44 40 8.9921
4 45 27 5.5289
4 46 97 21.8651
4 47 41 8.0604
4 48 78 18.4400
4 49 554 142.7589
4 50 45 9.4191
4 51 18 4.2279
4 52 9 1.8540
4 53 277 66.7836
4 54 249 63.8106
4 55 130 27.1405
4 56 18 5.0366
4 58 541 142.7292
4 59 81 17.7234
4 60 9 2.0448
4 61 110 28.6182
4 62 70 17.8607
4 63 41 7.4884
4 64 8 1.6677
4 65 90 19.4381
4 66 12 2.6130
4 67 28 6.6734
4 68 75 16.5331
4 69 15 3.8181
4 70 142 41.0195
4 71 25 4.9974
4 72 752 186.6145
4 73 114 38.1326
4 74 25 5.1403
4 75 26 6.1144
4 76 15 4.3649
4 77 8 1.9981
4 78 30 7.2330
4 79 13 2.8671
4 80 2 0.3732
4 81 4 0.8661
4 82 218 60.8813
4 83 51 16.4864
4 84 124 27.0800
4 85 895 205.6638
4 86 38 8.2514
4 87 13 2.7448
4 88 33 5.9061
4 89 49 13.8921
4 90 51 10.0122
4 91 18 3.8945
4 92 81 19.5736
4 93 52 11.9000
4 94 2971 802.9676
4 95 165 41.3826
4 96 17 4.5327
4 98 4 0.6570
4 99 8 1.4703
4 100 48 9.5845
4 101 7 1.3708
4 102 147 33.0538
4 103 32 6.4515
4 104 21 4.3657
4 105 372 77.8544
4 106 98 19.9608
4 107 396 91.0403
4 108 12 2.4237
4 109 27 5.2040
4 110 189 49.4297
4 111 16 3.2929
4 112 21 7.3092
4 113 4 0.8963
4 114 48 10.9863
4 115 82 16.6050
4 116 4 0.6840
4 119 104 24.5382
4 120 11 2.5878
4 121 45 9.1515
4 122 210 45.4586
4 123 284 67.9090
4 124 32 7.2552
4 125 260 55.5818
4 126 156 41.7339
4 127 23 4.9241
4 128 493 145.8395
4 129 2 0.4286
4 130 43 10.1677
4 131 123 24.5198
4 132 534 167.0365
4 133 5 1.0123
4 134 18 4.0128
4 135 61 12.7551
4 136 75 14.4741
4 137 63 12.6906
4 138 253 54.4855
4 139 6 1.1955
4 140 73 17.6373
4 141 236 59.5527
4 143 32 6.4472
4 144 36 8.7217
4 145 49 12.1196
4 146 280 75.3833
4 147 379 107.0068
4 148 70 15.3209
4 149 20 4.3698
4 150 101 20.9500
4 151 296 80.7572
4 152 15 3.3782
4 153 89 18.4604
4 154 254 72.4350
4 156 274 59.1156
4 157 63 16.2780
4 158 117 24.9118
4 159 12 2.5361
4 160 18 3.1387
4 161 84 19.7645
4 162 14 2.6016
4 163 60 12.6998
4 164 50 9.6117
4 165 1 0.2186
4 166 473 115.2049
4 167 32 6.8376
4 168 30 7.3013
4 169 224 49.2768
4 170 669 174.0280
4 171 142 31.9117
4 172 11 2.3369
4 173 149 32.1497
4 174 91 22.4675
4 175 4 0.5412
4 176 126 32.3722
4 177 18 5.2455
4 178 27 5.3209
4 179 242 69.8171
4 180 64 14.6772
4 181 25 7.5152
4 182 44 9.1797
4 184 561 114.3862
4 185 111 24.8515
4 186 10 2.2113
4 187 17 3.6113
4 188 78 15.6912
4 189 273 85.7938
4 190 155 57.3384
4 191 596 139.6287
4 192 325 60.1527
4 193 28 5.6302
4 194 147 31.1151
4 195 1259 342.7162
4 196 224 58.3724
4 197 69 15.1154
4 198 21 4.1384
4 199 65 13.6025
4 200 35 6.7972
4 201 936 308.6305
4 202 81 16.1451
4 203 13 2.4665
4 204 5 1.2549
4 205 8 1.5292
4 206 927 232.7721
4 207 58 12.8308
4 208 56 17.2427
4 209 55 11.6700
4 210 51 10.9419
4 211 39 10.0441
4 212 38 8.5241
4 213 229 46.1023
4 214 39 8.8232
4 215 38 7.7549
4 216 28 6.5078
4 217 34 7.8635
4 218 47 9.5176
4 219 96 25.6596
4 220 116 26.4608
4 221 74 17.7359
4 223 2 0.4662
4 224 1541 391.9284
4 225 63 14.1287
4 226 17 3.8541
4 227 36 7.7829
4 228 19 3.9409
4 229 41 7.6247
4 230 103 23.7863
4 231 75 18.5178
4 232 3 0.5429
4 233 8 1.8533
4 234 60 13.3293
4 235 18 3.8330
4 236 5 1.1644
4 237 62 13.8888
4 238 42 8.4363
4 239 351 75.2727
4 240 29 6.1405
4 241 25 5.1984
4 243 133 27.8699
4 244 58 11.6174
4 246 11 2.0018
4 247 1 0.2304
4 248 94 20.8727
4 249 92 18.0616
4 250 6 1.3053
4 251 150 30.9426
4 252 34 8.2156
4 253 16 3.4150
4 254 31 6.5128
4 255 4 0.7493
4 256 2 0.3306
4 257 81 22.5606
4 258 52 19.2177
4 259 86 17.8966
4 260 83 21.9330
4 261 11 2.2550
4 262 37 9.5020
4 263 34 7.5589
4 264 144 44.3283
4 265 43 11.3425
4 266 48 9.5263
4 267 135 39.8609
4 268 20 4.1004
4 269 10 1.8878
4 270 87 20.4294
4 271 318 73.3467
4 272 3 0.5735
4 273 318 87.4434
4 274 6 1.2204
4 275 3 0.6275
4 276 37 9.5494
4 277 4 0.6219
4 278 556 154.8213
4 279 182 51.3377
4 280 31 7.4449
4 281 74 15.2500
4 282 29 5.5384
4 284 42 8.6019
4 285 159 41.4991
4 286 372 75.0688
4 287 1 0.2269
4 288 110 29.1780
4 289 209 50.7870
4 290 1 0.2320
4 291 123 28.0747
4 292 395 92.6717
4 293 205 54.8410
4 294 246 66.2560
4 295 12 2.4050
4 296 44 10.1250
4 297 75 15.0121
4 298 30 12.4564
4 299 2 0.2780
4 300 239 63.6192
4 301 27 7.2535
4 303 10 2.3898
4 304 74 15.7808
4 306 22 4.3880
4 307 229 66.6588
4 308 5 0.9786
4 309 9 1.5018
4 310 304 100.5132
4 311 21 7.0556
4 312 154 32.9615
4 313 52 10.5728
4 314 219 53.1930
4 315 51 10.9982
4 316 2 0.4897
4 317 11 2.2210
4 318 49 8.9586
4 319 58 20.4136
4 320 12 2.1639
4 321 36 7.0118
4 322 139 39.0160
4 323 47 9.4639
4 324 5 1.0376
4 325 23 4.8595
4 326 211 45.3895
4 327 28 6.0760
4 328 10 1.8868
4 329 28 7.7343
4 330 75 16.3783
4 331 5 0.7956
4 332 3 0.5269
4 333 183 37.9669
4 334 35 7.0894
4 335 494 128.5011
4 336 99 23.9307
4 337 7 1.9431
4 338 45 7.6018
4 339 254 66.6806
4 340 525 144.6861
4 341 2 0.4204
4 342 102 32.5909
4 343 3 0.7251
4 344 53 10.2088
4 346 48 10.4977
4 347 117 26.6396
4 348 7 1.2679
4 349 13 1.9316
4 350 114 40.6481
4 351 96 21.6641
4 352 2 0.3293
4 353 337 115.1884
4 354 27 6.2102
4 355 192 49.4081
4 356 5 0.9327
4 357 154 29.7339
4 358 632 147.4102
4 359 70 18.4621
4 360 68 15.0489
4 361 20 3.3421
4 362 144 31.0630
4 363 44 10.0516
4 364 10 2.8565
4 365 17 3.7656
4 367 214 46.2539
4 368 164 35.4099
4 369 15 3.3360
4 370 474 111.4923
4 371 82 19.7625
4 372 182 42.0805
4 373 24 5.1678
4 374 15 3.1807
4 375 153 34.8240
4 376 335 80.6537
4 377 115 24.0745
4 378 49 14.6478
4 379 80 26.8703
4 380 77 18.9706
4 381 61 13.1774
4 382 33 7.7205
4 383 43 9.5438
5 0 22 4.6699
5 1 72 21.4800
5 2 130 27.8129
5 3 8 1.5335
5 4 29 6.9364
5 5 18 3.7213
5 6 31 7.3371
5 7 38 9.6568
5 8 120 25.2794
5 9 48 11.7611
5 10 51 11.1969
5 11 46 9.2403
5 12 21 4.7227
5 13 40 8.0422
5 14 3 0.6769
5 15 23 4.2215
5 16 4 0.7367
5 17 10 2.0737
5 18 18 3.9448
5 19 96 23.2152
5 21 44 10.3331
5 22 5 1.1513
5 23 1 0.2019
5 24 124 26.4058
5 26 174 45.2140
5 27 1 0.2313
5 28 235 59.5632
5 29 68 15.2193
5 30 28 5.5005
5 31 13 2.5773
5 32 136 31.7213
5 33 30 6.5917
5 34 288 63.1044
5 35 22 4.4993
5 36 366 87.2360
5 37 935 250.1585
5 38 14 2.6748
5 39 38 7.8940
5 40 527 130.9689
5 41 339 92.0091
5 42 297 66.6032
5 43 25 5.9278
5 44 8 1.8343
5 45 58 15.6308
5 46 7 2.2294
5 47 24 4.7151
5 48 81 18.9366
5 49 37 7.4877
5 50 11 2.7089
5 51 11 2.1895
5 52 117 25.7486
5 53 111 27.5590
5 54 72 19.4838
5 55 37 7.5588
5 56 5 0.9704
5 57 95 19.1126
5 58 94 20.5845
5 60 55 12.2370
5 61 57 18.3112
5 62 21 4.6470
5 63 110 24.2417
5 65 66 14.8652
5 66 45 10.9499
5 67 1 0.2391
5 68 41 11.7118
5 69 563 148.7680
5 70 112 24.7612
5 71 4 0.9044
5 72 184 45.0574
5 73 4 0.9330
5 74 4 0.7931
5 75 6 1.1013
5 76 6 1.2375
5 77 119 34.1883
5 78 160 30.8603
5 79 43 12.7174
5 80 42 8.4359
5 81 75 17.0074
5 82 36 9.1935
5 83 75 15.8935
5 84 195 47.1404
5 85 203 71.4048
5 86 16 3.6365
5 87 2 0.4126
5 88 5 1.0457
5 89 51 11.0974
5 90 35 8.3133
5 91 1 0.2343
5 93 3 0.4848
5 94 27 6.4469
5 95 18 4.0008
5 96 4 0.8317
5 97 449 99.2947
5 98 152 32.9973
5 99 21 4.9371
5 100 212 61.0628
5 102 6 1.0783
5 103 2 0.4014
5 105 11 2.1411
5 106 27 5.3129
5 107 10 2.0786
5 108 52 10.5761
5 109 19 4.2573
5 110 12 2.4724
5 111 10 1.9108
5 112 90 19.1997
5 113 196 39.8749
5 114 9 1.8106
5 115 48 12.0824
5 116 33 7.4601
5 117 145 35.1865
5 118 4 0.7978
5 119 723 151.7252
5 120 28 6.0522
5 121 302 81.8835
5 122 70 15.1846
5 124 125 35.0360
5 125 26 5.9543
5 126 1 0.2179
5 127 237 69.8044
5 128 7 1.5404
5 129 4 0.9361
5 130 4 0.8442
5 131 49 10.9688
5 132 49 9.3427
5 133 71 13.6208
5 134 33 7.3619
5 135 171 37.4373
5 136 196 48.7673
5 137 31 7.3256
5 138 164 40.8693
5 139 70 20.1823
5 140 15 3.3530
5 141 302 74.3102
5 143 31 6.7325
5 144 73 18.1936
5 145 145 28.5379
5 146 59 12.1383
5 147 211 41.6646
5 148 15 3.4673
5 149 98 24.0349
5 150 14 2.9068
5 151 97 21.6888
5 152 62 18.9392
5 153 164 33.0549
5 154 37 13.9720
5 155 12 2.4745
5 156 72 19.7738
5 157 28 8.0754
5 158 161 36.1405
5 159 30 6.7875
5 160 98 22.6847
5 161 6 1.2718
5 162 36 7.8473
5 163 299 64.2715
5 164 668 171.0189
5 165 3 0.8600
5 166 12 2.4530
5 167 58 17.0925
5 168 7 1.4280
5 169 300 63.2137
5 170 12 2.6336
5 171 1 0.2141
5 172 402 91.1078
5 173 17 3.5427
5 174 119 28.8968
5 175 17 3.5466
5 176 5 0.9229
5 177 31 8.5775
5 179 4283 1149.0890
5 180 11 2.0288
5 181 97 27.7399
5 182 105 23.7493
5 183 8 1.7307
5 184 7 1.3485
5 185 12 3.1033
5 186 62 12.5190
5 187 1879 582.1305
5 188 550 143.5186
5 190 36 6.9661
5 191 54 10.7827
5 192 10 2.0236
5 193 178 66.1881
5 194 53 12.8345
5 195 205 46.8524
5 196 44 10.2392
5 197 42 8.2692
5 198 75 17.0520
5 199 5 1.0987
5 200 37 7.4970
5 201 7 1.3820
5 202 328 75.8985
5 203 24 5.7747
5 204 29 6.1905
5 205 17 3.6119
5 206 58 13.9967
5 207 11 2.5604
5 208 1382 395.6669
5 209 132 25.6674
5 210 109 21.1560
5 211 16 3.0698
5 212 18 4.0871
5 213 51 11.5170
5 214 3 0.6901
5 215 123 37.0043
5 216 425 109.5168
5 217 4 0.8004
5 218 77 17.0730
5 219 17 3.8479
5 220 137 31.8679
5 221 20 4.7399
5 222 121 31.1137
5 223 55 13.8725
5 224 35 9.2509
5 225 67 16.8795
5 226 103 22.7965
5 227 20 4.0659
5 228 122 38.0145
5 229 218 46.9637
5 230 2 0.4085
5 231 20 4.8485
5 232 446 103.9330
5 233 6 1.2238
5 234 52 10.4522
5 235 72 15.9801
5 236 1 0.2332
5 237 4 0.8318
5 238 15 2.8781
5 239 88 19.4639
5 240 18 3.3236
5 241 13 2.5753
5 242 579 172.3978
5 243 16 3.1295
5 244 22 4.1230
5 245 21 4.0958
5 246 10 2.1474
5 247 621 157.1787
5 248 156 33.2442
5 249 83 15.9521
5 250 40 8.6134
5 251 95 27.7313
5 252 1 0.1779
5 253 9 1.7265
5 254 11 2.0099
5 255 24 5.0208
5 256 201 47.5013
5 257 81 16.6776
5 258 58 14.9079
5 259 31 6.4744
5 260 353 96.9915
5 261 39 7.4259
5 262 66 14.8501
5 263 3141 789.3885
5 264 235 70.7404
5 265 23 4.6667
5 267 34 6.9792
5 268 2 0.5126
5 269 64 13.1376
5 270 19 4.1470
5 271 13 2.9228
5 272 5 0.9329
5 273 6 1.3045
5 274 9 1.7753
5 275 156 39.3836
5 276 49 9.9761
5 277 2 0.3377
5 278 249 56.9951
5 279 1 0.2247
5 280 113 21.8506
5 281 6 1.0427
5 282 217 46.9285
5 283 8 1.7262
5 284 25 5.6245
5 285 36 9.8370
5 286 80 17.8257
5 287 5 1.0359
5 288 102 28.5241
5 289 185 45.1145
5 290 25 5.3308
5 291 342 83.9638
5 292 31 6.3189
5 293 194 49.0180
5 294 67 15.2980
5 295 34 6.5923
5 296 8 1.9090
5 297 1 0.1641
5 298 166 44.8765
5 299 96 21.6737
5 300 2 0.4584
5 301 14 2.9498
5 302 41 9.1404
5 303 14 4.3954
5 304 94 25.1247
5 305 2 0.3100
5 306 264 77.3672
5 307 5 0.9309
5 308 26 4.9460
5 309 13 2.9926
5 310 168 46.4613
5 311 31 6.4556
5 312 5 0.9460
5 313 28 6.7709
5 314 774 169.3750
5 315 759 171.6825
5 317 97 28.1045
5 318 29 5.8444
5 319 132 34.2437
5 320 21 4.4764
5 321 243 57.9493
5 322 36 8.3771
5 323 2 0.4108
5 324 10 2.2210
5 325 44 9.3444
5 326 14 3.2078
5 327 128 29.1212
5 328 441 122.6593
5 329 50 14.3078
5 330 1 0.2903
5 331 22 5.0477
5 332 12 2.2747
5 333 3 0.5891
5 334 331 73.9657
5 335 122 31.9381
5 337 1088 269.3067
5 338 70 21.9734
5 339 55 11.4189
5 340 1 0.2021
5 341 50 9.3985
5 342 68 13.9558
5 343 4 0.8707
5 344 249 60.5971
5 345 8 1.7131
5 346 7 1.4182
5 347 16 3.0022
5 348 12 2.4436
5 349 826 232.5806
5 350 36 7.8803
5 351 219 48.1398
5 352 361 98.0311
5 353 8 1.6028
5 354 164 39.5487
5 355 14 2.7823
5 356 22 5.3363
5 357 42 8.1505
5 358 355 103.8577
5 359 7 1.3325
5 360 47 10.8192
5 361 193 43.5806
5 362 5 0.9988
5 363 17 3.8305
5 364 5 0.9306
5 365 189 49.3032
5 366 23 4.5721
5 367 5 1.1075
5 368 117 26.4077
5 369 20 4.2976
5 371 254 53.5039
5 372 14 2.8687
5 373 15 2.6211
5 374 54 14.7201
5 375 23 5.4917
5 376 112 22.5680
5 377 8 1.3830
5 378 12 2.3174
5 379 304 67.4557
5 380 14 2.8148
5 381 2 0.4173
5 382 27 5.0778
5 383 54 12.1853
6 0 10 1.9985
6 1 450 111.5712
6 2 123 26.5480
6 3 1 0.2213
6 4 1 0.1594
6 5 285 72.1011
6 7 163 37.4686
6 8 83 17.8420
6 9 5 1.1568
6 11 11 2.4904
6 12 336 92.1379
6 13 26 7.3692
6 14 1 0.1769
6 15 135 37.7741
6 16 59 14.3128
6 17 198 43.8648
6 18 813 196.0965
6 19 2 0.3674
6 20 33 6.1670
6 21 2 0.3592
6 22 39 10.1039
6 23 383 91.1140
6 24 196 48.3113
6 25 4 0.6764
6 26 33 6.9552
6 27 16 3.4825
6 28 982 210.4976
6 29 35 8.6879
6 31 764 167.3573
6 32 4 0.8857
6 33 828 228.7995
6 34 16 3.3002
6 35 7 1.4441
6 36 3 0.5801
6 37 73 14.4452
6 38 14 2.9077
6 39 11 1.9697
6 40 9 1.7433
6 41 2 0.3771
6 43 4 0.8849
6 44 63 14.2774
6 45 15 2.7872
6 46 109 26.5408
6 47 362 80.5813
6 48 11 2.4704
6 49 7 1.4188
6 50 10 1.9032
6 51 857 205.1734
6 52 24 4.6516
6 53 69 17.3967
6 54 18 3.6645
6 55 58 11.6178
6 56 484 128.2312
6 58 14 2.7307
6 59 109 27.4696
6 61 7 1.5670
6 62 33 6.7904
6 63 841 209.2102
6 64 1 0.2452
6 65 6 1.2443
6 66 70 17.1791
6 67 57 13.5600
6 68 4 0.8595
6 69 8 1.7829
6 70 2 0.3595
6 71 14 2.6034
6 72 164 33.0790
6 73 115 25.3421
6 74 8 1.4847
6 75 56 11.9654
6 76 165 33.2236
6 77 12 2.3244
6 79 170 38.2664
6 80 1 0.2098
6 81 108 26.9570
6 82 25 4.7739
6 84 11 2.7382
6 85 13 2.5365
6 86 5 0.9747
6 87 1 0.1808
6 89 8 1.7072
6 90 72 17.2303
6 91 64 13.0244
6 92 40 9.8602
6 93 655 155.6432
6 94 9 1.8788
6 95 2 0.4318
6 96 205 47.3724
6 97 3 0.5414
6 98 20 4.7578
6 99 89 24.3350
6 100 65 14.2103
6 101 349 85.5308
6 102 111 25.7808
6 104 134 41.2624
6 105 9 1.5549
6 106 2 0.3744
6 107 405 110.1713
6 108 1 0.2382
6 109 7 1.2811
6 110 67 19.4799
6 111 19 3.9108
6 112 28 7.6342
6 113 35 7.2420
6 114 69 13.6993
6 116 7 1.4764
6 117 2115 546.1453
6 118 24 5.7225
6 119 4 0.6266
6 120 481 110.4366
6 121 1 0.1270
6 122 582 145.2126
6 124 24 6.3861
6 125 1050 229.6474
6 126 8 1.5085
6 128 181 39.2851
6 129 240 60.8310
6 131 2 0.3712
6 132 100 26.1559
6 133 138 32.1715
6 134 131 30.5284
6 135 337 79.5850
6 136 1 0.2104
6 137 177 50.7924
6 138 3 0.5450
6 139 2 0.3190
6 140 48 11.4528
6 141 3 0.6504
6 142 4 0.8448
6 143 16 3.5520
6 144 2 0.6064
6 145 9 1.8292
6 146 19 4.3933
6 147 25 6.4411
6 148 29 5.9402
6 149 82 17.4680
6 150 42 9.8415
6 151 122 25.1732
6 152 489 116.2472
6 153 6 1.5466
6 154 70 15.6199
6 155 3 0.6903
6 156 2 0.3539
6 157 19 4.2661
6 158 4 0.9234
6 159 95 20.2520
6 160 281 62.1990
6 161 9 2.2301
6 162 96 20.0054
6 163 9 2.0083
6 164 20 4.2742
6 165 2 0.3999
6 166 60 13.7675
6 167 481 132.8323
6 169 6 1.3211
6 170 17 3.1209
6 171 50 10.0107
6 172 37 7.6524
6 173 16 3.0280
6 174 8 1.6000
6 175 32 7.4111
6 176 2 0.3098
6 177 35 6.6944
6 178 5 0.8298
6 179 1 0.2406
6 180 15 2.8367
6 181 423 98.2513
6 182 9 1.7732
6 183 230 60.5327
6 184 17 3.1587
6 185 43 8.4491
6 186 5 0.8930
6 187 50 9.9634
6 188 4 0.8345
6 189 470 132.7005
6 190 45 11.3517
6 191 5 1.1119
6 192 330 93.2666
6 193 2 0.3714
6 194 42 9.9941
6 195 138 35.6478
6 196 22 4.8861
6 197 31 7.4556
6 199 2 0.4479
6 200 1206 357.7879
6 201 8 2.2578
6 202 1 0.1639
6 203 87 17.9338
6 204 62 12.0781
6 205 6 1.0761
6 206 159 41.3773
6 207 21 4.2230
6 208 590 167.8208
6 209 29 6.4165
6 210 702 166.3023
6 211 24 5.0823
6 212 12 2.3917
6 213 20 3.8144
6 214 86 18.8111
6 215 33 6.7016
6 216 18 3.8782
6 217 2 0.3673
6 218 9 1.9565
6 219 205 63.6581
6 220 13 2.5275
6 221 17 3.0679
6 222 50 12.8584
6 223 98 20.0381
6 224 1134 291.4308
6 225 43 10.0038
6 226 3 0.7533
6 227 366 90.0876
6 228 2 0.4479
6 229 11 2.0803
6 230 156 33.6423
6 231 25 5.3924
6 232 58 17.5655
6 233 12 2.9100
6 234 22 4.2744
6 235 153 34.6092
6 236 1 0.1884
6 237 91 20.0728
6 238 1 0.1753
6 239 115 24.3218
6 240 5 1.2497
6 241 8 1.3891
6 242 4 1.0558
6 243 31 8.8746
6 244 57 13.1066
6 245 10 2.0422
6 246 4 1.1469
6 247 51 9.9368
6 248 1 0.2029
6 249 442 111.8328
6 250 8 1.4508
6 251 241 59.2144
6 252 2 0.3414
6 253 9 1.7283
6 254 87 22.8349
6 255 609 138.5716
6 256 4 0.7318
6 257 2402 797.7876
6 258 35 7.6270
6 259 30 5.8107
6 260 99 22.5788
6 261 150 39.4780
6 262 25 5.1417
6 263 22 6.1787
6 264 7 1.2177
6 265 4 0.7937
6 266 3 0.6129
6 267 64 12.0221
6 268 18 4.0125
6 269 6 1.2853
6 270 11 2.3277
6 271 15 3.3279
6 272 664 146.5302
6 273 24 7.2851
6 274 13 2.8469
6 275 175 36.7667
6 276 6 1.2004
6 277 38 11.0118
6 278 44 8.2708
6 279 6 1.2754
6 280 37 10.2789
6 282 353 89.8663
6 283 137 35.8662
6 284 72 15.3364
6 287 29 5.6575
6 288 47 10.7801
6 289 8 1.5378
6 290 38 7.5614
6 291 12 2.7072
6 292 53 10.9597
6 293 62 13.6290
6 294 52 10.2601
6 295 10 2.0522
6 296 2 0.3433
6 297 4 0.9549
6 298 3 0.5795
6 299 6 1.9480
6 300 1 0.1806
6 301 55 11.4493
6 302 80 21.1481
6 303 221 47.9780
6 304 5 0.9441
6 305 183 38.3635
6 306 104 23.6637
6 307 21 4.6135
6 308 1 0.1582
6 309 91 17.6668
6 310 53 10.9021
6 311 290 64.7678
6 312 300 79.0499
6 314 132 27.2440
6 315 9 1.7772
6 316 7 1.5106
6 317 46 13.5647
6 318 1 0.2017
6 319 13 2.7205
6 320 24 5.6313
6 321 63 13.3744
6 322 1 0.2128
6 323 131 28.0805
6 324 14 2.8593
6 325 1 0.1981
6 326 235 50.5964
6 327 9 1.6416
6 328 94 21.5411
6 329 5 0.9736
6 330 58 13.8816
6 331 34 7.0071
6 332 52 17.1295
6 333 439 120.7173
6 334 53 11.5289
6 335 2 0.4071
6 337 24 6.6597
6 338 24 4.9526
6 339 471 120.1767
6 340 45 12.3836
6 341 157 36.2853
6 342 585 155.3716
6 343 22 7.0508
6 344 6 1.3006
6 346 27 6.0971
6 347 19 3.5196
6 348 9 1.8466
6 349 39 9.8364
6 350 7 1.2625
6 351 8 1.7589
6 352 9 1.7604
6 353 414 84.6733
6 354 28 5.4862
6 356 457 105.4380
6 357 3 0.6335
6 358 51 14.5890
6 359 33 6.9480
6 360 521 114.3073
6 361 89 25.2774
6 363 6 1.1956
6 364 16 3.1040
6 365 10 2.1629
6 367 3071 814.4881
6 368 101 27.7752
6 369 68 14.2259
6 370 456 132.7888
6 371 95 20.2328
6 372 2 0.5236
6 373 659 192.0919
6 375 4 1.0146
6 377 7 1.8529
6 378 20 4.2965
6 379 18 3.8503
6 380 22 4.1816
6 382 12 2.6011
6 383 5 0.7379
7 0 245 64.2442
7 2 115 22.5886
7 3 35 7.3884
7 4 3 0.6391
7 5 10 1.8795
7 6 108 22.8856
7 7 73 15.1735
7 8 47 12.4723
7 9 71 13.9044
7 10 45 9.2336
7 11 2 0.4172
7 12 107 27.3598
7 13 78 16.7671
7 14 86 16.6947
7 16 128 26.6655
7 17 12 2.1774
7 18 22 4.1878
7 19 1720 448.9903
7 20 82 18.2176
7 21 108 25.1289
7 22 7 1.2180
7 23 38 6.4019
7 24 1 0.2502
7 25 32 6.7250
7 26 51 13.2950
7 27 64 12.9991
7 28 11 2.1030
7 29 271 66.1164
7 30 1 0.2308
7 32 930 279.1836
7 33 54 9.6114
7 34 4 0.7366
7 35 40 7.7716
7 36 61 12.6861
7 37 5 1.0088
7 38 32 6.5061
7 39 79 22.8550
7 40 22 4.2471
7 41 20 3.7709
7 43 6 1.0343
7 44 455 105.1484
7 46 18 2.9699
7 48 87 21.8680
7 49 98 20.0277
7 50 203 45.6315
7 51 21 4.5946
7 53 101 20.5118
7 54 23 4.6196
7 55 46 9.7779
7 56 16 2.6301
7 57 17 3.5744
7 58 700 182.3398
7 59 35 6.6312
7 60 4 0.7903
7 61 7 2.2041
7 62 107 21.0290
7 63 38 12.3024
7 64 1 0.2513
7 65 357 110.4296
7 66 1 0.2202
7 68 123 25.8717
7 69 296 61.8987
7 71 14 2.3100
7 72 117 31.6401
7 74 1 0.1240
7 75 454 125.6141
7 77 21 4.0482
7 78 18 4.8039
7 79 146 33.5748
7 80 28 6.2141
7 81 266 71.7931
7 82 2 0.4386
7 83 8 1.4563
7 84 59 11.9857
7 85 2 0.3229
7 86 68 15.5328
7 88 44 8.2191
7 89 150 40.1904
7 90 349 74.5479
7 92 18 3.7237
7 93 235 49.4223
7 94 2446 654.1383
7 96 31 6.1855
7 98 14 2.5593
7 99 1 0.2670
7 100 126 30.5108
7 102 167 42.2851
7 103 1 0.1532
7 105 14 2.9141
7 106 169 40.4308
7 107 216 57.4112
7 108 48 10.0494
7 109 9 1.6279
7 110 36 7.1826
7 111 111 36.2109
7 112 19 3.7028
7 113 4 0.7466
7 114 11 1.7935
7 115 37 8.5144
7 116 4 0.6055
7 117 57 11.8072
7 118 355 80.1502
7 119 15 2.8368
7 121 55 10.8062
7 122 39 9.0230
7 124 47 12.9633
7 125 86 19.3668
7 127 135 28.0179
7 129 88 19.8521
7 130 28 5.9533
7 131 405 90.8900
7 132 169 35.0898
7 133 62 13.8116
7 135 9 1.6785
7 136 114 27.1296
7 137 4 0.6863
7 138 15 2.9769
7 139 238 58.3149
7 140 301 71.7709
7 141 9 1.6310
7 142 2 0.3680
7 143 6 1.0492
7 144 69 16.9148
7 145 14 2.6195
7 146 18 3.4772
7 147 58 11.1207
7 148 58 11.5649
7 150 192 49.6266
7 151 32 7.0797
7 152 25 5.1230
7 153 6 1.2075
7 154 4411 1337.7770
7 155 61 14.3840
7 156 229 49.8969
7 157 17 3.9626
7 158 265 71.4086
7 160 84 19.5186
7 161 5 1.0401
7 162 108 18.0819
7 163 79 16.5806
7 164 632 128.5084
7 165 951 216.5367
7 166 23 5.0522
7 167 58 11.2980
7 168 8 1.3110
7 169 98 24.0629
7 170 3 0.5178
7 171 36 9.3383
7 172 47 10.5897
7 173 141 29.6245
7 175 98 18.6146
7 176 188 52.1212
7 177 39 8.3931
7 179 239 56.5596
7 180 52 10.3933
7 181 85 21.8742
7 182 44 9.6247
7 183 53 10.6652
7 184 3 0.5359
7 185 117 27.3915
7 186 2 0.4676
7 187 11 2.6286
7 188 22 5.9031
7 189 9 1.5784
7 190 8 1.7443
7 191 22 4.6372
7 192 2 0.4068
7 193 430 92.7530
7 195 72 16.0978
7 196 1 0.1860
7 197 23 4.0580
7 200 75 21.9754
7 201 220 48.4902
7 202 51 9.0140
7 204 104 24.7016
7 205 465 111.3323
7 206 77 20.4966
7 207 735 212.7130
7 208 25 5.0846
7 209 2 0.3666
7 210 9 1.6252
7 211 2 0.2722
7 212 3 0.5888
7 213 2 0.4392
7 214 1 0.1985
7 215 275 60.6542
7 216 73 13.2576
7 217 12 2.7609
7 218 66 12.6085
7 219 10 2.0979
7 220 22 5.1842
7 221 34 6.1931
7 222 14 2.6613
7 224 1 0.2244
7 225 50 11.8154
7 226 8 1.6024
7 228 87 17.7937
7 229 76 21.7668
7 230 3 0.5645
7 231 1 0.2003
7 232 5 0.8617
7 233 11 2.0951
7 234 61 13.4594
7 235 37 8.8725
7 236 47 10.1416
7 238 3 0.5706
7 239 2 0.3469
7 240 18 4.8857
7 241 30 6.3808
7 242 501 129.9792
7 243 93 19.3301
7 244 62 12.4807
7 245 661 177.3611
7 246 13 2.3773
7 247 42 9.1870
7 248 6 1.1409
7 249 10 2.0367
7 250 293 67.1595
7 251 47 9.3508
7 252 79 21.0016
7 253 14 2.4650
7 254 39 8.5750
7 255 31 5.6330
7 257 205 41.3876
7 258 9 2.1812
7 259 19 3.6674
7 260 4 0.7394
7 262 18 3.7000
7 263 1 0.1620
7 264 10 2.1534
7 265 108 23.9459
7 266 59 16.0892
7 267 6 1.1661
7 268 3 0.5917
7 269 2 0.3722
7 270 384 86.2793
7 271 2 0.3882
7 272 55 11.2665
7 273 21 4.1514
7 274 6 1.1802
7 275 361 82.3491
7 276 1 0.1028
7 277 15 2.9145
7 278 82 17.1373
7 279 38 6.8190
7 280 36 7.2490
7 281 136 26.1399
7 282 12 2.3687
7 283 123 37.2126
7 284 64 13.2977
7 285 1 0.2156
7 286 3 0.5315
7 287 101 30.5687
7 288 8 1.5528
7 289 1 0.1986
7 290 52 10.2502
7 291 54 11.3069
7 292 35 7.2341
7 293 18 3.2427
7 294 35 12.0508
7 295 48 11.1680
7 296 121 33.0542
7 298 76 16.8886
7 299 342 81.0296
7 300 28 6.5778
7 302 23 3.8183
7 303 52 10.2520
7 305 174 42.2158
7 306 66 13.8817
7 307 6 1.3716
7 308 5 0.8982
7 309 16 3.3699
7 310 103 24.6115
7 311 5 1.2664
7 312 267 61.4982
7 313 518 115.7846
7 314 18 2.8882
7 315 1 0.0550
7 316 401 90.4062
7 317 217 46.0793
7 318 4 0.7443
7 319 1 0.1877
7 320 58 12.2518
7 322 30 5.9625
7 323 82 22.8554
7 324 2781 678.7224
7 325 249 70.7760
7 326 44 14.4194
7 327 8 1.2064
7 328 86 19.3192
7 329 407 106.9001
7 331 84 16.1089
7 332 38 6.7308
7 334 4 0.9521
7 335 64 15.0556
7 337 1900 513.4516
7 338 2 0.3697
7 339 4 0.8258
7 340 32 6.3571
7 341 1 0.1813
7 342 28 5.4176
7 343 99 20.6866
7 344 10 1.6429
7 346 4 0.7743
7 347 12 1.9829
7 348 15 2.8745
7 349 10 1.8120
7 350 1711 491.9587
7 351 6 1.1648
7 352 17 3.4723
7 353 70 16.9128
7 354 61 14.8997
7 356 51 10.3441
7 357 230 50.3213
7 358 180 42.5909
7 360 95 28.4189
7 361 44 10.5649
7 362 2 0.4270
7 363 43 8.2517
7 364 4 0.7148
7 365 128 30.9924
7 366 32 9.0836
7 367 8 1.5496
7 369 3 0.6517
7 370 806 206.8235
7 371 9 1.7317
7 372 19 3.5149
7 373 118 21.3497
7 374 93 19.9460
7 375 10 2.2139
7 376 1 0.1811
7 377 223 54.5947
7 379 818 209.6854
7 380 21 4.0154
7 381 3 0.6171
7 382 5 0.7933
7 383 358 81.2777
8 0 23 5.6970
8 1 251 74.9480
8 2 413 93.4158
8 3 20 3.7260
8 4 1 0.1900
8 5 42 8.5558
8 6 49 9.9362
8 7 1 0.1960
8 8 5 0.9410
8 9 75 14.8693
8 11 140 29.9737
8 12 1 0.1600
8 13 34 6.7751
8 14 268 61.1596
8 15 10 1.5766
8 16 29 6.3976
8 17 5 1.6681
8 18 3 0.6010
8 19 2 0.4191
8 20 12 2.4154
8 21 5 0.8490
8 22 6 1.2750
8 23 8 1.5928
8 24 119 30.5044
8 25 3 0.4488
8 26 1 0.3222
8 28 20 4.1751
8 29 124 35.5027
8 31 3 0.6053
8 32 5 0.9535
8 33 16 2.6320
8 34 126 32.8099
8 36 39 7.7310
8 37 102 20.3448
8 38 10 1.8384
8 39 295 67.7328
8 40 3 0.5183
8 41 37 11.5529
8 42 31 7.6127
8 43 31 5.6026
8 44 57 14.4132
8 45 131 34.3952
8 46 36 6.5838
8 47 394 98.9644
8 48 6 1.0445
8 50 64 15.2673
8 51 37 5.9873
8 52 8 1.4129
8 53 16 2.9961
8 54 55 10.5462
8 55 93 23.6336
8 56 1 0.1720
8 57 53 13.4491
8 58 11 2.2304
8 60 46 11.6658
8 61 133 30.2906
8 62 158 34.4148
8 63 74 16.2436
8 64 423 96.5629
8 65 6 1.5003
8 66 197 41.1870
8 67 586 141.6300
8 69 30 6.0905
8 70 18 3.5706
8 71 33 5.9958
8 72 1 0.1635
8 73 13 4.4261
8 74 10 2.2397
8 75 2 0.4150
8 76 5 0.8261
8 77 7 1.3585
8 78 137 36.2300
8 79 28 5.5487
8 81 39 7.9595
8 83 8 1.5161
8 84 6 1.0697
8 85 33 5.7803
8 86 5 0.8799
8 87 33 6.3295
8 88 1 0.1452
8 89 281 72.3716
8 90 2110 572.1462
8 91 12 3.5965
8 92 277 63.4348
8 93 5 0.8389
8 94 2840 700.8246
8 95 40 10.0067
8 96 9 1.5001
8 97 11 2.4822
8 99 25 6.5161
8 100 147 35.4872
8 101 416 99.2995
8 102 67 17.3017
8 103 6 1.1084
8 104 217 43.7710
8 107 11 1.8545
8 109 22 4.0793
8 110 21 4.2413
8 111 296 65.6410
8 112 62 9.5283
8 113 2 0.2426
8 114 221 55.0717
8 115 322 78.2142
8 116 39 6.8382
8 117 53 12.0348
8 118 19 3.9044
8 119 313 78.6891
8 121 120 28.4590
8 122 262 68.1707
8 124 1 0.1709
8 125 67 11.2143
8 126 11 1.9121
8 127 56 14.6245
8 128 5 0.8573
8 129 249 53.6718
8 130 3 0.5629
8 131 22 4.7772
8 132 1 0.1987
8 133 24 4.7101
8 134 230 56.1283
8 135 347 71.5748
8 136 2 0.3339
8 137 268 63.6287
8 138 1 0.1987
8 139 1 0.1386
8 141 122 21.3954
8 142 41 7.1160
8 143 59 16.4836
8 145 121 39.5238
8 146 12 3.0337
8 147 6 1.0826
8 150 7 1.1907
8 151 57 14.4837
8 152 105 25.5054
8 153 5 0.9561
8 154 38 7.8580
8 155 66 13.0339
8 156 45 11.3722
8 157 3 0.6110
8 158 15 3.8843
8 159 6 1.1765
8 161 70 13.3661
8 162 120 22.9684
8 163 67 17.2879
8 164 918 203.0013
8 165 50 12.2586
8 166 7 1.2756
8 167 2 0.4154
8 168 42 11.0774
8 169 38 10.4079
8 170 5 0.7504
8 171 263 54.9679
8 172 101 20.6545
8 173 224 58.3838
8 174 47 9.2610
8 177 52 10.8349
8 178 276 70.4003
8 179 62 12.3301
8 180 6 1.1121
8 181 615 157.6204
8 183 3 0.5712
8 184 8 1.3957
8 185 2418 683.5984
8 186 1515 488.7050
8 187 5 0.9605
8 189 24 4.8397
8 190 9 1.7014
8 191 61 11.8031
8 192 40 7.1760
8 193 205 48.5579
8 194 5 0.8880
8 195 226 54.7073
8 197 51 12.8699
8 198 9 1.8428
8 199 14 2.6307
8 200 25 5.8440
8 202 22 4.6502
8 203 4 1.1204
8 204 14 2.8575
8 205 275 72.5849
8 206 1 0.2169
8 207 161 30.3609
8 208 67 15.5048
8 209 716 168.1760
8 210 16 3.0673
8 211 122 34.7369
8 212 2324 575.6035
8 213 36 6.4619
8 214 40 8.1650
8 215 29 6.9117
8 216 31 6.6592
8 217 826 220.5311
8 218 387 95.9873
8 219 60 13.1529
8 220 23 4.6533
8 221 41 8.7413
8 222 1 0.1416
8 223 79 22.1440
8 224 267 73.8056
8 225 54 11.7843
8 226 1609 438.7151
8 227 84 17.0426
8 228 166 40.4709
8 229 265 68.7443
8 232 64 17.2757
8 233 890 261.5177
8 234 123 35.6542
8 235 14 2.2755
8 236 6 1.1156
8 237 443 123.4497
8 238 6 1.1136
8 239 10 1.7976
8 240 7 1.0880
8 241 27 4.7309
8 242 2 0.3602
8 243 1 0.2079
8 245 52 15.5599
8 246 162 30.4701
8 247 4 0.7569
8 248 671 185.0479
8 249 24 4.9372
8 250 44 8.2171
8 251 3 0.9330
8 252 9 1.7973
8 253 1 0.1820
8 254 25 6.6441
8 255 2 0.3526
8 256 18 3.4890
8 258 1927 536.2928
8 259 8 1.3000
8 260 27 7.2030
8 261 19 4.7754
8 262 3 0.6181
8 263 24 4.8055
8 264 1 0.2024
8 265 10 1.8318
8 266 95 19.4698
8 267 6 1.2552
8 268 2 0.3458
8 269 160 38.1888
8 270 34 7.3657
8 271 149 34.4598
8 273 29 5.0914
8 274 12 2.1769
8 276 157 39.0762
8 277 19 4.6372
8 278 65 14.2616
8 279 3 0.4718
8 280 667 186.6327
8 281 1 0.2375
8 282 83 21.8801
8 283 80 17.2611
8 284 4 0.7691
8 285 2 0.3082
8 286 87 12.7466
8 287 64 13.3688
8 288 237 63.2713
8 289 279 79.2349
8 290 3 0.6054
8 291 3 0.7867
8 292 18 4.9510
8 293 43 8.1078
8 294 63 14.3838
8 295 60 12.2637
8 296 161 36.6267
8 297 344 73.4317
8 298 3 0.5511
8 299 37 6.5411
8 300 37 10.2179
8 301 8 1.4704
8 303 1 0.1953
8 304 21 4.1951
8 305 58 9.7820
8 306 23 3.8024
8 307 49 10.4961
8 308 686 186.4963
8 309 3 0.4499
8 310 40 8.3591
8 311 6 1.1688
8 312 7 1.3491
8 313 2 0.3291
8 314 26 4.8397
8 316 21 5.8985
8 317 6 1.0690
8 319 142 35.4851
8 320 106 18.9782
8 321 11 2.5871
8 322 11 2.2182
8 323 1496 378.5577
8 324 147 43.7947
8 325 3 0.4943
8 326 9 1.7355
8 328 8 1.4150
8 329 14 2.6069
8 330 3 0.5062
8 332 44 11.3649
8 333 65 12.9940
8 334 1 0.1430
8 336 23 4.1505
8 337 58 10.8259
8 338 93 19.3965
8 340 4 0.8446
8 341 292 69.9635
8 342 6 1.1258
8 343 1 0.2142
8 345 7 1.4021
8 346 70 17.5065
8 347 4 1.0471
8 348 240 51.1883
8 349 46 11.1817
8 351 1 0.1704
8 352 63 11.6628
8 353 23 6.2044
8 354 3 0.5050
8 356 133 32.9557
8 357 169 54.4753
8 358 2 0.4088
8 359 10 1.7554
8 360 613 142.1238
8 361 226 50.9486
8 362 9 1.6721
8 363 10 1.8042
8 364 2 0.3508
8 365 18 3.6748
8 366 1 0.1864
8 367 182 39.7309
8 369 11 1.9604
8 370 46 9.4605
8 373 44 8.4306
8 374 51 12.6972
8 375 2 0.3215
8 376 2 0.4280
8 377 8 2.1561
8 378 35 7.4153
8 379 4 0.7806
8 380 720 144.3556
8 381 80 16.1720
8 382 90 19.3597
9 1 28 5.6653
9 2 62 12.4884
9 3 99 21.5884
9 4 72 12.3817
9 5 28 9.1551
9 6 1 0.2059
9 7 36 6.9804
9 8 2 0.4273
9 9 11 1.9043
9 10 298 67.4657
9 11 13 2.2597
9 12 9 1.2659
9 13 14 3.2739
9 14 7 1.0254
9 15 1 0.1897
9 16 2 0.4384
9 17 42 8.4145
9 18 132 35.2072
9 19 1 0.2547
9 20 30 7.5063
9 21 7 1.3193
9 22 104 21.5267
9 23 3 0.4309
9 25 2 0.3689
9 26 165 32.1752
9 27 17 3.3017
9 28 224 40.1005
9 29 4 0.9538
9 30 65 11.5736
9 31 70 15.5967
9 32 68 18.9431
9 33 146 35.7445
9 34 3 0.5254
9 35 10 1.8972
9 36 5 1.0458
9 37 58 11.3939
9 38 12 2.4050
9 39 10 1.6421
9 40 152 41.9700
9 41 34 6.4910
9 42 403 130.3778
9 45 12 2.1558
9 46 30 6.1759
9 47 8 1.5305
9 49 792 221.7543
9 50 26 5.5264
9 51 112 27.7552
9 52 321 69.2661
9 53 23 4.5555
9 54 25 4.2014
9 55 2 0.3935
9 56 17 3.0128
9 57 18 3.2367
9 58 506 121.6338
9 62 10 2.5689
9 63 54 10.6706
9 64 4 0.7052
9 65 10 1.6772
9 66 11 2.2050
9 68 25 5.6579
9 69 226 49.2880
9 70 40 8.4171
9 72 4 0.6856
9 73 455 110.8773
9 74 4 0.6859
9 75 65 17.5373
9 77 2375 694.7016
9 79 209 45.0164
9 80 4 0.7430
9 81 70 15.6081
9 82 4126 1212.4772
9 84 25 5.2016
9 86 35 8.4178
9 88 45 8.6349
9 89 1 0.1351
9 90 50 9.3573
9 91 399 96.9858
9 92 12 1.9760
9 93 95 23.5350
9 94 1 0.2527
9 95 11 1.8317
9 96 10 2.1222
9 97 10 1.7495
9 98 595 149.9205
9 99 5 1.1892
9 100 4 0.8055
9 101 86 24.7298
9 102 139 34.3990
9 103 10 1.8553
9 104 33 6.7387
9 105 12 2.3720
9 107 362 93.6345
9 108 12 2.2068
9 109 16 3.3739
9 110 75 18.9365
9 111 82 21.4940
9 112 3 0.5712
9 114 26 4.2977
9 115 81 20.6241
9 116 7 1.5654
9 117 22 4.1470
9 118 33 8.2090
9 119 278 64.6815
9 120 860 216.1223
9 121 16 3.7540
9 122 42 7.3835
9 124 94 21.5830
9 125 82 20.6550
9 126 2 0.4333
9 127 141 34.8250
9 128 90 22.3505
9 129 25 4.1114
9 130 2 0.3311
9 131 129 32.2962
9 132 294 64.4816
9 133 5 0.8609
9 134 2988 730.2383
9 135 23 7.7893
9 136 128 27.8197
9 137 204 47.9965
9 138 851 201.1791
9 139 16 2.7199
9 140 666 149.8159
9 141 4 0.8894
9 142 250 56.4148
9 143 14 2.5225
9 144 40 7.6188
9 145 12 2.0993
9 146 118 27.2792
9 147 22 4.9434
9 148 6 1.3249
9 149 73 19.7390
9 150 545 129.9806
9 151 2 0.3205
9 152 9 1.7270
9 153 59 12.1557
9 154 26 5.6593
9 155 8 2.0519
9 156 364 117.3113
9 158 305 74.6130
9 159 5 0.8360
9 160 492 130.9572
9 161 15 3.4335
9 162 5 0.8872
9 163 25 6.3322
9 164 1 0.2032
9 165 1 0.2182
9 166 193 36.4973
9 167 88 20.0446
9 168 851 214.2744
9 169 20 3.6936
9 170 15 2.8068
9 171 6 0.9541
9 172 1 0.1494
9 173 159 30.1690
9 174 24 6.2060
9 175 62 11.0566
9 176 3 0.5845
9 177 122 32.2799
9 178 9 1.3356
9 179 23 4.3593
9 180 288 74.3998
9 181 4 0.6944
9 182 2 0.4580
9 183 23 4.4775
9 184 64 19.0472
9 185 21 3.6016
9 186 245 53.5961
9 187 613 136.5646
9 188 45 10.5906
9 190 38 8.0963
9 191 13 3.0069
9 192 18 3.2524
9 195 300 67.2537
9 196 1 0.1793
9 197 328 79.4550
9 198 14 2.6825
9 199 252 53.3420
9 200 34 9.9588
9 201 78 16.8179
9 203 103 19.9889
9 204 1 0.1903
9 205 217 53.1938
9 206 22 4.9888
9 207 9 2.0182
9 208 325 84.7390
9 209 2 0.4656
9 210 1 0.1895
9 211 48 8.8829
9 212 200 51.3855
9 213 1 0.1882
9 214 9 1.4847
9 215 17 2.7228
9 216 194 54.9297
9 217 113 21.4814
9 218 70 16.0273
9 220 31 6.3583
9 221 8 1.4011
9 222 145 34.8659
9 223 347 77.2366
9 224 16 3.1256
9 225 15 3.0194
9 226 13 2.0530
9 227 98 18.8697
9 228 33 5.8786
9 229 103 24.9095
9 230 34 8.3059
9 231 81 16.1725
9 232 20 4.3614
9 233 91 17.1635
9 234 94 19.8916
9 235 72 16.3932
9 236 145 30.0904
9 238 47 9.7460
9 239 26 5.1237
9 240 20 2.7002
9 241 4 0.8224
9 242 40 9.0043
9 243 2 0.4050
9 244 165 37.8247
9 245 46 10.6669
9 246 30 6.8883
9 247 5 0.7935
9 248 6 1.0126
9 249 65 15.3940
9 250 1 0.2305
9 251 16 3.9291
9 252 6 1.1013
9 254 3 0.5809
9 255 158 28.1404
9 256 1020 261.7732
9 257 123 28.4756
9 258 175 37.0270
9 259 22 4.7349
9 260 2 0.3838
9 262 193 42.2455
9 263 452 122.8465
9 264 16 3.1869
9 265 48 12.4421
9 266 128 25.8706
9 267 30 5.7841
9 268 6 1.1451
9 269 21 4.8546
9 270 25 4.8547
9 271 33 6.5479
9 272 31 5.2326
9 273 249 62.4688
9 274 36 10.6787
9 275 2 0.2744
9 276 2 0.3501
9 277 10 1.6479
9 278 33 7.7493
9 279 3 0.5754
9 280 6 1.3898
9 281 3 0.6361
9 282 482 127.2280
9 283 5 0.8262
9 284 6 1.1248
9 285 748 214.7770
9 286 68 13.8303
9 287 22 4.0569
9 288 34 8.5073
9 289 1 0.3160
9 290 6 0.9333
9 291 38 6.7166
9 292 2 0.3296
9 294 26 5.5618
9 296 48 13.2982
9 297 445 99.9508
9 298 4 0.8647
9 299 18 3.2486
9 301 11 2.8936
9 302 113 24.3214
9 303 23 4.9308
9 305 13 2.9086
9 306 17 3.0344
9 307 3 0.5927
9 308 1851 499.0745
9 309 3 0.4979
9 310 269 60.9828
9 311 188 27.5235
9 312 95 20.2112
9 313 2 0.4244
9 314 87 23.9583
9 315 32 8.2880
9 317 18 2.9753
9 319 323 89.1468
9 320 150 35.3795
9 321 38 6.7289
9 322 12 2.8212
9 324 53 13.1818
9 325 1 0.2129
9 326 189 44.2415
9 327 78 18.4459
9 328 279 66.7597
9 329 164 37.3347
9 331 1 0.2008
9 332 49 8.7543
9 333 692 183.9202
9 335 44 9.1262
9 337 61 12.5438
9 338 43 9.9203
9 339 8 1.2818
9 341 911 231.4556
9 342 137 37.1624
9 343 89 22.7551
9 344 25 5.3153
9 345 17 3.8668
9 346 139 25.1857
9 347 23 3.6208
9 348 12 2.3671
9 349 91 20.7495
9 350 27 7.3291
9 351 258 54.7227
9 352 1 0.1637
9 353 79 16.8379
9 354 445 154.7943
9 355 17 3.9267
9 357 10 2.0405
9 359 8 1.2562
9 360 8 1.4684
9 361 37 7.2044
9 362 441 124.4573
9 364 144 35.8972
9 366 311 72.7857
9 367 36 6.3492
9 368 260 70.3191
9 369 177 39.4659
9 370 5 0.9633
9 371 18 3.0087
9 372 4 0.7974
9 373 214 51.6355
9 374 4 0.6723
9 375 17 3.0945
9 376 17 2.4881
9 377 318 86.6058
9 378 33 7.8106
9 379 39 8.4140
9 380 1 0.2652
9 381 1 0.1599
9 382 2 0.4921
9 383 89 19.3513
10 0 13 2.3057
10 1 51 10.8606
10 2 45 10.6457
10 3 103 27.7957
10 4 21 3.6797
10 5 2 0.5364
10 7 1003 255.5549
10 8 108 23.9647
10 9 22 4.4735
10 11 35 8.5123
10 12 14 2.5044
10 13 7 1.5353
10 14 21 3.6643
10 15 39 7.1203
10 16 8 1.4219
10 17 32 7.3793
10 19 10 2.5699
10 20 22 3.8337
10 22 102 23.6945
10 23 514 110.5251
10 25 162 41.5482
10 26 28 5.1707
10 27 30 7.0475
10 28 1 0.1931
10 30 31 6.8688
10 31 6 1.0000
10 32 43 8.6643
10 33 6 1.3078
10 34 465 99.0264
10 35 151 34.0785
10 36 12 2.1839
10 37 4 0.7529
10 38 4 0.7315
10 39 66 15.2653
10 40 17 3.0011
10 41 52 12.1204
10 42 64 12.5649
10 43 2 0.4428
10 44 876 236.0813
10 45 132 34.4248
10 46 1 0.1561
10 47 98 23.6830
10 48 42 9.3748
10 49 516 112.7534
10 50 118 28.7752
10 51 8 2.1567
10 52 43 11.0322
10 53 1 0.2044
10 54 386 96.9672
10 55 1 0.1573
10 56 98 20.1648
10 57 195 50.1959
10 58 220 46.8022
10 59 178 42.6420
10 60 45 8.4579
10 61 14 1.9125
10 62 124 26.0591
10 63 5 1.0092
10 64 2 0.4070
10 66 1 0.2091
10 67 36 8.3316
10 68 155 29.3757
10 69 220 58.8986
10 70 132 34.4594
10 71 143 28.3315
10 72 437 98.2421
10 74 113 23.3244
10 75 517 132.7141
10 76 3 0.5784
10 77 87 16.5184
10 78 196 39.1320
10 79 27 5.2596
10 80 94 19.4548
10 82 7 1.1284
10 83 3 0.4419
10 84 468 129.0997
10 85 77 16.3894
10 86 15 2.6628
10 87 23 4.6297
10 88 3 0.5333
10 90 8 1.6210
10 91 38 9.3295
10 92 86 18.0405
10 93 160 37.3506
10 94 34 8.4560
10 95 811 219.5809
10 96 808 216.5168
10 98 27 5.2298
10 99 18 3.7160
10 100 68 14.4400
10 101 281 71.6294
10 102 38 8.7526
10 103 6 0.8923
10 104 24 4.5194
10 105 5 1.2051
10 106 6 1.0734
10 107 9 1.4135
10 108 26 4.7095
10 109 115 30.6525
10 110 15 3.1122
10 111 102 24.4857
10 112 1 0.2162
10 113 41 7.9600
10 114 13 2.3646
10 115 7 1.4182
10 117 8 1.6933
10 119 6 1.1299
10 120 23 5.9145
10 121 1 0.1508
10 122 3 0.7666
10 123 14 3.5781
10 124 83 19.8586
10 125 26 5.8106
10 126 19 3.4413
10 127 423 124.8814
10 128 79 20.5354
10 129 19 3.3086
10 130 14 2.7830
10 131 2 0.3306
10 132 26 7.5924
10 133 4 0.7805
10 134 301 67.4808
10 135 2 0.3316
10 136 20 4.1135
10 137 43 9.4988
10 138 3 0.6348
10 140 1113 281.3468
10 141 9 1.4179
10 142 71 19.4831
10 143 48 10.1128
10 144 1 0.1575
10 145 380 88.0833
10 146 43 8.4915
10 147 414 85.6852
10 148 147 38.7217
10 149 104 24.2573
10 151 53 10.6374
10 152 209 46.5556
10 153 8 1.7189
10 154 60 13.1879
10 155 54 11.4853
10 156 4 0.7770
10 157 28 5.5537
10 158 20 4.7685
10 159 68 14.4407
10 160 9 1.6224
10 161 42 8.6522
10 162 42 8.7681
10 163 227 53.0513
10 164 2 0.3385
10 165 864 232.3608
10 166 65 15.4014
10 167 11 2.4021
10 168 19 3.5358
10 169 32 8.2952
10 170 79 18.3636
10 171 91 19.6059
10 172 11 1.8531
10 173 51 9.9788
10 174 2 0.3023
10 175 3 0.5526
10 176 2 0.4591
10 178 2 0.3600
10 179 504 128.6117
10 181 2 0.4475
10 182 462 132.3993
10 183 3 0.5213
10 184 71 12.0006
10 185 4 1.0926
10 187 33 7.7263
10 188 332 80.3137
10 190 3 0.6259
10 191 21 3.8225
10 192 82 21.3497
10 193 125 26.5452
10 194 22 4.0302
10 195 15 3.7780
10 196 6 1.2036
10 197 15 3.7899
10 198 9 1.6042
10 199 37 6.5334
10 200 11 2.0065
10 201 99 22.3890
10 202 34 5.6702
10 203 3 0.6675
10 204 12 2.0670
10 206 14 2.6122
10 207 40 7.2402
10 208 5 1.1852
10 209 19 4.6419
10 210 78 21.7753
10 211 4 0.6317
10 212 44 8.0193
10 213 29 5.3556
10 214 10 1.7511
10 215 4 0.6960
10 216 55 12.1874
10 218 20 4.1219
10 219 23 7.6439
10 220 29 5.3523
10 221 2 0.4520
10 222 38 6.7787
10 223 135 31.9657
10 224 128 21.7788
10 225 236 63.4492
10 226 1 0.1663
10 227 68 16.0159
10 228 6 1.1061
10 229 165 36.1781
10 230 90 20.8029
10 231 4 0.6032
10 232 14 3.4644
10 233 120 30.4222
10 234 42 9.6113
10 235 3 0.5155
10 236 28 5.9013
10 237 173 42.0381
10 238 48 10.5771
10 239 2 0.4267
10 240 1 0.1949
10 241 14 2.5206
10 242 15 3.0483
10 243 33 6.7763
10 244 53 11.9822
10 245 380 88.5823
10 246 25 5.5785
10 247 15 3.0000
10 248 6 1.3453
10 250 4 0.6384
10 251 111 24.5951
10 253 629 151.6040
10 254 13 2.3060
10 255 324 82.3154
10 256 38 11.7620
10 257 184 49.4250
10 258 171 41.3800
10 259 4 0.6943
10 260 1 0.2142
10 261 4 0.7079
10 262 5 1.5953
10 263 4332 1262.0701
10 264 4 0.8219
10 265 17 3.3540
10 266 237 76.3099
10 267 403 99.6552
10 268 45 10.6584
10 269 83 15.8561
10 271 96 19.8732
10 272 6 1.1344
10 273 273 66.4417
10 274 204 47.6400
10 275 3 0.5594
10 277 102 23.1583
10 278 2 0.3602
10 279 55 13.0472
10 280 22 3.9626
10 281 10 1.8257
10 282 2 0.3111
10 283 7 1.2831
10 284 2583 763.1688
10 285 50 12.9354
10 286 86 22.0192
10 287 38 9.6372
10 288 27 5.9607
10 289 59 10.1974
10 290 4 0.6682
10 291 17 3.1317
10 292 198 52.8445
10 293 56 8.9560
10 294 5 0.9283
10 295 79 16.7320
10 296 125 25.9695
10 297 115 28.3037
10 298 799 208.2650
10 299 23 6.1441
10 300 15 2.5493
10 301 3 0.5706
10 302 750 198.0291
10 303 245 48.8580
10 304 266 60.2734
10 305 58 12.7943
10 306 32 6.2205
10 307 505 110.2745
10 308 33 7.3700
10 309 57 10.1005
10 310 38 6.9000
10 311 3 0.5197
10 312 32 7.9384
10 313 3 0.6817
10 314 14 2.5514
10 315 26 4.8940
10 316 138 28.4115
10 317 497 117.6078
10 318 17 4.1201
10 319 89 19.3024
10 320 414 102.6463
10 321 5 2.1767
10 322 27 7.0724
10 323 48 10.5274
10 324 1166 280.5555
10 325 3 0.5011
10 326 14 3.2019
10 327 12 2.9881
10 330 68 15.8600
10 331 26 4.8384
10 332 25 5.9599
10 333 23 4.4082
10 334 15 3.2574
10 335 35 9.0650
10 336 249 60.6790
10 337 129 28.3903
10 338 643 166.8088
10 339 1320 362.1395
10 340 680 168.8641
10 341 253 62.7702
10 342 20 5.3607
10 343 780 191.1338
10 344 84 21.0047
10 345 6 0.9982
10 346 72 15.8214
10 347 1 0.2471
10 348 1 0.1477
10 349 353 95.6533
10 350 19 4.0623
10 351 15 3.6809
10 352 60 14.8062
10 353 37 8.1746
10 354 8 1.4084
10 355 42 8.4843
10 356 9 1.8571
10 357 3 0.6123
10 358 8 1.4616
10 359 1 0.1504
10 361 35 7.2116
10 362 41 10.4572
10 363 9 1.5058
10 364 28 5.7373
10 365 245 56.7765
10 367 1 0.1751
10 368 18 3.1768
10 369 2 0.3502
10 370 98 25.2897
10 371 112 22.6039
10 372 18 4.7533
10 373 97 21.3108
10 374 64 15.8309
10 375 367 87.7353
10 376 130 34.7250
10 377 758 187.8470
10 378 88 20.6329
10 379 7 1.7916
10 380 50 10.6373
10 381 58 13.8118
10 383 10 1.6745
11 0 81 19.9968
11 2 40 9.4429
11 3 18 3.1877
11 4 90 19.4944
11 5 213 46.8009
11 6 23 4.4840
11 7 11 3.5327
11 8 45 10.1890
11 9 101 23.1417
11 10 71 14.1605
11 11 125 30.9422
11 13 139 37.7197
11 14 104 20.3839
11 15 17 3.5057
11 16 48 9.1495
11 17 45 9.0630
11 18 13 2.3324
11 19 35 7.1681
11 20 43 12.4463
11 21 82 17.8154
11 22 17 4.5158
11 23 9 1.5547
11 24 96 30.8001
11 25 114 31.3522
11 26 266 58.4686
11 27 49 10.8545
11 28 207 53.2100
11 29 8 1.3239
11 30 118 23.6776
11 31 47 9.7895
11 32 52 10.0873
11 33 20 4.9002
11 34 78 18.3036
11 35 311 64.9949
11 36 50 12.0700
11 37 1 0.2099
11 38 1 0.2107
11 39 6 1.2787
11 40 4 0.6792
11 41 238 53.0459
11 43 49 11.4340
11 44 7 1.3584
11 45 1 0.1614
11 46 273 67.9920
11 47 1 0.2351
11 48 544 136.5783
11 49 125 29.3195
11 50 1324 327.0175
11 51 17 2.8513
11 52 100 21.8698
11 54 21 3.8482
11 55 5 0.8056
11 56 131 30.2361
11 58 2 0.3442
11 59 2 0.3952
11 60 766 192.2997
11 61 29 5.3014
11 63 26 4.8991
11 64 382 89.1445
11 65 339 88.7065
11 66 217 48.6285
11 67 23 4.0485
11 68 31 6.0318
11 69 3 0.4444
11 70 86 22.4622
11 71 27 4.9232
11 72 25 5.9260
11 73 362 81.6850
11 74 6 1.0936
11 76 2 0.3328
11 77 296 61.9741
11 78 6 0.9464
11 79 24 5.2286
11 80 10 1.7331
11 81 27 5.7475
11 82 30 7.9428
11 83 48 12.3246
11 84 14 2.5030
11 85 83 18.6551
11 86 47 8.4785
11 87 17 2.8017
11 88 84 18.7534
11 89 1 0.1495
11 90 74 16.8318
11 91 1 0.2326
11 92 1 0.1738
11 93 1 0.1648
11 94 164 40.0472
11 95 4 0.6976
11 96 183 45.2708
11 97 40 8.2999
11 98 2371 748.3194
11 99 372 89.6559
11 100 24 4.3963
11 101 104 24.8170
11 102 181 50.1474
11 103 42 8.3161
11 105 133 29.3741
11 106 2 0.3225
11 108 37 6.5832
11 109 72 18.3269
11 110 12 2.0207
11 111 229 60.0474
11 112 19 4.0866
11 113 4 0.6204
11 114 15 3.1739
11 116 300 86.2105
11 118 4 0.8009
11 119 423 103.6072
11 120 74 13.8463
11 121 281 62.6814
11 122 50 10.4973
11 123 49 11.5954
11 124 28 6.2860
11 125 136 26.6635
11 126 57 12.9380
11 127 5 0.8067
11 128 70 14.9472
11 129 24 4.3216
11 130 21 3.9576
11 131 164 38.6987
11 133 1 0.1879
11 135 25 4.5109
11 136 1 0.1558
11 137 33 6.8746
11 138 75 12.1365
11 139 3 0.4989
11 140 61 16.4587
11 141 210 47.6216
11 142 16 3.0340
11 143 267 56.9875
11 144 64 15.4960
11 145 13 2.6760
11 147 426 136.7747
11 148 179 39.5516
11 149 15 3.3143
11 150 18 3.7068
11 151 13 2.5879
11 152 6 1.3154
11 154 18 3.3130
11 155 15 2.6378
11 156 1 0.1671
11 158 11 1.8019
11 160 25 4.3465
11 161 5 1.0087
11 162 111 26.3348
11 163 4 0.7555
11 164 24 5.3476
11 165 188 33.5404
11 166 295 64.7266
11 167 74 18.3212
11 168 68 15.3825
11 169 6 1.2012
11 170 137 31.9801
11 171 33 7.9876
11 172 25 5.2205
11 173 13 2.7733
11 174 59 11.0837
11 175 338 76.6921
11 176 21 3.6373
11 178 1 0.2158
11 179 17 3.0958
11 180 554 132.7455
11 181 65 17.1793
11 182 41 8.5375
11 183 4 0.7260
11 184 9 1.9202
11 185 14 2.4108
11 186 2 0.3401
11 187 17 4.1697
11 188 3 0.5427
11 189 721 178.0625
11 190 8 1.3565
11 191 5 1.1485
11 192 116 26.8344
11 194 4 0.6799
11 195 400 103.0485
11 196 16 3.0821
11 197 3 0.5385
11 198 417 91.8469
11 200 5 1.4885
11 201 21 4.6333
11 202 6 1.1398
11 203 121 29.7834
11 204 1 0.1676
11 205 6 0.9959
11 206 11 1.8808
11 207 6 1.3887
11 208 118 28.1995
11 209 332 76.5505
11 210 13 2.4099
11 211 26 5.9983
11 212 37 8.1086
11 213 10 2.4423
11 214 117 19.2845
11 215 49 9.6160
11 216 233 52.2710
11 218 9 1.9496
11 220 126 31.3808
11 221 765 182.7850
11 222 11 2.0530
11 223 4 0.8361
11 224 102 25.7620
11 225 293 69.7138
11 226 149 31.8633
11 227 643 164.5526
11 229 1 0.2594
11 230 346 89.1456
11 231 546 135.3437
11 232 21 4.6463
11 233 770 185.0726
11 234 14 2.5874
11 235 358 81.4072
11 236 46 9.0261
11 237 114 24.9958
11 239 110 27.8276
11 240 3 0.5773
11 241 22 3.7813
11 242 53 13.0278
11 243 70 18.4871
11 244 4 0.6744
11 245 15 3.1334
11 246 8 1.4489
11 249 6 1.2873
11 250 3 0.4435
11 251 1 0.3322
11 252 11 2.5045
11 253 122 31.6183
11 254 52 13.5199
11 255 703 162.4003
11 256 34 7.6378
11 257 18 3.3815
11 258 1 0.2153
11 259 381 92.9085
11 260 79 18.0242
11 261 12 3.2002
11 262 893 219.3153
11 263 10 2.9867
11 265 41 9.4415
11 266 7 1.6593
11 267 9 1.7293
11 268 4 0.6413
11 269 4 0.7294
11 270 12 2.2986
11 271 249 47.8976
11 273 198 53.7476
11 275 51 14.1143
11 276 3 0.6193
11 277 12 2.2344
11 278 31 6.6413
11 279 117 26.6959
11 280 82 18.2318
11 281 25 4.3259
11 282 29 5.0470
11 283 216 64.6945
11 284 20 4.2621
11 286 622 148.4631
11 287 39 8.0644
11 288 304 62.0155
11 289 235 64.7593
11 290 265 66.3911
11 291 3 0.5759
11 292 8 1.4786
11 293 1 0.2068
11 294 887 227.7306
11 295 41 11.9093
11 297 143 36.9789
11 298 25 6.1871
11 299 4 0.7202
11 301 6 1.0618
11 302 65 15.6747
11 303 11 1.9107
11 304 448 116.2957
11 305 20 3.8656
11 306 286 60.7264
11 307 46 10.6587
11 308 167 40.3091
11 309 52 11.1000
11 310 42 9.7358
11 311 2 0.4111
11 313 184 46.0060
11 314 145 27.5436
11 315 44 11.1762
11 316 19 3.4122
11 317 23 4.7015
11 319 233 44.9760
11 320 209 51.5173
11 321 161 37.0563
11 322 6 0.9174
11 323 7 1.1491
11 324 10 1.7358
11 325 23 7.0642
11 326 78 14.9839
11 327 293 76.3491
11 328 87 16.7513
11 329 29 7.5271
11 330 4 0.7560
11 331 11 2.0174
11 332 584 169.2165
11 335 4 0.6850
11 336 5 0.8132
11 337 29 7.4660
11 338 231 46.0945
11 339 50 9.9451
11 340 13 2.9260
11 341 43 8.4155
11 343 543 144.2565
11 344 93 17.4715
11 345 4124 1213.8165
11 346 68 14.1622
11 347 3 0.5450
11 348 4 0.8768
11 349 594 154.0096
11 350 2 0.3770
11 351 304 66.3466
11 353 155 40.5305
11 354 25 5.3791
11 355 98 21.0331
11 356 63 15.2792
11 357 43 10.0643
11 358 9 1.6076
11 359 126 33.1676
11 360 7 1.2196
11 361 11 2.1839
11 362 7 1.2613
11 363 829 238.3994
11 365 85 18.5466
11 366 18 3.2577
11 367 31 6.7841
11 369 995 272.8370
11 371 41 8.2377
11 373 2 0.3143
11 374 50 12.5565
11 375 61 12.1003
11 376 22 5.2811
11 377 12 2.0661
11 378 19 3.8143
11 379 1322 361.9013
11 381 22 3.8301
11 382 18 4.3947
11 383 2 0.5200
12 0 15 4.0813
12 1 2 0.4125
12 2 11 1.9665
12 3 4 0.6064
12 4 13 3.0691
12 5 728 177.7496
12 6 66 18.1015
12 7 8 2.4399
12 8 54 12.9980
12 9 22 3.5301
12 10 15 3.4702
12 11 100 23.5220
12 12 104 25.4231
12 13 6 1.2387
12 14 26 7.1353
12 16 353 85.1000
12 17 18 3.4268
12 18 509 143.1216
12 19 50 9.3986
12 20 35 9.0045
12 21 5 1.0261
12 22 6 1.0551
12 23 20 3.9319
12 24 1 0.1815
12 25 239 53.8511
12 26 9 1.4969
12 27 99 26.5191
12 28 6 1.4888
12 29 4 0.8370
12 30 28 6.5257
12 31 33 6.7284
12 32 107 27.1594
12 33 111 26.9817
12 34 320 65.4370
12 35 192 50.9971
12 36 24 6.3990
12 37 2 0.4415
12 38 25 4.8957
12 39 30 7.2406
12 40 74 19.4604
12 41 85 19.3184
12 42 696 191.6901
12 43 2 0.4497
12 44 165 44.3860
12 45 17 3.1573
12 46 46 10.3292
12 47 12 2.0905
12 48 138 27.8318
12 49 5 1.1423
12 50 18 3.1980
12 51 17 3.3215
12 52 1 0.1882
12 53 62 14.4238
12 54 54 12.4964
12 55 77 16.4736
12 56 3 0.5760
12 57 21 5.0180
12 58 648 167.2756
12 59 42 8.5189
12 60 76 12.8844
12 62 389 96.2817
12 63 21 4.5371
12 64 54 13.9333
12 65 2 0.4222
12 66 68 14.9831
12 67 1018 273.3355
12 68 18 3.1818
12 69 194 47.9791
12 70 3 0.5695
12 71 83 19.8091
12 72 33 8.4729
12 73 4 0.7715
12 74 18 4.1737
12 75 24 6.1013
12 77 214 54.0012
12 78 9 1.5717
12 79 3 0.5862
12 80 6 1.0054
12 81 22 4.6930
12 82 17 2.9258
12 83 59 12.4383
12 84 4 0.6868
12 85 158 36.8140
12 86 189 45.2050
12 87 204 48.9603
12 88 958 307.3501
12 89 9 1.7691
12 90 198 46.0343
12 91 2 0.3538
12 92 4 0.9234
12 93 36 8.5198
12 94 4 0.9824
12 95 909 216.3796
12 96 66 15.5472
12 97 28 5.5354
12 98 5 1.2326
12 99 11 2.0740
12 100 210 59.4728
12 101 9 2.3117
12 102 207 46.0500
12 103 14 2.6115
12 104 4 0.7324
12 105 511 131.9015
12 106 37 8.2243
12 107 33 6.1181
12 109 98 26.7118
12 110 46 10.4251
12 111 44 12.4223
12 112 3 0.7124
12 113 20 3.7691
12 114 20 3.9140
12 115 4 0.9162
12 116 92 20.6888
12 118 489 125.1543
12 119 18 3.6231
12 120 251 47.2515
12 121 12 2.3326
12 122 66 24.3811
12 123 348 93.4973
12 124 142 32.1719
12 125 42 8.6236
12 126 916 215.9762
12 127 136 33.4386
12 128 27 5.8961
12 129 84 21.6195
12 130 4 0.7059
12 131 19 4.0872
12 132 2 0.3726
12 133 33 7.1431
12 134 1494 392.9969
12 135 41 10.0142
12 136 56 10.5083
12 137 265 65.2056
12 138 371 95.9814
12 139 599 154.0746
12 140 31 6.3684
12 141 203 51.3825
12 142 35 6.3400
12 144 27 4.9960
12 145 31 5.0743
12 146 2 0.4241
12 147 19 3.9024
12 149 1 0.2258
12 150 102 23.4294
12 151 542 149.1909
12 152 34 6.2648
12 153 2 0.3083
12 154 44 10.5346
12 155 679 170.3076
12 156 23 4.7076
12 157 5 1.0745
12 158 49 11.0271
12 159 764 172.9743
12 160 4 0.8636
12 161 478 119.1190
12 163 3 0.4966
12 165 664 164.8820
12 166 4 0.6664
12 167 124 31.7522
12 168 40 11.0125
12 169 510 125.4656
12 170 9 1.6729
12 171 306 62.3698
12 172 12 2.1482
12 173 14 2.6404
12 174 179 40.8022
12 175 43 10.2151
12 176 35 8.4324
12 177 6 1.3676
12 179 34 7.6170
12 180 506 118.3201
12 181 18 4.2910
12 182 196 45.5451
12 183 216 50.2756
12 184 1 0.1926
12 186 125 27.2991
12 187 40 10.7133
12 188 4 0.8965
12 189 742 194.9806
12 190 5 1.0750
12 191 13 2.3146
12 192 60 14.6744
12 193 12 2.4043
12 194 91 22.3429
12 195 234 51.3888
12 196 129 31.5769
12 197 3 0.4458
12 198 557 136.0511
12 199 11 2.0163
12 200 198 50.5122
12 201 22 3.7220
12 202 36 6.8547
12 204 14 2.3723
12 205 93 20.6781
12 206 15 3.5569
12 207 899 217.1199
12 208 668 202.3721
12 209 27 7.5631
12 210 130 30.1366
12 211 135 26.9896
12 212 86 26.4286
12 213 52 10.2086
12 214 67 13.7407
12 215 65 15.3018
12 216 66 13.7274
12 217 82 19.7425
12 218 18 4.0483
12 219 33 7.3326
12 221 491 140.5904
12 222 13 3.1136
12 223 128 31.7378
12 224 5 1.2105
12 225 46 10.5401
12 226 3 0.5047
12 227 42 8.1129
12 228 9 1.9514
12 229 62 14.3070
12 230 18 4.2571
12 231 12 2.9714
12 232 1 0.1693
12 233 6 1.8047
12 234 3 0.5766
12 235 33 8.3949
12 236 136 32.4196
12 237 17 2.9952
12 238 8 1.5469
12 239 138 31.1744
12 240 117 29.1953
12 241 1 0.3577
12 242 18 3.4214
12 243 860 201.6983
12 245 44 7.9645
12 246 315 75.3675
12 247 77 16.5869
12 248 28 7.4133
12 249 86 18.9412
12 250 2 0.4029
12 251 60 14.8354
12 252 90 22.0709
12 253 27 6.4373
12 254 9 1.9567
12 255 120 28.2757
12 257 9 1.6628
12 258 15 2.8055
12 259 6 1.0920
12 260 10 1.7115
12 261 275 69.5174
12 262 311 71.9213
12 263 210 55.4582
12 264 21 4.3848
12 265 274 69.5771
12 266 92 19.2892
12 267 38 9.3926
12 268 27 5.0279
12 269 35 8.0431
12 270 12 2.2690
12 271 38 7.8366
12 272 121 29.1797
12 273 8 2.3276
12 274 5 0.8037
12 275 14 3.6358
12 276 92 25.0933
12 277 35 6.3920
12 278 128 31.1365
12 279 220 60.0695
12 280 867 231.6037
12 282 2 0.4272
12 283 34 9.0391
12 284 48 11.1326
12 285 72 11.9031
12 287 262 68.3226
12 288 75 18.4706
12 289 11 2.5788
12 290 92 24.2855
12 291 42 7.9027
12 292 6 1.1395
12 293 245 53.4863
12 294 45 9.3425
12 295 98 24.3368
12 296 7 2.2478
12 297 3 0.6696
12 298 24 6.3555
12 299 16 3.6192
12 300 154 36.5844
12 301 11 1.8306
12 302 101 26.0097
12 304 8 1.5545
12 305 3 0.5947
12 306 951 256.3555
12 307 75 18.7019
12 308 776 213.9027
12 310 34 7.1433
12 311 363 96.9916
12 312 102 24.5669
12 313 2 0.4547
12 314 219 50.8691
12 316 757 180.3698
12 317 165 36.3866
12 318 4 0.6712
12 319 3 0.5830
12 320 78 17.7954
12 321 5 1.2630
12 322 20 4.2375
12 324 7 1.2686
12 325 12 2.3045
12 326 85 16.7135
12 327 12 2.7569
12 328 52 11.9070
12 329 300 72.1402
12 330 11 2.1055
12 331 134 32.2028
12 332 165 43.0493
12 333 15 3.4747
12 334 143 28.9837
12 335 106 29.1472
12 336 10 2.2070
12 337 581 155.6845
12 338 183 43.2126
12 339 125 34.3614
12 340 632 166.9108
12 341 9 1.5432
12 342 1 0.1866
12 343 6 0.9605
12 345 1265 387.7067
12 346 1 0.1973
12 347 3 0.6444
12 348 62 15.1048
12 349 221 51.1004
12 350 55 10.8579
12 351 1 0.1716
12 353 3 0.5051
12 354 23 5.3691
12 356 6 1.2726
12 357 49 10.4847
12 358 235 54.6955
12 359 7 1.3775
12 360 25 5.4647
12 361 11 2.3395
12 362 77 18.7380
12 363 3 0.4664
12 364 6 1.1875
12 366 105 24.6939
12 367 25 4.4257
12 368 3 0.7036
12 369 150 42.2673
12 370 9 1.6638
12 371 2 0.3930
12 372 46 8.9252
12 373 9 1.8121
12 374 6 1.0270
12 375 2 0.4738
12 376 268 58.9409
12 377 21 5.4014
12 378 2 0.3334
12 379 273 68.8468
12 380 60 14.9462
12 381 248 64.6429
12 382 17 4.1155
12 383 54 11.9153
13 0 30 7.3448
13 1 220 71.0627
13 2 87 29.9008
13 3 55 11.0833
13 4 247 61.5963
13 5 102 27.1308
13 6 785 218.2560
13 7 4 0.6726
13 8 70 16.7854
13 9 10 1.9918
13 10 684 159.7088
13 11 39 11.6338
13 12 116 24.6076
13 13 20 4.9308
13 14 1 0.2085
13 15 657 161.6728
13 16 5 0.8365
13 17 4 0.7578
13 18 116 28.9739
13 19 198 53.4972
13 20 33 8.4319
13 21 199 51.8636
13 22 12 2.2976
13 23 63 18.9577
13 24 20 5.6064
13 25 3 0.6355
13 26 63 16.6820
13 27 55 11.7115
13 28 31 6.7728
13 29 68 15.7255
13 30 11 2.1160
13 31 32 7.0083
13 32 36 7.0683
13 33 42 12.5163
13 34 278 65.3836
13 35 34 8.3612
13 36 560 142.1764
13 37 11 2.1447
13 38 21 4.9659
13 39 250 60.1263
13 40 50 16.0169
13 41 45 13.8354
13 42 45 12.2139
13 43 81 17.8200
13 44 472 128.3480
13 45 140 33.2189
13 46 400 108.6345
13 47 193 47.0670
13 48 29 8.2153
13 49 150 33.7516
13 50 31 8.0504
13 51 10 3.4601
13 53 46 9.8727
13 54 551 147.5095
13 55 6 1.1379
13 56 15 3.9720
13 57 521 135.6893
13 58 99 24.8412
13 59 14 3.3173
13 60 30 6.5260
13 61 46 9.7586
13 62 2 0.3534
13 63 300 61.4830
13 64 34 7.7090
13 66 14 4.4994
13 67 17 4.0614
13 68 5 0.9508
13 69 185 52.6408
13 70 27 5.6863
13 71 973 226.4995
13 72 3 0.5712
13 73 83 19.3366
13 74 18 3.6779
13 75 8 1.6418
13 76 105 23.0879
13 77 21 4.7260
13 78 208 62.2183
13 79 70 14.1875
13 80 2 0.4114
13 81 9 1.6012
13 82 28 9.3050
13 83 90 16.1531
13 84 1 0.1822
13 85 13 2.4194
13 86 49 12.9807
13 87 31 8.5112
13 88 91 21.8524
13 89 628 149.0953
13 90 31 6.7393
13 91 44 10.1715
13 92 910 227.4464
13 93 16 3.1569
13 94 545 130.5145
13 95 94 21.4305
13 96 71 14.3994
13 97 89 18.1915
13 98 17 3.5692
13 99 162 37.5743
13 101 10 2.2645
13 102 5 0.9814
13 103 25 4.4284
13 104 377 89.7746
13 105 173 41.3076
13 106 7 1.4314
13 107 3 0.5945
13 108 6 1.1737
13 109 153 44.0565
13 110 11 2.2224
13 111 34 8.1974
13 112 64 16.6133
13 113 7 1.6888
13 114 729 189.0602
13 115 530 139.8272
13 116 71 13.2822
13 117 6 1.4774
13 118 15 2.7202
13 120 123 29.8165
13 121 65 13.9004
13 122 3 0.4655
13 123 20 5.5355
13 124 109 24.7739
13 125 17 3.8987
13 126 6 1.3994
13 127 71 17.6578
13 128 289 72.9500
13 129 25 5.7802
13 130 2 0.3637
13 132 877 253.0284
13 133 8 2.2047
13 134 9 1.6593
13 135 1 0.1712
13 136 172 34.5518
13 137 110 27.8859
13 138 9 1.7008
13 139 11 2.1153
13 140 1 0.1883
13 141 19 4.2313
13 142 151 31.6887
13 143 194 75.1782
13 144 4 0.7076
13 145 13 2.6743
13 146 5 0.9973
13 147 10 2.5299
13 148 104 25.9042
13 149 28 6.3802
13 150 109 26.9992
13 151 58 14.0343
13 152 26 6.0501
13 153 15 3.6552
13 154 34 7.8151
13 155 8 1.4767
13 156 9 1.5929
13 157 2901 699.4667
13 158 7 0.9891
13 159 637 183.8649
13 160 40 8.7848
13 161 101 19.8659
13 162 31 5.7903
13 163 8 1.4685
13 164 5 1.2080
13 165 114 24.7081
13 166 24 5.9890
13 167 85 19.9664
13 168 30 6.8336
13 169 17 4.9557
13 170 58 11.0559
13 171 6 1.1988
13 172 32 6.7554
13 173 11 2.4388
13 174 28 6.3868
13 175 49 11.8637
13 176 34 6.8311
13 177 76 16.9435
13 178 81 16.9475
13 179 5 0.8935
13 180 124 32.1049
13 181 41 8.2325
13 182 24 8.3065
13 184 37 6.5917
13 185 17 3.1143
13 186 1 0.2237
13 187 282 66.7646
13 188 2126 550.7729
13 189 41 7.3539
13 190 50 14.4029
13 191 45 10.0170
13 192 87 22.6160
13 193 123 44.0755
13 194 34 7.3351
13 195 1020 240.7842
13 196 1 0.0544
13 197 50 10.2741
13 198 17 4.3657
13 199 171 46.8651
13 200 17 3.5160
13 201 87 22.4330
13 202 22 4.2876
13 203 327 79.5211
13 204 12 2.4084
13 205 123 28.6778
13 206 129 32.0068
13 207 117 27.3791
13 208 42 7.4538
13 209 18 3.9449
13 210 113 27.1701
13 211 35 7.1606
13 212 37 11.3323
13 214 15 3.3696
13 215 415 96.7477
13 216 16 3.1577
13 217 1 0.5155
13 218 321 66.9170
13 219 166 33.7543
13 220 119 34.0187
13 221 62 14.5487
13 222 4 1.0386
13 223 59 13.4981
13 224 16 3.3838
13 225 62 14.1515
13 226 17 4.4169
13 227 24 5.4420
13 228 42 8.0634
13 229 19 3.7113
13 230 116 39.6913
13 231 2 0.3253
13 232 63 15.8317
13 234 15 3.5917
13 235 271 73.9436
13 236 2 0.4139
13 237 38 8.8759
13 238 9 1.7991
13 239 16 2.9519
13 241 66 13.2489
13 242 4 0.7132
13 243 733 178.8473
13 244 3 0.5472
13 245 88 17.0942
13 246 94 20.5202
13 247 43 9.1683
13 248 530 125.4884
13 249 370 113.2794
13 250 1 0.2844
13 251 216 57.1064
13 252 60 12.4997
13 253 25 6.5361
13 254 119 25.8732
13 255 31 7.1581
13 256 34 5.9611
13 257 2 0.2753
13 258 280 59.8270
13 259 84 17.7886
13 260 166 41.6996
13 261 51 11.4060
13 262 24 4.6608
13 263 118 25.1857
13 264 76 14.7871
13 265 24 4.3010
13 266 38 11.5779
13 267 27 5.9489
13 268 2 0.4113
13 269 58 12.5772
13 270 6 1.1532
13 271 97 26.9528
13 272 564 144.6015
13 273 5 1.1750
13 274 37 10.7452
13 276 2 0.3888
13 277 2 0.3977
13 278 28 6.1081
13 279 214 52.1135
13 280 488 124.1616
13 281 334 99.6857
13 282 8 1.3468
13 283 11 2.6317
13 284 10 1.9069
13 285 507 138.1275
13 286 65 17.7834
13 287 42 10.8539
13 288 17 4.9100
13 289 2 0.3307
13 290 33 7.1617
13 291 12 2.3049
13 292 18 5.3025
13 293 251 67.4231
13 294 6 1.0492
13 295 37 9.3921
13 296 4 0.8032
13 297 41 10.8926
13 298 92 21.1109
13 299 13 2.4106
13 300 15 2.8558
13 301 4 0.8310
13 302 4 0.8365
13 303 41 10.3558
13 304 64 13.0086
13 305 21 4.9946
13 306 133 31.8343
13 307 10 2.0060
13 308 27 5.3571
13 309 57 15.0318
13 310 258 69.6558
13 311 111 30.2292
13 312 48 11.5625
13 313 224 60.6925
13 314 221 60.0695
13 315 206 44.0713
13 316 308 75.5665
13 318 1358 340.7865
13 319 22 6.1424
13 320 10 2.0336
13 321 1 0.1885
13 322 185 35.9636
13 323 36 8.8379
13 324 65 16.1161
13 325 6 1.1153
13 326 376 106.1976
13 327 41 10.0045
13 328 25 4.4573
13 329 21 3.8648
13 330 3 0.5739
13 331 54 10.2240
13 332 16 3.1446
13 333 94 20.5572
13 334 6 1.0591
13 335 169 39.3107
13 336 395 118.4120
13 337 118 28.0018
13 338 100 28.3201
13 339 9 1.5350
13 340 116 25.4159
13 341 14 2.4112
13 342 149 30.0130
13 344 43 11.3627
13 345 1100 304.7940
13 346 18 4.4266
13 347 5 1.3256
13 348 30 8.0995
13 349 1 0.2091
13 351 5 0.7226
13 352 7 1.2001
13 353 243 69.5508
13 354 6 0.8835
13 355 36 7.3085
13 356 88 19.3587
13 357 32 5.9559
13 358 17 4.2746
13 359 315 70.6853
13 360 469 117.6578
13 361 72 14.9057
13 362 1 0.1865
13 363 82 20.8199
13 364 52 11.7132
13 365 2 0.3625
13 366 72 15.2830
13 367 57 12.5622
13 368 52 10.6771
13 369 41 10.7314
13 370 59 13.1478
13 371 34 10.3841
13 372 27 8.3971
13 373 10 2.0028
13 374 47 10.8074
13 375 19 3.2333
13 376 324 83.8716
13 377 125 29.1353
13 378 3 0.5674
13 380 7 1.8430
13 381 152 42.7718
13 382 2 0.3909
13 383 10 1.9323
14 0 9 2.2283
14 1 57 13.3355
14 2 306 76.4758
14 3 742 207.4507
14 4 1 0.1469
14 5 166 40.2056
14 6 37 9.4578
14 7 2 0.2835
14 8 3 0.4664
14 9 4 0.6895
14 10 92 22.3545
14 11 156 39.2308
14 12 6 0.8589
14 14 11 2.4251
14 16 92 24.3653
14 17 50 10.6336
14 18 997 266.9922
14 19 40 7.3053
14 20 32 6.7644
14 21 4 1.1537
14 22 9 3.0851
14 23 30 6.0421
14 24 19 3.7395
14 25 18 4.9049
14 26 525 128.5713
14 27 160 36.5255
14 28 271 62.9557
14 29 28 7.0250
14 30 370 91.6394
14 31 763 215.8014
14 32 18 4.8615
14 33 21 4.5450
14 34 1 0.1615
14 35 13 2.4868
14 36 45 8.7297
14 37 192 49.4687
14 39 1 0.1828
14 40 22 4.6459
14 41 79 13.9449
14 42 8 1.4099
14 43 143 37.4007
14 44 5 0.9122
14 45 115 26.5396
14 46 22 6.3660
14 47 35 6.9855
14 48 371 87.7811
14 49 12 2.3961
14 50 10 1.8964
14 51 714 188.8513
14 52 2 0.4702
14 53 4 0.6824
14 54 15 3.0837
14 55 3 0.5725
14 56 3 0.7309
14 57 90 19.3556
14 58 220 61.1989
14 59 32 7.8359
14 60 11 1.9852
14 61 25 5.8504
14 62 33 6.0173
14 63 80 22.6189
14 64 427 81.9285
14 65 3 0.7043
14 66 2 0.5445
14 67 556 152.9440
14 68 13 3.5604
14 69 46 9.3503
14 70 55 13.4764
14 71 43 9.1859
14 72 5 1.1406
14 73 25 4.8878
14 74 96 21.3968
14 75 10 1.8452
14 76 236 50.6375
14 77 56 12.7946
14 78 9 1.8185
14 79 149 23.9241
14 80 7 1.5482
14 82 14 2.7399
14 83 10 2.2108
14 84 572 152.0892
14 85 82 23.8874
14 86 1 0.1654
14 88 51 13.5744
14 89 11 2.5761
14 90 21 5.3132
14 91 80 15.0470
14 92 114 30.0087
14 93 175 46.8313
14 94 50 12.5180
14 96 112 30.2971
14 97 5 0.9256
14 98 23 5.7799
14 99 159 34.5985
14 100 28 7.6497
14 102 10 2.2683
14 103 133 32.3421
14 104 594 124.9623
14 106 41 8.7431
14 107 60 14.2845
14 108 2 0.3841
14 109 119 30.0765
14 110 2 0.4503
14 111 2 0.3908
14 112 1 0.1627
14 113 10 2.1891
14 114 6 2.2926
14 115 1 0.1250
14 116 7 1.5937
14 117 16 3.1120
14 118 30 6.2771
14 119 11 1.9199
14 121 4 0.7517
14 122 103 24.5812
14 123 16 3.2511
14 124 36 8.1433
14 125 10 1.7842
14 126 27 6.0634
14 127 28 6.9896
14 128 102 23.2105
14 129 39 8.5773
14 130 2 0.4321
14 131 78 14.5602
14 132 1 0.2327
14 133 7 1.2520
14 134 37 9.2697
14 135 3906 996.6537
14 136 9 1.3734
14 137 16 2.9831
14 138 6 1.3983
14 139 285 64.1959
14 140 11 1.7107
14 141 5 1.1585
14 142 6 1.3617
14 144 7 1.0016
14 145 83 18.4344
14 146 357 73.4442
14 147 16 4.3928
14 148 19 4.1010
14 149 30 7.2394
14 151 29 7.0334
14 152 5 1.0933
14 153 46 11.3822
14 154 1 0.1235
14 155 13 2.5184
14 156 1 0.2305
14 157 368 76.4625
14 158 104 23.0221
14 159 137 27.5239
14 160 31 7.4651
14 161 101 21.4495
14 162 587 142.7657
14 163 26 5.8492
14 164 2 0.4263
14 165 1015 243.8196
14 166 6 1.1750
14 167 33 7.5919
14 168 20 5.0914
14 169 10 3.9998
14 170 556 155.9645
14 171 42 13.9483
14 172 82 23.0436
14 173 111 25.3572
14 174 2 0.4189
14 175 4 0.8193
14 177 3 0.5657
14 178 1 0.1873
14 179 156 36.7704
14 180 13 2.6519
14 181 5 1.2115
14 182 3 0.5771
14 183 8 1.8501
14 184 15 2.5796
14 185 1 0.2061
14 186 22 3.8142
14 187 2 0.3351
14 188 1 0.2630
14 189 56 12.0166
14 190 9 1.7209
14 191 23 4.4641
14 192 189 45.2875
14 193 795 208.2440
14 194 6 1.2523
14 195 8 1.6227
14 196 18 3.4170
14 197 79 20.8867
14 199 25 5.7487
14 200 6 1.1282
14 201 410 103.5792
14 202 20 5.8485
14 203 34 6.8624
14 204 140 29.9776
14 205 1 0.1550
14 206 10 2.2643
14 207 22 3.7400
14 208 2 0.3390
14 209 30 6.9985
14 210 129 26.0630
14 211 5 1.0051
14 212 519 158.4426
14 213 378 90.9903
14 214 43 10.9811
14 215 20 4.0425
14 216 694 156.1577
14 217 394 98.0235
14 218 8 1.5167
14 219 33 6.0488
14 221 45 12.9091
14 222 17 3.0902
14 223 101 21.7221
14 224 18 3.1493
14 225 9 1.6262
14 226 1008 212.2524
14 227 96 18.7378
14 228 762 240.3693
14 229 4 0.9717
14 230 16 3.6635
14 231 73 16.1949
14 232 643 166.0910
14 233 141 32.4196
14 234 381 88.7330
14 235 43 9.4500
14 236 29 4.8420
14 237 46 11.3884
14 238 539 131.6755
14 239 120 29.5144
14 240 6 1.6460
14 241 12 3.0871
14 242 64 17.2060
14 243 298 80.9850
14 244 132 28.2807
14 245 296 77.1763
14 247 3 0.7942
14 248 177 41.9757
14 249 18 3.3891
14 250 16 4.7106
14 251 154 30.9874
14 252 416 99.9202
14 253 11 1.6306
14 254 240 50.6701
14 255 806 216.3096
14 256 425 101.7665
14 257 8 1.7335
14 258 12 3.7716
14 259 22 4.9971
14 261 57 10.0817
14 262 20 5.0432
14 263 378 100.3598
14 265 671 174.0664
14 267 15 2.5201
14 269 8 1.6323
14 270 13 3.3342
14 271 1 0.1592
14 272 189 51.5618
14 273 13 3.1097
14 274 3 0.3439
14 275 5 1.0145
14 276 10 1.9016
14 277 105 29.0887
14 278 5 0.7723
14 279 67 18.5212
14 280 7 1.8517
14 281 12 2.3432
14 282 14 3.3501
14 283 21 4.7647
14 284 24 4.4299
14 286 16 2.8965
14 287 82 21.5330
14 288 60 10.4220
14 289 33 9.0753
14 290 1 0.1730
14 291 33 7.2182
14 292 6 1.6052
14 294 67 15.6219
14 295 25 6.2608
14 297 1 0.1365
14 298 5 0.8904
14 299 174 40.3944
14 300 4 0.6701
14 301 48 10.2680
14 302 9 1.6892
14 303 590 159.2115
14 304 143 30.0075
14 305 45 10.2800
14 306 62 13.8102
14 307 109 23.0175
14 308 109 22.6012
14 309 22 5.1657
14 310 108 27.0509
14 312 9 1.6209
14 313 56 12.2821
14 314 2 0.4403
14 315 54 14.3543
14 316 171 60.4417
14 317 20 5.7716
14 318 861 248.4753
14 319 96 20.7817
14 320 7 1.2652
14 321 1139 319.5136
14 322 10 2.1756
14 323 397 101.0662
14 324 277 72.2684
14 325 21 4.6953
14 326 3 0.5589
14 327 37 8.5342
14 329 62 12.7891
14 330 670 166.2864
14 331 48 14.8994
14 332 605 146.8904
14 333 101 28.2184
14 334 10 1.9762
14 335 19 3.6591
14 336 9 1.7099
14 337 72 17.5367
14 339 37 6.7529
14 340 11 2.1172
14 341 15 2.6076
14 342 90 19.7058
14 343 245 62.2889
14 344 14 2.9870
14 345 591 159.2518
14 346 727 213.1587
14 347 149 40.2813
14 348 1 0.2345
14 349 77 19.0047
14 350 35 9.1003
14 351 9 1.6273
14 352 94 24.5686
14 353 68 20.6072
14 354 70 20.5130
14 355 26 8.1514
14 356 1 0.1822
14 357 165 44.4775
14 358 160 35.1676
14 359 119 21.7439
14 360 3 0.4583
14 361 561 125.9717
14 363 8 1.4580
14 364 22 5.7428
14 365 25 5.8693
14 366 26 6.6427
14 367 18 4.8234
14 368 155 29.2649
14 369 13 2.1895
14 370 36 8.1896
14 371 125 44.0472
14 372 34 6.0534
14 373 136 44.0358
14 374 22 3.9079
14 375 253 58.2061
14 376 105 25.7682
14 377 22 5.5276
14 378 597 160.6153
14 379 30 6.3312
14 380 38 9.3798
14 381 34 8.2736
14 383 70 19.5581
15 0 881 227.3266
15 1 161 40.8958
15 2 23 4.7903
15 3 142 24.3054
15 4 3 0.4159
15 5 10 1.7387
15 6 148 27.6999
15 7 49 11.0100
15 8 969 180.4180
15 9 8 2.6949
15 10 16 3.0517
15 11 6 0.7221
15 12 16 2.2245
15 13 162 28.4978
15 14 378 132.1855
15 15 54 14.6165
15 16 118 42.4295
15 17 100 25.0141
15 18 17 4.4154
15 19 54 16.3115
15 20 236 69.8762
15 21 22 7.4239
15 22 355 94.9089
15 23 53 10.7535
15 25 36 7.6661
15 26 2260 483.3769
15 27 5 1.0308
15 28 103 19.0409
15 31 2 0.1889
15 32 6 1.3719
15 33 64 19.2650
15 35 143 38.8885
15 36 79 16.0954
15 37 75 14.1932
15 38 120 25.6849
15 39 35 9.6627
15 40 25 5.8532
15 42 44 10.0633
15 43 40 9.4552
15 44 61 13.8150
15 45 30 9.2092
15 46 15 3.3038
15 47 76 20.3239
15 49 62 10.7758
15 50 287 70.5960
15 51 19 3.1875
15 52 48 11.6628
15 53 2 0.3466
15 54 77 23.3680
15 56 3 0.5282
15 57 200 74.7570
15 58 464 172.5394
15 59 19 3.5136
15 60 24 5.5877
15 61 16 2.6212
15 62 440 171.8267
15 63 19 3.0262
15 65 22 8.0867
15 67 5 0.8832
15 68 32 5.5884
15 69 1241 296.8415
15 70 58 9.1552
15 71 4 0.6543
15 72 1 0.1724
15 73 8 1.2900
15 74 225 40.5673
15 75 258 62.9030
15 76 139 38.3729
15 77 1 0.1442
15 78 4 0.7429
15 79 38 10.4888
15 80 48 9.2379
15 81 33 5.7398
15 82 68 12.5859
15 83 1039 206.9863
15 85 11 2.1902
15 86 64 20.2990
15 87 320 103.4288
15 88 63 15.0923
15 89 6 1.0512
15 90 16 3.2053
15 91 65 11.5989
15 92 127 23.4584
15 93 48 13.3402
15 94 4 0.6223
15 95 67 12.1572
15 96 64 11.7326
15 97 40 7.5003
15 98 81 14.8215
15 99 527 179.2954
15 100 43 10.4289
15 101 39 7.5006
15 102 41 9.1771
15 103 325 78.5490
15 104 128 31.0072
15 105 22 3.7733
15 106 30 8.8578
15 107 6 1.2989
15 108 9 1.6284
15 109 8 1.1768
15 110 16 2.6631
15 111 399 109.0955
15 112 293 75.5665
15 113 21 3.2187
15 114 165 36.7722
15 115 5 1.5259
15 116 1 0.1150
15 117 1 0.1668
15 118 76 18.0180
15 119 311 80.8011
15 120 6 1.0024
15 121 167 32.6781
15 122 26 12.0992
15 123 57 9.9557
15 124 10 2.0624
15 125 146 51.0065
15 126 96 24.3629
15 128 8 1.1316
15 129 49 11.6515
15 130 329 98.3422
15 131 28 9.9953
15 132 76 19.4280
15 133 997 294.4738
15 134 6 1.1446
15 135 203 35.9838
15 136 245 55.2600
15 137 87 19.6470
15 138 20 4.8011
15 139 25 8.1795
15 140 184 41.1319
15 141 607 171.5282
15 142 7 1.2507
15 143 24 5.2476
15 144 235 62.0075
15 145 66 11.3530
15 146 292 78.9741
15 147 30 6.1753
15 148 34 8.1989
15 149 28 4.3013
15 150 34 6.0474
15 151 10 1.4744
15 152 26 6.5568
15 153 65 11.8421
15 154 71 18.8465
15 155 47 8.1042
15 156 39 8.2100
15 157 110 20.6572
15 158 360 127.6254
15 159 98 33.1104
15 160 18 4.3147
15 161 251 98.6176
15 162 283 58.8718
15 163 10 1.6857
15 164 11 1.2622
15 165 142 25.2452
15 166 24 3.8835
15 167 515 131.2299
15 168 75 12.8805
15 169 296 69.4294
15 170 753 187.7458
15 171 131 36.9543
15 172 24 8.3064
15 174 414 110.3102
15 175 1 0.1595
15 176 42 9.0979
15 177 186 35.9150
15 178 56 10.4339
15 179 77 24.5216
15 180 16 3.1295
15 181 81 13.0288
15 182 148 43.7986
15 183 4 0.6701
15 184 272 48.1466
15 185 3 0.5582
15 186 26 10.3694
15 187 51 9.1846
15 188 49 9.7695
15 189 8 1.5195
15 190 138 27.4272
15 192 16 2.2359
15 193 32 4.5393
15 194 14 3.3671
15 195 30 8.1634
15 196 1221 340.2346
15 197 7 2.3020
15 198 2 0.1692
15 199 232 69.4426
15 200 370 68.4648
15 201 116 21.6573
15 202 33 5.8312
15 203 19 3.3045
15 204 12 1.8619
15 205 10 1.5034
15 206 4 0.8983
15 207 131 27.1136
15 208 125 28.5377
15 209 35 8.3116
15 210 54 9.4946
15 211 24 7.2711
15 212 108 22.1987
15 213 458 84.2218
15 214 34 10.3965
15 215 11 2.0322
15 216 3 0.4405
15 217 17 3.5111
15 218 55 8.6005
15 219 171 32.1406
15 220 29 7.2864
15 221 153 35.0827
15 222 62 16.7878
15 223 197 42.5975
15 224 15 3.7032
15 225 1 0.0466
15 226 21 3.6612
15 227 14 2.5673
15 228 132 23.2159
15 229 25 4.0358
15 231 4 0.7574
15 232 99 21.0682
15 233 34 5.4014
15 234 3 0.1400
15 235 78 13.7878
15 236 255 68.7311
15 237 7 0.9542
15 238 2 0.3532
15 239 22 4.1089
15 240 10 1.6314
15 241 11 1.4464
15 242 7 1.4321
15 243 9 1.5609
15 244 1 0.2444
15 245 33 7.2792
15 246 1 0.1420
15 247 3 0.4021
15 248 55 16.7190
15 249 7 2.1888
15 250 510 122.4679
15 251 63 14.7424
15 252 27 4.7285
15 253 3 0.5798
15 254 95 26.2026
15 255 37 9.4273
15 256 10 1.3413
15 257 9 2.5117
15 258 61 19.0636
15 259 17 3.3079
15 260 3 0.4967
15 261 33 6.9177
15 262 4 0.6004
15 263 29 4.7092
15 265 76 15.2710
15 266 51 11.5630
15 267 31 7.2106
15 268 143 23.2880
15 269 86 23.4738
15 270 28 8.9288
15 271 66 11.7758
15 272 95 19.0675
15 273 2 0.2985
15 274 33 11.2267
15 275 9 2.1345
15 276 38 9.4255
15 277 1 0.1541
15 278 1 0.1429
15 280 68 15.2841
15 281 213 70.9817
15 282 99 18.3662
15 283 68 20.5110
15 284 1 0.1184
15 285 14 2.6614
15 286 2 0.2944
15 287 79 15.0499
15 288 43 11.4867
15 289 17 5.8384
15 290 2 0.2456
15 291 314 60.8946
15 292 65 17.0244
15 293 50 14.4946
15 294 4 2.5870
15 295 6 0.9815
15 296 33 4.9009
15 297 10 1.6508
15 298 50 15.1486
15 299 1276 326.6026
15 300 3 0.4106
15 301 161 29.9670
15 302 43 11.6967
15 303 202 40.3583
15 304 33 7.6859
15 305 19 2.9900
15 307 595 162.4122
15 308 45 14.0982
15 309 19 6.3420
15 310 160 28.8714
15 311 23 4.2387
15 312 54 9.8637
15 313 22 7.4242
15 314 54 9.8492
15 315 6 1.2361
15 316 258 113.3218
15 317 39 7.2503
15 318 12 2.2594
15 319 322 98.4575
15 320 73 16.0614
15 321 239 85.4493
15 322 18 2.6947
15 323 33 5.3173
15 324 75 21.8654
15 325 69 12.0766
15 326 170 63.2029
15 327 39 6.2753
15 328 70 13.4641
15 329 48 9.4606
15 330 83 21.9622
15 331 53 16.0113
15 332 29 5.6662
15 333 24 6.5675
15 334 111 22.5457
15 335 5 0.8670
15 336 12 4.6986
15 337 167 55.6097
15 338 23 6.3689
15 339 142 24.0938
15 341 24 5.9791
15 342 93 29.9188
15 343 101 18.1711
15 344 5 0.8112
15 345 2 0.2197
15 346 29 5.0819
15 348 175 32.6532
15 349 90 20.2018
15 350 13 2.1779
15 351 49 9.2110
15 352 688 135.7179
15 353 8 1.4026
15 354 80 26.4908
15 355 30 6.9172
15 356 4352 1124.7199
15 357 383 72.6435
15 358 74 13.0173
15 359 219 39.4106
15 360 56 12.1232
15 361 534 187.1791
15 362 32 4.9230
15 363 53 9.5670
15 364 14 2.3255
15 365 45 7.0975
15 366 25 4.5946
15 367 103 27.0693
15 368 34 11.3707
15 369 66 15.0502
15 370 55 13.3905
15 371 27 8.0846
15 372 50 21.0812
15 373 26 5.2790
15 374 22 8.6258
15 375 233 82.8453
15 376 4 1.4010
15 377 70 24.1642
15 378 182 52.4086
15 379 1 0.1134
15 380 6 1.0494
15 381 29 5.3484
15 382 12 2.3482
15 383 85 19.2791
16 0 71 13.6843
16 1 95 22.2881
16 2 14 2.8894
16 3 178 39.6335
16 4 54 13.8722
16 5 120 25.5377
16 6 92 24.4838
16 7 11 2.3431
16 8 33 7.7639
16 9 1 0.2365
16 10 54 12.8870
16 11 236 59.3873
16 12 7 1.1124
16 15 4 0.8419
16 16 2 0.3428
16 17 4 0.7672
16 19 121 28.1189
16 20 1160 298.8605
16 21 24 4.8226
16 22 32 6.4461
16 23 23 5.0263
16 24 7 1.7439
16 25 16 4.1908
16 26 1 0.1890
16 27 408 103.4403
16 28 478 122.1462
16 29 64 16.9601
16 30 383 94.4888
16 32 80 15.5277
16 33 5 0.8626
16 34 23 5.3062
16 35 330 80.5925
16 36 88 26.0014
16 37 26 4.3930
16 38 22 4.5808
16 39 1 0.2285
16 40 69 15.6899
16 41 57 10.1347
16 42 101 25.8056
16 43 350 98.3266
16 44 30 7.7696
16 46 1667 450.9468
16 47 62 16.3606
16 48 185 52.0709
16 49 6 1.1277
16 50 6 1.6213
16 51 20 4.5905
16 52 66 13.8170
16 53 3 0.4956
16 54 134 32.2161
16 55 84 20.4360
16 56 153 32.3303
16 58 47 8.8445
16 59 35 6.4327
16 60 26 5.8345
16 61 167 38.0132
16 62 44 10.2100
16 63 3 0.3229
16 64 9 2.2347
16 65 9 1.6311
16 66 657 168.5782
16 67 3 0.6573
16 68 553 147.3520
16 69 3 0.6756
16 70 964 195.3931
16 71 308 76.3327
16 72 43 10.5697
16 73 25 5.8525
16 74 256 60.4360
16 75 13 3.3177
16 77 9 2.1358
16 78 69 16.4630
16 79 35 6.9766
16 80 3 0.5590
16 81 1 0.2162
16 82 8 1.5717
16 83 26 4.6981
16 84 394 112.4846
16 85 33 7.7640
16 86 112 20.0382
16 87 2 0.3705
16 88 58 12.0717
16 89 85 20.3377
16 90 4 0.7641
16 91 2 0.4099
16 92 2 0.3893
16 93 205 39.8211
16 94 89 15.8230
16 95 64 11.2892
16 96 187 51.1918
16 97 75 17.2779
16 98 117 28.9647
16 99 2 0.4054
16 100 511 127.5220
16 101 9 2.0190
16 102 376 98.8554
16 103 32 8.0165
16 104 11 2.2328
16 105 28 6.6333
16 106 54 11.0564
16 107 4 0.8203
16 108 30 7.8940
16 109 223 47.3373
16 110 1 0.1464
16 111 1108 274.6596
16 114 1 0.2092
16 116 18 4.0388
16 117 87 20.9426
16 118 3 0.5030
16 119 552 141.5544
16 120 94 25.2810
16 121 15 2.7399
16 122 1216 323.6052
16 123 17 4.2411
16 124 89 20.4601
16 125 14 3.1141
16 126 314 76.4819
16 127 36 9.1158
16 129 16 3.2991
16 130 496 96.3525
16 131 8 1.8198
16 132 2 0.4622
16 133 336 76.9365
16 134 42 8.1811
16 135 1 0.1591
16 136 504 126.0064
16 137 7 1.7410
16 138 37 6.3653
16 139 59 14.2068
16 140 8 1.1842
16 141 2 0.3288
16 142 1148 300.1950
16 146 14 2.5245
16 147 132 27.1756
16 148 2 0.3578
16 149 2 0.4289
16 150 4 0.7677
16 151 2 0.4192
16 152 55 13.6387
16 154 1 0.2008
16 155 13 3.0182
16 156 63 14.5243
16 157 108 24.1200
16 159 1 0.1740
16 160 16 3.5647
16 161 8 1.5156
16 163 49 12.6404
16 164 1 0.1871
16 166 59 13.1550
16 169 55 9.9059
16 170 8 1.6527
16 171 12 3.4567
16 172 992 248.9677
16 173 10 1.8874
16 174 6 1.4689
16 176 21 4.9614
16 177 316 77.2324
16 178 197 46.8422
16 179 1053 238.8734
16 180 7 1.4464
16 181 5 0.9075
16 182 3 0.6038
16 183 16 3.0469
16 184 522 131.1980
16 185 26 6.3484
16 187 33 9.3029
16 188 8 1.5495
16 189 14 3.9733
16 190 168 42.5435
16 191 35 6.2115
16 192 209 48.3390
16 193 12 2.0874
16 195 11 1.9696
16 196 2 0.3566
16 197 96 25.4681
16 198 161 41.1376
16 199 4 0.7867
16 200 1 0.2304
16 201 23 4.9397
16 203 121 28.6376
16 204 224 43.7034
16 205 14 2.3539
16 206 186 43.7250
16 208 6 1.1341
16 209 72 13.0771
16 210 30 8.0699
16 211 4 0.8083
16 212 1399 287.4173
16 213 1 0.1812
16 214 110 28.5614
16 215 13 2.3027
16 216 54 13.1457
16 217 215 46.1339
16 218 20 3.9161
16 219 109 31.5246
16 220 6 1.5591
16 221 2 0.4507
16 223 4766 1415.1738
16 224 5 1.0581
16 226 631 156.4862
16 227 3 0.5659
16 228 873 244.5425
16 229 18 3.4077
16 230 37 8.6100
16 231 431 99.4496
16 232 135 30.3641
16 233 24 4.4184
16 234 2 0.3827
16 237 327 79.9527
16 238 14 3.1089
16 239 16 4.9316
16 240 16 3.3427
16 241 61 10.4841
16 242 204 49.8459
16 243 232 55.4573
16 244 3 0.5671
16 245 114 31.8235
16 246 5 0.9116
16 247 5 0.9506
16 248 57 14.6488
16 249 2 0.2730
16 250 25 5.5943
16 251 16 3.0037
16 252 27 6.9837
16 253 38 10.2273
16 254 1 0.2529
16 255 132 38.3534
16 256 186 43.1315
16 257 5 0.8762
16 258 10 1.9268
16 261 33 5.7805
16 262 457 123.9631
16 263 763 197.8924
16 264 24 5.3606
16 265 75 16.7022
16 266 1 0.2378
16 267 59 16.5483
16 268 126 35.7772
16 269 171 39.0786
16 270 1 0.1998
16 271 5 0.9908
16 272 9 1.9657
16 273 8 1.6599
16 275 155 35.9324
16 276 15 3.9545
16 277 8 1.4834
16 278 11 2.4451
16 279 36 7.8385
16 280 833 204.6309
16 281 36 6.8730
16 282 36 7.2124
16 283 1 0.2583
16 284 20 3.2925
16 286 94 24.1212
16 287 1 0.1489
16 288 79 18.2904
16 289 13 2.1790
16 290 5 0.8500
16 291 180 39.7768
16 292 2 0.4558
16 293 11 2.9269
16 294 30 7.4019
16 295 13 3.3285
16 296 8 2.1552
16 297 3 0.6221
16 299 41 11.4976
16 300 5 0.8543
16 302 17 3.3206
16 304 45 7.6170
16 305 71 14.9492
16 306 28 6.6439
16 307 12 2.2717
16 308 10 2.1793
16 309 612 153.3698
16 310 1 0.1628
16 311 15 3.6458
16 312 18 3.8920
16 314 6 1.2200
16 315 6 1.0531
16 316 2 0.3317
16 317 39 9.2082
16 318 601 160.7166
16 320 1 0.2179
16 321 54 11.5562
16 323 30 6.9543
16 325 38 7.7177
16 326 7 1.3905
16 328 39 9.4030
16 329 105 25.9725
16 330 58 11.2957
16 331 15 4.0210
16 332 186 56.9213
16 333 37 8.3846
16 334 15 3.3174
16 335 35 10.0977
16 336 456 106.7868
16 337 539 139.5947
16 339 43 10.1372
16 340 7 1.4224
16 343 12 2.9247
16 344 8 1.3332
16 345 11 2.3071
16 346 13 2.5219
16 347 54 9.8186
16 348 1 0.1475
16 349 12 2.0043
16 350 407 99.2640
16 352 97 26.1649
16 353 1 0.1478
16 355 84 19.0614
16 356 17 4.4565
16 357 9 1.8903
16 358 2 0.4361
16 359 116 25.2014
16 360 10 1.5993
16 361 117 28.8763
16 362 114 26.2970
16 363 29 5.2210
16 364 17 3.7613
16 365 3 0.9048
16 366 52 9.7886
16 367 5 0.8799
16 368 17 4.1225
16 369 8 1.3668
16 370 499 127.4639
16 371 1429 384.7166
16 373 39 9.1457
16 374 50 8.1703
16 375 2 0.1671
16 376 3 0.4874
16 377 41 8.9047
16 378 35 7.4035
16 379 2 0.4174
16 380 2 0.3699
16 381 14 2.7561
16 382 9 1.9924
16 383 3 0.6246
17 0 94 17.0302
17 2 198 45.4713
17 3 161 42.4034
17 4 2 0.3583
17 5 22 4.5758
17 6 119 33.5437
17 7 13 3.0590
17 8 20 3.6998
17 9 54 9.6194
17 10 62 10.4966
17 11 33 7.4395
17 12 30 8.6855
17 13 6 1.1056
17 14 142 37.2337
17 15 5 0.9331
17 16 40 9.9573
17 17 334 61.9250
17 18 17 3.0927
17 19 70 17.4418
17 20 135 31.2824
17 21 19 4.7603
17 22 25 4.9335
17 23 336 68.3445
17 24 682 139.1067
17 25 594 141.6581
17 26 26 6.7142
17 27 40 12.9605
17 28 26 5.3993
17 30 28 6.8642
17 31 14 2.2878
17 32 43 8.5818
17 33 5 1.0129
17 34 98 17.8464
17 35 9 1.4726
17 36 1492 395.3483
17 37 22 5.5105
17 38 408 97.4981
17 39 2 0.2965
17 40 28 6.2443
17 41 31 10.3441
17 42 534 126.7152
17 43 145 31.3815
17 44 2 0.3487
17 47 59 13.0284
17 48 23 5.0695
17 49 14 2.4780
17 50 24 4.5117
17 51 60 12.5885
17 52 2 0.3297
17 53 2 0.4474
17 54 273 74.0247
17 55 18 3.8676
17 56 22 5.1651
17 57 699 174.9796
17 58 29 6.6302
17 59 267 66.7420
17 61 2 0.3892
17 62 15 2.9995
17 63 12 2.1700
17 64 248 65.5541
17 65 218 46.8554
17 66 30 5.3485
17 67 2170 663.6492
17 68 20 4.0773
17 69 24 4.2753
17 70 19 5.9498
17 71 183 41.7304
17 72 87 18.4492
17 73 63 16.8571
17 74 62 12.3395
17 76 203 46.1314
17 77 26 6.3080
17 78 16 2.8997
17 79 17 3.4801
17 80 1 0.1802
17 81 17 4.1997
17 82 13 2.3529
17 83 160 47.2933
17 84 31 5.7402
17 85 22 3.8888
17 86 2 0.1927
17 87 9 1.9698
17 88 119 22.5153
17 89 23 6.1668
17 90 366 88.1741
17 91 32 6.5981
17 93 204 49.8500
17 94 9 1.8638
17 95 54 11.5148
17 96 5 0.7619
17 97 55 12.3621
17 98 6 1.0947
17 99 7 1.4004
17 100 120 30.7881
17 101 317 73.9465
17 102 61 13.8926
17 103 31 5.6644
17 104 2 0.3826
17 105 22 5.3424
17 106 109 19.6451
17 107 37 7.6166
17 108 2 0.3106
17 109 7 1.2782
17 110 34 8.2902
17 111 27 5.5061
17 112 1 0.2038
17 113 60 11.3720
17 114 4 1.1325
17 115 28 6.3808
17 116 52 13.7166
17 117 34 6.6219
17 118 193 45.3416
17 119 4 0.6404
17 120 401 109.6199
17 121 164 41.5147
17 124 706 290.5015
17 125 23 5.7713
17 126 368 95.0313
17 127 7 1.3867
17 128 4 0.6866
17 129 2 0.3675
17 130 16 3.9594
17 131 4 0.7608
17 132 8 2.0151
17 133 386 91.7089
17 134 152 29.5174
17 135 618 168.4003
17 136 6 1.1192
17 137 36 8.8943
17 138 50 9.0750
17 139 15 2.7472
17 140 40 8.7808
17 141 3 0.6314
17 142 188 44.5123
17 143 30 7.4016
17 145 37 7.1767
17 146 146 30.2537
17 148 94 24.1732
17 149 711 188.3640
17 150 25 5.3094
17 151 118 26.1466
17 152 28 5.3195
17 153 15 3.3169
17 154 5 0.8867
17 155 11 2.2877
17 156 73 16.3264
17 157 135 34.8969
17 158 41 8.4264
17 159 175 43.1337
17 160 30 8.3658
17 161 143 32.0856
17 163 1141 313.4003
17 164 8 1.7370
17 165 24 5.8253
17 166 15 3.2988
17 167 28 7.7765
17 168 2328 624.1724
17 169 26 7.0311
17 170 5 0.9632
17 171 75 21.2955
17 172 79 14.8415
17 173 6 1.2373
17 174 972 257.7290
17 175 58 15.4644
17 177 44 8.0107
17 178 47 8.5980
17 179 103 23.1480
17 180 57 13.8431
17 181 27 5.0451
17 182 95 23.1727
17 184 643 145.4174
17 185 25 4.4749
17 187 3 0.7189
17 188 48 8.9210
17 189 67 12.5895
17 191 35 7.7605
17 192 2 0.3723
17 193 30 5.7331
17 194 5 0.9406
17 195 107 24.2650
17 196 8 1.5652
17 197 799 206.1967
17 199 10 2.5684
17 200 6 1.0226
17 201 7 1.4456
17 202 14 3.9496
17 203 34 7.6239
17 204 19 4.3819
17 205 12 3.0776
17 206 10 2.0729
17 207 7 1.3184
17 208 8 1.7607
17 209 24 6.0612
17 210 74 14.0154
17 211 2 0.3882
17 212 127 22.4892
17 213 208 56.1703
17 214 94 22.7796
17 216 2 0.4921
17 217 65 16.8551
17 220 1259 361.7633
17 221 15 2.6950
17 222 98 22.4457
17 223 68 15.4485
17 224 4 0.8276
17 225 91 19.4209
17 226 41 8.6744
17 227 4 0.9397
17 228 1 0.1119
17 229 2 0.2822
17 230 23 4.0417
17 231 89 16.1960
17 232 5 0.9779
17 233 36 10.5811
17 234 38 6.7373
17 235 32 8.1671
17 236 233 53.2966
17 237 15 3.0237
17 239 54 12.3907
17 240 28 5.7318
17 241 14 2.9770
17 242 3 0.6211
17 243 93 20.2157
17 244 3 0.7331
17 245 820 199.7883
17 246 119 25.4089
17 247 52 11.2238
17 248 631 165.7886
17 250 754 196.2996
17 251 156 35.6924
17 252 10 2.0573
17 253 77 18.5042
17 254 5 1.0328
17 255 425 101.8141
17 257 42 7.8830
17 259 29 6.0662
17 260 38 8.0467
17 262 82 19.3858
17 263 3 0.5396
17 264 367 113.7665
17 265 28 4.9809
17 266 148 51.6210
17 267 66 14.8131
17 268 133 23.8047
17 270 22 5.8354
17 271 3 0.7059
17 272 257 64.0650
17 273 137 27.0404
17 274 34 6.8295
17 275 77 16.4895
17 276 23 5.3372
17 277 30 6.4214
17 278 478 123.8136
17 279 34 8.1487
17 280 14 2.7408
17 281 11 2.4891
17 282 11 1.9330
17 283 315 74.6628
17 284 26 6.3521
17 285 18 4.8226
17 286 85 21.0423
17 287 55 12.9056
17 288 10 1.7049
17 289 41 10.0849
17 290 26 6.1477
17 291 16 2.7286
17 292 34 6.3712
17 293 10 1.7578
17 294 3 0.8650
17 295 37 8.0630
17 296 14 3.3339
17 297 29 6.6550
17 298 52 14.0621
17 299 117 40.4242
17 300 36 8.1314
17 301 18 4.0803
17 302 10 2.2156
17 303 18 3.5164
17 305 382 91.4540
17 306 39 8.2205
17 307 23 4.0633
17 308 101 24.3080
17 309 682 164.8491
17 310 9 1.4007
17 311 81 20.8004
17 312 186 51.5957
17 313 10 1.9083
17 314 5 1.0571
17 315 11 2.2405
17 316 20 4.0444
17 317 36 6.4751
17 318 13 3.3336
17 319 24 4.4418
17 321 11 1.9658
17 322 11 2.6784
17 323 426 89.5309
17 324 76 16.7423
17 325 55 9.9031
17 327 150 26.8762
17 328 38 6.8693
17 329 91 23.1320
17 330 30 5.6901
17 331 43 9.4252
17 332 195 43.4164
17 333 18 4.3497
17 334 47 8.0121
17 335 140 33.6753
17 336 71 17.0457
17 337 171 31.2550
17 338 18 3.9147
17 339 3 0.6784
17 341 14 2.9419
17 342 54 9.6811
17 343 47 8.5167
17 344 42 7.4276
17 345 3 0.4040
17 346 420 90.8405
17 347 79 19.1967
17 348 137 32.2095
17 349 20 3.4872
17 350 39 7.5569
17 351 959 230.9182
17 352 23 5.7822
17 353 109 23.8383
17 355 176 37.9764
17 356 97 18.6387
17 357 57 10.2956
17 358 6 1.1441
17 359 6 1.0056
17 360 3419 905.8906
17 361 689 174.4910
17 362 47 8.3683
17 363 18 3.3377
17 364 14 2.3344
17 365 108 22.0849
17 366 81 25.0637
17 367 8 1.6823
17 369 42 9.7163
17 370 24 4.2064
17 371 63 13.6183
17 372 37 6.5586
17 373 212 48.3611
17 375 86 16.7604
17 376 1 0.2215
17 377 17 4.1282
17 378 61 23.9628
17 379 59 10.4491
17 380 41 7.1268
17 381 14 2.9535
17 382 21 3.4875
17 383 39 8.6529
18 0 15 2.6482
18 1 8 1.3811
18 2 4 0.5498
18 3 7 1.7285
18 4 7 1.4932
18 5 10 1.8376
18 7 3 0.7766
18 9 12 2.7542
18 10 41 9.4891
18 11 1431 390.7979
18 12 46 11.3462
18 13 365 87.9667
18 14 7 1.5684
18 15 30 5.1182
18 16 14 2.4757
18 17 85 16.3460
18 18 44 8.7439
18 19 32 7.7393
18 20 8 2.0214
18 21 326 91.6707
18 22 45 11.0081
18 23 12 2.3986
18 24 73 15.5075
18 25 149 35.5762
18 26 10 1.8782
18 27 6 1.1390
18 28 17 2.9254
18 29 20 3.7675
18 30 416 114.2432
18 32 12 2.6127
18 33 32 6.3080
18 34 1814 523.1443
18 35 4 0.6668
18 36 920 262.0966
18 37 60 10.6316
18 38 578 167.0431
18 39 5 0.9450
18 40 9 1.6846
18 41 24 4.5284
18 42 6 1.4534
18 43 56 12.6087
18 44 98 21.1714
18 45 504 126.9053
18 46 103 25.7830
18 47 476 120.2908
18 48 10 1.9772
18 50 7 1.3712
18 51 64 18.0526
18 52 87 19.3833
18 53 94 16.9629
18 54 78 17.8492
18 55 31 5.7561
18 56 35 7.7345
18 58 15 2.8727
18 60 20 4.9496
18 61 8 1.7395
18 62 29 5.6711
18 63 4 0.7032
18 64 77 17.1074
18 65 586 165.7090
18 66 4 0.8166
18 67 3 0.4686
18 68 4 0.9528
18 69 33 7.9853
18 70 77 13.9753
18 71 61 13.2447
18 72 219 48.1122
18 73 5 0.9781
18 74 38 8.2952
18 75 50 14.1153
18 76 22 5.6359
18 77 753 218.3950
18 78 40 10.0331
18 79 98 33.9004
18 80 19 3.5702
18 82 6 1.8025
18 83 45 9.6114
18 84 137 28.6871
18 85 8 1.3015
18 86 191 51.7558
18 87 2 0.3969
18 88 83 21.5069
18 89 7 1.2632
18 90 203 50.3389
18 91 776 147.4467
18 92 39 8.1395
18 93 114 26.8731
18 94 10 2.4668
18 95 37 8.2529
18 96 65 14.3300
18 97 1461 407.8296
18 98 26 5.2476
18 99 22 5.1835
18 101 2 0.4486
18 102 10 1.8464
18 103 4 0.7060
18 104 299 74.1508
18 105 3 0.5271
18 106 2947 759.4924
18 107 13 2.9924
18 108 10 1.7711
18 109 23 3.9451
18 110 8 2.5477
18 111 32 5.5346
18 112 19 3.8818
18 113 47 10.6593
18 114 273 64.6359
18 115 2 0.2871
18 116 60 11.8052
18 119 196 44.8127
18 120 2 0.3425
18 121 7 1.6695
18 122 5 1.1846
18 123 91 21.5586
18 124 1 0.2160
18 125 100 24.1994
18 126 39 6.7040
18 127 27 7.9148
18 128 38 8.1261
18 129 5 0.9706
18 130 29 7.0250
18 131 14 2.4621
18 132 75 17.6308
18 133 1415 337.3478
18 134 6 1.3375
18 135 13 2.5891
18 136 9 1.9424
18 138 52 13.9877
18 139 3 0.5555
18 140 387 93.7928
18 141 25 6.2261
18 142 2 0.3230
18 143 9 2.0149
18 144 1014 254.7417
18 145 33 6.5237
18 146 4 0.5920
18 147 236 69.8403
18 148 12 2.1157
18 150 22 4.0256
18 151 32 9.5476
18 152 166 40.3035
18 153 35 8.4692
18 154 134 30.6977
18 155 25 5.3410
18 156 36 9.7876
18 158 41 9.0783
18 159 359 91.0898
18 160 5 0.8665
18 161 2 0.7958
18 162 41 12.9398
18 163 12 2.6325
18 164 3 0.5744
18 165 1 0.1780
18 166 125 29.7803
18 167 576 108.2780
18 168 1 0.2160
18 169 1323 321.0808
18 170 21 5.4651
18 171 60 13.4933
18 172 2 0.3343
18 173 712 191.6624
18 174 1 0.1530
18 175 60 13.7717
18 176 43 14.4643
18 177 26 5.2712
18 178 13 2.3461
18 179 32 8.2613
18 180 155 33.0079
18 181 76 21.8259
18 182 1 0.2314
18 183 40 8.5749
18 184 3 0.4826
18 185 26 4.5488
18 186 7 1.3276
18 187 282 67.7046
18 188 8 1.4830
18 189 12 2.1552
18 190 62 16.4905
18 191 16 3.3308
18 192 2 0.3521
18 193 16 3.9640
18 194 195 37.3646
18 195 11 2.5436
18 196 128 31.8624
18 198 1 0.2805
18 199 52 12.0530
18 200 51 9.5794
18 201 165 42.1459
18 202 53 12.8893
18 203 1598 444.4982
18 204 18 3.6716
18 205 9 1.7925
18 206 79 17.0778
18 207 524 145.4541
18 208 33 8.0730
18 209 122 25.2215
18 210 10 1.9216
18 211 27 7.5993
18 212 3 0.6848
18 213 23 4.8830
18 214 529 149.5130
18 215 1 0.1703
18 216 335 91.3236
18 217 81 18.2923
18 218 10 2.3622
18 219 96 21.8882
18 220 14 2.5665
18 221 139 38.5168
18 222 137 33.6124
18 224 18 3.9101
18 225 36 8.2736
18 226 73 15.1348
18 227 81 22.1534
18 229 43 10.5565
18 230 1 0.1940
18 231 8 1.6624
18 232 102 22.5038
18 233 1 0.1926
18 234 300 73.7191
18 235 323 98.7859
18 236 14 4.9142
18 237 36 6.5003
18 238 9 1.5175
18 239 2 0.4428
18 240 44 8.0318
18 241 18 4.0338
18 242 24 5.3432
18 243 14 3.5724
18 244 985 262.3035
18 245 6 1.7475
18 246 16 3.2984
18 248 2 0.3569
18 249 11 1.7156
18 250 14 2.3418
18 251 13 4.2124
18 252 44 8.3827
18 254 7 1.2319
18 255 114 20.6204
18 256 8 1.6483
18 257 134 24.7130
18 258 17 3.6973
18 259 7 1.2647
18 261 565 145.4419
18 262 8 1.3161
18 263 279 72.6292
18 264 2 0.3784
18 265 273 56.9129
18 266 31 9.1695
18 267 133 38.3942
18 268 395 116.5272
18 270 4 0.8020
18 271 5 0.8444
18 272 61 14.8607
18 273 3 0.5226
18 274 156 39.1080
18 275 69 18.1293
18 276 33 7.4190
18 277 8 2.0120
18 278 1 0.1802
18 279 894 224.6483
18 280 5 1.1572
18 281 22 4.1290
18 282 25 4.5948
18 283 271 49.9826
18 284 244 57.9358
18 285 38 6.5743
18 286 798 214.4315
18 287 14 3.2432
18 288 3 0.5594
18 289 36 6.8738
18 290 162 36.0539
18 291 2 0.2735
18 292 28 6.4005
18 293 41 8.9338
18 294 1 0.1737
18 295 114 28.8590
18 296 1 0.2326
18 297 1 0.2155
18 298 24 4.7434
18 299 3 0.5567
18 300 196 42.7004
18 301 4 1.0045
18 302 13 2.5545
18 303 1 0.1456
18 304 472 120.2107
18 305 97 18.9755
18 306 13 2.8114
18 307 2 0.4291
18 308 1 0.1935
18 309 3 0.6567
18 310 203 41.3370
18 311 156 41.3548
18 312 18 2.8848
18 313 21 3.5749
18 314 16 2.7466
18 315 6 1.0011
18 317 218 52.7186
18 318 14 3.6307
18 319 433 103.3702
18 320 382 92.5644
18 321 534 128.0345
18 322 70 13.1548
18 323 47 11.9634
18 324 1 0.1676
18 325 34 5.8078
18 327 1 0.1351
18 328 28 7.2750
18 329 3 0.7218
18 330 2 0.3785
18 332 30 7.8466
18 333 5 0.9532
18 334 3 0.6331
18 335 347 78.2782
18 336 507 114.0677
18 337 115 25.6256
18 338 60 13.3590
18 339 20 4.9038
18 340 3 0.3205
18 341 152 35.3859
18 342 11 2.3434
18 343 112 28.8261
18 344 15 3.0657
18 345 6 1.1400
18 346 62 15.9525
18 347 2 0.3317
18 348 133 38.0165
18 349 1 0.2365
18 350 1 1.3682
18 352 12 2.2373
18 353 6 1.0387
18 354 72 17.1620
18 355 33 8.7006
18 357 2 0.4051
18 358 59 10.8792
18 359 55 11.9052
18 360 4 0.6309
18 361 151 38.2171
18 362 25 4.5320
18 364 4 0.9028
18 365 48 8.3622
18 366 379 95.4453
18 367 35 9.3255
18 368 159 34.6918
18 369 1 0.0997
18 370 700 156.0365
18 371 5 1.1204
18 372 1 0.1128
18 373 2 0.2897
18 374 22 3.6784
18 375 516 103.1151
18 376 10 1.6358
18 377 7 1.0085
18 378 12 2.1554
18 379 346 84.9569
18 380 4 0.8792
18 383 11 2.0525
19 0 60 12.7425
19 1 18 2.1667
19 2 148 38.6505
19 3 13 1.7551
19 4 26 4.2563
19 5 23 4.3974
19 6 165 38.6789
19 7 30 5.5742
19 8 66 19.0234
19 9 188 32.4764
19 10 7 1.0193
19 11 253 57.8628
19 12 7 1.1256
19 13 16 2.2674
19 14 15 2.6613
19 15 534 110.3589
19 16 38 9.5902
19 17 36 7.7488
19 18 12 1.8726
19 19 19 3.3322
19 20 850 215.8821
19 21 13 3.3912
19 22 287 78.0102
19 23 5 0.6605
19 24 4 0.5211
19 25 6 0.8477
19 26 1 0.1056
19 27 12 2.1377
19 28 231 44.3730
19 29 181 41.9872
19 30 150 32.9451
19 31 7 2.2245
19 32 91 17.2398
19 33 52 14.2465
19 34 214 52.6680
19 35 67 15.9428
19 36 19 2.3979
19 37 46 12.4440
19 38 1 0.1158
19 39 10 1.2974
19 40 54 11.1489
19 41 5 0.6860
19 42 63 13.5692
19 43 96 18.7051
19 44 244 79.1662
19 45 143 27.5059
19 46 262 60.4161
19 47 78 21.4998
19 48 458 125.3885
19 49 630 169.1058
19 50 68 11.7801
19 51 60 13.1675
19 52 14 2.0060
19 53 26 7.9029
19 54 25 3.8169
19 55 1 0.0962
19 56 36 7.1234
19 57 1 0.1182
19 58 22 5.6783
19 59 332 88.4685
19 60 6 0.6850
19 61 277 56.2628
19 62 868 298.1743
19 63 98 24.7485
19 64 52 11.4185
19 65 7 0.9410
19 66 40 5.9682
19 67 55 14.6020
19 68 225 51.2542
19 69 27 5.6273
19 70 3 0.4489
19 71 6 0.9677
19 72 3 0.3585
19 73 36 11.0313
19 74 313 69.4831
19 75 22 4.9191
19 76 28 5.6059
19 77 27 5.9915
19 78 12 1.5549
19 79 40 7.0580
19 80 191 36.5544
19 81 15 2.6219
19 82 22 3.5994
19 83 148 31.4661
19 84 16 2.7938
19 85 2 0.2449
19 86 42 5.1784
19 87 257 55.8402
19 88 152 41.3828
19 89 138 34.2776
19 90 4 0.6102
19 91 20 6.8638
19 92 162 40.8169
19 93 16 2.8025
19 94 114 25.4525
19 95 4 0.6602
19 96 9 0.8694
19 98 61 16.9975
19 99 31 6.7668
19 100 97 20.9075
19 101 110 27.1301
19 102 1831 463.4419
19 103 25 6.3744
19 104 43 12.6580
19 105 145 34.0387
19 106 234 48.6024
19 107 8 1.1554
19 108 18 3.0900
19 109 553 124.0842
19 110 99 21.9345
19 111 5 0.7057
19 112 418 74.8764
19 113 54 13.2007
19 114 23 7.9824
19 115 10 1.0872
19 116 4 0.6884
19 117 272 72.3575
19 118 184 43.3229
19 119 3 0.4209
19 120 31 8.7461
19 121 90 16.2774
19 122 95 22.3728
19 123 15 2.8833
19 124 63 19.2660
19 125 31 4.0247
19 126 138 28.3087
19 127 105 23.5797
19 128 1535 361.7156
19 129 9 1.5478
19 130 23 4.7641
19 131 1159 311.3322
19 133 322 81.9234
19 134 16 3.2778
19 135 33 9.4310
19 136 43 10.7357
19 137 40 8.2309
19 138 200 50.8965
19 139 16 2.7765
19 140 346 102.6807
19 141 12 1.7690
19 142 3 0.3335
19 143 95 19.9191
19 145 42 7.4562
19 146 22 3.7631
19 147 40 7.1222
19 148 19 2.7063
19 149 5 0.5090
19 150 293 68.2874
19 151 108 23.8723
19 152 743 267.9541
19 153 17 2.4363
19 154 133 24.3935
19 155 34 8.3598
19 156 131 33.4768
19 157 173 35.0841
19 158 90 18.0374
19 159 10 3.0377
19 160 69 15.3385
19 161 2 0.4973
19 162 25 3.4506
19 163 19 4.8065
19 164 5 0.7639
19 165 106 20.1689
19 166 46 9.1305
19 167 5 0.9571
19 168 36 6.7122
19 169 135 29.3726
19 170 14 2.4667
19 171 368 101.5682
19 172 15 2.4421
19 173 3 0.3672
19 174 279 75.7609
19 175 18 3.9252
19 176 19 4.3971
19 177 71 14.1699
19 178 257 66.0120
19 179 623 182.3042
19 180 26 3.6341
19 181 31 5.8709
19 182 9 1.3326
19 183 37 8.9930
19 184 6 0.9036
19 185 4 0.5469
19 188 150 37.3976
19 189 45 11.2023
19 190 31 8.0296
19 191 12 1.6465
19 192 46 10.0898
19 193 3 0.4306
19 194 2 0.2503
19 195 1319 289.1493
19 196 7 1.2508
19 197 44 11.6781
19 198 5 0.8139
19 199 17 2.4441
19 200 47 9.6551
19 201 49 10.7196
19 202 22 3.1511
19 203 14 2.4981
19 204 46 9.8837
19 206 1 0.1157
19 207 58 7.7878
19 208 3 0.5103
19 209 21 3.3245
19 210 51 15.1317
19 211 7 0.7818
19 212 233 55.8533
19 213 10 2.9521
19 214 36 9.6293
19 215 50 11.0997
19 216 36 6.7967
19 217 236 81.5020
19 218 22 5.6165
19 219 162 22.3474
19 220 268 75.3695
19 221 804 251.1096
19 222 45 7.7234
19 223 21 3.1048
19 224 3 0.3072
19 225 5 0.7801
19 226 36 6.4890
19 227 156 39.3459
19 228 77 19.0552
19 229 196 38.6858
19 230 12 2.0771
19 231 10 1.8784
19 232 27 7.0890
19 233 39 9.5373
19 234 295 67.4523
19 235 292 70.5046
19 236 23 3.6162
19 237 8 1.2334
19 238 23 3.0673
19 239 1 0.1591
19 240 1 0.2241
19 241 22 3.2676
19 243 41 7.8342
19 244 38 5.8729
19 245 4 0.6830
19 246 10 1.1743
19 247 287 53.2846
19 248 24 3.9864
19 249 138 33.5945
19 250 656 169.2523
19 251 14 2.6074
19 252 129 34.1746
19 253 33 7.2336
19 254 220 67.3869
19 255 560 123.6052
19 256 1 0.2207
19 257 7 0.7779
19 258 8 1.7620
19 259 101 15.2679
19 260 908 295.2830
19 261 7 1.6567
19 262 83 17.1980
19 263 13 1.5361
19 264 26 4.5118
19 265 149 36.6033
19 266 103 24.0032
19 267 5 0.9836
19 268 21 2.9090
19 269 31 5.1479
19 270 193 49.0684
19 271 459 114.5218
19 272 26 4.7769
19 273 250 57.7477
19 274 17 2.7508
19 275 104 21.9724
19 276 179 44.7678
19 277 6 0.6546
19 278 5 0.8691
19 279 117 31.3442
19 280 65 17.1760
19 281 175 60.1385
19 282 71 14.3301
19 283 161 49.9743
19 284 20 3.4401
19 285 4 0.5035
19 286 3 0.5571
19 287 11 1.4881
19 288 309 94.4923
19 289 425 262.6769
19 290 2 0.2553
19 291 187 40.6689
19 292 52 14.4983
19 293 196 43.8914
19 294 1 0.1364
19 295 201 47.5461
19 296 245 61.7491
19 297 39 7.2535
19 298 91 15.9781
19 299 289 56.2802
19 300 298 73.9545
19 301 1 0.1834
19 302 60 8.8885
19 303 33 6.9270
19 304 93 23.7148
19 305 1188 399.7007
19 306 463 120.9859
19 307 423 90.2202
19 308 12 3.3034
19 309 66 15.3963
19 310 690 173.8972
19 311 43 7.3374
19 312 241 51.7108
19 313 21 2.4242
19 314 121 24.5630
19 315 52 6.8339
19 316 39 7.9364
19 317 18 2.6207
19 318 9 1.6650
19 319 230 50.7892
19 320 4 0.4462
19 321 1 0.0962
19 322 19 4.9431
19 324 84 15.7640
19 325 5 0.7751
19 326 26 4.2139
19 327 90 18.7759
19 328 148 30.9944
19 329 25 4.8388
19 330 14 4.6031
19 331 5 0.4393
19 332 9 1.1079
19 333 274 74.2296
19 334 8 1.1216
19 335 13 3.0110
19 336 26 4.3601
19 337 45 14.6694
19 338 1 0.1201
19 339 129 30.8644
19 340 21 4.3985
19 341 81 21.2803
19 342 155 24.7910
19 343 116 24.5634
19 344 79 24.3241
19 345 3 0.6155
19 346 26 3.8892
19 347 4 0.4653
19 348 37 7.3077
19 349 147 33.5370
19 350 597 120.6781
19 351 64 15.9944
19 352 39 7.5972
19 353 36 8.3887
19 354 19 2.5016
19 355 308 55.1598
19 356 3 0.5734
19 357 26 3.4631
19 358 8 1.0644
19 359 49 10.7804
19 360 45 11.9989
19 361 46 9.3638
19 362 20 2.7581
19 363 99 19.6748
19 364 11 1.4414
19 365 25 6.5789
19 366 1068 276.3982
19 367 52 12.0122
19 368 260 69.0135
19 369 31 9.0627
19 370 47 37.6591
19 371 40 8.6670
19 373 6 0.6496
19 374 183 43.8355
19 375 32 12.8951
19 376 57 12.3705
19 377 6 0.6948
19 378 1 0.2123
19 379 104 24.0724
19 380 30 6.8629
19 381 122 29.2140
19 382 88 20.5639
19 383 321 68.4935
20 0 3 0.4994
20 1 7 1.3450
20 2 7 1.8601
20 3 44 10.6096
20 4 108 26.7598
20 5 14 2.2648
20 6 382 71.7790
20 7 1050 276.9905
20 8 34 8.4098
20 9 1 0.1500
20 10 47 11.0225
20 11 33 5.6501
20 12 2 0.4927
20 13 3 0.6460
20 14 32 7.4699
20 15 218 52.8761
20 16 270 57.3990
20 18 583 148.3114
20 19 935 228.8728
20 20 7 1.1832
20 21 13 2.5060
20 22 2 0.2962
20 23 39 10.8911
20 24 18 3.9779
20 25 26 6.2942
20 26 12 2.7115
20 27 39 9.5254
20 28 480 113.5904
20 29 37 8.4404
20 30 56 12.3871
20 31 671 167.1030
20 32 1154 225.0287
20 33 28 7.5929
20 34 50 12.0699
20 35 70 19.2270
20 36 54 10.8414
20 37 10 3.2578
20 38 11 2.1975
20 39 21 3.3555
20 40 4 0.8088
20 41 18 3.4353
20 42 1145 301.6577
20 43 464 99.5733
20 44 53 15.3397
20 45 19 3.4354
20 46 31 10.4724
20 47 84 17.8786
20 48 43 10.3187
20 49 97 18.4850
20 50 9 1.5821
20 51 328 72.4740
20 52 42 10.6478
20 53 10 1.7700
20 57 1 0.2011
20 58 1 0.0111
20 59 9 1.8867
20 60 18 3.4219
20 61 423 121.7382
20 62 12 2.6329
20 63 57 12.2708
20 64 23 7.8039
20 65 70 14.8206
20 67 37 9.9529
20 68 349 96.8459
20 69 38 8.6587
20 70 58 12.6429
20 71 16 4.0144
20 72 322 73.1902
20 73 25 6.1197
20 74 4 0.7414
20 75 92 16.4815
20 76 2 0.3707
20 77 2 0.3771
20 78 112 25.1758
20 79 6 1.9199
20 80 4 0.9272
20 81 2 0.3803
20 82 6 1.3534
20 83 17 3.7716
20 84 26 4.1457
20 85 26 7.6696
20 86 267 63.4758
20 87 14 3.6343
20 88 74 14.0728
20 89 30 5.4382
20 90 17 3.4643
20 91 1 0.1648
20 92 2 0.3750
20 95 28 4.8251
20 96 18 4.9249
20 97 26 8.5450
20 98 22 4.2290
20 99 14 2.8965
20 100 2 0.5656
20 101 15 2.7418
20 102 4 0.6228
20 103 24 4.9811
20 104 6 1.9086
20 105 12 2.2141
20 106 2 0.2777
20 107 166 37.0669
20 108 26 6.2850
20 109 6077 1926.8085
20 110 45 13.2347
20 111 125 28.3741
20 112 11 1.9495
20 113 9 1.5977
20 114 1 0.1673
20 115 53 11.9179
20 116 734 195.1327
20 117 33 7.7258
20 118 612 134.4406
20 120 3 0.8571
20 121 126 34.3803
20 122 9 1.8697
20 124 46 12.9364
20 126 51 11.9169
20 127 3 0.5313
20 128 26 5.1612
20 129 1138 293.8338
20 130 1 0.2401
20 131 23 4.4450
20 132 58 15.7249
20 133 39 7.8761
20 134 11 2.3624
20 135 160 41.9755
20 136 51 9.5346
20 137 4 0.7695
20 138 74 16.8377
20 139 2 0.3190
20 140 6 1.3137
20 142 10 3.4686
20 143 237 51.6866
20 144 42 11.4970
20 145 336 75.3167
20 146 21 3.8460
20 147 188 46.1063
20 148 39 12.6217
20 149 1 0.1714
20 150 445 118.0067
20 151 2 0.3137
20 152 4 0.6633
20 153 24 6.6809
20 154 83 21.6980
20 155 1 0.1633
20 156 201 45.7240
20 158 29 5.2165
20 159 1 0.2714
20 161 9 2.2167
20 162 1 0.1573
20 163 24 8.3093
20 164 563 134.6438
20 165 102 22.5195
20 166 7 1.2375
20 167 44 9.6336
20 168 1 0.2470
20 169 334 85.7533
20 170 8 1.8968
20 171 15 3.4077
20 172 8 1.4849
20 174 62 10.9158
20 175 13 2.3076
20 176 55 11.9607
20 177 347 81.7283
20 178 58 12.9623
20 180 20 7.5788
20 181 163 33.9240
20 182 15 2.5790
20 183 36 8.1905
20 184 15 2.2980
20 185 45 11.3027
20 186 23 4.2798
20 187 375 95.5060
20 189 25 4.7594
20 190 32 8.1022
20 191 49 12.6446
20 192 75 17.4495
20 193 2 0.2555
20 194 3 0.4774
20 196 324 71.8315
20 197 5 0.9366
20 198 17 3.1480
20 199 54 12.1900
20 200 5 1.0052
20 201 47 9.9745
20 202 22 5.6874
20 204 34 5.7666
20 205 11 2.5480
20 206 35 12.1094
20 208 23 4.6143
20 209 1 0.1480
20 210 1044 239.8505
20 211 15 3.0818
20 212 3 0.5337
20 213 626 187.8727
20 214 31 8.1851
20 215 132 31.5442
20 216 21 6.7651
20 217 41 12.1059
20 218 2 0.5014
20 219 1 0.2280
20 220 36 8.9039
20 221 10 2.2293
20 222 3 0.5549
20 223 63 14.2805
20 224 19 4.5730
20 225 201 44.3913
20 226 1 0.2406
20 227 779 170.8826
20 228 121 30.1427
20 229 15 3.3244
20 230 24 6.1720
20 231 117 27.3695
20 232 3 0.5568
20 233 13 2.8619
20 234 2 0.3886
20 236 14 3.0678
20 237 5 0.9419
20 238 12 2.5715
20 239 17 3.8170
20 240 11 2.0958
20 241 29 6.9445
20 242 13 2.5048
20 244 9 2.9563
20 245 7 1.1964
20 246 5 0.9520
20 247 1 0.2282
20 248 149 42.9906
20 249 128 24.1196
20 250 52 10.0468
20 251 1 0.1378
20 252 14 2.2962
20 253 46 10.7716
20 254 18 3.5517
20 255 210 59.2207
20 256 31 8.9249
20 257 237 60.7611
20 258 56 11.0510
20 259 23 4.7114
20 260 1 0.1749
20 261 579 152.3645
20 262 342 79.3737
20 263 26 4.7633
20 264 1 0.1931
20 265 11 2.0682
20 266 21 4.9099
20 267 14 3.6695
20 268 6 1.0522
20 270 3 0.6560
20 271 7 1.5713
20 272 67 17.5228
20 273 11 1.9686
20 274 1010 274.8514
20 275 205 53.3237
20 276 14 2.8652
20 277 1 0.2467
20 278 86 20.4661
20 279 72 14.2279
20 280 2 0.3623
20 281 23 5.5129
20 282 306 88.8240
20 283 2 0.4055
20 284 5 0.8641
20 285 5 0.9498
20 286 69 14.8272
20 287 64 12.8964
20 288 21 3.8651
20 289 7 1.0148
20 290 87 20.5503
20 292 1750 470.2842
20 294 10 1.8282
20 295 38 12.5139
20 296 250 44.9309
20 297 10 1.6437
20 298 1 0.1322
20 299 7 1.6046
20 300 13 2.3545
20 301 5 1.1090
20 302 13 2.2136
20 304 40 10.3053
20 305 146 25.4799
20 306 33 7.8314
20 307 828 160.0629
20 308 1 0.2744
20 309 368 105.3389
20 310 2 0.3557
20 311 3 0.4799
20 312 4 0.8234
20 313 47 11.4206
20 314 608 150.4623
20 315 29 5.5096
20 317 518 135.7441
20 318 15 2.7171
20 320 161 29.6857
20 321 9 1.8805
20 322 31 6.7628
20 324 6 0.9918
20 325 31 6.6864
20 326 13 4.4144
20 327 42 10.9721
20 328 11 3.4465
20 329 126 27.4762
20 330 5 1.1194
20 331 43 10.1630
20 332 52 11.2012
20 333 65 19.9858
20 334 25 4.9917
20 335 160 31.5078
20 336 43 13.5374
20 337 44 11.5047
20 338 104 20.1021
20 339 81 18.5101
20 340 63 18.2131
20 341 21 4.6370
20 342 5 1.0091
20 343 23 4.2019
20 344 34 8.8663
20 345 85 17.2095
20 347 35 6.8679
20 348 26 5.8993
20 349 31 5.3128
20 350 4 0.7317
20 351 2478 499.9947
20 352 577 138.6917
20 353 26 5.6098
20 354 17 3.1433
20 355 34 10.2740
20 357 24 5.3218
20 358 1 0.1631
20 359 943 244.6325
20 360 455 109.8097
20 361 10 1.6266
20 362 67 14.5976
20 363 20 4.0715
20 364 1 0.1609
20 365 38 9.4086
20 367 13 2.6625
20 368 2 0.3666
20 369 63 11.4167
20 370 453 127.3334
20 371 6 0.9383
20 372 59 12.5703
20 374 3 0.4254
20 376 52 11.3086
20 378 126 38.8700
20 379 5 1.0546
20 380 37 8.4169
20 381 7 1.6779
20 382 31 5.3966
20 383 47 7.2898
21 0 11 1.9357
21 1 64 12.7038
21 2 34 10.8454
21 3 168 35.4638
21 4 2 0.2561
21 5 95 17.8559
21 6 52 10.7265
21 7 8 1.8333
21 8 345 68.9815
21 9 210 45.1482
21 10 7 1.8974
21 11 279 63.3449
21 12 27 5.1678
21 13 5 1.2474
21 14 4 0.9207
21 15 932 280.3584
21 16 18 3.7242
21 17 10 1.4896
21 18 567 135.4837
21 19 26 4.9783
21 20 65 12.3714
21 21 43 9.8228
21 22 334 75.8454
21 24 662 151.4410
21 26 12 2.3677
21 27 5 1.7260
21 29 56 11.5482
21 30 74 15.8878
21 31 336 69.3134
21 33 128 32.2282
21 34 7 1.4767
21 35 6 1.4215
21 36 51 12.1868
21 37 86 16.8494
21 38 27 7.1366
21 39 16 3.1773
21 40 37 9.0385
21 41 8 2.4252
21 42 707 194.1359
21 43 8 1.6389
21 44 37 7.0163
21 45 6 1.1386
21 46 171 38.2987
21 47 35 8.0180
21 48 24 4.6034
21 49 14 3.0238
21 50 332 78.3034
21 51 174 44.0922
21 52 75 17.8395
21 54 1027 325.8102
21 55 46 12.3558
21 56 30 6.8555
21 57 7 1.5341
21 58 283 85.1248
21 59 298 64.4728
21 60 52 13.2963
21 61 106 30.2446
21 62 62 22.2578
21 63 19 4.2206
21 64 1 0.2051
21 65 1 0.1963
21 66 84 15.3393
21 67 41 7.9783
21 68 6 1.0446
21 69 5 0.9300
21 70 355 87.9939
21 71 4 0.7435
21 72 176 41.6881
21 73 42 8.8403
21 76 32 9.0956
21 77 247 67.6879
21 78 3 0.5275
21 79 7 1.1965
21 80 11 2.1918
21 81 60 11.3543
21 82 109 21.7539
21 83 2 0.4511
21 84 26 4.9383
21 86 7 1.2586
21 87 24 4.9553
21 88 82 22.8391
21 89 2226 606.4165
21 90 2 0.3882
21 91 8 1.7576
21 92 4 0.7491
21 93 40 8.5729
21 95 22 4.3979
21 96 9 1.5928
21 97 15 3.6832
21 98 14 3.3770
21 99 39 12.7729
21 100 159 49.7500
21 101 15 4.2296
21 102 27 7.3880
21 103 36 7.3313
21 104 26 8.9155
21 105 45 8.5190
21 106 163 39.4894
21 107 16 3.4492
21 108 75 19.8936
21 109 14 2.4930
21 110 43 8.1772
21 111 4 0.7441
21 112 251 75.2723
21 114 56 10.6037
21 115 72 20.5969
21 116 52 18.8717
21 117 610 187.5630
21 118 42 7.5418
21 119 2 0.3335
21 120 216 55.0451
21 121 104 24.9559
21 122 48 9.1836
21 123 10 2.1512
21 124 37 11.0860
21 125 23 5.5003
21 126 64 12.4096
21 127 10 1.7823
21 128 10 1.9817
21 129 13 2.5513
21 130 345 92.5321
21 131 102 24.3755
21 132 11 2.6069
21 133 5 0.8486
21 134 377 106.3752
21 135 364 101.0963
21 136 114 24.5906
21 137 347 68.4404
21 138 86 16.6678
21 139 360 68.2354
21 140 56 10.3332
21 141 60 13.9296
21 142 59 11.0878
21 143 83 16.7721
21 145 28 5.2203
21 146 26 4.9956
21 147 8 1.4081
21 148 5 1.2669
21 149 1 0.2337
21 150 45 8.9337
21 151 249 62.3594
21 152 2 0.4772
21 153 1 0.1101
21 154 2 0.4263
21 155 28 6.6490
21 156 16 2.8663
21 157 80 16.3869
21 158 197 45.6069
21 159 260 66.4985
21 160 269 64.9661
21 161 79 16.2314
21 162 2 0.4240
21 163 884 298.9255
21 164 41 10.6054
21 165 88 26.8774
21 166 1 0.2065
21 167 14 3.0922
21 168 361 83.9797
21 169 1 0.1731
21 171 90 16.9119
21 172 15 3.9603
21 173 25 4.3530
21 175 31 7.8272
21 176 58 15.0235
21 177 3 0.3375
21 178 3 0.4840
21 179 48 11.0155
21 180 6 1.1256
21 181 437 93.9540
21 182 41 7.5936
21 183 34 6.5345
21 184 1666 449.1794
21 185 45 12.7691
21 186 29 6.5922
21 187 149 38.3048
21 188 499 133.7207
21 189 3 0.4645
21 190 18 3.5531
21 191 56 12.8222
21 192 312 89.1687
21 193 11 2.1014
21 194 68 16.2248
21 195 14 3.1003
21 196 12 2.3722
21 197 31 7.7886
21 198 2 0.2941
21 199 12 3.1579
21 200 244 70.5161
21 201 68 12.5137
21 202 36 6.9788
21 203 17 3.1419
21 205 225 45.5127
21 206 125 29.4189
21 208 443 84.1134
21 209 10 2.6817
21 210 735 174.0975
21 211 8 1.1537
21 212 1 0.2280
21 213 1 0.2240
21 214 71 14.8064
21 215 62 19.3309
21 218 1 0.1429
21 219 14 2.8623
21 220 16 2.7392
21 223 7 1.1646
21 224 107 21.7825
21 225 174 35.2863
21 226 22 5.8567
21 227 108 23.3520
21 228 51 10.5734
21 229 20 4.7341
21 230 30 5.6511
21 231 45 10.9632
21 232 83 16.0984
21 233 51 12.1216
21 234 649 163.8486
21 235 2 0.3190
21 236 59 14.6393
21 237 40 9.4963
21 238 5 1.0317
21 239 67 13.9292
21 240 19 4.4813
21 242 2 0.4713
21 243 165 43.6500
21 244 6 1.2882
21 246 9 1.7245
21 247 38 9.8596
21 248 22 4.0183
21 249 17 2.7595
21 250 28 8.7425
21 251 1492 354.7335
21 252 24 5.6130
21 254 82 19.5211
21 255 30 5.5193
21 256 2 0.3687
21 257 3753 1181.3111
21 258 26 5.9581
21 259 2 0.2669
21 260 31 8.8805
21 261 18 2.8542
21 262 3 0.3851
21 263 35 10.9622
21 264 22 4.8278
21 265 14 3.3766
21 266 2 0.4035
21 267 2 0.3195
21 268 22 4.6048
21 269 599 162.4351
21 270 93 24.1106
21 271 1 0.1684
21 272 30 6.4040
21 273 3 0.6159
21 274 200 47.1671
21 275 77 21.1218
21 276 65 12.5817
21 277 34 6.7950
21 278 62 13.5204
21 280 163 35.6230
21 281 28 5.7444
21 282 755 159.2240
21 283 8 1.4380
21 284 53 11.3552
21 285 120 25.2888
21 286 133 33.6802
21 287 14 2.3009
21 288 2 0.3588
21 289 69 17.2639
21 290 29 5.6538
21 291 2 0.3754
21 292 42 7.7162
21 293 35 6.9438
21 294 2 0.4371
21 296 69 13.9349
21 297 5 0.8903
21 298 4 0.6343
21 299 77 20.7023
21 300 19 5.1907
21 301 40 8.4242
21 304 42 8.3082
21 305 23 4.5979
21 306 19 3.0792
21 308 25 4.0789
21 309 141 28.7432
21 310 55 10.7348
21 311 37 7.2921
21 312 27 8.1467
21 313 15 3.1499
21 314 2 0.3626
21 315 57 18.7670
21 316 7 1.1789
21 317 157 31.3674
21 318 18 5.5493
21 319 163 39.8296
21 320 5 4.2543
21 321 3 0.6136
21 322 55 11.1226
21 323 6 1.2347
21 324 186 46.6037
21 325 13 2.3843
21 326 13 2.4290
21 327 3120 679.9682
21 329 200 48.8019
21 330 93 16.8224
21 331 18 3.3179
21 332 1 0.1725
21 334 19 3.8974
21 335 159 41.2275
21 336 21 5.4551
21 337 126 28.3448
21 338 56 11.0924
21 339 21 2.9132
21 340 4 1.0846
21 341 232 54.6540
21 342 12 2.3102
21 343 12 4.8368
21 344 6 0.9113
21 345 2 0.4174
21 346 103 19.2850
21 347 109 27.0395
21 349 240 56.7191
21 350 16 6.8286
21 351 138 28.8229
21 352 12 2.2786
21 353 36 9.0486
21 354 5 1.0341
21 355 40 7.8886
21 356 97 23.1640
21 357 101 23.5558
21 358 378 94.9871
21 359 21 3.7414
21 361 24 4.5391
21 362 1 0.1551
21 363 2 0.3764
21 364 17 3.4752
21 365 15 4.9360
21 367 184 42.2916
21 368 387 80.0583
21 369 181 36.5429
21 370 13 1.9368
21 371 18 4.4289
21 372 24 6.7487
21 373 1415 316.6969
21 374 33 7.2674
21 375 256 56.8190
21 376 13 2.7215
21 377 19 3.8586
21 378 27 5.0453
21 379 86 20.1792
21 380 216 46.0704
21 381 119 45.4389
21 382 68 15.5164
21 383 7 1.6129
22 0 3 0.8827
22 1 22 5.7390
22 2 105 21.5717
22 3 55 10.3078
22 4 37 7.6091
22 5 6 0.8967
22 6 813 178.0029
22 7 66 17.0941
22 8 4 0.7785
22 9 297 85.3260
22 10 82 16.6747
22 11 3 0.4738
22 12 20 4.2476
22 13 15 3.1906
22 14 6 1.2080
22 16 7 1.2033
22 17 1 0.1684
22 18 97 26.3289
22 19 16 4.9289
22 21 28 5.2022
22 22 15 2.6936
22 23 28 6.8036
22 24 5 1.1132
22 25 4 0.8313
22 26 53 9.7996
22 27 34 6.8916
22 28 40 9.1855
22 29 23 4.2137
22 30 5 0.8731
22 32 24 5.4890
22 33 42 7.3438
22 34 48 11.3563
22 35 9 1.5173
22 36 98 22.7496
22 38 3 0.5463
22 39 113 21.1321
22 40 12 2.0249
22 41 1 0.1632
22 42 108 20.0298
22 44 836 222.3861
22 45 3 0.5018
22 46 6 1.1017
22 47 7 1.2421
22 48 15 4.1445
22 49 2 0.2417
22 50 182 45.5318
22 51 2 0.7230
22 52 527 133.0472
22 53 751 196.2342
22 54 222 52.2480
22 55 3 0.5526
22 56 5 1.4243
22 57 195 37.8208
22 58 7 2.0628
22 59 11 1.8203
22 60 203 55.8418
22 61 50 10.1114
22 62 305 60.9435
22 63 75 18.8980
22 64 2 0.2943
22 66 1 0.2417
22 67 73 15.8463
22 68 223 44.7863
22 69 775 147.3723
22 70 22 5.2829
22 72 242 48.7764
22 73 111 31.6788
22 74 111 24.8526
22 75 6 1.0305
22 76 1 0.1987
22 77 35 7.2165
22 78 147 27.7307
22 79 22 4.1221
22 80 76 22.2722
22 81 16 3.0361
22 82 40 6.7036
22 83 27 6.7643
22 84 1071 330.2743
22 85 101 28.0878
22 86 78 19.1236
22 87 822 230.3022
22 88 1 0.1565
22 89 8 2.7117
22 90 88 23.5923
22 91 19 4.8461
22 92 4 0.6316
22 93 46 7.5729
22 95 20 4.2367
22 96 19 6.0247
22 97 16 4.3309
22 99 98 19.8468
22 100 65 11.6824
22 101 48 9.1221
22 102 2 0.3184
22 104 8 1.8252
22 105 9 1.4367
22 106 2 0.3026
22 107 3116 842.1636
22 108 24 5.3618
22 109 29 5.8548
22 110 161 40.3436
22 111 56 14.0005
22 112 120 24.1644
22 113 16 3.1714
22 114 25 5.1119
22 115 9 1.6235
22 116 34 5.8456
22 117 20 3.6690
22 118 1546 453.0277
22 120 12 2.4457
22 121 337 74.9051
22 123 12 3.4392
22 125 238 61.2169
22 126 27 6.6273
22 127 158 28.0314
22 128 150 51.5099
22 129 2 0.5234
22 130 170 39.7023
22 131 244 45.6233
22 132 118 22.9471
22 133 169 35.4995
22 134 25 6.8778
22 135 1 0.1665
22 136 18 3.6292
22 137 21 4.5227
22 138 28 6.8562
22 139 43 8.4631
22 140 867 163.2872
22 141 90 26.8401
22 142 1 0.1265
22 144 90 16.9276
22 145 51 12.4542
22 146 88 26.6653
22 147 67 12.7610
22 148 28 5.9731
22 149 4 1.2341
22 150 14 2.7142
22 151 70 13.7168
22 152 32 7.5408
22 153 33 8.1326
22 154 179 33.8033
22 155 179 40.2916
22 156 98 24.4117
22 157 12 2.4786
22 158 315 80.7559
22 159 431 94.7547
22 160 11 2.8214
22 161 4 0.8940
22 162 17 3.3646
22 163 16 3.0573
22 166 24 4.5117
22 167 295 71.0736
22 168 22 4.4461
22 169 63 11.8496
22 170 5 1.2925
22 171 13 2.8424
22 172 181 40.9148
22 173 62 16.0008
22 174 21 4.1716
22 175 4 0.8574
22 176 11 2.9835
22 177 36 7.4501
22 178 92 17.8870
22 179 211 42.3820
22 180 206 57.3362
22 181 7 1.3245
22 182 356 73.3269
22 183 21 3.9240
22 184 182 70.8087
22 185 90 16.6704
22 186 98 19.5672
22 188 8 1.8356
22 189 39 7.0131
22 190 2 0.3873
22 191 10 1.7462
22 192 48 13.8759
22 193 213 40.4695
22 194 1 0.1388
22 195 30 7.1857
22 196 2 0.3543
22 197 3 0.6007
22 198 36 7.5155
22 199 18 5.5246
22 200 21 4.6232
22 201 1 0.2096
22 202 16 2.9973
22 203 3 0.6194
22 204 24 5.8711
22 205 40 7.9478
22 206 292 80.9422
22 207 24 6.4402
22 208 73 13.7438
22 209 7 1.7249
22 210 365 78.8553
22 211 28 5.6880
22 212 2 0.4261
22 213 27 4.9258
22 214 115 23.1026
22 215 74 13.9653
22 216 19 5.1660
22 217 3 0.6974
22 218 5 1.2828
22 219 71 17.0679
22 220 10 2.3960
22 221 207 41.3699
22 223 1 0.1641
22 224 1 0.1187
22 225 218 57.0911
22 226 49 10.9496
22 227 27 5.3242
22 228 2523 686.5180
22 229 3 0.4644
22 230 172 34.3144
22 231 11 2.4550
22 232 16 3.9696
22 233 385 114.6529
22 234 250 53.0056
22 235 295 82.9554
22 236 345 101.2420
22 237 2 0.3571
22 238 226 45.0864
22 239 25 5.3231
22 240 1 0.2245
22 241 26 6.9083
22 242 14 3.9326
22 243 3 0.4837
22 244 10 2.1622
22 245 34 6.1162
22 246 22 3.9594
22 247 1 0.2356
22 248 21 3.8402
22 249 3 0.8034
22 250 387 121.3494
22 251 5 0.9985
22 252 4 0.7635
22 253 149 49.3052
22 254 3 0.8091
22 255 1 0.2262
22 256 81 22.9764
22 257 37 7.9489
22 258 14 2.4407
22 259 111 28.1506
22 260 38 6.9322
22 261 83 16.0566
22 263 132 26.8086
22 264 155 43.0884
22 265 25 6.0193
22 266 25 6.0329
22 267 18 3.7978
22 268 27 4.8715
22 269 48 10.6770
22 271 52 10.0884
22 272 182 51.2841
22 273 20 5.4620
22 274 21 3.8917
22 275 19 3.4064
22 276 2 0.4546
22 277 486 144.6281
22 278 98 20.5639
22 279 113 33.9235
22 280 11 3.2147
22 281 29 5.0437
22 282 33 7.5147
22 284 29 5.4290
22 285 5 1.0844
22 286 103 24.0607
22 287 131 27.2721
22 288 14 2.5020
22 289 21 3.7542
22 290 90 16.5860
22 291 1 0.1224
22 292 2 0.4583
22 293 91 18.1931
22 294 35 6.3872
22 295 195 50.8573
22 296 181 34.1548
22 297 14 3.0468
22 298 14 2.3110
22 299 6 1.2861
22 300 15 4.2569
22 301 9 1.5548
22 302 207 45.8172
22 303 58 11.4833
22 304 15 3.0223
22 305 1 0.1251
22 306 11 1.6796
22 307 13 2.1612
22 308 15 2.6573
22 309 39 8.2708
22 311 21 5.6571
22 312 11 2.1947
22 313 158 34.2061
22 314 132 28.5355
22 315 2 0.2916
22 316 56 10.8355
22 317 31 7.6925
22 318 29 7.7067
22 319 22 5.0901
22 320 248 49.6248
22 321 17 3.5515
22 322 10 1.8499
22 323 1 0.2010
22 324 6 1.1747
22 325 5 1.0226
22 326 231 47.1590
22 327 73 14.2531
22 328 14 2.6661
22 329 9 2.1863
22 330 241 52.1002
22 331 4 0.8631
22 332 1 0.1272
22 333 9 1.5976
22 334 232 69.4892
22 335 2990 837.9316
22 336 16 4.0029
22 337 168 33.7886
22 338 44 11.1248
22 339 10 1.3769
22 340 21 5.4220
22 341 47 9.0817
22 342 210 42.2158
22 343 9 1.8264
22 344 296 72.4996
22 345 34 5.9217
22 346 1 0.1676
22 347 100 18.9700
22 348 49 11.0498
22 349 25 4.5822
22 350 434 113.9166
22 351 181 33.9554
22 352 5 0.8257
22 353 13 2.2674
22 354 803 240.6573
22 355 6 1.1094
22 356 26 4.9383
22 357 9 1.8967
22 358 33 6.5362
22 359 8 1.6890
22 360 22 5.7006
22 362 21 6.1093
22 363 100 20.1003
22 364 581 184.5120
22 365 30 7.7541
22 366 20 4.7086
22 367 45 13.0922
22 368 74 12.8898
22 369 19 3.4401
22 370 14 2.1901
22 371 249 60.8025
22 372 17 4.2490
22 373 2621 670.4460
22 374 36 7.6388
22 375 30 7.6542
22 376 223 45.7042
22 377 111 20.8002
22 378 2 0.4390
22 379 42 7.9360
22 380 554 151.3464
22 381 709 222.1153
22 382 3 0.5813
22 383 235 47.9337
23 0 40 6.7933
23 1 49 8.7675
23 2 10 1.7535
23 3 22 4.0647
23 4 295 51.9832
23 5 69 16.7845
23 6 103 29.8574
23 7 8 1.6511
23 8 3 0.6247
23 9 46 8.3404
23 10 60 16.1583
23 11 36 8.0162
23 12 70 15.7465
23 13 23 6.6633
23 14 27 4.7926
23 15 27 7.4897
23 16 66 16.2502
23 17 618 146.9726
23 18 13 3.3630
23 19 35 6.6146
23 20 181 34.0861
23 21 5 0.8118
23 22 10 1.7819
23 23 15 2.5291
23 24 25 7.9587
23 25 168 36.3033
23 26 140 27.9423
23 27 266 87.1532
23 28 16 3.0424
23 29 1403 372.3533
23 30 9 1.8449
23 32 29 7.1143
23 33 35 6.0369
23 34 2 0.3745
23 35 61 10.4403
23 36 1 0.1849
23 37 73 13.1252
23 38 43 7.1912
23 40 563 241.3602
23 41 142 26.5359
23 42 24 7.6491
23 43 106 18.9441
23 44 14 4.8192
23 45 53 12.1650
23 46 77 13.8354
23 47 26 4.8861
23 48 835 248.5407
23 49 12 3.0939
23 50 124 22.2406
23 51 62 11.5177
23 52 22 6.4225
23 53 38 7.1914
23 54 81 19.9796
23 55 34 7.1150
23 56 15 4.7430
23 57 301 94.1844
23 58 2 0.3542
23 59 7 1.6982
23 60 3 0.4323
23 61 46 8.3566
23 62 24 7.6402
23 63 4 0.4731
23 64 150 41.7754
23 65 1 0.2370
23 66 41 11.9053
23 67 104 26.8767
23 68 109 27.3128
23 69 55 13.6093
23 70 5 1.1167
23 71 4 0.8907
23 72 71 12.3932
23 73 86 15.8515
23 74 22 4.0583
23 75 65 20.8562
23 76 209 53.0980
23 77 11 1.9790
23 78 24 8.2067
23 79 10 2.8799
23 80 49 11.1884
23 81 13 2.1979
23 82 41 9.0749
23 83 1 0.1139
23 84 26 4.7020
23 85 42 7.8709
23 86 75 20.5423
23 87 10 3.4524
23 88 28 9.3114
23 89 5 1.2702
23 90 90 15.9120
23 91 460 89.9975
23 92 128 32.0735
23 93 77 17.4205
23 94 103 22.7694
23 95 85 24.2399
23 96 35 6.2143
23 97 1960 430.9230
23 98 46 8.5155
23 99 28 5.0711
23 100 76 16.5489
23 101 44 8.3394
23 102 19 2.8780
23 103 119 27.0367
23 104 25 4.7267
23 105 15 2.3769
23 106 396 76.3017
23 107 26 4.3350
23 108 101 17.6042
23 109 32 8.5006
23 110 691 215.5418
23 111 1 0.2166
23 112 9 2.2690
23 113 607 199.1335
23 114 11 2.6851
23 115 41 10.3143
23 116 54 12.6145
23 117 10 1.7685
23 118 57 11.8067
23 119 26 7.3311
23 120 48 8.4513
23 121 335 112.5907
23 122 19 3.1820
23 123 59 12.3436
23 124 8 1.2275
23 125 20 5.1255
23 126 52 9.9711
23 127 14 3.1732
23 128 331 65.2424
23 129 74 14.8532
23 130 30 5.1913
23 131 453 125.2407
23 132 88 20.8985
23 133 82 16.7991
23 134 47 10.8141
23 135 108 24.1961
23 136 3 0.5041
23 137 158 29.8768
23 139 42 12.2884
23 140 2 0.5313
23 141 8 1.4085
23 142 49 9.0529
23 143 54 14.9062
23 144 26 5.5938
23 145 5 0.6886
23 146 10 2.6478
23 147 195 40.6699
23 148 23 7.5928
23 149 411 122.1218
23 150 40 8.7687
23 151 223 58.6608
23 152 684 201.0073
23 153 189 33.7613
23 154 353 99.5069
23 155 32 7.0807
23 156 22 6.2763
23 157 22 6.9659
23 159 4 0.6239
23 160 108 23.7341
23 162 41 8.2158
23 163 47 11.4985
23 164 139 38.9235
23 165 19 3.9292
23 166 25 5.9637
23 167 39 10.9689
23 168 30 5.3748
23 169 8 1.5311
23 170 16 4.1240
23 171 152 28.2438
23 172 20 6.4309
23 173 12 2.8631
23 174 98 16.9701
23 175 63 14.4362
23 176 36 6.0484
23 177 215 34.9186
23 178 3 0.9543
23 179 19 3.4893
23 180 108 20.7820
23 181 24 4.9074
23 182 28 4.8421
23 183 35 8.2835
23 184 18 3.6054
23 185 28 4.6286
23 186 18 3.4717
23 187 24 4.9276
23 188 70 22.4345
23 189 66 17.0002
23 190 25 5.2929
23 191 552 162.6398
23 192 23 5.5060
23 193 75 20.2934
23 194 1 0.0770
23 195 17 2.9215
23 196 146 95.5707
23 197 29 5.1197
23 198 26 6.1912
23 199 32 7.8128
23 200 3 0.5933
23 201 29 5.9429
23 202 17 2.7376
23 204 22 3.7715
23 205 2567 702.3240
23 206 202 39.8747
23 207 24 6.4417
23 208 532 165.8443
23 209 140 29.2122
23 210 135 25.5195
23 211 99 21.0477
23 212 53 14.1939
23 213 23 7.0370
23 214 357 81.9031
23 215 67 15.2043
23 216 33 9.8458
23 217 28 4.8882
23 218 47 12.9189
23 219 988 250.9077
23 220 93 19.3020
23 221 14 2.2075
23 222 34 12.0458
23 223 13 2.3434
23 224 797 161.5088
23 225 16 4.7715
23 226 66 12.1664
23 227 18 3.1736
23 228 1 0.1708
23 229 6 1.1025
23 230 10 2.6379
23 231 106 27.3684
23 232 3 0.4908
23 233 7 1.0642
23 235 44 8.4851
23 236 24 4.6492
23 237 6 1.3770
23 238 24 4.4712
23 239 13 2.0577
23 240 7 1.1182
23 242 65 13.9366
23 243 313 66.1675
23 244 1 0.3695
23 245 75 13.0048
23 247 74 17.1687
23 249 4 0.6417
23 250 10 2.6812
23 251 25 4.9634
23 253 1 0.1933
23 254 23 5.9638
23 255 382 68.9448
23 256 14 2.5544
23 257 238 45.0992
23 258 17 5.3640
23 259 37 6.6679
23 260 61 13.5437
23 261 13 1.9390
23 262 25 4.9764
23 263 27 6.4398
23 264 22 6.0023
23 265 38 6.6108
23 266 1253 323.9554
23 267 14 4.1965
23 268 78 17.9499
23 269 15 3.0905
23 270 14 2.4272
23 271 192 39.2604
23 272 5 0.8533
23 273 177 33.5647
23 274 24 3.7344
23 275 41 7.3940
23 276 20 3.1906
23 277 2186 612.2815
23 278 1 0.6631
23 279 42 14.8633
23 280 1 0.0882
23 281 13 3.0850
23 282 63 13.5897
23 283 182 42.4720
23 284 62 13.1990
23 285 122 25.2807
23 286 19 5.4177
23 287 29 7.4475
23 288 6 1.0889
23 290 16 4.0325
23 291 47 12.9635
23 292 104 19.9676
23 293 13 3.1678
23 294 266 79.4530
23 295 18 3.1672
23 296 15 5.1208
23 297 15 2.8713
23 298 21 8.1758
23 299 48 11.1273
23 300 77 16.7366
23 301 102 20.5941
23 302 463 112.4167
23 303 4 0.7768
23 304 40 9.7346
23 305 696 264.0712
23 306 52 9.4572
23 307 38 8.6271
23 308 14 2.1039
23 309 63 13.5201
23 311 37 6.5967
23 312 9 1.7814
23 313 150 58.2456
23 314 12 3.0978
23 315 76 14.6971
23 316 17 4.3616
23 317 117 24.8762
23 318 28 5.1590
23 319 37 13.2323
23 320 686 132.2591
23 322 916 292.2090
23 323 1 0.2195
23 324 61 11.4538
23 325 9 2.0503
23 326 52 9.8057
23 328 33 5.3678
23 329 237 64.6290
23 330 48 11.8458
23 331 102 26.6242
23 332 107 20.1058
23 333 73 17.9717
23 334 69 13.1620
23 335 72 13.9235
23 336 233 50.2892
23 337 5 0.7121
23 338 28 5.8609
23 339 19 5.8884
23 340 2 0.2469
23 341 12 1.9763
23 342 17 3.5705
23 343 21 5.3684
23 344 71 13.7095
23 345 148 27.7947
23 346 53 9.9198
23 347 59 10.8644
23 348 187 37.2556
23 349 27 6.3267
23 350 50 15.2198
23 351 4 0.7085
23 352 3 0.6792
23 353 26 4.6156
23 354 193 34.7983
23 355 42 8.3761
23 356 176 41.7800
23 357 106 25.4122
23 358 3589 837.8377
23 360 49 8.8217
23 361 48 10.5374
23 362 59 11.2305
23 363 41 8.9528
23 364 99 26.6977
23 365 24 6.9962
23 366 255 46.8528
23 367 149 28.2695
23 368 32 7.2566
23 370 350 102.8711
23 371 12 1.9858
23 372 177 73.4877
23 374 70 13.2532
23 375 113 23.5618
23 376 7 1.4480
23 377 47 9.1703
23 378 40 11.9117
23 379 10 1.5325
23 381 80 16.6033
23 382 134 25.7448
23 383 216 41.3177
24 0 25 6.7115
24 1 38 7.9979
24 2 231 53.2954
24 3 31 6.7728
24 4 23 5.4556
24 5 148 29.7084
24 6 189 45.1701
24 7 45 8.5595
24 8 75 13.5409
24 9 23 4.8812
24 10 810 182.8090
24 11 71 12.5206
24 12 20 3.9762
24 13 12 2.6382
24 14 14 3.7461
24 15 115 23.1807
24 16 68 13.6407
24 17 5 1.1044
24 19 23 4.3772
24 20 34 14.0114
24 21 1 0.1479
24 22 1649 414.2990
24 23 1 0.1646
24 24 26 5.8383
24 25 1 0.2207
24 26 12 2.0492
24 27 10 1.6871
24 28 28 6.4605
24 30 14 3.6305
24 31 23 6.0153
24 32 84 18.1560
24 33 205 44.9537
24 34 3 0.4490
24 35 19 3.3835
24 36 50 11.8239
24 37 230 46.2627
24 38 6 1.1313
24 39 239 49.1812
24 40 4 0.7743
24 41 451 119.0542
24 42 66 13.9841
24 43 349 72.6983
24 44 4 0.6963
24 45 33 6.8124
24 46 10 1.7997
24 47 555 165.7640
24 48 131 24.9718
24 50 5 0.9382
24 51 14 2.9938
24 52 29 6.0236
24 53 75 16.6711
24 54 48 9.9162
24 55 4 0.8104
24 56 5 1.4723
24 57 1264 334.9626
24 58 14 2.6350
24 59 2 0.3630
24 60 168 47.5369
24 61 7 1.6188
24 62 2 0.2897
24 63 50 11.7469
24 64 22 4.2757
24 66 720 183.6120
24 67 32 6.2345
24 68 21 3.8312
24 69 20 6.2161
24 70 10 4.7192
24 71 4 0.8359
24 72 85 16.7995
24 73 94 26.5409
24 74 3 0.4737
24 76 12 2.4686
24 78 20 3.6342
24 80 5 1.0321
24 81 1 0.1991
24 82 26 5.4224
24 83 67 13.0423
24 84 36 8.7200
24 85 1 0.1455
24 86 70 12.5066
24 87 292 71.5202
24 88 30 10.0879
24 90 44 7.8363
24 91 88 19.5828
24 92 261 56.4366
24 93 2 0.4169
24 94 2 0.3718
24 95 5 0.9290
24 96 165 32.6692
24 97 8 2.5473
24 98 35 9.6504
24 99 4 0.7159
24 100 52 10.1477
24 101 9 2.3654
24 103 97 22.6377
24 104 133 26.6889
24 105 448 142.5958
24 106 481 101.8313
24 107 50 9.0658
24 108 94 26.1381
24 109 33 8.3411
24 110 3 0.5401
24 111 1 0.2212
24 112 68 13.2331
24 113 34 8.0183
24 114 32 8.3611
24 115 37 9.5730
24 117 56 10.5561
24 118 15 4.5803
24 119 5 1.1109
24 120 15 3.5589
24 121 4 0.8174
24 122 227 72.7230
24 123 21 5.7735
24 124 80 15.9288
24 125 6 1.2627
24 126 9 1.4913
24 127 214 41.0890
24 128 6 1.3201
24 129 13 2.9245
24 130 34 7.6755
24 131 9 1.6400
24 132 112 30.8668
24 133 23 4.4838
24 134 133 26.5466
24 135 333 63.5986
24 136 34 7.9377
24 137 54 10.1040
24 138 609 155.8971
24 139 253 56.7833
24 140 3 0.4120
24 141 70 14.1436
24 143 3 0.6408
24 145 153 36.8228
24 146 336 73.4898
24 147 613 162.6828
24 148 62 13.8024
24 149 2 0.4172
24 150 352 89.0184
24 151 19 3.9348
24 152 1 0.2326
24 153 28 5.6142
24 154 142 28.2184
24 155 46 8.6460
24 156 57 13.5695
24 157 38 10.9575
24 158 134 28.7902
24 159 129 29.2521
24 160 19 5.0338
24 161 148 30.0163
24 162 561 159.2222
24 163 35 7.1113
24 164 38 9.9207
24 165 87 21.4988
24 166 38 9.4541
24 167 71 15.7310
24 168 39 8.1664
24 169 56 9.9273
24 170 7 1.8202
24 171 13 2.8831
24 172 4 0.6954
24 173 21 3.7225
24 174 19 4.2433
24 175 57 10.4347
24 176 16 4.3630
24 177 17 2.9632
24 178 15 2.9976
24 179 1 0.2107
24 180 18 3.1482
24 181 48 12.0970
24 182 18 3.4854
24 183 111 42.4729
24 184 30 5.2283
24 185 27 7.7369
24 186 2 0.3866
24 187 31 7.3943
24 189 176 41.2271
24 190 100 22.4150
24 191 493 126.2421
24 192 14 2.7027
24 193 94 18.2836
24 194 4 0.6122
24 195 40 7.6415
24 196 30 8.3963
24 197 17 3.1774
24 198 104 19.0939
24 199 84 21.0029
24 200 5 0.8584
24 201 37 8.8747
24 202 46 11.0822
24 203 11 3.0671
24 204 133 33.4462
24 206 18 3.6465
24 208 72 15.3974
24 209 27 5.0960
24 210 1 0.1649
24 211 28 5.4026
24 212 64 15.5328
24 213 254 59.7506
24 214 58 14.6967
24 215 8 1.4504
24 216 12 2.1360
24 218 37 7.6615
24 219 228 42.8862
24 220 22 4.3715
24 221 24 3.8678
24 222 62 12.3345
24 223 4217 1276.3562
24 224 31 7.2522
24 225 1287 289.0645
24 227 13 2.5422
24 228 21 3.6837
24 229 35 7.3464
24 230 15 2.8988
24 231 68 13.4086
24 232 377 77.9910
24 233 353 119.4582
24 234 5 1.0828
24 235 7 1.1121
24 236 10 1.8116
24 237 166 33.0789
24 238 42 8.1217
24 239 1 0.2375
24 240 31 6.6164
24 241 112 27.9764
24 242 2 0.3944
24 243 31 6.9705
24 244 90 25.2375
24 245 11 1.8760
24 246 64 13.3108
24 247 16 4.2491
24 249 660 137.1038
24 250 23 5.7993
24 251 2 0.4703
24 252 1828 475.7698
24 253 192 43.0686
24 254 15 2.8773
24 255 118 22.1930
24 257 53 11.8879
24 258 6 1.1925
24 259 9 1.6118
24 260 2 0.3530
24 261 4 0.6484
24 262 43 10.5106
24 263 68 13.1886
24 264 71 13.9803
24 265 47 9.1016
24 266 353 77.9486
24 268 2 0.3285
24 269 14 3.2039
24 271 1 0.2228
24 272 19 5.7885
24 273 83 15.1915
24 274 19 3.7135
24 275 321 82.7516
24 276 26 4.8468
24 277 9 1.8655
24 278 840 226.1344
24 281 421 107.7007
24 282 30 6.2336
24 283 721 152.5238
24 284 205 54.2032
24 285 122 33.4698
24 286 6 1.1416
24 287 39 7.8066
24 289 1 0.0877
24 290 90 22.8776
24 291 66 16.1333
24 292 51 10.5081
24 293 5 1.0485
24 294 22 5.1682
24 295 5 1.3096
24 296 69 13.4959
24 297 23 4.9469
24 298 11 2.1650
24 299 31 7.5156
24 300 77 15.6265
24 302 2 0.4836
24 303 19 3.7059
24 304 45 9.8569
24 306 7 1.4901
24 307 22 4.0462
24 308 10 1.6254
24 309 4 0.6886
24 311 235 46.2842
24 313 230 62.8731
24 314 110 23.1732
24 315 82 16.3275
24 316 19 3.8695
24 317 106 23.8645
24 318 40 9.0921
24 319 8 1.7424
24 320 74 17.5545
24 321 801 287.2594
24 322 24 4.5808
24 323 30 7.3465
24 324 129 25.6773
24 325 14 2.7047
24 326 388 101.2654
24 328 4 0.8838
24 329 3 0.4215
24 330 5 0.8316
24 331 68 12.9320
24 332 1977 558.3419
24 333 92 17.4577
24 334 12 2.2096
24 335 5 1.0060
24 336 50 9.9385
24 337 29 6.4001
24 338 116 22.5580
24 339 13 5.9223
24 341 3 0.7237
24 342 21 7.4680
24 343 60 12.7384
24 344 12 3.0929
24 345 34 7.0485
24 346 3914 982.3879
24 347 24 4.5737
24 348 43 9.6055
24 349 1 0.2262
24 351 19 5.4372
24 353 356 102.7666
24 354 23 4.5737
24 355 64 12.3935
24 356 46 9.0989
24 358 228 61.3407
24 359 62 12.0033
24 360 1 0.1063
24 362 16 5.1201
24 363 23 6.7616
24 364 3 1.3126
24 365 112 23.0949
24 366 15 3.8676
24 367 218 70.8586
24 368 65 17.1335
24 369 106 21.3290
24 370 6 1.1210
24 372 41 8.4185
24 373 3 0.4892
24 374 3 0.5290
24 375 17 4.4998
24 376 12 2.3211
24 377 12 2.9019
24 378 87 16.1162
24 379 53 9.5278
24 380 1 0.2307
24 381 1 0.2318
24 382 65 13.7438
24 383 618 155.3398
25 0 5 0.9015
25 1 11 2.7380
25 2 3 0.3027
25 3 11 2.4010
25 4 158 30.3302
25 5 174 59.1445
25 7 786 189.7270
25 8 1 0.1911
25 9 1 0.1963
25 11 21 5.6614
25 12 25 4.0978
25 13 12 2.3368
25 14 3 0.4535
25 15 389 117.8338
25 16 136 27.3040
25 17 7 1.0282
25 18 32 6.5021
25 20 306 74.1673
25 21 58 16.7715
25 23 310 67.3113
25 24 9 1.8716
25 25 19 3.0085
25 26 4 0.7644
25 27 6 0.9608
25 29 25 3.7562
25 30 7 1.0676
25 32 83 16.6961
25 33 249 77.4073
25 34 30 8.9017
25 35 7 1.1598
25 36 28 6.1805
25 37 60 12.7136
25 38 9 1.7792
25 40 9 1.9570
25 41 57 11.2602
25 42 42 8.2751
25 43 87 17.5375
25 45 10 1.9310
25 47 190 48.7495
25 51 54 10.9506
25 53 2 0.4025
25 54 54 11.8485
25 55 168 37.0406
25 56 19 3.9986
25 57 1 0.1197
25 58 164 36.3619
25 59 68 13.7478
25 60 48 9.2722
25 61 8 1.4447
25 62 166 29.1929
25 63 44 15.7505
25 64 17 3.0654
25 65 3 0.5966
25 66 101 20.1272
25 67 414 85.1812
25 68 2 0.3309
25 71 4 0.6181
25 72 1 0.1696
25 73 32 7.2522
25 74 26 5.2937
25 75 810 205.0600
25 76 1 0.1969
25 77 31 7.8208
25 80 5 0.7828
25 81 16 2.9358
25 82 90 17.9867
25 83 127 26.7191
25 86 679 138.9947
25 87 6 1.0043
25 89 81 17.5580
25 90 25 5.5165
25 91 1 0.1978
25 92 54 9.6981
25 93 54 11.4433
25 94 229 47.0795
25 95 1 0.1289
25 96 6 1.1767
25 97 162 32.7353
25 98 29 7.6967
25 99 65 16.7322
25 101 4 0.7922
25 102 1 0.1100
25 103 406 81.5028
25 104 10 2.1801
25 105 9 2.4077
25 106 116 25.0070
25 107 12 2.4236
25 108 4 0.7755
25 110 30 6.2346
25 111 1454 413.1398
25 112 167 38.4599
25 113 13 2.3645
25 114 59 15.3431
25 115 178 38.7784
25 116 5 0.7837
25 117 5 1.1519
25 118 38 5.4078
25 120 19 3.6084
25 121 29 6.2192
25 122 87 15.4142
25 123 13 2.6324
25 124 274 55.5868
25 125 40 7.3610
25 126 1 0.1282
25 127 14 2.6349
25 128 1333 372.8753
25 129 1 0.2309
25 130 41 7.7600
25 131 14 1.9603
25 132 190 44.9232
25 133 11 1.7044
25 134 507 98.3973
25 135 88 17.0697
25 136 33 6.7872
25 138 27 4.9729
25 139 134 25.3454
25 140 276 63.0237
25 141 9 1.5178
25 142 254 57.2350
25 143 56 10.8571
25 144 39 8.2283
25 145 47 8.5518
25 146 28 6.7277
25 147 42 8.0213
25 148 32 7.2001
25 149 4 0.5349
25 150 39 8.4937
25 151 46 9.9312
25 152 27 5.5645
25 153 56 11.7127
25 156 49 11.2450
25 157 5 1.3483
25 158 55 13.9017
25 159 36 8.3435
25 160 135 26.9265
25 161 195 40.2258
25 162 14 2.3098
25 163 117 25.2861
25 164 1793 423.3310
25 165 113 22.1042
25 166 36 6.9948
25 167 75 14.2794
25 168 89 18.1949
25 169 1 0.1885
25 170 1 0.1365
25 171 749 294.1749
25 172 19 5.5440
25 174 61 10.2190
25 175 1 0.1854
25 176 35 7.9332
25 177 12 2.9085
25 178 1640 414.2559
25 179 30 5.9231
25 180 20 4.2667
25 181 4 0.7376
25 182 115 23.4090
25 183 1 0.2459
25 184 135 25.5956
25 185 48 9.1394
25 186 40 7.2978
25 187 76 12.9986
25 188 830 267.8391
25 189 23 4.3514
25 190 1 0.1273
25 192 125 37.3196
25 193 141 39.4475
25 194 102 26.4681
25 195 3 0.4572
25 197 196 51.0177
25 198 7 1.0116
25 199 93 18.3740
25 202 9 1.7991
25 203 66 12.4334
25 204 14 2.2309
25 205 68 14.0838
25 206 20 3.3048
25 207 4 0.7977
25 208 122 33.4005
25 209 12 2.2254
25 210 129 37.2007
25 211 181 47.6751
25 212 9 1.3560
25 213 23 3.4833
25 214 22 4.1338
25 215 64 12.6564
25 216 236 63.8796
25 217 9 1.3708
25 220 231 53.2469
25 221 21 3.8161
25 222 1 0.2172
25 223 73 17.4084
25 224 2 0.2969
25 225 25 4.5708
25 226 13 2.7185
25 227 17 2.5947
25 228 6 1.1836
25 229 5 1.0753
25 230 24 4.7695
25 231 883 236.4402
25 232 7 1.8504
25 233 580 161.4401
25 234 27 6.5163
25 235 308 60.9538
25 236 9 1.4861
25 237 699 187.6446
25 238 176 44.7745
25 239 61 14.1422
25 241 4 0.2799
25 242 1822 352.0101
25 243 2 0.3148
25 244 64 17.0199
25 246 42 8.7527
25 247 17 3.0593
25 248 30 6.9725
25 249 125 22.9008
25 250 39 8.3427
25 251 736 147.8696
25 252 41 8.1963
25 253 15 2.3812
25 254 3 0.6174
25 256 24 4.0954
25 257 18 3.1724
25 260 613 126.5947
25 261 96 19.2203
25 262 3 0.5130
25 263 153 30.3028
25 265 82 13.8202
25 266 16 3.6473
25 268 2 0.3500
25 269 38 7.3939
25 270 10 1.6637
25 271 93 21.6648
25 272 28 7.4007
25 273 37 7.2649
25 274 101 20.3914
25 276 2 0.4399
25 277 48 9.5056
25 278 12 1.9008
25 279 155 26.8107
25 280 1 0.1926
25 283 109 16.0488
25 285 92 19.2036
25 286 60 10.8171
25 287 212 39.3711
25 288 326 63.9465
25 289 1 0.1698
25 290 5 0.8654
25 291 186 35.6550
25 292 64 17.8909
25 293 401 119.2826
25 294 58 10.9646
25 295 59 11.4070
25 296 1 0.1890
25 299 27 5.3836
25 300 3 0.5011
25 301 487 99.2145
25 302 119 21.3787
25 303 51 9.0034
25 304 69 19.6372
25 305 95 20.4945
25 306 108 22.1743
25 307 3 0.8655
25 309 14 2.6451
25 310 725 143.5662
25 311 29 6.2239
25 312 44 9.5223
25 313 1 0.2625
25 314 1 0.2043
25 315 38 8.5160
25 316 65 11.8651
25 317 2 0.3107
25 318 61 14.5012
25 319 1 0.1544
25 320 10 2.1101
25 321 3012 969.4611
25 322 3 0.5677
25 323 98 22.6029
25 324 7 1.8314
25 325 53 11.3105
25 326 5 0.6044
25 327 34 6.7125
25 328 394 109.9979
25 330 24 5.1916
25 331 292 82.1566
25 332 26 5.6920
25 333 763 227.5551
25 334 1 0.2297
25 335 9 1.6954
25 336 206 58.5240
25 337 2110 657.9470
25 339 1 0.3350
25 340 52 13.8039
25 341 1 0.1449
25 344 39 9.5111
25 345 2 0.4102
25 346 6 1.0601
25 347 1561 433.6860
25 348 99 22.0231
25 349 426 114.4679
25 350 6 0.8224
25 351 54 9.9846
25 352 154 34.5200
25 353 2 0.3566
25 354 2 0.3852
25 356 28 5.0503
25 357 12 2.6174
25 358 524 114.5176
25 359 1058 356.5287
25 360 285 52.1850
25 361 3 0.4895
25 362 28 6.1776
25 364 231 61.5419
25 365 33 4.9833
25 367 3 0.6136
25 368 79 12.6158
25 370 7 1.0311
25 371 43 9.5565
25 372 4 0.6787
25 373 8 1.5801
25 374 56 9.4555
25 375 94 17.5133
25 377 2 0.4224
25 379 1 0.2881
25 381 14 1.9977
25 382 1 0.1923
25 383 38 6.6995
26 0 87 17.3271
26 2 44 11.1389
26 3 7 1.3510
26 4 195 40.6464
26 5 3 0.3357
26 6 7 1.0538
26 7 38 8.5531
26 8 41 7.3323
26 11 61 11.2603
26 12 990 210.1449
26 13 3 0.4344
26 14 35 6.9457
26 15 144 40.9669
26 16 117 23.9249
26 17 46 9.6342
26 19 5 1.0030
26 20 173 34.3584
26 25 12 1.8994
26 26 97 18.9203
26 27 3023 855.7713
26 28 64 13.8178
26 29 412 102.6426
26 30 29 6.9205
26 31 2 0.4600
26 32 25 4.6862
26 33 5 0.9998
26 34 14 3.0972
26 36 71 13.4979
26 37 179 44.7179
26 38 26 4.3123
26 39 139 36.3629
26 40 89 17.0616
26 41 235 47.1367
26 42 14 2.6636
26 43 46 8.8067
26 44 40 8.0125
26 45 44 7.5695
26 46 57 10.8650
26 47 9 1.3011
26 48 103 21.2366
26 49 36 7.2298
26 50 2 0.4836
26 51 1402 363.1629
26 54 94 19.1549
26 56 2 0.2608
26 57 163 40.9486
26 59 1 0.1796
26 60 74 14.5086
26 61 18 3.5084
26 62 13 2.5735
26 63 103 23.3992
26 64 329 96.5111
26 65 4 0.7612
26 66 32 6.5246
26 67 7 1.4898
26 68 33 6.1207
26 69 255 51.6572
26 70 367 110.4217
26 71 19 3.5775
26 74 8 1.3533
26 75 4 0.8769
26 76 227 61.2739
26 77 68 13.1622
26 78 3 0.5170
26 79 55 11.4215
26 80 75 15.1003
26 81 82 15.6171
26 82 16 3.3255
26 83 81 16.8280
26 84 7 1.3101
26 85 1 0.2222
26 86 20 3.5301
26 87 129 26.2925
26 88 35 8.6463
26 89 6 1.2854
26 90 109 20.5610
26 91 12 2.0905
26 92 24 4.2355
26 93 946 181.6112
26 94 17 3.2109
26 95 38 8.6405
26 96 8 1.5437
26 97 400 95.4842
26 98 1 0.1824
26 99 1 0.1237
26 100 79 14.3902
26 101 222 49.7087
26 102 7 1.4484
26 103 6 1.0446
26 104 31 6.0133
26 105 827 252.8599
26 106 115 26.1987
26 107 44 9.0695
26 108 7 1.6125
26 109 26 6.0382
26 110 64 10.7649
26 112 42 9.8304
26 113 3 0.5684
26 116 1452 341.3162
26 117 11 3.5485
26 118 112 22.0468
26 119 31 5.5536
26 120 964 284.4705
26 121 68 16.1340
26 122 109 22.9344
26 123 11 2.1212
26 124 5 1.0193
26 125 13 3.3386
26 126 17 3.1704
26 127 36 6.9173
26 128 70 13.1788
26 129 8 1.4474
26 131 1 0.1150
26 132 4 0.7635
26 133 155 30.1933
26 134 1056 256.5635
26 135 12 1.8490
26 136 1153 326.4590
26 137 186 34.9037
26 138 22 5.8461
26 139 20 4.6297
26 140 18 5.1371
26 141 1 0.1304
26 142 64 12.8319
26 144 12 2.5780
26 145 50 10.0945
26 147 374 98.7508
26 148 138 26.2782
26 149 51 10.0872
26 151 71 14.9034
26 152 52 10.8841
26 153 124 24.1888
26 155 4 1.0260
26 156 13 2.9245
26 157 86 18.0000
26 159 69 16.6545
26 160 86 19.5652
26 162 20 4.1245
26 163 4 0.9048
26 164 22 4.1648
26 165 12 2.1138
26 166 82 16.1810
26 167 47 8.6861
26 168 10 2.2238
26 169 1247 420.2341
26 170 23 8.2597
26 171 43 8.4437
26 172 49 12.6203
26 173 1384 371.5606
26 174 116 28.1879
26 176 96 19.2266
26 177 208 54.6127
26 178 87 19.0699
26 179 153 29.6501
26 181 20 3.4919
26 182 2 0.4627
26 183 28 5.7748
26 185 429 137.0801
26 186 257 54.3140
26 187 10 1.8128
26 188 329 85.7695
26 189 13 2.4524
26 190 19 3.7304
26 191 88 15.3929
26 192 376 78.1211
26 193 3 0.6376
26 194 169 38.9502
26 195 73 16.6003
26 196 46 12.2854
26 197 20 3.6445
26 198 351 71.2729
26 199 170 31.7628
26 200 1195 297.2743
26 201 1 0.1211
26 202 21 4.0780
26 203 5 0.8750
26 204 27 6.3486
26 205 46 8.9932
26 206 1006 348.9032
26 207 16 3.9454
26 208 8 1.6494
26 209 35 9.0631
26 210 2 0.3277
26 211 412 83.9267
26 212 22 4.1783
26 213 22 3.7682
26 214 85 22.7572
26 215 13 2.4795
26 216 15 2.6098
26 217 141 28.3487
26 220 28 5.2283
26 221 17 3.3800
26 223 35 8.2495
26 224 10 1.6388
26 225 163 37.7345
26 227 185 37.0142
26 228 391 116.7895
26 229 1 0.2796
26 230 52 9.6299
26 231 67 16.4709
26 233 160 41.8914
26 235 51 9.1759
26 236 35 7.3132
26 237 201 40.7532
26 238 1 0.1817
26 239 86 17.8799
26 240 112 26.2561
26 241 432 95.6492
26 242 196 45.8978
26 244 121 31.2110
26 245 24 4.6569
26 247 25 4.6390
26 248 67 14.6764
26 249 18 3.7756
26 250 102 21.6500
26 251 346 85.8276
26 252 24 5.1135
26 253 3 0.4166
26 254 88 17.1332
26 255 1 0.1692
26 256 282 65.9581
26 257 21 3.7505
26 258 74 14.0540
26 259 885 232.5337
26 260 54 13.4168
26 261 3 0.4819
26 262 3 0.6849
26 263 67 12.9543
26 264 4 1.0278
26 265 1885 561.1485
26 266 20 3.7402
26 267 138 43.1021
26 268 13 2.6685
26 269 8 1.3844
26 270 25 4.9281
26 272 236 55.0645
26 273 39 7.4855
26 274 6 1.3543
26 276 1451 378.9111
26 277 56 9.7504
26 278 2 0.3499
26 279 5 0.9489
26 280 571 163.5266
26 281 47 10.2890
26 282 9 1.6405
26 283 192 36.7410
26 284 60 12.0795
26 285 49 8.4610
26 286 4 0.8606
26 287 29 6.1461
26 288 25 4.9182
26 289 61 16.2771
26 290 46 9.2918
26 291 1 0.2026
26 292 4 0.6292
26 293 52 10.3148
26 294 42 9.0787
26 295 14 2.6214
26 296 2 0.4458
26 297 38 7.2647
26 298 18 5.0134
26 299 21 3.5717
26 300 5 0.6889
26 301 7 0.9848
26 302 38 7.4828
26 303 18 3.8068
26 304 105 21.7622
26 305 131 34.1131
26 306 11 1.9819
26 307 6 0.7915
26 308 13 2.3613
26 309 396 97.2979
26 310 32 7.2320
26 311 55 10.1246
26 313 4 0.9089
26 314 3 0.6340
26 315 7 1.4214
26 316 3 0.5536
26 317 52 10.3017
26 318 2 0.3701
26 319 4 0.7323
26 320 40 7.7303
26 323 83 21.4418
26 324 6 0.9934
26 325 404 114.6533
26 327 14 2.6897
26 328 55 12.3672
26 329 8 1.9014
26 330 45 9.6153
26 331 400 103.9685
26 332 24 4.6543
26 333 292 56.4862
26 334 561 158.3184
26 336 38 10.1820
26 337 2 0.5287
26 338 134 38.0252
26 340 131 31.3947
26 341 87 18.9441
26 342 24 4.6857
26 343 221 54.6453
26 345 119 25.7454
26 347 68 15.7469
26 348 57 15.3903
26 349 47 9.6418
26 350 1 0.2110
26 351 150 41.1300
26 352 6 1.2409
26 353 52 9.0760
26 354 1 0.1885
26 355 22 4.4990
26 357 38 8.7419
26 358 24 6.3121
26 360 12 2.3069
26 361 452 92.9417
26 362 24 5.6328
26 363 21 4.2198
26 364 31 5.8276
26 365 91 22.3636
26 366 4 0.6399
26 367 12 3.3773
26 368 107 22.3677
26 369 188 38.4391
26 370 105 24.0641
26 371 115 25.4973
26 372 11 3.3241
26 373 100 22.2322
26 374 5 0.7726
26 375 27 5.0416
26 376 40 8.6236
26 377 48 12.2102
26 379 7 1.2267
26 380 186 37.4383
26 381 2 0.4106
26 382 139 35.4490
26 383 225 64.1363
27 2 258 90.2344
27 3 230 63.6266
27 4 49 9.8789
27 5 646 169.6407
27 6 21 5.8315
27 7 70 17.8397
27 8 97 18.8091
27 9 23 5.5286
27 10 791 262.1565
27 11 2 0.8487
27 12 99 18.5079
27 13 18 3.0061
27 14 20 3.4650
27 16 13 1.8551
27 17 1 0.1047
27 18 279 56.7332
27 21 1 0.2134
27 22 72 15.6436
27 23 128 26.0744
27 24 3 0.4000
27 25 48 9.0389
27 26 2 0.3364
27 27 14 3.0804
27 28 373 110.5983
27 29 12 2.4201
27 30 168 34.1468
27 31 43 11.4271
27 33 56 11.0784
27 34 2 0.2270
27 35 9 1.5636
27 36 62 16.7694
27 37 39 6.7176
27 39 106 26.7599
27 40 77 14.1175
27 41 79 16.5044
27 43 705 289.8073
27 44 21 3.4021
27 45 1659 425.9435
27 46 81 14.7181
27 47 106 18.7876
27 48 24 6.8831
27 49 25 5.6696
27 50 102 22.5784
27 51 25 5.5937
27 52 175 32.8632
27 53 72 15.4973
27 54 29 7.6742
27 55 128 26.2078
27 56 22 4.6527
27 57 863 238.5978
27 58 5 0.9887
27 59 15 2.9183
27 60 1 0.2346
27 61 114 23.1593
27 62 103 20.0413
27 63 288 65.9039
27 64 30 6.8351
27 65 1 0.2081
27 66 152 30.4659
27 67 80 22.3935
27 68 47 10.5788
27 69 642 155.7694
27 70 66 11.3801
27 71 34 5.1797
27 72 64 14.4896
27 73 11 1.7391
27 74 19 3.6384
27 75 2 0.3923
27 76 21 4.1448
27 77 977 258.9304
27 78 18 3.2216
27 79 130 23.5555
27 80 13 2.2811
27 81 5 1.0383
27 82 4 1.6795
27 83 26 4.0352
27 84 22 4.0316
27 85 38 8.0312
27 86 2163 572.4998
27 87 17 4.0043
27 88 149 27.9928
27 89 444 116.1721
27 90 180 36.1950
27 91 17 4.2623
27 92 61 12.0669
27 93 181 36.5555
27 94 73 15.0529
27 95 20 3.5494
27 96 456 115.9728
27 97 1 0.1475
27 98 35 9.6931
27 99 22 3.7722
27 100 53 10.0006
27 101 629 172.2807
27 102 8 2.3460
27 103 193 50.1221
27 104 108 23.5271
27 105 259 61.0863
27 106 35 6.8516
27 107 60 11.6359
27 108 9 1.5011
27 109 6 1.7009
27 110 83 15.6918
27 111 2 0.4901
27 113 294 72.4045
27 114 24 4.2846
27 115 215 44.3559
27 116 262 64.9767
27 117 46 7.7232
27 119 18 3.4204
27 120 4 0.5350
27 121 19 4.3473
27 122 126 32.7852
27 123 8 1.5108
27 124 21 3.7885
27 125 247 49.5333
27 126 310 80.7443
27 127 7 1.6512
27 128 140 26.8057
27 129 142 31.0819
27 130 63 10.0653
27 131 68 13.0505
27 132 8 1.3447
27 133 54 10.0981
27 134 27 5.1315
27 135 1150 283.4141
27 136 80 16.0288
27 137 51 13.1092
27 138 2 0.3919
27 139 3 0.6153
27 140 16 4.4325
27 141 2 0.4222
27 142 61 12.2904
27 143 86 23.6243
27 144 16 3.5455
27 145 101 16.9308
27 146 336 66.8455
27 147 185 40.1026
27 148 1024 246.9272
27 149 21 5.1110
27 151 126 25.5274
27 152 87 16.2265
27 153 59 13.4314
27 154 175 42.4807
27 155 4 0.4313
27 156 39 11.8286
27 157 9 1.8272
27 158 116 37.6791
27 159 7 1.2001
27 160 3 0.7200
27 161 137 25.9757
27 163 18 5.3539
27 164 92 15.9259
27 165 91 18.2310
27 166 15 3.3205
27 167 53 11.6558
27 168 152 29.2622
27 169 93 19.7886
27 170 8 2.5813
27 171 3 0.8804
27 173 3 0.5255
27 174 81 18.9923
27 175 2 0.2525
27 176 54 10.1126
27 177 208 43.4155
27 178 98 18.5728
27 179 42 7.7926
27 180 31 6.2146
27 182 194 62.3489
27 183 32 7.7874
27 184 7 1.2366
27 185 7 1.4702
27 186 183 36.9908
27 187 121 35.6669
27 188 47 10.0325
27 189 45 7.3864
27 190 1 0.2697
27 191 30 6.8505
27 192 44 10.8564
27 193 2 0.3599
27 194 174 33.0536
27 195 149 29.6649
27 196 30 5.8899
27 197 19 3.6434
27 198 83 18.4640
27 199 102 23.3187
27 200 28 5.6467
27 201 35 6.4495
27 202 36 6.7378
27 203 6 1.0744
27 204 17 3.3108
27 205 113 28.8403
27 207 121 23.2031
27 208 88 20.5260
27 209 34 6.4659
27 210 29 5.7019
27 211 26 4.8746
27 213 2 0.2850
27 214 1162 261.3799
27 215 19 5.1853
27 216 112 19.6222
27 217 151 33.1780
27 218 134 30.8872
27 220 261 51.8848
27 221 52 10.1314
27 222 19 3.5812
27 223 14 2.8132
27 224 196 42.2020
27 225 249 57.4465
27 226 1 0.1287
27 227 60 15.9349
27 228 153 34.7546
27 230 24 5.1825
27 231 209 81.0366
27 232 2 0.3943
27 233 66 13.3741
27 234 17 2.5213
27 235 16 2.9448
27 236 28 4.7576
27 237 11 3.2486
27 238 1 0.1216
27 239 25 4.1529
27 240 46 10.6143
27 241 92 21.1330
27 242 211 54.2012
27 243 44 7.8066
27 244 233 40.8895
27 245 11 1.6771
27 246 45 9.0934
27 247 22 7.5216
27 248 50 10.0576
27 249 52 10.3347
27 250 105 23.0076
27 251 21 4.8219
27 252 20 3.3466
27 253 49 9.6015
27 254 38 7.1727
27 255 17 3.1204
27 256 376 90.2165
27 257 53 9.9305
27 258 42 7.2977
27 259 487 108.9658
27 261 19 5.3767
27 262 4 0.8094
27 263 103 18.9836
27 265 149 35.0409
27 266 41 9.2887
27 267 25 5.6607
27 268 280 55.2237
27 270 74 14.9268
27 271 211 42.9581
27 272 10 1.9309
27 273 78 13.6663
27 274 80 16.3349
27 275 20 2.9678
27 276 26 4.8460
27 277 9 2.1369
27 278 94 18.5525
27 279 39 7.8348
27 280 116 24.8980
27 281 251 77.6654
27 282 185 42.9549
27 283 102 18.1830
27 284 54 12.9298
27 285 164 36.0442
27 287 37 6.4720
27 288 3 0.4974
27 289 270 51.3808
27 290 1 0.1837
27 291 242 55.0336
27 292 185 32.4901
27 293 1 0.2170
27 294 17 4.9718
27 295 19 3.3752
27 296 179 38.1290
27 297 159 31.2788
27 298 4 0.6395
27 299 10 1.7820
27 301 12 2.6499
27 302 18 2.9627
27 303 47 8.4550
27 304 27 11.2447
27 305 62 15.4807
27 306 796 268.0642
27 307 8 1.5301
27 308 594 121.0576
27 309 11 1.7582
27 310 79 20.3698
27 312 222 53.5392
27 313 4 0.8770
27 314 45 11.8627
27 315 232 41.8529
27 317 3 0.6722
27 319 4 0.8606
27 320 8 1.3501
27 321 18 5.9550
27 322 213 62.2808
27 323 35 6.1863
27 324 67 16.4690
27 325 6 1.6807
27 326 140 27.3419
27 327 49 10.3625
27 328 183 46.5276
27 329 31 7.2000
27 330 1 0.1838
27 331 83 25.3135
27 332 6 0.8660
27 333 4 0.6925
27 334 5 0.8581
27 335 47 10.0129
27 336 4532 1470.6552
27 337 9 1.5418
27 338 127 33.6910
27 339 34 6.4331
27 341 7 1.2997
27 342 27 5.2587
27 343 74 14.9781
27 344 32 6.3762
27 345 4 0.6523
27 346 28 4.8937
27 347 10 1.8913
27 350 3 0.3906
27 351 75 18.3327
27 352 11 1.6618
27 353 100 21.3767
27 354 20 3.7877
27 355 133 25.8047
27 357 14 1.9825
27 358 34 9.6515
27 359 127 25.9326
27 360 20 3.6350
27 361 23 4.1461
27 362 348 99.9489
27 363 621 180.9388
27 365 22 5.1055
27 366 41 7.7687
27 367 142 31.1460
27 368 582 153.1135
27 369 38 8.1393
27 370 40 9.4053
27 371 15 2.8265
27 373 551 154.5017
27 374 54 8.3470
27 375 17 4.5357
27 376 2 0.3526
27 377 12 2.9323
27 378 50 10.4778
27 379 96 17.7674
27 380 9 1.4779
27 381 90 19.2243
27 382 279 50.3469
27 383 182 33.5319
28 0 6 0.9160
28 1 13 2.3426
28 2 27 5.6551
28 3 56 13.1032
28 7 70 19.7186
28 8 11 2.1957
28 9 392 105.7354
28 10 2 0.3062
28 11 322 74.9196
28 12 13 2.9724
28 13 14 2.9731
28 14 10 2.0324
28 15 167 31.6977
28 16 63 15.7832
28 17 4 0.7238
28 18 48 13.6444
28 19 15 2.8608
28 20 2 0.3343
28 22 29 6.3938
28 25 8 1.2930
28 26 23 4.6427
28 27 26 5.2212
28 29 2 0.3421
28 30 12 2.5056
28 31 24 5.7139
28 32 122 24.1154
28 34 101 24.6899
28 35 5 1.0748
28 36 6 1.3287
28 37 2 0.3180
28 38 345 124.8441
28 39 13 2.7331
28 40 172 40.2457
28 41 123 25.5859
28 42 1 0.2142
28 43 151 32.0646
28 44 47 9.9596
28 45 36 8.3978
28 46 87 20.0494
28 47 3 0.5358
28 48 702 230.1714
28 49 158 70.6618
28 50 50 11.7347
28 51 52 12.2609
28 52 581 115.4977
28 53 100 24.7616
28 54 2 0.1622
28 55 7 1.6130
28 56 542 96.3734
28 57 1414 281.8801
28 58 242 60.1751
28 59 205 53.1102
28 60 17 4.1160
28 61 32 8.3086
28 63 5 1.0861
28 64 8 1.3814
28 65 13 2.6337
28 67 280 73.7474
28 69 27 4.6301
28 70 39 9.6633
28 71 15 2.7968
28 72 73 14.9228
28 73 25 5.8924
28 74 33 7.6644
28 75 77 21.5318
28 76 6 0.9704
28 78 255 56.8379
28 79 28 5.6461
28 80 260 52.7216
28 81 23 7.9867
28 82 246 56.7171
28 83 49 13.3923
28 84 83 15.8261
28 85 102 19.2094
28 86 36 8.1127
28 87 178 37.4700
28 88 45 8.8993
28 89 36 10.5816
28 90 125 25.2979
28 91 144 33.1506
28 92 1831 410.0041
28 93 5 0.8886
28 94 167 37.9536
28 96 119 28.2126
28 97 19 6.3363
28 98 94 28.0696
28 101 1147 233.8024
28 103 25 5.8868
28 104 8 1.3111
28 105 960 279.1810
28 106 2 0.4021
28 108 113 21.9952
28 109 41 10.0881
28 110 244 51.4319
28 111 2 0.3103
28 112 16 3.3297
28 113 64 10.9170
28 114 3 0.9206
28 115 8 1.6590
28 116 49 7.9229
28 117 46 7.0361
28 118 695 144.0856
28 119 12 2.1613
28 120 36 7.4955
28 121 7 1.3094
28 122 48 9.6136
28 123 9 1.6761
28 124 2 0.3908
28 125 36 8.2991
28 126 676 226.7132
28 127 71 14.6442
28 128 18 4.2818
28 129 364 142.6694
28 130 118 20.4269
28 131 9 1.3858
28 132 1 0.1780
28 134 18 2.9800
28 135 39 9.2237
28 136 2 0.4717
28 137 1628 460.6363
28 138 20 4.1793
28 139 80 18.1055
28 140 20 4.0451
28 141 381 99.8997
28 142 3 0.5377
28 143 211 48.7712
28 144 46 9.4609
28 145 2 0.4348
28 146 6 1.3842
28 147 43 11.2606
28 148 3 0.6958
28 149 11 1.9482
28 150 66 12.8671
28 151 8 2.2912
28 152 1 0.1961
28 153 870 252.7577
28 154 36 7.0897
28 157 27 4.9818
28 158 36 5.8630
28 159 42 7.5615
28 161 3 0.5076
28 162 3 0.6209
28 163 88 24.1424
28 164 2 0.3632
28 165 20 3.7978
28 166 24 4.8760
28 167 10 2.1290
28 169 123 22.6438
28 170 155 30.5665
28 171 3 0.5359
28 172 3 0.4490
28 173 22 5.0498
28 175 2623 869.1528
28 176 15 2.8094
28 177 74 18.4427
28 178 57 10.4819
28 179 36 7.4812
28 180 50 8.0375
28 182 34 6.8124
28 183 8 1.4576
28 184 84 19.0594
28 185 3 0.4602
28 186 5 0.9393
28 187 128 26.8190
28 188 20 3.6176
28 189 102 23.6268
28 190 37 6.8972
28 191 2 0.2900
28 192 44 11.2357
28 193 108 21.6312
28 194 22 3.8488
28 195 2 0.3558
28 196 2 0.4995
28 197 20 4.1870
28 198 13 2.5466
28 199 133 21.2309
28 200 189 41.3749
28 201 3 0.4814
28 202 1 0.5875
28 203 56 10.1675
28 204 35 4.9934
28 205 26 5.3593
28 206 2 0.4447
28 207 3 0.7164
28 208 14 2.4749
28 210 7 1.2650
28 211 371 87.2715
28 212 73 14.1520
28 213 2 0.2653
28 214 526 106.3795
28 215 66 13.0117
28 216 152 46.6039
28 218 16 4.1534
28 219 5 0.8361
28 220 13 3.0360
28 221 356 70.6140
28 222 137 25.8235
28 223 79 31.1021
28 224 262 71.0429
28 225 31 5.9607
28 226 750 232.8706
28 227 57 11.2681
28 228 33 6.0208
28 229 274 72.3370
28 230 38 8.5697
28 231 16 2.8179
28 232 34 8.0991
28 233 44 7.6017
28 234 75 16.7729
28 235 302 68.9802
28 238 54 11.6878
28 239 1 0.2562
28 240 25 3.9836
28 241 6 1.0348
28 242 188 40.5202
28 243 94 19.8042
28 244 248 66.6154
28 246 637 126.3756
28 247 31 6.6836
28 248 66 16.6314
28 249 317 84.2340
28 251 333 70.7058
28 252 201 44.6281
28 253 552 109.4778
28 254 68 14.0439
28 256 17 2.8746
28 257 142 51.4932
28 258 32 6.3561
28 259 56 11.2648
28 260 4 1.0278
28 261 23 4.0077
28 262 879 233.9237
28 263 21 4.7114
28 264 1 0.1984
28 266 26 8.2700
28 268 30 6.7887
28 269 192 53.8066
28 270 2 0.2377
28 271 723 239.3942
28 272 2 0.4892
28 273 32 6.7950
28 274 504 92.9049
28 275 382 151.9583
28 276 93 24.5206
28 277 19 3.6203
28 278 1 0.2157
28 279 2 0.4026
28 280 7 1.4865
28 282 1 0.1853
28 283 60 13.4880
28 284 40 6.7654
28 285 173 31.8802
28 286 8 1.7887
28 287 16 2.6117
28 288 12 1.7273
28 289 255 59.8176
28 290 1 0.2568
28 291 74 15.4808
28 293 32 5.6772
28 294 113 20.9583
28 295 57 13.8974
28 296 245 50.9594
28 297 119 25.2534
28 298 8 1.4999
28 300 97 21.1357
28 302 56 11.2054
28 303 13 2.4121
28 304 116 25.6971
28 305 39 6.5934
28 307 1 0.1506
28 308 258 59.4116
28 309 5 0.8095
28 310 8 1.7946
28 311 12 2.3930
28 312 28 5.7582
28 313 12 2.0360
28 314 534 127.0793
28 315 389 111.4939
28 316 18 2.9037
28 317 5 0.9639
28 319 15 2.9273
28 320 179 34.0536
28 321 9 1.9541
28 322 5 1.1379
28 323 46 7.5760
28 324 606 198.6457
28 325 8 1.5894
28 326 7 0.9541
28 327 30 7.3699
28 328 5 0.7740
28 330 586 123.6605
28 331 31 6.9703
28 332 414 93.2285
28 333 157 31.1959
28 334 11 1.7427
28 335 1 0.1739
28 336 67 14.2005
28 337 15 5.1746
28 338 8 1.3522
28 339 1 0.1034
28 340 3 0.4968
28 341 197 39.9050
28 342 33 6.6926
28 343 2 0.3318
28 344 5 0.8181
28 345 37 7.0796
28 347 576 163.4573
28 348 549 133.7606
28 349 6 1.4451
28 350 12 2.5374
28 351 20 4.4251
28 352 236 49.6508
28 353 1097 193.9200
28 354 12 1.6707
28 355 611 167.8186
28 357 78 17.6628
28 358 24 5.5654
28 359 114 24.5550
28 360 7 1.1889
28 361 33 7.1385
28 362 110 27.2840
28 364 30 7.1432
28 366 84 17.0961
28 367 1355 461.4891
28 368 48 9.5837
28 369 47 11.0072
28 370 19 6.2948
28 371 1 0.1954
28 374 1 0.2668
28 375 48 8.6083
28 376 419 103.4382
28 377 92 20.7258
28 378 9 1.6343
28 379 19 4.0459
28 380 124 29.7956
28 381 17 3.8997
28 382 70 15.8335
28 383 100 22.4259
29 0 75 12.6575
29 1 3 0.6190
29 2 20 4.8918
29 3 149 30.5574
29 4 11 4.0614
29 6 15 3.5103
29 7 14 3.1728
29 8 2 0.3353
29 9 503 119.9866
29 10 223 52.4598
29 11 155 26.6179
29 12 2 0.1730
29 13 856 159.8885
29 14 227 43.3123
29 16 5 0.9744
29 17 248 54.3406
29 18 8 1.8061
29 19 92 15.1683
29 20 9 1.5874
29 21 150 31.4006
29 22 26 6.5496
29 23 1 0.1763
29 24 46 11.7455
29 25 42 8.2638
29 26 3 0.5263
29 27 53 13.8532
29 28 1 0.1930
29 29 102 20.5884
29 30 120 17.6601
29 31 91 24.7067
29 32 86 15.0055
29 33 1184 403.9208
29 34 77 14.6494
29 35 108 20.9352
29 36 14 2.4783
29 37 18 3.3352
29 38 50 8.2532
29 39 21 2.9356
29 40 139 25.9399
29 41 133 27.8260
29 42 119 20.8502
29 43 469 98.5491
29 45 15 3.0370
29 46 8 1.8057
29 47 701 224.9670
29 48 492 141.3800
29 49 5 1.5438
29 50 38 6.6119
29 52 104 36.4165
29 53 8 1.4993
29 54 3 0.4302
29 56 68 12.3256
29 57 4 0.8518
29 58 24 4.6337
29 59 251 81.2657
29 61 37 5.8209
29 62 16 2.7838
29 63 585 138.5062
29 64 297 50.1169
29 65 10 1.6075
29 66 16 3.0522
29 67 54 9.1658
29 68 16 1.9043
29 69 101 19.7446
29 70 114 23.6700
29 71 37 6.5465
29 72 1284 292.3457
29 73 43 6.9667
29 74 1 0.1319
29 75 1271 432.9816
29 76 136 30.5116
29 77 103 28.9684
29 78 12 3.2688
29 80 44 8.4612
29 81 4 0.6695
29 83 40 8.3617
29 84 337 106.2225
29 85 465 134.3725
29 86 49 8.8854
29 87 139 26.9901
29 88 9 1.6213
29 89 3 0.5865
29 90 36 6.5108
29 91 6 0.6414
29 92 28 5.6823
29 93 18 3.4483
29 94 98 17.5533
29 95 91 20.8754
29 96 27 4.6468
29 97 42 8.9214
29 98 65 12.6322
29 99 196 32.4932
29 100 76 13.2391
29 101 2285 662.7999
29 102 30 7.8951
29 103 125 21.6519
29 104 16 4.2934
29 105 143 33.1217
29 107 6 1.5065
29 109 70 12.7153
29 110 63 11.2537
29 111 8 1.1735
29 112 16 4.2877
29 113 37 9.5747
29 114 87 18.6540
29 115 84 17.8001
29 116 1 0.1269
29 117 638 104.0662
29 118 5 0.8125
29 119 68 16.4634
29 120 32 5.6578
29 121 1 0.2429
29 122 2185 616.3261
29 123 52 7.9235
29 124 2 0.2932
29 125 31 5.4955
29 126 254 46.1860
29 127 2 0.4453
29 129 78 15.6315
29 130 120 30.2976
29 131 215 71.7234
29 132 1 0.1812
29 133 8 1.9126
29 134 4 0.9657
29 135 18 3.2721
29 136 194 38.2635
29 137 10 2.5982
29 138 134 35.5616
29 139 66 11.5186
29 140 169 28.0971
29 141 33 8.8094
29 142 1955 556.7551
29 143 3 0.5708
29 145 4 0.6655
29 146 10 1.5203
29 147 3 0.5415
29 148 42 7.5302
29 149 2 0.6114
29 150 29 6.5365
29 151 2 0.1976
29 152 30 5.3867
29 153 336 66.3274
29 154 36 7.1507
29 155 88 15.8153
29 156 3 0.2973
29 157 13 1.9417
29 158 20 3.5794
29 159 13 2.1406
29 160 157 35.1108
29 161 665 185.0202
29 162 239 49.7564
29 163 68 13.6565
29 164 635 178.0710
29 165 23 3.6797
29 166 102 18.2557
29 167 440 92.1537
29 168 37 7.1687
29 169 29 5.6818
29 170 25 4.8366
29 171 1021 457.3256
29 172 57 11.1050
29 173 52 10.5721
29 174 2 0.3821
29 175 2 0.3000
29 176 10 1.6727
29 177 22 4.5774
29 178 11 2.0795
29 179 8 1.2733
29 180 57 11.5063
29 181 355 59.7674
29 182 134 23.0801
29 183 21 4.6925
29 184 11 2.0678
29 185 1 0.1777
29 186 39 8.9814
29 187 1320 244.1030
29 188 36 9.7195
29 189 112 22.1995
29 190 25 5.4277
29 191 39 9.7852
29 192 69 17.3420
29 193 2 0.4115
29 194 378 101.3407
29 195 12 2.2142
29 197 31 5.4503
29 198 192 37.4105
29 199 40 10.7579
29 200 125 21.4889
29 201 1 0.1100
29 202 118 25.3232
29 203 21 5.6531
29 204 8 1.7525
29 205 27 5.7848
29 206 19 4.8827
29 207 29 4.7264
29 208 23 3.1522
29 209 129 22.5928
29 210 39 9.6878
29 211 47 8.4655
29 212 258 50.7392
29 213 43 9.2395
29 214 156 44.4410
29 215 36 7.4139
29 217 13 1.8863
29 218 738 191.5682
29 220 22 6.8716
29 221 182 36.1953
29 222 46 10.1928
29 224 17 2.7152
29 225 115 21.5553
29 226 112 44.2412
29 227 46 6.5304
29 228 117 24.5711
29 229 57 10.1025
29 230 8 1.2947
29 231 70 11.5190
29 232 5 1.0049
29 233 139 25.6778
29 234 14 3.1506
29 235 4 0.7295
29 237 4 0.6105
29 238 43 7.4721
29 239 8 2.1576
29 240 18 4.6942
29 241 16 2.5195
29 242 1 0.1334
29 243 37 11.8418
29 244 70 13.9696
29 245 29 6.5696
29 246 12 2.1393
29 247 25 4.6717
29 248 17 4.2486
29 250 22 4.8410
29 251 410 104.7567
29 252 353 74.1288
29 253 82 21.4805
29 254 41 7.7691
29 255 4 0.5544
29 256 631 223.5064
29 257 346 78.8439
29 258 906 227.9724
29 259 132 27.5898
29 260 74 14.4647
29 261 210 39.2130
29 262 206 37.1788
29 263 31 6.1658
29 264 89 16.7682
29 265 42 7.0779
29 266 31 10.2435
29 267 3 0.4592
29 268 54 10.3631
29 269 23 6.1089
29 270 55 12.1420
29 271 21 5.0070
29 272 1 0.1740
29 273 55 8.1294
29 274 6 1.2182
29 275 44 9.6703
29 276 1 0.1935
29 277 101 25.7335
29 278 19 6.0555
29 279 4 0.8912
29 280 99 17.8180
29 283 36 6.5327
29 284 5 0.7362
29 285 17 3.1264
29 286 50 9.5470
29 287 13 2.0268
29 288 23 4.3763
29 291 60 10.6069
29 292 66 16.0703
29 293 107 27.3265
29 294 26 8.1650
29 295 6 1.2839
29 296 38 7.7437
29 297 16 3.0956
29 298 14 1.7934
29 299 1 0.1486
29 300 63 10.3738
29 301 229 52.6808
29 302 38 7.0383
29 304 247 50.1174
29 305 30 5.7061
29 306 1132 434.6261
29 307 67 12.5162
29 308 785 190.6682
29 310 5 1.3496
29 311 29 4.7510
29 312 2 0.3152
29 313 40 12.1264
29 314 149 41.7848
29 315 30 8.0336
29 317 229 46.1054
29 318 65 13.0673
29 319 115 39.0930
29 320 32 6.0668
29 321 484 124.9009
29 322 34 8.1243
29 324 2 0.4987
29 325 80 22.1087
29 326 19 3.2119
29 327 66 12.0807
29 329 81 17.6205
29 330 32 7.3405
29 333 29 5.4821
29 334 81 16.4616
29 336 383 120.3891
29 337 20 3.2072
29 338 15 3.0950
29 339 21 4.3168
29 340 67 10.7829
29 341 43 6.8857
29 342 93 19.5560
29 343 1 0.2184
29 344 28 5.1749
29 345 33 5.9843
29 346 91 19.4170
29 347 1 0.2005
29 348 53 8.6853
29 349 46 9.6793
29 350 423 99.7375
29 351 97 18.0263
29 352 87 14.8717
29 353 26 4.5125
29 354 1 0.1442
29 355 5 1.0870
29 356 8 1.4202
29 358 68 14.5090
29 359 94 25.3818
29 360 6 1.0154
29 361 62 11.0615
29 362 35 7.1558
29 363 21 7.8420
29 364 10 1.9729
29 365 46 9.0842
29 366 12 2.3000
29 367 54 12.9114
29 369 67 13.7593
29 370 58 10.0295
29 372 12 2.1659
29 373 35 6.9711
29 374 5 0.8899
29 375 58 10.3547
29 376 1075 240.5667
29 377 9 1.2641
29 378 66 14.4561
29 379 27 5.5206
29 381 67 12.3094
29 382 22 5.6885
30 0 38 6.9130
30 1 1 0.0847
30 2 783 256.4456
30 3 14 3.4667
30 4 131 62.2516
30 5 80 26.2636
30 6 27 7.4378
30 7 91 15.4659
30 8 43 7.7237
30 9 83 17.3670
30 10 34 6.2146
30 11 1452 434.8602
30 12 371 80.6065
30 13 102 18.5582
30 14 38 8.0357
30 15 70 11.0363
30 16 1227 363.7806
30 17 106 24.9534
30 18 955 300.6078
30 19 134 28.3963
30 20 87 20.0607
30 21 72 11.2528
30 22 1570 583.4180
30 23 87 17.6642
30 24 44 10.0991
30 25 20 2.9403
30 26 46 8.8861
30 27 59 9.3097
30 28 26 5.0621
30 29 67 17.5338
30 30 26 5.6100
30 32 1 0.1860
30 33 73 10.7262
30 34 1 0.1032
30 35 21 2.7098
30 36 491 103.0965
30 37 78 18.7794
30 38 8 0.9543
30 39 39 4.8117
30 40 3 0.6211
30 41 157 30.2855
30 42 198 35.6718
30 43 285 73.2997
30 44 17 3.7428
30 45 23 5.4611
30 46 4 0.7645
30 47 37 4.6235
30 48 30 7.4812
30 49 65 13.9537
30 50 73 17.9696
30 51 11 1.5090
30 52 24 3.8758
30 53 21 5.3077
30 54 2 0.1978
30 55 16 3.6678
30 56 139 24.7332
30 57 39 13.3484
30 58 5 0.8399
30 59 32 4.1638
30 60 77 14.1971
30 61 67 16.5166
30 62 26 7.1691
30 63 45 10.3439
30 64 28 5.5745
30 66 6 0.7704
30 67 852 179.1147
30 68 124 29.2738
30 69 38 5.8572
30 70 102 18.6239
30 71 3 0.7075
30 72 403 76.9110
30 73 7 1.2950
30 74 355 112.2147
30 75 3 0.3857
30 76 70 15.5370
30 77 22 4.3661
30 78 76 16.0783
30 79 60 11.0711
30 80 47 8.0664
30 81 17 3.1314
30 82 1 0.1304
30 83 10 1.5886
30 84 128 20.6164
30 85 41 8.5048
30 86 3 0.7352
30 87 449 135.0897
30 88 32 4.7932
30 90 145 27.8875
30 91 5 0.8078
30 93 56 14.2236
30 94 15 1.7643
30 95 223 61.8962
30 96 27 6.1311
30 97 379 131.4825
30 98 17 2.8833
30 99 402 102.6096
30 100 629 143.1758
30 101 1 0.1586
30 102 9 2.7243
30 103 28 5.5790
30 104 69 12.9265
30 105 34 6.7143
30 106 52 13.1391
30 107 7 1.0224
30 108 18 4.8822
30 109 81 14.4093
30 111 88 18.3057
30 112 488 102.4213
30 113 3 0.3121
30 114 28 3.4650
30 115 90 14.9361
30 116 13 2.7535
30 118 9 1.3916
30 119 6 1.0286
30 120 4 0.6041
30 122 34 7.5820
30 124 43 10.3018
30 125 55 9.1629
30 126 115 18.2642
30 127 24 4.0051
30 128 44 9.1792
30 129 4 0.5051
30 130 19 4.8330
30 131 34 7.0243
30 133 337 85.2944
30 134 18 4.2064
30 135 14 2.3413
30 136 1 0.0822
30 137 1 0.1777
30 138 138 29.0713
30 139 101 26.3918
30 140 1 0.1895
30 141 69 11.8275
30 142 43 7.7901
30 143 116 20.8572
30 144 20 3.4891
30 145 57 12.2256
30 146 59 8.5159
30 147 8 0.9994
30 148 31 5.1451
30 149 173 30.9683
30 150 14 2.0073
30 151 21 4.5568
30 153 425 93.8739
30 154 122 22.2747
30 156 60 9.7082
30 158 1 0.1482
30 159 48 8.7831
30 160 74 16.5758
30 161 1569 445.4691
30 162 11 1.4707
30 163 46 7.0357
30 164 51 10.9568
30 165 63 14.0842
30 166 51 9.4397
30 167 39 8.6379
30 168 67 13.7059
30 169 1 0.0974
30 170 365 77.5789
30 171 90 19.4146
30 172 31 8.6827
30 173 6 1.5606
30 175 2435 676.7579
30 176 33 5.7027
30 177 33 4.9473
30 178 19 3.1162
30 179 3 0.3219
30 180 46 9.1412
30 181 98 22.5645
30 182 492 112.0331
30 183 16 2.6299
30 184 22 3.6978
30 185 13 3.5850
30 186 1 0.2464
30 188 59 13.7543
30 189 2 0.4203
30 190 40 9.5039
30 191 21 3.9492
30 192 21 4.5404
30 193 182 48.2137
30 194 65 14.2231
30 195 25 4.7118
30 196 1 0.1243
30 197 1008 223.1843
30 198 23 3.7883
30 199 38 6.4636
30 200 2 0.3651
30 201 8 1.1716
30 202 28 8.1556
30 203 41 8.5802
30 204 5 0.8330
30 205 162 34.4280
30 206 310 69.9131
30 207 55 11.1393
30 208 37 7.7618
30 209 1447 311.3655
30 210 699 145.3423
30 211 43 11.8459
30 212 149 24.4198
30 213 28 6.2220
30 215 39 6.3271
30 216 12 2.4436
30 217 8 2.1571
30 218 50 7.5233
30 219 9 1.7653
30 220 299 77.4554
30 221 15 3.4237
30 222 13 4.2262
30 225 537 134.3287
30 226 279 67.0199
30 228 16 2.0077
30 229 206 38.0282
30 230 5 0.6783
30 231 13 3.4904
30 232 2 0.1942
30 233 277 81.7281
30 234 171 56.2349
30 235 816 182.7992
30 236 99 27.2950
30 237 21 2.5620
30 238 2 0.5208
30 239 1 0.1354
30 240 37 12.1294
30 241 36 7.6182
30 242 2 0.5075
30 243 76 17.4181
30 244 30 5.5374
30 245 110 22.6093
30 246 23 4.3779
30 247 68 14.8765
30 248 20 4.0911
30 249 130 27.8853
30 250 237 48.5820
30 251 55 12.4488
30 252 344 77.4532
30 253 2 0.3784
30 254 19 3.0799
30 255 88 22.4921
30 256 34 9.9179
30 257 37 4.8970
30 258 3 0.3197
30 259 61 14.1258
30 260 20 3.2663
30 261 20 4.3749
30 262 141 36.7395
30 263 228 56.3172
30 264 234 52.5358
30 265 57 15.0372
30 266 8 1.4591
30 267 17 3.3896
30 268 3 0.6714
30 269 63 12.0724
30 270 11 1.4436
30 271 1 0.0890
30 272 33 5.7229
30 273 85 15.0867
30 274 23 4.4758
30 275 39 5.0594
30 276 1 0.1883
30 277 3 0.3789
30 278 58 9.0636
30 279 29 8.5654
30 280 86 18.9948
30 281 146 26.1470
30 283 5 0.8225
30 284 3 0.3428
30 285 91 16.5286
30 286 84 19.0167
30 287 22 6.8250
30 288 253 78.9154
30 289 17 2.3514
30 290 4 0.5713
30 291 185 42.8803
30 292 68 12.5022
30 293 2 0.2626
30 294 165 39.9689
30 295 173 31.9770
30 296 151 28.4328
30 297 10 1.5052
30 299 130 25.3766
30 300 15 2.4364
30 301 257 59.3297
30 302 319 68.6661
30 303 406 129.0717
30 304 83 14.0313
30 305 44 10.3084
30 306 56 12.4738
30 307 32 7.1348
30 308 56 8.6085
30 309 12 1.9570
30 310 156 28.1617
30 311 33 7.5926
30 312 8 2.0040
30 313 69 10.6680
30 315 3 0.4755
30 316 4 0.4517
30 317 279 64.7597
30 319 34 5.4716
30 320 235 75.2949
30 321 233 42.1800
30 322 52 14.2249
30 323 16 2.9833
30 324 193 38.9842
30 325 2 0.6490
30 326 84 13.2023
30 327 157 35.4137
30 328 29 5.3539
30 329 220 54.6939
30 330 23 3.3565
30 331 542 137.9881
30 332 23 5.3549
30 334 1640 597.9267
30 335 26 7.9722
30 336 81 19.9901
30 337 16 3.6552
30 338 31 6.4496
30 339 3 0.3537
30 341 96 17.5179
30 342 95 19.9024
30 344 62 11.0538
30 345 534 148.0680
30 346 15 4.7574
30 347 16 2.9054
30 348 50 10.8756
30 349 175 34.6549
30 350 25 3.8367
30 351 18 3.0050
30 352 11 1.4091
30 353 2 0.4503
30 354 37 6.3567
30 355 198 37.2251
30 356 1223 361.0378
30 358 176 54.6276
30 359 33 5.2454
30 360 7 1.4829
30 361 144 20.6369
30 362 7 0.9041
30 364 286 66.3084
30 365 7 1.0732
30 366 43 10.0027
30 367 31 5.7468
30 368 12 3.2971
30 370 15 2.1375
30 371 7 1.2694
30 374 3 0.6030
30 375 33 6.9670
30 376 203 38.0048
30 377 119 22.3922
30 378 38 8.2029
30 379 418 105.0014
30 380 21 4.5502
30 382 18 3.5732
30 383 100 18.3525
31 0 1 0.1504
31 1 6 1.7227
31 2 157 29.9263
31 3 593 171.3881
31 4 87 18.6143
31 5 45 9.7458
31 6 164 38.6813
31 7 91 15.8920
31 8 63 12.2629
31 9 7 1.4085
31 10 25 4.2923
31 11 82 17.2630
31 12 6 1.3702
31 13 62 11.1609
31 14 80 22.1727
31 15 99 22.7319
31 16 46 8.8121
31 17 1082 263.1674
31 19 152 34.0464
31 20 147 33.6543
31 22 222 80.1100
31 23 1 0.1984
31 24 69 17.4153
31 25 186 35.8794
31 26 24 6.2669
31 28 236 47.8819
31 29 396 119.2458
31 30 17 2.7110
31 31 942 176.0452
31 32 13 2.3136
31 33 9 3.3171
31 34 70 15.4742
31 35 1 0.1812
31 36 113 27.3195
31 37 82 19.8887
31 38 242 46.6358
31 39 54 10.9657
31 40 3 0.3804
31 41 101 27.6205
31 42 43 8.6351
31 43 273 68.9285
31 45 93 18.6229
31 46 213 45.9360
31 47 15 3.1771
31 48 499 138.5278
31 50 82 19.3276
31 51 42 11.7419
31 52 2231 667.5358
31 53 82 17.0744
31 54 1 0.2088
31 55 28 5.3809
31 56 146 35.2111
31 57 8 2.0027
31 58 28 4.6799
31 59 59 11.0340
31 60 10 1.7503
31 61 16 3.2977
31 62 5 0.8260
31 63 28 5.3001
31 64 304 69.5977
31 65 17 3.5173
31 66 85 18.8787
31 67 140 39.0263
31 68 101 25.6218
31 69 15 2.5874
31 70 592 131.8275
31 71 35 9.4118
31 72 8 1.4401
31 74 3 0.3996
31 75 47 8.8430
31 76 336 77.5544
31 77 79 14.7945
31 78 2 0.3034
31 79 64 15.3511
31 80 45 8.2805
31 81 51 9.3058
31 82 12 1.7858
31 83 14 2.2843
31 84 97 19.8722
31 85 128 22.5044
31 86 2 0.2657
31 87 52 12.7144
31 88 431 107.1859
31 90 20 6.6822
31 91 29 6.7637
31 92 47 12.9758
31 94 29 5.7977
31 95 18 3.2851
31 96 459 89.8316
31 97 167 28.5337
31 98 19 5.4183
31 99 19 4.9453
31 100 26 5.3929
31 101 112 24.7039
31 102 53 10.9708
31 103 308 62.9374
31 104 541 156.7861
31 105 664 131.4883
31 106 3 0.5207
31 107 1 0.1706
31 108 36 9.1978
31 109 35 8.5218
31 110 32 6.5062
31 111 13 1.7563
31 112 1 0.1812
31 113 4 0.6471
31 114 8 1.6323
31 115 435 108.0628
31 116 20 4.5273
31 117 33 6.1359
31 118 70 17.3580
31 119 5 0.8521
31 120 62 14.6397
31 121 33 5.3165
31 122 34 7.0666
31 123 25 4.6082
31 124 15 2.5656
31 125 28 6.2887
31 127 58 13.2503
31 128 6 1.1467
31 129 143 24.0699
31 130 103 20.2157
31 131 68 13.6252
31 132 22 3.3497
31 133 126 24.7935
31 134 101 18.8218
31 135 74 14.8069
31 136 7 1.3788
31 137 280 79.9917
31 138 173 31.3627
31 139 71 20.7477
31 140 74 17.5173
31 141 127 29.8523
31 142 135 34.3433
31 143 132 25.7900
31 144 364 82.8321
31 145 4 0.7268
31 146 57 11.1953
31 147 25 5.4180
31 148 4 1.0087
31 149 19 3.1821
31 150 2 0.3479
31 151 22 5.2229
31 152 100 21.2412
31 153 223 43.8285
31 154 8 1.4622
31 155 113 23.7265
31 156 96 20.5029
31 157 8 1.8094
31 158 30 9.7546
31 160 283 84.0149
31 161 4 0.6650
31 162 31 5.1400
31 164 44 7.9195
31 165 15 3.9783
31 167 59 13.6034
31 168 496 178.2337
31 169 4 0.7240
31 170 78 20.9667
31 171 143 23.9901
31 173 57 10.9876
31 174 12 3.2191
31 175 163 80.6457
31 176 5 0.8683
31 178 21 3.7439
31 181 20 3.5874
31 182 177 36.5736
31 184 163 36.2713
31 185 215 44.6249
31 186 19 4.1601
31 188 741 178.8010
31 189 468 120.5417
31 190 297 60.7735
31 191 114 24.6694
31 192 10 2.3887
31 193 28 4.3366
31 195 118 29.8826
31 196 12 3.1557
31 197 7 1.1845
31 198 177 68.4533
31 199 27 4.5388
31 201 59 10.9956
31 202 11 2.4574
31 203 228 47.5600
31 204 8 1.3461
31 205 8 1.1263
31 206 120 31.2414
31 207 11 1.7589
31 208 64 17.6818
31 209 32 6.3962
31 210 16 2.9579
31 211 326 77.6293
31 212 44 11.8025
31 213 300 64.9230
31 214 2 0.3275
31 215 5 0.8142
31 216 31 5.7423
31 217 280 74.5980
31 218 15 2.6225
31 219 34 7.2143
31 220 8 1.5101
31 221 30 6.7930
31 222 19 3.7076
31 223 5 1.1678
31 224 7 1.3245
31 225 10 2.3041
31 226 16 3.3141
31 227 29 7.6198
31 229 1486 409.9218
31 230 92 20.3519
31 231 1 0.1600
31 232 51 10.3890
31 235 3 0.4544
31 236 29 8.2999
31 237 9 2.0671
31 238 10 2.0035
31 239 40 9.3667
31 240 29 6.0861
31 241 111 28.8737
31 242 1 0.2100
31 243 69 15.1311
31 244 201 42.5912
31 245 137 28.8561
31 246 11 1.9317
31 247 65 10.6334
31 249 98 18.6954
31 250 495 138.8475
31 251 59 13.0660
31 253 26 6.3895
31 254 4 0.5587
31 255 211 42.8792
31 256 2 0.6825
31 257 93 19.1103
31 258 78 17.5302
31 259 19 4.9079
31 260 505 158.2173
31 261 14 2.6065
31 262 249 51.0531
31 263 49 13.2286
31 264 10 2.6417
31 266 124 26.9403
31 267 16 3.8538
31 268 52 14.7309
31 269 302 73.2140
31 270 15 2.8969
31 271 119 23.2530
31 272 1 0.4043
31 274 299 72.2213
31 275 35 6.1184
31 276 1535 317.9999
31 277 1 0.2518
31 278 24 6.4339
31 279 184 40.8557
31 280 80 16.5109
31 281 195 38.8939
31 283 1 0.1721
31 284 11 1.8584
31 285 22 6.2711
31 286 317 112.9979
31 287 165 28.0632
31 288 36 6.4357
31 289 52 12.1263
31 290 19 2.7724
31 291 44 8.4390
31 293 386 114.4731
31 294 45 8.3554
31 295 43 7.2818
31 296 77 18.3440
31 297 707 163.4506
31 298 68 17.8586
31 299 18 6.2148
31 300 23 4.1038
31 301 58 10.2531
31 302 19 3.4219
31 303 200 50.6693
31 304 97 21.3689
31 305 3 0.5598
31 306 164 45.8820
31 308 1885 731.2257
31 309 12 2.6946
31 310 128 33.5685
31 311 117 23.8492
31 312 23 4.7267
31 313 116 24.7556
31 314 89 25.8965
31 315 26 5.1893
31 316 31 6.9199
31 317 13 3.4088
31 318 440 93.6255
31 319 9 1.8684
31 321 4 0.7096
31 322 14 2.5541
31 323 88 15.4854
31 324 440 136.1902
31 325 123 32.5846
31 326 162 38.4793
31 327 33 6.9042
31 329 10 1.7262
31 330 1122 403.7343
31 331 2 0.3501
31 332 39 8.7291
31 333 4 0.7844
31 334 78 13.9790
31 335 28 5.3773
31 336 4 0.8745
31 337 662 143.9865
31 338 18 2.4086
31 339 428 109.1538
31 340 100 21.1417
31 341 33 6.0348
31 342 95 17.2019
31 343 34 8.1671
31 344 17 3.2867
31 345 159 28.7217
31 346 14 2.6666
31 347 37 11.1454
31 348 305 55.9655
31 349 32 6.6938
31 350 385 98.6968
31 351 186 73.0968
31 352 22 6.5921
31 353 31 5.1660
31 354 439 98.3263
31 355 9 2.5533
31 356 75 15.4843
31 357 1136 308.3363
31 358 231 47.3599
31 359 94 19.3430
31 361 116 26.0671
31 362 68 14.0159
31 363 26 4.2615
31 364 46 10.9742
31 365 13 2.1279
31 366 1 0.1538
31 368 104 19.9722
31 369 13 3.5984
31 370 32 11.2581
31 371 9 1.4816
31 375 609 129.0915
31 376 29 5.4232
31 377 5 0.8476
31 378 138 25.9891
31 381 35 7.1834
31 382 6 1.1096
31 383 51 8.8528
32 0 9 2.1155
32 1 30 6.0559
32 2 7 1.3318
32 3 5 1.0316
32 4 143 26.8568
32 5 268 90.7553
32 6 21 6.2746
32 7 100 23.6514
32 8 525 135.5712
32 9 24 4.1475
32 10 44 11.1562
32 11 15 2.4913
32 12 2 0.4278
32 13 251 65.8725
32 14 851 207.0987
32 15 26 5.2888
32 16 2 0.3932
32 18 204 39.7215
32 19 382 80.1564
32 20 150 28.9713
32 21 7 1.2840
32 22 4 0.7330
32 23 60 13.9498
32 24 67 14.5840
32 25 57 11.9306
32 27 40 7.4727
32 28 24 5.2212
32 29 1154 240.8739
32 30 7 1.2882
32 31 3 0.5611
32 32 102 24.1784
32 33 106 20.3598
32 34 10 2.3260
32 35 115 22.5512
32 36 10 2.3414
32 37 79 15.4145
32 38 12 3.2843
32 39 21 4.0152
32 40 4 0.6566
32 41 182 54.1534
32 42 40 6.3982
32 43 266 154.4628
32 44 22 4.7709
32 45 44 12.7069
32 46 101 19.0624
32 47 81 17.1705
32 48 221 44.6781
32 49 53 12.3671
32 50 54 8.8573
32 51 5 0.6571
32 52 90 15.9096
32 53 9 1.5535
32 54 129 34.1469
32 56 7 1.3146
32 57 3 0.5575
32 58 51 11.1936
32 59 50 10.6017
32 60 22 3.8093
32 61 85 22.4349
32 62 32 8.0287
32 63 19 3.5527
32 64 129 22.5212
32 65 19 4.2528
32 66 228 47.6235
32 67 30 8.7728
32 68 5 0.8921
32 69 26 7.6921
32 70 243 50.5902
32 71 1015 362.5240
32 72 223 65.5085
32 73 6 0.7011
32 74 498 99.6792
32 75 39 11.7057
32 77 44 6.6532
32 78 191 38.2397
32 79 121 30.9524
32 80 5 0.6569
32 81 90 16.5491
32 82 735 138.8005
32 83 18 4.8142
32 85 219 52.8496
32 87 20 2.8927
32 88 100 21.7988
32 89 55 9.2283
32 90 970 372.5921
32 91 1060 288.6649
32 92 426 93.0503
32 94 21 4.6128
32 95 26 5.0820
32 97 99 19.3317
32 98 12 1.5517
32 99 23 4.0703
32 100 180 35.8393
32 101 210 52.8357
32 102 40 7.5907
32 103 24 5.1913
32 105 748 198.7024
32 106 21 5.7172
32 107 455 86.3982
32 108 13 3.1108
32 109 94 18.0238
32 110 1 0.2071
32 111 3 0.3683
32 112 18 4.8152
32 113 80 16.9423
32 114 7 1.8306
32 115 21 3.8246
32 117 101 18.7772
32 118 6 0.9290
32 119 6 1.0557
32 120 32 5.4044
32 121 166 31.9338
32 122 159 27.7654
32 123 12 1.7094
32 124 220 42.6474
32 125 3 0.3238
32 126 13 2.6264
32 127 21 3.8840
32 128 119 26.1196
32 129 238 44.4327
32 130 17 2.7045
32 132 122 23.9965
32 133 10 3.0813
32 134 98 18.5103
32 135 37 11.2945
32 136 130 24.1297
32 137 214 77.9482
32 139 92 18.2592
32 140 27 4.2031
32 141 42 7.7097
32 142 177 39.6194
32 143 116 28.1130
32 144 77 17.2758
32 145 9 1.6147
32 146 48 10.0509
32 148 4 0.5989
32 149 439 90.2348
32 150 69 12.4178
32 151 1 0.1493
32 152 43 11.3665
32 153 144 29.2952
32 155 21 4.4282
32 156 116 24.7378
32 157 89 20.8809
32 158 6 0.9335
32 159 1 0.2338
32 160 34 5.7915
32 161 138 26.9156
32 163 13 3.2427
32 164 4 0.5736
32 165 12 1.9999
32 166 182 36.7005
32 167 105 21.1798
32 168 6 1.0686
32 169 99 20.2980
32 170 48 10.1305
32 171 20 3.5582
32 172 12 1.9572
32 173 66 13.0276
32 174 16 2.7940
32 175 165 30.1833
32 176 9 1.5844
32 177 103 18.4566
32 178 25 5.9934
32 179 2 0.1919
32 180 26 5.8500
32 181 54 9.2276
32 182 37 8.7522
32 183 17 5.2880
32 184 12 2.0144
32 185 6 1.2814
32 186 546 120.2020
32 187 12 2.7816
32 188 6 1.2875
32 189 30 8.6357
32 190 75 16.0697
32 191 111 23.3745
32 192 2 0.5070
32 193 1 0.0826
32 194 16 2.6743
32 195 6 1.7220
32 197 60 12.5238
32 198 1 0.1887
32 199 2 0.4010
32 200 134 27.8977
32 201 2 0.2820
32 202 99 16.9527
32 203 29 4.6854
32 204 73 18.2329
32 205 697 258.0875
32 206 28 7.5699
32 207 22 4.2226
32 208 96 17.1236
32 209 247 50.5542
32 210 656 126.6556
32 211 189 39.0673
32 212 3 0.3947
32 213 2 0.4937
32 215 120 29.5909
32 216 6 0.9898
32 217 6 0.7812
32 218 34 7.9011
32 219 93 19.5200
32 220 46 8.4489
32 221 716 182.6585
32 222 65 17.5647
32 223 51 9.1322
32 224 15 2.2232
32 225 3 0.9953
32 226 567 127.1463
32 227 25 4.4257
32 228 93 20.5779
32 231 62 11.5873
32 232 113 20.6018
32 233 40 8.8145
32 234 127 29.8586
32 235 113 21.5617
32 236 47 8.4186
32 237 18 5.0976
32 238 36 10.3633
32 239 231 41.7884
32 240 48 13.0519
32 241 33 6.1013
32 242 65 16.3715
32 243 5 1.4007
32 244 43 7.2891
32 245 155 31.8200
32 246 152 28.9495
32 247 63 16.0611
32 248 1188 308.4482
32 249 5 1.1310
32 250 53 9.2055
32 251 29 8.4342
32 252 24 7.6167
32 253 63 9.8510
32 254 47 7.3948
32 255 2 0.3816
32 256 64 13.6584
32 257 6 0.6876
32 258 141 26.4428
32 259 7 0.8474
32 260 2 0.3750
32 261 37 7.3797
32 262 39 9.3769
32 263 98 24.7591
32 264 51 14.1243
32 265 143 44.5462
32 266 9 1.4528
32 267 571 133.6575
32 268 6 0.9228
32 269 33 5.5999
32 270 191 41.8046
32 271 43 8.5994
32 272 88 13.7209
32 273 113 23.0851
32 274 22 5.3555
32 275 69 12.1557
32 276 3354 1113.1628
32 277 438 83.2843
32 279 67 12.3572
32 280 74 15.4582
32 281 36 7.2655
32 282 477 136.9187
32 283 1124 331.7682
32 284 5 1.0678
32 285 55 14.4856
32 286 5 0.9267
32 287 97 18.9081
32 288 56 10.0624
32 289 394 76.3243
32 290 17 3.7419
32 291 2 0.3578
32 292 57 10.1299
32 293 4 0.6771
32 294 87 21.0453
32 295 128 26.2682
32 296 4 0.6219
32 297 89 15.8291
32 299 19 5.4227
32 300 122 22.3030
32 301 32 8.0207
32 302 13 2.8022
32 303 542 116.7059
32 304 6 1.3122
32 305 187 39.6886
32 306 1 0.2942
32 307 65 12.4162
32 308 1 0.1081
32 309 4 0.8531
32 310 64 12.8236
32 311 15 2.3685
32 312 67 14.2066
32 313 27 5.0604
32 314 27 4.7219
32 315 16 5.0387
32 316 8 1.2341
32 317 102 22.0446
32 318 148 53.3604
32 320 1 0.1484
32 321 51 9.5085
32 322 82 15.2077
32 323 186 54.9989
32 324 5 0.9780
32 325 240 49.6061
32 326 5 0.7448
32 327 9 1.6670
32 328 60 11.7119
32 329 59 11.7104
32 330 1 0.1423
32 331 22 3.5031
32 332 28 5.9100
32 333 347 112.9197
32 335 79 13.5407
32 336 32 6.5176
32 337 261 55.9461
32 338 2021 726.2741
32 339 261 55.0941
32 340 159 33.0084
32 341 35 7.1161
32 342 14 3.3940
32 343 22 4.9317
32 344 237 49.9672
32 345 3 0.6113
32 346 121 23.4386
32 347 8 1.7831
32 348 42 8.1884
32 349 19 3.2779
32 350 12 5.5222
32 351 37 7.8539
32 352 8 2.3892
32 353 79 24.3253
32 354 63 10.7798
32 355 148 28.2842
32 356 43 8.5344
32 358 40 8.0244
32 359 28 5.1226
32 360 18 2.8818
32 361 38 5.7439
32 362 51 10.1775
32 363 183 50.6371
32 364 133 27.9035
32 365 277 55.2578
32 366 35 9.6197
32 367 202 37.2488
32 368 141 23.8752
32 370 6 0.7418
32 373 235 43.6364
32 374 466 98.7126
32 375 347 97.1905
32 376 160 30.8737
32 377 33 8.6138
32 378 460 120.5398
32 379 2 0.4332
32 380 11 2.3105
32 381 5 0.9299
32 382 6 1.0941
32 383 173 40.8369
33 0 57 11.3559
33 1 415 107.2809
33 2 570 166.0127
33 3 2052 609.0102
33 4 5 0.9352
33 5 175 32.0813
33 7 149 31.5218
33 8 140 35.3772
33 9 186 38.5455
33 10 699 162.1913
33 11 6 1.0358
33 12 9 1.5800
33 13 575 152.6906
33 14 15 4.6465
33 15 101 21.8715
33 16 431 82.1783
33 17 301 57.1220
33 18 15 2.5654
33 19 16 2.5036
33 20 22 4.1931
33 21 52 10.5571
33 22 741 164.3578
33 23 103 19.8824
33 24 239 45.7359
33 25 69 16.7501
33 26 24 4.5836
33 28 761 173.5343
33 29 41 7.2611
33 30 114 25.7730
33 31 12 1.8616
33 32 423 103.7749
33 33 23 4.2866
33 34 42 12.7187
33 35 298 94.8075
33 36 22 4.5773
33 37 6 0.9478
33 38 79 14.5277
33 39 3 0.6127
33 40 18 4.2677
33 41 61 18.3188
33 42 31 6.6751
33 43 2 0.2901
33 44 82 15.7725
33 45 19 5.1317
33 46 107 24.6783
33 47 2 0.3590
33 48 95 19.8422
33 49 44 8.6634
33 50 85 16.3745
33 51 54 17.0135
33 52 1 0.1510
33 53 89 29.8840
33 54 52 14.4326
33 55 139 26.2119
33 56 1 0.0000
33 57 17 3.9343
33 59 21 5.1253
33 60 30 9.1652
33 61 206 37.3846
33 62 8 2.9097
33 63 1 0.1967
33 64 233 46.8957
33 65 3 0.4680
33 66 173 44.6308
33 67 372 73.6945
33 68 163 61.3652
33 69 566 160.8407
33 70 4 0.8188
33 71 12 2.1777
33 72 15 2.4785
33 73 4 0.8866
33 74 1 0.2254
33 75 259 52.3297
33 76 23 5.2657
33 77 61 16.2127
33 78 2 0.2235
33 79 58 12.0267
33 80 94 17.8785
33 81 153 40.8109
33 82 8 1.2510
33 83 14 2.7372
33 84 20 3.1828
33 85 1 0.0945
33 86 13 2.7622
33 87 98 20.0854
33 88 14 3.1572
33 90 6 0.8888
33 91 12 2.8397
33 92 296 70.4167
33 93 37 10.0172
33 95 10 2.7684
33 96 360 92.6908
33 97 189 30.9853
33 98 60 14.0928
33 99 1 0.2682
33 100 6 0.9407
33 101 81 20.3588
33 102 34 6.7646
33 104 21 4.1695
33 105 81 18.2756
33 106 59 10.8860
33 107 102 30.4527
33 108 83 17.5030
33 109 762 361.0237
33 110 22 4.1353
33 111 44 11.6541
33 113 31 7.6346
33 115 31 6.5650
33 116 339 75.0910
33 117 12 2.0344
33 118 146 33.7140
33 119 482 104.3020
33 120 18 5.3367
33 121 2 0.2673
33 122 207 48.8371
33 123 123 25.3169
33 124 2 0.4142
33 125 682 213.5706
33 126 41 9.6308
33 127 35 9.3917
33 128 4 0.6342
33 130 44 9.8319
33 131 47 9.3494
33 133 11 2.8616
33 134 1957 399.1504
33 135 211 54.8044
33 136 2 0.4255
33 137 16 2.8160
33 138 14 2.4971
33 139 5 1.0137
33 140 95 22.3871
33 141 64 11.8162
33 142 9 1.5007
33 143 64 20.5993
33 144 215 72.0626
33 145 277 65.5747
33 147 10 2.2928
33 148 3 0.5522
33 149 55 12.1774
33 150 60 10.8691
33 151 144 26.0352
33 152 9 1.5822
33 153 462 98.7253
33 154 1197 276.1189
33 155 7 1.2091
33 157 112 30.0899
33 158 17 3.0844
33 159 121 31.7608
33 160 3 0.4456
33 161 41 7.4449
33 162 8 1.3795
33 163 20 5.4875
33 164 133 32.2078
33 165 49 9.7309
33 166 46 8.4871
33 167 47 11.4647
33 168 37 7.9133
33 169 4 0.8430
33 170 8 1.2826
33 171 185 39.0855
33 172 117 29.9310
33 173 67 13.3959
33 174 38 8.3517
33 175 18 3.2815
33 176 58 9.8590
33 177 15 2.5525
33 178 125 25.6425
33 179 5 0.9205
33 180 123 22.3876
33 181 4 1.0647
33 182 31 10.9310
33 183 40 10.9832
33 184 1 0.2148
33 185 110 22.9119
33 186 77 14.1300
33 187 267 67.9636
33 188 51 10.6913
33 189 32 5.8756
33 190 916 207.4971
33 191 14 2.7728
33 192 89 17.9730
33 193 187 54.3857
33 194 53 12.1123
33 196 395 165.9002
33 198 325 60.2501
33 199 20 3.6981
33 200 9 1.8025
33 201 37 9.5062
33 202 21 4.5436
33 203 50 10.5952
33 204 18 4.5883
33 205 68 11.4625
33 206 44 7.8405
33 207 20 4.0486
33 208 151 28.1335
33 209 199 39.3100
33 210 117 25.4756
33 211 80 17.9770
33 212 56 11.6961
33 213 6 1.2919
33 214 67 12.7298
33 215 208 74.9216
33 216 70 17.1989
33 217 2 0.3535
33 218 129 22.7176
33 219 4 0.5356
33 220 22 5.2297
33 221 64 15.1619
33 222 14 2.7585
33 223 47 8.5435
33 224 1 0.0000
33 225 13 2.5928
33 226 2 0.4212
33 227 14 2.2635
33 228 172 42.6057
33 229 90 26.8616
33 232 156 39.9457
33 233 198 45.7347
33 234 24 5.5421
33 235 121 22.6922
33 236 23 4.3319
33 237 12 1.8069
33 238 64 11.9158
33 239 1 0.2961
33 240 274 55.3209
33 241 148 44.6766
33 242 255 77.6552
33 243 20 3.5007
33 244 166 38.2049
33 245 88 19.8716
33 246 12 3.4834
33 247 46 11.7479
33 248 211 63.9716
33 249 12 2.2201
33 251 219 41.2614
33 252 108 26.6118
33 253 110 21.4293
33 254 9 1.4785
33 255 5 1.8392
33 256 31 6.8791
33 257 49 8.6819
33 258 2 0.6807
33 259 154 33.6886
33 260 36 8.9547
33 261 21 4.8506
33 263 135 36.8975
33 264 34 7.1040
33 265 31 7.8715
33 266 139 26.0098
33 267 5 0.6798
33 268 227 46.7488
33 269 9 1.7635
33 270 36 9.9359
33 271 16 2.7883
33 274 530 148.4777
33 275 41 7.8404
33 276 267 65.8309
33 277 53 9.4632
33 278 6 1.3072
33 279 2 0.4202
33 280 14 2.4790
33 281 13 3.0838
33 282 80 16.3548
33 283 196 61.2018
33 284 109 18.8401
33 285 11 1.9428
33 286 117 23.2469
33 287 2 0.3329
33 288 75 22.1958
33 289 55 11.0613
33 290 14 3.0868
33 291 167 37.6625
33 292 17 3.6257
33 293 11 3.1042
33 294 176 37.9129
33 295 47 15.0613
33 297 333 65.7596
33 298 31 6.7961
33 299 39 11.3431
33 300 39 7.3334
33 301 1263 374.2749
33 302 69 11.7817
33 303 9 2.0382
33 304 1 0.1665
33 305 24 6.9939
33 306 610 175.3641
33 307 234 57.9800
33 308 6 1.0986
33 309 902 413.3776
33 310 85 14.6482
33 311 90 18.1915
33 312 25 5.9710
33 313 31 7.5824
33 314 32 10.0831
33 315 105 20.6248
33 316 72 14.1146
33 317 8 1.3503
33 318 173 42.4582
33 319 42 8.0405
33 320 9 1.6902
33 321 1 0.1041
33 322 31 8.9487
33 323 63 11.6581
33 324 49 12.7525
33 325 104 25.7447
33 326 813 228.7507
33 327 247 49.0857
33 328 76 21.8266
33 329 391 63.2505
33 330 32 5.7025
33 331 4 0.7471
33 332 6 2.5720
33 333 82 14.8826
33 334 82 18.2289
33 335 2 0.5502
33 337 156 30.2994
33 338 12 2.0689
33 339 23 9.5635
33 340 8 1.7348
33 341 7 1.0047
33 342 90 16.5584
33 343 191 37.7877
33 344 13 2.4573
33 345 230 77.7963
33 346 246 87.7159
33 347 46 8.5658
33 348 7 1.2575
33 349 9 1.4295
33 350 86 21.6112
33 351 67 11.6617
33 352 1 0.1953
33 354 41 8.4699
33 355 20 4.9664
33 356 92 15.4463
33 357 4 1.3441
33 358 694 264.3381
33 359 397 101.7269
33 360 34 5.9205
33 361 3 0.4820
33 362 1061 195.8280
33 363 1 0.1301
33 364 142 23.7950
33 365 129 28.1336
33 366 680 204.6418
33 367 86 16.7549
33 368 350 64.5827
33 369 108 22.1093
33 370 2 0.4359
33 371 30 7.6587
33 372 25 4.4552
33 373 43 12.6043
33 374 32 6.4486
33 375 4 0.8101
33 376 71 14.5211
33 378 40 7.6515
33 380 479 95.0524
33 381 25 5.6900
33 382 3 0.5630
33 383 4 0.7081
34 0 42 9.1235
34 1 227 48.8879
34 2 1 0.1601
34 3 230 56.6140
34 4 117 20.1734
34 5 17 2.7623
34 6 497 135.1860
34 7 62 12.2347
34 8 245 62.9108
34 9 15 2.6188
34 10 2 0.3009
34 11 21 5.0262
34 12 22 3.5569
34 13 23 5.0697
34 14 361 86.2786
34 15 19 3.8742
34 16 18 2.7934
34 17 10 3.7228
34 18 24 7.3199
34 19 28 5.5570
34 20 82 14.8077
34 21 24 3.7702
34 22 34 5.4061
34 24 43 8.2089
34 25 122 25.0793
34 26 10 2.0939
34 27 70 15.3715
34 28 21 3.5249
34 29 7 1.3246
34 30 2 0.2535
34 31 505 130.8346
34 32 56 14.2324
34 33 13 3.1659
34 34 20 3.1632
34 35 8 1.3009
34 36 19 3.4805
34 37 24 4.6652
34 38 5 0.6684
34 39 30 5.0740
34 40 1 0.3203
34 41 2 0.2700
34 42 273 73.7345
34 43 161 31.2927
34 44 173 32.2387
34 45 137 23.1492
34 46 247 60.8463
34 47 89 18.4843
34 48 155 26.5238
34 49 83 21.9117
34 50 69 13.2129
34 51 1 0.1375
34 52 52 12.6968
34 53 18 4.1094
34 54 76 17.7388
34 55 15 4.5213
34 56 48 11.7867
34 57 69 14.5789
34 58 15 2.8961
34 60 128 25.6727
34 61 27 4.1575
34 62 18 3.3327
34 63 40 6.9102
34 64 1 0.1661
34 65 602 212.0748
34 66 93 22.2129
34 67 38 9.6149
34 68 102 24.1709
34 69 12 2.0370
34 70 89 16.4081
34 72 14 2.9151
34 73 4 0.6102
34 74 245 43.5967
34 75 653 158.9437
34 76 39 6.2217
34 77 3 0.3653
34 78 168 27.3097
34 79 40 6.3243
34 80 1059 441.4221
34 81 640 192.1618
34 82 78 17.2252
34 83 3 0.8443
34 84 186 48.9153
34 85 37 5.5284
34 87 11 1.8298
34 88 38 10.5543
34 89 45 14.2006
34 90 132 40.1772
34 91 12 2.1957
34 92 335 93.9053
34 93 6 1.1783
34 94 362 112.4135
34 95 114 26.4129
34 96 48 11.1221
34 97 145 27.6902
34 98 12 2.2831
34 100 17 5.2629
34 101 362 69.8540
34 102 27 3.9292
34 103 822 261.8119
34 104 118 19.2472
34 105 85 16.8253
34 106 368 83.2761
34 107 16 3.2243
34 108 1085 331.0853
34 109 17 3.6064
34 110 37 9.2076
34 111 50 9.8137
34 112 16 3.2749
34 114 1 0.2815
34 115 25 7.3761
34 116 19 5.2826
34 117 630 194.4136
34 118 30 4.9041
34 119 46 12.9667
34 120 227 51.5392
34 121 6 1.5609
34 122 1676 332.8562
34 123 72 13.1521
34 124 21 3.7476
34 125 370 82.1990
34 126 20 3.9488
34 127 344 75.2957
34 128 386 76.0531
34 129 52 10.6380
34 131 19 4.1354
34 132 24 4.0332
34 133 5 0.7991
34 134 285 51.4848
34 135 2 0.3533
34 136 8 2.0215
34 137 369 91.6249
34 138 69 13.8431
34 139 31 4.6788
34 140 36 8.7689
34 141 188 34.3967
34 142 202 34.2595
34 143 5 0.9175
34 144 55 9.6842
34 146 281 101.5695
34 147 3 0.8057
34 148 109 24.9499
34 149 13 3.0384
34 150 20 3.4029
34 151 2 0.3158
34 152 354 99.7553
34 153 2 0.3512
34 154 7 1.9566
34 155 89 19.8047
34 156 34 6.8523
34 157 47 14.9699
34 158 96 21.6665
34 159 79 17.3688
34 160 139 37.7839
34 161 38 6.9091
34 162 200 42.4489
34 163 22 4.3040
34 164 136 40.2277
34 165 2 0.6381
34 166 1072 219.4387
34 167 278 60.8405
34 168 104 20.1320
34 169 2 0.2215
34 170 39 7.3983
34 171 21 3.5492
34 172 361 85.3919
34 173 19 2.8118
34 174 72 15.9669
34 175 22 4.0383
34 176 11 1.4740
34 177 80 15.5177
34 178 442 113.1138
34 179 86 22.0271
34 180 6 0.6027
34 181 15 2.8322
34 182 9 1.4230
34 183 198 43.0629
34 184 2 0.1641
34 185 860 201.1984
34 186 98 23.1602
34 187 199 42.9218
34 188 130 31.4363
34 189 1 0.2124
34 190 38 6.9705
34 192 141 25.0235
34 193 180 32.8126
34 194 3 0.4848
34 195 10 1.5727
34 196 44 8.0550
34 198 23 4.9755
34 199 17 2.7814
34 200 5 1.1748
34 201 26 6.1444
34 203 554 164.7276
34 204 1811 561.1712
34 205 47 8.4110
34 206 101 29.2426
34 207 22 3.6843
34 208 59 9.5107
34 209 42 10.2249
34 210 39 10.3413
34 211 121 25.0323
34 212 16 2.6649
34 213 53 11.8850
34 214 92 17.6112
34 215 32 5.9847
34 216 78 23.7241
34 217 15 2.9440
34 218 276 107.4528
34 219 18 5.3083
34 220 54 14.9657
34 221 15 5.2029
34 222 4 0.6481
34 223 25 7.3616
34 224 50 12.8920
34 225 206 41.8143
34 226 5 0.5444
34 227 90 17.1185
34 228 179 62.7464
34 229 114 18.4470
34 230 31 14.2916
34 231 14 2.5870
34 232 92 29.1145
34 233 57 9.0980
34 234 39 6.9293
34 235 53 11.2813
34 236 145 26.8602
34 237 27 4.7895
34 239 1358 440.3654
34 240 12 2.0408
34 241 46 9.4696
34 242 11 1.5235
34 243 104 18.2730
34 244 11 2.9007
34 245 60 11.9120
34 246 65 16.2173
34 247 84 17.9207
34 248 178 68.8222
34 249 136 26.3006
34 250 68 14.3572
34 251 14 2.0168
34 252 22 4.1392
34 253 28 9.3877
34 254 44 10.1537
34 255 7 1.2576
34 256 40 5.9835
34 257 28 4.6660
34 258 32 6.3730
34 259 455 97.5506
34 260 160 30.5713
34 261 443 86.3554
34 262 20 4.4968
34 263 90 15.1447
34 264 309 67.5311
34 265 4 0.6658
34 266 3 0.4354
34 267 2 0.4196
34 268 376 250.2308
34 269 56 13.3935
34 270 133 21.6933
34 271 177 41.9355
34 273 35 7.5866
34 274 484 98.8662
34 275 803 181.5383
34 276 30 5.1427
34 277 249 77.5551
34 278 75 13.9228
34 279 34 7.6005
34 280 47 12.3733
34 281 48 9.4412
34 282 13 1.9760
34 284 30 5.6719
34 285 25 5.0923
34 286 41 7.6011
34 287 11 2.0901
34 288 360 70.4898
34 289 17 4.1959
34 290 1196 303.2646
34 291 24 5.5743
34 293 77 17.3801
34 294 22 3.9410
34 295 1 0.1125
34 296 364 67.6178
34 297 6 1.1133
34 298 32 5.7342
34 299 180 43.3894
34 300 5 0.8737
34 301 12 2.4580
34 302 26 5.8247
34 304 21 3.5703
34 305 2 0.4613
34 306 36 12.7538
34 307 412 81.2897
34 308 199 43.4870
34 309 714 250.2333
34 310 1 0.1863
34 311 152 27.8487
34 312 30 5.0569
34 313 55 9.3222
34 314 1 0.0936
34 315 19 3.3953
34 316 130 23.9848
34 317 246 51.8096
34 318 355 88.4833
34 319 256 59.5221
34 321 19 3.0764
34 322 9 1.7461
34 323 175 57.2224
34 324 53 15.7174
34 325 11 1.7733
34 326 52 11.0840
34 327 5 0.8732
34 328 21 7.1925
34 329 18 3.4629
34 330 7 1.2967
34 332 16 3.8487
34 333 40 7.9512
34 334 9 1.5133
34 335 90 25.1667
34 336 34 5.8422
34 337 391 75.2330
34 338 83 22.5007
34 339 10 2.2581
34 340 1 0.1401
34 341 54 9.7602
34 342 115 29.6949
34 343 35 6.9654
34 344 19 6.9281
34 345 242 42.9223
34 346 38 7.9596
34 348 100 16.3941
34 349 117 22.6851
34 350 5 0.9207
34 351 59 11.3234
34 352 255 50.7270
34 353 46 8.1134
34 354 7 1.2785
34 355 291 53.4058
34 356 218 41.9400
34 357 281 69.0076
34 358 26 6.2701
34 359 245 68.8000
34 360 60 11.2027
34 361 1 0.1204
34 363 7 1.4662
34 365 145 29.5938
34 366 48 9.0108
34 367 49 16.4851
34 368 34 7.9394
34 369 16 3.2225
34 370 23 5.9651
34 371 48 7.3738
34 372 48 8.7291
34 373 36 7.2412
34 374 51 12.7651
34 375 2 0.4765
34 376 31 6.0551
34 379 74 14.3459
34 380 115 24.0857
34 381 25 8.1026
34 382 17 4.1499
34 383 16 2.4523
35 0 35 6.0895
35 1 13 2.7654
35 2 23 4.2954
35 3 30 7.8426
35 4 82 18.5355
35 5 12 1.9352
35 6 56 10.5001
35 7 1 0.1700
35 8 40 7.2432
35 9 140 37.4440
35 11 582 109.0858
35 12 21 3.8268
35 13 32 7.3079
35 14 38 6.5245
35 15 120 22.9222
35 16 137 27.3806
35 17 47 11.5681
35 18 452 100.0307
35 19 75 14.6015
35 20 28 8.4956
35 21 7 1.3857
35 22 1 0.1910
35 23 12 2.6039
35 24 58 12.8505
35 25 94 19.1659
35 26 204 50.2033
35 27 19 3.2062
35 28 9 1.7447
35 29 38 7.3123
35 30 21 3.5667
35 31 3 0.5410
35 33 23 5.5572
35 34 145 30.8641
35 35 131 42.0769
35 36 34 10.1854
35 37 4 0.8432
35 38 533 139.7254
35 39 41 8.7750
35 40 1 0.1938
35 41 386 70.9667
35 42 45 11.9195
35 43 25 3.9469
35 44 51 10.9598
35 46 2845 831.5415
35 47 241 73.7475
35 48 4 0.5282
35 49 241 60.9055
35 50 8 1.6440
35 51 18 3.5064
35 52 28 5.4727
35 53 39 8.1802
35 54 33 5.2743
35 56 1 0.1378
35 58 366 111.0643
35 59 73 12.0915
35 60 8 1.1487
35 61 162 33.6589
35 62 317 54.4022
35 63 29 7.6577
35 64 54 13.7211
35 66 16 2.9224
35 67 6 1.1148
35 68 67 13.0631
35 69 6 1.4987
35 71 14 2.9608
35 72 23 4.4538
35 73 4 0.7178
35 74 2 0.3300
35 75 168 53.3260
35 76 18 4.5863
35 77 36 6.5360
35 78 25 4.7186
35 79 85 17.9419
35 80 33 8.3764
35 81 6 1.0934
35 82 6 1.0381
35 84 60 11.6123
35 85 90 26.2982
35 86 24 6.0539
35 87 47 8.9904
35 88 70 17.1207
35 90 18 3.0486
35 91 132 27.9897
35 92 204 64.1251
35 93 49 10.5458
35 94 33 7.6167
35 95 11 3.7218
35 96 3 0.4889
35 97 13 1.9281
35 98 217 57.5774
35 99 2 0.3650
35 100 101 26.3507
35 101 7 1.3896
35 102 110 34.6761
35 103 593 111.4272
35 104 268 66.4630
35 105 18 3.3607
35 106 28 7.2593
35 107 12 2.6592
35 108 14 2.4386
35 110 43 10.0712
35 111 32 6.0298
35 112 407 102.9642
35 113 69 16.0135
35 114 21 5.1982
35 115 12 2.8156
35 116 43 11.9389
35 117 112 22.8853
35 118 2905 858.5164
35 119 915 247.8793
35 120 39 7.1129
35 121 68 16.2332
35 122 93 20.2358
35 123 57 9.0047
35 124 59 12.8979
35 125 55 11.2719
35 126 17 2.9082
35 127 64 20.3402
35 129 74 14.5223
35 130 63 10.8431
35 131 255 50.7256
35 132 66 11.5283
35 133 45 9.2664
35 134 15 2.8147
35 135 46 9.1209
35 136 87 17.1215
35 139 50 8.1560
35 140 123 28.6073
35 141 263 66.0509
35 142 1 0.1483
35 144 64 12.8697
35 145 16 3.5861
35 146 175 35.0918
35 147 61 13.1210
35 149 8 1.7659
35 150 4 1.1267
35 151 44 7.4855
35 152 105 22.8724
35 153 457 92.5342
35 154 433 98.1453
35 155 528 126.5857
35 157 98 21.2371
35 158 19 3.9940
35 159 98 20.5367
35 160 51 8.9142
35 161 15 3.7170
35 162 206 37.3954
35 163 65 12.6410
35 164 39 6.8521
35 165 87 27.4628
35 166 24 4.8446
35 167 47 8.0495
35 168 22 5.3335
35 169 4 0.4885
35 170 22 4.6474
35 171 136 28.0493
35 172 65 14.2552
35 173 14 3.0181
35 174 189 38.3242
35 175 2 0.3536
35 176 24 5.3938
35 177 917 389.0781
35 178 98 20.7786
35 179 39 6.3297
35 180 90 16.0468
35 181 11 2.0390
35 182 133 33.5743
35 183 7 1.2110
35 184 75 13.6946
35 185 17 2.6287
35 186 3 0.5120
35 187 6 1.1084
35 188 4 0.9072
35 190 42 7.7186
35 191 200 38.8652
35 193 145 36.5434
35 194 182 41.5235
35 195 16 2.6589
35 196 27 5.5782
35 197 22 4.0627
35 198 5 1.4219
35 199 110 32.0184
35 200 37 11.6104
35 201 271 53.3656
35 202 2 0.2552
35 203 112 22.3057
35 204 11 1.8026
35 205 45 10.4981
35 206 341 97.0460
35 207 57 12.1541
35 208 4 0.6859
35 209 52 14.1701
35 210 84 16.2151
35 211 50 11.1775
35 212 3 0.8204
35 213 25 6.5609
35 214 3 0.4503
35 215 659 174.6379
35 216 24 4.1775
35 217 9 1.4825
35 218 20 5.1451
35 219 21 3.9514
35 221 18 3.6551
35 222 4 0.6659
35 223 139 25.1922
35 224 33 6.4453
35 225 15 2.6659
35 226 3 0.8356
35 227 44 7.0371
35 228 5 0.9950
35 229 296 57.4311
35 230 92 20.7011
35 232 56 13.8119
35 233 299 79.5982
35 234 32 10.5548
35 235 21 3.5531
35 236 74 16.7339
35 237 56 10.0059
35 238 6 0.6809
35 239 19 3.3508
35 240 99 24.3185
35 241 7 1.0013
35 242 4 0.8816
35 243 41 10.4859
35 244 20 4.6289
35 245 7 0.8321
35 246 40 12.4073
35 247 8 1.6645
35 248 73 15.8885
35 249 16 2.5276
35 250 76 17.5306
35 251 36 8.8512
35 252 230 50.6942
35 253 28 4.6146
35 254 21 4.3943
35 255 6 0.8596
35 256 2 0.3717
35 257 1 0.1513
35 258 48 11.7270
35 259 57 11.6804
35 260 75 15.7390
35 261 64 9.6427
35 262 319 68.5287
35 263 34 5.7825
35 264 55 9.9956
35 265 11 2.1845
35 266 1133 271.4079
35 267 249 96.9371
35 268 16 2.8209
35 269 1 0.1000
35 270 97 17.4375
35 271 15 4.2037
35 272 7 1.5630
35 273 81 20.1090
35 274 16 3.0728
35 275 195 39.7196
35 276 72 13.7693
35 277 115 22.1527
35 278 1 0.1106
35 279 83 21.7188
35 280 90 21.4956
35 281 39 10.1897
35 282 61 10.5696
35 283 2 0.3783
35 284 474 112.9203
35 285 162 34.6851
35 286 84 17.9106
35 287 39 8.8493
35 288 5 0.8510
35 289 34 8.9174
35 290 4 0.6722
35 292 258 50.6251
35 293 1554 634.7403
35 294 31 7.6787
35 295 217 57.5176
35 296 20 3.8044
35 298 114 23.0938
35 299 55 10.6954
35 300 251 93.5407
35 302 20 2.7286
35 303 83 21.6783
35 304 25 7.2701
35 305 165 37.4567
35 306 672 147.7729
35 307 142 27.9412
35 308 4 0.7429
35 309 12 2.6907
35 310 29 7.6163
35 311 131 26.8882
35 312 33 9.1742
35 313 725 178.8031
35 314 6 0.8854
35 315 866 188.6908
35 316 155 38.4593
35 317 16 3.0048
35 318 6 0.9899
35 319 7 1.3347
35 320 52 12.1401
35 321 37 7.1356
35 322 18 3.1931
35 323 6 1.2645
35 324 1063 265.9624
35 325 18 3.7518
35 326 74 14.7612
35 327 10 2.0567
35 328 59 12.4281
35 329 36 6.4586
35 330 39 8.9020
35 331 13 2.2917
35 332 70 15.7158
35 333 414 73.5684
35 334 42 8.9816
35 335 1574 361.9798
35 336 37 9.6056
35 337 19 4.1136
35 338 83 19.2241
35 339 137 27.6536
35 340 61 15.2559
35 341 42 13.1795
35 342 10 1.7441
35 343 28 4.1381
35 344 146 36.8080
35 345 18 3.4814
35 346 133 24.7767
35 347 740 201.6754
35 348 344 79.1989
35 349 4 0.6338
35 350 454 120.7843
35 351 15 2.5844
35 352 45 12.3500
35 353 126 28.6034
35 354 61 17.9881
35 355 914 222.5511
35 356 272 45.6175
35 357 65 13.5961
35 358 7 1.0895
35 359 82 18.3082
35 360 16 3.8048
35 361 51 9.9556
35 362 100 19.0056
35 363 51 11.2027
35 364 5 0.9245
35 365 663 156.4279
35 366 216 106.1836
35 367 9 1.7675
35 368 32 8.8635
35 369 53 8.7173
35 370 8 1.4224
35 371 37 6.6969
35 372 54 17.3706
35 373 15 2.8257
35 374 237 45.8807
35 376 19 4.0025
35 377 96 19.8439
35 378 2 0.1699
35 379 41 8.6842
35 380 1 0.2685
35 381 99 25.2646
35 382 273 53.9689
35 383 77 15.2256
36 0 21 3.0779
36 1 772 165.1596
36 2 17 3.1063
36 3 150 38.3621
36 4 1187 433.3441
36 5 24 5.4585
36 6 3 0.9912
36 7 384 167.6605
36 8 121 35.2775
36 9 33 6.0780
36 10 2 0.1687
36 11 16 2.6787
36 12 169 39.9380
36 13 91 22.6751
36 14 28 5.1236
36 15 31 7.8345
36 16 90 26.3194
36 17 34 9.2155
36 18 74 12.5298
36 21 10 2.2272
36 22 1387 255.7874
36 23 102 39.2316
36 24 6 1.3064
36 25 135 34.1393
36 26 476 119.1453
36 27 30 4.9768
36 28 116 21.0022
36 29 32 6.7326
36 30 37 8.7642
36 31 12 1.6343
36 32 86 15.6984
36 33 1 0.1921
36 34 34 5.4420
36 35 126 24.7251
36 36 74 21.8971
36 37 9 1.4111
36 38 70 11.0373
36 40 39 6.3734
36 41 87 17.4130
36 42 413 75.3847
36 43 152 35.7209
36 44 94 26.6702
36 45 32 7.1491
36 46 69 12.9728
36 47 38 10.4020
36 48 4 0.7609
36 50 60 10.9449
36 51 60 11.0194
36 52 105 23.2381
36 53 150 33.9388
36 55 75 15.6704
36 56 798 130.2472
36 57 49 12.7207
36 58 124 22.8112
36 59 1998 569.4666
36 60 23 7.7051
36 61 18 3.0821
36 62 3 0.6264
36 63 150 35.3687
36 64 105 18.1250
36 65 21 4.1042
36 66 13 1.2569
36 67 86 20.4476
36 69 146 28.7523
36 70 68 20.1331
36 71 6 0.8641
36 72 4 1.0570
36 73 30 8.3425
36 74 23 6.6737
36 76 52 12.7105
36 78 9 1.5980
36 79 68 13.8889
36 80 274 65.7525
36 81 1 0.1573
36 82 208 38.1283
36 83 308 56.2994
36 84 14 2.9854
36 85 45 13.6555
36 87 53 10.1224
36 88 2 0.2844
36 89 2 0.1380
36 91 43 7.2849
36 93 73 13.0239
36 94 60 10.8695
36 95 33 6.7353
36 96 10 1.6512
36 97 2 0.2147
36 98 346 95.5773
36 99 239 81.4659
36 100 45 10.0509
36 101 210 46.0743
36 102 9 1.4521
36 103 177 39.8195
36 104 20 3.7848
36 106 64 14.4521
36 107 5 1.5607
36 108 50 8.8290
36 109 29 6.4806
36 110 35 1.9715
36 111 67 7.7826
36 112 21 4.4361
36 113 153 38.9541
36 114 975 184.9866
36 116 4 0.4903
36 117 9 1.5830
36 118 15 2.4071
36 119 12 2.0391
36 120 1 0.0956
36 121 15 3.2302
36 122 1 0.2137
36 123 57 11.8206
36 125 62 10.7600
36 126 117 30.4311
36 127 14 3.6999
36 128 2 0.3559
36 129 30 5.6317
36 130 128 36.8871
36 133 80 17.0765
36 134 56 13.8971
36 135 95 15.7400
36 136 1 0.1439
36 137 17 2.8354
36 138 97 28.1603
36 139 202 43.3552
36 140 34 5.7036
36 141 22 6.7619
36 142 115 27.8094
36 143 13 2.0499
36 144 5 0.9484
36 145 2 0.2512
36 146 75 15.6209
36 149 101 19.5991
36 150 13 3.3815
36 151 3 0.5104
36 152 62 21.1411
36 153 1 0.1548
36 154 15 2.3768
36 155 7 0.9183
36 156 3 0.4450
36 157 95 20.1004
36 158 323 56.9216
36 159 301 80.0973
36 160 192 45.0482
36 161 25 4.4191
36 162 5 1.1976
36 163 7 1.5512
36 164 125 31.7576
36 165 118 35.3604
36 166 17 4.3920
36 167 1 0.1923
36 168 3 0.5440
36 169 23 5.3625
36 170 95 19.6820
36 171 86 17.4483
36 172 136 30.9670
36 173 15 2.7190
36 174 44 8.4994
36 175 12 1.9482
36 176 58 11.1392
36 177 54 10.5975
36 178 14 2.5553
36 179 122 35.1128
36 180 14 3.0848
36 181 15 2.1820
36 182 529 116.8563
36 183 93 15.7025
36 184 304 101.7542
36 185 13 2.3123
36 186 55 11.9533
36 187 237 95.8240
36 188 7 1.1519
36 189 33 5.6994
36 190 288 53.6716
36 191 24 4.1191
36 192 63 11.4328
36 194 44 12.7825
36 195 94 21.3893
36 196 17 3.9210
36 197 229 42.1028
36 199 155 36.4143
36 200 28 4.7561
36 201 78 16.4471
36 202 540 222.3661
36 203 2 0.2985
36 204 454 87.3386
36 205 27 4.4748
36 207 1 0.1975
36 208 42 10.4129
36 209 21 3.7247
36 210 141 34.5066
36 211 76 12.7514
36 212 93 24.6982
36 213 78 25.2330
36 214 93 16.4273
36 215 28 1.7933
36 216 13 2.2037
36 217 40 6.9453
36 218 3 0.5199
36 219 4 0.7159
36 220 52 12.5677
36 221 35 1.7318
36 222 160 31.4363
36 223 55 18.8849
36 224 6 0.8518
36 225 20 6.4908
36 227 107 21.1706
36 228 3 0.6498
36 229 309 67.9391
36 230 24 2.7666
36 231 596 112.1876
36 232 17 3.2547
36 233 90 25.1309
36 234 65 17.2515
36 235 5 0.9658
36 236 156 41.3272
36 238 136 34.4997
36 239 10 1.7613
36 240 19 3.2658
36 242 136 33.4169
36 243 1 0.1111
36 244 102 35.7557
36 245 54 11.7985
36 246 81 12.1035
36 247 56 10.2245
36 248 57 14.6505
36 249 14 3.1997
36 250 298 102.0546
36 251 2 0.2814
36 252 84 13.9148
36 253 863 172.6129
36 254 4 0.7806
36 255 15 2.3530
36 257 692 346.2959
36 258 366 82.5724
36 259 31 8.1554
36 260 3 0.4653
36 261 1 0.1225
36 262 24 5.1953
36 263 18 3.2591
36 264 40 7.6721
36 265 140 29.3629
36 266 2 0.3504
36 267 19 3.0959
36 268 84 19.7546
36 269 1 0.1443
36 270 9 1.6809
36 271 29 7.1147
36 272 36 10.1283
36 273 229 48.5175
36 274 42 6.9070
36 275 14 2.4488
36 276 123 21.0137
36 277 1113 395.1151
36 278 1 0.1628
36 279 96 20.2632
36 280 151 24.7565
36 281 72 20.4989
36 282 7 1.0252
36 283 42 9.2668
36 284 921 166.8802
36 285 8 1.4348
36 286 2 0.3322
36 287 72 13.3917
36 288 284 48.2692
36 289 64 15.2128
36 290 11 2.2345
36 291 88 21.4099
36 292 285 91.4409
36 293 64 12.2563
36 294 52 8.0878
36 295 23 4.8351
36 296 23 4.1676
36 298 29 4.6831
36 299 824 178.6790
36 300 117 20.4946
36 301 255 51.4957
36 302 348 69.1431
36 303 17 2.9096
36 304 194 35.7641
36 305 77 14.5889
36 306 118 23.8502
36 307 281 105.0970
36 308 5 0.8184
36 309 2 0.3228
36 310 36 8.1064
36 311 38 8.0395
36 312 6 0.8856
36 313 2268 743.5397
36 314 1079 254.5504
36 315 9 2.3283
36 316 34 5.8303
36 317 225 46.6128
36 318 227 36.2683
36 319 67 11.5609
36 320 14 2.3687
36 322 296 76.1591
36 323 513 96.6949
36 324 157 61.9849
36 325 187 57.6422
36 326 6 0.9672
36 327 189 49.3024
36 328 1 0.2079
36 329 320 58.6466
36 330 24 4.5556
36 331 3 0.4023
36 332 14 2.0237
36 333 73 17.4787
36 334 79 16.6021
36 335 2 0.0117
36 336 98 24.2866
36 337 76 17.5421
36 338 1 0.2119
36 339 482 113.4273
36 340 74 14.0692
36 342 293 55.5241
36 343 94 22.6969
36 344 3 0.3274
36 345 80 19.0883
36 346 974 432.3837
36 348 18 2.8892
36 349 137 32.9665
36 350 165 34.4163
36 352 1 0.1187
36 353 4 0.6274
36 354 522 118.7184
36 355 139 35.6341
36 356 22 5.7450
36 357 28 4.8593
36 358 1 0.1101
36 359 762 141.7858
36 360 19 2.0535
36 361 201 40.8624
36 362 111 26.7905
36 363 70 21.6254
36 364 22 3.6808
36 365 8 1.2953
36 366 42 8.8653
36 367 96 19.6624
36 368 1 0.2141
36 369 296 90.6329
36 370 15 21.9705
36 371 36 8.3791
36 372 53 12.9296
36 373 199 56.8948
36 374 141 25.8820
36 375 1 0.1684
36 376 17 3.4527
36 377 44 6.8232
36 378 20 7.6121
36 379 25 6.8166
36 380 310 91.0144
36 381 15 2.2617
36 382 105 16.2630
36 383 3 0.4987
37 0 7 1.1716
37 1 188 37.1214
37 2 30 0.0000
37 3 153 29.1494
37 4 53 9.7881
37 5 231 55.0459
37 6 253 47.0280
37 7 166 46.6482
37 8 452 140.6513
37 9 200 51.5493
37 10 129 35.8342
37 11 39 7.6801
37 12 14 4.5291
37 13 278 64.7038
37 14 42 7.7595
37 15 212 40.3829
37 16 126 29.2136
37 17 5 1.0537
37 18 55 10.5491
37 19 98 17.3074
37 20 152 35.4922
37 21 305 53.5114
37 22 81 15.9721
37 23 287 96.3167
37 24 35 5.4167
37 26 1286 469.2267
37 27 14 2.2746
37 28 62 10.8561
37 29 15 3.2154
37 30 565 236.1064
37 31 129 35.7301
37 32 28 7.9368
37 33 92 16.8872
37 34 57 17.0236
37 35 43 8.5669
37 36 123 31.9597
37 37 284 80.5327
37 38 245 44.1939
37 39 359 93.9777
37 40 91 16.3358
37 41 3 0.4857
37 42 90 18.2320
37 43 42 12.3021
37 44 51 8.1392
37 45 76 14.7311
37 46 203 91.1702
37 47 43 7.0081
37 48 5 0.7460
37 49 9 1.0332
37 50 206 40.3366
37 51 48 9.6281
37 52 106 29.5129
37 53 450 168.0486
37 54 26 4.7266
37 55 281 58.5273
37 56 176 38.7749
37 57 47 11.0749
37 58 137 30.3636
37 59 98 24.2544
37 60 18 3.0145
37 61 87 16.2454
37 62 4 0.6120
37 63 18 2.8470
37 64 9 1.1137
37 65 32 6.0347
37 66 41 8.9379
37 67 231 46.2364
37 68 54 19.8924
37 69 4 0.6602
37 70 26 6.5805
37 71 521 105.1145
37 72 79 15.0113
37 73 36 10.6581
37 74 39 6.5402
37 75 10 1.6592
37 76 79 12.2283
37 77 192 48.8948
37 78 476 202.6666
37 79 21 4.0570
37 81 12 2.0518
37 82 61 14.1694
37 83 184 61.3829
37 84 35 8.5129
37 85 14 4.9496
37 89 7 1.3767
37 90 74 13.8559
37 91 15 2.5231
37 92 3 0.6343
37 93 22 3.8743
37 94 11 2.2794
37 95 513 139.4413
37 97 160 30.3657
37 98 39 10.2786
37 99 3 0.6656
37 100 115 36.1436
37 101 17 3.7271
37 102 165 57.4320
37 103 19 3.0104
37 104 71 12.6328
37 105 808 321.2523
37 106 59 11.0962
37 107 111 18.6633
37 109 34 7.3282
37 110 506 145.1009
37 111 3 0.6086
37 112 171 47.1035
37 113 59 10.1160
37 114 16 2.9280
37 115 25 5.3332
37 116 90 23.7917
37 117 133 22.1121
37 118 31 11.5548
37 119 24 3.1988
37 121 429 108.6932
37 122 2 0.2745
37 123 61 16.1410
37 124 121 29.1517
37 125 34 4.9381
37 126 69 17.5242
37 127 125 50.3307
37 128 419 130.4952
37 129 68 11.4693
37 130 194 36.2576
37 131 54 10.0145
37 132 107 18.9434
37 134 3 0.5962
37 135 255 61.1945
37 136 74 15.2276
37 137 6 0.8869
37 138 388 70.4571
37 140 41 8.2915
37 141 93 28.1813
37 142 19 4.2714
37 143 27 5.6938
37 144 119 38.8996
37 145 5 0.9415
37 147 32 5.2920
37 148 110 20.6334
37 149 3 0.5923
37 150 14 2.1465
37 151 2 0.2507
37 152 1 0.0110
37 153 1 0.1660
37 154 24 4.2084
37 155 75 12.5371
37 156 166 42.5351
37 157 97 29.4224
37 158 61 10.8531
37 159 2 0.1934
37 160 317 70.4685
37 161 92 21.7278
37 162 98 20.7680
37 163 157 30.0616
37 164 51 9.2738
37 165 123 22.3463
37 166 22 3.9892
37 167 74 16.5863
37 168 136 24.0262
37 169 24 4.0554
37 170 8 1.6335
37 171 82 21.2983
37 172 111 20.3519
37 173 41 6.7132
37 174 252 56.4669
37 176 248 70.9483
37 177 385 71.5930
37 178 52 8.5501
37 179 169 29.9866
37 180 23 4.5531
37 181 399 83.4530
37 182 31 8.8527
37 183 59 10.6812
37 184 32 5.4405
37 185 17 2.4017
37 186 466 121.2519
37 187 7 2.4861
37 188 16 2.4593
37 189 296 74.3926
37 190 76 17.3165
37 191 71 14.2570
37 192 1 0.1478
37 194 226 49.3777
37 195 1 0.1514
37 196 81 16.8926
37 197 247 95.6262
37 198 68 16.3999
37 199 2 0.3476
37 201 76 12.0768
37 202 67 25.8153
37 203 22 3.4158
37 204 140 25.2458
37 205 39 7.3080
37 206 39 9.6838
37 207 4 0.3459
37 208 206 35.2114
37 209 108 20.5422
37 210 14 1.8992
37 212 15 3.9095
37 213 9 1.7060
37 214 529 112.8403
37 216 24 6.0071
37 217 227 39.8921
37 218 1276 294.4559
37 219 163 33.7384
37 220 25 3.6834
37 223 51 12.6951
37 224 313 108.2186
37 225 309 52.3344
37 226 2 0.2338
37 227 71 13.4013
37 228 35 7.1009
37 230 154 35.7477
37 231 10 1.5764
37 232 93 20.2549
37 233 271 52.3181
37 234 568 105.7042
37 236 12 2.0447
37 237 37 5.9869
37 238 94 18.6455
37 239 31 8.9903
37 240 150 32.3657
37 241 7 1.5760
37 242 30 5.5621
37 243 84 18.3146
37 244 1 0.1628
37 245 30 10.5415
37 246 156 29.2579
37 247 163 25.3994
37 248 81 18.4044
37 249 18 2.8070
37 250 90 26.6035
37 251 5 1.1797
37 252 54 10.1557
37 253 99 24.5676
37 254 50 13.4535
37 255 10 1.8067
37 256 1792 528.5443
37 257 60 18.4006
37 258 61 11.2955
37 259 130 46.8856
37 260 51 13.2645
37 261 7 1.2782
37 262 48 10.4264
37 263 32 6.4295
37 264 35 7.5468
37 265 131 27.3158
37 266 48 10.0223
37 267 23 4.0027
37 268 42 8.8230
37 269 63 18.0455
37 270 9 1.7274
37 271 68 12.0630
37 272 121 29.4485
37 273 54 17.9099
37 274 7 0.9953
37 275 206 44.1299
37 276 15 3.2071
37 277 1 0.1262
37 278 41 7.1080
37 279 628 115.7765
37 280 8 2.0693
37 281 36 6.4991
37 282 346 68.4285
37 283 9 1.5388
37 284 10 1.5904
37 285 151 55.5773
37 286 18 5.7151
37 287 208 62.1546
37 288 9 1.6718
37 289 87 14.7126
37 290 16 14.8608
37 291 5 0.9534
37 292 707 127.4688
37 293 2 0.2462
37 294 5 0.8091
37 295 52 10.4520
37 296 57 9.8205
37 297 153 60.1139
37 298 869 210.3878
37 299 4 0.6231
37 300 42 8.4308
37 301 88 20.6871
37 302 17 4.2711
37 303 93 21.0483
37 304 99 18.8062
37 305 5 0.8261
37 307 170 62.7487
37 308 87 20.8528
37 310 58 13.6619
37 311 205 46.9092
37 314 5 0.5540
37 315 122 22.7161
37 316 197 48.4405
37 317 70 17.2085
37 318 95 17.5632
37 319 28 4.9559
37 320 20 3.7984
37 321 98 18.7008
37 322 294 151.9252
37 324 1 0.1793
37 326 28 4.7976
37 327 157 25.0511
37 328 6 1.0911
37 329 74 12.9291
37 330 347 76.2972
37 331 42 7.9914
37 332 9 1.5039
37 333 75 24.0662
37 334 140 28.9049
37 335 9 1.4870
37 336 55 9.2617
37 337 8 1.5340
37 338 71 22.6537
37 339 314 62.5647
37 340 1 0.0786
37 341 169 45.6655
37 343 226 68.9404
37 344 145 28.6185
37 345 141 21.7827
37 346 136 27.4561
37 347 21 3.4612
37 348 36 9.1245
37 349 7 1.6367
37 350 167 33.7009
37 351 1 0.0660
37 352 133 24.9132
37 353 31 4.7612
37 354 614 179.9674
37 355 47 10.4747
37 357 55 8.3496
37 358 524 168.8845
37 359 66 23.1176
37 360 91 21.6732
37 361 118 32.6875
37 362 1 0.2096
37 363 67 13.0197
37 364 12 2.0778
37 365 38 8.0188
37 366 38 10.8415
37 367 172 53.4457
37 368 77 13.2354
37 369 85 21.0489
37 370 102 33.1254
37 371 17 3.1928
37 372 486 86.6112
37 373 110 35.0704
37 374 262 56.0141
37 375 31 9.4818
37 377 113 30.6320
37 378 59 10.1922
37 379 1 0.1138
37 380 2119 487.3160
37 381 241 67.9879
37 382 34 6.2490
38 0 6 0.9762
38 1 35 10.3680
38 2 61 8.8461
38 4 28 4.2395
38 6 38 10.5011
38 7 53 8.9579
38 8 30 4.2634
38 9 74 11.0636
38 10 3 0.5725
38 11 7 1.3906
38 12 132 25.1025
38 13 101 18.9104
38 14 4 0.6959
38 15 6 1.3826
38 16 27 8.2074
38 17 265 63.2990
38 18 27 3.8155
38 19 70 12.5330
38 20 92 21.8156
38 21 373 76.0527
38 22 1 0.1014
38 23 99 25.1548
38 24 425 90.8243
38 25 45 7.5869
38 26 242 54.5891
38 28 136 19.4881
38 29 100 20.1496
38 30 485 153.2127
38 31 76 20.9989
38 32 136 20.3389
38 33 359 208.5221
38 34 3 0.6673
38 35 112 22.0858
38 36 6 0.8816
38 37 6 1.8756
38 38 20 2.8711
38 39 6 1.3850
38 40 218 57.2103
38 41 49 7.8244
38 43 182 84.9419
38 44 31 4.6117
38 45 3 0.2370
38 46 1 0.1223
38 47 7 0.8832
38 48 16 1.6905
38 49 68 10.2293
38 50 103 29.0400
38 51 117 18.0717
38 53 18 3.2223
38 54 33 7.2194
38 55 152 23.8491
38 56 3 0.4496
38 57 1 0.1198
38 58 45 8.0342
38 59 251 61.9275
38 60 40 7.8030
38 61 62 9.9653
38 62 89 26.5742
38 63 48 8.3990
38 64 341 168.3869
38 65 9 0.7924
38 66 32 4.7126
38 67 641 154.5683
38 68 106 17.1460
38 69 65 14.1661
38 70 697 251.5840
38 71 86 18.0126
38 73 95 19.4247
38 74 27 4.3117
38 75 209 59.5645
38 76 13 1.7595
38 78 6 0.9164
38 79 181 26.2997
38 80 679 211.1777
38 81 46 6.8945
38 82 75 11.6118
38 83 103 22.2858
38 84 11 1.7949
38 85 180 49.6783
38 86 50 10.1805
38 87 35 8.4452
38 88 318 56.3836
38 89 38 11.3889
38 90 181 49.8679
38 91 214 58.1265
38 93 514 78.1882
38 94 17 4.3089
38 95 289 95.0663
38 96 15 3.9528
38 97 635 110.4215
38 98 126 20.6607
38 99 28 3.9904
38 100 78 1.7852
38 101 52 10.8355
38 102 2 0.1940
38 103 67 18.4139
38 104 38 5.8190
38 105 106 15.6125
38 107 13 1.9485
38 108 236 41.9881
38 109 9 1.1198
38 110 173 90.5154
38 112 110 18.5164
38 113 8 0.7258
38 114 3 1.1650
38 115 232 33.6032
38 116 221 37.4685
38 117 439 110.9659
38 118 353 51.2598
38 119 22 2.5771
38 120 40 6.6052
38 121 1 0.3927
38 122 37 5.2951
38 123 57 7.9486
38 124 3 0.4063
38 125 289 51.7453
38 126 38 5.6378
38 127 20 3.0145
38 128 2 0.3637
38 130 10 1.8929
38 131 384 76.1944
38 132 13 3.0321
38 133 240 34.7311
38 134 172 36.1006
38 136 1 0.0755
38 137 44 6.7931
38 138 23 4.0771
38 139 431 90.6996
38 140 47 8.0787
38 141 73 11.1467
38 142 7 1.1896
38 144 55 13.0237
38 145 138 32.8152
38 146 36 6.2571
38 147 294 50.0393
38 148 97 13.9339
38 149 42 6.2568
38 150 34 6.9682
38 151 136 21.6988
38 152 1224 289.8762
38 153 69 14.0681
38 154 3 0.2929
38 155 39 7.2082
38 156 2 0.1101
38 157 70 10.0318
38 158 918 270.0250
38 159 101 18.9560
38 160 62 10.5844
38 162 33 8.4053
38 163 20 4.1731
38 164 2 0.2865
38 165 15 2.2019
38 166 1 0.1283
38 167 424 97.9205
38 168 101 21.1840
38 169 129 23.4538
38 170 228 38.7382
38 171 181 26.7491
38 172 15 1.8247
38 173 83 3.1234
38 174 55 8.7013
38 175 1 0.0490
38 176 598 170.3078
38 177 157 27.9931
38 178 32 6.6853
38 179 15 1.8048
38 181 188 39.6130
38 182 8 0.8149
38 183 274 84.0097
38 185 61 8.5781
38 186 42 9.3033
38 187 153 25.1218
38 188 44 5.6275
38 189 167 25.9506
38 191 200 59.8418
38 192 175 33.7420
38 193 286 134.5483
38 194 7 1.0938
38 195 100 15.9043
38 196 628 173.6051
38 197 348 90.4677
38 198 44 6.3207
38 199 14 2.3725
38 201 199 52.8833
38 202 22 6.2250
38 203 11 2.6569
38 204 72 13.9810
38 205 34 6.9952
38 206 27 3.3450
38 207 47 13.9239
38 208 95 24.3523
38 209 24 5.3029
38 210 21 4.6379
38 211 87 18.5516
38 212 164 36.9136
38 213 14 2.8700
38 214 6 0.6559
38 215 68 11.2226
38 216 53 7.5697
38 217 236 66.4599
38 218 136 19.5210
38 219 1427 414.5348
38 220 108 15.1867
38 221 2 0.2125
38 222 18 3.0314
38 224 154 27.9511
38 225 32 8.1185
38 226 1582 328.0815
38 227 48 15.3774
38 228 60 7.9924
38 229 8 1.2994
38 230 256 63.3092
38 231 71 19.5590
38 232 43 9.1627
38 233 11 1.5368
38 234 31 12.8603
38 235 24 3.6255
38 236 137 41.2670
38 237 39 14.9476
38 239 156 23.8175
38 240 99 17.9767
38 241 2 0.5193
38 242 138 40.2450
38 243 74 14.1138
38 245 28 7.4727
38 246 1453 562.3725
38 247 85 10.6190
38 249 67 12.4667
38 250 436 359.6468
38 251 40 5.3839
38 252 123 24.7367
38 253 19 2.5509
38 254 195 53.8679
38 255 2 0.2071
38 256 49 5.1803
38 257 143 35.5851
38 258 89 33.0728
38 259 10 1.0994
38 260 369 108.6243
38 261 47 7.0962
38 263 142 40.1382
38 264 206 60.6152
38 265 333 58.9526
38 267 9 1.0339
38 268 181 43.0318
38 269 93 15.8459
38 270 31 4.3386
38 271 56 15.2346
38 272 26 3.1099
38 273 760 305.8620
38 274 66 15.8731
38 276 20 6.5490
38 277 228 51.2024
38 278 149 44.6455
38 280 21 5.1178
38 281 165 24.7268
38 282 236 65.0010
38 283 46 9.5515
38 285 130 52.3473
38 286 21 7.1642
38 287 7 1.2471
38 288 360 88.0804
38 289 325 79.4661
38 290 80 18.7441
38 291 58 8.4968
38 292 96 16.2925
38 293 2 0.1162
38 294 10 1.2203
38 295 80 4.2373
38 296 1030 253.6889
38 298 101 22.2979
38 299 15 2.3191
38 300 164 26.6235
38 301 194 41.4338
38 302 55 9.2855
38 303 16 2.4693
38 304 1 0.1747
38 305 253 83.6605
38 306 24 3.5791
38 307 31 4.2337
38 308 29 5.8278
38 309 224 53.6656
38 310 78 14.2521
38 311 106 17.0817
38 312 8 0.4576
38 313 12 1.3664
38 314 73 14.9412
38 315 93 20.2454
38 316 107 19.7128
38 317 48 6.7392
38 318 202 38.2467
38 319 39 5.0325
38 320 32 7.4924
38 321 79 20.1547
38 322 219 55.7738
38 323 36 12.0355
38 324 5 0.9303
38 325 69 12.2897
38 326 79 16.4422
38 327 92 22.4743
38 328 52 8.9926
38 329 79 16.0846
38 331 27 3.7970
38 332 188 71.4854
38 333 171 36.9197
38 334 102 17.9105
38 335 95 16.6107
38 336 20 4.7024
38 337 11 1.4171
38 338 9 1.5016
38 339 50 17.0310
38 340 66 13.7797
38 342 188 36.0004
38 343 2 0.3954
38 344 40 4.6367
38 345 101 39.0273
38 346 16 2.0783
38 347 110 26.1143
38 348 2 0.3925
38 349 115 22.1931
38 350 63 10.6497
38 351 113 33.6576
38 352 29 8.7806
38 353 61 12.3520
38 354 41 6.0643
38 355 260 57.9075
38 356 18 2.9198
38 357 68 18.9873
38 359 11 1.5485
38 360 51 8.6572
38 361 71 18.4109
38 362 6 1.3182
38 363 782 242.2007
38 364 24 5.6349
38 365 18 3.1850
38 366 75 11.1399
38 367 18 1.9599
38 368 31 6.6020
38 369 632 109.6672
38 370 350 59.0834
38 371 48 7.6988
38 373 73 12.4738
38 374 15 2.0124
38 375 336 107.3934
38 376 44 9.2790
38 377 7 1.5231
38 378 34 10.7333
38 379 23 5.7622
38 380 58 26.8755
38 381 21 2.7312
38 382 63 7.3631
38 383 79 18.1247
39 0 613 120.3851
39 1 469 86.7229
39 2 44 7.9394
39 3 52 5.9419
39 4 427 108.1569
39 5 23 3.9568
39 6 81 18.9875
39 7 571 382.3908
39 8 208 41.1438
39 9 7 1.2733
39 10 68 12.2002
39 11 36 1.8045
39 12 21 2.0973
39 13 28 4.6837
39 14 579 286.0891
39 15 63 19.3581
39 18 213 46.5410
39 19 13 1.1159
39 20 224 46.6336
39 21 44 5.8829
39 22 2 0.0762
39 23 222 6.8999
39 24 78 12.0615
39 25 30 12.3484
39 26 59 19.6947
39 27 678 159.0469
39 28 38 5.1910
39 30 61 9.3851
39 31 81 15.3058
39 32 215 33.2372
39 33 9 1.3199
39 35 158 29.8608
39 36 65 9.4431
39 37 59 8.5275
39 38 65 8.8008
39 39 1 0.0239
39 40 20 2.1923
39 41 83 13.1073
39 42 45 8.1437
39 44 36 8.5341
39 45 108 57.7245
39 47 58 8.6225
39 48 289 13.9460
39 49 18 1.8171
39 50 116 24.6409
39 51 214 27.5408
39 52 100 11.7581
39 53 9 0.8924
39 54 556 144.8209
39 55 421 47.6899
39 56 8 1.6708
39 58 244 44.2305
39 59 48 11.5056
39 60 13 1.2360
39 61 185 21.3906
39 62 9 1.1888
39 63 17 0.4671
39 64 81 9.3446
39 65 55 7.3160
39 66 411 123.6309
39 67 5 0.4369
39 68 44 5.0479
39 69 98 17.3495
39 70 108 21.8214
39 71 48 8.1346
39 72 261 68.1411
39 73 24 3.3781
39 75 14 3.0554
39 76 7 0.6989
39 78 33 6.4657
39 80 401 93.3350
39 81 30 4.2277
39 82 260 81.1973
39 83 399 105.4438
39 84 17 3.7540
39 85 132 28.2652
39 86 106 18.2710
39 87 273 158.4559
39 88 18 2.0042
39 90 11 1.6032
39 91 653 183.4474
39 92 225 65.2519
39 93 67 11.6331
39 94 13 2.2858
39 95 12 1.3362
39 96 563 139.8176
39 97 199 75.7539
39 98 64 7.1089
39 99 55 14.8787
39 100 72 12.5079
39 101 51 14.1469
39 102 51 12.6723
39 103 167 117.3321
39 104 4 0.6154
39 105 4 0.4279
39 106 142 30.6176
39 107 152 33.0833
39 109 442 138.1538
39 110 74 24.4139
39 111 13 1.8456
39 112 103 23.7616
39 115 34 6.3447
39 116 57 13.5239
39 117 26 3.0389
39 118 36 8.7519
39 119 353 74.2540
39 120 15 2.2863
39 121 32 4.2036
39 122 160 34.4938
39 123 32 3.8583
39 124 27 5.8391
39 125 190 47.3341
39 126 60 11.7223
39 127 99 18.5934
39 128 8 1.4391
39 129 18 3.8910
39 130 10 1.2411
39 131 62 13.3629
39 132 15 0.5527
39 133 108 14.6157
39 134 9 0.9822
39 135 44 7.7680
39 136 110 27.2838
39 137 1 0.0395
39 138 14 1.5005
39 139 26 6.3219
39 140 3 0.7017
39 141 185 49.6283
39 142 95 17.3650
39 144 212 45.7706
39 145 449 103.9762
39 146 560 134.4897
39 147 21 5.5449
39 148 2 0.3138
39 149 155 24.6904
39 150 30 3.9950
39 151 554 128.9579
39 152 67 11.1555
39 153 51 7.7706
39 154 13 1.4917
39 155 113 26.7047
39 156 72 14.0870
39 157 9 1.6318
39 158 30 3.6734
39 159 43 7.1633
39 160 740 124.0867
39 161 96 12.0814
39 162 2 0.1002
39 163 16 2.6410
39 164 65 10.2878
39 165 40 5.1498
39 166 161 20.5256
39 167 23 2.5144
39 168 127 40.3570
39 169 70 12.4812
39 170 124 17.0852
39 172 46 5.8640
39 173 325 71.0854
39 174 27 1.9896
39 175 84 8.4603
39 176 41 5.8052
39 177 18 3.2425
39 178 18 14.9299
39 179 551 100.9727
39 180 2 0.0328
39 181 190 44.7475
39 182 72 23.9302
39 183 14 1.2937
39 184 44 12.8106
39 185 85 9.6722
39 186 6 0.1298
39 187 34 5.3564
39 188 102 149.0626
39 189 281 69.1995
39 190 455 165.1477
39 191 27 2.6991
39 192 16 1.1983
39 193 11 2.0489
39 194 98 13.5031
39 195 76 12.6483
39 196 71 11.1219
39 197 29 3.8498
39 198 151 33.1161
39 199 35 2.9566
39 200 145 30.1039
39 201 98 15.8658
39 202 16 3.1786
39 203 848 335.2115
39 204 39 7.2393
39 205 199 42.2992
39 206 22 2.8542
39 207 158 26.2454
39 208 288 49.4874
39 209 29 2.6096
39 210 72 7.0749
39 211 7 0.3067
39 212 70 16.0824
39 213 41 10.7278
39 214 18 2.1118
39 215 55 12.6283
39 216 15 1.8753
39 217 4 0.6583
39 218 20 2.0274
39 220 110 27.4680
39 221 103 19.7685
39 222 15 2.0108
39 223 9 1.3752
39 224 984 334.2213
39 226 20 2.6374
39 228 356 74.4893
39 229 38 26.3628
39 230 37 4.7933
39 231 598 189.5427
39 232 81 14.9789
39 234 150 15.1282
39 235 123 21.3076
39 236 35 5.8875
39 237 296 154.9188
39 238 25 3.8501
39 240 92 14.5590
39 241 103 13.3307
39 242 13 1.9540
39 243 93 9.9908
39 244 408 100.8539
39 246 14 2.3158
39 247 126 19.4126
39 248 19 2.3530
39 250 114 19.6548
39 251 2 0.0739
39 252 62 11.6857
39 253 25 2.7085
39 254 39 6.4297
39 255 248 50.9205
39 256 232 64.9973
39 257 25 4.6528
39 258 70 6.1207
39 259 2 0.2796
39 260 33 5.4147
39 261 84 15.4576
39 262 51 7.9038
39 263 59 5.1696
39 264 45 4.5840
39 265 24 3.4089
39 266 191 33.9243
39 268 78 22.2218
39 269 265 99.8732
39 272 32 11.7873
39 273 22 3.9180
39 274 14 1.7416
39 275 59 9.7431
39 276 221 37.1232
39 277 74 17.7325
39 278 22 2.3701
39 279 254 42.4702
39 281 36 9.9755
39 282 19 2.2756
39 283 203 72.8504
39 284 205 50.7529
39 285 93 16.7090
39 286 234 35.1686
39 287 3 0.2544
39 288 5 0.5697
39 289 69 19.1301
39 290 4 0.9202
39 291 177 28.2820
39 292 43 13.6392
39 293 97 28.6122
39 294 154 18.3760
39 295 149 24.2265
39 296 432 111.8559
39 297 4 0.5764
39 298 217 72.9328
39 300 15 1.3371
39 301 14 2.8855
39 302 11 1.0471
39 303 372 80.9983
39 304 98 15.8195
39 305 10 1.7326
39 306 63 12.1450
39 307 758 203.3377
39 308 160 34.7590
39 309 37 5.0632
39 310 12 1.4286
39 311 25 3.3104
39 312 138 29.2917
39 313 89 20.3556
39 314 156 66.3893
39 315 20 2.1937
39 317 18 4.6562
39 318 14 8.4472
39 319 58 13.7869
39 322 28 4.5503
39 323 31 3.4019
39 324 135 25.3486
39 325 13 0.8232
39 326 514 147.8903
39 327 7 1.0819
39 328 89 19.8817
39 329 31 5.3394
39 330 709 201.1592
39 331 102 15.2391
39 332 6 0.6335
39 333 1 0.0359
39 334 65 15.7135
39 335 107 13.4800
39 336 1329 308.2518
39 337 32 5.3030
39 339 26 2.9430
39 341 40 9.0487
39 342 1 0.1323
39 343 1 0.3348
39 344 1 0.0252
39 346 52 16.5744
39 348 37 5.0109
39 349 1059 286.9619
39 350 64 11.4997
39 351 75 14.1916
39 352 42 13.6995
39 353 6 0.5315
39 354 25 6.0982
39 355 44 14.0375
39 356 388 84.1074
39 357 127 54.7840
39 358 62 8.4704
39 359 91 23.4832
39 360 328 107.1612
39 361 130 23.5773
39 362 41 12.1627
39 363 271 55.8681
39 364 9 1.0146
39 365 90 15.4513
39 366 46 2.9092
39 367 30 6.3536
39 368 1430 465.7823
39 369 55 7.8162
39 370 290 33.4391
39 371 206 27.6553
39 372 32 7.2959
39 373 36 3.7842
39 374 143 17.4922
39 375 51 23.7502
39 377 82 13.3369
39 378 10 4.0803
39 379 346 69.5704
39 380 35 4.0731
39 381 225 49.7389
39 382 410 213.6819
39 383 6 0.8892
