# layer expert count weight_sum
0 0 1337 461.5803
0 1 56 11.3992
0 2 2291 580.1171
0 3 6 1.2768
0 4 160 51.5774
0 5 342 88.5812
0 6 69 14.3238
0 7 689 154.9184
0 8 559 175.2029
0 9 584 214.0849
0 10 39 9.1550
0 11 663 146.3069
0 12 576 156.7413
0 14 352 74.1601
0 15 463 89.6243
0 16 15 2.5958
0 17 630 130.0765
0 18 562 121.1048
0 19 533 124.7095
0 20 191 36.6760
0 21 241 55.2838
0 22 246 61.0696
0 23 15 4.1056
0 24 318 65.1088
0 25 397 75.6633
0 26 77 16.2554
0 27 377 82.5118
0 28 1045 267.3995
0 29 508 108.5491
0 30 1855 409.0418
0 31 730 165.1882
0 32 344 71.4753
0 33 229 43.4259
0 34 130 26.0613
0 35 527 133.8401
0 36 563 130.1151
0 37 31 6.8604
0 38 1274 318.0722
0 39 3660 853.8423
0 40 1796 564.9469
0 41 1210 369.9961
0 42 199 54.9177
0 43 293 58.9128
0 44 1339 280.5636
0 45 140 37.3450
0 46 48 9.0114
0 47 1022 226.4224
0 48 77 21.5803
0 49 362 76.3579
0 51 43 8.7538
0 52 4 0.9109
0 53 134 26.2275
0 54 24 4.4490
0 55 232 48.7410
0 56 212 40.7711
0 57 14 2.6407
0 58 217 45.7475
0 59 158 32.1254
0 60 70 13.7172
0 61 133 42.5554
0 62 100 20.1488
0 63 158 32.3943
0 64 212 51.2959
0 65 210 40.8824
0 66 97 22.1525
0 67 485 179.4161
0 68 163 34.7949
0 69 518 124.4552
0 70 1426 266.6507
0 71 511 126.0700
0 72 1088 228.9325
0 73 1488 402.0745
0 74 783 164.6244
0 75 296 60.8743
0 76 4 0.8943
0 77 109 34.1058
0 78 512 97.3474
0 80 1 0.3052
0 81 534 118.7946
0 82 267 51.7621
0 83 117 28.2291
0 84 465 109.0296
0 85 239 55.9540
0 86 874 199.3534
0 87 318 71.8009
0 88 599 118.6638
0 89 485 94.0680
0 90 41 8.5232
0 91 36 6.8836
0 92 151 31.7759
0 94 999 249.4385
0 95 254 61.8448
0 96 571 192.5649
0 97 2179 477.7364
0 98 183 53.6974
0 99 50 10.4336
0 100 19 3.7932
0 101 952 366.1814
0 102 1219 237.9844
0 104 485 115.7223
0 105 1030 212.1802
0 106 148 24.3158
0 107 252 45.8029
0 108 372 87.3636
0 109 260 66.9932
0 110 912 345.3115
0 111 1413 403.3303
0 112 111 39.8123
0 113 649 139.1176
0 114 114 22.7858
0 115 347 85.5502
0 116 3258 731.5879
0 117 141 30.3022
0 118 358 72.0285
0 119 336 64.5226
0 120 139 27.0689
0 121 22 3.2553
0 123 67 13.7395
0 124 260 52.6369
0 125 555 122.8088
0 126 126 29.4318
0 127 184 43.2846
0 128 612 152.5305
0 129 228 41.2984
0 130 2598 793.8503
0 131 985 196.0985
0 132 81 17.0114
0 133 849 167.2664
0 134 494 190.9763
0 135 279 58.4638
0 136 562 180.6088
0 138 2205 629.5555
0 139 1 0.2466
0 140 87 20.1488
0 141 322 81.5603
0 142 152 36.4435
0 143 1234 289.7918
0 144 138 32.7940
0 145 478 115.1401
0 146 252 53.2315
0 147 508 126.8882
0 148 702 156.2524
0 149 933 224.5955
0 150 283 54.7603
0 151 67 13.4332
0 152 422 118.2820
0 153 100 19.1869
0 154 1412 408.2611
0 155 125 35.5597
0 156 2565 610.7463
0 157 380 82.1917
0 158 365 75.1099
0 159 1441 384.8137
0 160 120 19.8140
0 161 1103 211.2285
0 162 107 25.7163
0 163 190 38.7306
0 164 796 160.9420
0 165 143 33.6125
0 166 326 65.5454
0 167 536 125.9482
0 168 993 189.5474
0 169 629 184.8740
0 170 129 42.7723
0 171 606 138.0484
0 172 245 118.7326
0 173 203 73.8855
0 174 376 128.4627
0 175 52 10.6807
0 176 923 189.8156
0 177 111 21.9906
0 178 210 52.7605
0 179 31 6.3646
0 180 1016 180.7210
0 181 540 118.5927
0 182 21 4.7509
0 183 2704 1041.7462
0 184 266 51.2298
0 185 458 86.1131
0 186 161 33.9611
0 187 490 101.5487
0 188 1145 370.6506
0 189 1218 232.7417
0 190 42 8.6218
0 191 512 108.5927
0 192 234 46.9959
0 193 518 129.3626
0 194 209 41.5808
0 195 248 54.3124
0 196 96 18.2763
0 197 822 193.0007
0 198 783 181.3041
0 199 50 7.9348
0 200 55 10.1321
0 201 130 44.8797
0 203 237 69.9042
0 204 86 18.2748
0 205 1428 431.6130
0 206 62 15.4079
0 207 898 248.2084
0 208 1061 225.9868
0 209 120 27.2462
0 210 16 3.9011
0 211 368 66.5267
0 212 24 5.0890
0 213 691 207.9283
0 214 94 18.5179
0 215 690 134.0653
0 216 386 111.4412
0 217 111 18.8159
0 219 305 43.9926
0 220 219 45.4905
0 221 7 1.3928
0 222 1155 242.5416
0 223 139 28.1015
0 224 76 13.4906
0 225 1996 572.3827
0 226 66 17.9536
0 227 204 40.8865
0 228 211 38.1904
0 229 914 278.0835
0 230 150 37.1194
0 231 490 110.9793
0 232 1191 402.9799
0 233 1 0.1395
0 234 1086 302.2278
0 235 32 6.4929
0 236 422 84.4729
0 237 465 128.7176
0 238 376 120.4509
0 239 165 28.4276
0 240 36 6.3223
0 241 453 156.9933
0 242 742 184.3906
0 243 13 2.2043
0 244 20 3.9798
0 245 913 160.7222
0 246 432 93.3451
0 247 88 20.5197
0 248 917 235.9108
0 250 90 18.9082
0 251 357 101.4716
0 252 166 30.7260
0 253 458 92.2894
0 254 11 2.3960
0 255 67 12.8380
0 256 190 38.8427
0 257 405 102.9395
0 258 5 1.1489
0 259 307 61.9977
0 260 565 190.6088
0 261 305 85.9353
0 262 1171 328.8496
0 263 918 397.2907
0 264 43 8.6001
0 265 32 6.1673
0 266 475 136.8367
0 267 491 194.9963
0 268 1352 484.9162
0 269 496 112.2839
0 270 24 7.5988
0 271 193 38.2901
0 272 153 32.9521
0 273 100 18.1239
0 274 157 38.7362
0 275 1047 373.4870
0 276 893 206.9006
0 277 54 25.1507
0 278 174 32.7824
0 279 272 55.9115
0 280 852 184.0909
0 281 329 77.8691
0 282 578 133.3018
0 283 454 102.7411
0 284 712 158.2964
0 285 561 116.5280
0 286 298 63.8681
0 287 78 16.4967
0 288 331 66.8472
0 289 1385 462.0985
0 290 442 140.7874
0 291 288 55.1170
0 292 2 0.4552
0 293 506 120.7684
0 294 428 97.6079
0 295 985 338.8229
0 296 563 135.7641
0 297 302 68.5636
0 298 8 1.4996
0 299 538 115.8492
0 300 1226 353.1873
0 301 494 111.5810
0 302 288 83.2081
0 303 359 65.2352
0 304 374 93.9422
0 305 595 123.1428
0 306 255 64.7388
0 307 271 53.3996
0 308 323 65.9440
0 309 508 83.1206
0 310 1108 341.8320
0 311 501 103.4330
0 312 193 39.3905
0 313 1 0.0842
0 314 377 72.0115
0 315 946 214.3960
0 316 530 119.2482
0 317 1335 332.4203
0 318 86 33.7852
0 319 218 41.9099
0 320 229 43.1439
0 321 1063 214.4727
0 322 353 121.7247
0 323 3664 1192.0198
0 324 1664 411.6108
0 325 359 83.6716
0 326 239 44.4277
0 327 430 92.6173
0 328 586 120.6627
0 329 337 87.5184
0 330 390 91.0996
0 331 765 158.7388
0 332 120 25.4008
0 333 222 53.8942
0 334 503 107.5456
0 335 26 6.2731
0 336 39 8.0408
0 337 1277 322.8946
0 338 224 51.7102
0 339 829 184.6147
0 340 37 9.0531
0 341 1818 535.9972
0 342 541 99.3793
0 343 892 192.1359
0 344 2 0.4950
0 345 255 48.0837
0 346 287 53.3985
0 347 59 22.0125
0 348 302 72.2038
0 349 370 79.0560
0 350 297 60.8601
0 351 641 174.8324
0 352 667 163.5835
0 353 410 78.2267
0 354 466 88.3025
0 355 870 175.2322
0 356 122 21.8683
0 357 321 82.6837
0 358 261 58.4512
0 359 265 49.0477
0 360 23 4.5402
0 361 708 179.4617
0 362 109 34.7736
0 363 633 124.4508
0 364 429 95.0939
0 365 402 90.1925
0 366 1422 309.7639
0 367 555 116.3698
0 368 461 101.4467
0 369 242 46.7783
0 370 812 162.0844
0 371 246 52.3038
0 372 58 10.4915
0 374 140 27.2760
0 375 131 22.9308
0 376 36 6.6296
0 377 91 18.4799
0 378 318 93.9073
0 379 95 27.0727
0 380 74 14.3000
0 381 616 147.2956
0 382 259 53.6586
0 383 81 15.8677
1 0 765 231.5054
1 1 106 23.3785
1 2 560 131.3105
1 3 238 54.3799
1 4 473 113.7206
1 5 3764 957.2739
1 6 325 70.8053
1 7 894 223.4070
1 8 246 64.3222
1 9 2 0.4827
1 10 591 146.5443
1 11 1236 441.6566
1 12 445 138.5032
1 13 74 17.3180
1 14 279 87.9173
1 15 685 147.2395
1 17 7 1.5555
1 18 66 14.0179
1 19 1339 312.5234
1 20 702 265.6439
1 21 182 36.9642
1 22 232 53.3895
1 23 816 195.4024
1 24 525 127.6933
1 25 364 80.7506
1 26 2001 462.4699
1 27 48 10.3076
1 28 339 78.8482
1 29 1 0.2539
1 30 260 56.4681
1 31 52 9.9101
1 32 238 56.3151
1 33 568 133.3321
1 34 119 27.0108
1 35 390 90.4422
1 36 101 22.2675
1 37 56 11.3188
1 38 428 98.0031
1 39 480 104.1513
1 40 3 0.6040
1 41 187 41.5123
1 42 188 42.4851
1 43 86 16.0909
1 44 102 23.2205
1 45 754 243.1195
1 46 185 42.8388
1 47 1238 303.1872
1 48 207 46.4963
1 49 635 170.7970
1 50 170 38.0289
1 51 599 138.8582
1 52 286 59.7702
1 53 276 71.9616
1 54 638 144.5351
1 55 138 28.7986
1 56 112 43.9863
1 57 410 97.9150
1 58 6 1.6239
1 59 323 74.2088
1 60 222 55.0802
1 61 487 100.1065
1 62 105 42.4277
1 63 1141 260.7603
1 64 501 131.3140
1 65 91 21.0139
1 66 311 78.5030
1 67 1946 522.6508
1 68 45 14.3188
1 69 75 17.2960
1 70 299 68.3230
1 71 932 219.9766
1 72 56 14.3999
1 73 434 99.7328
1 75 1434 616.8876
1 76 16 4.1040
1 77 202 43.8810
1 78 2 0.4079
1 79 1 0.1880
1 80 152 34.6780
1 81 102 23.8930
1 82 712 183.5480
1 83 110 23.7144
1 84 250 52.4344
1 85 715 142.0862
1 86 13 2.6964
1 87 88 37.5015
1 88 2194 525.0029
1 89 70 16.2825
1 90 45 10.2109
1 91 533 147.0995
1 92 500 124.1870
1 93 800 181.7197
1 94 27 5.0448
1 95 175 37.4312
1 96 6 1.3706
1 97 343 82.0795
1 98 836 258.6075
1 99 67 14.6290
1 100 894 214.6452
1 101 26 7.0459
1 102 419 96.6665
1 103 946 219.1324
1 104 263 68.2957
1 105 207 42.7628
1 106 3259 773.8893
1 107 449 95.1941
1 108 1069 305.6855
1 109 767 179.4545
1 110 2593 763.1566
1 111 671 153.2608
1 112 1425 341.0400
1 113 105 31.0581
1 114 110 30.8118
1 115 110 24.1949
1 116 263 65.5757
1 117 685 185.7727
1 118 174 39.7956
1 119 46 14.0601
1 120 239 60.7933
1 121 732 161.9594
1 122 1108 259.3803
1 123 101 25.9946
1 124 25 7.7647
1 125 441 93.8663
1 126 232 53.5775
1 127 280 73.3261
1 128 157 34.7748
1 129 534 142.9306
1 130 573 137.5254
1 131 726 191.3350
1 132 2 0.5020
1 133 840 261.0632
1 134 1433 451.1111
1 135 946 234.9803
1 136 259 59.4685
1 137 64 22.0417
1 138 324 72.8067
1 140 22 5.9646
1 141 188 44.6114
1 142 41 9.9472
1 143 270 69.3132
1 144 693 172.6694
1 145 110 24.3465
1 146 574 130.4696
1 147 742 180.7920
1 148 483 128.7003
1 149 92 25.3330
1 150 483 121.7714
1 151 90 31.7879
1 152 21 4.9550
1 153 1 0.4350
1 154 134 27.9480
1 155 1494 371.5870
1 156 406 92.0647
1 157 662 217.8171
1 158 524 167.1464
1 159 1245 315.8427
1 160 1415 318.7558
1 161 783 181.0092
1 162 311 71.7571
1 163 738 169.6236
1 164 84 21.1604
1 165 156 35.6667
1 166 1231 296.0335
1 167 223 49.7007
1 168 230 65.0046
1 169 107 22.8897
1 170 287 64.4388
1 171 141 33.2047
1 172 149 31.4568
1 173 1039 262.4590
1 174 99 22.8511
1 175 288 65.0104
1 176 447 115.3900
1 177 111 32.3698
1 178 90 19.3935
1 179 137 26.3483
1 180 792 192.3719
1 181 129 29.5791
1 182 227 49.1322
1 183 142 35.9942
1 184 447 102.9149
1 185 419 90.6481
1 186 1746 466.6263
1 187 427 91.8742
1 188 406 129.4205
1 189 163 37.9925
1 190 203 46.3446
1 191 323 101.3237
1 192 81 25.6721
1 193 5430 1606.3755
1 194 167 39.8846
1 195 801 178.0101
1 196 16 3.7111
1 197 63 13.8819
1 198 437 101.6897
1 199 621 127.6925
1 200 213 55.0112
1 201 25 6.1596
1 202 276 65.2243
1 203 202 44.4411
1 204 58 13.6630
1 206 542 123.8926
1 207 27 5.6001
1 208 254 55.5433
1 209 415 89.0401
1 210 192 43.7386
1 211 472 104.7997
1 212 1203 280.3042
1 213 757 174.8800
1 214 128 32.5374
1 215 644 142.5467
1 216 108 22.0189
1 217 493 133.7118
1 218 333 87.6674
1 219 665 176.2787
1 220 125 27.6739
1 221 192 46.6538
1 222 511 113.8233
1 223 354 82.0731
1 224 574 137.3030
1 225 69 17.2278
1 226 117 24.9009
1 227 397 95.3163
1 228 1765 402.2831
1 229 240 51.3155
1 230 220 49.7550
1 231 267 63.5149
1 232 206 45.9186
1 233 96 21.1343
1 234 988 221.1035
1 235 181 41.6244
1 236 1431 307.4323
1 237 171 41.3418
1 238 68 14.3754
1 239 100 22.0142
1 240 569 183.8483
1 241 344 77.0654
1 242 626 141.9738
1 243 233 53.0633
1 244 187 58.5382
1 245 272 58.5516
1 246 217 46.5388
1 247 480 116.3197
1 248 840 196.0252
1 249 8 2.6372
1 250 38 11.4397
1 251 1225 378.4428
1 252 320 66.8741
1 253 309 74.9957
1 254 1521 357.1014
1 255 356 80.6483
1 256 78 17.7025
1 257 224 50.1540
1 258 72 15.5014
1 259 3644 982.1436
1 260 1326 300.0744
1 262 542 126.0709
1 263 398 91.7202
1 264 7 1.7832
1 265 369 101.8479
1 266 546 119.4785
1 267 411 92.9053
1 268 149 35.3960
1 269 242 54.8572
1 270 780 222.9137
1 271 1193 294.6690
1 272 374 82.5334
1 273 78 17.8009
1 274 283 63.4577
1 275 385 87.2094
1 276 4 1.3429
1 277 77 17.5968
1 278 200 44.0366
1 279 739 178.3072
1 280 705 158.9601
1 281 155 37.9122
1 282 25 5.5419
1 283 1972 484.9203
1 284 1038 246.3098
1 285 217 43.3404
1 286 59 14.0670
1 287 87 18.3325
1 288 206 44.6181
1 289 161 45.5042
1 290 768 169.7002
1 291 38 7.6773
1 292 343 93.4629
1 293 1306 308.1623
1 294 939 229.3371
1 295 211 44.2892
1 296 594 135.4554
1 297 646 166.7977
1 298 167 37.5985
1 299 383 87.8436
1 300 84 17.1002
1 301 194 44.9296
1 302 372 85.4958
1 303 60 13.3414
1 304 495 112.5312
1 305 236 56.4085
1 306 923 235.1568
1 307 174 49.9147
1 308 4 0.8826
1 309 8 1.7375
1 310 706 166.5280
1 311 158 34.3044
1 312 186 42.1175
1 313 1525 358.4830
1 314 446 96.2179
1 315 29 6.2821
1 316 1130 298.1115
1 317 117 28.5040
1 318 2377 594.9550
1 319 499 109.7672
1 320 438 100.9315
1 321 317 69.1352
1 322 1561 365.6734
1 323 1038 240.0294
1 324 878 209.8887
1 325 138 29.8304
1 326 429 101.6397
1 327 359 81.7722
1 328 224 52.0212
1 329 152 35.4329
1 330 389 90.0517
1 331 18 2.9881
1 332 581 127.9997
1 333 762 179.7945
1 334 167 38.4067
1 336 164 54.2284
1 337 379 87.8849
1 338 183 37.2663
1 339 692 166.0916
1 340 3333 781.9040
1 341 782 302.5994
1 342 163 37.3672
1 343 177 46.3679
1 344 383 86.5024
1 345 148 33.7924
1 346 202 46.4028
1 347 83 18.3483
1 348 11 2.3949
1 349 1485 408.9469
1 350 631 143.9949
1 353 547 117.5635
1 354 95 20.2700
1 355 49 10.9311
1 356 468 104.5890
1 357 104 21.7888
1 358 97 22.9286
1 359 17 3.0761
1 360 1393 324.3777
1 361 3598 950.0960
1 362 362 84.8495
1 363 325 73.5446
1 364 315 72.3599
1 365 136 32.9695
1 366 322 71.5695
1 367 2 0.4363
1 368 340 78.9462
1 369 667 166.3025
1 370 198 44.7015
1 371 890 203.4201
1 372 635 156.4319
1 373 950 245.7550
1 374 62 16.0195
1 375 215 63.9278
1 376 157 35.8107
1 377 1629 470.1447
1 378 516 118.3081
1 379 212 68.1542
1 380 429 101.8676
1 381 265 55.8346
1 382 42 14.4483
1 383 120 29.1977
2 0 5 1.1470
2 1 1301 304.2081
2 2 1474 331.0673
2 3 581 154.3295
2 4 77 17.8543
2 5 1 0.2240
2 6 661 161.3672
2 7 427 97.4843
2 8 618 142.3401
2 9 868 241.6049
2 10 320 90.5490
2 11 38 9.5677
2 12 577 129.4749
2 13 77 16.5033
2 14 11 2.2386
2 15 169 47.6265
2 16 313 70.7002
2 17 5 1.1321
2 18 60 12.7008
2 19 108 25.7678
2 20 659 150.2276
2 21 137 33.1864
2 23 400 84.9039
2 24 63 13.5850
2 25 369 84.6997
2 26 249 54.6487
2 27 1800 420.1347
2 28 7 1.4556
2 29 89 19.8730
2 30 580 127.5420
2 31 975 212.8692
2 32 381 82.2671
2 33 189 42.9888
2 34 104 23.8649
2 35 6151 1617.1968
2 36 4 0.8904
2 37 15 3.2738
2 39 80 16.6111
2 40 105 23.7940
2 41 467 108.3415
2 42 1119 301.6550
2 43 10 2.4198
2 44 37 8.9750
2 45 510 107.9741
2 46 238 52.4899
2 47 825 197.1692
2 48 248 57.5914
2 49 276 81.4958
2 50 74 26.0411
2 51 55 11.9396
2 52 83 15.6017
2 53 536 147.6351
2 54 79 17.2527
2 55 2 0.4404
2 56 316 92.6662
2 57 24 5.2811
2 58 3986 990.8245
2 59 334 78.8153
2 60 80 16.5222
2 61 82 20.0808
2 62 46 9.4773
2 63 49 10.7805
2 64 44 10.2058
2 65 111 24.9424
2 66 558 120.3876
2 67 640 156.0003
2 68 863 208.0057
2 69 1638 367.5242
2 70 1 0.2489
2 71 135 30.1569
2 72 32 7.2529
2 73 300 68.6889
2 74 688 157.5172
2 75 15 3.2095
2 76 92 19.0871
2 77 603 145.2960
2 78 283 65.8626
2 79 1347 307.2705
2 80 105 20.7109
2 81 41 8.6754
2 82 621 142.2697
2 83 257 59.7295
2 84 207 47.1379
2 85 20 4.6521
2 86 67 15.7891
2 87 252 68.4432
2 88 503 110.4216
2 89 289 88.1726
2 90 223 54.3404
2 91 1071 227.0707
2 92 6 1.4116
2 93 762 171.7875
2 94 40 9.5399
2 95 188 40.5149
2 96 3295 785.6633
2 97 119 28.0764
2 98 403 99.2615
2 99 240 53.6285
2 100 209 44.9286
2 101 935 233.1542
2 102 1557 446.4270
2 103 124 26.6742
2 104 327 73.2222
2 105 8305 2221.8733
2 106 85 18.4850
2 107 65 14.0002
2 108 532 127.4296
2 109 13 3.3311
2 110 100 22.1488
2 111 240 51.5551
2 112 36 7.2013
2 113 110 25.9870
2 114 137 50.0230
2 115 1286 310.6065
2 116 44 9.2909
2 117 29 6.4482
2 118 528 119.7003
2 119 1198 298.7350
2 120 2162 505.6527
2 121 137 41.3469
2 122 190 38.5041
2 123 75 17.6371
2 124 85 31.1612
2 125 497 136.0974
2 126 578 129.1635
2 127 34 8.3182
2 128 593 126.7508
2 129 30 6.5957
2 130 94 30.9623
2 131 1234 278.5646
2 132 3852 1223.5028
2 133 91 20.9775
2 134 481 133.8410
2 135 516 147.9302
2 136 361 91.3446
2 137 3 0.6712
2 138 287 69.6277
2 139 1219 263.5466
2 140 774 194.5596
2 141 862 304.0987
2 142 262 72.8105
2 143 40 8.7416
2 144 298 74.3387
2 145 222 48.8123
2 146 310 75.0684
2 147 4055 1005.9970
2 148 73 17.0481
2 149 11 2.8012
2 150 51 10.4014
2 151 2538 601.8260
2 152 1389 452.4690
2 153 1114 257.9342
2 154 40 7.8365
2 155 67 14.5339
2 156 299 61.2271
2 157 222 50.1228
2 158 814 193.5533
2 160 347 77.8481
2 161 4 0.7182
2 162 8 1.4660
2 163 1042 268.1223
2 165 652 154.2684
2 166 2145 590.7214
2 167 736 166.7846
2 168 9 1.9610
2 169 2 0.3952
2 170 118 30.4562
2 171 2 0.3738
2 172 908 340.1525
2 173 57 12.6769
2 174 47 13.6666
2 175 862 199.6287
2 176 135 30.8829
2 177 894 217.1138
2 178 280 73.3794
2 179 102 23.6144
2 180 1 0.2545
2 181 355 92.2560
2 183 160 33.8753
2 184 56 12.4745
2 185 395 83.2717
2 186 91 20.9612
2 187 659 149.4276
2 188 7 1.6045
2 189 587 133.0142
2 190 32 7.3542
2 191 185 40.4211
2 192 55 11.5025
2 193 346 82.7002
2 194 462 118.7670
2 195 206 50.7384
2 196 557 128.1082
2 197 16 3.5843
2 198 30 5.7637
2 199 1034 260.0481
2 200 674 221.7142
2 201 67 14.3626
2 202 162 36.0034
2 203 495 126.2032
2 204 221 47.1465
2 205 130 35.6621
2 206 2097 506.3953
2 207 207 44.6694
2 208 128 28.3109
2 209 287 68.8358
2 210 199 53.2934
2 211 9 2.0083
2 212 568 128.6226
2 213 2096 499.4902
2 214 459 117.1989
2 215 61 13.3953
2 216 1446 421.7052
2 217 606 152.0389
2 218 8 1.5343
2 219 197 40.5669
2 220 262 54.0189
2 221 24 5.9247
2 222 135 39.0594
2 223 254 84.7275
2 224 932 235.8622
2 225 26 6.0269
2 226 762 186.1175
2 227 12 2.5628
2 228 110 28.1960
2 229 146 32.0289
2 230 1001 225.1730
2 231 15 3.1026
2 232 155 38.2097
2 233 100 33.8195
2 234 1546 393.8517
2 235 32 6.3708
2 236 17 4.3009
2 237 1 0.1933
2 238 387 87.7106
2 239 30 6.9473
2 240 228 54.4485
2 241 3150 771.7301
2 242 957 317.0414
2 243 275 93.0489
2 244 14 2.9763
2 245 4 0.7782
2 246 113 31.2693
2 247 14 2.9427
2 248 8 1.5264
2 249 17 2.9433
2 250 105 21.8003
2 251 38 8.2045
2 252 509 126.8109
2 253 415 95.9602
2 254 1586 391.5726
2 255 254 57.1166
2 256 284 73.3308
2 257 76 14.4831
2 259 32 7.2441
2 260 175 46.7493
2 261 1051 248.0609
2 262 1027 220.9298
2 263 68 15.6231
2 264 30 6.2921
2 265 204 44.4172
2 266 471 109.9876
2 267 33 7.8056
2 268 68 13.3275
2 269 64 15.8766
2 270 2749 665.0548
2 271 125 36.3700
2 272 31 7.2826
2 273 81 19.0733
2 274 16 4.0646
2 275 4 0.9835
2 276 700 158.7061
2 277 65 13.6539
2 278 1133 335.3225
2 279 152 58.6121
2 280 1049 245.0506
2 281 2055 511.7744
2 282 40 8.9412
2 283 151 35.0293
2 284 96 20.9598
2 285 14 2.5464
2 286 81 18.4351
2 287 3 0.7157
2 288 71 15.7565
2 289 855 197.0125
2 290 284 69.1968
2 291 1113 259.2852
2 292 2 0.3934
2 293 139 38.7173
2 294 85 19.1075
2 295 45 10.2604
2 296 676 150.2526
2 297 426 112.2761
2 298 1752 468.6682
2 299 527 131.1762
2 300 10 2.1179
2 301 432 98.0901
2 302 116 25.4045
2 303 50 11.8900
2 304 281 54.3807
2 305 332 105.6612
2 306 229 50.5238
2 307 173 54.9536
2 308 297 68.3789
2 309 10 2.3082
2 311 455 107.2527
2 312 18 4.1427
2 314 148 36.6137
2 315 251 40.2519
2 316 1507 486.9720
2 317 57 12.2376
2 318 210 44.3825
2 319 24 5.3694
2 320 780 166.6761
2 321 118 26.0765
2 322 651 143.0312
2 323 1639 407.3629
2 324 155 41.3849
2 326 400 93.8870
2 327 2339 667.9738
2 328 1295 302.2121
2 329 327 74.8838
2 330 1066 247.4171
2 331 1060 248.1762
2 332 1191 286.5089
2 333 243 59.6946
2 334 54 11.6460
2 335 726 161.8965
2 336 29 5.2625
2 337 46 17.3498
2 338 44 11.1998
2 339 486 115.0028
2 340 75 16.2513
2 341 196 44.7979
2 342 57 13.2893
2 343 3 0.7364
2 344 1349 325.5290
2 345 316 71.4145
2 347 640 137.9335
2 348 4 1.0013
2 349 3 0.6514
2 351 902 226.9239
2 352 826 185.6776
2 353 64 16.6966
2 354 1261 282.7405
2 355 91 23.0544
2 357 15 3.5446
2 358 1704 468.4142
2 359 127 27.8944
2 360 37 7.9374
2 361 26 5.2503
2 362 60 16.7065
2 363 251 57.5726
2 365 170 38.7691
2 366 1114 263.6963
2 367 185 45.1011
2 368 77 17.0545
2 369 2922 685.4335
2 370 29 6.5540
2 371 1 0.2552
2 372 75 15.1171
2 373 1072 269.5869
2 374 35 7.7177
2 375 3080 929.9069
2 376 32 6.6436
2 377 459 106.8316
2 378 288 67.4406
2 379 37 8.6481
2 380 1350 368.1850
2 381 309 71.8770
2 382 1021 256.6957
2 383 1015 219.8964
3 0 13 2.5379
3 1 111 24.5842
3 2 195 45.3083
3 3 20 4.4254
3 4 687 163.0629
3 5 165 34.3340
3 6 2 0.3586
3 7 260 46.3939
3 8 2 0.2800
3 9 12 2.1299
3 10 95 19.1564
3 11 50 15.2027
3 12 549 103.1700
3 13 1147 275.0444
3 14 166 31.8450
3 15 436 137.4189
3 16 357 72.6181
3 17 3924 845.6068
3 18 851 241.0825
3 19 13 2.9437
3 20 1 0.2153
3 21 219 40.6440
3 22 1737 552.6912
3 23 106 18.0570
3 24 28 5.4768
3 25 274 62.7179
3 26 187 46.2460
3 27 106 24.3751
3 28 81 19.3728
3 29 62 11.8035
3 30 6 1.6677
3 31 352 61.4442
3 32 179 36.1513
3 33 170 31.7387
3 34 18 4.0775
3 35 510 116.5607
3 36 36 7.9489
3 37 2522 632.2701
3 38 89 26.5014
3 39 79 16.9807
3 40 296 70.9404
3 41 4 0.9826
3 42 38 7.4258
3 43 113 27.7904
3 44 123 22.3182
3 45 81 20.2621
3 46 5 1.0036
3 47 28 5.7150
3 48 59 11.5087
3 49 369 122.2482
3 50 406 93.0040
3 51 439 99.9648
3 52 363 77.8728
3 53 41 8.6132
3 54 1746 421.6393
3 55 61 14.4993
3 56 336 79.0711
3 57 37 8.1165
3 58 56 12.3082
3 59 244 50.6688
3 60 5 0.9263
3 61 4069 847.1251
3 62 10 1.8751
3 63 62 13.6776
3 64 1051 254.3021
3 65 93 20.0270
3 66 1589 382.1148
3 67 660 213.2869
3 69 218 51.1360
3 70 188 73.8122
3 71 116 22.3934
3 72 2 0.4594
3 73 63 9.3073
3 74 151 33.3231
3 75 48 8.8092
3 76 124 30.2956
3 77 5 1.0479
3 78 7 1.7004
3 79 4 0.8640
3 80 97 38.2711
3 81 1007 257.5589
3 82 1 0.2581
3 83 369 137.7680
3 84 53 8.8550
3 85 1 0.2122
3 86 35 8.3555
3 87 324 102.2010
3 89 1850 448.2387
3 90 171 41.1272
3 91 1642 558.0222
3 92 135 37.5533
3 93 163 39.7256
3 94 648 146.1569
3 95 9 1.6625
3 96 3452 774.3380
3 97 4 0.9493
3 98 110 24.6355
3 99 54 12.4280
3 100 436 101.1800
3 101 14 3.5330
3 102 1752 428.3114
3 103 9 2.1596
3 104 69 14.8722
3 105 532 105.6928
3 106 43 7.6510
3 107 277 94.5885
3 108 19 3.4713
3 109 211 45.6416
3 110 898 285.4383
3 111 14 3.1543
3 112 129 26.7928
3 113 20 4.4674
3 114 1125 283.0443
3 115 10 2.1887
3 116 140 29.5705
3 117 1079 247.8723
3 118 410 85.0953
3 119 413 110.9783
3 120 64 12.6166
3 121 545 103.5033
3 122 49 16.2962
3 123 44 9.7847
3 124 21 4.2301
3 125 45 11.3491
3 126 549 145.0831
3 128 86 18.2458
3 130 361 71.7791
3 131 34 5.8035
3 132 177 43.1407
3 133 25 4.8599
3 134 13 2.8428
3 135 1 0.2347
3 136 468 121.9443
3 137 35 5.9883
3 138 54 12.2484
3 139 1 0.2777
3 140 16 3.0148
3 141 282 60.8655
3 142 2679 659.8501
3 143 139 27.6124
3 144 272 70.4360
3 145 45 16.9801
3 146 40 9.8002
3 147 4367 941.0049
3 148 1220 272.4546
3 149 1402 409.0845
3 150 86 35.0035
3 151 573 129.9687
3 152 147 33.0666
3 153 1744 391.9046
3 154 567 260.5425
3 155 63 20.3439
3 156 74 13.7947
3 157 243 57.5147
3 158 9 1.9762
3 159 517 123.9661
3 160 95 18.8324
3 161 782 191.2066
3 163 484 85.7135
3 164 588 126.6615
3 165 468 100.1561
3 166 258 62.3608
3 167 8603 1958.4252
3 168 2154 489.2859
3 169 1605 349.3155
3 170 127 42.2355
3 171 28 5.7420
3 172 74 24.6186
3 173 126 27.9367
3 174 56 12.6956
3 176 848 192.7724
3 177 443 103.3697
3 178 211 44.4996
3 179 111 20.9376
3 180 358 75.0211
3 181 2 0.4829
3 182 206 45.4924
3 183 18 3.7814
3 184 124 30.9087
3 185 184 41.9265
3 186 1439 392.2869
3 187 1 0.1573
3 188 10 2.0353
3 189 708 189.0724
3 190 83 16.8376
3 191 488 123.6946
3 192 1516 722.7154
3 193 57 17.1326
3 194 569 171.8212
3 195 229 49.7893
3 197 135 33.2494
3 198 207 40.8577
3 199 84 17.1111
3 200 103 21.6942
3 201 140 30.2243
3 202 75 22.9999
3 203 11 2.5658
3 204 47 9.9062
3 205 210 71.5919
3 206 73 20.8660
3 207 257 75.7738
3 208 13 2.3270
3 209 456 112.6973
3 210 30 6.9210
3 211 324 64.5701
3 212 21 3.8175
3 213 376 86.9677
3 214 3259 1171.7831
3 215 131 26.2201
3 216 8 1.3994
3 217 74 19.9487
3 218 90 27.6820
3 219 25 5.2391
3 220 150 27.5592
3 221 42 9.4522
3 222 121 26.5887
3 223 91 19.3010
3 224 7557 1730.4895
3 225 28 6.4011
3 226 5248 1228.5509
3 228 102 38.1140
3 229 23 3.8929
3 230 272 53.6103
3 231 49 11.4388
3 232 598 223.0367
3 233 3525 1106.4970
3 234 115 20.9285
3 235 1 0.2278
3 236 79 16.2821
3 237 692 202.7558
3 239 226 44.7701
3 240 463 114.9267
3 241 56 12.7190
3 242 3 0.6474
3 243 31 5.8043
3 244 138 30.5721
3 245 224 50.4755
3 246 181 53.0938
3 247 58 18.5418
3 248 34 6.9308
3 249 682 198.6279
3 250 1173 285.2311
3 251 217 62.4009
3 252 967 267.9653
3 253 199 40.0484
3 254 53 14.9170
3 256 3 0.6697
3 257 672 158.8012
3 258 72 24.8955
3 259 161 34.2493
3 260 124 52.2673
3 261 4 0.7536
3 262 14007 3317.7951
3 263 12 2.7480
3 264 243 47.1423
3 265 711 219.7233
3 266 267 87.3632
3 267 373 101.4042
3 268 85 30.2428
3 269 13 2.7829
3 270 1200 326.5396
3 271 82 21.0712
3 272 292 65.5940
3 273 36 6.5606
3 274 155 34.1917
3 275 1852 435.7309
3 276 129 25.7764
3 277 93 21.9217
3 278 62 13.4876
3 279 1426 378.6649
3 280 2 0.3746
3 281 139 29.1546
3 282 20 4.2968
3 283 70 27.2925
3 285 73 16.0119
3 286 62 15.1840
3 287 22 4.2314
3 288 2808 893.2179
3 289 158 33.1893
3 290 11 2.4384
3 291 112 38.0849
3 293 1393 289.4253
3 294 152 38.6734
3 295 245 57.3557
3 296 31 6.8105
3 297 355 103.3327
3 298 389 101.6034
3 299 144 26.9891
3 300 204 40.6917
3 301 1 0.2309
3 302 15 5.1117
3 303 2977 814.4457
3 304 2037 656.9631
3 305 179 57.3748
3 306 390 73.8277
3 307 547 122.9541
3 308 5 0.9935
3 309 401 91.8439
3 310 70 14.5613
3 311 51 10.9006
3 312 1287 406.8947
3 313 28 6.0081
3 314 33 6.5129
3 316 95 26.4039
3 317 204 41.8761
3 318 9 1.7260
3 319 112 19.9487
3 320 842 184.1059
3 321 141 26.8935
3 322 12 2.2529
3 323 209 48.2051
3 324 236 46.7560
3 325 212 36.0045
3 326 45 10.8924
3 327 64 17.6148
3 328 27 5.7287
3 329 180 40.2847
3 330 1444 381.5290
3 331 428 100.2815
3 332 213 46.2211
3 333 24 5.4742
3 334 489 113.8569
3 335 21 4.3572
3 336 191 48.0111
3 337 2968 843.1012
3 338 47 9.9664
3 339 633 128.4499
3 340 3 0.5196
3 341 8 2.1532
3 342 3 0.6425
3 343 192 33.9093
3 344 216 42.4031
3 345 19 4.0025
3 346 87 16.6696
3 347 108 23.8450
3 348 115 25.2657
3 349 2541 636.1520
3 350 773 209.4031
3 351 54 9.4198
3 352 107 19.0133
3 353 35 9.7018
3 354 80 16.7058
3 355 751 164.3987
3 356 49 8.0584
3 357 5572 1323.6791
3 358 108 29.9653
3 359 59 27.2077
3 360 121 35.3614
3 361 58 10.2238
3 362 12 2.3795
3 363 693 151.4409
3 364 204 50.6779
3 365 1275 315.1248
3 366 307 98.7235
3 368 1777 445.9044
3 369 33 7.6401
3 370 1304 275.6075
3 371 8 1.8681
3 372 366 69.2135
3 373 1 0.1391
3 374 55 9.4972
3 375 103 20.0525
3 376 792 179.0307
3 377 312 73.7361
3 378 219 42.6263
3 379 566 140.8982
3 380 148 32.5222
3 381 72 20.5760
3 382 168 35.3083
3 383 54 12.2059
4 0 2389 609.6489
4 1 41 8.3231
4 2 128 24.0715
4 3 334 79.6215
4 4 108 22.3326
4 5 1084 233.0115
4 7 38 7.9894
4 8 92 37.3914
4 9 323 75.3195
4 10 73 18.0176
4 11 2205 534.1435
4 12 1160 261.8743
4 13 257 54.4122
4 14 248 55.2623
4 15 46 9.1067
4 16 29 6.5720
4 17 460 117.5558
4 18 113 29.3071
4 19 198 46.6194
4 20 12 2.4108
4 21 328 101.1057
4 22 55 9.9962
4 23 1449 318.8161
4 24 235 50.2491
4 25 296 57.1902
4 26 2230 694.6353
4 27 36 6.8659
4 28 837 187.2190
4 29 140 25.0750
4 30 37 8.6037
4 31 150 27.2541
4 32 362 78.6443
4 33 639 147.6412
4 34 356 77.3862
4 35 135 39.7369
4 36 14 2.9853
4 37 291 79.1353
4 38 36 7.4200
4 39 611 146.6945
4 40 323 70.8351
4 41 4 0.8008
4 42 119 24.0276
4 43 315 65.0876
4 44 246 57.2271
4 45 677 154.6792
4 46 995 230.2557
4 47 206 40.4554
4 48 231 54.1004
4 49 1026 246.5342
4 50 1080 214.2103
4 51 130 30.2888
4 52 16 3.3382
4 53 214 45.3943
4 54 1175 296.8368
4 55 231 49.0446
4 56 52 12.8095
4 57 4 0.8926
4 58 2471 658.6712
4 59 124 23.5824
4 60 42 9.9449
4 61 1122 277.6095
4 62 174 42.5529
4 63 353 80.8870
4 64 26 5.4694
4 65 321 67.6797
4 66 59 13.6567
4 67 43 9.3833
4 68 401 85.8844
4 69 436 102.8339
4 70 1617 442.7788
4 71 127 26.7013
4 72 2510 623.6174
4 73 84 29.9187
4 74 48 9.6138
4 75 337 85.5528
4 76 21 5.4183
4 77 84 18.1875
4 78 72 18.5233
4 79 1254 256.8298
4 80 6 1.1515
4 81 7 1.4113
4 82 587 164.2410
4 83 91 26.7700
4 84 519 118.0690
4 85 3498 801.6405
4 86 39 8.2374
4 87 3 0.6077
4 88 161 35.2340
4 89 152 40.9082
4 90 395 85.9817
4 91 24 5.3982
4 92 397 111.7324
4 93 215 46.0125
4 94 11593 2732.7475
4 95 1137 311.9549
4 96 100 29.2872
4 97 1 0.1985
4 98 9 1.6185
4 99 71 13.4548
4 100 123 26.9220
4 101 125 25.4424
4 102 344 75.6875
4 103 64 12.5122
4 104 98 28.0021
4 105 126 27.2822
4 106 303 64.1389
4 107 730 169.8192
4 108 256 54.5987
4 109 45 8.9244
4 110 614 166.5985
4 111 365 75.4486
4 112 68 18.1657
4 113 10 2.3495
4 114 183 39.1677
4 115 118 24.8628
4 116 116 20.8721
4 117 23 4.9338
4 118 11 2.4921
4 119 457 107.7003
4 120 8 1.9504
4 121 176 31.9199
4 122 360 80.3844
4 123 1086 262.3077
4 124 111 24.5482
4 125 1356 308.5624
4 126 211 55.5225
4 127 162 35.1461
4 128 1216 356.6726
4 129 22 4.9497
4 130 66 15.2966
4 131 310 64.7775
4 132 1037 251.0638
4 133 71 13.5858
4 134 97 21.1279
4 135 76 15.5889
4 136 204 43.8878
4 137 269 58.2751
4 138 271 57.4968
4 139 40 7.9684
4 140 439 111.8412
4 141 409 104.4785
4 143 457 96.2256
4 144 39 9.0825
4 145 310 81.9039
4 146 609 161.6069
4 147 2503 654.0661
4 148 664 141.3022
4 149 39 8.2556
4 150 637 135.4345
4 151 1348 373.5697
4 152 67 15.1303
4 153 110 23.5459
4 154 556 151.4226
4 156 296 56.7676
4 157 167 44.8656
4 158 268 57.6478
4 159 110 23.4495
4 160 82 16.5978
4 161 116 27.2590
4 162 47 9.7313
4 163 691 143.8900
4 164 452 100.4980
4 165 20 4.6885
4 166 1058 263.7823
4 167 168 38.6862
4 168 146 37.0214
4 169 1259 309.6199
4 170 1209 304.9950
4 171 267 57.3130
4 172 12 2.3066
4 173 198 44.1937
4 174 812 187.8319
4 175 11 2.0940
4 176 572 133.0322
4 177 19 6.2987
4 178 92 20.5434
4 179 412 112.5030
4 180 2002 436.0606
4 181 38 11.4668
4 182 172 34.8208
4 183 21 3.8354
4 184 2844 592.3166
4 185 180 39.5066
4 186 36 7.2639
4 187 158 36.1370
4 188 88 17.3175
4 189 1139 381.5095
4 190 529 159.4845
4 191 1218 282.8130
4 192 563 108.7741
4 193 43 8.3130
4 194 1422 278.5582
4 195 17057 5898.2928
4 196 329 83.4990
4 197 179 37.4107
4 198 63 14.9205
4 199 1513 334.3863
4 200 146 30.8140
4 201 2325 703.7715
4 202 566 115.6930
4 203 261 53.8977
4 204 49 9.3343
4 205 61 12.7508
4 206 1805 437.7468
4 207 174 38.8655
4 208 58 15.4716
4 209 138 29.8818
4 210 188 44.2163
4 211 45 12.3643
4 212 136 29.8735
4 213 1392 300.3605
4 214 56 12.5706
4 215 281 62.3507
4 216 62 12.8056
4 217 69 15.1334
4 218 122 26.9185
4 219 251 68.0945
4 220 1371 333.0240
4 221 68 15.5342
4 222 104 22.7682
4 223 10 2.0704
4 224 2189 564.5343
4 225 151 35.2744
4 226 48 10.8134
4 227 361 80.4459
4 228 14 2.9691
4 229 51 10.4586
4 230 143 30.3944
4 231 190 46.2285
4 232 35 6.8058
4 233 10 2.2654
4 234 309 67.1609
4 235 13 2.6504
4 236 9 2.1405
4 237 160 33.6599
4 238 112 23.4804
4 239 954 215.3946
4 240 71 15.9274
4 241 41 8.6758
4 242 8 1.7843
4 243 619 133.4831
4 244 285 58.9586
4 245 2 0.3995
4 246 161 33.4010
4 247 16 3.6980
4 248 821 206.4751
4 249 83 17.2365
4 250 72 16.0368
4 251 913 195.1315
4 252 68 15.4722
4 253 30 6.5484
4 254 124 31.5355
4 255 181 33.9173
4 256 1 0.2517
4 257 117 32.4330
4 258 145 44.5054
4 259 165 34.4547
4 260 110 29.0283
4 261 59 10.7749
4 262 88 20.6252
4 263 242 48.4599
4 264 392 109.0460
4 265 63 15.2044
4 266 937 203.6594
4 267 241 63.7379
4 268 34 7.4367
4 269 103 20.0791
4 270 1127 283.6971
4 271 2014 464.5569
4 272 179 34.5960
4 273 1545 477.7908
4 274 124 27.3815
4 275 127 25.7338
4 276 33 8.5177
4 277 74 14.4267
4 278 2570 618.0140
4 279 345 93.6240
4 280 258 67.1155
4 281 141 30.1546
4 282 25 4.9545
4 283 4 0.8550
4 284 125 26.5995
4 285 355 91.6337
4 286 735 148.5474
4 287 110 23.3175
4 288 335 87.1756
4 289 1607 431.6203
4 290 40 7.8020
4 291 263 65.1699
4 292 841 191.9571
4 293 1408 364.0041
4 294 745 196.3245
4 295 96 19.2238
4 296 673 163.7643
4 297 385 76.0968
4 298 61 26.2075
4 299 1 0.2274
4 300 660 168.1100
4 301 19 4.4170
4 302 186 35.8597
4 303 499 107.9272
4 304 167 33.8328
4 305 1 0.1914
4 306 119 24.5607
4 307 634 154.2271
4 308 2 0.3652
4 309 143 30.4070
4 310 1649 540.4421
4 311 44 13.7721
4 312 591 131.2636
4 313 164 34.0454
4 314 709 169.6043
4 315 663 132.8131
4 316 16 3.2681
4 317 25 5.1691
4 318 143 29.4193
4 319 234 78.8067
4 320 10 2.0172
4 321 153 30.7631
4 322 473 119.6201
4 323 56 11.4533
4 324 12 3.3501
4 325 119 25.9286
4 326 728 148.6194
4 327 228 51.2677
4 328 29 5.7067
4 329 59 15.5999
4 330 357 76.8669
4 331 52 11.0865
4 332 4 0.6979
4 333 377 78.8819
4 334 40 8.2231
4 335 2031 503.7802
4 336 257 61.3398
4 337 24 5.5023
4 338 162 33.4675
4 339 1654 427.4147
4 340 1146 293.7848
4 341 37 8.0424
4 342 110 31.2544
4 343 7 1.4921
4 344 95 17.7134
4 346 332 74.5884
4 347 201 45.4581
4 348 40 7.7050
4 349 72 12.6456
4 350 295 95.3378
4 351 190 43.6687
4 352 6 1.0081
4 353 499 162.2987
4 354 531 118.9493
4 355 341 88.4512
4 356 69 12.9544
4 357 268 53.5915
4 358 3007 707.3120
4 359 90 22.2113
4 360 178 41.0013
4 361 28 5.1988
4 362 426 94.6606
4 363 66 13.1763
4 364 115 32.6274
4 365 96 20.8606
4 366 58 10.9066
4 367 740 153.5764
4 368 112 23.2122
4 369 2325 464.4174
4 370 980 219.3655
4 371 260 61.0201
4 372 551 125.2610
4 373 203 45.3170
4 374 29 6.1121
4 375 559 128.1858
4 376 237 55.5886
4 377 372 76.0256
4 378 204 61.9320
4 379 151 49.0016
4 380 156 35.6666
4 381 2504 578.9426
4 382 88 23.9196
4 383 133 30.0922
5 0 155 33.7981
5 1 135 39.5190
5 2 1036 215.1162
5 3 31 6.5578
5 4 218 50.1444
5 5 74 16.0799
5 6 399 86.1542
5 7 203 55.6005
5 8 1097 217.7258
5 9 77 18.5678
5 10 222 49.4312
5 11 178 36.1013
5 12 279 63.1543
5 13 93 19.1888
5 14 11 2.5961
5 15 93 16.7181
5 16 142 30.5761
5 17 19 3.9548
5 18 24 4.9710
5 19 968 247.2886
5 20 2 0.4991
5 21 40 8.7414
5 22 1 0.2301
5 23 31 7.2468
5 24 1252 275.3888
5 25 657 146.3627
5 26 163 38.9347
5 27 14 3.1567
5 28 518 124.4026
5 29 535 132.6678
5 30 28 5.8954
5 31 117 24.1538
5 32 1397 360.3056
5 33 62 14.9291
5 34 1110 258.8604
5 35 294 64.8792
5 36 1634 386.3610
5 37 2968 748.7976
5 38 104 20.5941
5 39 227 51.3621
5 40 1386 341.4136
5 41 1164 315.7598
5 42 2062 494.7674
5 43 107 24.1789
5 44 67 15.0194
5 45 490 123.5630
5 46 20 5.7517
5 47 131 26.3944
5 48 725 229.3458
5 49 572 131.1435
5 50 80 18.6450
5 51 23 4.6053
5 52 668 148.1688
5 53 1532 443.6053
5 54 123 31.1530
5 55 806 180.8309
5 56 144 27.1544
5 57 989 216.3018
5 58 471 102.0851
5 60 533 120.8255
5 61 81 21.9887
5 62 98 20.3130
5 63 370 81.6595
5 65 358 82.0761
5 66 11 2.4468
5 67 109 23.6094
5 68 61 17.1921
5 69 1038 275.4782
5 70 888 211.5317
5 72 1241 346.0359
5 73 12 2.8904
5 74 34 6.6731
5 75 80 18.1301
5 76 1005 211.2438
5 77 507 146.1791
5 78 407 85.4374
5 79 48 13.6850
5 80 31 5.6809
5 81 587 127.6336
5 82 79 20.2076
5 83 88 17.0551
5 84 517 121.0529
5 85 728 236.5758
5 86 240 55.3925
5 87 115 29.3814
5 88 55 12.4097
5 89 327 78.4677
5 90 140 30.4462
5 92 14 2.6082
5 93 14 3.0318
5 94 118 28.3190
5 95 74 14.9962
5 96 192 39.8844
5 97 93 19.3330
5 98 1134 235.3650
5 99 165 44.5354
5 100 1150 339.1253
5 101 28 6.4844
5 102 8 1.5962
5 103 8 1.5204
5 105 56 10.5109
5 106 511 113.6254
5 107 389 89.4227
5 108 177 39.2431
5 109 96 22.1907
5 110 31 6.4688
5 111 38 6.8850
5 112 213 42.5183
5 113 262 49.4920
5 114 18 3.8760
5 115 66 15.7476
5 116 539 119.6581
5 117 350 89.4701
5 118 333 80.4134
5 119 1301 280.5307
5 120 597 132.1394
5 121 430 115.6873
5 122 118 25.0212
5 123 15 3.2321
5 124 194 49.5651
5 125 69 15.3490
5 126 2 0.3652
5 127 815 234.4170
5 128 128 26.0737
5 129 5 1.1526
5 130 110 24.5165
5 131 69 15.4436
5 132 173 32.1215
5 133 289 55.7783
5 134 383 83.0190
5 135 40 8.3905
5 136 675 158.5731
5 137 327 79.7642
5 138 1913 488.2065
5 139 54 14.7225
5 140 756 168.5597
5 141 242 57.0493
5 142 40 8.5153
5 143 61 12.2129
5 144 118 29.4750
5 145 218 43.6998
5 146 389 80.5692
5 147 2831 567.4752
5 148 89 19.4115
5 149 1657 470.2529
5 150 366 75.7031
5 151 266 53.8786
5 152 138 40.5387
5 153 1138 245.5712
5 154 117 38.7190
5 155 88 18.6258
5 156 195 49.4592
5 157 109 33.0094
5 158 104 21.7396
5 159 42 10.0843
5 160 175 39.5051
5 161 183 40.1063
5 162 215 46.3294
5 163 1089 238.6244
5 164 2692 669.6555
5 165 210 42.9608
5 166 58 12.0983
5 167 52 15.6551
5 168 80 17.5596
5 169 4520 971.6300
5 170 181 40.2081
5 171 107 19.6249
5 172 1590 366.2232
5 173 122 22.3416
5 174 504 126.5749
5 175 158 33.0483
5 176 284 58.4415
5 177 130 43.0905
5 178 5 1.0493
5 179 5707 1326.3740
5 180 126 26.0760
5 181 174 38.4785
5 182 894 207.9310
5 183 351 75.6475
5 184 30 6.3465
5 185 92 23.6716
5 186 588 124.0148
5 187 17310 6524.0953
5 188 1246 322.6166
5 190 47 9.5651
5 191 587 126.2480
5 192 260 52.3157
5 193 531 187.5325
5 194 224 58.3762
5 195 327 72.1924
5 196 56 13.5359
5 197 198 40.4403
5 198 659 185.0650
5 199 14 3.2111
5 200 327 65.2714
5 201 20 4.1364
5 202 1008 247.3101
5 203 593 141.6137
5 204 157 30.3084
5 205 18 3.7208
5 206 1275 297.0505
5 207 45 10.7298
5 208 3934 1089.5963
5 209 238 49.9518
5 210 378 79.9895
5 211 112 23.5600
5 212 106 25.2435
5 213 866 203.4407
5 214 20 3.9567
5 215 299 96.3276
5 216 748 194.2930
5 217 310 67.4329
5 218 149 33.0013
5 219 184 40.9261
5 220 676 160.6458
5 221 138 34.1851
5 222 305 69.3844
5 223 312 64.8478
5 224 830 244.1794
5 225 147 40.3582
5 226 45 9.7491
5 227 486 108.0577
5 228 139 40.8205
5 229 253 51.1547
5 230 70 17.7103
5 231 3 0.6150
5 232 983 223.3896
5 233 52 9.8841
5 234 175 33.3821
5 235 1107 237.4104
5 236 33 6.1022
5 237 12 2.4881
5 238 44 8.4796
5 239 313 63.7737
5 240 446 96.5981
5 241 103 19.7784
5 242 698 222.2601
5 243 90 18.9757
5 244 438 89.1325
5 245 227 46.3046
5 246 29 5.7701
5 247 1795 454.7762
5 248 521 114.5267
5 249 178 34.7415
5 250 127 28.7353
5 251 564 164.3034
5 252 18 3.5820
5 253 19 4.0445
5 254 279 52.6352
5 255 182 36.4437
5 256 288 66.8700
5 257 252 51.3528
5 258 218 57.7104
5 259 326 57.5128
5 260 723 182.0948
5 261 152 31.6458
5 262 182 43.3982
5 263 3901 957.9228
5 264 1960 571.1213
5 265 33 7.0825
5 266 6 1.1828
5 267 719 150.9122
5 268 7 1.7605
5 269 588 127.8824
5 270 33 6.7052
5 271 96 21.2171
5 272 52 11.0269
5 273 46 8.8947
5 274 7 1.4834
5 275 1507 331.0016
5 276 191 42.2059
5 277 106 21.6880
5 278 165 37.3665
5 279 100 23.4325
5 280 1297 245.0256
5 281 54 9.4545
5 282 3415 728.8155
5 283 1265 314.4386
5 284 201 45.0534
5 285 80 21.0095
5 286 366 76.3893
5 287 22 5.0532
5 288 155 41.5270
5 289 376 86.7597
5 290 290 57.3544
5 291 1902 452.9171
5 292 372 87.6955
5 293 721 187.9710
5 294 85 19.0795
5 295 115 22.5004
5 296 66 15.5839
5 297 35 7.4630
5 298 481 111.5483
5 299 197 43.7274
5 300 161 36.3536
5 301 71 14.9265
5 302 108 25.6021
5 303 14 3.9723
5 304 78 20.1958
5 305 19 3.4705
5 306 1915 528.3948
5 307 131 27.6859
5 308 87 17.6172
5 309 17 3.9231
5 310 243 68.4177
5 311 424 79.1971
5 312 9 1.7378
5 313 104 23.0870
5 314 1692 374.8271
5 315 1511 343.6661
5 316 63 14.3884
5 317 660 188.5453
5 318 78 15.8708
5 319 41 10.4452
5 320 90 18.3453
5 321 406 96.7703
5 322 159 41.2514
5 323 17 3.5032
5 324 872 188.2772
5 325 695 155.1459
5 326 378 86.0457
5 327 548 123.3944
5 328 1841 435.3045
5 329 113 36.3962
5 330 29 7.6040
5 331 75 18.5879
5 332 60 11.1277
5 333 37 7.8402
5 334 710 155.0074
5 335 1065 255.5865
5 337 1188 249.6771
5 338 79 23.2375
5 339 223 47.3769
5 340 28 5.9795
5 341 184 33.6538
5 342 449 109.0616
5 343 14 2.9938
5 344 202 44.4710
5 345 62 13.0444
5 346 208 45.7825
5 347 277 65.3192
5 348 178 39.9271
5 349 1484 397.0475
5 350 291 68.7808
5 351 2198 510.7945
5 352 410 110.4407
5 353 164 35.7734
5 354 675 155.6943
5 355 292 68.6563
5 356 340 70.7407
5 357 119 22.8262
5 358 747 209.7665
5 359 94 24.6268
5 360 119 29.7172
5 361 867 234.8887
5 362 350 69.4102
5 363 30 6.3351
5 364 147 29.9418
5 365 421 104.1500
5 366 131 27.3384
5 367 3 0.6435
5 368 807 178.7942
5 369 66 13.8218
5 371 3308 665.3812
5 372 44 8.9427
5 373 27 5.1752
5 374 170 43.5027
5 375 28 6.4633
5 376 529 99.8825
5 377 151 32.0174
5 378 91 17.2340
5 379 1023 239.9046
5 380 137 27.4395
5 381 85 19.6836
5 382 33 6.4946
5 383 117 23.3460
6 0 656 146.7828
6 1 2117 519.2894
6 2 291 62.8404
6 3 8 1.9475
6 4 53 10.9388
6 5 2310 596.8739
6 7 1088 268.3529
6 8 331 77.6561
6 9 23 5.8653
6 10 7 1.3653
6 11 43 10.3196
6 12 800 237.2020
6 13 436 104.0068
6 14 1 0.1646
6 15 305 81.4346
6 16 16 3.5014
6 17 801 195.6171
6 18 1888 469.1811
6 19 95 18.2873
6 20 198 41.8248
6 21 9 1.9176
6 22 141 32.1777
6 23 421 104.7638
6 24 282 69.1451
6 25 20 3.7806
6 26 40 8.9087
6 27 94 21.0996
6 28 2258 515.4276
6 29 200 49.9452
6 31 1459 292.9810
6 32 67 13.5814
6 33 1671 449.3419
6 34 133 27.4533
6 35 90 16.0104
6 36 148 30.9067
6 37 1367 303.6442
6 38 69 14.8786
6 39 25 4.5648
6 40 229 41.3975
6 41 77 14.5725
6 42 15 3.4609
6 43 362 71.5942
6 44 22 3.8918
6 45 55 10.1898
6 46 215 52.2408
6 47 322 63.8891
6 48 77 16.6323
6 49 31 6.0791
6 50 299 65.0244
6 51 18097 6918.2960
6 52 279 61.0368
6 53 13 3.2370
6 54 86 19.0043
6 55 280 58.3203
6 56 4171 974.1371
6 57 8 1.5465
6 58 44 9.2980
6 59 302 76.1386
6 60 12 3.1819
6 61 41 6.7423
6 62 254 54.2974
6 63 2061 468.6064
6 64 15 3.5625
6 65 15 3.0150
6 66 731 187.1585
6 67 179 41.6686
6 68 19 4.6247
6 69 16 3.5649
6 70 5 1.0485
6 71 22 4.0672
6 72 471 98.2833
6 73 94 19.8582
6 74 3 0.6519
6 75 201 47.2825
6 76 6 1.3489
6 77 54 12.1039
6 78 10 1.7578
6 79 629 153.4605
6 80 10 1.9983
6 81 213 55.7845
6 82 73 13.8139
6 83 3 0.6638
6 84 21 5.3148
6 85 84 16.8518
6 86 84 17.3946
6 87 26 5.0192
6 88 8 1.9417
6 89 2375 460.8190
6 90 72 18.2268
6 91 11 2.4177
6 92 178 48.9468
6 93 979 224.1612
6 94 39 8.3195
6 95 112 23.0871
6 96 97 20.9720
6 97 3 0.7272
6 98 48 11.8598
6 99 233 65.8533
6 100 253 54.4091
6 101 1219 266.3287
6 102 272 60.0584
6 103 47 10.4770
6 104 505 124.9331
6 105 61 12.3166
6 106 92 20.1136
6 107 721 201.9628
6 108 85 18.1638
6 109 293 62.5910
6 110 178 50.7834
6 111 480 110.7877
6 112 143 32.5525
6 113 98 20.6425
6 114 361 79.5113
6 115 57 11.4776
6 116 89 21.8658
6 117 3520 879.1735
6 118 7 1.9611
6 119 271 50.1373
6 120 2171 503.5896
6 121 6 1.0973
6 122 2328 554.9879
6 123 2 0.3235
6 124 91 23.5664
6 125 336 72.9895
6 126 43 9.0817
6 127 1 0.1463
6 128 256 62.5687
6 129 490 121.0613
6 130 4 0.8960
6 131 13 2.5645
6 132 640 162.6880
6 133 61 12.4311
6 134 108 25.2618
6 135 6753 1592.5246
6 136 7 1.5060
6 137 481 141.8901
6 138 15 2.7315
6 139 4 0.6626
6 140 335 73.1369
6 141 84 19.6800
6 142 2 0.4648
6 143 69 15.9847
6 145 46 9.3545
6 146 31 6.5412
6 147 30 6.4544
6 148 298 64.8584
6 149 603 128.5910
6 150 239 54.5681
6 151 696 145.4213
6 152 621 146.0392
6 153 11 2.3882
6 154 1301 292.6450
6 155 12 2.6076
6 156 5 0.9473
6 157 91 19.9919
6 158 37 8.4618
6 159 735 163.4338
6 160 3778 881.2244
6 161 1 0.2219
6 162 378 76.0637
6 163 77 17.9546
6 164 462 106.8667
6 165 69 12.6338
6 166 131 31.7733
6 167 956 254.9584
6 168 1 0.2382
6 169 352 69.4374
6 170 326 62.0103
6 171 384 79.2036
6 172 103 19.8471
6 173 362 64.5101
6 174 54 11.5354
6 175 186 43.4097
6 176 28 4.8241
6 177 220 48.1254
6 178 8 1.2792
6 179 1 0.2517
6 180 10 2.1049
6 181 1040 248.8560
6 182 103 22.2658
6 183 172 41.3671
6 184 14 3.0128
6 185 411 86.5429
6 186 25 4.4959
6 187 97 20.1362
6 188 96 23.0681
6 189 1157 312.9103
6 190 924 216.7454
6 191 21 5.1353
6 192 973 284.7950
6 193 9 1.6514
6 194 126 25.6870
6 195 299 77.1982
6 196 46 10.2855
6 197 81 17.8078
6 198 1 0.2737
6 199 4 0.9113
6 200 1942 458.6104
6 201 66 18.9431
6 202 303 54.1041
6 203 359 73.2732
6 204 99 18.8760
6 205 144 23.4444
6 206 1985 516.8631
6 207 169 39.4544
6 208 1418 374.7278
6 209 158 35.9218
6 210 1252 284.7816
6 211 729 167.8864
6 212 287 58.6633
6 213 122 26.0740
6 214 1042 200.8054
6 215 54 11.4232
6 216 224 44.4586
6 217 9 1.7774
6 218 70 17.4308
6 219 746 247.8909
6 220 120 24.6329
6 221 57 9.4275
6 222 127 33.3162
6 223 1300 259.0458
6 224 3745 923.2815
6 225 58 13.4083
6 226 16 3.8391
6 227 1854 464.6745
6 228 55 10.2539
6 229 674 124.7136
6 230 91 18.0157
6 231 147 35.0473
6 232 267 76.4263
6 233 62 16.5333
6 234 193 43.8775
6 235 275 58.0894
6 236 44 10.1374
6 237 1420 336.4865
6 238 8 1.7190
6 239 132 28.7075
6 240 127 29.5266
6 241 243 52.8466
6 242 5 1.2976
6 243 35 9.6231
6 244 197 46.7560
6 245 50 10.6483
6 246 21 5.2360
6 247 79 16.8142
6 248 2 0.4629
6 249 267 65.5233
6 250 84 16.8710
6 251 1241 306.4951
6 253 20 3.8190
6 254 224 57.7314
6 255 5557 1195.0955
6 256 174 33.9868
6 257 563 129.7874
6 258 438 96.3704
6 259 208 45.3061
6 260 124 28.4917
6 261 894 262.8985
6 262 230 49.4654
6 263 37 10.2872
6 264 211 38.8172
6 265 42 8.8584
6 266 8 1.7619
6 267 115 22.0614
6 268 15 3.5826
6 270 19 4.0768
6 271 57 12.3443
6 272 391 84.4387
6 273 36 11.0382
6 274 50 10.1034
6 275 220 50.4140
6 276 33 6.5898
6 277 19 4.5772
6 278 338 71.4690
6 279 287 74.5809
6 280 82 21.2308
6 281 5 1.1219
6 282 667 168.9727
6 283 944 270.2907
6 284 192 40.6791
6 285 53 10.8190
6 286 17 3.4385
6 287 104 19.7426
6 288 253 62.2915
6 289 52 10.4286
6 290 104 20.5538
6 291 176 37.1979
6 292 544 102.2351
6 293 775 170.2379
6 294 84 13.4735
6 295 468 91.0376
6 296 8 1.9288
6 298 17 3.2105
6 299 13 4.2757
6 300 16 2.8253
6 301 65 13.7740
6 302 820 263.9174
6 303 803 182.9957
6 304 51 10.3655
6 305 497 111.8954
6 306 388 90.2537
6 307 73 16.9399
6 308 14 2.5483
6 309 1131 257.4464
6 310 1365 330.8559
6 311 932 208.4080
6 312 901 233.6742
6 313 722 133.8794
6 314 404 80.7024
6 315 960 188.1880
6 316 5 1.1431
6 317 287 82.0070
6 318 22 4.2763
6 319 34 7.2614
6 320 74 14.8614
6 321 135 28.2790
6 322 9 1.9704
6 323 416 99.0819
6 324 138 28.6291
6 325 22 4.6073
6 326 72 15.9350
6 327 65 12.9801
6 328 1364 355.6103
6 330 1335 285.3964
6 331 36 7.6821
6 332 141 42.2902
6 333 513 144.7593
6 334 84 18.7184
6 335 11 2.2754
6 337 33 9.6662
6 338 35 7.3161
6 339 694 156.5880
6 340 103 27.7478
6 341 305 77.4279
6 342 1668 448.8406
6 343 43 12.1357
6 344 98 21.5941
6 345 2 0.4727
6 346 86 18.5008
6 347 131 27.8902
6 348 505 117.6244
6 349 158 37.7459
6 350 3 0.5292
6 351 2216 536.2007
6 352 99 18.0343
6 353 483 105.3687
6 354 380 65.1904
6 355 1 0.2238
6 356 1872 430.0815
6 357 108 23.8727
6 358 68 19.5462
6 359 259 57.5573
6 360 4470 950.6497
6 361 154 39.8292
6 362 1 0.2363
6 363 33 6.5954
6 364 75 18.0121
6 365 4 0.7881
6 366 3 0.6429
6 367 11991 2952.3048
6 368 555 128.8680
6 369 691 143.9664
6 370 1746 504.8798
6 371 416 91.7936
6 372 483 125.9562
6 373 1798 453.1993
6 374 14 3.1916
6 375 45 10.2158
6 376 5 0.8692
6 377 71 16.9953
6 378 24 5.0266
6 379 310 62.9115
6 380 406 70.9208
6 381 3 0.4624
6 382 10 2.2079
6 383 17 2.8139
7 0 873 227.9637
7 1 1 0.2444
7 2 189 38.3708
7 3 96 20.5943
7 4 6 1.1313
7 5 145 21.7355
7 6 1415 291.1917
7 7 186 40.4382
7 8 135 35.0787
7 9 46 8.9650
7 10 1775 383.1140
7 11 64 12.7571
7 12 181 44.6102
7 13 212 43.0373
7 14 210 43.0823
7 15 1 0.2070
7 16 637 135.5263
7 17 78 15.6300
7 18 99 16.8764
7 19 2275 585.4372
7 20 91 23.2776
7 21 401 97.3848
7 22 153 28.3904
7 23 212 38.1581
7 24 19 3.9677
7 25 210 47.7287
7 26 561 128.3240
7 27 164 34.9334
7 28 200 44.8652
7 29 991 248.8784
7 30 174 43.2081
7 31 23 4.4167
7 32 3862 1085.3360
7 33 74 13.6487
7 34 59 11.8845
7 35 105 16.9679
7 36 328 67.3078
7 37 170 33.2564
7 38 172 36.2078
7 39 831 206.1771
7 40 1003 208.9023
7 41 160 31.5403
7 42 18 3.8340
7 43 207 37.1916
7 44 2930 692.0113
7 45 86 16.1203
7 46 1767 285.9224
7 47 2 0.4194
7 48 876 210.6377
7 49 60 11.9849
7 50 534 115.1776
7 51 309 67.4542
7 53 3527 847.2281
7 54 92 18.3215
7 55 19 3.9295
7 56 30 4.7595
7 57 67 13.7203
7 58 5 0.9546
7 59 48 9.4035
7 60 15 3.7189
7 61 9 2.6364
7 62 343 72.0001
7 63 109 36.1255
7 64 12 2.4986
7 65 417 117.3837
7 66 16 2.9327
7 67 22 4.2115
7 68 624 137.5529
7 69 1060 260.8177
7 70 5 0.9183
7 71 51 10.2157
7 72 676 186.6978
7 73 83 13.2894
7 75 1753 450.0046
7 76 25 5.2277
7 77 410 79.5182
7 78 348 84.0728
7 79 525 126.6004
7 80 189 39.2033
7 81 455 113.7041
7 83 7 1.5417
7 84 1080 198.6432
7 85 173 32.2132
7 86 572 127.4280
7 87 9 2.0551
7 88 1010 169.0688
7 89 1020 301.3123
7 90 244 45.6982
7 91 9 1.4074
7 92 107 21.5209
7 93 54 10.0105
7 94 7010 1706.7693
7 95 7 1.2712
7 96 530 90.3960
7 97 7 1.3753
7 98 66 10.1761
7 99 15 2.7035
7 100 679 160.5618
7 101 7 1.4076
7 102 614 136.4178
7 103 155 35.0690
7 104 1 0.2036
7 105 145 33.0599
7 106 249 57.4397
7 107 412 93.5425
7 108 12 2.7039
7 109 52 10.6084
7 110 118 25.4672
7 111 377 93.0494
7 112 159 31.9398
7 113 2 0.3697
7 114 23 3.4446
7 115 87 18.8922
7 116 79 16.2152
7 117 70 14.8799
7 118 622 134.7085
7 119 49 9.9174
7 120 12 2.4981
7 121 93 15.9780
7 122 202 39.4814
7 123 6 1.0508
7 124 144 35.8471
7 125 831 179.3472
7 126 35 6.2634
7 127 344 76.2021
7 129 503 102.7306
7 130 106 22.7559
7 131 755 150.4216
7 132 179 38.1654
7 133 433 102.3214
7 134 2 0.2593
7 135 51 10.3967
7 136 519 120.8909
7 137 12 1.6994
7 138 43 8.7660
7 139 961 228.2256
7 140 401 87.4038
7 141 58 11.2139
7 142 250 39.6314
7 143 2 0.4455
7 144 1198 301.8524
7 145 120 24.9398
7 146 124 21.3144
7 147 83 19.2889
7 148 722 157.6687
7 149 5 0.7137
7 150 459 122.5409
7 151 249 46.3877
7 152 60 12.7314
7 153 79 14.0844
7 154 3931 948.2654
7 155 91 19.6536
7 156 740 144.9385
7 157 49 9.7095
7 158 1189 306.1563
7 159 50 8.5891
7 160 118 23.4153
7 161 50 10.6364
7 162 228 35.4059
7 163 744 149.7201
7 164 141 25.9094
7 165 2128 441.5840
7 166 3 0.7186
7 167 326 62.4527
7 168 25 3.9345
7 169 2960 836.1244
7 170 30 5.7840
7 171 132 33.2130
7 172 21 4.7286
7 173 753 174.7237
7 174 5 0.9598
7 175 1173 238.6019
7 176 216 56.6145
7 177 243 51.4879
7 178 6 1.3345
7 179 569 135.5712
7 180 318 67.5148
7 181 349 85.5076
7 182 102 20.7232
7 183 417 87.5839
7 184 14 2.7539
7 185 243 57.2892
7 186 4 0.7907
7 187 41 9.5221
7 188 34 8.7241
7 189 35 7.2172
7 190 50 9.5952
7 191 541 119.8241
7 192 37 7.7912
7 193 1745 378.4112
7 194 5 1.1293
7 195 49 10.4995
7 196 23 4.5134
7 197 504 104.1776
7 198 231 47.6847
7 199 1 0.2150
7 200 492 135.2558
7 201 891 195.1094
7 202 589 107.6352
7 203 5 1.0294
7 204 956 255.0337
7 205 3100 761.0443
7 206 91 23.7862
7 207 12732 4340.4400
7 208 32 6.9774
7 209 488 96.1142
7 210 171 31.4223
7 211 35 6.5187
7 213 9 2.1037
7 214 161 29.2611
7 215 447 106.6781
7 216 148 29.1060
7 217 127 25.9956
7 218 1016 192.6383
7 219 24 4.9185
7 220 229 53.7562
7 221 416 75.6346
7 222 25 5.2847
7 224 3 0.6222
7 225 101 23.5570
7 226 240 43.5389
7 228 243 49.2004
7 229 240 62.0313
7 230 5 1.1664
7 232 13 2.4119
7 233 25 4.5902
7 234 1124 216.3949
7 235 56 12.3857
7 236 181 42.7360
7 237 5 1.1644
7 238 23 4.4237
7 239 6 0.9190
7 240 117 23.8159
7 241 105 22.8781
7 242 943 250.7023
7 243 325 67.1260
7 244 136 34.3600
7 245 1990 493.5312
7 246 400 91.9212
7 247 436 94.1293
7 248 112 22.7758
7 249 60 12.6896
7 250 1526 375.4862
7 251 568 121.6104
7 252 1047 247.0051
7 253 102 18.9588
7 254 96 19.2776
7 255 285 59.2355
7 256 66 11.9106
7 257 171 30.6346
7 258 138 27.4882
7 259 350 64.9082
7 260 69 13.0238
7 261 260 54.1945
7 262 101 21.9719
7 263 14 2.8953
7 264 487 104.2961
7 265 339 72.9700
7 266 269 54.4478
7 267 32 5.3577
7 268 68 13.7670
7 269 1315 266.1295
7 270 1053 221.4291
7 271 1089 196.5074
7 272 85 18.5918
7 273 492 111.3058
7 274 6 1.1802
7 275 467 106.4562
7 276 103 16.6595
7 277 1 0.1690
7 278 1166 266.4374
7 279 28 4.0163
7 280 156 33.6861
7 281 477 91.8588
7 282 11 2.2246
7 283 481 128.6713
7 284 640 144.4164
7 285 2 0.3923
7 286 95 17.8054
7 287 171 51.0491
7 288 44 7.8849
7 289 19 4.0241
7 290 1107 243.0380
7 291 167 36.6137
7 292 19 3.9048
7 293 188 41.3007
7 294 261 86.3616
7 295 137 28.3525
7 296 319 83.6195
7 297 3 0.6570
7 298 772 159.3864
7 299 1150 263.8154
7 300 141 31.8251
7 302 288 56.5772
7 303 396 80.7991
7 304 65 10.7267
7 305 663 141.3763
7 306 204 44.4269
7 307 40 8.1698
7 308 53 9.9830
7 309 18 3.6602
7 310 406 96.2469
7 311 17 3.6691
7 312 297 64.1598
7 313 1609 355.8320
7 314 243 40.0107
7 315 2 0.1804
7 316 686 167.1561
7 317 1023 214.4921
7 318 38 7.1598
7 319 47 9.9035
7 320 350 79.2180
7 321 21 3.3029
7 322 142 28.6175
7 323 127 28.1506
7 324 3650 763.6567
7 325 693 200.3876
7 326 87 22.6869
7 327 29 5.8470
7 328 366 83.8262
7 329 780 194.6696
7 330 2 0.4734
7 331 290 61.3781
7 332 282 56.4935
7 333 20 4.2564
7 334 4 0.9772
7 335 39 8.9991
7 336 4 0.6088
7 337 19021 6781.2302
7 338 20 4.4021
7 339 3 0.6279
7 340 575 102.2164
7 341 121 25.4570
7 342 273 52.3097
7 343 209 45.6516
7 344 7 1.2878
7 345 43 6.7109
7 346 9 1.6111
7 347 33 5.4959
7 348 639 118.8748
7 349 5 0.8233
7 350 3784 916.9596
7 351 44 6.3303
7 352 35 6.6504
7 353 257 56.9264
7 354 2076 537.0690
7 355 138 28.6016
7 356 459 107.4667
7 357 794 166.4301
7 358 322 69.0950
7 359 1 0.2293
7 360 685 216.2927
7 361 497 90.0802
7 362 42 10.1123
7 363 210 38.4236
7 364 508 102.3816
7 365 259 62.2863
7 366 645 229.8752
7 367 62 11.7787
7 368 1 0.2171
7 369 579 117.0278
7 370 2419 605.0193
7 371 62 13.0851
7 372 257 48.9334
7 373 7 1.3327
7 374 384 83.9835
7 375 40 7.8858
7 376 1 0.1405
7 377 724 162.4963
7 378 15 2.9917
7 379 1799 422.7050
7 380 170 35.3616
7 381 28 5.0055
7 382 54 9.7921
7 383 997 230.9883
8 0 32 7.8075
8 1 1167 284.2853
8 2 1955 479.7471
8 3 497 114.0394
8 4 6 1.1239
8 5 128 25.6632
8 6 733 152.9954
8 7 31 5.8188
8 8 25 5.2223
8 9 260 54.5771
8 10 79 15.5632
8 11 454 102.6812
8 12 2 0.3023
8 13 251 53.7089
8 14 407 90.6752
8 15 4 0.6666
8 16 131 29.8824
8 17 3 1.2140
8 18 21 3.6872
8 19 8 1.4014
8 20 413 82.1696
8 21 71 11.2013
8 22 13 2.5076
8 23 106 20.2043
8 24 253 59.9490
8 25 225 39.2223
8 26 6 1.2110
8 27 35 7.2711
8 28 118 23.2383
8 29 332 81.0099
8 30 44 7.5861
8 31 59 10.0401
8 32 29 5.3428
8 33 2320 438.9090
8 34 200 52.0008
8 35 1 0.2067
8 36 16 3.0099
8 37 24 4.4910
8 38 3409 708.9495
8 39 689 160.3462
8 40 28 5.5142
8 41 55 15.2799
8 42 646 227.9558
8 43 328 59.9940
8 44 99 21.2111
8 45 175 35.1918
8 46 73 14.3475
8 47 1638 415.1847
8 48 250 53.2003
8 49 28 5.0150
8 50 854 208.3885
8 51 286 45.5898
8 52 26 4.9510
8 53 210 45.7506
8 54 155 33.6447
8 55 274 68.7400
8 56 21 3.7160
8 57 830 181.9288
8 58 1611 380.6897
8 60 3 0.8232
8 61 1027 217.0214
8 62 410 91.0923
8 63 146 31.2536
8 64 1253 293.3013
8 65 5 1.3029
8 66 1358 304.9623
8 67 800 192.5010
8 69 11 2.0876
8 70 668 179.2277
8 71 58 11.8506
8 72 191 39.6169
8 73 13 4.2774
8 74 76 20.2893
8 75 78 16.9407
8 76 152 31.3828
8 77 2 0.3867
8 78 121 28.7474
8 79 26 5.0799
8 81 262 56.7466
8 82 1 0.2308
8 83 188 37.6980
8 84 20 3.7469
8 85 688 147.1920
8 86 20 3.4516
8 87 20 3.8650
8 88 1 0.1759
8 89 425 101.4330
8 90 6258 1603.2170
8 91 11 3.2097
8 92 2582 559.2448
8 93 247 48.0719
8 94 9027 2262.5159
8 95 57 14.4844
8 96 52 9.4112
8 97 49 10.4427
8 99 12 2.8658
8 100 382 84.8216
8 101 1543 388.3403
8 102 167 40.8209
8 103 66 12.1271
8 104 534 123.6990
8 105 8 1.9085
8 106 45 8.7623
8 107 27 4.3912
8 109 143 27.2462
8 110 100 26.1354
8 111 1716 401.5296
8 112 76 13.1270
8 113 2 0.3084
8 114 547 128.7615
8 115 114 25.4564
8 116 67 10.9702
8 117 103 21.5641
8 118 57 11.3157
8 119 1669 420.5279
8 120 10 1.7352
8 121 4223 1275.7291
8 122 350 88.3411
8 123 106 16.3436
8 124 4 0.7656
8 125 49 8.8226
8 126 164 37.4838
8 127 104 24.9436
8 128 377 74.6935
8 129 695 150.7417
8 130 10 1.9387
8 131 3 0.7516
8 132 4 0.8362
8 133 68 13.6199
8 134 965 211.0630
8 135 364 63.5686
8 136 2 0.3602
8 137 1148 298.2026
8 138 7 1.2644
8 139 21 4.1462
8 140 12 1.9452
8 141 2743 516.0871
8 142 43 8.0064
8 143 46 9.5597
8 144 1 0.1179
8 145 1126 348.2998
8 146 21 4.7516
8 147 32 5.2592
8 148 28 4.4936
8 149 2 0.2520
8 150 426 95.8688
8 151 418 86.4389
8 152 276 66.1575
8 153 31 5.5319
8 154 485 109.0209
8 155 3670 837.6379
8 156 261 57.4344
8 157 1 0.1942
8 158 58 12.9881
8 159 673 115.1170
8 160 44 7.3812
8 161 94 19.6726
8 162 1118 232.9194
8 163 143 36.3837
8 164 419 86.4361
8 165 89 22.6516
8 166 3 0.5037
8 167 148 28.4479
8 168 198 45.1590
8 169 60 16.0176
8 170 69 11.5343
8 171 1777 389.4938
8 172 604 123.7045
8 173 1047 301.3038
8 174 320 68.4765
8 175 15 2.8387
8 176 42 6.3627
8 177 633 148.3363
8 178 1174 288.1565
8 179 85 16.8376
8 180 3 0.5185
8 181 1574 385.7229
8 182 102 18.7175
8 183 2 0.4756
8 184 179 37.6407
8 185 4934 1266.5175
8 186 17380 7057.3096
8 187 23 4.1982
8 189 1092 246.9385
8 190 38 7.9384
8 191 93 20.2138
8 192 541 86.7472
8 193 494 122.0889
8 194 5 1.0771
8 195 679 165.8485
8 196 3 0.6447
8 197 186 42.8073
8 198 2 0.4031
8 199 78 14.9073
8 200 38 9.8331
8 201 21 3.5263
8 202 23 5.1771
8 203 4 0.8683
8 204 35 8.6578
8 205 1379 370.7359
8 207 175 35.1443
8 208 277 64.9243
8 209 1258 293.1512
8 210 12 2.7095
8 211 1598 426.0166
8 212 4667 1036.7736
8 213 33 6.4672
8 214 465 108.0299
8 215 340 59.0139
8 216 45 9.4541
8 217 1984 520.7032
8 218 947 235.9999
8 219 299 61.9324
8 220 66 13.6668
8 221 124 22.8872
8 222 728 123.1468
8 223 261 73.1381
8 224 453 116.2829
8 225 192 44.8378
8 226 2960 598.0654
8 227 1870 447.5701
8 228 746 161.2003
8 229 34 7.4516
8 230 74 13.4246
8 232 45 11.5870
8 233 2212 649.1427
8 234 557 153.3174
8 235 28 5.3387
8 236 121 21.9535
8 237 1325 346.1859
8 238 13 2.6403
8 239 100 21.4540
8 240 173 30.7638
8 241 56 10.6821
8 242 12 2.1414
8 243 8 1.5012
8 244 35 6.9909
8 245 201 56.8286
8 246 1343 261.5486
8 247 1061 200.4781
8 248 3526 960.3958
8 249 62 12.6011
8 250 192 37.9496
8 251 7 1.9140
8 252 3 0.6667
8 253 29 6.3889
8 254 58 14.2430
8 255 8 1.5310
8 256 49 8.9002
8 257 13 3.3284
8 258 6199 1324.5756
8 259 521 98.3934
8 260 210 56.1015
8 261 36 9.8382
8 262 29 6.3058
8 263 27 5.7104
8 264 17 3.1329
8 265 9 1.6953
8 266 69 12.9701
8 267 59 13.1342
8 268 125 28.2342
8 269 592 178.0777
8 270 150 36.7323
8 271 273 61.6542
8 272 79 11.6819
8 273 97 18.6046
8 274 104 19.6048
8 275 3 0.5148
8 276 110 21.8493
8 277 19 4.4376
8 278 412 90.9692
8 279 38 6.4390
8 280 1370 387.1184
8 281 1 0.2061
8 282 225 61.7456
8 283 1514 357.6216
8 284 1223 265.0959
8 285 2 0.4489
8 286 383 60.2255
8 287 170 32.7595
8 288 326 84.1270
8 289 883 247.3047
8 290 35 7.1653
8 291 8 2.0338
8 292 52 11.2057
8 293 353 75.5196
8 294 266 70.5630
8 295 293 63.0673
8 296 527 117.3080
8 297 803 164.6463
8 298 130 25.3072
8 299 490 95.7820
8 300 237 58.1470
8 301 394 81.3082
8 303 17 3.5692
8 304 121 23.5728
8 305 608 119.5644
8 306 218 41.9264
8 307 199 42.6373
8 308 1814 493.4653
8 309 73 11.5993
8 310 116 25.8702
8 311 38 7.7999
8 312 9 1.9514
8 313 28 4.3876
8 314 41 8.0226
8 315 1 0.1628
8 316 330 90.8191
8 317 20 3.7588
8 318 1 0.2119
8 319 393 98.3212
8 320 101 19.3071
8 321 5 1.0936
8 322 83 16.3533
8 323 621 133.6874
8 324 248 63.0147
8 325 20 3.3809
8 326 182 38.0195
8 328 41 7.5401
8 329 437 90.2651
8 330 254 41.9045
8 331 79 13.2570
8 332 51 10.6642
8 333 770 158.9874
8 334 13 2.6296
8 335 25 5.1447
8 336 126 24.9592
8 337 318 61.4866
8 338 233 46.5675
8 339 1 0.1467
8 340 363 71.8710
8 341 940 215.2017
8 342 17 3.5031
8 343 3 0.6456
8 345 134 28.4828
8 346 212 48.4959
8 347 13 2.8078
8 348 1289 288.4747
8 349 63 15.2867
8 351 2 0.4190
8 352 620 138.8883
8 353 17 5.1590
8 354 13 2.1517
8 355 9 1.7870
8 356 1085 285.9960
8 357 431 110.3617
8 358 7 1.3003
8 359 30 4.5521
8 360 1285 250.9874
8 361 68 12.6924
8 362 17 2.9686
8 363 51 9.4840
8 364 18 3.6505
8 365 220 46.1465
8 366 6 1.4330
8 367 896 202.8225
8 368 5 1.1375
8 369 10 1.7755
8 370 145 31.5120
8 371 3 0.6950
8 372 1 0.1909
8 373 73 14.6431
8 374 187 44.2458
8 375 225 36.1075
8 376 16 2.6800
8 377 14 3.3043
8 378 147 32.5587
8 379 136 26.2534
8 380 2002 411.0466
8 381 524 124.0505
8 382 881 185.8002
8 383 2 0.3423
9 1 18 3.9060
9 2 526 113.7836
9 3 551 137.0099
9 4 167 34.0967
9 5 472 145.2849
9 6 19 3.5441
9 7 470 99.0255
9 9 116 26.0488
9 10 495 115.4272
9 11 14 2.8817
9 12 18 3.1591
9 13 953 259.6180
9 14 108 23.0080
9 16 1 0.1939
9 17 94 19.7289
9 18 686 177.0057
9 20 120 26.1297
9 21 1 0.1233
9 22 1496 378.1338
9 23 37 7.5721
9 24 3 0.5874
9 25 2 0.3707
9 26 1338 322.7588
9 27 1748 459.0167
9 28 57 10.1126
9 29 46 9.9792
9 30 304 57.1150
9 31 2367 560.9792
9 32 84 17.8202
9 33 856 229.0650
9 34 49 8.2804
9 35 118 23.8723
9 36 20 4.5015
9 37 185 39.9604
9 38 73 15.9873
9 39 113 22.8577
9 40 843 225.5947
9 41 31 6.2498
9 42 229 63.5543
9 43 2 0.4395
9 44 3 0.5450
9 45 56 11.8267
9 46 21 4.7887
9 47 13 2.5558
9 48 850 166.2795
9 49 3333 860.9604
9 50 36 7.4226
9 51 3113 825.4348
9 52 493 118.9636
9 53 44 8.9744
9 54 184 36.8275
9 55 12 2.4156
9 56 29 6.0351
9 57 955 235.5801
9 58 1108 269.7491
9 60 2 0.2753
9 61 17 4.1714
9 62 468 119.7603
9 63 159 29.2391
9 64 41 7.5676
9 65 14 2.6551
9 66 11 2.4517
9 68 181 41.3521
9 69 2909 677.7300
9 70 342 74.6975
9 72 20 3.8516
9 73 997 228.2159
9 74 5 0.8232
9 75 219 62.4534
9 77 926 212.9269
9 78 5 1.0430
9 79 317 68.6685
9 80 14 2.7523
9 81 384 84.1015
9 82 10527 2988.0504
9 84 137 29.3292
9 85 79 19.6960
9 86 503 137.4279
9 87 10 2.6063
9 88 1118 249.3077
9 89 99 19.4256
9 90 223 55.7136
9 91 1648 425.3065
9 92 64 13.1104
9 93 275 71.3947
9 94 22 5.4772
9 95 12 2.0638
9 96 14 3.2242
9 97 170 35.6186
9 98 1388 363.8597
9 99 6 1.3490
9 100 651 142.4651
9 101 403 121.1994
9 102 833 226.2684
9 103 114 24.9039
9 104 98 21.5697
9 105 88 19.0718
9 107 819 208.8810
9 108 55 11.2268
9 109 75 15.7683
9 110 290 74.9398
9 111 28 6.4041
9 112 786 151.0225
9 113 90 19.5450
9 114 78 13.6202
9 115 225 53.6372
9 116 29 6.7232
9 117 177 38.6823
9 118 275 60.3837
9 119 178 41.5878
9 120 1271 307.7465
9 121 52 12.2555
9 122 405 84.1835
9 124 170 34.9831
9 125 713 170.8769
9 126 24 4.8901
9 127 345 85.5270
9 128 507 165.4595
9 129 100 22.5752
9 130 13 2.7127
9 131 1386 409.2172
9 132 314 64.5844
9 133 24 4.7977
9 134 9765 2478.3282
9 135 64 18.0063
9 136 4507 1182.8326
9 137 760 195.3435
9 138 3058 756.8210
9 139 203 41.4758
9 140 3750 875.1361
9 141 20 4.4298
9 142 337 73.2208
9 143 1637 377.4315
9 144 158 38.1497
9 145 34 6.2406
9 146 1288 320.1928
9 147 331 74.0790
9 148 151 35.3557
9 149 127 30.3719
9 150 10219 3154.2584
9 151 48 10.6866
9 152 7 1.4694
9 153 310 68.2735
9 154 156 37.8076
9 155 187 43.8425
9 156 770 186.1604
9 158 728 191.0257
9 159 34 7.8638
9 160 1563 439.9892
9 161 445 107.1001
9 162 62 10.9165
9 163 366 86.8871
9 165 121 20.7966
9 166 268 55.7156
9 167 279 61.1244
9 168 50 10.6012
9 169 258 55.0380
9 170 90 22.9121
9 171 192 40.2692
9 172 25 4.7931
9 173 93 18.9307
9 174 8 1.5823
9 175 148 27.2024
9 176 9 2.6642
9 177 226 58.4333
9 178 101 18.1829
9 179 18 3.4654
9 180 608 155.2399
9 181 2 0.4625
9 182 2 0.3736
9 183 128 25.7400
9 184 64 17.2244
9 185 90 15.7713
9 186 849 206.0729
9 187 3439 803.8138
9 188 228 53.9150
9 190 448 105.6435
9 191 136 32.4070
9 192 14 3.0687
9 193 127 29.6707
9 195 347 80.2166
9 196 10 2.1456
9 197 901 212.3741
9 198 126 25.1452
9 199 1280 279.9865
9 200 135 36.2492
9 201 690 168.3055
9 202 2 0.4815
9 203 111 23.0152
9 205 3737 1026.7695
9 206 8 2.2163
9 207 8 1.9626
9 208 1435 365.4511
9 209 254 54.8508
9 210 174 39.6455
9 211 269 56.8868
9 212 599 140.9546
9 213 67 13.2211
9 214 45 9.0599
9 215 75 13.2508
9 216 211 52.0571
9 217 1038 222.0869
9 218 102 21.4504
9 219 66 12.2631
9 220 2167 526.2346
9 221 64 14.0364
9 222 585 140.6522
9 223 1585 381.6636
9 224 37 7.3268
9 225 4 0.8484
9 226 75 13.6944
9 227 541 103.4480
9 228 324 69.4279
9 229 31 7.9207
9 230 396 104.4741
9 231 840 188.2082
9 232 66 15.3449
9 233 1074 205.2197
9 234 649 159.5558
9 235 1137 261.0305
9 236 601 139.6112
9 237 82 16.9761
9 238 661 158.6512
9 239 561 118.9923
9 240 68 12.3682
9 241 34 7.8128
9 242 266 66.5983
9 243 88 18.7927
9 244 751 184.3430
9 245 387 104.0102
9 246 537 130.0453
9 247 130 26.3983
9 248 312 65.5324
9 249 101 21.9362
9 250 2 0.4012
9 251 39 9.2110
9 252 35 7.5759
9 254 177 43.7914
9 255 499 91.4124
9 256 2157 528.2485
9 257 265 60.8991
9 258 362 81.7876
9 259 2 0.4420
9 260 2 0.4795
9 261 11 2.4913
9 262 972 224.8118
9 263 1761 433.8149
9 264 4 0.6391
9 265 105 29.4056
9 266 480 106.5405
9 267 364 87.8312
9 268 429 98.4898
9 269 61 13.2169
9 270 236 50.3611
9 271 406 88.5580
9 272 117 23.9600
9 273 1528 385.5849
9 274 90 24.6245
9 275 91 18.4525
9 276 8 1.6161
9 277 212 43.7206
9 278 514 112.1173
9 279 28 6.3800
9 280 8 1.6785
9 281 43 9.9401
9 282 1213 330.3881
9 283 5 0.8262
9 284 16 3.1860
9 285 1200 316.3540
9 286 298 63.3022
9 287 49 10.4750
9 288 719 188.2756
9 289 478 147.4385
9 290 61 13.1492
9 291 306 56.2295
9 292 60 12.0071
9 293 72 14.1941
9 294 59 15.1775
9 295 8 1.7646
9 296 188 56.0406
9 297 57 12.2282
9 298 106 24.3864
9 299 68 13.1881
9 300 1 0.2092
9 301 334 76.4525
9 302 291 73.2625
9 303 115 27.3656
9 304 1 0.2496
9 305 37 8.8400
9 306 115 20.5862
9 307 2 0.4051
9 308 3077 755.7600
9 309 78 16.3743
9 310 676 163.6128
9 311 113 17.4352
9 312 228 49.4040
9 313 264 63.5165
9 314 314 78.7461
9 315 187 45.5124
9 316 2 0.4801
9 317 6 1.0793
9 319 960 244.4655
9 320 312 78.5099
9 321 5 0.8652
9 322 31 7.1245
9 323 4 0.7500
9 324 286 73.2409
9 325 9 2.0131
9 326 282 62.6636
9 327 595 140.8260
9 328 1487 353.4778
9 329 447 103.2525
9 330 1 0.1986
9 331 8 1.8389
9 332 141 31.6232
9 333 2863 780.9451
9 334 1 0.1804
9 335 11 2.6372
9 336 2 0.6434
9 337 174 34.0433
9 338 4 0.9428
9 339 5 0.9422
9 340 56 11.0116
9 341 4237 1100.4141
9 342 319 86.6097
9 343 122 32.1596
9 344 18 3.5741
9 345 19 4.8696
9 346 308 61.5251
9 347 111 19.9053
9 348 309 66.7631
9 349 182 37.6161
9 350 125 30.7354
9 351 713 159.1722
9 352 148 31.6273
9 353 529 129.4906
9 354 923 285.3427
9 355 19 4.5878
9 356 4 0.8425
9 357 59 12.7623
9 359 83 16.1006
9 360 12 2.1013
9 361 174 40.7597
9 362 88 21.0940
9 363 111 19.6156
9 364 401 97.4802
9 365 16 3.3733
9 366 1417 341.0958
9 367 75 16.2408
9 368 1019 292.1895
9 369 1066 242.8263
9 370 65 13.4879
9 371 56 8.9064
9 372 494 106.0202
9 373 150 36.3504
9 374 20 3.8841
9 375 41 8.0582
9 376 54 11.7119
9 377 778 212.7067
9 378 2881 683.6010
9 379 110 24.1842
9 380 3 0.6680
9 381 5 0.7935
9 382 3 0.7260
9 383 633 145.5035
10 0 72 14.5196
10 1 477 113.0155
10 2 973 228.4902
10 3 149 35.1668
10 4 101 18.5731
10 5 543 139.3927
10 6 14 2.8141
10 7 2474 661.5872
10 8 233 54.3697
10 9 932 213.5763
10 11 118 30.6544
10 12 41 7.7607
10 13 5 1.1328
10 14 167 33.3147
10 15 46 9.0975
10 16 38 7.4236
10 17 798 198.8163
10 18 12 2.7596
10 19 11 2.5831
10 20 84 15.2959
10 22 21 4.6931
10 23 123 26.3046
10 24 2 0.4580
10 25 83 20.2998
10 26 44 8.0748
10 27 70 16.8152
10 28 5 1.1687
10 29 46 10.8643
10 30 343 82.0068
10 31 30 5.6991
10 32 55 11.2658
10 33 40 9.6571
10 34 521 112.1682
10 35 9 1.8022
10 36 33 6.2188
10 37 35 7.0934
10 38 13 2.2971
10 39 125 28.7922
10 40 112 22.7072
10 41 152 35.7628
10 42 552 118.4326
10 43 2 0.3656
10 44 1915 490.1754
10 45 1308 308.7838
10 47 772 185.8856
10 48 197 46.1176
10 49 1586 365.0761
10 50 1119 300.0672
10 51 3 1.0253
10 52 316 76.4587
10 53 4 0.9337
10 54 704 175.5280
10 55 20 4.0216
10 56 281 61.0138
10 57 759 205.3522
10 58 203 42.0354
10 59 718 167.4053
10 60 167 32.9769
10 61 53 9.9506
10 62 1500 412.0633
10 63 7 1.4607
10 64 114 27.2998
10 65 31 6.3313
10 66 29 5.9766
10 67 290 70.4781
10 68 1354 295.1948
10 69 623 163.5040
10 70 47 12.2548
10 71 414 91.2698
10 72 1297 298.9048
10 73 11 2.3926
10 74 380 82.1233
10 75 2252 618.8240
10 76 10 1.8443
10 77 257 78.5535
10 78 283 68.4617
10 79 29 5.6890
10 80 1403 330.2996
10 81 11 2.1546
10 82 35 5.9492
10 83 6 1.0378
10 84 1172 328.0756
10 85 201 42.4502
10 86 45 8.2625
10 87 193 40.8008
10 88 9 1.7781
10 89 1 0.1858
10 90 1056 229.5720
10 91 112 28.9870
10 92 1090 255.5449
10 93 920 214.8161
10 94 18 4.6981
10 95 7267 2182.1247
10 96 2699 716.4817
10 97 969 230.3982
10 98 76 15.7204
10 99 70 15.4461
10 100 90 18.1380
10 101 1099 254.5113
10 102 80 16.7740
10 103 53 9.8247
10 104 230 49.2224
10 105 6 1.0745
10 106 42 8.5199
10 107 83 18.5632
10 108 29 5.8150
10 109 195 49.5502
10 110 22 4.6895
10 111 548 125.4528
10 112 39 7.9620
10 113 146 32.4123
10 114 198 41.2483
10 115 10 2.2716
10 116 2 0.4369
10 117 8 1.7349
10 118 57 13.5123
10 119 244 50.8575
10 120 47 12.3811
10 121 107 20.2687
10 122 61 13.7448
10 123 20 5.3727
10 124 2331 616.5501
10 125 74 16.2673
10 126 48 10.6019
10 127 1448 396.0540
10 128 69 15.6035
10 129 125 23.3556
10 130 78 15.7492
10 131 14 2.9478
10 132 33 8.8768
10 133 154 44.5884
10 134 484 112.0930
10 135 58 11.9198
10 136 21 3.9771
10 137 154 38.1239
10 138 229 48.7336
10 140 3240 810.5253
10 141 77 15.8130
10 142 146 39.7172
10 143 319 74.7562
10 144 6 1.3031
10 145 671 152.0675
10 146 459 96.5711
10 147 218 47.4111
10 148 573 161.9203
10 149 133 33.0443
10 151 95 27.1184
10 152 1242 280.3446
10 154 139 32.8091
10 155 1288 318.7715
10 156 137 31.5070
10 157 182 41.0193
10 158 56 13.3374
10 159 542 130.4838
10 160 46 9.3009
10 161 725 160.4056
10 162 18 2.9991
10 163 1054 248.7657
10 164 10 2.0099
10 165 1262 312.1188
10 166 428 110.3929
10 167 332 84.7884
10 168 113 25.0507
10 169 39 9.5272
10 170 729 181.1850
10 171 912 210.1803
10 172 51 10.0438
10 173 124 26.7672
10 174 27 4.9061
10 175 80 16.4830
10 176 11 2.3394
10 177 4 0.7484
10 178 210 39.0236
10 179 1129 292.5004
10 180 109 25.2344
10 181 9 2.1203
10 182 4073 1362.9578
10 183 16 3.8966
10 184 150 26.8584
10 185 83 18.4269
10 186 1 0.2165
10 187 16 3.7514
10 188 2015 522.5818
10 189 1 0.2191
10 190 39 6.8516
10 191 66 13.1920
10 192 579 152.0845
10 193 2016 475.1898
10 194 198 42.6777
10 195 1 0.2443
10 196 43 8.6528
10 197 11 2.3813
10 198 37 7.1756
10 199 187 35.1073
10 200 97 18.9734
10 201 250 56.8736
10 202 116 22.3341
10 203 8 1.7905
10 204 93 19.1989
10 206 17 3.6132
10 207 226 46.6012
10 208 108 24.1876
10 209 441 112.3911
10 210 1752 485.1277
10 211 41 7.9273
10 212 58 11.3905
10 213 218 46.2432
10 214 8 1.4171
10 215 15 3.0020
10 216 1406 357.8759
10 218 364 92.7336
10 219 32 10.1006
10 220 177 34.6287
10 221 6 1.5126
10 222 147 29.9633
10 223 197 46.2704
10 224 196 35.1672
10 225 377 103.9137
10 226 5 1.1421
10 227 425 109.2376
10 228 9 1.6609
10 229 2700 652.5209
10 230 310 72.9821
10 231 25 4.7585
10 232 69 16.4251
10 233 249 60.8968
10 234 322 78.3257
10 235 126 24.1386
10 236 132 27.1208
10 237 2286 604.5146
10 238 1638 414.9336
10 239 54 11.3635
10 240 2 0.3918
10 241 56 11.5607
10 242 90 18.9965
10 243 168 34.1583
10 244 141 31.0552
10 245 745 179.4184
10 246 441 95.0163
10 247 63 12.4717
10 248 144 32.0855
10 249 753 179.9975
10 250 26 5.0279
10 251 183 38.7295
10 252 1 0.1926
10 253 2197 503.5805
10 254 31 6.3827
10 255 632 164.1454
10 256 212 60.3422
10 257 713 186.0481
10 258 725 179.8618
10 259 21 4.0233
10 260 13 2.8246
10 261 58 11.3720
10 262 20 4.8823
10 263 9781 2444.0083
10 264 609 156.2545
10 265 237 48.9877
10 266 583 157.4912
10 267 836 209.5327
10 268 96 23.7121
10 269 556 117.5031
10 271 5810 1325.6073
10 272 30 6.2534
10 273 185 40.1401
10 274 386 88.9110
10 275 36 7.1577
10 276 10 2.1107
10 277 610 138.6941
10 278 107 25.8621
10 279 516 140.3588
10 280 34 6.9375
10 281 17 3.4550
10 282 20 3.9192
10 283 292 59.6925
10 284 7632 2287.7073
10 285 1 0.1928
10 286 142 35.5602
10 287 72 18.4947
10 288 26 5.5758
10 289 368 74.3008
10 290 61 12.7752
10 291 4 0.7361
10 292 225 55.1751
10 293 65 11.6031
10 294 54 10.4702
10 295 237 55.4770
10 296 889 192.1303
10 297 2098 530.5523
10 298 1221 259.3913
10 299 28 7.2543
10 300 47 9.6695
10 301 60 12.6772
10 302 1855 442.7844
10 303 195 39.7443
10 304 728 175.9086
10 305 324 70.9776
10 306 136 29.0703
10 307 2623 593.8051
10 308 155 34.7823
10 309 156 29.9515
10 310 883 180.5109
10 311 44 8.9123
10 312 1148 301.6953
10 313 2 0.4371
10 314 62 12.9661
10 315 115 22.8624
10 316 47 8.6423
10 317 2033 497.8586
10 318 1 0.2209
10 320 940 224.3997
10 321 13 2.6450
10 322 29 7.7245
10 323 110 21.9853
10 324 1300 304.3621
10 325 51 10.4240
10 326 85 20.6663
10 327 2 0.4445
10 329 11 2.5382
10 330 731 169.5793
10 331 252 51.6417
10 332 229 55.0599
10 333 53 10.6691
10 334 13 2.7043
10 335 165 41.6659
10 336 1797 507.0156
10 337 365 83.0720
10 338 1524 401.2383
10 339 2469 683.0600
10 340 863 205.0188
10 341 537 136.1324
10 342 33 9.2680
10 343 2014 483.5392
10 344 43 10.2154
10 345 16 3.3824
10 346 158 35.6583
10 347 1 0.1668
10 348 20 3.9697
10 349 3246 799.1582
10 350 943 290.6853
10 351 3 0.7100
10 352 145 31.8811
10 353 388 86.8421
10 354 34 5.7649
10 355 264 56.6745
10 356 16 3.5548
10 357 1159 288.7160
10 358 27 5.6551
10 359 2 0.3465
10 361 405 89.8176
10 362 224 62.3281
10 363 45 8.5039
10 364 261 61.2697
10 365 2765 626.1431
10 367 2 0.4534
10 368 79 14.3837
10 369 7 1.4382
10 370 743 167.5037
10 371 1640 381.0878
10 372 698 179.6739
10 373 971 221.9910
10 374 789 218.8328
10 375 1386 360.8891
10 376 258 63.7105
10 377 1945 482.8617
10 378 962 255.9223
10 380 117 25.2115
10 381 39 9.3537
10 383 35 6.5585
11 0 1088 316.6159
11 2 201 38.7525
11 3 142 27.1880
11 4 180 36.2217
11 5 1613 377.8201
11 6 62 12.8143
11 7 76 20.6890
11 8 87 19.1754
11 9 171 37.5536
11 10 360 69.7029
11 11 648 165.2734
11 13 516 125.7375
11 14 388 76.9459
11 15 75 16.7509
11 16 370 75.6150
11 17 730 182.1057
11 18 287 60.1022
11 19 427 97.6011
11 20 105 29.7811
11 21 361 86.3093
11 22 19 5.4233
11 23 24 5.0030
11 24 118 37.2960
11 25 169 46.0897
11 26 1338 297.2154
11 27 615 146.3356
11 28 1218 291.3857
11 29 30 5.3334
11 30 388 78.4903
11 31 5 0.9883
11 32 112 23.7556
11 33 472 129.2879
11 34 1186 279.6628
11 35 579 123.8615
11 36 179 45.3106
11 37 1 0.2099
11 39 45 9.5200
11 40 97 20.4445
11 41 2108 478.9783
11 43 294 69.2294
11 44 80 16.1813
11 45 398 77.8927
11 46 720 167.4899
11 47 180 44.6095
11 48 852 209.5116
11 49 280 63.0086
11 50 142 29.6876
11 51 40 7.2408
11 52 221 52.4152
11 54 53 10.6249
11 55 75 13.3465
11 56 402 88.9517
11 57 4 0.8696
11 58 3 0.5569
11 59 32 6.3690
11 60 384 87.5080
11 61 42 8.4876
11 62 23 4.9729
11 63 111 20.8481
11 64 1295 310.4740
11 65 882 214.6004
11 66 973 225.1682
11 67 114 21.5893
11 68 96 19.3226
11 69 14 2.7402
11 70 494 160.5074
11 71 115 21.0003
11 72 186 41.1354
11 73 1272 293.2374
11 74 300 62.0922
11 75 2 0.4949
11 76 317 67.8508
11 77 692 151.5356
11 78 30 6.0173
11 79 641 165.8422
11 80 26 4.7015
11 81 479 108.2996
11 82 60 13.5646
11 83 78 19.2330
11 84 199 39.1002
11 85 829 164.5425
11 86 47 8.7395
11 87 1213 249.5753
11 88 531 124.3225
11 89 1 0.1503
11 90 1182 310.9352
11 91 206 44.7710
11 92 37 7.9547
11 93 25 5.2566
11 94 115 28.9960
11 95 48 9.4067
11 96 703 196.7418
11 97 421 90.1568
11 98 7515 2412.4238
11 99 3271 793.4518
11 100 61 11.2833
11 101 229 50.9092
11 102 526 148.8605
11 103 185 37.6435
11 104 44 8.5961
11 105 397 90.6813
11 106 12 2.2090
11 107 4 0.9006
11 108 1309 266.7724
11 109 6680 2221.0665
11 110 72 14.9089
11 111 242 64.3937
11 112 21 4.5100
11 113 21 4.0024
11 114 542 119.6302
11 115 6 1.1821
11 116 380 103.7574
11 117 1 0.2491
11 118 39 7.9115
11 119 1257 309.0400
11 120 89 16.2548
11 121 357 77.6380
11 122 93 20.0718
11 123 42 8.0184
11 124 305 66.4109
11 125 855 182.2613
11 126 493 115.2068
11 127 15 2.8772
11 128 651 140.4774
11 129 68 13.6786
11 130 287 66.9407
11 131 2853 664.9425
11 132 11 2.1066
11 133 4 0.9184
11 134 11 1.8212
11 135 40 6.6796
11 136 27 4.9342
11 137 323 69.6290
11 138 215 37.7902
11 139 12 2.3559
11 140 41 9.8908
11 141 406 89.1262
11 142 308 68.4766
11 143 1467 321.4901
11 144 205 51.7180
11 145 81 16.4837
11 146 14 2.9308
11 147 478 133.6236
11 148 944 226.9197
11 149 118 25.6675
11 150 114 24.5401
11 151 33 6.2287
11 152 9 1.9493
11 153 150 30.0926
11 154 163 33.9932
11 155 12 2.1508
11 156 25 4.9758
11 158 33 5.3585
11 159 1 0.2421
11 160 36 6.3553
11 161 22 4.1966
11 162 845 211.0115
11 163 19 4.5235
11 164 690 155.1529
11 165 185 32.9870
11 166 1619 414.7623
11 167 158 39.5272
11 168 1070 250.1806
11 169 16 2.9469
11 170 556 118.0418
11 171 283 61.4586
11 172 217 47.9947
11 173 25 5.8920
11 174 152 31.9651
11 175 3696 909.6945
11 176 58 11.4048
11 178 9 1.7138
11 179 44 8.5806
11 180 3974 1021.9796
11 181 91 23.9924
11 182 114 23.7424
11 183 18 3.6936
11 184 41 8.1992
11 185 21 4.0467
11 186 12 2.1487
11 187 56 12.1592
11 188 3 0.5912
11 189 2339 600.2797
11 190 134 26.3118
11 191 513 118.0159
11 192 515 112.9779
11 194 67 13.7384
11 195 1341 358.4170
11 196 192 40.7955
11 197 68 14.2143
11 198 1201 269.6642
11 199 109 27.5161
11 200 45 12.7906
11 201 145 31.6750
11 202 26 5.7679
11 203 2910 760.0321
11 204 46 8.9655
11 205 125 29.8673
11 206 64 12.2223
11 207 52 13.3076
11 208 469 112.8636
11 209 1617 411.6369
11 210 116 23.6712
11 211 28 6.0468
11 212 624 155.7902
11 213 82 16.5291
11 214 107 18.5632
11 215 94 19.4029
11 216 920 203.5137
11 218 39 9.3470
11 219 2 0.3757
11 220 350 84.6293
11 221 5303 1353.5695
11 222 20 3.9598
11 223 13 2.6832
11 224 73 18.1886
11 225 1534 374.7258
11 226 1505 360.9840
11 227 1276 302.2181
11 228 40 9.3708
11 229 3 0.6990
11 230 1339 293.9329
11 231 1075 259.0045
11 232 119 27.8218
11 233 5339 1554.0904
11 234 25 4.3001
11 235 850 206.1321
11 236 182 36.5583
11 237 329 75.9470
11 238 42 9.3698
11 239 6 1.2556
11 240 23 4.2369
11 241 124 23.4977
11 242 177 44.0467
11 243 75 18.4160
11 244 71 16.8764
11 245 40 9.6208
11 246 75 14.0043
11 247 41 8.5196
11 248 6 1.2064
11 249 2 0.5034
11 250 66 11.8313
11 251 5 1.4289
11 252 359 98.4006
11 253 199 51.3352
11 254 108 26.4744
11 255 955 213.1485
11 256 126 28.4262
11 257 28 5.5546
11 258 17 3.7622
11 259 1579 391.4247
11 260 45 9.6896
11 261 46 11.8609
11 262 3487 807.2932
11 263 8 2.5527
11 264 4 0.6691
11 265 56 11.8676
11 266 75 16.1804
11 267 110 20.7819
11 268 20 4.1434
11 269 59 10.7171
11 270 485 123.5205
11 271 2642 560.7604
11 273 96 21.9837
11 274 7 1.5234
11 275 85 23.1419
11 276 112 24.5529
11 277 104 19.7178
11 278 3 0.6701
11 279 357 82.5027
11 280 428 105.2794
11 281 186 34.2849
11 282 73 16.5356
11 283 6 1.4025
11 284 114 28.4530
11 285 45 10.9332
11 286 2129 513.1968
11 287 108 24.0018
11 288 385 83.9086
11 289 304 70.6624
11 290 1006 239.2596
11 291 23 4.5661
11 292 90 17.7569
11 293 55 10.8367
11 294 4721 1220.6473
11 295 189 59.9461
11 296 10 2.1265
11 297 237 60.1875
11 298 53 12.6579
11 299 11 2.2878
11 301 10 1.8384
11 302 564 140.8916
11 303 58 11.6262
11 304 394 88.2481
11 305 38 7.7677
11 306 617 133.9585
11 307 399 95.2172
11 308 1010 252.6668
11 309 222 53.9487
11 310 150 32.9225
11 311 5 0.9167
11 313 1078 275.4702
11 314 1015 207.6206
11 315 58 16.0668
11 316 11 1.9147
11 317 161 33.8358
11 318 1 0.2032
11 319 999 204.4618
11 320 253 59.8953
11 321 300 69.8724
11 322 31 6.9222
11 323 46 8.9052
11 324 18 3.3338
11 325 33 9.8547
11 326 2899 696.2019
11 327 399 85.2233
11 328 269 61.1117
11 329 64 17.3404
11 330 654 139.0798
11 331 37 7.0170
11 332 691 193.8909
11 333 2 0.3575
11 334 50 10.1083
11 335 64 13.0928
11 336 41 8.2767
11 337 269 64.8717
11 338 1219 270.4854
11 339 21 3.8514
11 340 513 111.2515
11 341 31 5.6681
11 342 2 0.3773
11 343 1822 508.3067
11 344 96 17.6594
11 345 11510 3193.4084
11 346 2849 739.3412
11 347 56 10.8204
11 348 7 1.6080
11 349 977 232.4518
11 350 3 0.6377
11 351 747 175.8087
11 353 412 102.2096
11 354 1 0.2375
11 355 481 111.4159
11 356 274 66.1500
11 357 1736 491.7035
11 358 5 0.8644
11 359 272 69.6458
11 360 40 7.7574
11 361 55 11.1225
11 362 139 25.9848
11 363 1377 376.4060
11 364 2 0.3646
11 365 267 57.3711
11 366 70 12.9932
11 367 50 14.8211
11 368 18 3.7806
11 369 84 17.5774
11 370 155 38.1178
11 371 81 16.0352
11 373 41 7.3835
11 374 51 12.3243
11 375 109 23.5862
11 376 49 12.0578
11 377 52 9.9962
11 378 246 50.3063
11 379 4256 1121.8935
11 380 11 2.3956
11 381 47 9.0731
11 382 11 2.6165
11 383 4 0.9025
12 0 23 5.7696
12 1 4 0.8495
12 2 183 38.6717
12 3 27 4.9310
12 4 35 7.4302
12 5 1264 306.3923
12 6 251 66.2268
12 7 31 7.6515
12 8 372 84.6404
12 9 80 14.6740
12 10 163 40.4935
12 11 71 17.0598
12 12 451 114.3714
12 13 3 0.6584
12 14 39 9.7089
12 15 4 0.8746
12 16 1082 270.3369
12 17 462 99.8252
12 18 1360 352.4850
12 19 142 26.4623
12 20 151 38.5253
12 21 28 5.9108
12 22 44 8.2696
12 23 67 13.2263
12 24 4 0.8590
12 25 2175 509.6330
12 26 12 2.1237
12 27 548 148.0060
12 29 27 6.2766
12 30 16 3.8699
12 31 1481 352.1214
12 32 184 44.6516
12 33 268 67.0356
12 34 634 134.6886
12 35 166 41.6770
12 36 9 2.6651
12 37 31 5.9729
12 38 617 131.0455
12 39 1235 329.2003
12 40 68 18.0503
12 41 457 100.7457
12 42 1427 408.7160
12 43 4 0.7196
12 44 233 59.0220
12 45 100 20.5466
12 46 125 26.7754
12 47 179 37.6477
12 48 297 62.0724
12 49 25 5.9104
12 50 21 3.7985
12 51 18 4.1926
12 52 101 20.9114
12 53 264 65.7225
12 54 22 4.7066
12 55 1519 359.5623
12 56 26 5.1440
12 57 72 16.5737
12 58 2021 497.9464
12 59 259 54.7437
12 60 203 37.6469
12 61 2 0.3967
12 62 235 55.7598
12 63 95 20.4788
12 64 213 59.0228
12 65 10 2.0660
12 66 246 54.3940
12 67 3431 885.7764
12 68 114 22.2351
12 69 603 156.9911
12 70 39 8.2373
12 71 128 30.6085
12 72 10 2.3415
12 73 24 4.8389
12 74 125 28.0544
12 75 24 5.6910
12 76 174 35.6119
12 77 167 39.5424
12 78 138 29.4734
12 79 5 1.2545
12 80 36 7.3595
12 81 518 121.1473
12 82 98 19.8725
12 83 154 34.3667
12 84 6 1.0686
12 85 341 77.3816
12 86 707 167.0730
12 87 947 241.1003
12 88 2330 701.5262
12 89 56 12.0010
12 90 1158 285.0573
12 91 14 2.8365
12 92 126 28.6876
12 93 48 11.3492
12 94 13 3.1791
12 95 4206 1025.0838
12 96 103 24.7712
12 97 188 38.0065
12 98 32 7.3015
12 99 109 19.9811
12 100 1483 424.9802
12 101 47 13.3540
12 102 3840 906.0980
12 103 112 22.6739
12 104 255 54.1061
12 105 959 240.5382
12 106 120 27.5347
12 107 103 20.4645
12 108 2 0.4564
12 109 1621 479.9714
12 110 223 47.2580
12 111 63 18.5349
12 112 11 2.6688
12 113 52 10.3328
12 114 35 7.2315
12 115 63 13.8914
12 116 1092 255.1431
12 117 14 2.5755
12 118 2316 606.9668
12 119 301 64.8318
12 120 518 103.2216
12 121 40 8.7730
12 122 529 119.5449
12 123 958 251.0300
12 124 1788 459.3033
12 125 366 81.6278
12 126 1943 465.3601
12 127 35 7.6993
12 128 86 30.6825
12 129 57 13.6645
12 130 16 3.1396
12 131 25 5.1806
12 132 18 3.4951
12 133 219 46.9679
12 134 2105 549.6037
12 135 405 92.8184
12 136 89 17.7520
12 137 859 202.8449
12 138 1651 416.4816
12 139 2772 744.2305
12 140 284 72.4134
12 141 3690 1046.5289
12 142 263 49.6459
12 144 90 17.8131
12 145 200 37.7845
12 146 59 12.3123
12 147 63 13.0981
12 148 10 1.7104
12 149 48 10.5228
12 150 95 23.0187
12 151 1767 509.4985
12 152 342 65.3692
12 153 5 0.8590
12 154 29 6.7609
12 155 1553 376.2330
12 156 60 12.5103
12 157 96 19.3382
12 158 255 58.1902
12 159 1069 261.0624
12 160 2 0.3547
12 161 2332 547.2910
12 163 4 0.7512
12 164 3 0.5913
12 165 3190 762.9987
12 166 20 3.8274
12 167 456 125.4909
12 168 44 13.9615
12 169 1772 416.7711
12 170 128 24.4832
12 171 1134 242.2937
12 172 87 17.4217
12 173 60 14.0394
12 174 1599 389.2796
12 175 40 9.0395
12 176 883 218.5050
12 177 1 0.2076
12 178 2 0.4463
12 179 151 32.0716
12 180 1843 420.9744
12 181 10 2.4990
12 182 659 151.4066
12 183 341 86.1474
12 184 1 0.1924
12 185 2 0.4081
12 186 341 79.7592
12 187 31 8.3773
12 188 1920 469.8672
12 189 1684 436.5202
12 190 58 14.1091
12 191 386 78.5439
12 192 73 16.3416
12 193 57 12.2855
12 194 635 162.5983
12 195 271 58.4928
12 196 1243 311.0337
12 197 1 0.2092
12 198 1218 287.9643
12 199 104 21.6772
12 200 1687 444.9695
12 201 164 30.1051
12 202 120 25.5687
12 203 17 3.1728
12 204 48 9.2114
12 206 10 2.2985
12 207 2873 691.7908
12 208 888 251.5318
12 209 282 69.8502
12 210 575 136.0537
12 211 255 51.3533
12 212 475 142.2685
12 213 177 36.9470
12 214 137 28.3316
12 215 107 25.1399
12 216 99 21.0007
12 217 166 37.4224
12 218 56 13.0403
12 219 296 65.3107
12 221 4504 1274.7042
12 222 537 145.6279
12 223 466 111.3764
12 224 3 0.7258
12 225 80 19.1651
12 226 6 1.0988
12 227 255 49.7521
12 228 147 32.0065
12 229 193 45.5856
12 230 468 118.7056
12 231 169 43.2075
12 232 11 2.0554
12 233 23 6.6196
12 234 17 3.1472
12 235 386 87.9730
12 236 333 71.7395
12 237 85 15.9240
12 238 38 8.0065
12 239 395 93.8926
12 240 488 114.5587
12 241 41 8.4250
12 242 265 54.1072
12 243 978 218.1303
12 245 76 14.3533
12 246 1015 239.8871
12 247 62 13.1770
12 248 92 23.5123
12 249 298 67.7702
12 250 13 2.6889
12 251 33 8.4575
12 252 519 120.0992
12 253 117 28.7393
12 254 45 9.8418
12 255 479 109.2005
12 256 68 13.9175
12 257 40 7.9178
12 258 22 4.3206
12 259 73 13.8459
12 260 29 5.3717
12 261 910 222.4664
12 262 1112 251.1161
12 263 347 86.5756
12 264 531 116.3805
12 265 1160 278.1969
12 266 138 30.3353
12 267 45 10.7159
12 268 43 8.4352
12 269 31 6.7109
12 270 44 8.6715
12 271 586 143.5213
12 272 623 163.4675
12 273 5 1.2699
12 274 66 12.2945
12 275 27 6.9544
12 276 29 4.9176
12 277 255 47.7310
12 278 1640 422.2095
12 279 1956 558.3318
12 280 560 127.9120
12 282 6 1.6674
12 283 766 191.7081
12 284 43 9.8029
12 285 121 21.3883
12 287 2552 662.4913
12 288 32 6.4251
12 289 4 0.9118
12 290 4 0.9781
12 291 65 12.4313
12 292 109 22.9525
12 293 671 147.9103
12 294 149 34.5424
12 295 364 93.1687
12 296 1 0.2389
12 297 51 12.4026
12 298 320 82.7986
12 299 37 7.8434
12 300 719 168.6744
12 301 44 7.9334
12 302 56 13.9073
12 303 11 2.7975
12 304 19 4.0740
12 305 22 4.2529
12 306 3891 1037.8928
12 307 329 82.9079
12 308 1371 359.1862
12 309 1 0.1976
12 310 44 9.5068
12 311 1381 347.5790
12 312 1677 418.9898
12 313 2 0.4855
12 314 550 130.8514
12 316 8318 2220.1695
12 317 317 66.2216
12 318 15 2.7721
12 319 89 19.8687
12 320 700 170.4991
12 321 7 1.9142
12 322 6 1.4394
12 323 385 81.6852
12 324 241 55.1673
12 325 15 3.3082
12 326 549 118.3902
12 327 43 10.5636
12 328 95 21.4668
12 329 2620 636.1759
12 330 71 13.7590
12 331 1895 532.8900
12 332 369 85.6337
12 333 671 205.1294
12 334 547 110.7723
12 335 49 13.1819
12 336 86 18.4454
12 337 936 248.1660
12 338 314 72.7961
12 339 634 168.0077
12 340 2834 744.5459
12 341 31 6.0864
12 342 31 6.0896
12 343 202 47.8273
12 345 3634 1068.6308
12 346 13 2.5779
12 347 11 2.4394
12 348 307 63.2400
12 349 2477 619.6017
12 350 474 109.4468
12 351 55 11.8460
12 352 1 0.2024
12 353 24 4.5654
12 354 246 67.1740
12 355 5 1.0894
12 356 3 0.7665
12 357 92 18.9082
12 358 1387 322.3797
12 359 23 5.0584
12 360 34 7.1223
12 361 23 4.7702
12 362 278 54.9056
12 363 25 4.8948
12 364 29 5.6569
12 366 1094 286.1731
12 367 74 14.4434
12 368 5 1.0574
12 369 462 130.4631
12 370 17 3.0261
12 371 21 4.3552
12 372 377 78.0662
12 373 6 1.2839
12 374 55 10.8399
12 375 2 0.5163
12 376 180 37.4674
12 377 39 9.0141
12 378 24 5.2404
12 379 1002 254.7452
12 380 319 77.5406
12 381 1225 325.3131
12 382 67 15.2108
12 383 254 50.2146
13 0 86 21.2496
13 1 462 138.0784
13 2 174 46.1259
13 3 116 22.8234
13 4 295 67.7801
13 5 599 149.0366
13 6 1708 469.6616
13 7 4 0.6932
13 8 106 23.3792
13 9 738 182.6946
13 10 5455 1289.2642
13 11 128 35.2979
13 12 1989 459.5157
13 13 80 17.9888
13 14 20 3.9036
13 15 1399 323.5445
13 16 61 11.3472
13 17 43 7.9003
13 18 187 46.0604
13 19 613 138.9123
13 20 160 38.5239
13 21 609 149.9892
13 22 72 14.5659
13 23 119 35.5790
13 24 34 9.5472
13 25 83 16.1451
13 26 564 137.4267
13 27 106 23.0471
13 28 355 79.5593
13 29 1668 430.8181
13 30 134 27.1624
13 31 78 16.4070
13 32 71 13.6329
13 33 40 10.3912
13 34 1723 421.5328
13 35 143 33.2141
13 36 862 226.1065
13 37 13 2.6030
13 38 75 15.1392
13 39 368 92.5449
13 40 241 78.7873
13 41 2093 596.2495
13 42 72 19.6864
13 43 147 30.8854
13 44 1127 274.1164
13 45 618 137.9703
13 46 790 207.9329
13 47 271 59.2353
13 48 414 98.7464
13 49 583 130.9709
13 50 318 92.7821
13 51 35 9.3171
13 52 73 14.0139
13 53 115 23.5854
13 54 1922 487.1165
13 55 58 12.1761
13 56 151 35.1920
13 57 3107 820.9428
13 58 488 120.3869
13 59 134 29.7890
13 60 1217 329.8100
13 61 329 70.9537
13 62 54 10.8645
13 63 409 85.3498
13 64 245 54.8693
13 65 10 2.0331
13 66 62 18.7937
13 67 31 7.4391
13 68 28 5.1377
13 69 1698 457.2020
13 70 139 33.8275
13 71 3309 771.8185
13 72 21 4.1221
13 73 916 213.3078
13 74 44 9.9191
13 75 111 23.5466
13 76 647 140.1131
13 77 138 30.6308
13 78 392 113.3278
13 79 631 130.2863
13 80 9 1.8954
13 81 15 2.6622
13 82 25 7.5843
13 83 388 73.6815
13 84 32 6.5242
13 85 18 3.3320
13 86 506 139.7608
13 87 87 25.6172
13 88 281 69.3051
13 89 2136 518.5303
13 90 142 29.8569
13 91 191 46.3839
13 92 1554 389.3439
13 93 164 33.8888
13 94 1488 351.7590
13 95 630 135.1490
13 96 77 15.5612
13 97 199 39.5837
13 98 169 43.2404
13 99 506 117.9763
13 100 9 1.8107
13 101 98 26.3228
13 102 40 7.5473
13 103 54 9.2718
13 104 728 166.8479
13 105 379 88.8011
13 106 149 35.0938
13 107 13 2.4529
13 108 138 27.6498
13 109 1727 492.9692
13 110 92 20.1389
13 111 95 20.6199
13 112 53 12.0810
13 113 41 9.2706
13 114 2480 634.3348
13 115 1135 296.6900
13 116 218 41.9833
13 117 8 1.9312
13 118 170 33.0559
13 120 828 202.8285
13 121 374 79.0414
13 122 15 2.7171
13 123 28 6.8889
13 124 190 42.3571
13 125 57 11.3978
13 126 96 24.2008
13 127 289 72.7009
13 128 539 128.3227
13 129 154 31.2808
13 130 108 24.1623
13 131 25 5.5334
13 132 1987 561.5860
13 133 21 4.8771
13 134 33 6.4788
13 135 2 0.4314
13 136 608 125.3736
13 137 162 41.3381
13 138 91 17.4650
13 139 29 6.1000
13 140 11 2.0168
13 141 91 20.1412
13 142 667 145.3162
13 143 1433 551.8388
13 144 14 3.0141
13 145 64 13.8913
13 146 207 45.1393
13 147 137 36.9754
13 148 112 26.7551
13 149 63 14.3044
13 150 1042 272.1199
13 151 264 64.6847
13 152 139 30.3566
13 153 44 11.0652
13 154 59 16.2540
13 155 43 9.1340
13 156 153 30.0410
13 157 7315 1740.8258
13 158 23 4.0756
13 159 1530 410.2219
13 160 514 113.3430
13 161 462 95.2096
13 162 135 26.2573
13 163 45 8.5938
13 164 8 1.8629
13 165 261 56.1676
13 166 47 11.9336
13 167 70 15.6059
13 168 151 33.7179
13 169 24 6.8982
13 170 257 50.2010
13 171 19 3.7427
13 172 148 31.0771
13 173 76 13.7739
13 174 64 15.1877
13 175 172 40.8026
13 176 444 97.9671
13 177 853 196.5887
13 178 1643 368.7585
13 179 34 6.9018
13 180 757 185.8375
13 181 224 43.2767
13 182 42 12.1494
13 183 45 9.3888
13 184 78 15.1312
13 185 57 10.5024
13 186 4 0.8266
13 187 181 39.8551
13 188 5110 1174.5580
13 189 166 32.8063
13 190 270 77.3802
13 191 201 47.6264
13 192 510 141.4766
13 193 722 252.3706
13 194 135 33.7496
13 195 2408 546.1871
13 196 1 0.0544
13 197 156 33.5076
13 198 80 17.5496
13 199 581 154.4169
13 200 749 166.0834
13 201 175 40.0553
13 202 146 32.6487
13 203 419 99.1549
13 204 115 28.9862
13 205 2806 719.0280
13 206 359 82.3593
13 207 1059 269.3003
13 208 147 29.7711
13 209 50 11.2889
13 210 986 236.1614
13 211 96 20.8509
13 212 90 27.1937
13 213 21 4.1371
13 214 146 32.5465
13 215 1173 264.5877
13 216 92 18.1627
13 217 33 8.8616
13 218 1042 213.8236
13 219 1125 232.6611
13 220 366 98.9896
13 221 142 31.1969
13 222 240 68.6557
13 223 262 58.3069
13 224 41 8.8242
13 225 359 82.1397
13 226 50 11.3546
13 227 125 25.7966
13 228 62 12.8781
13 229 29 5.1100
13 230 1171 399.7101
13 231 4 0.6567
13 232 77 20.8953
13 233 3 0.6399
13 234 49 10.4207
13 235 1614 417.6419
13 236 34 7.7394
13 237 91 20.8149
13 238 70 14.4726
13 239 13 2.7736
13 240 6 1.2537
13 241 85 17.2416
13 242 38 7.1382
13 243 1710 415.3037
13 244 17 3.4700
13 245 213 44.3879
13 246 650 134.2876
13 247 72 15.7887
13 248 3139 780.6320
13 249 2744 860.0993
13 250 20 4.9000
13 251 3393 928.0302
13 252 213 43.5875
13 253 89 21.8443
13 254 274 57.0964
13 255 218 47.8940
13 256 38 7.0354
13 257 37 5.5763
13 258 589 122.1062
13 259 1451 344.9348
13 260 1627 403.6591
13 261 166 35.8085
13 262 320 65.5547
13 263 175 36.6978
13 264 195 39.2793
13 265 251 48.1880
13 266 1383 512.0302
13 267 115 24.5822
13 268 21 4.6135
13 269 42 9.0519
13 270 76 14.4131
13 271 1092 320.0683
13 272 2560 658.9734
13 273 43 9.3198
13 274 63 17.7015
13 275 1 0.2019
13 276 38 7.6799
13 277 2 0.3470
13 278 184 42.9379
13 279 2581 691.3135
13 280 2071 527.2073
13 281 751 221.6226
13 282 127 25.5167
13 283 44 9.5244
13 284 247 53.6044
13 285 3646 962.3113
13 286 39 10.9698
13 287 272 71.7603
13 288 34 9.6406
13 289 296 63.7948
13 290 61 12.1516
13 291 130 25.7174
13 292 42 11.3202
13 293 1374 349.4726
13 294 187 37.6481
13 295 91 19.7340
13 296 3 0.6355
13 297 123 29.0891
13 298 268 64.6452
13 299 54 10.3433
13 300 37 7.7281
13 301 32 6.5177
13 302 2 0.4706
13 303 110 25.9970
13 304 71 14.3938
13 305 784 184.6567
13 306 562 137.1495
13 307 41 8.1257
13 308 34 6.3897
13 309 148 37.1628
13 310 1066 291.9466
13 311 516 127.7478
13 312 115 28.0621
13 313 343 79.4706
13 314 34 8.0398
13 315 1364 305.2128
13 316 573 141.9614
13 317 7 1.2986
13 318 2937 714.0759
13 319 274 82.4124
13 320 2 0.4058
13 321 14 3.2118
13 322 1075 215.1130
13 323 94 22.1894
13 324 760 174.3833
13 325 61 12.2256
13 326 1265 343.6911
13 327 92 21.3420
13 328 139 28.4401
13 329 20 3.8802
13 330 3 0.6318
13 331 244 47.1321
13 332 55 10.3709
13 333 183 38.7195
13 334 43 8.1301
13 335 1067 254.4235
13 336 4753 1477.3649
13 337 341 82.9913
13 338 520 140.1278
13 339 17 3.2305
13 340 363 77.7295
13 341 123 22.1796
13 342 296 59.2101
13 343 114 22.7128
13 344 114 26.6769
13 345 2617 677.5836
13 346 31 7.7755
13 347 34 7.4704
13 348 71 19.3092
13 349 4 0.7973
13 350 31 5.7251
13 351 79 16.2061
13 352 60 12.1575
13 353 875 241.5224
13 354 15 2.7004
13 355 149 30.9505
13 356 152 35.5337
13 357 218 42.8219
13 358 177 38.8307
13 359 347 72.7473
13 360 954 234.4792
13 361 356 76.4633
13 362 20 3.3262
13 363 1786 513.5666
13 364 136 31.1609
13 365 9 1.7261
13 366 66 13.6707
13 367 131 29.8752
13 368 240 49.8969
13 369 40 10.6602
13 370 414 91.0164
13 371 83 25.9359
13 372 53 16.8640
13 373 290 61.2898
13 374 367 83.0836
13 375 62 11.7589
13 376 935 206.4718
13 377 216 49.9984
13 378 143 32.2312
13 380 180 53.7697
13 381 557 165.6340
13 382 2 0.4160
13 383 64 12.0094
14 0 7 1.9498
14 1 134 33.1000
14 2 453 109.1522
14 3 524 123.8137
14 4 2 0.3356
14 5 487 113.3896
14 6 64 15.0874
14 7 2 0.3146
14 8 9 1.6777
14 9 24 4.1902
14 10 22 4.7862
14 11 573 146.9955
14 12 27 4.7884
14 13 343 71.9059
14 14 189 40.5372
14 15 65 14.0566
14 16 1163 300.4907
14 17 219 46.2710
14 18 3328 892.2026
14 19 153 28.7011
14 20 34 7.4931
14 21 2 0.5250
14 22 18 5.4216
14 23 208 47.7274
14 24 62 12.4647
14 25 38 9.2913
14 26 2225 545.9371
14 27 1574 366.3517
14 28 623 145.5536
14 29 196 47.0363
14 30 1436 356.9632
14 31 2360 623.1437
14 32 24 5.7285
14 33 29 5.6830
14 34 21 3.7505
14 35 987 197.2689
14 36 371 71.1105
14 37 1972 490.4046
14 38 64 13.7329
14 39 41 9.3667
14 40 142 33.1404
14 41 42 7.6450
14 42 58 11.8132
14 43 2708 808.8362
14 44 46 10.8051
14 45 684 167.5200
14 46 49 11.5125
14 47 40 8.2856
14 48 1946 470.5721
14 49 147 30.1222
14 50 19 3.2175
14 51 579 139.2081
14 52 20 4.8561
14 53 8 1.6244
14 54 465 100.7307
14 55 19 3.9447
14 56 280 69.1337
14 57 2648 610.2107
14 58 177 42.2003
14 59 82 19.0444
14 60 79 13.8491
14 61 41 9.1088
14 62 133 24.7420
14 63 65 15.7238
14 64 565 109.9468
14 65 28 6.1277
14 66 9 2.4144
14 67 2716 718.2521
14 69 112 24.9400
14 70 263 58.7474
14 71 363 74.8173
14 73 257 63.2956
14 74 323 75.5484
14 75 58 11.6583
14 76 730 159.6773
14 77 545 133.8517
14 78 21 4.1978
14 79 506 89.1528
14 80 19 4.0873
14 81 36 7.1755
14 82 9 1.7351
14 83 29 6.3430
14 84 1491 416.1555
14 85 101 27.8006
14 86 27 4.9982
14 87 16 3.2134
14 88 128 29.8910
14 89 9 1.9189
14 90 278 72.1745
14 91 194 36.6937
14 92 176 45.8752
14 93 701 188.3054
14 94 14 3.0992
14 96 599 172.1092
14 97 17 3.6406
14 98 364 81.8909
14 99 976 221.1660
14 100 22 5.6805
14 101 2 0.4975
14 102 21 4.3822
14 103 68 15.0841
14 104 382 79.9368
14 105 7 1.4475
14 106 72 14.5496
14 107 109 23.9378
14 108 45 8.7159
14 109 426 95.1483
14 110 272 59.5572
14 111 2 0.3560
14 112 1084 225.6189
14 113 10 2.3583
14 114 198 78.6346
14 116 19 4.5089
14 117 32 6.3821
14 118 98 20.1097
14 119 41 7.4114
14 120 11 2.2486
14 121 8 1.6382
14 122 564 131.2910
14 123 103 20.3492
14 124 168 38.7081
14 125 16 3.1429
14 126 71 15.8743
14 127 28 6.2796
14 128 407 92.8092
14 129 313 70.8539
14 130 4 0.7946
14 131 706 180.1205
14 132 7 1.4816
14 133 13 2.2489
14 134 76 18.0189
14 135 9624 2376.6750
14 136 35 6.2835
14 137 636 134.5132
14 138 107 22.7505
14 139 1900 444.6331
14 140 35 5.6786
14 141 6 1.2647
14 142 15 3.5495
14 144 138 26.8712
14 145 711 184.8431
14 146 1638 354.2782
14 147 20 4.5428
14 148 126 28.2045
14 149 94 19.8792
14 150 2 0.4223
14 151 1334 346.6490
14 152 292 68.6049
14 153 18 4.4991
14 154 19 3.4781
14 155 43 9.0045
14 157 803 172.3042
14 158 346 76.9355
14 159 569 118.2342
14 160 9 1.6685
14 161 143 29.2743
14 162 1423 340.1863
14 163 87 19.5929
14 164 62 13.2501
14 165 1715 444.4131
14 166 36 7.3733
14 167 94 20.6805
14 168 14 3.0071
14 169 16 5.4343
14 170 1315 351.4408
14 171 881 278.3705
14 172 425 110.3494
14 173 1111 266.8001
14 174 54 12.4530
14 175 10 2.0316
14 176 19 4.2875
14 177 8 1.5846
14 179 1025 268.5715
14 180 3 0.6212
14 181 208 43.6932
14 182 4 0.8810
14 183 17 3.8019
14 184 7 1.3052
14 185 30 5.4680
14 186 32 6.2632
14 187 40 7.6536
14 188 1 0.1859
14 189 2881 686.4486
14 190 269 60.6826
14 191 50 9.3467
14 192 395 91.4766
14 193 149 34.1341
14 194 54 11.6099
14 195 409 96.8720
14 196 42 7.8774
14 197 847 196.7207
14 198 6 1.1400
14 199 40 8.2376
14 200 111 24.3084
14 201 981 246.8181
14 202 29 7.9963
14 203 84 15.8069
14 204 628 143.4559
14 205 29 5.6980
14 206 45 10.0390
14 207 258 51.0573
14 208 3 0.5535
14 209 323 74.2388
14 210 662 136.1366
14 211 40 8.1156
14 212 6488 2167.4436
14 213 1124 269.5003
14 214 74 18.3626
14 215 26 5.8364
14 216 2604 601.6973
14 217 1643 400.4317
14 218 63 13.7658
14 219 34 6.4299
14 221 752 173.2675
14 222 41 7.9144
14 223 382 97.0543
14 224 97 19.1835
14 225 135 27.6460
14 226 4077 901.8606
14 227 194 37.9200
14 228 1428 420.4462
14 229 129 31.8767
14 230 396 82.6842
14 231 543 120.9842
14 232 1477 374.6613
14 233 160 32.9714
14 234 808 192.8445
14 235 43 9.6392
14 236 114 20.8953
14 237 288 72.2018
14 238 1235 293.0829
14 239 1375 328.6098
14 240 491 128.1950
14 241 143 33.8976
14 242 776 231.7662
14 243 658 168.3020
14 244 491 106.1730
14 245 859 225.1255
14 246 1 0.0991
14 247 3 0.7014
14 248 494 115.2581
14 249 139 27.0305
14 250 41 11.1655
14 251 507 118.9418
14 252 1718 392.0333
14 253 15 2.4518
14 254 2537 568.3516
14 255 3055 826.7178
14 256 4145 1043.3365
14 257 26 5.6748
14 258 37 10.7537
14 259 70 14.3373
14 261 380 74.0751
14 262 144 32.9626
14 263 1443 384.7848
14 264 24 5.2178
14 265 1263 320.0140
14 267 57 9.7155
14 268 7 1.1713
14 269 1 0.1366
14 270 49 11.0204
14 271 12 2.0700
14 272 1 0.2208
14 273 93 21.8043
14 274 26 5.6115
14 275 42 8.4604
14 276 7 1.6280
14 277 572 138.6612
14 278 107 21.2435
14 279 137 36.2614
14 280 556 134.1742
14 281 16 2.6586
14 282 6 1.4561
14 283 193 48.3539
14 284 515 111.6241
14 285 37 7.1660
14 286 93 17.9472
14 287 1504 422.3490
14 288 182 34.1198
14 289 126 29.3234
14 290 63 13.0174
14 291 156 33.1221
14 292 11 2.7323
14 293 9 1.7523
14 294 1144 260.4211
14 295 138 34.8576
14 296 15 2.9861
14 297 2 0.4005
14 298 23 4.5929
14 299 2023 480.5846
14 300 80 16.1249
14 301 319 69.0208
14 302 18 3.5553
14 303 2449 642.2704
14 304 629 126.4271
14 305 122 27.1647
14 306 438 99.3800
14 307 2879 757.6065
14 308 440 95.3371
14 309 242 59.5420
14 310 573 142.2844
14 311 9 2.5002
14 312 22 4.4779
14 313 48 10.1697
14 315 502 131.7986
14 316 1659 584.8697
14 317 228 50.8602
14 318 1927 556.0148
14 319 12 2.1993
14 320 6 1.0322
14 321 3780 1039.5293
14 322 4 0.8637
14 323 1632 413.7894
14 324 369 92.0823
14 325 72 14.4228
14 326 9 1.6667
14 327 515 122.8832
14 329 270 59.4760
14 330 2089 487.7884
14 331 125 35.7596
14 332 1375 334.4067
14 333 110 27.6656
14 334 14 2.7939
14 335 131 27.2100
14 336 53 10.2472
14 337 114 25.9927
14 339 32 6.2766
14 340 1 0.1819
14 341 3 0.5196
14 342 1004 232.4267
14 343 1141 272.5826
14 344 274 62.6620
14 345 1299 350.0767
14 346 3795 1063.7317
14 347 1198 340.6428
14 348 9 1.6229
14 349 227 55.2003
14 350 8 2.3087
14 351 155 30.5309
14 352 158 38.8773
14 353 165 49.4481
14 354 782 230.1521
14 355 27 7.0542
14 356 25 5.0669
14 357 647 166.0464
14 358 226 50.2656
14 359 612 119.9437
14 360 79 14.2622
14 361 394 88.5072
14 362 5 1.0790
14 363 75 14.8441
14 364 116 28.2024
14 365 121 28.8394
14 366 17 4.1907
14 367 38 8.5185
14 368 1494 316.3289
14 369 29 5.2649
14 370 139 29.3907
14 371 190 68.7775
14 372 48 8.3227
14 373 1231 396.0389
14 374 41 7.3594
14 375 2774 654.7449
14 376 941 247.2182
14 377 50 11.7355
14 378 916 241.3849
14 379 47 10.2180
14 380 139 32.4306
14 381 63 14.7719
14 383 986 234.0004
15 0 4822 1332.2701
15 1 305 76.1041
15 2 333 66.1987
15 3 762 149.3396
15 4 14 2.3234
15 5 30 5.6653
15 6 278 55.3701
15 7 64 14.5011
15 8 2575 507.5892
15 9 40 10.3364
15 10 53 10.5839
15 11 296 85.3454
15 12 199 39.6431
15 13 541 112.6975
15 14 1113 381.1123
15 15 190 42.5830
15 16 297 109.5293
15 17 143 34.2810
15 18 36 10.6645
15 19 150 36.0863
15 20 337 99.2812
15 21 31 9.5697
15 22 1787 466.2404
15 23 271 61.4723
15 25 124 27.4861
15 26 3471 776.0211
15 27 484 114.0632
15 28 688 138.8945
15 29 43 8.6051
15 31 4 0.5974
15 32 28 5.9905
15 33 140 33.4436
15 35 836 233.9325
15 36 542 105.4140
15 37 630 140.8739
15 38 211 47.5396
15 39 112 33.7981
15 40 47 10.8702
15 41 4 1.9094
15 42 895 212.3586
15 43 58 11.6149
15 44 107 25.6628
15 45 82 25.8673
15 46 57 12.6797
15 47 331 85.1258
15 48 58 20.9670
15 49 206 39.6894
15 50 1342 417.1495
15 51 151 28.4160
15 52 73 18.9861
15 53 16 2.7656
15 54 153 48.2272
15 56 14 2.8913
15 57 349 126.2614
15 58 1163 416.9610
15 59 75 15.4174
15 60 97 22.6268
15 61 57 10.2900
15 62 2474 887.5724
15 63 64 12.4935
15 64 33 5.5260
15 65 588 202.4933
15 67 31 5.1560
15 68 212 44.6280
15 69 7351 2057.5418
15 70 608 135.6927
15 71 24 4.8656
15 72 6 0.8839
15 73 46 8.9516
15 74 932 190.5129
15 75 461 105.9649
15 76 1151 302.8883
15 77 55 15.4263
15 78 83 15.5819
15 79 52 13.3024
15 80 198 38.0074
15 81 148 27.5192
15 82 658 131.4867
15 83 2805 593.8681
15 84 2 0.2796
15 85 188 40.2757
15 86 254 77.0486
15 87 2256 806.2341
15 88 198 52.3960
15 89 12 2.4516
15 90 9 1.6443
15 91 821 177.4588
15 92 532 101.4181
15 93 590 147.1348
15 94 460 89.8591
15 95 249 50.0396
15 96 144 32.5431
15 97 727 166.7757
15 98 142 29.9235
15 99 3429 1092.1884
15 100 107 27.4085
15 101 114 24.5887
15 102 175 39.0387
15 103 1403 357.6973
15 104 1424 392.9870
15 105 7 0.9380
15 106 87 21.4506
15 107 37 12.9760
15 108 35 7.7787
15 109 88 17.0409
15 110 310 66.6255
15 111 1501 393.6347
15 112 1630 364.1123
15 113 100 19.4616
15 114 492 127.2890
15 115 179 54.5470
15 116 2 0.3604
15 117 6 1.0167
15 118 114 28.0483
15 119 696 181.4080
15 120 57 11.5442
15 121 1553 333.7655
15 122 127 30.0107
15 123 289 60.5246
15 124 31 6.2436
15 125 446 151.4082
15 126 397 106.2877
15 128 61 11.9048
15 129 443 110.7801
15 130 1422 437.5115
15 131 37 12.3539
15 132 183 40.8851
15 133 3113 830.7022
15 134 18 2.9855
15 135 1722 380.9052
15 136 1667 424.1336
15 137 452 102.8453
15 138 12 3.0163
15 139 55 17.5386
15 140 1130 273.8657
15 141 1991 550.7222
15 142 99 21.1095
15 143 32 7.9163
15 144 579 152.1850
15 145 312 62.6202
15 146 2688 766.3117
15 147 589 135.9482
15 148 305 78.1746
15 149 500 94.1697
15 150 182 38.0790
15 151 70 14.1105
15 152 147 34.9542
15 153 344 69.3501
15 154 118 30.0527
15 155 391 72.1923
15 156 114 25.0321
15 157 408 93.0742
15 158 652 239.8437
15 159 103 34.5545
15 160 86 17.9766
15 161 670 246.1716
15 162 1115 256.6312
15 163 141 29.3773
15 164 64 9.8803
15 165 296 62.7348
15 166 121 24.6846
15 167 2420 680.8524
15 168 186 34.1197
15 169 727 186.6829
15 170 1648 399.2873
15 171 917 237.6745
15 172 74 22.5966
15 173 1 0.2142
15 174 2597 656.0391
15 175 4 0.8799
15 176 206 47.2194
15 177 7132 1700.6989
15 178 478 95.4155
15 179 202 55.8660
15 180 306 68.7540
15 181 956 210.1323
15 182 876 260.0616
15 183 308 66.4436
15 184 629 126.1284
15 186 68 28.7776
15 187 1385 266.4400
15 188 178 41.9619
15 189 68 13.6313
15 190 665 148.1269
15 191 270 60.3240
15 192 203 38.0104
15 193 188 35.8511
15 194 64 13.3400
15 195 102 24.1975
15 196 2063 561.5124
15 197 25 5.4869
15 198 4 0.4680
15 199 501 143.0360
15 200 1347 268.4932
15 201 780 178.5716
15 202 1189 248.0361
15 203 281 63.2230
15 204 138 29.6342
15 205 28 3.8473
15 206 36 8.8349
15 207 323 73.8592
15 208 182 37.6553
15 209 70 13.5493
15 210 767 165.7653
15 211 83 17.7833
15 212 1203 262.8788
15 213 4212 887.6096
15 214 28 5.1905
15 215 51 10.1224
15 216 11 1.6490
15 217 156 38.2314
15 218 153 28.0694
15 219 780 164.8834
15 220 27 6.5383
15 221 221 50.4821
15 222 59 12.5580
15 223 1552 363.0135
15 224 17 4.2238
15 225 3 0.3309
15 226 60 10.8955
15 227 72 13.7279
15 228 281 60.4990
15 229 131 28.9832
15 230 79 16.6364
15 231 45 8.9498
15 232 576 132.9788
15 233 945 210.6947
15 234 20 3.9188
15 235 460 91.4846
15 236 1107 290.8178
15 237 114 20.8101
15 238 31 6.4136
15 239 206 42.6229
15 240 58 11.0362
15 241 18 2.5306
15 242 48 9.6774
15 243 16 2.4075
15 244 37 6.8573
15 245 237 52.9732
15 246 6 0.9142
15 247 82 16.3125
15 248 75 22.8552
15 249 70 22.3905
15 250 1249 295.3783
15 251 231 55.6138
15 252 26 4.7750
15 253 103 22.6598
15 254 112 22.9001
15 255 511 101.3499
15 256 32 6.1016
15 257 11 2.7826
15 258 423 141.9270
15 259 23 5.0791
15 260 61 12.5535
15 261 244 48.5309
15 262 17 3.0326
15 263 145 27.3695
15 264 25 4.3221
15 265 459 99.7668
15 266 293 67.8065
15 267 168 36.7041
15 268 360 66.0173
15 269 561 155.1771
15 270 80 18.2659
15 271 300 62.1770
15 272 878 213.1307
15 273 71 15.9257
15 274 65 19.8302
15 275 14 2.9067
15 276 31 6.6447
15 277 6 0.6614
15 278 14 2.4585
15 280 232 55.6140
15 281 522 161.9545
15 282 415 84.8942
15 283 217 70.4401
15 284 4 0.6780
15 285 57 12.3882
15 286 1 0.1422
15 287 193 39.7934
15 288 344 86.0901
15 289 107 27.0769
15 291 478 93.5230
15 292 105 24.9114
15 293 217 59.8774
15 294 10 4.3961
15 295 22 4.1291
15 296 162 27.0859
15 297 155 35.7563
15 298 170 42.3291
15 299 402 106.0726
15 300 58 9.0403
15 301 994 222.8999
15 302 42 10.5204
15 303 453 88.1386
15 304 216 47.1300
15 305 94 14.6983
15 307 2652 654.4695
15 308 636 219.8552
15 309 416 99.1719
15 310 1066 221.0352
15 311 232 45.5424
15 312 163 35.8797
15 313 9 3.0184
15 314 244 48.6848
15 315 234 59.9469
15 316 600 258.4601
15 317 129 27.4800
15 318 164 37.4833
15 319 887 238.6125
15 320 120 25.8089
15 321 593 202.7534
15 322 236 49.0146
15 323 89 15.9601
15 324 116 37.1451
15 325 225 42.1617
15 326 1497 527.9448
15 327 222 42.9109
15 328 493 111.9919
15 329 197 42.1492
15 330 94 24.1082
15 331 207 62.1061
15 332 237 45.7060
15 333 45 9.8199
15 334 252 50.6729
15 335 257 56.6632
15 336 54 16.8580
15 337 427 141.3829
15 338 39 9.8667
15 339 713 150.4485
15 340 2 0.4489
15 341 436 115.5485
15 342 12 2.0653
15 343 356 74.9433
15 344 31 4.7896
15 345 4 0.5093
15 346 423 80.6652
15 347 132 29.8211
15 348 987 222.0209
15 349 322 74.3380
15 350 62 11.0838
15 351 159 31.2539
15 352 1521 308.2973
15 353 99 20.4472
15 354 23 3.8704
15 355 111 25.4713
15 356 7197 1735.9112
15 357 885 180.6779
15 358 360 70.0853
15 359 3779 810.8833
15 360 140 32.6908
15 361 1556 475.3895
15 362 160 31.8244
15 363 744 163.3200
15 364 31 5.9790
15 365 115 20.9768
15 366 81 14.1245
15 367 142 36.1495
15 368 72 17.2451
15 369 87 16.7125
15 370 118 31.3416
15 371 23 4.2951
15 372 221 95.5601
15 373 443 120.5976
15 374 44 16.3043
15 375 505 162.5779
15 376 6 1.7079
15 377 196 65.8690
15 378 366 97.9525
15 380 241 51.1786
15 381 240 48.6369
15 382 29 5.6399
15 383 110 26.5224
16 0 151 29.0292
16 1 265 60.0001
16 2 133 28.6119
16 3 865 173.6149
16 4 177 42.9633
16 5 1786 409.0691
16 6 127 28.6072
16 7 74 18.4481
16 8 574 132.5555
16 9 23 4.2220
16 10 241 58.2160
16 11 902 243.8211
16 12 53 10.3078
16 13 42 8.7965
16 14 3 0.5394
16 15 200 43.0085
16 16 45 7.9045
16 17 3 0.6149
16 19 751 177.5438
16 20 1290 309.3505
16 21 154 29.3643
16 22 79 17.2564
16 23 520 127.1734
16 24 29 7.0583
16 25 52 11.7150
16 27 925 245.4241
16 28 3192 835.4584
16 29 336 89.2753
16 30 3732 1046.7067
16 32 214 44.0943
16 33 77 14.5048
16 34 139 34.5526
16 35 550 122.3279
16 36 14 2.7537
16 37 272 47.6111
16 38 586 141.8804
16 39 5 1.0271
16 40 134 31.4099
16 41 1172 234.7951
16 42 44 9.1715
16 43 828 231.4072
16 44 1 0.2276
16 46 2980 770.6731
16 47 354 87.2616
16 48 899 219.9644
16 49 47 9.4657
16 51 42 11.4086
16 52 379 86.6560
16 53 26 4.9573
16 54 485 118.3117
16 55 288 70.5458
16 56 349 75.8140
16 58 351 71.3852
16 59 168 33.6380
16 60 209 46.5759
16 61 673 152.4328
16 62 786 193.7192
16 63 5 0.5916
16 64 74 15.8398
16 65 40 7.4989
16 66 1161 288.2354
16 67 1 0.1576
16 68 517 130.2256
16 70 2978 638.4135
16 71 49 10.7387
16 72 188 46.3685
16 73 225 49.7934
16 74 1461 371.4422
16 75 195 56.1857
16 77 64 15.0388
16 78 988 248.3015
16 79 44 8.4988
16 80 247 51.8593
16 81 4 0.7680
16 82 71 14.1562
16 83 142 27.6533
16 84 2665 716.3036
16 85 66 14.3145
16 86 412 81.4769
16 87 21 4.3241
16 88 153 31.1466
16 89 281 68.3163
16 90 19 3.9004
16 91 6 1.1431
16 92 4 0.7684
16 93 968 198.1033
16 94 310 58.9988
16 95 67 13.3548
16 96 519 137.4926
16 97 653 160.0654
16 98 368 88.8572
16 100 938 240.4992
16 101 11 2.5504
16 102 893 220.4773
16 103 201 42.9665
16 104 18 3.5963
16 105 575 144.7357
16 106 815 181.0312
16 107 5 1.1212
16 108 64 17.2344
16 109 348 74.5226
16 110 9 1.6652
16 111 3277 827.6790
16 112 32 5.9851
16 114 6 0.9457
16 115 17 3.1724
16 116 265 55.6297
16 117 395 87.1774
16 118 20 3.6547
16 119 3873 1057.6285
16 120 52 13.1971
16 121 213 43.4561
16 122 1383 355.8196
16 123 33 7.3059
16 124 214 48.2665
16 125 3315 783.7724
16 126 1670 418.7380
16 127 9 2.4543
16 129 44 8.4073
16 130 4602 952.2930
16 131 4 0.8606
16 133 837 197.8432
16 134 79 15.3187
16 135 1 0.1915
16 136 2027 528.5131
16 137 84 18.8584
16 138 97 16.9870
16 139 16 3.5359
16 140 10 1.6973
16 142 4748 1180.7295
16 143 5 0.7477
16 144 27 5.2369
16 145 4 0.6771
16 146 47 9.2362
16 147 498 104.3726
16 148 11 2.0263
16 149 13 3.0109
16 150 59 10.1042
16 151 1 0.1399
16 152 1418 370.0324
16 153 3 0.7231
16 154 59 14.7923
16 155 1060 280.7817
16 156 238 55.7402
16 157 1150 262.0577
16 158 7 1.3266
16 159 42 7.1136
16 160 20 4.1977
16 161 234 42.4280
16 162 224 56.3963
16 163 133 32.3763
16 164 24 4.0998
16 166 2310 537.2993
16 167 19 4.0335
16 168 46 7.5252
16 169 248 45.9726
16 170 42 9.4963
16 171 187 50.7831
16 172 1994 507.3502
16 173 78 15.6427
16 174 55 11.5520
16 175 9 1.5340
16 176 40 9.3658
16 177 1955 514.3125
16 178 2790 695.5369
16 179 3531 843.9220
16 180 5 1.0443
16 181 40 7.8598
16 183 100 19.3314
16 184 1376 368.8542
16 185 61 13.8646
16 187 25 5.7326
16 188 101 17.6281
16 189 240 71.0679
16 190 285 66.7793
16 191 24 4.0712
16 192 1348 308.8090
16 193 88 15.7248
16 194 6 1.2651
16 195 25 4.4038
16 196 3 0.5992
16 197 2312 644.7079
16 198 515 122.8306
16 199 14 2.7375
16 200 61 12.5804
16 201 103 20.8556
16 202 5 0.8700
16 203 4169 1118.8881
16 204 2119 443.1854
16 205 232 38.8928
16 206 1118 255.6150
16 207 47 9.8416
16 208 38 9.4807
16 209 64 12.2136
16 210 82 20.9119
16 211 4 0.8083
16 212 2140 449.8565
16 213 13 2.6197
16 214 177 40.8456
16 215 7 1.2195
16 216 546 133.6348
16 217 82 16.9278
16 218 54 10.9067
16 219 10 2.1082
16 220 107 24.2202
16 221 6 1.1607
16 223 9539 2504.2966
16 226 1193 283.9813
16 227 10 1.6380
16 228 94 19.9981
16 229 69 13.6105
16 230 62 13.8264
16 231 1418 310.9922
16 232 551 128.8518
16 233 112 21.6136
16 234 4 0.8224
16 235 91 15.6200
16 236 8 1.8587
16 237 1517 341.1939
16 238 14 3.0956
16 239 41 13.4667
16 240 31 6.6112
16 241 145 25.7933
16 242 1971 494.9007
16 243 1205 296.5125
16 244 9 1.7258
16 245 180 46.7040
16 246 24 4.5076
16 247 5 0.9751
16 248 106 25.7023
16 249 1 0.1933
16 250 156 32.8351
16 251 55 10.2379
16 252 115 28.6232
16 253 62 12.8157
16 255 23 5.5651
16 256 595 119.7090
16 257 452 94.0874
16 258 317 79.9432
16 259 4 0.8032
16 261 107 20.2419
16 262 1415 364.0869
16 263 12290 4318.3118
16 264 690 174.0136
16 265 1209 289.4332
16 266 1 0.2222
16 267 157 41.0678
16 268 666 186.5186
16 269 353 78.4173
16 271 291 64.2352
16 272 41 8.8575
16 273 22 4.4100
16 275 525 128.1903
16 276 516 118.6983
16 277 31 5.9031
16 278 165 40.0007
16 279 68 16.4229
16 280 2257 523.1341
16 281 131 28.1341
16 282 784 162.9682
16 283 23 5.9470
16 284 37 7.1360
16 286 215 51.6103
16 287 21 3.4707
16 288 569 131.4959
16 289 178 30.9830
16 290 25 5.1580
16 291 60 12.3619
16 293 119 27.5274
16 294 46 11.0539
16 295 46 9.2214
16 296 82 20.3164
16 297 141 30.7536
16 299 38 10.7069
16 300 51 9.8753
16 302 84 17.6286
16 304 259 49.4547
16 305 318 67.8959
16 306 32 6.9996
16 307 324 64.4231
16 308 20 4.4049
16 309 5487 1319.8434
16 310 4 0.8175
16 311 398 97.9284
16 312 103 21.5087
16 314 57 11.9146
16 315 1 0.1818
16 316 79 14.9470
16 317 24 5.0219
16 318 1386 347.1483
16 320 7 1.4049
16 321 140 29.1973
16 322 8 1.9610
16 323 123 29.3414
16 324 3 0.5519
16 325 20 3.9668
16 326 3 0.5496
16 327 1 0.1786
16 328 1363 347.4624
16 329 1193 297.8219
16 330 44 9.8143
16 331 36 7.9167
16 332 742 233.3746
16 333 356 73.3971
16 334 47 10.8676
16 335 1069 325.1630
16 336 822 179.2213
16 337 1939 516.3685
16 338 2 0.5096
16 339 445 94.5152
16 340 28 5.5338
16 341 7 2.0118
16 342 22 3.6736
16 343 47 12.0866
16 344 2 0.2589
16 345 54 10.9352
16 346 340 68.9328
16 347 87 16.9444
16 348 15 2.8534
16 349 119 22.6780
16 350 783 202.2692
16 352 219 54.7926
16 353 283 57.6915
16 354 2 0.3764
16 355 153 36.3362
16 356 40 8.3902
16 357 42 8.4447
16 358 4 0.8988
16 359 224 49.6131
16 360 68 13.1697
16 361 460 104.0341
16 362 235 49.3902
16 363 77 14.6932
16 364 97 20.8172
16 365 7 1.9015
16 366 102 20.2968
16 367 42 7.8955
16 368 237 57.9977
16 369 25 4.5968
16 370 1633 375.2826
16 371 3428 832.5770
16 372 17 2.7823
16 373 196 41.3983
16 374 96 17.3061
16 375 33 6.8465
16 376 5 0.9088
16 377 74 26.0988
16 378 141 29.2952
16 379 15 3.1626
16 380 40 6.7870
16 381 18 3.5721
16 382 61 12.8256
16 383 7 1.5853
17 0 560 115.2565
17 1 1 0.2362
17 2 1585 389.2864
17 3 444 99.3485
17 4 49 9.7682
17 5 62 13.4780
17 6 769 220.7497
17 7 4 0.8853
17 8 29 5.8997
17 9 155 30.0632
17 10 247 45.8719
17 11 89 17.6674
17 12 73 19.2188
17 13 31 5.8972
17 14 3487 1085.4042
17 15 124 24.7311
17 16 513 133.0699
17 17 1087 215.8792
17 18 145 28.4486
17 19 284 70.4400
17 20 677 164.7566
17 21 115 24.1758
17 22 498 100.7698
17 23 584 125.6009
17 24 3621 775.9603
17 25 2922 719.2834
17 26 68 18.2394
17 27 305 98.7405
17 28 19 4.2165
17 30 630 148.6271
17 31 182 34.8678
17 32 81 16.8020
17 33 130 28.5946
17 34 134 26.4484
17 35 62 12.0884
17 36 4333 1131.7981
17 37 398 110.5253
17 38 397 91.0569
17 39 21 4.2398
17 40 60 14.3220
17 41 20 6.5983
17 42 3364 799.9975
17 43 472 101.8404
17 44 12 2.6707
17 45 2 0.3824
17 46 14 2.8162
17 47 155 32.6678
17 48 54 12.0177
17 49 68 12.6464
17 50 49 9.5203
17 51 276 63.4681
17 52 4 0.8769
17 53 57 13.1428
17 54 1411 368.7258
17 55 62 12.6843
17 56 22 5.2032
17 57 3028 788.3453
17 58 209 48.7644
17 59 1492 384.8698
17 61 123 30.7691
17 62 132 29.6595
17 63 153 30.0616
17 64 773 191.0261
17 65 85 17.2818
17 66 133 25.7510
17 67 5324 1550.6007
17 68 164 34.6702
17 69 72 13.9138
17 70 608 143.1526
17 71 1840 436.8382
17 72 896 202.5168
17 73 337 93.6729
17 74 76 17.6145
17 75 132 31.9593
17 76 280 57.6510
17 77 91 19.5168
17 78 202 39.1363
17 79 20 3.8777
17 80 4 0.8199
17 81 8 1.7144
17 82 381 80.9021
17 83 930 273.0708
17 84 94 19.7290
17 85 23 4.4980
17 86 2 0.4386
17 87 85 18.4352
17 88 428 86.3580
17 89 7 1.5505
17 90 905 217.3827
17 91 130 27.8749
17 92 8 1.5857
17 93 425 98.3488
17 94 178 40.6102
17 95 122 24.4705
17 96 16 2.9027
17 97 147 34.3364
17 98 18 3.7667
17 99 61 13.0318
17 100 1308 348.2325
17 101 126 28.1565
17 102 728 181.4096
17 103 55 10.3148
17 104 7 1.3589
17 105 124 30.8630
17 106 845 169.2284
17 107 219 47.7343
17 108 13 2.2735
17 109 203 40.9887
17 110 56 12.9467
17 111 367 80.6035
17 112 38 7.9479
17 113 299 58.9826
17 114 6 1.6920
17 115 409 97.9720
17 116 247 60.0149
17 117 112 21.9360
17 118 531 125.3675
17 119 69 13.0813
17 120 366 93.1623
17 121 277 63.3555
17 122 4 0.7391
17 124 4242 1725.3945
17 125 1 0.1851
17 126 1460 378.7949
17 127 7 1.3199
17 128 23 4.5771
17 129 29 6.7650
17 130 47 10.1057
17 131 17 3.8575
17 132 35 8.0871
17 133 1122 268.4477
17 134 1255 258.2515
17 135 1242 346.2545
17 136 34 7.8523
17 137 182 43.5295
17 138 99 19.4436
17 139 6 1.1572
17 140 326 72.4665
17 141 24 5.1879
17 142 1393 365.9418
17 143 115 23.7300
17 144 12 2.6020
17 145 72 14.7190
17 146 414 85.6957
17 148 202 48.7146
17 149 1953 489.7782
17 150 94 21.0025
17 151 487 104.6725
17 152 62 12.2426
17 153 222 49.0173
17 154 48 9.4072
17 155 18 3.8798
17 156 482 111.6397
17 157 982 269.5588
17 158 161 33.1918
17 159 752 185.4851
17 160 73 18.6475
17 161 1062 243.9400
17 162 87 18.2032
17 163 4376 1140.8087
17 164 3 0.6965
17 165 62 14.4267
17 166 23 4.7941
17 167 56 15.8609
17 168 3386 874.9129
17 169 727 205.1671
17 170 26 5.7324
17 171 457 124.1783
17 172 214 41.9559
17 173 49 11.1911
17 174 1478 377.5626
17 175 896 245.5356
17 176 17 3.4341
17 177 213 40.9139
17 178 88 15.7585
17 179 566 136.7491
17 180 228 52.8331
17 181 168 32.5765
17 182 54 12.8118
17 184 3402 787.1654
17 185 551 111.8875
17 186 7 1.5355
17 187 33 7.3447
17 188 111 21.3386
17 189 271 52.3626
17 190 22 4.5271
17 191 77 16.9904
17 192 2 0.3507
17 193 152 31.9570
17 194 6 1.1148
17 195 531 129.1384
17 196 44 9.7200
17 197 2942 795.1984
17 198 3 0.7745
17 199 11 2.6454
17 200 53 10.4381
17 201 246 56.4146
17 202 52 11.7737
17 203 148 33.5665
17 204 64 17.0388
17 205 44 11.5483
17 206 31 6.4020
17 207 10 1.6266
17 208 588 143.5570
17 209 13 3.1304
17 210 1019 206.4796
17 211 1 0.2166
17 212 38 7.0638
17 213 951 260.2803
17 214 90 21.1751
17 215 4 0.8020
17 216 1027 246.9843
17 217 189 43.4300
17 218 192 39.5945
17 219 24 4.7229
17 220 1940 529.2682
17 221 71 13.8111
17 222 290 65.1718
17 223 46 10.2049
17 224 329 84.0708
17 225 156 32.7094
17 226 147 31.3825
17 227 16 3.7592
17 228 27 5.2041
17 230 36 6.6142
17 231 123 24.3152
17 232 65 14.2600
17 233 360 107.1384
17 234 76 14.3015
17 235 86 20.4182
17 236 500 106.7398
17 237 206 42.6682
17 238 4 0.8569
17 239 139 33.0375
17 240 227 49.9810
17 241 48 11.7489
17 242 53 12.6039
17 243 1008 226.5437
17 244 5 1.1111
17 245 2259 557.9669
17 246 335 68.6725
17 247 167 33.7562
17 248 1237 316.2065
17 249 10 2.0213
17 250 6246 1807.5805
17 251 792 181.2298
17 252 1 0.2057
17 253 1609 407.2347
17 254 74 15.5841
17 255 1415 346.8504
17 256 4 0.8380
17 257 118 23.4646
17 258 2 0.3732
17 259 30 6.0506
17 260 145 31.1891
17 261 2 0.4305
17 262 2577 687.6624
17 263 4 0.7557
17 264 737 213.5201
17 265 156 30.7283
17 266 278 93.5723
17 267 225 49.6295
17 268 610 120.0131
17 270 91 19.9084
17 272 1650 413.1495
17 273 631 132.7586
17 274 369 75.3883
17 275 277 63.1595
17 276 86 20.5834
17 277 64 13.3677
17 278 848 215.9919
17 279 1154 289.0110
17 280 29 5.6754
17 281 206 49.1210
17 282 46 8.8195
17 283 389 88.7559
17 284 98 22.9765
17 285 540 131.3154
17 286 942 248.4631
17 287 135 30.7704
17 288 297 57.2599
17 289 73 17.5449
17 290 89 21.6547
17 291 126 23.2926
17 292 178 35.4911
17 293 146 27.0254
17 294 7 1.7856
17 295 460 102.9584
17 296 22 5.1044
17 297 682 163.5175
17 298 1069 298.7345
17 299 174 64.8287
17 300 592 142.8030
17 301 47 9.3260
17 302 64 14.3520
17 303 12 2.2856
17 304 7 1.4868
17 305 5786 1447.3796
17 306 595 138.5541
17 307 84 16.1506
17 308 537 138.4696
17 309 1717 431.7847
17 310 71 13.2377
17 311 840 200.3100
17 312 686 173.7728
17 313 139 27.2526
17 314 9 2.1410
17 315 5 1.0713
17 316 50 10.5429
17 317 239 49.6316
17 318 284 80.5544
17 319 182 37.2794
17 320 2 0.4826
17 321 445 98.1546
17 322 50 10.9324
17 323 1203 260.6483
17 324 715 155.7005
17 325 190 37.9426
17 327 937 187.0971
17 328 58 10.8869
17 329 248 60.8106
17 330 43 8.3752
17 331 27 5.8591
17 332 926 212.1825
17 333 9 2.0318
17 334 133 25.7525
17 335 1177 301.8135
17 336 1294 300.1639
17 337 644 126.2561
17 338 81 18.1597
17 339 5 0.9837
17 341 261 64.1920
17 342 156 30.1814
17 343 106 20.9117
17 344 108 20.1466
17 345 28 5.5273
17 346 3635 837.1893
17 347 166 38.8277
17 348 9 1.9940
17 349 91 17.5537
17 350 305 63.0646
17 351 4430 1105.7287
17 352 79 18.7586
17 353 258 55.9678
17 355 298 64.2311
17 356 306 60.0138
17 357 163 31.9455
17 358 72 14.4693
17 359 70 13.2379
17 360 6346 1590.4135
17 361 906 215.4828
17 362 104 20.2775
17 363 62 11.6268
17 364 53 9.4283
17 365 288 69.3432
17 366 40 8.3431
17 367 60 13.7751
17 368 4 0.8099
17 369 1563 438.2705
17 370 81 14.8636
17 371 292 62.6686
17 372 281 53.8184
17 373 1089 254.9476
17 375 319 64.5294
17 376 23 5.2485
17 377 48 10.7668
17 378 225 56.8050
17 379 158 29.7880
17 380 53 10.2307
17 381 28 5.5035
17 382 200 37.7760
17 383 156 35.7190
18 0 5 1.0390
18 1 49 9.2134
18 2 70 12.9012
18 3 7 2.5650
18 4 3 0.5964
18 5 19 3.7889
18 7 4 0.9792
18 8 1 0.1807
18 9 73 17.4806
18 10 778 191.1735
18 11 2464 664.8543
18 12 225 57.5363
18 13 948 225.0402
18 14 88 20.3085
18 15 450 91.0920
18 16 627 141.0345
18 17 165 31.4819
18 18 113 23.4739
18 19 235 59.1815
18 20 109 26.8096
18 21 1735 472.3605
18 22 97 23.7955
18 23 40 8.3308
18 24 385 91.1419
18 25 3703 1039.2286
18 26 56 11.0112
18 27 9 1.7712
18 28 83 17.0581
18 29 88 17.3241
18 30 1093 293.8157
18 31 2 0.3828
18 32 314 77.7229
18 33 970 209.4599
18 34 624 147.7425
18 35 28 5.6243
18 36 1414 396.6607
18 37 36 6.3992
18 38 4802 1431.6213
18 39 15 2.8452
18 40 14 3.0229
18 41 38 7.2084
18 42 4 0.9071
18 43 1133 298.5526
18 44 692 159.3411
18 45 2334 553.2034
18 46 175 43.0427
18 47 1328 329.9804
18 48 60 11.7775
18 50 54 11.0244
18 51 69 18.4640
18 52 2086 475.1288
18 53 1148 230.5592
18 54 503 122.3599
18 55 93 18.2913
18 56 338 73.3791
18 57 25 4.6698
18 58 188 38.3679
18 59 1 0.1871
18 60 37 8.7910
18 61 55 13.0133
18 62 10 2.0515
18 63 27 5.4245
18 64 189 43.5084
18 65 1399 374.6026
18 66 13 2.9423
18 67 2 0.3860
18 68 3 0.6772
18 69 73 18.6220
18 70 422 87.9048
18 71 643 144.3077
18 72 1020 229.0327
18 73 148 34.9878
18 74 328 79.2939
18 75 109 31.1621
18 76 14 3.3303
18 77 1259 360.0713
18 78 5 1.1532
18 79 46 15.1328
18 80 37 6.8326
18 81 4 0.8348
18 82 8 2.3199
18 83 806 191.3826
18 84 867 193.6811
18 85 60 12.1720
18 86 1277 308.9570
18 87 42 9.1016
18 88 154 35.1721
18 89 115 23.2195
18 90 226 48.7069
18 91 1966 397.9192
18 92 8 1.6507
18 93 6 1.2181
18 94 46 10.5303
18 95 183 42.4894
18 96 344 75.0092
18 97 4722 1343.6453
18 98 70 13.2491
18 99 77 19.8071
18 100 6 1.1965
18 101 23 5.0698
18 102 56 10.9732
18 103 42 8.5099
18 104 624 157.6833
18 105 32 6.3554
18 106 4957 1276.2091
18 107 84 17.2093
18 108 57 12.1382
18 109 168 33.3968
18 110 23 5.6515
18 111 108 20.7776
18 112 225 51.8021
18 113 65 13.3919
18 114 1403 353.1658
18 115 69 14.3701
18 116 220 45.4158
18 117 10 1.9705
18 118 18 3.7254
18 119 683 169.7930
18 120 4 0.8717
18 121 25 5.4941
18 122 472 112.1923
18 123 454 102.9684
18 125 120 26.5492
18 126 35 6.9836
18 127 93 23.3998
18 128 9 1.7885
18 129 66 13.8165
18 130 43 9.5003
18 131 58 11.7176
18 132 392 96.1677
18 133 5708 1401.1126
18 134 18 3.8282
18 135 61 13.4770
18 136 6 1.5304
18 137 1 0.2196
18 138 73 16.5616
18 139 26 5.0836
18 140 1426 335.3187
18 141 51 12.0293
18 142 4 0.8994
18 143 293 65.6532
18 144 5129 1322.1150
18 145 134 27.5589
18 146 63 14.8928
18 147 770 182.9649
18 148 76 15.0290
18 149 1 0.1723
18 150 160 31.9111
18 151 507 164.0218
18 152 946 230.7573
18 153 142 31.2545
18 154 2107 591.1818
18 155 2 0.2898
18 156 47 11.5535
18 157 10 1.7780
18 158 1044 245.2810
18 159 1720 484.7185
18 160 67 15.4663
18 161 1 0.3214
18 162 154 55.6286
18 163 36 7.3472
18 164 39 7.7521
18 165 41 8.7983
18 166 1580 410.9109
18 167 1093 213.0450
18 168 14 3.2449
18 169 3248 801.3124
18 170 33 8.6248
18 171 462 107.9224
18 172 4 0.6897
18 173 6010 1752.8264
18 174 10 1.8241
18 175 717 171.3699
18 176 51 16.2539
18 177 36 7.0750
18 178 47 9.3551
18 179 487 130.5906
18 180 859 204.4525
18 181 148 33.7966
18 182 1 0.1979
18 183 190 41.8970
18 184 126 28.9438
18 185 97 18.3674
18 186 26 5.3858
18 187 208 47.1522
18 188 52 9.5889
18 189 155 31.3442
18 190 1059 299.1141
18 191 37 7.6472
18 192 197 41.3957
18 193 60 13.0234
18 194 3643 772.1362
18 195 46 9.8310
18 196 109 25.4967
18 197 2 0.6182
18 198 63 15.4581
18 199 65 14.2274
18 200 787 162.0770
18 201 1411 345.1500
18 202 557 141.2878
18 203 4738 1275.4376
18 204 173 40.5241
18 205 68 16.3328
18 206 363 79.4609
18 207 1490 411.8953
18 208 63 15.2196
18 209 494 103.4239
18 211 148 35.7664
18 212 16 3.6454
18 213 89 19.0420
18 214 1197 337.2888
18 215 5 0.9713
18 216 1321 361.4210
18 217 112 26.0147
18 218 1120 313.5708
18 219 1023 229.3239
18 220 137 29.0192
18 221 448 118.1335
18 222 214 52.6108
18 223 49 11.2378
18 224 58 12.8418
18 225 1209 300.1569
18 226 187 42.2705
18 227 164 41.9617
18 229 485 123.3821
18 230 9 1.9778
18 231 21 4.4427
18 232 200 43.9595
18 233 6 1.3244
18 234 1554 408.9974
18 235 744 214.2097
18 236 95 28.2589
18 237 100 19.9143
18 238 41 8.0715
18 239 13 3.0308
18 240 128 25.1841
18 241 123 25.7108
18 242 127 29.1193
18 243 127 28.6839
18 244 4133 1087.5820
18 245 16 4.6602
18 246 9 1.7495
18 247 3 0.5451
18 248 80 17.0102
18 249 139 28.7886
18 250 52 10.7556
18 251 63 17.7823
18 252 113 22.5441
18 253 10 2.0182
18 254 13 2.4666
18 255 840 174.6831
18 256 14 2.8581
18 257 557 111.7915
18 258 177 37.6159
18 259 91 18.2620
18 260 14 3.1797
18 261 940 230.2020
18 262 93 18.4891
18 263 490 118.6758
18 264 24 5.2722
18 265 1984 455.7460
18 266 64 17.9375
18 267 301 81.5461
18 268 3058 829.5513
18 270 60 12.0629
18 271 24 4.1312
18 272 484 112.9708
18 273 8 1.5734
18 274 213 52.2762
18 275 202 51.4367
18 276 126 26.7789
18 277 87 21.2921
18 278 13 2.6069
18 279 2638 671.7450
18 281 67 12.8192
18 282 241 47.0737
18 283 1025 214.3966
18 284 1576 391.5127
18 285 65 12.3724
18 286 1987 510.1398
18 287 202 48.1425
18 288 111 27.5492
18 289 182 45.8223
18 290 683 175.8448
18 291 56 10.6863
18 292 115 26.7859
18 293 210 49.3542
18 294 14 2.8783
18 295 351 85.2451
18 296 1 0.1750
18 297 3 0.6407
18 298 236 50.1703
18 299 23 4.7199
18 300 676 154.3103
18 302 613 131.1963
18 303 13 2.5095
18 304 2288 590.4231
18 305 192 39.7242
18 306 21 4.7169
18 307 17 3.4710
18 308 2 0.4287
18 309 43 9.7292
18 310 253 55.0325
18 311 1264 372.3266
18 312 34 6.9504
18 313 190 37.5237
18 314 91 17.3538
18 315 21 3.8612
18 316 1 0.1865
18 317 1175 291.6100
18 318 23 6.0208
18 319 761 174.4434
18 320 3227 790.2314
18 321 1719 406.6614
18 322 109 21.0635
18 323 678 166.8276
18 324 13 2.5859
18 325 198 37.7611
18 326 2 0.4973
18 327 3 0.5284
18 328 467 127.5497
18 329 8 1.8177
18 330 20 4.0813
18 332 173 44.5350
18 333 62 12.3829
18 334 143 34.5424
18 335 1387 326.6249
18 336 1973 478.2090
18 337 38 8.4728
18 338 440 96.4454
18 339 40 10.1259
18 340 26 5.4436
18 341 2185 522.4016
18 342 14 2.8298
18 343 883 260.9674
18 344 91 19.3260
18 345 2 0.3490
18 346 340 79.0858
18 347 1 0.2428
18 348 225 49.7747
18 349 1 0.1592
18 350 7 2.4949
18 351 20 4.0614
18 352 22 4.1394
18 353 10 1.8363
18 354 83 18.4974
18 355 551 126.4092
18 356 596 123.0681
18 357 31 6.9946
18 358 152 30.7702
18 359 252 53.8869
18 360 42 8.8342
18 361 492 123.6146
18 362 14 2.7664
18 363 21 4.1050
18 364 498 118.7718
18 365 180 34.6852
18 366 1754 449.8949
18 367 780 213.1590
18 368 1434 337.3117
18 369 6 1.3281
18 370 758 159.4696
18 371 56 12.6493
18 372 13 2.3697
18 373 7 1.3525
18 374 44 8.4306
18 375 1448 298.3895
18 376 48 9.6084
18 377 68 12.9487
18 378 143 29.0511
18 379 2389 620.2557
18 380 3 0.7274
18 381 9 1.7515
18 382 112 23.4843
18 383 12 2.2211
19 0 586 123.9663
19 1 54 7.3009
19 2 606 148.0742
19 3 147 28.6826
19 4 220 37.4279
19 5 391 73.5021
19 6 1790 474.9709
19 7 32 5.5736
19 8 221 62.3668
19 9 1013 207.1740
19 10 59 8.5104
19 11 1351 344.9569
19 12 37 5.9373
19 13 434 69.1762
19 14 60 10.8284
19 15 1763 392.5309
19 16 26 6.1535
19 17 53 10.9385
19 18 96 14.0118
19 19 116 19.7761
19 20 2332 592.1635
19 21 275 78.5639
19 22 1014 297.6861
19 23 45 7.0497
19 24 80 14.6675
19 25 71 12.6400
19 26 10 1.5162
19 27 29 5.7724
19 28 1486 309.6959
19 29 658 154.3679
19 30 278 58.9332
19 31 5 1.4944
19 32 486 100.3965
19 33 183 45.5336
19 34 489 116.6870
19 35 60 12.3868
19 36 38 5.8755
19 37 57 14.3184
19 38 4 0.6031
19 39 57 8.9829
19 40 111 22.2781
19 41 12 1.7115
19 42 245 43.7638
19 43 198 42.5560
19 44 762 228.9931
19 45 387 79.3202
19 46 876 240.7934
19 47 264 72.4628
19 48 1864 512.9995
19 49 5307 1433.4845
19 50 198 34.1989
19 51 165 32.3382
19 52 90 14.5709
19 53 61 16.8554
19 54 72 11.9904
19 55 61 9.4478
19 56 97 17.1622
19 57 5 0.8630
19 58 187 49.7038
19 59 1651 467.0250
19 60 18 3.0279
19 61 777 161.2080
19 62 4608 1516.7736
19 63 852 221.7943
19 64 96 19.5701
19 65 16 2.1444
19 66 268 41.4217
19 67 89 24.2469
19 68 1013 293.2487
19 69 40 9.7629
19 70 8 1.1703
19 71 153 28.6572
19 72 33 5.5840
19 73 243 72.5932
19 74 1856 430.2612
19 75 70 13.8624
19 76 118 18.5355
19 77 154 36.0997
19 78 40 6.1672
19 79 204 39.5409
19 80 594 112.0508
19 81 26 4.4039
19 82 141 24.3402
19 83 201 36.3667
19 84 70 13.2636
19 85 60 10.5328
19 86 156 23.6269
19 87 1087 264.0791
19 88 357 91.8886
19 89 704 173.0967
19 90 47 7.5729
19 91 648 217.6738
19 92 1013 258.0190
19 93 30 6.0145
19 94 765 172.9286
19 95 50 7.6988
19 96 66 13.5054
19 98 74 19.7883
19 99 234 48.9392
19 100 140 26.9514
19 101 408 97.1139
19 102 4648 1117.8299
19 103 41 10.0894
19 104 249 65.5511
19 105 622 143.8459
19 106 1245 264.1483
19 107 29 5.4963
19 108 79 13.7896
19 109 511 103.4962
19 110 429 84.8962
19 111 19 3.4027
19 112 2291 515.3756
19 113 65 16.1600
19 114 80 21.8213
19 115 15 2.1808
19 116 23 4.3586
19 117 684 156.9496
19 118 4164 997.1160
19 119 38 6.1696
19 120 66 18.3107
19 121 89 17.0391
19 122 205 47.4225
19 123 127 24.5479
19 124 77 23.4061
19 125 85 13.0921
19 126 1035 245.5558
19 127 1258 317.1441
19 128 5221 1170.2292
19 129 26 4.7912
19 130 24 4.8468
19 131 2376 620.1525
19 133 2749 733.3140
19 134 28 4.4884
19 135 32 9.2412
19 136 284 74.1664
19 137 99 21.6962
19 138 656 155.4529
19 139 140 23.8359
19 140 739 183.8945
19 141 40 5.8988
19 142 46 7.2985
19 143 353 76.3124
19 144 1 0.1398
19 145 57 11.6707
19 146 37 6.4059
19 147 229 40.1758
19 148 116 19.2799
19 149 6 0.7449
19 150 2030 452.3097
19 151 328 79.2413
19 152 2219 732.4354
19 153 62 8.9436
19 154 687 147.1190
19 155 40 9.2879
19 156 606 170.7215
19 157 239 44.5270
19 158 289 58.9283
19 159 28 6.0528
19 160 96 20.5971
19 161 9 2.0682
19 162 75 11.8323
19 163 15 3.8170
19 164 41 6.6044
19 165 371 64.0709
19 166 447 85.3100
19 167 1 0.2648
19 168 86 20.3956
19 169 129 27.5220
19 170 66 11.6657
19 171 939 248.8671
19 172 31 5.2120
19 173 11 1.8934
19 174 657 164.3812
19 175 23 5.2425
19 176 174 36.3943
19 177 206 43.7627
19 178 666 160.5529
19 179 1223 324.3006
19 180 106 15.9618
19 181 44 7.5948
19 182 48 9.6372
19 183 92 18.6050
19 184 22 3.0473
19 185 128 18.3769
19 187 3 0.3530
19 188 1101 296.0798
19 189 67 16.1426
19 190 66 16.1453
19 191 54 9.9864
19 192 374 68.4039
19 193 14 2.3804
19 194 6 0.7397
19 195 2434 516.7091
19 196 135 26.0329
19 197 256 66.0893
19 198 34 5.8778
19 199 131 23.8615
19 200 562 124.3758
19 201 148 28.0564
19 202 87 17.7005
19 203 44 6.9785
19 204 118 24.7085
19 205 13 3.5471
19 206 22 3.4799
19 207 85 12.3716
19 208 125 21.3840
19 209 21 3.4261
19 210 72 21.1983
19 211 19 2.8363
19 212 495 109.8192
19 213 24 6.8116
19 214 171 41.9933
19 215 125 27.0976
19 216 197 35.1185
19 217 491 164.9353
19 218 291 75.0274
19 219 316 52.8750
19 220 1424 389.0888
19 221 1891 567.2414
19 222 251 44.4483
19 223 51 8.1609
19 224 15 2.1753
19 225 66 11.8724
19 226 74 10.8456
19 227 387 86.8118
19 228 112 27.6973
19 229 612 131.5620
19 230 102 17.6608
19 231 22 4.6605
19 232 19 5.3461
19 233 60 9.6466
19 234 1123 255.5483
19 235 882 215.7498
19 236 119 19.5673
19 237 138 23.4014
19 238 87 12.8077
19 239 18 3.3162
19 240 64 11.2552
19 241 112 19.2831
19 242 31 5.6038
19 243 65 11.5353
19 244 143 23.4255
19 245 23 3.9857
19 246 162 26.9230
19 247 533 105.3155
19 248 234 50.5539
19 249 495 107.8433
19 250 1612 410.5471
19 251 142 26.0414
19 252 896 249.1608
19 253 173 35.0090
19 254 394 107.7144
19 255 2615 599.7846
19 256 5 0.7026
19 257 18 2.5998
19 258 28 4.7910
19 259 203 32.9495
19 260 2235 674.6421
19 261 40 6.9696
19 262 207 42.2565
19 263 63 10.4711
19 264 206 38.6558
19 265 846 194.0492
19 266 460 100.5880
19 267 17 4.5983
19 268 30 5.2399
19 269 412 75.4330
19 270 2402 675.4767
19 271 802 209.0331
19 272 66 12.0961
19 273 2104 497.8648
19 274 8 1.3866
19 275 311 75.2928
19 276 1411 345.3571
19 277 105 15.1547
19 278 24 4.2981
19 279 174 44.7883
19 280 147 39.8151
19 281 496 162.2894
19 282 204 49.3451
19 283 198 58.9433
19 284 30 5.2896
19 285 22 3.3165
19 286 91 15.8504
19 287 51 8.1810
19 288 747 213.2730
19 289 1547 923.0043
19 290 24 4.0400
19 291 529 123.0790
19 292 75 18.6942
19 293 865 205.6359
19 294 16 2.6645
19 295 868 211.4118
19 296 1036 301.5419
19 297 80 13.9228
19 298 121 21.5533
19 299 2044 403.1734
19 300 3142 785.0893
19 301 7 1.1998
19 302 94 14.3359
19 303 199 40.4407
19 304 257 65.6407
19 305 6174 2028.6721
19 306 3124 837.0970
19 307 1620 427.5366
19 308 35 8.7984
19 309 135 31.4399
19 310 1240 301.3188
19 311 117 20.8249
19 312 549 116.4955
19 313 302 59.5396
19 314 709 153.7831
19 315 187 26.4315
19 316 142 29.1236
19 317 25 3.8060
19 318 32 6.6711
19 319 1805 426.0328
19 320 43 7.3879
19 321 2 0.2653
19 322 364 84.1652
19 323 4 0.7461
19 324 466 94.7647
19 325 68 12.4884
19 326 167 27.6798
19 327 308 64.7626
19 328 433 87.4390
19 329 73 15.5825
19 330 24 6.5838
19 331 44 6.9831
19 332 65 9.4147
19 333 1407 367.2698
19 334 75 11.6587
19 335 55 10.9276
19 336 248 47.9124
19 337 118 34.5412
19 338 7 0.7294
19 339 1351 358.7401
19 340 69 15.4676
19 341 233 55.1225
19 342 998 175.4554
19 343 149 28.1334
19 344 328 96.1772
19 345 21 3.2560
19 346 31 4.6895
19 347 8 1.1184
19 348 63 12.8152
19 349 213 46.9585
19 350 1289 262.3241
19 351 155 31.4604
19 352 49 11.5567
19 353 94 22.3315
19 354 43 6.6397
19 355 1754 349.9226
19 356 74 13.6848
19 357 177 27.9874
19 358 26 4.1751
19 359 61 13.4629
19 360 257 63.9763
19 361 274 66.5666
19 362 99 15.6048
19 363 276 58.7511
19 364 41 5.8540
19 365 58 15.7444
19 366 5518 1510.5936
19 367 117 25.4908
19 368 1587 464.2330
19 369 77 18.5244
19 370 83 53.6833
19 371 116 21.3384
19 372 14 1.8272
19 373 47 6.4735
19 374 1892 479.4009
19 375 41 12.7165
19 376 146 30.7908
19 377 37 5.7437
19 378 33 5.4454
19 379 187 41.4392
19 380 36 8.5150
19 381 513 117.1740
19 382 518 128.0965
19 383 3214 791.7104
20 0 8 1.4419
20 1 23 5.0653
20 3 33 8.2666
20 4 24 5.8092
20 5 22 4.6223
20 6 249 57.2456
20 7 259 67.8671
20 8 12 2.6848
20 10 21 5.1323
20 11 13 2.9827
20 12 2 0.4418
20 13 16 2.9592
20 14 132 30.6722
20 15 84 18.9363
20 16 335 76.8095
20 17 4 0.7616
20 18 154 40.6194
20 19 708 176.6660
20 20 12 2.4092
20 21 45 9.1616
20 23 24 6.2133
20 24 1 0.2448
20 25 18 4.7745
20 26 27 6.5285
20 27 19 4.6140
20 28 135 32.7872
20 29 52 12.6120
20 30 66 14.7616
20 31 650 169.5629
20 32 978 218.5951
20 33 38 9.9377
20 35 25 6.2519
20 36 48 12.1443
20 37 6 1.8472
20 38 2 0.3589
20 39 2 0.3824
20 41 2 0.4139
20 42 709 198.1293
20 43 196 45.5386
20 44 44 12.0381
20 45 18 3.3245
20 46 16 5.3731
20 47 416 95.4092
20 48 31 7.3178
20 49 91 19.6605
20 50 2 0.3732
20 51 140 27.7672
20 52 4 0.6400
20 53 41 8.4451
20 55 67 15.5542
20 56 1 0.1969
20 57 4 0.7172
20 59 16 3.5402
20 61 97 22.7415
20 62 19 3.8035
20 64 9 2.7410
20 65 26 6.2860
20 67 22 5.8516
20 68 42 11.9637
20 69 10 2.0150
20 70 53 13.2217
20 71 2 0.4115
20 72 144 35.4008
20 74 37 8.8983
20 75 18 3.7869
20 76 11 2.2723
20 77 4 0.8252
20 78 143 37.1180
20 79 5 1.3286
20 80 8 1.3466
20 81 1 0.2455
20 82 2 0.4364
20 83 33 7.4012
20 84 1 0.2010
20 85 20 6.3353
20 86 93 21.3235
20 87 19 4.4465
20 88 5 0.8225
20 89 7 1.1415
20 92 3 0.4715
20 93 3 0.6285
20 95 9 1.7105
20 96 10 3.2917
20 97 44 13.6837
20 98 67 15.7964
20 99 39 9.2652
20 100 3 0.6653
20 101 12 2.3477
20 102 2 0.4437
20 103 114 26.6497
20 104 1 0.2307
20 105 14 2.7892
20 107 49 13.3350
20 108 31 9.1723
20 109 1422 370.2699
20 110 48 12.6235
20 111 7 1.3337
20 113 8 1.8365
20 115 1 0.2366
20 116 390 112.0366
20 117 1 0.1409
20 118 130 30.7724
20 121 4 0.9775
20 122 100 23.4493
20 124 41 11.4987
20 126 11 2.6607
20 127 11 2.6768
20 128 215 49.5670
20 129 294 77.7556
20 130 2 0.4443
20 131 33 6.6495
20 132 19 4.0400
20 133 41 8.7685
20 135 30 6.5750
20 136 35 6.7190
20 138 25 5.9505
20 139 9 1.8954
20 140 13 3.0870
20 141 3 0.7175
20 142 5 1.3329
20 143 20 4.1645
20 144 23 6.0738
20 145 182 46.9261
20 146 4 0.7092
20 147 115 27.2168
20 148 38 12.7206
20 150 214 59.8192
20 152 4 0.8312
20 153 39 10.9706
20 154 73 19.3917
20 158 36 7.5548
20 159 2 0.3192
20 161 9 1.9713
20 163 12 3.3633
20 164 411 106.5666
20 165 84 19.7229
20 166 2 0.3832
20 167 25 6.1006
20 168 3 0.4540
20 169 170 47.6830
20 170 52 11.2465
20 171 8 2.3223
20 172 4 0.7354
20 174 104 20.4775
20 175 122 27.3159
20 176 20 4.9848
20 177 22 4.4914
20 178 38 8.8492
20 179 3 0.5714
20 180 22 4.5951
20 181 8 1.5265
20 182 46 10.3817
20 183 4 1.0352
20 184 16 3.1357
20 185 28 7.7338
20 186 12 2.3036
20 187 200 55.2610
20 189 34 8.7953
20 190 22 6.7267
20 191 8 1.4137
20 192 8 1.8753
20 196 104 23.9334
20 197 8 1.8416
20 198 1 0.1471
20 199 7 1.2728
20 201 9 1.8371
20 202 12 2.9494
20 203 4 0.7840
20 204 25 5.6071
20 205 5 1.1295
20 206 5 1.0120
20 208 20 4.3047
20 209 8 1.6918
20 210 321 78.3093
20 211 130 29.6738
20 212 2 0.3692
20 213 411 128.1402
20 214 32 9.7851
20 215 50 12.6133
20 216 11 3.4444
20 217 38 12.7541
20 218 1 0.2123
20 219 10 2.0428
20 220 17 4.1489
20 221 16 3.2675
20 222 3 0.4899
20 223 25 6.0944
20 224 30 9.0801
20 225 290 69.9297
20 226 3 0.8746
20 227 76 16.0394
20 228 1 0.2173
20 229 23 6.1309
20 230 17 4.6997
20 231 49 11.8976
20 232 22 5.0013
20 233 5 1.2873
20 234 11 2.8122
20 235 1 0.1205
20 236 16 3.3902
20 237 9 1.8937
20 238 59 13.4830
20 239 5 0.9504
20 240 45 9.9147
20 241 13 3.7942
20 242 17 3.0178
20 243 1 0.2298
20 244 15 5.0504
20 245 48 10.8673
20 246 6 1.2636
20 247 3 0.5942
20 248 95 27.5537
20 249 11 2.3454
20 250 32 7.1249
20 251 3 0.7142
20 252 2 0.3343
20 253 42 10.7552
20 254 48 10.7351
20 255 163 48.3345
20 257 96 25.3335
20 258 67 14.9149
20 259 38 8.3698
20 260 3 0.6750
20 261 32 7.3383
20 262 190 46.5175
20 263 8 1.6986
20 264 14 3.2488
20 265 8 1.7755
20 266 15 3.5926
20 267 78 24.0073
20 268 16 3.0628
20 269 24 5.2714
20 270 1 0.2489
20 271 5 1.2439
20 272 41 9.9022
20 273 55 12.6409
20 274 355 98.5779
20 275 87 22.9392
20 276 19 4.0097
20 278 87 21.4839
20 279 124 25.6190
20 280 1 0.1263
20 281 1 0.2894
20 282 301 88.3875
20 283 86 18.6315
20 284 12 2.5134
20 285 4 0.8166
20 286 66 16.9306
20 287 20 4.1799
20 288 38 6.9737
20 289 1 0.2343
20 290 62 19.3435
20 292 558 158.8551
20 294 6 1.3506
20 295 70 24.1014
20 296 60 12.6206
20 297 14 2.8225
20 298 2 0.2927
20 299 11 2.6207
20 300 2 0.3725
20 301 2 0.4387
20 302 7 1.4556
20 303 3 0.6498
20 304 34 9.4158
20 305 209 43.3328
20 306 13 2.9826
20 307 379 83.1256
20 309 167 54.1285
20 311 2 0.4361
20 312 12 2.7518
20 313 25 6.8431
20 314 184 51.4656
20 315 5 1.0053
20 317 101 27.4286
20 318 45 9.6840
20 319 6 1.3002
20 320 119 23.1422
20 321 11 2.0208
20 322 88 23.6135
20 324 27 5.9292
20 325 32 7.2241
20 326 25 8.1072
20 327 23 5.9270
20 328 13 4.1407
20 329 134 33.2042
20 330 6 1.2941
20 331 23 5.6148
20 332 161 38.1055
20 333 16 3.6420
20 334 46 11.3479
20 335 12 2.8340
20 336 30 8.8250
20 337 28 8.1124
20 338 148 32.4082
20 339 48 11.1555
20 340 43 14.2834
20 341 6 1.2632
20 342 1 0.1829
20 343 92 19.7872
20 344 14 3.5224
20 345 17 3.4466
20 347 13 2.8873
20 348 69 15.4182
20 349 22 4.3504
20 350 2 0.4603
20 351 2041 476.1478
20 352 548 144.2450
20 353 45 10.5024
20 355 10 3.1413
20 357 5 0.8149
20 359 222 57.7642
20 360 364 102.9218
20 361 2 0.4340
20 362 108 25.0874
20 363 25 6.2589
20 364 8 1.6245
20 367 7 1.4600
20 368 4 0.9525
20 369 2 0.3208
20 370 158 47.4402
20 371 12 2.5323
20 372 30 6.6432
20 374 7 1.3659
20 375 1 0.2408
20 376 16 3.7257
20 378 8 1.8256
20 379 52 11.9658
20 380 89 22.2793
20 381 8 1.6645
20 383 49 10.3448
21 0 16 3.3703
21 1 99 21.7147
21 2 17 4.3763
21 3 364 83.9328
21 5 42 8.0470
21 6 20 4.4923
21 7 3 0.7841
21 8 291 64.5873
21 9 38 8.6884
21 10 2 0.6891
21 11 67 15.3535
21 12 8 1.6155
21 13 5 1.5602
21 14 6 1.6698
21 15 199 62.2083
21 16 12 3.6062
21 17 2 0.3708
21 18 49 11.6978
21 20 3 0.6303
21 21 24 6.6165
21 22 136 33.1400
21 23 3 0.6031
21 26 7 2.1792
21 29 50 10.7353
21 30 96 22.5981
21 31 149 32.5478
21 33 6 1.4550
21 34 6 1.4214
21 35 1 0.2125
21 36 44 10.5344
21 37 31 6.5152
21 38 1 0.1900
21 39 15 2.9126
21 40 18 4.9694
21 41 14 4.5813
21 42 130 33.4755
21 43 21 4.5683
21 44 38 8.3416
21 45 21 4.1111
21 46 13 3.4224
21 47 29 7.0972
21 48 32 8.3068
21 49 5 1.0147
21 50 79 21.0844
21 51 49 12.8618
21 52 6 1.4606
21 54 209 60.1608
21 55 23 7.2196
21 56 8 1.8586
21 57 11 2.7293
21 58 145 44.5863
21 59 197 42.1811
21 60 91 25.3483
21 61 88 26.1186
21 62 1 0.2091
21 63 22 5.2192
21 64 1 0.2403
21 65 2 0.4704
21 66 20 4.0408
21 67 43 9.5859
21 68 13 2.7948
21 69 6 1.1936
21 70 52 11.8413
21 72 398 89.4167
21 73 3 0.7082
21 75 1 0.2436
21 76 2 0.4273
21 77 70 15.5328
21 78 3 0.6780
21 79 32 6.9964
21 80 10 2.0602
21 81 64 13.6919
21 82 69 12.6663
21 84 13 3.1607
21 86 10 2.2496
21 87 2 0.4370
21 88 13 2.8874
21 89 738 193.4397
21 90 5 0.8808
21 92 2 0.4602
21 93 31 7.1327
21 95 8 1.6981
21 96 3 0.5604
21 97 10 2.4324
21 99 3 0.7053
21 100 449 156.1503
21 101 8 2.4361
21 102 31 10.5271
21 103 13 2.8793
21 104 14 6.0572
21 105 29 5.0648
21 106 64 15.4714
21 107 3 0.6117
21 108 45 12.3047
21 109 4 0.8704
21 110 25 5.7929
21 111 6 1.3348
21 112 85 24.2144
21 113 1 0.1806
21 114 31 6.7475
21 115 1 0.1939
21 116 66 25.1199
21 117 1 0.2232
21 118 22 4.6113
21 119 2 0.4419
21 120 52 13.3012
21 121 15 2.8095
21 122 34 6.7049
21 123 1 0.2554
21 124 14 4.8654
21 125 15 5.2220
21 126 2 0.3254
21 127 6 1.1071
21 128 4 0.6857
21 129 28 6.4698
21 130 114 31.9113
21 131 75 18.4394
21 132 15 4.1583
21 134 305 77.5027
21 135 146 38.6237
21 136 57 12.1573
21 137 253 53.4276
21 138 123 28.1250
21 139 204 42.6903
21 140 20 4.2251
21 141 52 13.5814
21 142 60 12.2938
21 143 109 23.0466
21 145 27 5.1787
21 146 15 3.1064
21 147 12 2.3924
21 148 2 0.5836
21 150 10 1.9780
21 151 100 24.0527
21 152 16 3.7448
21 154 7 1.4767
21 155 18 5.0469
21 156 3 0.6564
21 157 120 26.8438
21 158 245 62.5106
21 159 90 20.8835
21 160 185 49.1897
21 161 43 9.7094
21 162 18 3.9791
21 163 120 37.7572
21 164 59 15.9893
21 165 50 13.8347
21 166 5 1.1025
21 167 18 3.6580
21 168 32 7.1352
21 170 8 1.7300
21 171 67 14.0806
21 172 7 1.4968
21 173 26 5.1583
21 174 2 0.3699
21 175 20 5.4949
21 176 58 15.6124
21 178 6 1.0198
21 179 13 2.9511
21 180 1 0.2404
21 181 558 126.4193
21 183 2 0.3764
21 184 326 97.4861
21 185 6 1.6114
21 186 24 5.5836
21 187 40 10.5111
21 188 64 17.0117
21 189 2 0.4114
21 190 15 3.7540
21 191 31 7.1934
21 192 153 39.7831
21 193 11 2.3551
21 194 43 10.9391
21 195 15 4.5388
21 196 25 5.7536
21 197 13 3.1511
21 198 6 1.3784
21 200 114 32.4479
21 201 20 4.1954
21 202 16 3.4424
21 203 31 6.5349
21 204 9 2.0153
21 205 33 6.9285
21 206 66 15.3431
21 208 183 39.9580
21 209 7 1.6406
21 210 995 244.5758
21 211 1 0.1648
21 213 2 0.4298
21 214 65 13.6645
21 215 50 16.0477
21 219 15 3.3697
21 220 14 2.7276
21 221 26 5.3426
21 223 2 0.3180
21 224 83 18.9658
21 225 178 37.4767
21 226 52 15.3767
21 227 103 22.9964
21 228 14 3.1068
21 229 2 0.3343
21 231 7 1.3613
21 232 32 6.9700
21 233 2 0.3696
21 234 34 6.7943
21 235 2 0.4319
21 236 14 3.9344
21 237 9 1.7715
21 239 16 3.6609
21 240 25 7.0746
21 242 1 0.2618
21 243 22 5.5040
21 245 4 0.7994
21 246 6 1.2812
21 247 13 3.1553
21 248 6 1.3091
21 249 34 6.3863
21 250 22 6.9104
21 251 1276 313.8069
21 252 6 1.5419
21 254 47 11.3805
21 255 18 3.6704
21 257 796 231.8504
21 258 22 8.3010
21 259 1 0.2158
21 260 35 10.4178
21 261 12 2.2201
21 262 2 0.5493
21 263 15 4.2902
21 264 15 3.3635
21 265 3 0.7633
21 267 1 0.2374
21 268 2 0.4611
21 269 204 55.0094
21 270 92 26.1583
21 272 148 33.3905
21 274 37 8.9020
21 275 19 4.5550
21 276 46 9.1150
21 277 2 0.3836
21 278 37 8.6792
21 280 27 6.0051
21 281 26 5.6119
21 282 858 196.1578
21 283 1 0.1794
21 284 15 3.2906
21 285 50 11.0776
21 286 8 1.7715
21 287 64 13.1602
21 289 5 0.9638
21 290 9 1.9828
21 291 4 0.8944
21 292 30 6.6021
21 293 10 2.1357
21 294 7 2.0665
21 296 33 7.2075
21 297 8 1.6428
21 298 1 0.1913
21 299 25 6.4229
21 300 19 4.8064
21 301 54 12.9857
21 304 5 1.1996
21 305 103 22.4267
21 308 22 4.2697
21 309 47 10.1095
21 310 16 3.1649
21 311 25 5.1553
21 312 5 1.2443
21 313 1 0.2284
21 314 1 0.1421
21 315 38 13.6986
21 316 2 0.2816
21 317 33 7.1820
21 318 26 9.5193
21 319 88 21.0003
21 321 2 0.4324
21 322 1 0.2059
21 323 1 0.2262
21 324 352 97.0546
21 325 3 0.5405
21 326 3 0.5700
21 327 1947 538.9716
21 329 72 17.4537
21 330 24 4.3979
21 331 8 1.5928
21 332 4 0.7555
21 333 1 0.2109
21 334 5 0.9970
21 335 49 14.6692
21 336 9 2.9471
21 337 25 7.4326
21 338 55 11.8928
21 339 1 0.1958
21 340 3 0.8712
21 341 158 40.5715
21 342 17 3.7523
21 343 10 3.3746
21 345 19 4.1935
21 346 23 4.7384
21 347 26 5.8853
21 348 2 0.4167
21 349 42 9.8219
21 350 37 14.9917
21 351 64 15.1311
21 352 6 1.3514
21 353 14 3.7078
21 355 38 9.5477
21 356 19 3.6651
21 357 44 10.5591
21 358 7 1.4429
21 359 22 4.4459
21 360 5 1.0858
21 361 21 4.0488
21 363 15 3.3408
21 364 2 0.2758
21 365 16 5.4277
21 367 269 61.2176
21 368 859 193.5402
21 369 172 38.5228
21 370 1 0.1336
21 371 15 4.0121
21 372 1 0.1865
21 373 1134 272.2216
21 374 53 12.1194
21 375 128 30.7689
21 376 10 2.6028
21 377 40 9.4547
21 378 17 3.6777
21 379 52 13.1273
21 380 183 38.3063
21 381 61 24.1418
21 382 26 6.0881
21 383 3 0.5910
22 0 1 0.2001
22 1 10 2.4778
22 2 232 53.2932
22 3 32 6.4941
22 4 22 4.5933
22 5 16 3.3898
22 6 165 37.4278
22 8 19 4.4988
22 9 62 18.5935
22 10 103 22.3491
22 11 11 2.0508
22 12 37 10.5917
22 13 2 0.4575
22 14 1 0.2054
22 15 1 0.1805
22 16 2 0.3921
22 18 12 3.2377
22 19 6 1.7291
22 21 38 8.5540
22 22 46 10.0520
22 23 3 0.8099
22 24 1 0.1524
22 25 23 5.5462
22 26 3 0.5875
22 27 57 12.7259
22 28 45 12.7485
22 29 17 3.5867
22 32 8 2.3210
22 33 16 3.3199
22 34 21 5.8461
22 35 1 0.2290
22 36 22 5.4879
22 39 70 14.6142
22 40 1 0.1492
22 42 22 4.0407
22 43 2 0.4805
22 44 237 64.9441
22 47 1 0.2176
22 48 16 4.0650
22 50 38 10.0420
22 51 6 2.2327
22 52 162 39.0893
22 53 178 45.8445
22 54 15 3.2077
22 55 3 0.6300
22 56 10 2.7782
22 57 114 25.6015
22 58 8 2.9439
22 59 2 0.4247
22 60 9 2.1873
22 61 1 0.1907
22 62 124 27.0807
22 63 10 2.2433
22 64 2 0.5050
22 65 3 0.5514
22 67 5 1.0038
22 68 650 149.2612
22 69 687 145.9214
22 70 22 5.7568
22 72 166 38.9187
22 73 10 2.5236
22 74 22 5.1634
22 75 2 0.3723
22 77 36 8.9637
22 78 51 10.6508
22 79 29 5.8290
22 80 1 0.1853
22 81 23 5.2983
22 82 7 1.2901
22 83 7 1.4719
22 84 240 74.4442
22 85 88 25.7170
22 86 25 5.7697
22 87 277 80.4391
22 90 6 1.4800
22 91 9 2.2433
22 92 1 0.1810
22 93 21 4.3454
22 95 11 2.5819
22 96 10 3.3090
22 97 10 2.7630
22 98 4 0.8424
22 99 34 7.6630
22 100 54 11.1296
22 101 17 3.6199
22 104 3 0.9436
22 105 9 1.7629
22 107 958 256.1105
22 108 1 0.2032
22 109 18 4.1514
22 110 34 8.7288
22 111 10 2.6516
22 112 30 5.9592
22 113 35 7.1930
22 114 19 4.0892
22 115 13 2.9967
22 116 8 1.6159
22 117 18 4.3234
22 118 1358 416.0069
22 120 7 1.2037
22 121 395 89.9410
22 123 14 4.3634
22 125 103 30.7709
22 126 8 1.8985
22 127 51 10.0984
22 128 38 13.5178
22 130 21 5.1546
22 131 216 46.4833
22 132 73 15.5314
22 133 117 24.9882
22 134 2 0.5119
22 135 5 1.0417
22 136 2 0.8684
22 137 24 5.2505
22 138 16 4.0307
22 139 51 11.0285
22 140 246 49.9204
22 141 12 3.4687
22 142 1 0.2240
22 143 2 0.4225
22 144 30 6.7744
22 145 10 2.6885
22 146 3 0.8780
22 147 80 17.3875
22 148 21 5.4324
22 149 6 1.3467
22 150 141 29.9263
22 151 121 26.1887
22 152 2 0.6002
22 153 17 3.5284
22 154 62 13.0204
22 155 61 13.9473
22 156 11 2.3494
22 157 7 1.6587
22 158 235 61.3348
22 159 284 64.5599
22 160 6 1.3945
22 162 4 1.0566
22 163 20 4.7298
22 166 30 6.6784
22 167 26 5.9451
22 168 23 5.1991
22 169 4 0.8876
22 171 17 3.8063
22 172 45 10.2187
22 173 53 14.3657
22 174 77 18.0633
22 175 11 2.6600
22 176 14 4.3351
22 177 51 11.5109
22 178 189 38.7831
22 179 120 27.0079
22 180 77 22.2633
22 181 5 1.0990
22 182 170 35.1566
22 183 7 1.4413
22 184 243 91.2509
22 185 54 11.9555
22 186 12 2.5741
22 189 1 0.1595
22 191 9 2.0215
22 192 36 11.3495
22 193 163 35.9760
22 194 7 1.4701
22 195 11 2.3347
22 198 26 6.4556
22 199 36 9.4615
22 200 11 2.7167
22 201 1 0.2304
22 202 97 19.3631
22 203 13 2.5563
22 204 17 4.0174
22 205 43 10.0078
22 206 40 11.8154
22 207 32 10.0150
22 208 33 7.5195
22 209 7 1.8611
22 210 46 10.0208
22 211 56 12.4873
22 212 24 4.9749
22 213 27 5.5275
22 214 50 11.0913
22 215 47 9.2241
22 216 4 1.1281
22 217 2 0.4270
22 218 11 2.1909
22 219 150 35.0298
22 220 4 1.0119
22 221 297 67.6078
22 224 1 0.1915
22 225 66 19.4994
22 227 8 2.1217
22 228 347 87.4396
22 229 10 2.0843
22 230 121 27.6495
22 231 7 1.8808
22 232 11 2.4320
22 233 117 36.1787
22 234 172 36.5073
22 235 97 26.1950
22 236 84 23.4249
22 238 228 46.9479
22 239 19 4.4382
22 240 6 1.2258
22 241 6 1.4545
22 242 32 8.8842
22 243 1 0.1805
22 244 81 17.5864
22 245 68 15.3833
22 248 7 1.2651
22 249 1 0.3406
22 250 32 9.7562
22 251 8 2.6364
22 253 55 16.8537
22 254 8 1.5249
22 255 1 0.1807
22 256 3 0.5676
22 257 23 5.0518
22 258 11 2.3131
22 259 146 38.6777
22 260 6 1.2544
22 261 12 2.5285
22 263 56 12.0401
22 264 14 3.1782
22 265 7 1.5528
22 266 1 0.2003
22 267 8 1.7979
22 268 4 0.7888
22 269 9 2.2241
22 271 45 9.2990
22 272 4 0.9732
22 274 45 11.0992
22 275 146 28.7585
22 277 477 123.3840
22 278 50 12.0638
22 279 24 7.7303
22 280 10 3.4460
22 281 8 1.6182
22 282 1 0.2691
22 283 1 0.1833
22 284 16 3.1828
22 285 1 0.1373
22 286 84 19.8009
22 287 24 5.1768
22 288 7 1.3929
22 289 16 3.3518
22 290 34 6.7377
22 292 2 0.4422
22 293 115 23.9831
22 294 55 12.6861
22 295 27 6.7094
22 296 78 16.5588
22 297 2 0.4536
22 298 8 1.5601
22 299 4 1.1487
22 300 8 2.4557
22 301 3 0.8878
22 302 83 17.8568
22 303 19 4.3799
22 304 10 2.2591
22 305 1 0.1998
22 306 1 0.1448
22 307 12 2.4947
22 308 14 2.8693
22 309 3 0.6891
22 311 55 10.8418
22 312 6 1.1739
22 313 98 22.0462
22 314 21 5.1251
22 315 1 0.1604
22 316 68 14.4382
22 317 33 8.7976
22 318 25 7.0912
22 319 9 2.6855
22 320 292 65.9057
22 321 8 1.6034
22 322 2 0.4365
22 323 2 0.4470
22 324 7 1.4924
22 325 1 0.2057
22 326 343 76.3066
22 327 45 9.4364
22 328 134 32.0820
22 329 6 1.1880
22 330 195 43.5760
22 331 3 0.5720
22 333 2 0.4408
22 334 101 28.4116
22 335 584 162.3414
22 336 5 1.3998
22 337 76 16.9345
22 338 24 5.0536
22 339 10 1.5761
22 340 22 6.3832
22 341 32 6.3254
22 342 11 2.2263
22 343 20 3.7749
22 344 24 5.4865
22 345 42 8.1392
22 346 14 3.0744
22 347 122 27.8225
22 348 14 4.1285
22 349 45 9.0797
22 350 118 31.0127
22 351 55 11.5710
22 353 2 0.3188
22 354 61 17.9910
22 355 2 0.4305
22 356 9 1.9785
22 357 8 1.8825
22 358 14 3.0183
22 359 19 3.9948
22 360 6 1.4651
22 362 9 2.6606
22 363 102 22.0915
22 364 81 25.0787
22 365 17 4.1492
22 366 5 1.1763
22 367 23 6.4265
22 368 13 2.7728
22 369 15 3.3944
22 370 95 19.0455
22 371 233 61.2906
22 372 10 1.9155
22 373 2203 623.3114
22 374 54 12.1372
22 376 143 31.2664
22 377 27 6.2653
22 378 82 21.2053
22 379 20 4.2495
22 380 470 128.4910
22 381 146 45.8418
22 383 258 57.5219
23 0 31 6.3698
23 1 12 2.3399
23 2 2 0.4590
23 3 2 0.2735
23 4 99 19.6483
23 5 25 5.5739
23 6 48 16.8043
23 7 6 1.0239
23 8 10 1.8730
23 9 17 3.4794
23 10 3 0.9942
23 11 18 4.9390
23 12 13 2.9623
23 13 8 2.0648
23 14 5 1.7869
23 15 13 2.9357
23 16 19 4.2069
23 17 253 64.4162
23 18 6 1.5194
23 19 48 9.7470
23 20 274 61.6157
23 21 2 0.4270
23 22 1 0.1982
23 23 10 1.9843
23 24 17 5.3231
23 25 76 14.1474
23 26 256 54.1609
23 27 45 16.9644
23 28 3 0.5579
23 29 576 147.9168
23 30 4 1.2538
23 32 19 5.0632
23 33 39 8.1396
23 34 4 0.8619
23 35 55 9.1910
23 36 4 0.6330
23 37 70 15.2669
23 38 24 4.6441
23 40 104 42.0562
23 41 42 9.6157
23 42 2 0.4217
23 43 22 4.4752
23 44 32 11.9287
23 45 21 5.4069
23 46 23 4.9986
23 47 13 2.5040
23 48 259 76.7617
23 49 29 10.6296
23 50 190 36.7667
23 51 41 8.6559
23 52 25 7.1384
23 53 10 1.9300
23 54 18 4.6663
23 55 18 3.7333
23 56 6 1.8781
23 57 97 29.2281
23 58 5 1.3422
23 59 3 0.9434
23 61 17 3.3296
23 62 3 0.6946
23 63 2 0.3393
23 64 39 8.6641
23 65 1 0.1630
23 66 54 17.9867
23 67 60 17.8816
23 68 33 7.7285
23 69 22 4.8300
23 70 1 0.2337
23 71 8 1.6422
23 72 57 11.5273
23 73 37 7.3309
23 74 4 0.7841
23 75 5 1.2570
23 76 27 7.3795
23 77 1 0.1908
23 78 12 4.3665
23 79 20 5.4427
23 80 16 3.8686
23 81 21 4.4539
23 82 11 2.2571
23 84 17 3.4190
23 85 10 2.2162
23 86 9 1.9685
23 87 6 1.8820
23 88 28 10.3150
23 89 1 0.1526
23 90 14 2.8261
23 91 274 56.3225
23 92 50 12.2939
23 93 3 0.4834
23 94 13 3.0964
23 95 110 30.7732
23 96 34 7.4115
23 97 1247 299.5989
23 98 12 2.5101
23 99 6 1.1578
23 100 10 1.9142
23 101 26 5.8148
23 102 4 0.7834
23 103 56 14.2734
23 104 36 7.6995
23 105 6 0.7666
23 106 70 14.3119
23 107 8 1.6301
23 108 54 10.8012
23 109 22 5.5665
23 110 78 23.8594
23 111 5 1.6655
23 112 7 2.2211
23 113 161 50.0985
23 115 15 4.1422
23 116 26 6.6146
23 117 3 0.5767
23 118 98 20.6481
23 119 23 6.2337
23 120 132 26.8219
23 121 24 8.3470
23 122 11 2.0508
23 123 13 2.8087
23 124 2 0.4213
23 125 21 4.8309
23 126 20 4.4688
23 127 17 3.7222
23 128 294 63.7160
23 129 5 0.9997
23 130 18 3.7171
23 131 108 30.6751
23 132 11 3.2785
23 133 42 8.8398
23 134 15 3.8555
23 135 48 11.2392
23 136 9 1.6386
23 137 60 11.9273
23 139 12 3.5820
23 140 1 0.3967
23 141 7 1.3929
23 142 30 6.0160
23 143 56 16.6281
23 144 13 2.8599
23 146 11 3.0743
23 147 85 18.0321
23 148 5 1.9455
23 149 145 45.9426
23 150 25 7.4761
23 151 46 12.6455
23 152 269 76.6037
23 153 15 2.7548
23 154 58 18.4259
23 155 18 3.7767
23 156 16 5.3970
23 157 27 7.7790
23 159 7 1.1299
23 160 122 29.3389
23 162 27 6.8977
23 163 59 17.0247
23 164 13 3.0066
23 165 19 4.3176
23 166 26 7.5835
23 167 34 11.3058
23 168 38 7.8054
23 169 8 1.4689
23 170 7 1.8011
23 171 39 8.3309
23 172 13 4.2209
23 173 4 1.2327
23 174 37 7.8490
23 175 34 7.5154
23 176 17 3.5538
23 177 40 7.1065
23 179 1 0.3614
23 180 51 11.1922
23 181 9 1.7690
23 182 7 1.3979
23 183 13 2.7997
23 184 8 1.5448
23 185 7 1.3776
23 186 12 2.6644
23 187 19 4.0803
23 188 9 2.0560
23 189 50 14.6785
23 190 4 0.8760
23 191 81 23.1168
23 192 13 3.9912
23 193 1 0.1446
23 194 1 0.2469
23 195 3 0.7388
23 196 102 66.2976
23 197 11 2.1653
23 198 12 3.1731
23 199 54 14.6382
23 200 2 0.3765
23 201 11 2.1837
23 202 16 3.0680
23 204 5 0.8033
23 205 2162 611.2212
23 206 106 22.6631
23 207 54 17.4202
23 208 41 11.7662
23 209 187 39.8371
23 210 77 15.9335
23 211 16 4.3284
23 212 15 2.8886
23 213 8 2.4435
23 214 38 8.6150
23 215 11 2.7574
23 216 26 6.1393
23 217 9 1.6831
23 218 28 6.7114
23 219 832 201.8858
23 220 56 11.9956
23 221 6 1.0890
23 222 33 10.9858
23 223 5 0.8352
23 224 867 194.7329
23 225 14 3.0038
23 226 11 2.2155
23 227 6 1.1078
23 228 7 1.0285
23 230 7 1.3133
23 231 46 9.1893
23 232 4 0.8719
23 233 2 0.3042
23 235 24 3.9263
23 236 7 1.1313
23 237 3 0.4866
23 238 4 0.7582
23 239 4 0.6902
23 240 5 1.0234
23 242 35 8.8443
23 243 158 33.7603
23 245 65 13.1309
23 247 26 6.5849
23 248 3 0.5135
23 250 3 1.0394
23 251 9 1.8786
23 254 9 2.5362
23 255 93 19.6809
23 256 52 10.8631
23 257 240 50.4062
23 258 16 4.7501
23 259 47 9.0682
23 260 21 5.8464
23 263 22 4.2560
23 264 7 1.8796
23 265 17 3.3273
23 266 231 56.8112
23 267 6 1.4455
23 268 30 5.9137
23 269 4 1.3840
23 270 16 3.1220
23 271 642 142.4859
23 272 10 2.0361
23 273 50 10.8263
23 274 34 7.9463
23 275 13 3.0623
23 276 15 2.7362
23 277 319 79.9162
23 279 62 23.3588
23 281 10 3.0188
23 282 36 8.0971
23 283 138 27.5635
23 284 38 8.8203
23 285 48 10.0056
23 286 10 2.8642
23 287 6 1.7107
23 288 2 0.4577
23 290 11 2.7535
23 291 41 12.2553
23 292 68 14.4676
23 293 11 3.1342
23 294 57 15.4055
23 295 8 1.4196
23 296 28 10.6616
23 297 5 1.0134
23 298 30 6.6934
23 299 30 6.8808
23 300 3 0.6299
23 301 5 0.9763
23 302 12 2.3771
23 303 1 0.1931
23 304 6 1.3636
23 305 108 41.3794
23 306 113 22.9984
23 308 3 0.5990
23 309 27 6.4010
23 311 3 0.5578
23 313 24 9.3477
23 314 1 0.1852
23 315 90 19.2369
23 316 25 7.8194
23 317 55 11.3523
23 318 26 5.6384
23 319 3 1.2453
23 320 229 42.3470
23 322 93 28.4951
23 324 22 4.6614
23 325 20 4.9181
23 326 15 2.9905
23 328 7 1.3713
23 329 101 25.7231
23 330 8 1.9632
23 331 24 6.3284
23 332 148 32.4144
23 333 31 8.0791
23 334 11 2.2606
23 335 46 8.7670
23 336 27 5.9419
23 337 1 0.1794
23 338 21 4.0427
23 339 10 3.5916
23 341 1 0.1103
23 342 6 1.5022
23 343 2 0.5148
23 344 66 14.5105
23 345 44 9.5552
23 346 48 10.3224
23 347 91 18.5797
23 348 33 7.2230
23 349 5 1.0725
23 350 2 0.6831
23 351 40 8.3494
23 352 4 0.8661
23 353 3 0.6023
23 354 36 6.7502
23 355 9 1.8342
23 356 85 16.3266
23 357 33 7.9547
23 358 2477 638.1090
23 360 18 3.4227
23 361 24 5.0887
23 362 32 6.4090
23 363 6 1.5259
23 364 33 8.1578
23 365 19 5.6471
23 366 184 36.9126
23 367 41 8.3884
23 368 8 1.7618
23 370 44 12.7010
23 371 2 0.3750
23 372 232 103.3095
23 374 22 4.5920
23 375 47 9.4117
23 376 8 1.5161
23 377 28 6.1268
23 378 7 1.6395
23 379 7 1.6766
23 381 8 1.8569
23 382 67 14.1823
23 383 35 7.2105
24 0 19 4.1325
24 1 2 0.4402
24 2 223 50.3907
24 3 81 17.0622
24 4 5 1.5168
24 5 64 14.8517
24 6 24 6.9335
24 7 38 8.6588
24 8 4 0.8409
24 10 957 235.3225
24 11 8 1.6421
24 12 3 0.5623
24 13 21 4.6880
24 14 21 6.7313
24 15 236 53.6894
24 16 53 12.2486
24 19 28 5.5346
24 20 54 23.6642
24 22 195 43.6582
24 23 2 0.4216
24 24 25 5.5823
24 25 2 0.3702
24 27 36 8.1106
24 28 13 2.9244
24 30 7 1.7293
24 31 14 3.0780
24 32 41 9.0658
24 33 157 37.0453
24 34 18 3.9395
24 35 28 6.1000
24 36 25 5.5912
24 37 140 31.7784
24 38 2 0.4641
24 39 192 46.4480
24 40 1 0.2121
24 41 544 156.4982
24 42 71 17.1815
24 43 326 76.8615
24 44 1 0.1596
24 45 10 2.2753
24 46 9 1.8319
24 47 441 125.4399
24 48 87 18.3829
24 50 1 0.2531
24 51 27 6.1469
24 52 64 15.0478
24 53 4 0.8788
24 54 6 1.2315
24 55 7 1.7358
24 57 606 160.2952
24 58 7 1.6351
24 60 66 19.9777
24 61 31 7.3891
24 62 1 0.1947
24 63 22 4.6317
24 64 10 2.1847
24 66 254 72.7677
24 67 12 2.3936
24 70 2 0.8626
24 71 12 2.9564
24 72 66 13.0779
24 73 2 0.4342
24 76 11 2.4273
24 78 24 5.3217
24 79 4 1.0573
24 80 6 1.3578
24 81 1 0.1723
24 82 3 0.6815
24 83 17 3.7758
24 84 24 5.9231
24 86 37 7.8158
24 87 19 4.6968
24 88 37 9.9509
24 90 2 0.3663
24 91 55 12.4549
24 92 24 5.4681
24 93 14 3.0768
24 96 167 37.4191
24 97 8 2.4400
24 98 22 5.1457
24 99 1 0.2267
24 100 42 9.4614
24 101 2 0.5926
24 102 1 0.1718
24 103 50 12.5341
24 104 169 39.6379
24 105 176 55.0940
24 106 549 130.1816
24 107 22 4.2419
24 108 27 6.0389
24 109 10 2.5707
24 112 54 10.0320
24 113 25 5.6401
24 114 19 5.2421
24 115 24 6.2634
24 117 24 5.5684
24 118 4 1.1598
24 119 13 3.0826
24 120 9 1.9257
24 121 29 6.3623
24 122 52 16.0769
24 123 13 3.7374
24 124 60 13.6478
24 126 4 0.7411
24 127 73 16.2974
24 130 3 0.7674
24 131 9 1.8560
24 132 1 0.1676
24 133 58 13.2474
24 134 31 7.5564
24 135 198 43.9971
24 136 20 4.2115
24 138 78 19.7893
24 139 342 81.4888
24 141 23 5.3184
24 143 26 6.2379
24 145 28 7.3370
24 146 589 144.0199
24 147 348 85.5675
24 149 1 0.2580
24 150 26 5.9322
24 154 24 5.1954
24 155 31 6.6621
24 157 4 0.9215
24 158 79 16.7096
24 159 12 2.4324
24 160 1 0.4349
24 161 104 22.3340
24 162 78 18.5777
24 163 16 3.3843
24 164 13 3.2988
24 165 20 4.9813
24 166 9 2.3781
24 167 31 7.4391
24 168 3 0.6122
24 169 6 1.3211
24 170 9 2.1438
24 171 4 0.7425
24 172 4 0.8359
24 173 18 3.9557
24 175 50 10.8780
24 177 3 0.6779
24 178 10 2.3141
24 179 1 0.1921
24 181 42 11.3116
24 182 8 1.7267
24 183 87 35.5266
24 184 32 6.4303
24 185 58 20.5515
24 186 3 0.5965
24 187 22 4.7545
24 188 4 0.9477
24 189 120 26.7849
24 190 72 17.1249
24 191 51 12.6254
24 192 96 21.5393
24 193 24 5.3073
24 194 1 0.2033
24 195 13 3.0684
24 196 16 4.4679
24 197 17 3.7355
24 198 42 9.4761
24 199 94 21.3664
24 201 22 5.5037
24 202 21 5.4462
24 203 9 1.9708
24 204 164 43.2551
24 205 3 0.5872
24 206 2 0.4781
24 208 143 33.9890
24 209 54 13.4386
24 211 13 2.9775
24 212 39 9.2407
24 213 43 9.6804
24 214 52 11.5143
24 215 11 2.4629
24 216 83 17.6729
24 217 1 0.2631
24 218 8 1.9086
24 219 314 68.7785
24 220 2 0.4038
24 221 22 4.4980
24 222 16 3.6991
24 223 1056 301.8539
24 224 27 6.5795
24 225 480 104.2799
24 227 7 1.4178
24 229 18 4.2150
24 230 17 3.8263
24 231 61 12.7379
24 232 211 45.9761
24 233 69 20.6734
24 234 3 0.5949
24 235 5 1.1697
24 236 4 0.8269
24 237 103 20.0961
24 238 43 9.6036
24 240 19 4.2782
24 241 4 0.8684
24 242 1 0.1743
24 244 40 9.6824
24 245 11 2.6149
24 246 123 27.4142
24 247 24 5.8350
24 248 9 2.0361
24 249 664 157.2237
24 251 2 0.4906
24 252 390 97.2692
24 253 28 5.9042
24 255 36 7.7580
24 257 86 18.6788
24 258 3 0.6578
24 259 10 2.1931
24 261 1 0.1883
24 262 18 4.1919
24 263 32 7.8772
24 264 51 11.5829
24 265 79 17.2852
24 266 205 50.0786
24 268 14 2.8895
24 269 95 26.2824
24 271 2 0.5336
24 272 10 3.7772
24 273 73 14.0352
24 274 8 1.7444
24 275 40 10.7318
24 276 53 12.5524
24 277 4 1.0436
24 278 161 42.1656
24 280 1 0.2563
24 281 69 17.2862
24 283 349 80.6429
24 284 80 24.7549
24 285 122 39.2279
24 287 9 1.6108
24 289 1 0.1958
24 290 72 17.3786
24 291 14 3.5194
24 292 139 30.9964
24 293 3 0.6967
24 294 32 7.5221
24 296 119 24.6404
24 297 15 3.2369
24 298 3 0.6496
24 299 45 9.9607
24 300 14 2.7976
24 301 7 1.6708
24 302 21 5.2516
24 303 1 0.2347
24 304 20 4.1261
24 306 14 2.9090
24 307 9 1.8016
24 311 121 25.1653
24 312 1 0.2268
24 313 53 14.2372
24 314 38 9.4367
24 315 135 28.8515
24 316 36 8.1633
24 317 91 21.6451
24 318 64 15.8087
24 319 2 0.5245
24 320 29 6.5969
24 321 117 42.0882
24 322 10 1.9608
24 323 6 1.5576
24 324 113 25.9554
24 325 29 7.1144
24 326 98 28.3755
24 327 4 0.9216
24 328 11 3.1872
24 330 6 1.1645
24 331 45 9.6912
24 332 244 65.8376
24 333 127 26.6930
24 334 2 0.4584
24 335 10 2.1376
24 336 23 5.3588
24 337 1 0.2214
24 338 91 20.7215
24 339 11 2.2515
24 341 4 0.8009
24 342 38 14.3611
24 343 18 4.8201
24 344 10 2.4662
24 345 31 6.0564
24 346 895 222.9522
24 347 6 1.1141
24 351 27 6.9668
24 353 69 19.3357
24 354 20 4.0646
24 355 144 30.2911
24 356 20 4.4645
24 358 43 13.7386
24 359 24 5.3432
24 361 1 0.2102
24 362 19 5.6646
24 363 8 2.6171
24 364 12 3.7128
24 365 16 3.6822
24 366 1 0.1945
24 367 616 230.3876
24 368 2 0.5395
24 369 71 16.1497
24 370 2 0.4405
24 372 4 0.9689
24 373 1 0.2322
24 375 17 4.3812
24 376 12 2.9579
24 377 2 0.6785
24 378 13 2.7691
24 379 8 1.5835
24 382 51 11.5645
25 0 1 0.2515
25 1 17 4.4788
25 3 5 1.0611
25 4 83 18.5950
25 6 4 0.8615
25 7 491 136.6206
25 8 1 0.2049
25 11 35 9.1302
25 12 3 0.5718
25 13 30 7.7348
25 14 6 1.4843
25 15 70 19.7714
25 16 182 39.9303
25 17 14 2.8885
25 18 6 1.2037
25 20 288 74.6747
25 21 102 23.0375
25 23 358 79.2701
25 24 24 5.8686
25 27 1 0.1755
25 29 5 0.9394
25 31 1 0.2415
25 32 140 29.3025
25 33 103 26.5258
25 34 23 4.7992
25 35 18 4.4087
25 36 14 4.5765
25 37 34 7.7147
25 40 8 1.8233
25 41 19 4.2298
25 42 54 12.2557
25 43 26 5.4379
25 45 3 0.6865
25 47 31 8.0585
25 48 1 0.1845
25 51 2 0.4414
25 52 1 0.2569
25 53 3 0.7299
25 54 42 11.3584
25 55 76 21.3135
25 56 3 0.7171
25 58 245 54.7907
25 60 34 7.8033
25 61 9 2.0587
25 62 34 7.6883
25 63 26 8.8914
25 64 9 1.8575
25 65 7 1.4645
25 66 19 4.3996
25 67 55 12.5975
25 68 2 0.4577
25 71 12 2.3303
25 72 2 0.3202
25 73 49 12.1906
25 74 25 5.8008
25 75 207 51.6178
25 80 6 1.3117
25 82 73 15.2257
25 83 9 2.0040
25 85 1 0.3629
25 86 882 198.9904
25 87 4 0.9219
25 88 1 0.2409
25 89 38 8.6067
25 90 35 9.4526
25 91 1 0.2555
25 92 14 2.6892
25 93 9 1.9034
25 94 162 33.2704
25 96 8 1.7355
25 97 113 26.0340
25 98 68 14.6575
25 99 73 19.1734
25 101 12 2.8223
25 102 7 1.6264
25 103 222 45.8988
25 104 1 0.2080
25 105 4 0.7506
25 106 322 77.7340
25 107 14 3.3879
25 108 1 0.2280
25 110 28 6.7983
25 111 738 235.2977
25 112 74 18.4351
25 113 5 1.1007
25 114 14 3.5148
25 115 190 44.8060
25 116 5 1.1231
25 117 3 0.7084
25 120 10 2.3168
25 121 33 8.1382
25 122 34 6.7845
25 123 1 0.1795
25 124 116 25.4031
25 125 8 1.7156
25 127 10 2.3364
25 128 204 58.1342
25 130 13 3.1302
25 131 9 1.8317
25 132 8 1.4481
25 133 9 1.7896
25 134 106 21.6336
25 135 41 9.2828
25 136 86 20.3053
25 138 11 2.1291
25 139 81 19.3237
25 140 85 22.8652
25 141 16 3.1680
25 142 25 5.9101
25 143 15 3.2310
25 144 49 10.6790
25 145 11 2.1916
25 146 8 1.7520
25 147 22 4.8551
25 148 27 6.3484
25 149 3 0.6419
25 150 39 8.8051
25 151 194 44.3463
25 152 105 24.6082
25 153 30 6.8921
25 156 70 16.8697
25 157 14 3.8235
25 158 6 1.3399
25 159 47 10.9881
25 160 99 22.5907
25 161 33 7.6145
25 162 31 6.4950
25 163 70 16.3189
25 164 674 195.4063
25 165 107 23.6804
25 166 66 15.0324
25 167 52 11.9372
25 168 69 15.5475
25 169 2 0.3680
25 171 89 31.3260
25 174 9 1.8754
25 177 40 9.6045
25 178 185 44.7134
25 179 32 7.3527
25 180 9 2.1858
25 181 7 1.6974
25 182 69 15.8103
25 184 124 27.7168
25 185 2 0.4670
25 186 43 9.2034
25 187 39 8.5153
25 188 11 2.1756
25 189 62 13.5718
25 192 27 8.7602
25 195 1 0.1745
25 197 50 13.9606
25 198 3 0.7068
25 199 238 56.1560
25 200 7 1.2865
25 203 2 0.4781
25 204 25 5.9395
25 205 78 18.5975
25 208 223 69.4966
25 209 26 5.9381
25 210 98 21.8506
25 211 152 42.8025
25 213 16 3.5124
25 214 27 6.4544
25 215 177 40.3142
25 216 74 18.1691
25 217 17 3.7383
25 220 192 46.1181
25 221 24 5.7375
25 222 14 3.0698
25 223 3 0.7192
25 224 1 0.1245
25 225 37 8.3829
25 226 2 0.3865
25 227 15 3.0475
25 228 11 2.1081
25 229 7 1.6295
25 230 47 10.1169
25 231 122 30.9440
25 232 3 0.6322
25 233 88 25.4144
25 234 2 0.4298
25 235 122 26.9780
25 236 1 0.2741
25 237 89 27.5735
25 238 19 3.6847
25 239 42 10.1502
25 241 6 1.2222
25 242 737 160.7392
25 244 109 26.6606
25 246 29 6.4585
25 247 25 5.3929
25 248 20 4.5262
25 249 41 9.1462
25 250 95 22.7095
25 251 239 49.3955
25 252 66 15.1973
25 253 64 13.6126
25 256 9 1.6248
25 257 13 2.8310
25 260 270 59.6997
25 261 98 21.4914
25 263 41 9.4644
25 265 46 10.3357
25 266 30 7.1376
25 269 32 6.3064
25 270 47 10.4406
25 271 69 16.8345
25 272 74 18.3147
25 273 6 1.1777
25 274 13 2.8822
25 276 38 9.3730
25 277 42 10.2617
25 279 85 20.1211
25 283 17 4.0150
25 286 32 6.2273
25 287 105 23.0918
25 288 237 49.6127
25 290 28 6.3049
25 291 144 32.6045
25 293 693 234.2352
25 294 41 9.3354
25 295 8 1.7675
25 299 40 9.6718
25 300 23 5.9245
25 301 393 90.9226
25 302 140 28.3807
25 303 88 18.8409
25 304 32 8.7791
25 305 62 13.7376
25 306 56 12.9008
25 307 2 0.4566
25 309 3 0.6409
25 310 279 62.2266
25 311 1 0.2264
25 312 19 4.6001
25 315 39 10.1816
25 316 10 2.1796
25 318 21 4.8482
25 320 42 10.6427
25 321 228 57.3805
25 322 2 0.4722
25 323 203 51.3459
25 324 17 4.8247
25 325 18 4.0885
25 326 4 0.8883
25 327 13 3.0086
25 328 104 29.2650
25 330 28 6.2199
25 331 113 30.8732
25 332 3 0.6796
25 333 114 34.9393
25 334 1 0.2368
25 335 31 7.1219
25 336 77 19.7033
25 337 280 91.0288
25 339 4 0.9925
25 340 5 1.2797
25 344 16 2.9166
25 346 3 0.5903
25 348 5 0.9105
25 349 236 61.6144
25 351 23 4.9966
25 352 24 5.4311
25 354 8 1.3902
25 356 38 8.1171
25 357 29 6.9165
25 358 493 119.9839
25 359 670 226.4659
25 360 245 53.5170
25 362 5 1.1453
25 364 93 26.4392
25 365 15 2.7470
25 367 6 1.4356
25 368 5 0.9754
25 370 7 1.5614
25 371 23 4.9657
25 372 2 0.4470
25 373 8 1.7857
25 374 4 0.8314
25 375 4 0.8439
25 376 1 0.2368
25 377 1 0.1717
25 381 100 23.1002
25 382 5 1.0760
25 383 45 10.0513
26 0 109 24.9218
26 1 1 0.1815
26 2 13 3.6859
26 3 4 0.8766
26 4 181 41.4780
26 6 3 0.5433
26 7 13 3.4998
26 8 14 2.9171
26 9 1 0.1979
26 11 44 9.4411
26 12 356 78.3207
26 14 60 13.7309
26 15 149 46.3758
26 16 39 8.8946
26 17 53 11.8421
26 20 74 16.3284
26 25 5 0.9364
26 26 57 11.6129
26 27 367 91.9597
26 28 54 12.7475
26 29 133 33.1880
26 30 24 6.5696
26 31 6 1.4878
26 32 6 1.1958
26 33 2 0.4268
26 34 3 0.6870
26 36 24 5.1303
26 37 442 118.8188
26 38 2 0.2622
26 39 67 17.7677
26 40 18 3.8019
26 41 121 27.0376
26 42 32 7.5670
26 43 33 7.1044
26 44 13 2.8091
26 45 16 3.2054
26 46 25 5.4207
26 47 7 1.4214
26 48 89 20.9543
26 49 18 4.1590
26 50 3 0.6273
26 51 273 79.4492
26 54 82 17.8083
26 60 39 8.8388
26 61 4 0.8433
26 62 3 0.6845
26 63 4 0.8402
26 64 2 0.4485
26 66 5 1.0548
26 68 60 13.4727
26 69 190 43.4521
26 70 57 19.3433
26 74 50 11.5395
26 75 3 0.6485
26 76 63 18.7908
26 77 19 3.7433
26 78 7 1.5378
26 79 37 7.8813
26 80 9 1.8239
26 81 26 5.8903
26 82 9 1.8607
26 83 13 2.8526
26 84 22 4.9707
26 85 3 0.6967
26 86 4 0.8995
26 87 48 10.5169
26 88 10 2.0569
26 89 12 2.5775
26 90 119 26.3585
26 91 14 3.0974
26 92 51 9.2762
26 93 846 194.9196
26 94 5 1.0744
26 95 38 8.7759
26 97 101 24.7796
26 100 18 4.0664
26 101 41 8.5892
26 102 7 1.4547
26 103 7 1.5813
26 104 13 2.6783
26 105 230 68.7147
26 106 63 17.2227
26 107 60 14.1085
26 108 4 0.8931
26 109 1 0.1853
26 110 2 0.3495
26 112 14 3.3563
26 115 3 0.5352
26 116 853 202.8853
26 118 22 5.1380
26 119 1 0.1670
26 120 83 21.2858
26 121 8 1.5854
26 122 102 22.6616
26 123 2 0.4688
26 124 7 1.5779
26 125 12 2.8497
26 126 8 1.8240
26 127 18 3.6404
26 128 61 12.6537
26 129 8 1.7822
26 130 1 0.2084
26 133 150 33.7383
26 134 258 72.6060
26 135 21 3.9456
26 136 105 28.1634
26 137 37 7.8863
26 138 9 1.9554
26 139 17 4.1288
26 140 29 8.9465
26 142 48 10.6875
26 145 80 18.6573
26 147 8 1.6917
26 148 30 6.2107
26 149 28 6.0413
26 151 75 17.0537
26 152 13 2.9056
26 153 147 33.0717
26 155 5 1.3898
26 156 19 4.5881
26 157 101 24.4259
26 159 209 59.8445
26 160 70 14.9466
26 162 16 3.5656
26 164 3 0.6471
26 165 7 1.2777
26 166 62 14.4217
26 167 70 14.8065
26 168 5 1.2814
26 169 181 58.7540
26 170 9 1.8052
26 171 41 9.3855
26 173 250 60.0886
26 174 2 0.5047
26 175 1 0.1975
26 176 145 32.1873
26 177 44 11.1888
26 178 107 25.7088
26 179 36 8.2184
26 181 9 1.9103
26 183 11 2.1587
26 184 2 0.3554
26 185 78 24.5122
26 186 333 78.3865
26 187 60 11.8846
26 188 5 1.0957
26 189 2 0.4718
26 190 15 3.4407
26 191 43 9.0257
26 192 380 85.6423
26 193 3 0.5846
26 194 31 7.8560
26 195 1 0.1469
26 197 5 1.1099
26 198 214 49.2091
26 199 41 8.1507
26 200 537 133.2098
26 202 49 11.7837
26 203 1 0.1131
26 204 26 6.1890
26 205 73 16.6703
26 206 651 223.6738
26 207 11 2.8099
26 208 9 1.9895
26 209 37 8.4969
26 211 127 28.6093
26 213 2 0.4293
26 214 11 2.7314
26 215 3 0.7468
26 216 15 3.6049
26 217 48 10.5435
26 220 4 0.9172
26 221 7 1.5074
26 223 25 5.9466
26 224 2 0.5024
26 225 2 0.4640
26 227 192 44.7735
26 228 357 120.8535
26 230 6 1.4574
26 231 10 2.0395
26 233 6 1.4397
26 235 5 1.0112
26 236 39 8.4446
26 237 292 67.9816
26 239 154 35.2839
26 240 7 1.5616
26 241 342 79.1124
26 242 27 7.1157
26 244 17 4.7986
26 245 28 5.7492
26 247 6 1.2744
26 248 51 12.0034
26 249 9 2.1094
26 250 24 5.0585
26 251 30 7.7719
26 252 69 15.9981
26 254 75 16.9343
26 256 34 7.6148
26 257 25 5.8396
26 258 62 13.4471
26 259 240 63.9011
26 260 2 0.3574
26 262 4 0.9327
26 263 14 2.9905
26 265 895 275.1840
26 266 21 4.7250
26 267 1 0.2369
26 268 9 1.9293
26 269 25 5.4618
26 270 25 5.6832
26 272 92 24.5936
26 273 6 1.2805
26 274 17 4.5011
26 276 381 108.0851
26 277 43 9.5725
26 279 2 0.5107
26 280 385 107.7678
26 281 43 10.5720
26 283 88 19.2350
26 284 19 4.5905
26 285 6 1.3218
26 288 52 12.2990
26 289 2 0.4566
26 290 52 11.6541
26 292 9 2.1486
26 293 15 3.1536
26 295 2 0.4840
26 297 37 7.7996
26 298 6 1.3241
26 299 8 1.8259
26 302 10 2.1039
26 303 36 8.0469
26 304 60 12.2778
26 305 6 1.2895
26 307 31 6.9884
26 308 2 0.4243
26 309 166 41.7494
26 310 15 3.5557
26 311 46 9.4974
26 314 3 0.7731
26 315 37 9.5309
26 317 43 10.0633
26 319 5 1.0221
26 320 6 1.2178
26 322 1 0.1472
26 323 23 5.3273
26 325 61 15.4712
26 327 21 4.3798
26 328 44 10.4761
26 330 24 5.2922
26 331 45 11.6217
26 332 58 13.8874
26 333 149 30.9214
26 334 82 22.9837
26 336 50 13.4924
26 338 7 1.6366
26 340 12 2.7448
26 341 151 36.6559
26 342 5 1.1392
26 343 172 41.9076
26 345 63 14.6623
26 347 68 16.2487
26 348 42 9.7218
26 349 79 18.5230
26 351 48 11.9560
26 353 31 6.3524
26 357 8 1.5819
26 358 22 5.1744
26 360 9 1.9462
26 361 437 101.9591
26 362 55 13.5327
26 364 19 4.7520
26 365 32 7.6119
26 366 2 0.4628
26 367 19 5.8984
26 368 36 8.7656
26 369 167 38.9724
26 370 18 4.3769
26 371 113 27.4764
26 372 8 1.8756
26 373 24 5.5217
26 374 1 0.1629
26 376 50 11.2736
26 377 40 9.7854
26 379 1 0.2220
26 380 202 40.7953
26 381 3 0.6753
26 382 9 2.1606
26 383 34 9.3247
27 2 63 19.3963
27 3 110 30.1277
27 4 23 4.9183
27 5 143 37.7308
27 6 2 0.6709
27 7 8 1.6652
27 8 22 4.3618
27 9 161 45.9549
27 10 158 52.2359
27 11 2 0.6005
27 12 86 18.8676
27 14 6 1.2516
27 16 4 0.8296
27 18 255 58.4687
27 19 8 1.7685
27 20 5 0.8478
27 21 1 0.2312
27 22 29 6.1106
27 23 172 39.7540
27 24 1 0.1758
27 25 35 8.1988
27 27 16 4.3590
27 28 40 12.1574
27 29 14 3.8264
27 30 2 0.4532
27 31 3 0.5632
27 32 1 0.2405
27 33 4 0.9320
27 34 2 0.3800
27 36 2 0.3882
27 37 10 1.9556
27 39 12 2.9840
27 40 36 7.7372
27 41 25 5.8540
27 43 94 38.4630
27 44 2 0.4881
27 45 508 144.0847
27 46 43 9.2253
27 47 50 9.9080
27 48 6 1.8972
27 49 21 5.5944
27 50 48 11.0508
27 51 20 4.1243
27 52 133 30.5715
27 53 9 2.0079
27 54 51 13.2750
27 55 47 10.9783
27 57 286 75.5764
27 58 5 1.1675
27 59 7 1.6201
27 60 4 0.7819
27 61 44 9.7374
27 62 108 24.6724
27 63 213 51.8443
27 64 34 8.1886
27 66 68 14.4486
27 67 2 0.4678
27 68 17 4.0589
27 69 164 46.0724
27 70 19 4.3434
27 72 17 3.7748
27 73 9 1.6642
27 74 3 0.7093
27 76 26 5.9326
27 77 167 40.7641
27 78 36 8.1880
27 79 35 7.3344
27 80 4 1.1848
27 81 2 0.3715
27 82 4 1.4708
27 83 1 0.2244
27 84 1 0.2325
27 85 12 3.1037
27 86 227 56.1827
27 87 3 0.7882
27 88 169 39.0249
27 89 194 47.5526
27 90 94 20.6203
27 91 11 2.5894
27 92 13 3.0228
27 93 40 8.3463
27 94 1 0.2035
27 95 1 0.1718
27 96 2 0.4378
27 98 5 0.7659
27 100 4 0.8168
27 101 319 83.8580
27 103 99 31.4399
27 104 127 28.1537
27 105 170 39.8280
27 106 8 1.7962
27 107 45 9.8368
27 108 1 0.2201
27 109 3 0.6373
27 110 29 6.5250
27 111 12 2.8388
27 113 24 6.5307
27 114 5 0.9126
27 115 66 14.7922
27 116 94 24.6633
27 117 7 1.2981
27 119 5 1.0656
27 120 1 0.1937
27 121 11 2.4780
27 122 11 2.6015
27 123 1 0.2582
27 124 12 2.5202
27 125 276 61.1230
27 126 20 5.1422
27 128 98 20.3964
27 129 137 30.7831
27 130 36 7.5770
27 131 40 9.4945
27 132 2 0.4666
27 133 12 2.5582
27 134 5 1.0114
27 135 42 9.9239
27 136 39 8.6384
27 137 15 3.9532
27 138 1 0.1957
27 139 3 0.6738
27 140 18 5.8273
27 141 5 1.2585
27 142 26 5.3139
27 143 19 4.9972
27 145 10 2.2767
27 146 263 57.8669
27 147 132 29.5020
27 148 1133 295.4158
27 149 12 3.1833
27 151 53 10.9739
27 152 89 19.5460
27 153 60 14.2331
27 154 394 120.0508
27 157 1 0.2320
27 158 14 3.4914
27 159 1 0.2165
27 160 9 2.5728
27 161 7 1.3441
27 163 9 2.3354
27 164 8 1.8453
27 165 65 14.3726
27 166 2 0.4142
27 167 9 1.6988
27 168 45 9.2952
27 169 34 7.4635
27 170 5 1.6551
27 171 7 1.7039
27 173 5 1.5942
27 174 19 4.5156
27 175 4 1.0026
27 176 26 5.7782
27 177 323 75.3923
27 178 18 4.0238
27 179 28 6.2956
27 180 11 2.1461
27 182 49 16.0874
27 183 6 1.4685
27 184 2 0.4350
27 186 219 49.1233
27 187 5 1.2761
27 188 32 7.0142
27 189 55 10.2630
27 191 3 0.4923
27 192 2 0.3446
27 193 1 0.1448
27 194 348 78.9109
27 195 7 1.2997
27 196 4 0.8434
27 197 8 2.1822
27 198 74 16.3291
27 199 24 5.7159
27 200 21 5.9527
27 201 65 11.4982
27 202 33 7.3162
27 203 6 1.1067
27 204 20 4.6610
27 205 18 5.0902
27 207 66 13.9183
27 208 26 5.4149
27 209 27 4.6511
27 210 16 3.6167
27 211 24 4.9849
27 214 771 184.5583
27 215 3 0.6133
27 216 45 9.5121
27 217 6 1.2565
27 218 118 28.4455
27 220 76 16.3914
27 221 8 1.7342
27 222 46 10.6455
27 223 8 2.0728
27 224 26 5.8325
27 225 17 3.7993
27 226 1 0.1461
27 228 24 6.6538
27 229 3 0.5854
27 230 7 1.4906
27 231 45 18.2087
27 232 2 0.4690
27 233 46 10.5652
27 234 1 0.2261
27 235 7 1.3985
27 236 2 0.3618
27 237 24 7.7357
27 239 2 0.3206
27 240 31 8.3535
27 241 78 16.9119
27 242 24 6.2502
27 243 47 10.4488
27 244 45 9.8922
27 245 12 2.4921
27 246 51 11.5323
27 247 4 1.8130
27 248 35 7.4772
27 249 38 8.6146
27 250 113 26.3378
27 251 24 5.9427
27 252 2 0.3750
27 253 79 20.1287
27 254 22 4.9581
27 255 84 19.5834
27 256 68 16.3264
27 257 30 5.9736
27 258 4 0.7453
27 259 563 139.4111
27 261 7 2.6272
27 262 2 0.4452
27 263 104 22.2844
27 264 1 0.2278
27 265 13 2.7712
27 266 30 6.9063
27 267 4 0.6737
27 268 61 13.5016
27 270 8 1.5929
27 271 186 43.9530
27 272 4 0.9810
27 273 51 11.0473
27 274 45 9.3927
27 275 5 1.2388
27 276 14 2.7621
27 277 3 0.6218
27 278 36 7.9479
27 279 11 2.5493
27 280 82 18.9191
27 281 21 5.1156
27 282 22 4.7088
27 283 75 15.9375
27 284 9 2.0518
27 285 40 9.0494
27 287 10 2.2593
27 289 178 40.4677
27 291 75 18.0826
27 292 80 18.0104
27 293 3 0.3859
27 294 1 0.2392
27 295 8 1.8777
27 296 50 11.8181
27 297 84 18.0263
27 298 42 9.7966
27 299 6 1.2170
27 301 9 2.3859
27 302 6 1.2755
27 303 39 7.4221
27 304 26 12.7934
27 305 59 13.1954
27 306 84 27.7278
27 307 7 1.5032
27 308 539 124.7627
27 309 2 0.3968
27 310 14 3.4678
27 311 1 0.2266
27 312 25 6.4837
27 313 18 4.1450
27 314 45 15.0088
27 315 181 40.7355
27 319 2 0.6216
27 320 2 0.4737
27 321 34 8.9842
27 322 25 6.3183
27 323 4 0.7095
27 324 27 6.2544
27 326 96 21.3909
27 327 29 7.0927
27 328 70 17.0475
27 329 22 5.1465
27 330 1 0.1851
27 331 77 22.3349
27 333 3 0.6741
27 334 4 0.9351
27 335 30 5.7799
27 336 1095 358.4666
27 337 3 0.7084
27 338 17 4.0487
27 339 6 1.3432
27 341 6 1.2718
27 342 11 2.4826
27 343 47 10.4381
27 344 11 2.0920
27 345 3 0.5693
27 346 20 4.7091
27 347 6 1.4181
27 349 1 0.1846
27 351 11 2.5171
27 352 9 1.7849
27 353 29 6.7101
27 354 3 0.6079
27 355 130 29.6677
27 357 1 0.1669
27 358 35 11.5572
27 359 36 8.5129
27 360 12 2.7183
27 361 41 9.4348
27 362 196 55.6789
27 363 344 97.1470
27 365 17 4.1849
27 366 14 3.0160
27 367 20 4.2311
27 368 65 13.3347
27 369 5 1.0877
27 370 2 0.4256
27 371 8 1.8874
27 373 116 35.0484
27 374 13 2.8294
27 375 18 5.8412
27 376 1 0.1783
27 377 4 1.1321
27 378 6 1.1330
27 379 17 3.2579
27 380 4 0.8635
27 381 6 1.2835
27 382 157 34.1731
27 383 100 21.1732
28 2 29 6.8298
28 3 22 4.9063
28 5 1 0.2085
28 7 76 18.5840
28 8 3 0.7587
28 9 49 12.6887
28 10 3 0.6165
28 11 248 65.2802
28 12 3 0.7269
28 13 3 0.7039
28 15 136 30.4019
28 16 17 4.5056
28 18 11 3.8969
28 19 3 0.7061
28 22 85 19.5282
28 25 6 1.3749
28 26 8 1.9194
28 27 6 1.4768
28 29 9 1.9546
28 30 27 6.5473
28 31 6 1.2686
28 32 110 23.2458
28 34 70 16.7470
28 36 3 0.8051
28 38 20 4.9936
28 39 43 10.2934
28 40 148 34.5732
28 41 57 12.0734
28 43 44 10.5398
28 44 73 16.7798
28 45 7 1.7969
28 46 34 8.0660
28 47 9 2.1513
28 48 31 7.2237
28 49 36 12.9877
28 50 91 22.9075
28 51 73 17.4610
28 52 403 94.5352
28 53 43 11.2060
28 55 13 3.2189
28 56 56 9.9707
28 57 183 43.3231
28 58 134 32.1174
28 59 221 66.8028
28 60 5 1.3481
28 61 19 5.0219
28 63 6 1.3709
28 64 3 0.7634
28 65 16 3.9762
28 67 103 36.0005
28 69 6 1.1850
28 70 21 6.1527
28 71 12 2.4559
28 72 60 12.2164
28 73 66 13.1512
28 74 10 2.5038
28 75 15 4.3768
28 76 1 0.1502
28 78 90 20.8898
28 79 5 0.9754
28 80 25 5.9460
28 81 5 1.4328
28 82 223 51.1727
28 83 27 6.6082
28 84 17 3.5934
28 85 52 11.4962
28 86 8 1.5990
28 87 40 7.9307
28 88 23 5.1227
28 89 44 12.7410
28 90 39 8.9295
28 91 121 29.8690
28 92 999 247.8334
28 93 2 0.3490
28 94 67 15.3505
28 96 84 21.5531
28 97 6 1.6419
28 98 69 18.8302
28 101 432 98.3008
28 105 13 3.0007
28 108 15 2.6632
28 109 8 1.8759
28 110 65 14.4330
28 112 4 1.2543
28 113 9 1.8747
28 115 3 0.7004
28 116 15 2.6989
28 117 2 0.3684
28 118 460 103.7821
28 119 6 1.2495
28 120 22 5.1269
28 121 5 1.2162
28 122 22 5.1923
28 124 2 0.4240
28 125 17 4.5659
28 126 142 45.3363
28 127 63 14.0997
28 128 1 0.3118
28 129 78 23.7540
28 130 102 22.6871
28 135 23 6.2912
28 136 7 1.7149
28 137 432 120.1058
28 138 97 30.1887
28 139 94 21.1537
28 140 22 4.4021
28 141 111 25.9992
28 142 27 6.1255
28 143 17 3.4857
28 144 15 3.2603
28 147 58 17.5729
28 148 2 0.3939
28 149 3 0.7415
28 150 49 12.5225
28 151 9 2.6245
28 153 258 76.2486
28 154 14 3.2699
28 158 8 1.5011
28 159 65 14.4650
28 161 3 0.5983
28 163 10 2.6397
28 165 2 0.3158
28 166 25 5.9063
28 167 9 2.0029
28 169 63 12.8851
28 170 103 24.0021
28 171 13 2.9798
28 172 1 0.1526
28 173 5 1.1307
28 174 2 0.4258
28 175 291 76.7916
28 176 16 2.9169
28 177 13 3.2083
28 178 14 2.8153
28 179 69 16.6354
28 180 18 3.4542
28 182 20 5.7130
28 183 1 0.2359
28 184 93 22.7097
28 186 1 0.0793
28 187 58 12.7422
28 188 1 0.2073
28 189 121 31.0334
28 190 12 2.5464
28 192 24 6.1802
28 193 94 22.9701
28 194 11 2.2102
28 196 3 0.8203
28 197 2 0.3662
28 198 8 1.9748
28 199 76 16.7212
28 200 22 4.8979
28 202 4 1.0727
28 203 16 3.4090
28 205 3 0.7696
28 206 10 2.4384
28 207 23 6.0442
28 208 3 0.6468
28 209 1 0.1734
28 210 3 0.6706
28 211 132 32.2343
28 212 35 7.4623
28 213 1 0.3035
28 214 197 43.0858
28 215 33 6.8277
28 216 7 1.8359
28 218 2 0.5167
28 219 1 0.2054
28 220 49 10.6855
28 221 186 39.2846
28 222 82 18.5758
28 223 15 4.2859
28 224 21 5.5207
28 225 6 1.2437
28 226 77 20.8630
28 227 16 3.4545
28 228 12 2.7112
28 229 17 3.3955
28 230 81 18.8969
28 232 60 14.8697
28 233 27 5.2831
28 234 24 6.1075
28 235 156 37.4652
28 238 20 4.8296
28 239 6 1.3681
28 240 32 8.0888
28 242 172 42.2285
28 243 149 32.3035
28 244 4 0.7001
28 245 1 0.2658
28 246 223 49.5706
28 247 11 2.5880
28 248 41 10.9472
28 249 306 97.0278
28 251 246 57.3931
28 252 128 29.8923
28 253 266 61.5712
28 254 10 2.2399
28 256 1 0.2233
28 257 9 2.4319
28 258 3 0.5864
28 259 19 4.2996
28 261 14 2.6548
28 262 884 245.9642
28 263 38 9.2139
28 264 7 1.6231
28 265 3 0.6788
28 268 2 0.5584
28 269 20 6.1987
28 270 3 0.3956
28 271 115 40.4620
28 272 10 2.3586
28 273 16 3.2698
28 274 51 10.0906
28 275 60 20.9211
28 276 39 9.2870
28 277 37 8.7995
28 278 7 1.5024
28 280 16 3.9950
28 281 3 0.5138
28 282 6 1.4129
28 283 114 27.8967
28 284 5 1.1092
28 285 41 8.9438
28 286 16 3.9165
28 287 25 4.4583
28 289 68 16.4518
28 290 1 0.2000
28 291 69 16.2841
28 293 6 1.1961
28 294 86 16.2174
28 295 90 21.5247
28 296 351 82.9160
28 297 23 4.7949
28 298 10 2.4664
28 299 2 0.3583
28 300 102 24.5253
28 302 14 3.0419
28 303 44 7.5692
28 304 25 5.4815
28 305 3 0.6296
28 308 91 21.3764
28 309 1 0.2391
28 310 19 4.4864
28 311 23 5.3636
28 312 32 7.2127
28 313 5 0.8555
28 314 100 22.3421
28 315 187 50.2875
28 316 30 6.2227
28 317 1 0.1837
28 319 14 2.8544
28 320 98 22.4037
28 321 14 3.6226
28 322 3 0.7390
28 323 7 1.2160
28 324 51 17.2139
28 325 5 1.0958
28 326 4 0.7723
28 330 200 45.1854
28 332 41 9.7674
28 333 46 10.0081
28 334 12 2.5400
28 335 1 0.1684
28 336 66 12.1672
28 337 12 2.8973
28 338 9 1.5394
28 341 27 5.7825
28 342 33 8.3415
28 345 11 2.3501
28 347 100 26.0423
28 348 296 100.3390
28 349 4 1.1461
28 350 12 2.9242
28 351 12 2.9551
28 352 222 57.0889
28 353 104 21.0289
28 355 74 22.2171
28 357 13 2.1734
28 358 61 15.6526
28 359 127 30.9336
28 360 7 1.2897
28 361 4 1.0168
28 362 6 1.4844
28 364 28 7.3642
28 366 103 23.6119
28 367 188 69.4411
28 369 62 15.7686
28 370 23 8.6106
28 374 5 1.2409
28 375 27 5.8614
28 376 536 142.3860
28 377 163 40.5361
28 378 10 2.3814
28 379 12 2.6680
28 380 20 5.9961
28 381 4 0.9810
28 382 16 3.9993
28 383 26 5.2226
29 0 62 13.3450
29 1 1 0.2279
29 2 3 0.6007
29 3 36 6.0778
29 4 23 9.5455
29 6 13 3.3969
29 7 5 1.1507
29 8 6 1.3922
29 9 54 13.4758
29 10 56 13.3012
29 11 102 20.8390
29 13 172 32.1427
29 14 26 5.5464
29 16 8 1.8471
29 17 15 2.8726
29 18 2 0.5388
29 19 14 2.5380
29 20 4 1.0375
29 21 19 4.1487
29 22 7 1.4185
29 25 30 6.3230
29 27 26 6.0928
29 28 5 1.1278
29 29 106 24.1299
29 30 28 4.6516
29 31 12 2.8313
29 32 24 4.4913
29 33 117 41.0035
29 34 28 6.1449
29 35 137 32.5002
29 36 7 1.8493
29 37 14 2.6528
29 38 56 12.0686
29 39 17 3.5052
29 40 196 34.0041
29 41 24 4.7993
29 42 13 2.6570
29 43 155 35.0492
29 45 3 0.8371
29 46 4 0.8655
29 47 82 27.3119
29 48 67 21.3832
29 50 10 2.2964
29 52 71 28.6699
29 53 7 1.3792
29 55 114 22.6356
29 56 121 26.7841
29 57 10 2.4804
29 58 13 4.1175
29 59 24 5.2034
29 61 8 1.4427
29 62 6 1.0384
29 63 28 5.7770
29 64 57 11.4372
29 66 17 3.8721
29 68 9 1.9225
29 69 128 30.7009
29 70 39 8.5335
29 71 20 4.3286
29 72 437 97.8535
29 73 6 1.0771
29 74 1 0.2258
29 75 586 215.9614
29 76 80 17.8589
29 77 67 21.3650
29 78 9 2.5823
29 80 13 2.9291
29 81 9 1.5573
29 83 16 3.6740
29 84 55 19.2269
29 85 298 98.4948
29 86 31 6.1572
29 87 365 81.6699
29 88 6 1.2042
29 89 5 1.0941
29 90 24 4.9664
29 91 2 0.2298
29 92 21 4.4852
29 93 13 2.8048
29 94 58 12.3226
29 95 32 6.6337
29 96 2 0.4034
29 97 46 10.1700
29 98 65 14.5597
29 99 42 9.1636
29 100 23 4.5724
29 101 298 81.7716
29 102 11 2.4198
29 103 31 5.7725
29 104 17 4.0400
29 105 66 16.0475
29 107 5 1.2164
29 109 16 3.6188
29 110 15 2.8094
29 111 3 0.5958
29 113 12 2.6798
29 114 69 16.9522
29 115 49 11.1579
29 116 3 0.7057
29 117 163 33.3134
29 119 230 60.7841
29 120 18 3.7215
29 122 131 34.0146
29 123 37 7.5011
29 124 7 1.0783
29 125 14 2.7974
29 126 155 33.2967
29 127 1 0.1786
29 129 21 4.5422
29 130 8 1.6671
29 131 36 11.4831
29 132 2 0.3275
29 133 12 2.5730
29 134 14 3.5116
29 135 21 4.3105
29 136 234 51.6200
29 137 6 1.7145
29 138 15 3.9467
29 139 21 4.4882
29 140 35 6.6102
29 141 4 0.7472
29 142 601 176.0262
29 143 2 1.0028
29 146 6 1.1795
29 147 16 3.5882
29 148 9 1.8420
29 149 1 0.2344
29 150 2 0.3837
29 152 13 2.2171
29 153 288 61.0138
29 154 9 2.2034
29 155 42 8.8177
29 157 1 0.2037
29 158 18 2.7124
29 159 14 3.0647
29 160 153 42.4972
29 161 46 12.5582
29 162 398 93.5287
29 163 28 5.4016
29 164 4 0.7370
29 165 2 0.4875
29 166 45 8.9997
29 167 208 45.5127
29 168 17 3.6553
29 169 30 5.8810
29 170 48 11.0866
29 171 524 220.4430
29 172 19 3.6559
29 173 12 2.9157
29 175 14 3.1461
29 177 13 3.2389
29 178 6 1.2359
29 180 180 43.9144
29 181 41 7.1845
29 182 69 13.5016
29 184 4 0.8675
29 187 385 80.8498
29 188 10 3.0315
29 189 10 2.0744
29 190 21 5.4774
29 191 15 3.9545
29 192 4 0.8491
29 193 4 0.8007
29 194 63 17.3713
29 195 1 0.1967
29 197 29 6.4472
29 198 37 7.8142
29 199 11 2.7270
29 200 26 5.3542
29 202 49 10.8481
29 205 15 4.3692
29 206 6 2.0783
29 207 18 3.9723
29 208 4 0.7413
29 209 15 2.9710
29 210 17 3.4337
29 211 107 23.2545
29 212 147 28.5765
29 213 7 1.3734
29 214 71 17.3162
29 215 31 6.7714
29 216 4 0.7288
29 217 4 0.7428
29 218 57 14.1021
29 220 9 3.2483
29 221 332 77.1964
29 222 2 0.3342
29 224 1 0.1955
29 225 24 4.2378
29 226 32 12.7071
29 227 3 0.3923
29 228 50 9.9899
29 229 61 13.1089
29 230 3 0.7257
29 231 33 7.5152
29 233 138 28.7412
29 234 6 1.5483
29 235 6 1.2306
29 238 6 1.5723
29 239 3 0.9149
29 240 4 0.8076
29 241 4 0.6230
29 243 6 1.2278
29 244 123 25.1395
29 245 9 3.0920
29 246 10 1.6926
29 247 40 8.4383
29 248 27 6.3762
29 250 24 5.8933
29 251 338 91.9442
29 252 421 104.1663
29 253 2 0.3790
29 254 28 6.1188
29 255 2 0.4523
29 256 89 28.0579
29 257 196 45.1079
29 258 625 165.8036
29 259 91 20.3861
29 260 363 83.0430
29 261 70 15.0527
29 262 75 15.6722
29 263 18 4.4231
29 264 70 15.6443
29 265 19 3.6821
29 266 6 1.7854
29 267 6 1.2800
29 268 16 3.4719
29 269 25 6.1595
29 270 31 6.7130
29 271 10 2.6248
29 273 7 1.4120
29 274 1 0.1732
29 275 23 5.3047
29 277 45 15.4487
29 278 29 8.0001
29 280 73 14.4992
29 283 31 6.6105
29 284 1 0.2097
29 285 16 3.5295
29 286 4 1.0044
29 287 7 1.5919
29 288 43 9.6545
29 291 50 10.2529
29 294 10 3.1571
29 296 23 5.1858
29 300 47 9.1705
29 302 16 3.1968
29 304 61 13.2978
29 305 15 3.2747
29 306 135 54.2024
29 307 21 4.6499
29 308 379 95.1851
29 310 12 2.6579
29 311 31 6.7209
29 312 3 0.6195
29 313 9 3.4206
29 314 29 8.2591
29 315 3 0.8947
29 316 1 0.2204
29 317 15 3.2265
29 318 1 0.2438
29 319 8 1.7198
29 320 8 1.6333
29 321 197 58.2823
29 322 25 5.3797
29 323 1 0.2377
29 325 7 1.4989
29 326 11 1.9550
29 327 17 3.6372
29 329 3 0.6464
29 330 16 3.3788
29 333 21 4.4491
29 334 190 43.7435
29 336 114 33.8898
29 338 11 2.6768
29 340 27 5.2415
29 341 9 1.7168
29 342 7 1.4988
29 343 1 0.2288
29 344 38 8.4606
29 345 9 1.6328
29 346 31 6.9126
29 348 10 2.0723
29 349 2 0.3589
29 350 120 28.8701
29 351 52 10.2568
29 352 52 9.6568
29 353 15 3.1872
29 355 12 2.3630
29 358 14 3.2980
29 359 9 2.4047
29 360 10 2.3361
29 361 13 2.4105
29 362 11 2.2914
29 363 26 10.1020
29 364 10 2.2789
29 365 9 1.6420
29 366 57 10.7216
29 367 37 8.8829
29 369 3 0.5629
29 370 39 7.9095
29 372 21 4.5865
29 373 23 4.9476
29 374 11 2.1924
29 375 74 15.5395
29 376 333 73.6838
29 377 1 0.2810
29 378 7 1.5733
29 379 10 2.0504
29 381 20 3.8819
29 382 8 2.2502
30 0 56 12.1048
30 2 385 122.9530
30 3 25 5.9168
30 4 45 21.6554
30 5 2 0.4224
30 6 21 5.3432
30 7 17 3.3496
30 8 13 2.5240
30 9 17 4.0012
30 10 24 5.4989
30 11 129 38.7547
30 12 174 39.6098
30 13 47 9.0946
30 14 26 6.8525
30 15 17 3.7486
30 16 131 37.5419
30 17 110 26.8675
30 18 166 47.0427
30 19 32 7.0570
30 20 3 0.4909
30 21 64 14.6875
30 22 157 57.0641
30 23 30 6.6014
30 24 18 3.6721
30 25 7 1.4932
30 26 6 1.0857
30 27 17 3.7048
30 28 27 5.4998
30 30 13 2.9104
30 33 30 5.7337
30 34 3 0.5281
30 35 1 0.1400
30 36 201 45.2339
30 37 6 1.2416
30 39 1 0.1096
30 41 41 9.1324
30 42 118 25.3307
30 43 71 18.7420
30 44 39 9.0379
30 45 8 1.8018
30 46 1 0.1826
30 47 7 1.0753
30 48 21 5.7583
30 49 70 16.7715
30 50 52 10.9918
30 51 9 1.8744
30 52 4 0.9090
30 55 25 6.2711
30 56 66 11.8239
30 57 2 0.8238
30 58 12 3.0435
30 59 21 3.7939
30 60 16 3.2442
30 61 17 3.9606
30 62 3 0.8262
30 63 33 7.2070
30 64 7 1.5708
30 65 3 0.6826
30 67 420 99.6400
30 68 5 1.1694
30 69 23 5.2104
30 70 10 1.8525
30 71 3 0.6379
30 72 358 83.6837
30 73 5 1.0282
30 74 53 18.2824
30 75 1 0.1915
30 76 25 5.5174
30 77 12 3.6211
30 78 44 11.2871
30 79 90 20.4334
30 80 28 6.0296
30 81 13 2.9260
30 82 1 0.1392
30 84 78 16.0684
30 85 32 10.2148
30 86 2 0.4730
30 87 41 14.0485
30 88 8 1.6428
30 89 2 0.2618
30 90 28 6.1374
30 91 5 0.8112
30 94 3 0.4558
30 95 253 75.4636
30 96 2 0.4830
30 97 58 22.1337
30 98 20 4.9012
30 99 303 80.4671
30 100 149 35.2447
30 103 14 3.1970
30 104 24 5.5224
30 105 13 2.8618
30 106 1 0.2346
30 107 4 0.6243
30 108 29 10.0188
30 109 45 9.8981
30 110 1 0.2417
30 111 72 16.8651
30 112 158 35.9179
30 113 11 1.8210
30 114 4 0.8174
30 115 52 11.4803
30 118 27 5.8125
30 120 2 0.4296
30 122 4 0.7632
30 124 15 3.9834
30 125 17 3.7457
30 126 35 6.4457
30 127 13 2.7356
30 128 1 0.1835
30 130 6 1.6151
30 131 37 8.5032
30 133 528 137.2368
30 134 1 0.6831
30 135 3 0.5153
30 138 51 11.1437
30 139 7 1.9969
30 141 14 2.9239
30 142 34 6.9142
30 143 53 10.2132
30 144 31 6.6106
30 145 60 10.0168
30 146 2 0.3712
30 148 17 3.7360
30 149 130 27.9426
30 150 23 4.6228
30 151 7 1.1198
30 153 251 57.6097
30 154 99 22.4226
30 155 5 0.9077
30 156 32 6.6074
30 157 1 0.2356
30 159 36 7.8125
30 160 15 3.3494
30 161 701 209.3955
30 162 4 0.7835
30 163 7 1.2612
30 164 23 6.0246
30 165 51 12.8520
30 166 16 3.7317
30 167 17 3.8734
30 168 39 9.8729
30 170 16 3.3799
30 171 18 4.4231
30 172 6 2.4151
30 173 1 0.1828
30 175 312 91.4375
30 176 21 4.3848
30 177 3 0.6079
30 178 14 2.9114
30 180 1 0.1040
30 181 18 4.1675
30 182 123 30.3449
30 183 2 0.2684
30 184 2 0.3075
30 185 7 1.9391
30 186 1 0.1985
30 188 23 5.6065
30 190 12 2.3237
30 191 17 3.3521
30 192 1 0.1660
30 193 68 21.8084
30 194 13 2.5839
30 195 29 6.4866
30 197 768 197.4553
30 198 9 1.8256
30 199 23 3.5933
30 200 9 1.4703
30 201 1 0.1154
30 202 52 15.6376
30 203 46 10.5830
30 205 162 38.4900
30 206 9 2.0756
30 207 14 2.5555
30 208 12 2.6726
30 209 583 139.0983
30 210 294 69.9128
30 211 24 5.2543
30 212 38 7.0026
30 213 4 0.7437
30 215 35 6.6649
30 217 4 0.9289
30 218 7 1.1803
30 219 2 0.4976
30 220 52 12.8241
30 221 2 0.3844
30 222 11 2.3093
30 223 4 0.6130
30 225 5 0.8903
30 226 41 10.2280
30 227 4 0.8153
30 228 2 0.3708
30 229 101 20.2338
30 230 2 0.3211
30 231 4 1.0549
30 232 1 0.1050
30 233 290 93.6735
30 234 64 21.4248
30 235 194 47.3698
30 236 19 3.9348
30 237 5 1.0516
30 240 17 5.3767
30 241 62 14.7556
30 243 53 12.6245
30 244 42 9.1808
30 245 83 19.7636
30 246 30 6.3993
30 247 66 15.4149
30 248 19 3.4313
30 249 24 6.2611
30 250 243 56.2710
30 251 25 3.9231
30 252 147 34.7715
30 254 9 1.9926
30 255 21 6.0925
30 256 10 2.8649
30 257 5 0.8122
30 259 45 10.9262
30 260 3 0.6980
30 262 25 7.4198
30 263 42 9.4588
30 264 46 10.9517
30 265 84 22.2677
30 266 5 0.9782
30 267 13 2.9518
30 269 27 6.3524
30 272 11 2.4282
30 273 10 2.2194
30 274 6 1.1561
30 275 4 0.6258
30 277 6 1.0714
30 278 8 1.3684
30 279 4 0.8214
30 280 53 12.6797
30 281 73 15.3224
30 284 4 0.9017
30 285 17 3.5725
30 286 131 30.4195
30 287 23 5.8545
30 288 49 15.9504
30 289 7 1.2723
30 291 17 3.6042
30 292 79 18.6606
30 294 115 28.0636
30 295 206 46.4293
30 296 115 25.7475
30 297 1 0.1213
30 299 24 5.0505
30 300 5 1.2320
30 301 217 54.3458
30 302 187 42.8755
30 303 104 30.7887
30 304 22 4.3341
30 305 7 1.2192
30 306 13 2.8999
30 307 16 4.1887
30 308 49 10.2128
30 309 4 0.7514
30 310 51 9.7443
30 312 7 1.8106
30 313 51 10.8085
30 317 198 50.2267
30 319 82 18.9894
30 320 33 11.1708
30 321 56 11.4291
30 322 28 11.0405
30 323 9 2.0828
30 324 90 19.8386
30 326 73 13.4688
30 327 16 3.9337
30 328 27 5.9866
30 329 55 13.0887
30 331 44 11.8597
30 332 6 1.6020
30 333 1 0.2062
30 334 146 50.4933
30 335 2 0.4537
30 336 8 1.9015
30 337 8 1.9120
30 338 19 4.1136
30 341 14 3.0394
30 342 53 11.7542
30 344 8 1.5315
30 345 145 49.7095
30 346 3 0.9100
30 347 3 0.5251
30 348 106 24.6912
30 349 61 13.8879
30 350 19 3.2683
30 351 53 12.7877
30 354 25 5.8796
30 355 206 43.2998
30 356 15 3.5512
30 358 17 5.4286
30 359 2 0.3671
30 360 8 2.1203
30 361 23 4.0534
30 362 1 0.2349
30 364 28 6.4752
30 365 1 0.3803
30 366 29 6.8181
30 367 9 2.0087
30 368 7 1.6066
30 370 3 0.5483
30 371 6 1.2690
30 374 11 2.5522
30 375 25 4.5459
30 376 119 24.7522
30 377 19 3.5428
30 378 24 5.6467
30 379 170 38.5672
30 380 6 1.4631
30 382 5 1.0843
30 383 43 10.1721
31 1 9 1.9518
31 2 62 13.2021
31 3 82 23.5750
31 4 29 7.4444
31 5 117 26.6016
31 6 289 71.9835
31 7 55 11.7468
31 8 42 9.8615
31 10 2 0.5275
31 11 9 1.8917
31 12 5 1.1310
31 13 18 3.5572
31 14 13 3.1384
31 15 2 0.4769
31 16 31 6.8866
31 17 478 118.2841
31 19 96 24.4646
31 20 53 13.1544
31 22 65 26.6724
31 24 17 4.4703
31 25 50 11.1840
31 26 6 1.5999
31 28 9 1.8931
31 29 68 20.1811
31 31 249 51.7755
31 32 7 1.1649
31 33 1 0.2132
31 34 60 13.5921
31 36 50 13.1624
31 37 6 1.4924
31 38 262 66.2184
31 39 23 5.7196
31 40 1 0.2099
31 41 36 10.5002
31 42 16 3.3368
31 43 14 4.1662
31 45 46 9.9639
31 46 295 71.6407
31 47 3 1.3045
31 48 101 27.6675
31 50 74 20.3568
31 51 107 30.8071
31 52 383 98.2934
31 53 21 4.5842
31 54 2 0.4426
31 55 10 2.2654
31 56 62 18.9001
31 58 8 1.6598
31 59 125 28.7249
31 60 2 0.4433
31 61 3 0.7170
31 62 3 0.6472
31 63 18 4.0149
31 64 29 6.0866
31 65 9 1.7532
31 66 27 6.5550
31 67 10 2.3440
31 68 58 15.4026
31 69 1 0.1433
31 70 65 15.4514
31 71 19 5.8536
31 72 1 0.2454
31 75 19 4.5682
31 76 60 13.0296
31 77 33 7.1678
31 80 24 5.0384
31 81 10 1.7901
31 82 1 0.1684
31 83 3 0.5474
31 85 30 5.8190
31 87 4 0.9274
31 88 210 57.7438
31 90 2 0.6070
31 91 10 2.3088
31 92 5 1.5754
31 94 26 5.9253
31 95 5 1.0661
31 96 195 43.3282
31 97 20 3.6006
31 98 4 1.1656
31 99 15 3.4320
31 100 9 1.9356
31 101 53 12.7550
31 102 16 3.6854
31 103 160 34.3836
31 104 18 4.6306
31 105 459 105.2365
31 106 7 2.2396
31 108 38 10.3278
31 109 34 8.5520
31 110 15 3.3836
31 114 5 1.2813
31 115 80 21.6955
31 116 3 0.7142
31 117 4 0.8701
31 118 15 3.5720
31 119 1 0.1350
31 120 2 0.4935
31 121 2 0.4734
31 122 6 1.2155
31 123 6 1.5736
31 124 6 1.0793
31 125 2 0.4946
31 127 3 0.5918
31 128 7 1.6847
31 129 49 10.7334
31 130 52 10.5833
31 131 47 11.2648
31 132 6 1.0783
31 133 85 18.7994
31 134 14 2.9335
31 135 38 9.0271
31 136 20 4.4941
31 137 37 10.4193
31 138 114 25.6637
31 139 3 0.5606
31 140 5 1.3567
31 141 34 8.0721
31 142 10 2.2507
31 143 27 5.4590
31 144 38 9.1706
31 146 22 5.2832
31 147 10 2.8094
31 148 10 2.5035
31 149 53 12.0282
31 151 45 11.5666
31 152 33 7.4747
31 153 74 16.9888
31 155 121 25.6408
31 156 33 6.9420
31 158 19 7.4188
31 160 67 19.1089
31 161 2 0.2887
31 162 5 0.9566
31 163 1 0.1833
31 164 7 1.4515
31 165 4 1.4210
31 167 23 4.6544
31 168 54 22.8087
31 170 30 6.8758
31 171 27 5.7407
31 173 94 20.5588
31 174 7 1.8604
31 175 43 20.3032
31 177 1 0.2222
31 178 5 1.0962
31 181 3 0.7076
31 182 82 15.7713
31 184 12 3.7518
31 185 103 24.4610
31 186 4 0.8098
31 188 581 138.2349
31 189 14 3.1963
31 190 125 27.1366
31 191 16 3.8329
31 193 9 1.5192
31 195 73 19.5560
31 197 10 2.2477
31 198 24 9.6310
31 199 21 8.1066
31 201 10 2.0461
31 202 1 0.3533
31 203 133 29.7353
31 204 11 2.0345
31 205 2 0.4509
31 206 50 13.4272
31 207 30 7.0407
31 208 13 3.3881
31 209 7 1.6296
31 210 9 1.9652
31 211 38 8.3375
31 212 3 0.6534
31 213 137 33.1223
31 214 1 0.1900
31 215 1 0.1470
31 216 9 1.8157
31 217 138 41.1638
31 219 1 0.1615
31 221 3 0.7553
31 222 12 3.0451
31 224 1 0.2744
31 225 7 2.0948
31 226 5 1.1242
31 227 1 0.1909
31 229 680 198.8059
31 230 2 0.4731
31 232 15 3.5909
31 235 12 3.3005
31 236 7 2.3402
31 237 9 2.2540
31 238 11 2.4481
31 239 5 1.1077
31 241 25 6.0583
31 243 41 10.8830
31 244 47 10.4755
31 245 120 26.0142
31 247 19 3.9075
31 249 71 15.8574
31 250 11 2.9909
31 251 19 4.4759
31 253 23 5.7273
31 254 3 0.6708
31 255 272 64.8856
31 257 35 7.7261
31 258 89 21.9484
31 259 2 0.3769
31 260 208 55.7668
31 261 8 1.7451
31 262 14 3.3188
31 263 75 19.3464
31 266 30 6.5845
31 267 20 4.9534
31 268 6 1.2975
31 269 25 5.9420
31 270 9 2.1768
31 271 44 9.5363
31 272 48 11.9471
31 273 4 0.8371
31 274 56 13.3311
31 275 19 4.0345
31 276 500 106.6162
31 279 77 18.2518
31 280 109 23.8865
31 281 136 30.9991
31 283 1 0.2297
31 284 1 0.1985
31 285 7 2.0579
31 286 76 24.4860
31 287 39 7.5776
31 288 6 1.0093
31 289 6 1.4733
31 290 1 0.1832
31 291 55 12.5331
31 293 34 10.8941
31 294 32 6.8100
31 295 8 1.4780
31 296 28 7.9789
31 297 248 81.1490
31 298 71 16.1791
31 299 33 15.7794
31 300 34 7.6033
31 301 15 3.2457
31 302 14 2.9291
31 303 82 21.1991
31 304 59 15.6454
31 306 10 2.9108
31 307 1 0.1919
31 308 204 71.4774
31 310 49 18.8272
31 311 82 20.7817
31 312 15 3.6339
31 313 99 20.5745
31 314 20 5.1987
31 316 30 8.2408
31 317 5 1.1442
31 318 134 30.2399
31 319 10 2.2404
31 322 13 2.8813
31 323 7 1.2471
31 324 78 22.5306
31 325 110 30.0724
31 326 17 4.6516
31 327 3 0.8014
31 329 18 3.9071
31 330 104 36.1453
31 332 35 8.0354
31 333 1 0.2029
31 334 23 4.7625
31 335 8 1.9647
31 336 5 1.1555
31 337 252 57.6272
31 338 2 0.3785
31 339 120 36.2939
31 340 65 15.3968
31 341 19 4.2292
31 342 10 1.7918
31 343 17 3.8323
31 344 9 2.7013
31 345 36 7.0634
31 346 3 0.5794
31 347 37 13.2238
31 348 109 23.6314
31 349 5 1.4092
31 350 13 3.3766
31 351 38 15.3528
31 352 9 2.5545
31 353 5 1.0574
31 354 164 39.7047
31 356 40 9.3485
31 357 263 71.2937
31 358 121 26.4018
31 359 92 21.0582
31 361 22 4.6712
31 362 23 4.7634
31 363 13 2.4382
31 364 12 2.6203
31 365 2 0.3936
31 366 1 0.2433
31 368 40 8.6760
31 369 1 0.5331
31 370 56 13.1220
31 371 10 2.0120
31 375 420 98.1441
31 376 4 1.2304
31 377 2 0.4716
31 378 27 5.4030
31 381 23 5.2996
31 382 3 0.4802
31 383 3 0.5502
32 0 12 3.4025
32 1 7 1.2100
32 2 1 0.2109
32 5 30 10.4814
32 6 6 1.7328
32 7 8 1.6804
32 8 76 20.1173
32 9 3 0.5591
32 10 19 4.5409
32 11 2 0.3586
32 13 24 6.8057
32 14 58 13.0941
32 15 4 0.7953
32 18 73 15.6134
32 19 173 37.8366
32 20 88 20.9202
32 23 8 1.8342
32 24 22 5.7680
32 25 37 8.2466
32 27 1 0.1555
32 28 10 2.1654
32 29 559 140.5146
32 30 3 0.6077
32 31 1 0.2038
32 32 2 0.4575
32 33 16 3.6003
32 34 1 0.2354
32 35 30 6.4744
32 36 3 0.9074
32 37 13 2.6987
32 38 2 0.5841
32 39 10 2.1527
32 40 1 0.2512
32 41 59 18.5637
32 42 32 6.5513
32 43 41 21.8622
32 44 30 6.9406
32 45 18 5.0502
32 46 79 16.9057
32 47 15 3.7656
32 48 31 7.9114
32 49 30 6.9642
32 50 5 0.9442
32 51 3 0.6539
32 52 18 3.4858
32 53 12 2.5310
32 54 12 2.3855
32 56 2 0.4129
32 57 1 0.1734
32 58 16 3.5582
32 59 24 5.2080
32 60 32 5.0045
32 61 8 1.6563
32 62 11 2.4175
32 63 21 4.4694
32 64 22 4.0225
32 65 7 1.9334
32 66 158 35.2093
32 67 12 3.5382
32 68 3 0.6014
32 69 11 4.0103
32 70 421 128.7155
32 71 140 50.6568
32 72 51 13.1676
32 74 34 6.8976
32 75 13 3.7283
32 77 20 3.5586
32 78 36 6.4636
32 79 5 1.1013
32 81 34 7.6293
32 82 264 57.0418
32 83 2 0.3962
32 85 24 5.9575
32 87 6 1.0750
32 88 222 65.1545
32 89 1 0.1912
32 90 403 140.6518
32 91 261 70.3109
32 92 35 6.9842
32 94 19 4.2954
32 95 5 1.2093
32 97 28 6.4708
32 99 3 0.6239
32 100 100 23.4918
32 101 59 15.3483
32 102 27 5.3724
32 103 7 2.5355
32 105 94 24.7404
32 107 118 24.7496
32 109 29 6.6841
32 110 1 0.2503
32 111 2 0.4079
32 112 4 1.0580
32 113 73 15.0849
32 114 1 0.2845
32 115 3 0.5070
32 116 2 0.4600
32 117 52 10.3707
32 119 4 0.8123
32 120 3 0.6960
32 121 50 10.1140
32 122 43 7.9899
32 123 1 0.1983
32 124 100 21.6353
32 126 4 0.8204
32 128 23 4.6036
32 129 81 17.3275
32 130 15 3.1351
32 132 89 20.0464
32 133 9 2.6162
32 134 32 6.2986
32 135 5 1.3745
32 136 7 1.4200
32 137 29 11.6307
32 139 98 22.1616
32 140 11 1.8343
32 141 8 1.5450
32 142 32 7.5799
32 143 1 0.2393
32 144 20 4.7192
32 145 1 0.1776
32 146 10 2.2316
32 149 150 33.9762
32 150 62 13.0749
32 152 16 4.5695
32 153 167 37.9294
32 154 41 7.4506
32 155 3 0.6713
32 156 55 11.9337
32 157 34 6.5802
32 160 5 0.9233
32 161 81 17.6727
32 163 1 0.1280
32 164 1 0.2201
32 165 6 1.1281
32 166 78 17.0513
32 167 103 23.1702
32 168 2 0.3774
32 169 5 1.1741
32 171 2 0.4627
32 172 4 0.8130
32 173 19 3.9607
32 174 8 1.4987
32 175 27 6.2339
32 177 29 5.7180
32 178 8 2.1704
32 180 120 31.7196
32 181 4 0.8595
32 182 11 2.1058
32 183 20 5.2536
32 184 2 0.3444
32 185 2 0.3680
32 186 107 24.5381
32 188 2 0.4491
32 189 5 1.4284
32 190 36 7.5701
32 191 22 4.6977
32 193 1 0.2100
32 194 5 1.0853
32 195 6 1.8608
32 197 12 2.6669
32 199 2 0.4220
32 200 25 7.0751
32 201 1 0.1931
32 202 2 0.4075
32 203 10 2.0484
32 204 4 1.0267
32 205 130 48.4373
32 206 3 0.8260
32 207 12 2.3705
32 208 32 7.0688
32 209 85 20.0769
32 210 357 78.0041
32 211 95 21.7983
32 212 1 0.2003
32 213 1 0.1261
32 215 11 1.8099
32 216 9 1.7975
32 217 8 1.8500
32 218 41 8.7713
32 219 37 8.5460
32 220 11 2.2724
32 221 311 74.1832
32 222 19 4.4560
32 223 11 2.2149
32 224 2 0.4475
32 225 2 0.5776
32 226 84 18.8870
32 228 1 0.2515
32 231 33 7.1759
32 232 55 12.0192
32 233 5 1.5197
32 234 73 20.6079
32 235 155 33.9330
32 236 13 2.9186
32 237 18 4.0844
32 238 10 2.8760
32 239 54 11.1634
32 240 4 0.8889
32 241 29 5.8462
32 242 15 3.2355
32 243 1 0.3678
32 244 122 27.4906
32 245 15 3.3891
32 246 65 13.2451
32 247 49 10.2770
32 248 327 85.0494
32 249 1 0.1989
32 250 115 24.8675
32 251 33 11.7980
32 252 6 1.4001
32 253 6 1.2997
32 254 8 1.2818
32 256 29 6.8847
32 258 25 4.7925
32 260 4 1.0609
32 261 9 2.0870
32 262 14 3.6710
32 263 38 8.4802
32 264 13 5.0456
32 265 22 5.2328
32 266 3 0.6861
32 267 175 45.2237
32 268 2 0.4466
32 269 31 6.6944
32 270 50 13.0390
32 271 16 3.5809
32 272 11 1.8147
32 273 7 1.6464
32 274 8 2.8162
32 275 15 3.3633
32 276 536 156.1148
32 277 279 62.8995
32 279 17 3.4716
32 280 14 2.8841
32 281 54 11.5605
32 282 46 10.0819
32 283 482 170.0728
32 284 2 0.3541
32 285 5 0.8660
32 286 2 0.3189
32 287 33 6.8679
32 288 27 5.7972
32 289 151 31.5202
32 290 5 1.6001
32 292 14 3.0710
32 293 22 3.3417
32 294 85 26.0978
32 295 8 2.3310
32 296 1 0.2216
32 297 45 9.9982
32 299 7 1.9980
32 300 171 38.1492
32 301 16 3.6100
32 302 4 1.0699
32 303 325 76.1835
32 304 9 1.9038
32 305 200 46.2073
32 307 18 4.1735
32 309 6 1.3372
32 310 25 5.7004
32 311 2 0.4187
32 312 62 14.9884
32 313 7 1.5161
32 314 2 0.4480
32 316 2 0.3771
32 317 17 3.5613
32 318 2 0.7991
32 321 29 6.5484
32 322 37 8.2955
32 323 16 4.2514
32 324 2 0.3957
32 325 132 31.4118
32 326 1 0.2055
32 327 6 1.1157
32 329 14 3.3853
32 331 2 0.3283
32 332 7 1.4198
32 333 59 21.2743
32 335 9 1.4987
32 336 2 0.4182
32 337 68 15.9630
32 338 193 58.8221
32 339 200 44.3072
32 340 70 15.5614
32 341 49 11.4333
32 342 2 0.5108
32 343 1 0.2048
32 344 63 14.0667
32 345 3 0.6494
32 346 57 12.3503
32 347 13 4.7891
32 348 49 10.7124
32 349 13 2.5940
32 350 23 9.8625
32 351 5 1.2253
32 352 6 2.3059
32 353 18 5.0451
32 354 62 10.0454
32 355 49 10.4242
32 356 4 0.8817
32 357 3 0.5699
32 358 1 0.1609
32 359 5 1.1278
32 360 10 1.8880
32 361 2 0.4533
32 362 21 4.3905
32 363 74 20.2336
32 364 35 9.6995
32 365 169 38.2450
32 366 27 9.5259
32 367 61 11.4809
32 368 46 9.0499
32 370 1 0.2084
32 372 1 0.2285
32 373 52 12.4466
32 374 75 19.3797
32 375 5 1.1272
32 376 179 35.4608
32 377 6 1.3386
32 378 313 86.9065
32 379 2 0.3058
32 380 9 2.3343
32 381 3 0.6200
32 382 1 0.2258
32 383 64 15.7915
33 0 11 2.1686
33 1 63 16.7704
33 2 126 35.5755
33 3 245 76.0348
33 4 4 0.7242
33 5 17 2.9605
33 7 66 14.1775
33 8 2 0.3102
33 9 77 18.0617
33 10 480 118.7439
33 11 3 0.5373
33 12 1 0.2473
33 13 114 36.0958
33 15 43 10.2286
33 16 49 9.9520
33 17 103 22.9561
33 18 7 1.3431
33 19 9 1.9598
33 20 13 2.9577
33 21 24 5.5170
33 22 594 151.6196
33 23 92 17.3636
33 24 17 3.2655
33 25 17 4.2844
33 26 8 1.6649
33 28 603 150.5545
33 29 12 2.2746
33 30 64 15.1102
33 31 2 0.3228
33 32 82 20.7858
33 33 7 1.4762
33 34 24 6.0028
33 35 48 14.8133
33 36 13 3.3470
33 37 1 0.1870
33 38 53 11.5580
33 40 3 0.7177
33 41 3 1.0862
33 42 21 4.7731
33 43 3 0.5023
33 44 38 7.7299
33 46 80 19.2435
33 48 61 14.0804
33 49 28 4.7921
33 50 72 15.2672
33 51 3 1.0078
33 53 12 4.0654
33 54 8 1.8362
33 55 15 3.0344
33 57 1 0.3147
33 59 21 4.6988
33 60 19 4.1554
33 61 56 11.7260
33 62 2 0.4929
33 64 36 7.5012
33 66 21 6.1756
33 67 125 27.0314
33 68 48 16.5854
33 69 239 66.9886
33 70 4 0.9804
33 71 1 0.1398
33 74 2 0.3326
33 75 139 30.0255
33 76 19 4.3351
33 77 17 5.1598
33 79 8 2.0546
33 80 82 17.4336
33 81 17 3.5023
33 82 2 0.3706
33 83 4 0.8357
33 84 3 0.5154
33 86 8 1.6445
33 87 56 12.4917
33 88 14 3.8221
33 90 1 0.1026
33 91 4 0.8657
33 92 38 9.4273
33 93 8 1.9725
33 96 61 15.4892
33 97 33 6.4051
33 98 8 1.9242
33 100 4 0.8377
33 101 45 10.0623
33 102 9 1.8799
33 104 14 2.9261
33 105 7 2.2477
33 106 4 0.7668
33 107 6 1.2713
33 108 29 6.4895
33 109 94 40.8566
33 110 3 0.7970
33 111 15 4.5004
33 115 8 2.0788
33 116 109 25.1505
33 117 11 1.8064
33 118 37 7.7363
33 119 87 19.8666
33 120 7 1.3927
33 122 139 34.3109
33 123 12 2.7433
33 125 91 28.8417
33 126 5 1.8014
33 127 2 0.4603
33 130 30 6.9706
33 131 12 2.5394
33 134 719 158.5739
33 135 84 24.1615
33 137 1 0.0705
33 138 5 1.0056
33 140 32 7.3742
33 141 25 5.6357
33 142 2 0.4211
33 143 23 5.8456
33 144 50 13.6351
33 145 265 72.0002
33 147 8 1.7661
33 148 4 0.9348
33 149 16 4.4403
33 150 10 1.8399
33 151 44 8.5427
33 152 1 0.1511
33 153 149 34.0198
33 154 419 106.1183
33 157 8 2.0255
33 158 2 0.3284
33 159 75 21.4901
33 160 5 1.1220
33 161 69 14.0146
33 163 21 4.9434
33 164 23 5.1469
33 165 5 0.8758
33 166 8 1.9476
33 167 20 5.1435
33 168 5 1.2669
33 169 8 1.9108
33 171 1 0.1451
33 172 57 13.1071
33 173 40 9.3387
33 174 15 2.8770
33 175 13 2.3629
33 176 24 5.0866
33 178 12 2.5713
33 179 20 3.5277
33 180 41 8.1865
33 181 1 0.1836
33 182 12 2.2836
33 183 24 7.3072
33 184 2 0.4204
33 185 104 24.2369
33 186 69 12.6304
33 187 61 15.6404
33 188 7 1.3400
33 189 3 0.4604
33 190 380 91.2707
33 191 14 2.6993
33 192 65 15.2818
33 193 6 1.5403
33 194 43 9.6332
33 196 116 46.1127
33 198 27 5.6924
33 199 3 0.5767
33 200 1 0.2237
33 201 12 2.6551
33 202 13 2.6667
33 203 18 3.4440
33 204 16 4.1022
33 205 16 3.2064
33 206 2 0.4193
33 208 47 8.2351
33 209 4 0.8538
33 210 60 13.7803
33 211 20 4.5320
33 212 27 5.3251
33 214 9 1.8448
33 215 68 25.8047
33 216 14 2.7686
33 217 1 0.2061
33 218 51 10.2638
33 219 5 0.9912
33 220 13 3.0730
33 221 62 15.5507
33 222 16 3.5198
33 223 51 10.3205
33 224 2 0.4163
33 225 24 5.5119
33 227 2 0.3255
33 228 53 13.2794
33 232 18 4.4052
33 233 20 4.4374
33 234 2 0.3861
33 235 81 17.6502
33 236 13 2.6748
33 238 37 8.2439
33 240 72 16.0762
33 241 19 6.1524
33 242 26 6.7383
33 243 2 0.4292
33 244 7 1.4638
33 245 14 2.8940
33 246 20 5.2738
33 247 22 4.9430
33 248 36 10.1474
33 249 4 0.7723
33 251 41 8.0788
33 252 19 5.1352
33 253 55 10.4023
33 254 3 0.4703
33 255 67 23.8273
33 256 23 5.1776
33 257 11 2.1538
33 259 89 27.7051
33 260 25 5.8120
33 261 7 1.6699
33 263 14 3.2008
33 264 4 0.8771
33 265 2 0.5005
33 266 40 7.9367
33 267 1 0.2005
33 268 143 31.5446
33 269 1 0.2201
33 270 4 0.9536
33 271 11 2.3618
33 274 1 0.1592
33 275 10 2.1231
33 276 71 20.7904
33 277 34 6.4504
33 278 3 0.6721
33 280 19 3.3553
33 281 5 1.1544
33 282 72 16.0241
33 283 313 119.2338
33 284 15 2.8716
33 286 48 10.3891
33 287 4 1.0298
33 288 3 0.6290
33 289 6 1.1742
33 290 2 0.8653
33 291 55 12.5223
33 292 4 0.6760
33 293 14 3.9507
33 294 54 11.5796
33 295 2 0.5170
33 296 1 0.1839
33 297 56 11.7378
33 299 103 31.9093
33 300 71 14.2547
33 301 254 70.6992
33 302 23 4.0166
33 303 4 1.2694
33 304 2 0.3316
33 305 22 4.9825
33 306 115 33.3403
33 307 67 14.8262
33 308 1 0.2202
33 309 124 52.0188
33 310 69 12.1819
33 311 95 19.3612
33 312 2 0.4133
33 313 26 7.5320
33 315 31 6.7225
33 316 74 16.1607
33 317 11 1.8127
33 318 128 23.4345
33 319 9 2.0377
33 322 9 2.6760
33 323 19 3.6796
33 324 16 4.0715
33 325 53 12.6623
33 326 61 17.7523
33 327 113 23.9425
33 328 6 1.7188
33 329 27 4.5476
33 330 62 15.5798
33 333 17 3.4895
33 337 98 20.5693
33 338 7 1.4911
33 339 40 18.3072
33 340 4 0.8860
33 341 1 0.1356
33 342 19 3.7605
33 343 68 16.0326
33 345 24 7.7576
33 346 37 14.2223
33 347 33 7.2961
33 348 2 0.4778
33 349 7 1.1467
33 350 10 2.7387
33 351 47 10.8694
33 353 1 0.2519
33 354 3 0.9519
33 355 3 0.8178
33 356 15 2.6687
33 358 157 57.9209
33 359 31 6.5291
33 360 6 1.1145
33 361 6 1.1698
33 362 137 27.7140
33 363 2 0.4034
33 364 10 2.2043
33 365 54 13.2907
33 366 6 1.6091
33 367 31 7.0659
33 368 191 42.8145
33 369 2 0.2747
33 371 30 7.5707
33 372 1 0.1247
33 373 9 1.9358
33 374 76 17.2319
33 376 13 3.1313
33 378 1 0.1822
33 380 165 36.4716
33 381 17 4.0949
34 0 5 1.8718
34 1 10 2.3436
34 3 23 4.4485
34 4 25 5.0084
34 5 2 0.4026
34 6 33 7.6589
34 7 62 14.6801
34 8 83 20.4413
34 11 4 0.9279
34 12 9 1.6264
34 13 11 2.9947
34 14 49 11.9741
34 15 7 1.3605
34 16 5 1.0105
34 17 13 4.8279
34 18 6 1.6858
34 19 23 4.8060
34 20 20 4.1791
34 21 6 1.4158
34 22 9 1.4137
34 24 18 4.4878
34 25 3 0.4566
34 26 10 2.2842
34 27 28 6.2020
34 28 4 0.7225
34 29 6 1.2363
34 31 36 8.0875
34 32 31 9.1938
34 33 1 0.1470
34 34 4 0.8338
34 35 5 1.0058
34 36 7 1.3214
34 39 29 5.7607
34 41 1 0.1115
34 42 15 4.4576
34 43 113 23.1905
34 44 19 3.6655
34 45 41 7.7500
34 46 83 19.0633
34 47 7 1.4841
34 48 20 4.2001
34 49 9 2.6313
34 50 9 1.8646
34 52 24 5.0354
34 53 1 0.1516
34 54 14 2.6202
34 55 5 1.5512
34 56 1 0.1452
34 57 6 1.2133
34 58 11 2.3174
34 60 11 2.2449
34 61 5 0.8204
34 63 14 2.9377
34 65 250 82.2147
34 66 37 7.8599
34 67 6 1.7985
34 68 9 3.0619
34 69 2 0.4682
34 70 7 1.3968
34 71 3 0.4896
34 72 1 0.1561
34 73 2 0.3253
34 74 62 12.4930
34 75 117 29.6219
34 76 5 0.9064
34 78 57 10.9297
34 79 13 2.8722
34 80 130 52.7405
34 81 85 25.0103
34 82 22 5.5723
34 84 82 26.3552
34 85 20 3.7846
34 87 3 0.4812
34 88 1 0.1198
34 89 18 4.5560
34 90 25 9.1117
34 91 4 0.8290
34 92 126 40.5954
34 94 94 28.6657
34 95 10 2.5136
34 96 39 8.6451
34 97 53 10.3905
34 98 16 3.3695
34 100 2 0.5614
34 101 274 59.8847
34 102 6 1.1823
34 103 80 23.4424
34 104 27 5.4535
34 105 19 3.7205
34 106 44 10.7161
34 107 5 1.0526
34 108 103 30.4484
34 109 13 3.3145
34 110 8 1.9373
34 111 19 4.6269
34 112 2 0.3208
34 114 1 0.5589
34 115 8 2.3328
34 116 4 1.1953
34 117 234 69.5732
34 118 8 1.5325
34 119 42 13.2121
34 120 65 13.2863
34 121 2 0.3867
34 122 523 113.0481
34 123 13 2.3413
34 124 7 1.3591
34 125 104 24.1209
34 126 6 1.1991
34 127 53 12.5112
34 128 284 80.7096
34 129 18 3.8973
34 131 39 8.4888
34 132 3 0.5042
34 133 6 1.1940
34 134 111 22.8310
34 135 2 0.4073
34 137 129 35.7925
34 138 30 6.9834
34 139 3 0.5439
34 140 43 9.3356
34 141 62 12.6086
34 142 50 10.1052
34 144 1 0.1782
34 146 76 30.0742
34 147 7 1.9906
34 148 33 6.4484
34 149 23 6.2335
34 150 29 6.3563
34 151 3 0.4994
34 152 67 20.6822
34 153 1 0.2038
34 155 25 4.9417
34 156 3 0.7120
34 158 21 4.5455
34 159 77 17.5806
34 160 15 3.0058
34 161 7 1.0249
34 162 54 11.5059
34 163 8 1.4672
34 164 11 2.3156
34 166 479 103.7571
34 167 55 11.0348
34 168 63 13.9038
34 169 1 0.1445
34 170 16 3.2682
34 171 5 0.9950
34 172 43 9.5972
34 173 65 11.3639
34 174 1 0.1314
34 175 8 1.5420
34 176 4 0.8747
34 177 45 8.7749
34 178 84 20.6529
34 179 15 3.9829
34 181 2 0.4092
34 182 10 1.7326
34 183 106 24.7759
34 185 139 36.5178
34 186 9 2.5268
34 187 71 16.3742
34 188 78 19.2027
34 190 94 19.4542
34 192 38 7.8390
34 193 83 17.8704
34 195 6 1.0352
34 196 19 3.3345
34 198 6 1.2261
34 199 9 1.8514
34 201 15 4.8413
34 203 64 19.0724
34 204 170 50.6307
34 205 2 0.4409
34 206 21 4.3609
34 207 15 2.6738
34 208 63 12.2451
34 209 48 12.1690
34 210 4 0.9788
34 211 21 4.9275
34 212 11 1.9160
34 213 16 4.1199
34 214 12 2.2296
34 215 45 8.1388
34 216 9 2.4481
34 217 29 5.5824
34 218 43 15.7179
34 221 26 10.1666
34 222 3 0.5623
34 223 27 9.1310
34 224 2 0.3656
34 225 173 35.9258
34 227 51 10.7786
34 228 133 45.1744
34 229 17 2.9547
34 230 7 2.2645
34 231 4 0.7275
34 232 19 5.6022
34 233 24 4.4170
34 234 6 1.1026
34 235 2 0.3834
34 236 55 11.3123
34 237 10 1.8290
34 239 643 236.7399
34 241 21 4.3990
34 242 5 1.0961
34 243 13 2.7167
34 244 2 0.4610
34 245 30 8.0169
34 246 26 6.0330
34 247 5 0.9151
34 248 11 3.4188
34 249 21 4.3606
34 250 50 9.4260
34 251 7 1.3088
34 252 9 1.9736
34 253 11 3.6138
34 254 11 2.3296
34 255 8 1.7037
34 256 5 0.8513
34 258 2 0.4020
34 259 260 58.6917
34 260 68 14.5601
34 261 101 22.6624
34 262 13 2.9521
34 263 22 4.0876
34 264 77 17.1909
34 266 1 0.1520
34 268 103 60.5616
34 269 16 3.5888
34 270 13 2.2331
34 271 16 3.5860
34 273 1 0.1952
34 274 364 83.3187
34 275 518 118.9373
34 276 2 0.3880
34 277 17 3.5792
34 278 47 10.1382
34 280 7 1.6778
34 281 25 5.9178
34 284 7 1.5182
34 285 5 1.7481
34 286 8 1.8156
34 287 3 0.4837
34 288 89 20.1592
34 290 123 25.4784
34 291 26 5.9173
34 293 29 6.8560
34 294 5 1.2818
34 296 81 17.1989
34 297 4 0.8013
34 299 17 3.8402
34 301 18 3.9312
34 302 3 0.5690
34 304 4 0.8371
34 306 2 0.7092
34 307 136 28.0416
34 308 16 3.5848
34 309 82 28.8604
34 311 80 15.9596
34 312 6 1.1493
34 313 15 2.3689
34 315 2 0.3718
34 316 75 16.2910
34 317 83 19.4018
34 318 142 38.6334
34 319 231 60.9196
34 321 6 1.1472
34 322 3 0.6752
34 323 4 0.7995
34 324 49 16.5268
34 325 2 0.2852
34 326 16 3.6328
34 328 28 10.4025
34 329 9 1.9844
34 330 6 1.2161
34 332 7 1.7522
34 333 17 3.4450
34 334 1 0.1177
34 335 26 6.7129
34 336 10 1.9977
34 337 111 23.3744
34 338 36 7.8128
34 339 2 0.4213
34 341 1 0.2511
34 342 69 16.0938
34 343 11 2.0902
34 344 7 1.3426
34 345 50 9.4888
34 346 10 2.8160
34 348 16 3.2854
34 349 71 15.4645
34 350 2 0.4418
34 351 2 0.4095
34 352 62 12.8409
34 353 14 3.0566
34 354 123 24.2222
34 355 118 24.5675
34 356 86 18.5251
34 357 94 21.4068
34 358 5 0.9475
34 359 56 15.6781
34 360 19 3.5846
34 363 3 0.7957
34 365 32 7.6135
34 366 28 6.1623
34 367 1 0.2226
34 368 11 3.1419
34 369 22 5.0049
34 370 4 1.3057
34 371 18 3.4607
34 372 16 3.4979
34 373 27 6.7613
34 374 3 1.0992
34 375 1 0.2161
34 376 17 3.1025
34 379 12 2.3235
34 380 26 6.1192
34 381 8 2.6754
34 382 15 3.6645
34 383 7 1.5462
35 0 20 3.7410
35 1 5 1.0644
35 2 6 1.2706
35 3 17 4.4974
35 4 27 6.5660
35 5 2 0.6503
35 6 48 11.5546
35 7 1 0.2159
35 9 36 8.9409
35 11 157 32.6511
35 13 21 4.2779
35 14 3 0.5312
35 15 52 11.0336
35 16 43 8.9651
35 17 30 8.6181
35 18 90 18.0539
35 19 12 2.7038
35 20 4 1.2183
35 21 2 0.3652
35 23 7 1.5159
35 24 7 1.3728
35 25 53 11.4299
35 26 17 3.9341
35 27 5 0.8126
35 28 5 1.0647
35 29 27 6.4876
35 30 7 1.4087
35 31 2 0.2860
35 33 24 6.3503
35 34 129 31.5925
35 35 3 0.8830
35 36 39 10.3194
35 38 85 24.5966
35 39 5 0.9073
35 41 183 39.1997
35 42 13 3.5191
35 43 1 0.1083
35 46 464 121.6985
35 47 34 10.1339
35 49 18 4.6273
35 51 3 0.5208
35 52 10 2.3324
35 53 55 11.5902
35 54 10 1.9544
35 58 69 21.2502
35 59 6 1.2599
35 61 99 21.8211
35 62 90 17.0436
35 63 22 5.5323
35 66 4 0.7969
35 68 53 11.0131
35 71 1 0.1390
35 72 8 1.7914
35 75 106 29.6494
35 76 16 3.9964
35 77 4 1.2081
35 78 7 1.3230
35 79 19 4.1854
35 80 15 4.1315
35 81 5 1.0849
35 84 23 5.1041
35 85 11 3.4461
35 86 10 2.3242
35 87 5 0.9757
35 88 34 10.1941
35 90 5 1.0093
35 91 170 46.5210
35 92 28 8.1839
35 93 4 0.9438
35 94 2 0.4924
35 96 1 0.1999
35 97 2 0.3712
35 98 43 10.8275
35 99 3 0.5417
35 100 2 0.4182
35 101 6 1.1967
35 102 20 6.4713
35 103 240 48.5892
35 104 75 20.9146
35 105 2 0.4395
35 106 8 2.0521
35 107 19 4.1778
35 108 1 0.1434
35 110 21 4.7281
35 111 16 3.3004
35 112 54 14.2971
35 113 16 3.2186
35 114 2 0.3710
35 115 2 0.2480
35 116 33 11.2828
35 117 45 7.6937
35 118 385 110.7425
35 119 82 22.8081
35 120 34 7.6421
35 121 14 3.0190
35 122 38 7.9012
35 123 1 0.1485
35 124 63 14.4917
35 125 5 0.8964
35 126 5 1.0526
35 127 64 22.2258
35 129 7 1.2983
35 130 7 1.5350
35 131 97 22.3309
35 132 8 1.4472
35 133 19 4.0810
35 134 1 0.2361
35 135 10 2.0671
35 136 7 1.7106
35 138 5 0.7594
35 139 14 2.9911
35 140 43 10.1288
35 141 41 10.5989
35 144 55 14.6417
35 145 4 0.6220
35 146 130 31.2414
35 147 19 4.9947
35 151 18 3.6282
35 152 13 2.9706
35 153 201 40.7556
35 154 37 8.8226
35 155 58 13.4657
35 157 29 6.4547
35 158 2 0.3815
35 159 4 1.0372
35 160 8 1.6234
35 161 9 2.0968
35 162 70 13.2605
35 163 58 11.7776
35 164 23 3.7488
35 165 3 0.8359
35 166 9 1.7113
35 167 9 1.7517
35 168 1 0.1708
35 170 5 1.1501
35 171 61 13.2669
35 172 32 7.8743
35 174 36 9.3008
35 176 4 0.8669
35 177 146 57.2147
35 178 34 7.1536
35 179 2 0.2926
35 180 45 8.9389
35 181 27 5.7187
35 182 51 14.0981
35 183 5 0.9360
35 184 2 0.3896
35 185 3 0.5041
35 186 1 0.1732
35 187 8 1.5320
35 190 12 2.5224
35 191 41 7.8203
35 193 133 33.4056
35 194 26 5.9409
35 195 4 0.9369
35 197 3 0.5926
35 198 1 0.2541
35 199 60 17.9942
35 200 3 0.6930
35 201 218 47.9215
35 203 36 8.2810
35 205 3 0.5350
35 206 123 35.2361
35 207 9 2.1045
35 208 1 0.1577
35 209 23 5.7304
35 210 86 17.2220
35 211 41 9.9898
35 212 7 1.9201
35 213 2 0.4642
35 214 5 0.9750
35 215 399 100.7915
35 216 18 3.8661
35 217 5 0.8916
35 218 42 11.8210
35 219 3 0.6105
35 221 88 17.8284
35 222 2 0.3413
35 223 10 1.9448
35 224 43 10.1331
35 225 13 2.4695
35 228 3 0.5407
35 229 116 24.8426
35 230 7 1.5033
35 232 7 1.6805
35 233 37 9.4889
35 234 31 11.0485
35 235 4 0.7192
35 236 13 2.9590
35 237 9 1.5733
35 238 17 4.3066
35 239 3 0.5795
35 240 21 5.2653
35 241 5 0.8323
35 243 5 1.0439
35 244 1 0.1799
35 245 3 0.4529
35 246 9 2.8661
35 247 11 2.0284
35 248 17 3.5116
35 249 4 0.7714
35 250 5 1.9115
35 251 13 2.8862
35 252 23 4.4142
35 253 3 0.5334
35 254 28 6.1043
35 255 1 0.2426
35 256 2 0.4180
35 258 13 3.3445
35 259 24 5.0239
35 260 12 2.6575
35 261 13 1.9393
35 262 92 21.6269
35 263 22 4.5908
35 264 22 4.0038
35 265 2 0.4140
35 266 101 24.9135
35 267 47 16.3602
35 268 3 0.4921
35 270 31 6.2432
35 272 3 0.6742
35 273 14 3.6853
35 274 6 1.1897
35 275 66 13.9851
35 276 21 4.6328
35 277 83 18.0085
35 279 54 13.4555
35 280 11 2.6541
35 281 8 1.8955
35 282 13 2.5468
35 284 56 13.3668
35 286 55 11.3442
35 287 16 3.1979
35 288 2 0.4091
35 289 6 1.1937
35 292 51 10.9165
35 293 494 209.9762
35 294 3 0.7134
35 295 43 11.3680
35 296 31 9.4181
35 298 44 9.1962
35 299 23 5.3057
35 300 39 14.1539
35 302 5 0.9827
35 303 58 15.6110
35 304 11 3.3445
35 305 91 21.8243
35 306 336 82.9905
35 307 32 6.6909
35 308 2 0.3890
35 309 6 1.0666
35 310 10 2.3833
35 311 122 27.1296
35 312 38 13.7913
35 313 127 32.4371
35 314 8 1.4511
35 315 226 50.3750
35 316 7 1.4509
35 317 1 0.1868
35 318 2 0.4367
35 319 17 4.3478
35 320 14 3.3645
35 321 14 3.5190
35 322 5 1.2626
35 324 381 95.8789
35 326 63 13.2245
35 327 2 0.3693
35 328 9 2.0120
35 329 1 0.1866
35 330 23 5.2812
35 332 57 17.4501
35 333 131 26.0357
35 334 57 15.0886
35 335 207 48.7813
35 336 11 3.3415
35 338 14 3.1589
35 339 55 11.8653
35 340 17 5.4235
35 341 5 1.2189
35 343 36 7.0352
35 344 51 13.6341
35 345 7 1.4626
35 346 40 8.4205
35 347 141 37.8564
35 348 101 26.2149
35 350 61 16.4665
35 351 4 0.7935
35 352 14 4.0806
35 353 60 12.6899
35 354 10 2.6446
35 355 232 61.1407
35 356 95 17.0821
35 357 16 3.8294
35 358 2 0.6024
35 359 54 12.6484
35 360 1 0.2263
35 361 10 2.1156
35 362 71 15.2776
35 363 3 0.7148
35 365 149 35.1429
35 366 31 14.9461
35 367 26 5.9177
35 368 9 2.8252
35 369 28 5.1071
35 370 1 0.1848
35 371 11 2.4074
35 372 6 1.8994
35 373 32 8.3623
35 374 33 7.0054
35 376 4 0.8579
35 377 7 1.4986
35 379 32 7.0177
35 380 1 0.2129
35 381 11 2.4982
35 382 46 9.5903
35 383 26 5.6631
36 0 2 0.4409
36 1 35 7.1779
36 3 30 6.6153
36 4 155 50.9977
36 6 1 0.2278
36 7 44 17.1653
36 8 3 0.9177
36 9 4 0.6662
36 11 5 0.8282
36 12 12 2.4359
36 13 14 3.5722
36 15 9 1.7235
36 16 24 5.4868
36 17 9 2.0681
36 18 28 4.8023
36 21 2 0.4496
36 22 157 29.2369
36 23 12 5.2793
36 24 4 0.8700
36 25 17 4.6824
36 26 34 8.0307
36 27 2 0.2755
36 28 191 36.5697
36 29 14 3.3308
36 30 9 1.3912
36 31 5 0.9121
36 32 21 4.3568
36 34 6 0.9232
36 35 10 2.0526
36 36 47 13.6698
36 38 12 2.2781
36 40 9 1.3127
36 41 16 2.5306
36 42 86 16.8575
36 43 47 10.8875
36 44 14 4.5434
36 45 10 2.2641
36 46 31 6.6401
36 47 10 2.8299
36 48 1 0.1435
36 50 13 2.6888
36 51 32 5.7942
36 52 12 2.5901
36 53 16 4.6712
36 55 40 8.1665
36 56 337 58.1108
36 57 18 5.0579
36 58 23 4.6841
36 59 262 71.1390
36 60 9 2.7289
36 61 1 0.1745
36 62 2 0.3947
36 63 47 11.0684
36 64 64 11.3622
36 65 3 0.6411
36 66 5 0.6921
36 67 12 2.4550
36 69 42 8.2330
36 70 7 1.6321
36 72 5 1.3389
36 73 17 5.0962
36 76 20 4.0066
36 78 29 4.7352
36 79 32 6.6819
36 80 146 37.3868
36 82 85 16.3073
36 83 110 21.5345
36 84 6 1.1375
36 85 42 17.5685
36 87 3 0.5328
36 89 3 0.5495
36 91 5 0.9129
36 93 31 5.5939
36 94 32 6.5113
36 95 8 1.7202
36 97 18 2.8337
36 98 48 14.6429
36 99 72 24.5182
36 100 15 3.4866
36 101 31 7.1109
36 102 3 0.5693
36 103 46 10.0771
36 104 1 0.1283
36 106 3 0.6398
36 108 13 2.3681
36 109 3 0.5874
36 110 3 0.2320
36 111 7 1.0666
36 112 11 3.9899
36 113 5 1.0274
36 114 251 52.0314
36 117 1 0.1740
36 119 1 0.2124
36 121 59 11.4444
36 123 21 5.2713
36 124 12 2.1969
36 125 7 1.3416
36 126 10 1.7449
36 128 1 0.2256
36 129 1 0.2299
36 130 21 4.8540
36 134 55 13.7347
36 135 30 5.4262
36 137 19 3.3498
36 138 35 10.6073
36 139 77 16.6298
36 140 2 0.3124
36 141 3 0.8072
36 142 22 5.3945
36 143 1 0.1689
36 144 2 0.3697
36 146 39 7.7894
36 147 1 0.1602
36 149 17 3.3848
36 150 3 0.8307
36 151 2 0.3452
36 152 16 5.8412
36 153 1 0.1434
36 154 4 0.7166
36 156 1 0.1194
36 157 20 4.4373
36 158 70 13.5237
36 159 53 16.4088
36 160 22 4.3002
36 161 2 0.3582
36 162 1 0.2106
36 163 2 0.3355
36 164 13 2.8450
36 165 14 3.8919
36 166 24 6.4112
36 168 2 0.3539
36 169 23 4.9857
36 170 10 2.2709
36 171 32 6.7522
36 172 35 9.6691
36 173 7 1.2472
36 174 26 5.0558
36 175 3 0.6743
36 176 22 4.5317
36 177 5 0.8946
36 178 5 1.0885
36 179 1 0.2797
36 180 5 1.0993
36 181 7 1.2027
36 182 215 52.1693
36 183 25 4.4652
36 184 27 7.8713
36 185 14 2.4384
36 186 8 1.3221
36 187 58 25.3208
36 188 1 0.1801
36 189 3 0.5322
36 190 94 18.5543
36 191 7 1.5350
36 192 58 12.4659
36 194 3 0.9993
36 195 17 4.0934
36 196 6 1.5072
36 197 231 41.9374
36 199 20 4.7433
36 200 2 0.3569
36 201 58 11.3232
36 202 91 37.0836
36 204 76 15.5163
36 205 18 3.2055
36 207 1 0.1033
36 208 10 2.1161
36 209 12 2.4711
36 210 13 2.8817
36 211 27 4.4177
36 212 40 13.1410
36 213 7 1.6412
36 214 13 2.0525
36 215 2 0.1285
36 217 38 7.1081
36 218 4 0.6696
36 220 32 8.1307
36 221 3 0.0693
36 222 113 21.2323
36 223 20 5.3755
36 224 2 0.3254
36 227 5 0.9709
36 228 7 0.8454
36 229 21 4.5352
36 230 13 2.0832
36 231 170 32.3177
36 232 2 0.5988
36 233 117 41.4610
36 234 10 2.9495
36 235 2 0.3989
36 236 37 9.7334
36 238 21 4.8829
36 239 2 0.5356
36 240 7 1.2677
36 242 13 2.3367
36 244 41 12.4438
36 245 4 0.8854
36 246 22 3.6144
36 247 13 2.2007
36 248 25 7.6316
36 249 3 0.4739
36 250 22 6.9106
36 252 18 3.3182
36 253 354 73.1583
36 255 4 0.8019
36 257 113 59.4827
36 258 20 3.9746
36 259 4 1.2953
36 260 4 0.8173
36 262 22 5.2150
36 263 17 3.1223
36 264 13 2.6396
36 265 18 3.2710
36 266 13 2.4704
36 267 7 1.2092
36 268 18 3.4709
36 269 1 0.2084
36 270 5 0.9250
36 271 21 3.8685
36 272 32 8.8693
36 273 88 23.1639
36 274 23 3.3343
36 275 1 0.2234
36 276 12 2.1488
36 277 180 62.1835
36 279 87 21.2271
36 280 27 5.2797
36 281 3 0.9380
36 282 6 0.9441
36 283 11 2.3834
36 284 253 48.7191
36 285 2 0.3404
36 286 4 0.6151
36 287 6 1.0456
36 288 47 8.2740
36 289 90 27.8449
36 290 6 1.1522
36 291 7 1.7971
36 292 67 21.8884
36 293 3 0.3241
36 294 42 7.8819
36 296 24 4.6263
36 298 2 0.3967
36 299 48 9.1105
36 300 1 0.0127
36 301 121 22.3163
36 302 133 26.5772
36 303 14 2.8278
36 304 24 4.6904
36 305 106 24.2492
36 306 34 6.5375
36 307 54 17.3873
36 308 18 4.3323
36 309 2 0.2882
36 310 26 5.4821
36 311 16 3.9444
36 312 9 1.6545
36 313 849 311.3406
36 314 76 15.5870
36 315 3 0.7415
36 316 59 9.7531
36 317 30 6.1446
36 318 43 7.4946
36 319 4 0.6048
36 320 39 6.5894
36 322 139 36.4192
36 323 115 23.3252
36 324 31 13.2872
36 325 47 14.9261
36 326 2 0.2623
36 327 15 3.0623
36 329 192 37.7154
36 330 3 0.5876
36 332 4 0.5909
36 333 22 6.4002
36 334 2 0.2577
36 335 1 0.0054
36 336 33 8.5818
36 337 84 21.2011
36 339 73 18.6976
36 340 136 25.9365
36 342 90 18.3376
36 343 33 7.0630
36 345 2 0.3265
36 346 412 182.0975
36 348 2 0.3621
36 349 18 4.6009
36 350 69 14.1109
36 353 1 0.1927
36 354 160 37.0714
36 355 20 4.4663
36 356 2 0.3288
36 357 1 0.2667
36 359 86 17.4744
36 361 55 11.4217
36 362 4 0.8927
36 363 20 4.9683
36 366 39 12.5704
36 367 23 4.5404
36 369 23 6.2722
36 370 3 3.7979
36 371 8 1.5925
36 372 29 9.2130
36 373 110 25.1402
36 374 54 9.4895
36 375 1 0.1995
36 377 8 1.3381
36 379 4 1.4642
36 380 37 13.6743
36 381 37 6.4503
36 382 7 1.1774
36 383 2 0.3691
37 0 1 0.2403
37 1 65 14.5609
37 2 1 0.2196
37 3 14 3.2217
37 4 39 8.4340
37 5 81 18.8000
37 6 43 8.8398
37 7 23 6.3539
37 8 66 18.2614
37 9 27 8.1502
37 10 54 16.2114
37 11 6 0.9592
37 12 9 2.6150
37 13 31 7.5160
37 14 8 1.4816
37 15 13 2.8908
37 16 35 8.7739
37 18 15 3.0912
37 19 77 14.5227
37 20 14 2.7298
37 21 45 7.8619
37 22 17 2.8397
37 23 40 14.5300
37 24 1 0.2361
37 26 192 68.3976
37 27 4 0.8580
37 28 9 1.5950
37 29 2 0.5313
37 30 91 33.9586
37 31 9 2.0783
37 32 51 14.9169
37 33 24 4.8299
37 34 8 1.6753
37 35 20 4.5509
37 36 56 14.2633
37 37 75 18.8080
37 38 23 4.0196
37 39 101 27.4136
37 40 14 2.6839
37 42 31 6.8330
37 43 32 8.5361
37 44 6 1.0215
37 45 8 1.6295
37 46 40 18.1505
37 47 8 1.5569
37 49 4 0.9080
37 50 47 10.4709
37 51 99 21.6998
37 52 28 10.1190
37 53 56 18.1145
37 54 50 9.6050
37 55 76 22.4303
37 56 76 17.5372
37 58 53 12.2977
37 59 22 6.4153
37 60 11 1.9317
37 61 13 2.7718
37 64 12 1.7740
37 65 26 5.0724
37 66 28 11.3118
37 67 34 7.4423
37 68 39 14.7654
37 69 2 0.3417
37 70 12 2.6418
37 71 108 24.2144
37 72 18 3.9360
37 73 33 9.4832
37 74 25 5.6635
37 75 2 0.4046
37 76 14 1.9883
37 77 19 4.1482
37 78 81 29.9658
37 79 8 1.6432
37 80 3 0.5641
37 81 6 0.7379
37 82 11 2.2021
37 83 77 24.0438
37 84 14 3.5014
37 85 8 2.9985
37 86 4 0.6616
37 89 5 0.9275
37 90 24 4.4556
37 91 5 0.9567
37 93 8 1.7567
37 94 3 0.7016
37 95 32 8.7421
37 97 27 6.4370
37 98 3 0.6641
37 99 1 0.1713
37 100 22 8.9262
37 101 5 1.3135
37 102 14 3.2222
37 103 2 0.4046
37 104 17 3.1811
37 105 136 56.0009
37 107 37 6.8486
37 109 5 1.2592
37 110 54 18.0195
37 111 3 0.5594
37 112 36 8.2240
37 113 28 4.6938
37 114 1 0.1505
37 116 54 15.2793
37 117 42 7.2337
37 118 4 0.7229
37 119 56 9.5966
37 121 36 9.3938
37 122 1 0.1590
37 123 12 3.1454
37 124 26 6.3481
37 125 5 0.8490
37 126 20 5.1422
37 127 13 2.3627
37 128 127 39.6798
37 129 11 2.1284
37 130 66 13.0337
37 131 28 5.9376
37 132 62 12.2280
37 134 1 0.1374
37 135 80 22.0178
37 136 25 4.9221
37 138 61 11.5904
37 140 4 0.7307
37 141 23 7.8753
37 142 2 0.2990
37 144 28 7.2606
37 145 4 0.7970
37 147 16 3.0613
37 148 28 5.5699
37 149 1 0.1617
37 150 3 0.4645
37 151 3 0.5177
37 154 2 0.4016
37 155 7 1.4799
37 156 14 3.0799
37 157 31 7.7668
37 158 36 6.4824
37 159 1 0.1523
37 160 39 9.2768
37 161 14 3.1377
37 162 37 7.6317
37 163 49 9.6369
37 164 4 0.8325
37 165 51 10.8647
37 166 19 4.1391
37 167 43 10.6553
37 168 70 14.0571
37 169 2 0.1891
37 170 1 0.1724
37 171 23 7.4258
37 172 31 6.0129
37 173 7 1.1957
37 174 78 19.9916
37 176 66 19.1992
37 177 67 13.4285
37 178 13 2.5611
37 179 127 26.8569
37 180 5 0.9153
37 181 217 51.3401
37 182 41 13.9538
37 183 10 1.8976
37 184 8 1.3090
37 185 1 0.1962
37 186 80 21.3986
37 187 1 0.0003
37 188 26 5.3526
37 189 9 1.7440
37 190 15 3.1970
37 191 3 0.6140
37 194 42 10.5159
37 195 8 1.4169
37 196 4 0.8001
37 197 26 9.8824
37 198 41 9.4045
37 201 21 3.9999
37 202 5 2.3220
37 203 3 0.3898
37 204 20 3.8284
37 205 16 3.0926
37 207 4 0.6698
37 208 53 10.6875
37 209 14 2.5821
37 212 4 0.9784
37 214 134 29.1878
37 215 4 0.7721
37 217 106 19.8980
37 218 156 36.5625
37 219 50 9.8783
37 220 14 2.6630
37 223 6 1.4082
37 224 60 17.4021
37 225 100 18.2890
37 226 1 0.1507
37 227 47 10.0617
37 228 13 2.5472
37 230 47 12.1192
37 232 26 7.0802
37 233 173 36.1319
37 234 159 31.7695
37 235 1 0.1669
37 236 8 1.6095
37 237 2 0.3464
37 238 23 5.3536
37 239 7 2.0073
37 240 34 6.3229
37 242 10 2.1191
37 243 3 0.3889
37 245 24 11.0925
37 246 7 1.1524
37 247 23 3.7264
37 248 23 5.5920
37 249 4 0.8448
37 250 10 3.0545
37 251 8 1.3145
37 252 22 4.4185
37 253 16 3.1537
37 254 5 1.0660
37 255 1 0.2005
37 256 41 12.4265
37 257 10 1.6616
37 258 74 16.4608
37 259 34 9.4013
37 260 13 3.5117
37 262 9 1.7561
37 263 7 2.2387
37 264 1 0.1299
37 265 37 7.6160
37 266 4 0.7516
37 267 5 0.8706
37 268 10 2.1308
37 269 1 0.1618
37 270 6 1.2121
37 271 58 12.0450
37 272 51 18.8590
37 273 9 2.7843
37 274 5 0.9102
37 275 40 8.7117
37 276 10 1.9792
37 278 5 0.9528
37 279 201 39.8230
37 280 2 0.5888
37 281 37 7.7816
37 282 142 34.1060
37 283 1 0.1467
37 284 2 0.3283
37 285 39 14.7735
37 286 7 1.6534
37 287 194 56.7218
37 288 9 2.1650
37 289 9 1.8034
37 290 3 3.7139
37 291 4 0.7040
37 292 82 15.7231
37 294 4 0.5450
37 295 8 1.7501
37 296 7 1.5719
37 297 12 2.5849
37 298 94 23.4740
37 300 27 5.6258
37 301 14 4.4934
37 302 15 4.7417
37 303 6 1.0048
37 304 29 5.8008
37 305 10 1.7908
37 307 25 9.8019
37 308 32 8.4576
37 310 64 17.8948
37 311 14 2.7583
37 314 1 0.1613
37 315 48 12.5992
37 316 62 14.7367
37 317 12 2.4384
37 318 14 2.4211
37 319 3 0.4959
37 320 10 1.6603
37 321 34 6.7612
37 322 74 38.3303
37 326 5 0.9504
37 327 29 5.0659
37 328 1 0.0698
37 329 12 2.4174
37 330 46 9.3364
37 331 5 1.3902
37 333 17 4.2168
37 334 18 4.4064
37 336 1 0.1741
37 337 5 1.0708
37 338 109 45.5931
37 339 165 33.8442
37 340 2 0.1954
37 341 36 9.0517
37 343 48 15.6316
37 344 68 14.2180
37 345 86 15.1291
37 346 33 5.3965
37 347 3 0.5181
37 348 14 3.1475
37 349 5 1.6075
37 350 20 4.1268
37 351 5 1.1038
37 352 11 2.1355
37 353 15 2.8482
37 354 55 19.1309
37 355 2 0.3541
37 357 7 1.1210
37 358 48 15.8150
37 359 89 16.5674
37 360 12 2.4691
37 361 10 2.9612
37 364 10 1.8350
37 365 4 0.8591
37 366 58 14.5707
37 367 18 5.3822
37 368 40 7.7121
37 369 3 0.5457
37 370 17 5.8726
37 371 1 0.2142
37 372 103 20.1587
37 373 24 6.9890
37 374 7 1.3762
37 375 11 3.9807
37 377 58 16.6207
37 378 32 6.7285
37 379 3 0.5556
37 380 726 181.2004
37 381 185 58.3357
37 382 9 2.2265
38 0 3 0.7186
38 1 6 0.5957
38 2 17 3.0964
38 4 6 0.9057
38 6 54 16.6791
38 7 12 2.1110
38 8 13 2.2082
38 9 8 1.6184
38 10 3 0.4418
38 12 42 8.2065
38 13 35 7.3044
38 14 2 0.2768
38 15 5 0.9719
38 16 18 2.8806
38 17 39 8.4401
38 18 4 0.6246
38 19 22 7.1425
38 20 10 2.6799
38 21 119 24.8713
38 23 15 4.7052
38 24 257 65.1882
38 25 7 1.5313
38 26 41 9.9504
38 28 37 6.9338
38 29 2 0.3525
38 30 158 50.3410
38 31 74 24.1924
38 32 2 0.2771
38 33 40 22.2030
38 34 1 0.1641
38 35 48 11.3300
38 37 5 1.3962
38 38 5 0.8596
38 39 1 0.2672
38 40 23 5.5665
38 41 11 1.8483
38 43 38 15.9323
38 44 14 3.8834
38 45 2 0.3202
38 47 1 0.1452
38 48 3 0.4535
38 49 14 2.7410
38 50 17 4.9742
38 51 23 4.8200
38 53 3 0.5160
38 54 27 9.5514
38 55 42 7.1786
38 58 21 4.3912
38 59 45 11.8564
38 60 21 4.0302
38 61 17 2.6250
38 62 2 0.2643
38 63 8 1.9384
38 64 50 24.2725
38 65 2 0.2308
38 66 5 0.7779
38 67 116 26.5198
38 68 20 3.4176
38 69 23 5.5801
38 70 188 73.1264
38 71 13 2.7848
38 73 22 4.0575
38 74 11 2.0285
38 75 8 1.7427
38 76 4 0.9275
38 79 31 5.6539
38 80 118 38.2091
38 81 19 3.6899
38 82 23 4.3113
38 83 60 14.2087
38 85 4 0.8538
38 86 29 8.1154
38 87 22 6.5560
38 88 119 27.8594
38 89 1 0.3125
38 90 35 11.0382
38 91 47 13.0002
38 93 122 20.5983
38 94 16 4.4555
38 95 45 13.0224
38 96 5 1.5746
38 97 245 47.5217
38 98 50 10.4354
38 99 1 0.1463
38 100 7 0.3191
38 101 4 0.9421
38 103 24 5.7765
38 104 13 2.0998
38 105 7 0.9915
38 108 59 11.1773
38 109 3 0.5195
38 110 41 17.0722
38 112 13 2.1643
38 114 2 0.7469
38 115 54 9.7964
38 116 78 14.5601
38 117 54 14.0430
38 118 32 4.9966
38 119 4 0.8451
38 120 6 0.8899
38 121 1 0.4015
38 122 15 2.7390
38 123 3 1.8273
38 124 1 0.2030
38 125 68 12.9050
38 126 10 1.9763
38 127 1 0.2004
38 130 1 0.0010
38 131 205 47.1640
38 132 2 0.3439
38 133 31 5.4144
38 134 43 9.7385
38 137 8 1.2103
38 138 13 2.1721
38 139 190 39.0216
38 140 3 0.5965
38 141 208 42.6996
38 142 2 0.2519
38 144 48 14.1610
38 145 12 2.4957
38 146 3 0.4357
38 147 36 6.6339
38 148 9 1.7355
38 149 15 2.2568
38 150 22 5.1369
38 151 29 4.9339
38 152 256 64.8900
38 153 51 10.0257
38 154 1 0.1069
38 155 21 3.3770
38 157 16 3.4088
38 158 95 30.2353
38 159 35 7.3224
38 160 2 0.3297
38 162 28 6.3875
38 165 15 2.4580
38 167 86 21.7636
38 168 17 2.4495
38 169 35 5.8334
38 170 44 7.9747
38 171 30 4.4115
38 172 4 0.4885
38 173 21 2.5856
38 174 3 0.4585
38 176 36 9.2012
38 177 41 11.6070
38 179 3 0.4923
38 181 10 1.8861
38 182 7 1.0022
38 183 25 6.8605
38 185 4 0.6021
38 186 26 5.5879
38 187 51 9.3842
38 188 138 22.7134
38 189 38 6.1823
38 190 26 6.6078
38 191 50 14.8270
38 192 33 7.1299
38 193 58 21.8240
38 194 3 0.7050
38 195 9 1.4223
38 196 57 16.0573
38 197 52 13.0345
38 198 5 0.7489
38 199 5 0.9794
38 201 66 19.9244
38 202 22 5.6710
38 203 6 1.3041
38 204 16 3.4256
38 205 4 1.0495
38 206 11 1.8803
38 207 40 9.3712
38 208 75 20.3468
38 209 1 0.1411
38 210 11 3.5597
38 211 24 5.8445
38 212 1 0.1255
38 213 8 1.7194
38 215 18 3.7761
38 216 14 1.9514
38 217 24 8.8923
38 218 6 0.9901
38 219 153 39.7940
38 220 20 2.8786
38 222 5 1.0227
38 224 11 2.0209
38 225 10 2.2454
38 226 149 29.6746
38 227 33 9.3700
38 228 6 0.6790
38 229 1 0.1269
38 230 58 16.7706
38 231 15 4.4804
38 232 19 4.4565
38 233 3 0.5705
38 234 24 9.0969
38 235 9 1.5571
38 236 31 9.1483
38 237 34 13.4881
38 239 42 7.2876
38 240 24 4.5816
38 242 29 7.2349
38 243 12 2.1849
38 245 9 2.9591
38 246 240 90.9866
38 247 20 3.0499
38 249 53 10.6915
38 250 75 55.1104
38 251 6 0.6472
38 252 3 0.4663
38 253 6 0.9808
38 254 29 9.2939
38 255 1 0.1941
38 256 31 5.6242
38 257 33 8.1754
38 258 12 2.6356
38 259 1 0.1454
38 260 84 23.3905
38 261 12 2.9345
38 263 21 6.1611
38 264 69 24.0768
38 265 67 16.4597
38 267 1 0.1221
38 268 63 14.0675
38 269 11 1.8196
38 270 7 1.0561
38 271 14 3.8679
38 272 4 0.6118
38 273 94 36.6023
38 274 6 0.7630
38 276 24 9.8179
38 277 83 21.8910
38 278 22 5.2470
38 280 6 1.5319
38 281 19 3.3994
38 282 46 12.9580
38 283 39 12.1709
38 284 2 0.3958
38 285 45 12.3044
38 286 7 2.1060
38 287 1 0.1682
38 288 48 11.4987
38 289 80 21.6105
38 290 2 0.3826
38 291 37 6.0298
38 292 12 2.0004
38 293 7 1.9391
38 294 1 0.1757
38 295 53 11.3533
38 296 94 19.6648
38 298 6 1.2555
38 299 2 0.3263
38 300 6 0.8477
38 301 64 13.0910
38 302 270 60.9799
38 303 5 1.9457
38 305 37 12.2421
38 306 8 1.0957
38 307 3 0.7895
38 308 4 0.7601
38 309 45 12.3896
38 310 13 2.3391
38 311 16 2.7217
38 312 1 0.1542
38 313 2 0.2186
38 314 22 4.8311
38 315 20 4.1565
38 316 51 10.4908
38 317 32 5.2186
38 318 55 9.3927
38 319 3 0.4306
38 320 7 1.6462
38 321 11 3.3289
38 322 68 20.0992
38 323 7 1.8975
38 325 15 5.4004
38 326 8 1.7751
38 328 10 1.6273
38 329 8 1.2626
38 331 9 1.9077
38 332 3 1.0620
38 334 34 8.3931
38 335 23 5.6920
38 336 5 0.8801
38 337 2 0.2421
38 339 2 0.4452
38 340 13 2.6425
38 342 25 5.3218
38 344 4 0.6213
38 345 20 5.3464
38 346 1 0.1404
38 347 17 3.2968
38 348 5 0.9256
38 349 9 1.7091
38 350 23 4.5136
38 351 34 13.1639
38 352 5 0.8400
38 353 27 7.0310
38 354 23 4.5290
38 355 30 6.2587
38 356 3 0.4536
38 357 11 2.7355
38 359 4 0.5940
38 360 3 0.5196
38 361 24 6.1314
38 363 90 29.9131
38 364 6 1.2669
38 365 1 0.1243
38 366 30 5.6665
38 367 7 0.8801
38 368 7 2.0846
38 369 97 16.0043
38 370 165 31.9575
38 371 17 2.7469
38 373 8 1.2798
38 374 4 0.6396
38 375 69 22.4300
38 376 4 0.6276
38 377 4 0.7631
38 378 28 9.0383
38 379 25 5.2453
38 380 8 2.6219
38 381 2 0.3295
38 382 18 2.9591
38 383 7 4.5638
39 0 46 8.6174
39 1 46 8.7818
39 2 1 0.1580
39 3 9 1.0963
39 4 84 26.3586
39 5 1 0.1820
39 6 72 15.1477
39 7 111 73.8623
39 8 26 3.4282
39 9 1 0.2516
39 10 25 4.5401
39 11 8 0.4673
39 12 4 0.3786
39 13 7 0.9307
39 14 93 40.9652
39 15 19 7.6921
39 18 103 19.1555
39 19 7 0.4577
39 20 57 11.7122
39 21 9 0.8582
39 23 18 0.2758
39 24 45 6.8749
39 25 20 6.8935
39 26 13 3.8168
39 27 119 30.7288
39 28 27 2.8312
39 30 17 3.6711
39 31 3 0.6507
39 32 16 2.5798
39 33 40 8.2656
39 35 21 3.2547
39 36 2 0.2179
39 37 2 0.3598
39 38 1 0.2102
39 40 4 0.5329
39 41 13 2.2881
39 42 11 2.3134
39 44 36 9.0919
39 45 33 13.1001
39 47 26 4.0913
39 48 28 1.2313
39 49 1 0.1100
39 50 14 2.4687
39 51 76 10.4271
39 52 17 1.8800
39 53 1 0.1726
39 54 198 60.1997
39 55 89 12.0100
39 56 5 0.8273
39 58 54 10.7791
39 59 14 3.7014
39 60 1 0.0934
39 61 67 8.7329
39 62 2 0.1391
39 64 29 3.4210
39 65 16 2.3364
39 66 85 23.5080
39 67 4 0.4704
39 68 2 0.1884
39 69 11 1.9016
39 70 12 3.1894
39 71 4 0.6443
39 72 86 21.1577
39 73 13 1.5818
39 75 1 0.2439
39 76 4 0.5486
39 78 5 0.6433
39 80 81 17.5108
39 81 3 0.3490
39 82 26 8.6734
39 83 48 16.3497
39 84 11 2.8705
39 85 29 5.5426
39 86 19 2.2385
39 87 60 35.8988
39 90 2 0.3472
39 91 180 52.1072
39 92 61 16.4588
39 93 27 5.3688
39 94 6 1.7321
39 95 2 0.2066
39 96 41 10.0989
39 97 29 8.2178
39 98 14 1.9257
39 99 23 6.4940
39 100 2 0.2696
39 101 28 6.9310
39 102 41 9.8073
39 103 46 21.3671
39 104 1 0.0560
39 106 8 1.9487
39 109 43 13.2621
39 110 7 1.1192
39 111 11 1.4090
39 112 26 6.4345
39 115 17 2.6301
39 116 32 13.2309
39 117 13 1.6017
39 118 34 12.1726
39 119 72 17.0893
39 120 1 0.1044
39 121 8 1.1166
39 122 31 5.2197
39 123 33 5.6598
39 124 5 0.7565
39 125 30 8.9983
39 126 26 5.9817
39 127 12 2.2894
39 129 6 0.7269
39 131 12 2.0548
39 133 68 15.0389
39 134 5 0.7809
39 135 9 1.3006
39 136 13 2.3303
39 138 1 0.1610
39 139 12 2.8192
39 140 7 1.2974
39 141 48 12.4940
39 142 20 3.9068
39 144 12 2.1438
39 145 34 7.2885
39 146 94 21.8797
39 147 7 1.2450
39 148 1 0.2425
39 149 56 7.5126
39 150 4 0.6108
39 151 99 24.0377
39 152 16 2.6137
39 153 6 0.9240
39 155 120 26.8832
39 156 12 3.3537
39 157 2 0.4546
39 158 5 0.8555
39 159 85 15.5884
39 160 128 20.5337
39 161 21 2.6568
39 164 14 2.8326
39 165 4 0.4433
39 166 55 7.6361
39 167 5 0.2743
39 168 27 13.6054
39 169 17 2.7178
39 170 59 6.5512
39 172 14 2.0613
39 173 4 0.6292
39 174 9 1.1275
39 175 10 0.8696
39 176 42 6.4746
39 178 6 6.6924
39 179 79 14.2037
39 181 129 32.6892
39 183 5 0.5079
39 184 9 1.1594
39 185 12 1.5625
39 186 1 0.0114
39 187 5 0.2863
39 188 13 19.2092
39 189 122 33.7436
39 190 75 26.2105
39 191 1 0.0504
39 192 1 0.0782
39 193 2 1.2628
39 194 16 2.3919
39 195 23 4.2773
39 196 29 6.6200
39 198 30 6.9933
39 199 5 0.4593
39 200 9 3.0798
39 201 7 1.1104
39 202 90 18.7349
39 203 153 60.4148
39 204 20 3.3427
39 205 58 13.8242
39 206 23 3.2554
39 207 25 4.5380
39 208 106 21.1630
39 209 2 0.2503
39 210 14 1.4520
39 212 12 2.8689
39 213 5 0.9923
39 214 2 0.3747
39 215 27 7.8718
39 216 1 0.0195
39 217 6 1.0163
39 218 1 0.0441
39 220 10 2.0093
39 221 25 4.8248
39 222 1 0.2204
39 223 1 0.1480
39 224 140 48.8348
39 225 1 0.0840
39 226 10 1.5347
39 228 34 5.7433
39 229 8 4.2073
39 230 7 1.5305
39 231 120 42.8392
39 232 3 0.3387
39 234 17 1.8278
39 235 33 4.9799
39 236 13 1.9375
39 237 47 17.9903
39 238 3 0.4878
39 240 16 2.0178
39 241 5 0.6390
39 242 4 0.4163
39 243 11 1.6279
39 244 46 10.2565
39 246 6 1.0976
39 247 10 1.4445
39 248 1 0.1209
39 250 10 1.2464
39 252 13 2.1582
39 254 9 1.2366
39 255 71 20.5363
39 256 42 9.0076
39 257 22 3.9835
39 258 28 2.6400
39 259 2 0.2481
39 260 9 1.4675
39 261 13 2.7160
39 262 4 0.7402
39 263 11 0.9894
39 264 13 1.3857
39 266 22 3.6790
39 268 45 15.4148
39 269 58 16.6561
39 271 1 0.1548
39 272 8 2.1481
39 273 7 1.8134
39 274 1 0.1154
39 275 16 2.5459
39 276 83 14.6351
39 277 13 3.5310
39 278 4 0.4567
39 279 56 9.2356
39 281 37 8.5156
39 282 3 0.3132
39 283 46 10.7036
39 284 38 8.6173
39 285 21 2.4904
39 286 76 13.6811
39 287 1 0.0392
39 289 12 2.7779
39 291 9 1.1139
39 293 20 3.9919
39 294 23 3.1197
39 295 37 4.7422
39 296 34 10.6985
39 297 2 0.2111
39 298 7 1.4583
39 300 2 0.2792
39 301 1 0.0808
39 303 66 16.5576
39 304 19 3.0576
39 306 16 2.5953
39 307 97 24.4908
39 308 23 2.7304
39 309 16 2.4945
39 310 1 0.1469
39 311 23 3.7371
39 312 27 4.7722
39 313 10 1.4886
39 314 33 18.6741
39 315 3 0.6383
39 317 4 1.1933
39 318 31 18.7085
39 319 39 8.9073
39 322 36 7.5154
39 323 2 0.1899
39 324 2 0.2999
39 325 2 0.1858
39 326 99 30.9389
39 327 2 0.1298
39 328 20 3.9342
39 330 146 40.9561
39 331 24 4.8058
39 332 1 0.0577
39 334 9 1.9889
39 335 22 2.9965
39 336 195 44.7685
39 337 4 0.6469
39 339 6 1.1660
39 341 16 4.2414
39 342 6 0.9020
39 343 11 3.4754
39 346 53 16.4713
39 348 16 3.0715
39 349 226 74.9133
39 350 1 0.0123
39 351 18 2.6409
39 352 35 10.0883
39 353 3 0.2992
39 354 34 12.4397
39 355 54 19.0572
39 356 88 24.3283
39 357 44 23.4352
39 358 7 1.1236
39 359 41 10.8157
39 360 38 15.9233
39 361 26 2.5450
39 362 24 7.4470
39 363 22 4.3612
39 364 2 0.2472
39 365 8 0.8387
39 366 4 0.2751
39 367 46 8.9032
39 368 204 59.9279
39 369 4 0.3392
39 370 31 3.6112
39 371 42 5.8907
39 373 6 0.7023
39 374 22 2.6413
39 375 3 0.6671
39 377 23 3.4495
39 379 70 16.1432
39 380 14 1.8457
39 381 33 6.1094
39 382 64 23.7594
39 383 12 1.7163
