# layer expert count weight_sum
0 0 451 185.0576
0 1 16 2.8337
0 2 738 176.8306
0 4 115 39.3560
0 5 136 38.9262
0 6 46 9.1202
0 7 85 18.4005
0 8 187 80.8662
0 9 232 82.0577
0 10 22 4.9050
0 11 193 37.5628
0 12 93 24.7462
0 14 202 41.8640
0 15 351 65.7873
0 16 8 1.3206
0 17 387 93.7527
0 18 121 24.9211
0 19 35 7.7085
0 20 84 15.7790
0 21 40 8.3237
0 22 110 27.5038
0 23 1 0.2811
0 24 57 10.2400
0 25 137 24.6561
0 26 32 5.2422
0 27 55 10.5897
0 28 353 84.7140
0 29 329 61.6052
0 30 328 70.2317
0 31 129 26.9847
0 32 68 13.7588
0 33 84 15.9292
0 34 89 16.8793
0 35 630 161.5362
0 36 186 43.0390
0 37 4 0.6726
0 38 202 46.8351
0 39 1118 250.4532
0 40 432 138.1203
0 41 295 73.3183
0 42 52 20.0121
0 43 91 16.7867
0 44 166 32.6966
0 45 102 24.9893
0 46 15 2.5710
0 47 111 21.9320
0 48 76 23.7928
0 49 162 35.3700
0 51 15 2.8779
0 52 4 0.8122
0 53 58 9.8507
0 54 27 5.1149
0 55 145 30.4543
0 56 62 11.8083
0 57 1 0.1881
0 58 112 23.1702
0 59 96 19.6413
0 60 21 3.4820
0 61 99 32.8215
0 62 13 2.5933
0 63 40 7.1032
0 64 167 50.3116
0 65 62 11.9830
0 66 14 2.5610
0 67 88 28.6514
0 68 209 40.8060
0 69 338 83.8509
0 70 182 29.2972
0 71 87 20.3993
0 72 310 61.8347
0 73 331 86.7613
0 74 51 9.8044
0 75 79 14.5970
0 76 6 1.3502
0 77 165 58.0330
0 78 217 41.1145
0 80 2 0.5048
0 81 209 46.1049
0 82 141 25.2703
0 83 13 2.7716
0 84 122 29.1038
0 85 86 22.8730
0 86 294 66.2397
0 87 74 14.0351
0 88 190 37.1315
0 89 125 21.6572
0 90 10 1.7610
0 91 8 0.9491
0 92 30 6.1810
0 94 128 29.6015
0 95 18 4.1671
0 96 135 43.3530
0 97 408 86.7175
0 98 21 8.3060
0 99 26 5.6356
0 100 8 1.2393
0 101 342 125.1455
0 102 336 58.3958
0 103 1 0.2664
0 104 113 47.8469
0 105 368 72.7392
0 106 13 2.1113
0 107 98 18.0994
0 108 298 65.7964
0 109 175 44.0575
0 110 257 102.1269
0 111 219 55.1814
0 112 131 47.1698
0 113 85 16.6350
0 114 50 8.9170
0 115 197 47.2934
0 116 887 188.2621
0 117 104 26.1922
0 118 191 42.0983
0 119 79 12.8756
0 120 104 18.8796
0 121 20 3.0316
0 123 26 4.4679
0 124 100 19.9438
0 125 43 7.3864
0 126 77 17.4869
0 127 91 21.5459
0 128 88 32.7574
0 129 161 26.3899
0 130 1025 319.8947
0 131 316 60.0988
0 132 29 4.6293
0 133 337 63.2619
0 134 118 41.1458
0 135 97 17.2585
0 136 152 41.9324
0 138 644 167.1892
0 139 1 0.2377
0 140 61 15.6677
0 141 203 51.9803
0 142 129 33.7861
0 143 438 111.9707
0 144 32 7.4975
0 145 149 35.8516
0 146 70 14.6152
0 147 196 51.3342
0 148 134 28.3183
0 149 265 72.2017
0 150 19 3.1795
0 151 108 25.9844
0 152 171 41.2302
0 153 31 6.0959
0 154 497 117.1750
0 155 36 14.4083
0 156 701 159.7231
0 157 68 15.9832
0 158 240 53.1579
0 159 399 101.9617
0 160 31 5.0168
0 161 282 53.6457
0 162 105 23.7936
0 163 143 30.2528
0 164 118 23.2979
0 165 91 19.8399
0 166 126 24.3893
0 167 172 40.1983
0 168 177 33.8510
0 169 290 103.9555
0 170 79 24.1616
0 171 53 10.9476
0 172 237 104.3842
0 173 115 43.3918
0 174 368 124.2710
0 175 45 8.5225
0 176 272 55.1156
0 177 51 9.0672
0 178 91 17.0781
0 179 7 1.2150
0 180 589 110.2212
0 181 298 63.3141
0 182 13 2.4889
0 183 597 238.2541
0 184 109 19.8997
0 185 156 26.1442
0 186 101 25.9892
0 187 103 20.2095
0 188 293 107.7866
0 189 229 41.8609
0 190 16 2.5489
0 191 183 36.2274
0 192 88 16.9693
0 193 73 23.0213
0 194 56 11.9239
0 195 77 14.8369
0 196 68 14.7393
0 197 327 72.3373
0 198 316 69.6013
0 199 20 3.3619
0 200 37 6.3873
0 201 51 21.0999
0 203 107 37.4968
0 204 48 9.8025
0 205 428 126.9105
0 206 53 14.1775
0 207 192 49.4725
0 208 246 50.7797
0 209 59 13.5470
0 210 3 0.6276
0 211 103 17.2607
0 212 20 4.4318
0 213 143 39.2617
0 214 12 2.4371
0 215 183 34.0909
0 216 334 89.9899
0 217 39 6.9642
0 219 110 15.9297
0 220 39 7.9095
0 221 7 1.2674
0 222 136 26.4244
0 223 153 31.3411
0 224 40 6.8410
0 225 418 95.2067
0 226 8 1.6602
0 227 81 15.5547
0 228 65 11.3631
0 229 408 109.5364
0 230 77 16.7796
0 231 129 27.4934
0 232 376 116.3865
0 233 1 0.1533
0 234 334 86.7115
0 235 14 3.0931
0 236 119 20.2711
0 237 529 148.4379
0 238 278 84.9818
0 239 45 7.5856
0 240 6 1.2116
0 241 169 41.6840
0 242 551 138.1802
0 243 13 2.1143
0 244 14 2.6624
0 245 262 44.6953
0 246 47 8.4366
0 247 43 11.4858
0 248 254 59.6118
0 250 81 15.6145
0 251 147 39.7886
0 252 60 9.9359
0 253 115 21.8331
0 254 4 0.7846
0 255 59 9.5849
0 256 176 37.1525
0 257 210 59.8937
0 258 3 0.6981
0 259 156 25.3386
0 260 326 112.3080
0 261 130 44.6550
0 262 272 71.5341
0 263 300 114.6955
0 264 29 5.2454
0 265 7 1.2155
0 266 222 57.4710
0 267 222 120.8345
0 268 362 128.8685
0 269 207 48.0684
0 270 23 6.6681
0 271 55 11.0407
0 272 34 7.0511
0 273 30 4.8376
0 274 109 27.2791
0 275 298 97.8190
0 276 433 112.4589
0 277 9 2.5689
0 278 78 16.1056
0 279 83 15.4377
0 280 168 34.7095
0 281 25 6.4165
0 282 179 44.3721
0 283 113 25.4779
0 284 167 35.6839
0 285 232 58.1756
0 286 102 23.3896
0 287 28 5.6021
0 288 94 16.8383
0 289 456 142.3382
0 290 160 48.3161
0 291 130 24.0637
0 292 8 1.9323
0 293 132 36.2932
0 294 103 24.2476
0 295 269 91.7696
0 296 371 92.1443
0 297 132 33.1557
0 298 17 3.1623
0 299 274 57.1812
0 300 439 113.3852
0 301 291 59.3999
0 302 84 38.3797
0 303 99 18.6028
0 304 78 22.3657
0 305 183 34.2217
0 306 127 34.0893
0 307 159 31.0724
0 308 121 23.6448
0 309 63 9.8556
0 310 421 127.2141
0 311 240 52.1059
0 312 53 10.0453
0 313 1 0.1487
0 314 266 52.9268
0 315 11 2.3211
0 316 222 82.9324
0 317 260 63.1937
0 318 54 22.0939
0 319 58 9.6593
0 320 101 19.3718
0 321 132 27.4449
0 322 215 80.4743
0 323 1859 603.7005
0 324 82 18.0923
0 325 76 15.3230
0 326 89 15.3652
0 327 132 27.0110
0 328 138 31.4690
0 329 98 31.2693
0 330 377 94.3237
0 331 217 43.8398
0 332 102 20.7057
0 333 42 9.2909
0 334 134 26.1590
0 335 29 6.8801
0 336 4 0.8044
0 337 263 61.4034
0 338 230 58.3052
0 339 44 8.1591
0 340 10 2.1783
0 341 431 123.9359
0 342 286 51.3081
0 343 199 40.1526
0 344 17 2.9604
0 345 159 27.1290
0 346 187 33.5737
0 347 39 24.0868
0 348 252 60.3212
0 349 132 25.8235
0 350 137 27.4096
0 351 165 42.7590
0 352 243 55.9930
0 353 135 24.1558
0 354 127 22.1943
0 355 163 38.7610
0 356 32 5.3979
0 357 97 25.2483
0 358 57 12.2848
0 359 132 23.6103
0 360 11 2.2277
0 361 154 33.3659
0 362 33 7.7447
0 363 51 10.4259
0 364 30 5.8619
0 365 53 9.0832
0 366 423 88.8206
0 367 245 57.0231
0 368 78 16.3770
0 369 73 16.4620
0 370 224 42.2927
0 371 54 9.7973
0 372 42 6.2957
0 374 40 7.3239
0 375 82 15.8434
0 376 18 3.4183
0 377 56 11.4616
0 378 147 52.9503
0 379 68 21.0602
0 380 52 10.5675
0 381 144 31.2862
0 382 68 12.1575
0 383 42 8.3280
1 0 1023 299.0999
1 1 33 7.0327
1 2 48 10.5874
1 3 62 13.6930
1 4 96 23.5956
1 5 1328 329.5456
1 6 54 11.4868
1 7 197 46.6322
1 8 107 28.7464
1 9 1 0.2328
1 10 100 23.3354
1 11 312 100.5651
1 12 136 43.0627
1 13 10 1.9726
1 14 114 34.9750
1 15 211 47.1245
1 17 2 0.3312
1 18 53 11.6920
1 19 227 54.0210
1 20 195 69.0649
1 21 38 7.5707
1 22 82 21.4156
1 23 202 45.5843
1 24 118 29.1438
1 25 137 31.1498
1 26 455 101.3180
1 27 5 1.0552
1 28 66 13.7405
1 29 1 0.2139
1 30 163 33.3318
1 31 13 2.3593
1 32 25 5.2404
1 33 299 68.5264
1 34 66 14.7503
1 35 103 21.9045
1 36 16 3.4226
1 37 16 3.1750
1 38 106 24.4060
1 39 210 47.1551
1 41 57 11.8863
1 42 47 10.5999
1 43 68 13.6960
1 44 4 0.7516
1 45 288 86.9049
1 46 58 12.9485
1 47 369 90.8146
1 48 81 16.9451
1 49 411 124.2868
1 50 51 11.2692
1 51 150 33.9385
1 52 82 17.3855
1 53 123 29.0722
1 54 167 38.8828
1 55 30 6.1261
1 56 79 28.2010
1 57 232 54.3808
1 58 4 0.7965
1 59 128 32.8727
1 60 90 20.9102
1 61 220 45.4392
1 62 59 25.0195
1 63 116 24.5858
1 64 539 148.2021
1 65 38 8.1843
1 66 227 70.6122
1 67 674 173.5317
1 68 53 16.3347
1 69 24 5.5236
1 70 91 20.6883
1 71 158 34.3915
1 72 75 18.9367
1 73 62 13.8358
1 75 490 197.0324
1 76 4 0.9915
1 77 71 14.4033
1 78 2 0.4195
1 79 1 0.1799
1 80 48 10.3851
1 81 27 5.5903
1 82 156 43.3086
1 83 22 4.6096
1 84 114 25.2594
1 85 1566 333.8277
1 86 13 3.1682
1 87 88 32.8977
1 88 427 98.0184
1 89 44 10.3089
1 90 8 1.7791
1 91 97 24.6449
1 92 171 41.8534
1 93 276 61.2062
1 94 48 8.8331
1 95 38 7.6974
1 96 13 2.5270
1 97 283 72.7217
1 98 267 81.1736
1 99 15 2.7254
1 100 198 43.1306
1 101 13 3.8049
1 102 90 19.7899
1 103 116 26.1497
1 104 232 60.2053
1 105 34 6.7230
1 106 492 112.1353
1 107 75 15.5777
1 108 285 83.1437
1 109 165 37.4780
1 110 754 224.9627
1 111 56 11.8345
1 112 203 46.5240
1 113 115 33.6038
1 114 122 37.3060
1 115 39 8.5079
1 116 20 4.5024
1 117 216 53.2529
1 118 35 7.4904
1 119 61 19.5701
1 120 211 50.6502
1 121 176 39.2050
1 122 439 107.1608
1 123 22 5.1048
1 124 22 6.7486
1 125 168 35.4994
1 126 17 3.8637
1 127 269 70.3341
1 128 145 31.5689
1 129 163 42.9528
1 130 205 51.0971
1 131 467 129.1897
1 133 204 60.6816
1 134 524 147.8907
1 135 445 113.6873
1 136 58 12.7557
1 137 35 10.7836
1 138 86 18.9942
1 139 1 0.1922
1 140 2 0.4906
1 141 144 33.1874
1 142 14 3.1598
1 143 31 7.0685
1 144 115 29.4864
1 145 21 4.3309
1 146 78 17.7166
1 147 185 43.6086
1 148 113 29.6508
1 149 21 5.4984
1 150 130 33.4144
1 151 61 20.4746
1 152 25 5.7553
1 153 4 1.5205
1 154 44 9.6585
1 155 622 161.5814
1 156 156 35.6037
1 157 107 35.8117
1 158 234 69.0353
1 159 445 116.1752
1 160 299 67.6660
1 161 319 76.0629
1 162 98 21.8315
1 163 118 25.1801
1 164 47 12.2844
1 165 28 6.0834
1 166 113 25.9304
1 167 46 9.7492
1 168 134 37.3293
1 169 113 23.6949
1 170 71 15.1182
1 171 29 6.5920
1 172 51 10.5134
1 173 290 79.2992
1 174 20 4.1189
1 175 143 32.3240
1 176 279 73.4026
1 177 150 43.5931
1 178 45 9.0076
1 179 26 5.0298
1 180 381 97.9400
1 181 53 10.5765
1 182 59 11.3159
1 183 39 9.4060
1 184 116 25.4915
1 185 267 57.4846
1 186 395 104.1409
1 187 103 22.4015
1 188 45 15.6140
1 189 39 8.5934
1 190 19 4.0706
1 191 246 76.5094
1 192 105 31.2978
1 193 1483 452.6204
1 194 105 23.8814
1 195 147 32.4425
1 196 28 6.4104
1 197 36 7.6119
1 198 43 9.8614
1 199 98 19.7534
1 200 135 33.9207
1 201 15 3.0583
1 202 86 19.3921
1 203 59 13.2784
1 204 6 1.3693
1 206 270 62.0171
1 207 24 4.5395
1 208 107 22.3748
1 209 96 19.9514
1 210 44 9.9372
1 211 127 28.4869
1 212 234 51.7626
1 213 743 171.5932
1 214 128 33.1661
1 215 263 58.5976
1 216 101 22.3754
1 217 285 79.9947
1 218 112 27.6949
1 219 138 43.6176
1 220 51 11.4639
1 221 54 11.8065
1 222 145 31.1421
1 223 92 20.9548
1 224 127 28.6647
1 225 1 0.2430
1 226 40 8.8329
1 227 126 30.2134
1 228 417 87.7800
1 229 41 8.9869
1 230 272 59.7177
1 231 17 4.0178
1 232 104 23.3135
1 233 70 15.7973
1 234 156 33.0637
1 235 83 17.3415
1 236 452 97.2921
1 237 28 6.2478
1 238 21 4.3127
1 239 15 3.1747
1 240 174 51.1425
1 241 97 21.9740
1 242 145 32.2403
1 243 34 7.4036
1 244 155 55.9781
1 245 83 17.9179
1 246 58 12.3814
1 247 151 37.2404
1 248 144 33.0803
1 249 4 1.5422
1 250 4 1.3400
1 251 321 105.2014
1 252 65 14.0668
1 253 182 43.5820
1 254 270 59.8643
1 255 153 36.2293
1 256 33 6.7532
1 257 73 15.6266
1 258 52 10.8937
1 259 1083 301.6474
1 260 367 86.2844
1 261 3 0.4623
1 262 69 14.6989
1 263 190 41.6023
1 264 5 1.2244
1 265 133 34.3284
1 266 139 30.6989
1 267 80 17.5897
1 268 45 10.0748
1 269 29 6.1761
1 270 160 39.8288
1 271 161 36.5951
1 272 67 14.3380
1 273 108 25.9026
1 274 268 67.6210
1 275 107 22.5954
1 276 4 1.3429
1 277 71 16.3214
1 278 9 2.0041
1 279 100 21.6873
1 280 312 69.7102
1 281 97 20.4019
1 282 11 2.5135
1 283 261 67.9266
1 284 154 34.7146
1 285 83 16.9647
1 286 15 3.0862
1 287 44 9.3760
1 288 54 11.5626
1 289 75 20.7791
1 290 71 14.6924
1 291 26 4.9424
1 292 134 41.6942
1 293 95 21.2388
1 294 263 65.8083
1 295 72 15.9566
1 296 91 19.0357
1 297 714 183.6071
1 298 53 11.8333
1 299 86 18.7669
1 300 60 12.6764
1 301 60 13.5682
1 302 86 19.7113
1 303 11 2.3189
1 304 58 12.6650
1 305 51 11.1193
1 306 395 119.4853
1 307 71 22.5167
1 308 6 1.3410
1 310 177 40.4750
1 311 87 18.4308
1 312 65 15.0265
1 313 260 58.7077
1 314 101 21.0951
1 315 15 3.5835
1 316 289 75.7612
1 317 14 4.2360
1 318 1040 258.3810
1 319 342 76.1414
1 320 117 24.5816
1 321 53 11.0211
1 322 514 121.1045
1 323 286 64.3579
1 324 280 62.8673
1 325 37 7.0885
1 326 102 22.9172
1 327 129 26.8445
1 328 106 25.4897
1 329 51 13.3412
1 330 286 63.7761
1 331 6 1.0932
1 332 299 64.0959
1 333 245 54.3107
1 334 51 11.3893
1 335 3 0.5306
1 336 267 81.0844
1 337 260 59.0218
1 338 38 8.3363
1 339 101 22.9431
1 340 1382 330.8453
1 341 265 93.3273
1 342 50 10.8996
1 343 157 41.0190
1 344 134 28.3997
1 345 13 2.7051
1 346 64 15.0238
1 347 82 17.5939
1 348 17 3.8493
1 349 369 99.3060
1 350 294 66.3834
1 353 86 17.0601
1 354 31 6.5269
1 355 39 8.9179
1 356 112 25.0752
1 357 12 2.1326
1 358 27 6.3259
1 359 10 1.6262
1 360 210 46.9105
1 361 1253 329.1741
1 362 55 12.5276
1 363 35 7.5608
1 364 82 18.2964
1 365 65 18.3150
1 366 89 20.0627
1 367 2 0.4363
1 368 61 13.3359
1 369 255 62.7995
1 370 220 51.4603
1 371 190 42.6133
1 372 102 25.7327
1 373 276 72.6070
1 374 29 7.3004
1 375 147 42.1450
1 376 47 9.6195
1 377 476 137.9608
1 378 104 22.6804
1 379 171 53.8893
1 380 140 32.2603
1 381 514 102.1472
1 382 30 10.8199
1 383 16 3.0635
2 0 1 0.2467
2 1 436 102.1989
2 2 30 6.7765
2 3 56 15.3336
2 4 15 3.3965
2 5 1 0.2240
2 6 260 67.2703
2 7 157 35.0370
2 8 481 106.5859
2 9 202 46.3069
2 10 165 41.5259
2 11 1 0.2316
2 12 175 36.8252
2 13 30 6.1289
2 14 11 2.0720
2 15 108 29.7215
2 16 131 31.1674
2 18 5 1.1037
2 19 17 4.1243
2 20 85 20.4768
2 21 57 13.6937
2 22 3 0.7525
2 23 115 25.7770
2 24 72 14.4275
2 25 127 26.5626
2 26 67 11.6910
2 27 717 162.9582
2 29 4 0.7455
2 30 99 21.9471
2 31 206 45.0846
2 32 145 36.0446
2 33 95 19.7898
2 34 21 4.8387
2 35 1436 375.8513
2 36 6 1.4014
2 37 6 1.1290
2 39 13 2.5222
2 40 107 24.9901
2 41 250 53.4050
2 42 729 199.2062
2 43 12 2.7500
2 45 64 12.3476
2 46 104 24.0596
2 47 48 10.4654
2 48 77 17.1759
2 49 150 48.5281
2 50 105 36.5661
2 51 17 3.5958
2 52 6 1.1654
2 53 230 64.5241
2 54 23 4.5787
2 55 5 1.1068
2 56 39 11.7610
2 57 4 0.8230
2 58 1808 441.4221
2 59 54 12.3323
2 60 23 4.5757
2 62 1 0.2047
2 63 45 9.2467
2 64 44 11.4304
2 65 22 4.8210
2 66 68 15.4686
2 67 166 39.7407
2 68 255 54.8843
2 69 673 147.4926
2 71 45 9.2546
2 72 35 7.3971
2 73 12 2.6197
2 74 163 35.7248
2 75 84 18.7223
2 76 117 29.0313
2 77 470 113.9254
2 78 54 12.3381
2 79 513 113.8908
2 80 27 5.1453
2 81 26 5.3333
2 82 222 51.0170
2 83 58 13.4365
2 84 44 9.3367
2 85 6 1.1793
2 86 14 2.9701
2 87 281 75.4940
2 88 67 14.3163
2 89 364 112.1591
2 90 17 3.9240
2 91 1628 341.8551
2 92 3 0.6486
2 93 83 18.4788
2 94 3 0.6747
2 95 40 9.2219
2 96 560 130.3314
2 97 82 18.6818
2 98 24 5.4080
2 99 138 30.7847
2 100 64 14.2204
2 101 296 85.4358
2 102 384 106.3587
2 103 136 28.8028
2 104 152 32.3081
2 105 3002 825.7082
2 106 15 3.4219
2 107 20 4.5181
2 108 83 18.8316
2 109 13 3.1606
2 110 87 18.9993
2 111 97 19.8886
2 112 6 1.2081
2 113 1 0.2166
2 114 98 34.8394
2 115 284 80.5703
2 116 4 0.7159
2 117 37 7.7355
2 118 255 58.4983
2 119 261 62.8188
2 120 1096 263.7544
2 121 105 30.4669
2 122 31 6.4583
2 123 9 2.0303
2 124 56 19.5302
2 125 217 59.5221
2 126 16 3.1010
2 127 7 1.5981
2 128 359 78.2731
2 129 20 3.7457
2 130 74 25.6057
2 131 1196 269.8056
2 132 560 140.4392
2 133 32 7.3368
2 134 141 48.6032
2 135 189 47.4633
2 136 101 23.1277
2 138 32 8.0282
2 139 155 29.6109
2 140 218 50.0113
2 141 246 75.8880
2 142 218 60.2267
2 143 6 1.2766
2 144 137 30.9394
2 145 75 15.9070
2 146 49 10.9396
2 147 900 219.3215
2 148 54 12.5217
2 150 35 7.6757
2 151 232 53.2214
2 152 151 46.1770
2 153 171 40.1492
2 154 10 1.8809
2 155 10 2.0008
2 156 40 8.6143
2 157 44 9.3101
2 158 359 87.2376
2 159 3 0.5029
2 160 128 25.3982
2 161 1 0.1609
2 162 1 0.1764
2 163 769 209.7146
2 165 285 61.7711
2 166 672 183.0053
2 167 90 18.7754
2 168 18 3.4689
2 169 2 0.3952
2 170 112 29.9954
2 171 2 0.3476
2 172 264 88.4415
2 173 14 3.1319
2 174 73 23.2453
2 175 208 45.0614
2 176 13 3.0316
2 177 214 51.3501
2 178 50 13.8502
2 179 29 6.1847
2 181 119 28.6403
2 182 1 0.2552
2 183 136 29.9584
2 184 51 11.8469
2 185 120 25.9842
2 186 30 6.5122
2 187 119 25.3971
2 188 5 1.0428
2 189 131 28.5259
2 190 25 6.3715
2 191 61 12.5488
2 192 8 1.5828
2 193 95 21.8619
2 194 312 85.3050
2 195 57 14.7407
2 196 68 15.7271
2 198 37 7.9012
2 199 471 118.0243
2 200 233 81.5572
2 201 15 3.3165
2 202 56 12.7862
2 203 180 43.3047
2 204 39 8.3737
2 205 88 24.9022
2 206 330 77.4690
2 207 111 22.7866
2 208 60 12.5417
2 209 114 29.1907
2 210 40 10.3307
2 212 78 17.1400
2 213 738 172.4869
2 214 86 23.1565
2 215 4 0.8571
2 216 865 252.4228
2 217 164 38.2222
2 218 10 2.1746
2 219 140 27.4056
2 220 39 6.8664
2 221 17 4.7954
2 222 100 31.0735
2 223 149 50.8881
2 224 246 65.9011
2 226 436 110.3722
2 227 18 3.0977
2 228 10 2.3983
2 229 34 7.3795
2 230 360 85.7810
2 231 2 0.4855
2 232 65 16.0388
2 233 145 55.1529
2 234 729 211.9930
2 235 32 6.2658
2 236 1 0.1958
2 238 55 11.8653
2 239 64 15.5977
2 240 26 5.8470
2 241 466 105.8140
2 242 192 69.0687
2 243 134 41.5331
2 244 3 0.6093
2 245 1 0.1139
2 246 87 25.8571
2 247 7 1.4673
2 248 10 2.2002
2 249 18 3.2734
2 250 20 3.9129
2 251 6 1.2403
2 252 120 25.6553
2 253 44 10.0034
2 254 485 123.8009
2 255 96 20.7872
2 256 302 74.5139
2 257 25 4.7419
2 260 72 20.2848
2 261 125 26.4929
2 262 217 47.7967
2 263 12 2.7868
2 264 3 0.5479
2 265 183 38.4066
2 266 27 5.9731
2 267 10 2.5139
2 268 36 6.1943
2 269 76 20.4097
2 270 255 60.0471
2 271 91 26.8972
2 272 4 0.8649
2 273 15 3.4266
2 274 6 1.8794
2 275 5 1.2555
2 276 38 8.5846
2 277 44 9.5218
2 278 349 93.2305
2 279 124 46.1046
2 280 138 30.9392
2 281 137 30.8261
2 282 20 4.1410
2 283 67 17.0476
2 284 117 22.5947
2 285 15 3.0820
2 286 48 9.0868
2 288 17 3.5148
2 289 170 37.1031
2 290 66 15.9043
2 291 323 73.4387
2 292 6 0.9948
2 293 134 40.2287
2 294 26 5.4561
2 295 10 2.0769
2 296 152 32.7285
2 297 404 105.0510
2 298 429 110.9613
2 299 54 13.5184
2 300 5 1.0598
2 301 65 12.9340
2 302 94 20.3485
2 303 13 3.3425
2 304 41 8.2003
2 305 433 141.7153
2 306 188 41.7755
2 307 63 20.4116
2 308 116 25.9980
2 310 1 0.2327
2 311 173 39.5751
2 314 51 12.5913
2 315 172 29.2352
2 316 380 119.8413
2 317 1 0.2120
2 318 16 3.1645
2 319 8 1.8490
2 320 353 74.8656
2 321 56 13.9415
2 322 50 10.9117
2 323 1286 322.4714
2 324 114 30.5301
2 326 80 16.3699
2 327 1375 433.3606
2 328 460 103.7332
2 329 59 12.9492
2 330 164 37.4919
2 331 93 20.5585
2 332 48 10.7007
2 333 60 14.0124
2 334 32 6.5033
2 335 62 13.5417
2 336 8 1.3853
2 337 63 23.4936
2 338 12 2.6731
2 339 62 13.7996
2 340 54 11.6512
2 341 10 2.0993
2 342 40 9.4040
2 344 417 100.5312
2 345 53 12.1507
2 347 407 103.7515
2 348 4 1.0013
2 351 155 40.9293
2 352 910 205.6894
2 353 52 13.6177
2 354 76 16.3971
2 355 56 13.1445
2 357 13 3.1200
2 358 539 132.2739
2 359 76 17.1718
2 360 33 6.4680
2 361 10 2.1964
2 362 80 22.9155
2 363 190 42.8702
2 365 62 13.2627
2 366 41 8.8742
2 367 10 2.5138
2 368 32 6.7857
2 369 400 88.3125
2 370 108 27.0916
2 371 1 0.1505
2 372 7 1.4905
2 373 693 155.5646
2 374 10 2.2012
2 375 1360 421.7716
2 376 26 5.5235
2 377 440 101.3604
2 378 26 5.2957
2 379 2 0.4883
2 380 264 61.9515
2 381 51 11.6845
2 382 294 71.0974
2 383 370 81.3109
3 1 27 5.3167
3 2 36 7.7415
3 3 1 0.2272
3 4 80 17.2037
3 5 15 3.1054
3 6 7 1.5547
3 7 39 7.1929
3 8 13 2.3691
3 9 9 1.6939
3 10 22 4.1385
3 11 83 29.2169
3 12 514 90.3419
3 13 700 167.6293
3 14 57 11.3617
3 15 211 64.5948
3 16 55 11.3067
3 17 1275 263.8233
3 18 287 80.3505
3 19 17 3.8346
3 20 1 0.2962
3 21 111 20.0467
3 22 454 132.9526
3 23 14 2.2443
3 24 12 2.8919
3 25 14 3.0818
3 26 10 2.3226
3 27 34 7.0511
3 28 6 1.1983
3 29 9 1.7412
3 31 193 34.1340
3 32 28 5.2642
3 33 47 8.1857
3 34 60 21.1657
3 35 149 33.0253
3 36 2 0.4335
3 37 76 18.3036
3 38 90 24.7636
3 39 3 0.6608
3 40 172 41.1465
3 41 2 0.3906
3 42 2 0.3425
3 43 48 10.2625
3 44 4 0.6483
3 45 16 3.8391
3 48 16 2.9926
3 49 211 59.0809
3 50 19 3.4852
3 51 216 52.4797
3 52 27 5.1629
3 53 41 7.1529
3 54 219 49.9024
3 55 35 7.0861
3 56 159 36.8184
3 57 1 0.1432
3 58 44 8.8011
3 59 23 4.7830
3 61 444 90.6777
3 62 13 2.3306
3 63 1 0.1698
3 64 145 37.9876
3 65 44 9.6263
3 66 193 45.3716
3 67 181 50.3734
3 69 78 18.0806
3 70 10 2.5587
3 71 57 9.5288
3 72 2 0.3439
3 73 20 3.0046
3 74 57 14.0229
3 75 2 0.3664
3 76 4 0.7041
3 78 36 8.6075
3 79 16 3.4928
3 80 50 24.0275
3 81 782 214.7934
3 82 1 0.2581
3 83 232 94.3421
3 84 18 3.0019
3 85 6 1.9743
3 86 33 6.8739
3 87 131 44.5437
3 89 81 17.9010
3 90 52 9.9657
3 91 472 139.4812
3 92 104 27.9146
3 93 94 19.7391
3 94 24 4.2731
3 95 5 0.8719
3 96 2101 497.9887
3 97 2 0.4968
3 98 1 0.1272
3 99 33 7.5893
3 100 83 18.0234
3 101 13 3.2676
3 102 585 150.4904
3 103 22 5.8485
3 104 109 23.7833
3 105 80 17.1886
3 106 58 11.2938
3 107 110 35.9966
3 109 2 0.3650
3 110 411 118.4290
3 111 6 1.2127
3 112 4 0.8255
3 113 5 1.0786
3 114 313 83.1074
3 115 16 3.2239
3 116 29 5.9223
3 117 86 17.6462
3 118 83 16.5547
3 119 200 54.6238
3 120 4 0.7463
3 121 31 6.2111
3 122 63 20.6292
3 123 3 0.4899
3 124 1 0.2327
3 125 7 1.4805
3 126 402 102.2702
3 128 186 41.3486
3 130 34 5.9109
3 131 12 2.0553
3 132 37 8.0702
3 133 1 0.2128
3 134 16 3.4238
3 136 91 21.9929
3 137 3 0.5789
3 138 30 7.3784
3 140 2 0.3309
3 141 53 11.2207
3 142 112 26.1185
3 143 59 9.9367
3 144 117 34.4905
3 145 44 13.2487
3 146 4 0.8562
3 147 2053 445.9246
3 148 76 15.3739
3 149 411 102.1086
3 150 58 27.6260
3 151 39 8.7502
3 152 2 0.4135
3 153 711 152.2531
3 154 47 19.9596
3 155 24 7.6799
3 156 27 5.0202
3 158 3 0.7009
3 159 114 27.4614
3 160 1 0.1419
3 161 93 18.7920
3 163 184 32.9064
3 164 113 23.9773
3 165 132 27.9850
3 166 481 119.2371
3 167 2957 679.2651
3 168 501 111.2923
3 169 88 17.2001
3 170 142 43.2617
3 171 2 0.4545
3 172 83 27.7129
3 173 281 58.6236
3 174 6 1.0900
3 176 835 178.1700
3 177 269 66.3812
3 178 253 54.2499
3 179 27 5.8609
3 180 93 17.0327
3 182 3 0.5081
3 183 10 1.8764
3 184 12 4.0238
3 185 137 29.9137
3 186 360 97.7017
3 189 113 28.5065
3 190 56 10.9799
3 191 96 23.2632
3 192 560 248.5792
3 193 76 25.5729
3 194 209 60.4092
3 195 24 4.5269
3 197 248 69.5191
3 198 10 1.7394
3 199 42 9.0054
3 200 49 9.2645
3 201 6 1.3895
3 202 69 18.9307
3 203 11 2.2520
3 204 5 1.1082
3 205 186 74.4396
3 206 29 8.6387
3 207 81 27.6996
3 208 18 2.6608
3 209 312 98.1730
3 210 14 3.1051
3 211 23 4.1232
3 212 7 1.1207
3 213 45 8.7397
3 214 1003 331.5996
3 215 41 7.3397
3 216 1 0.1572
3 217 72 19.6389
3 218 216 63.8465
3 219 30 5.6186
3 220 94 14.3057
3 221 1 0.2156
3 222 30 6.3304
3 223 7 1.2851
3 224 2433 528.5255
3 225 16 3.7372
3 226 444 97.4316
3 228 74 24.2494
3 229 30 5.3332
3 230 35 7.1216
3 231 26 5.9496
3 232 254 86.5498
3 233 745 220.1042
3 234 31 5.1813
3 236 25 5.1913
3 237 152 41.1290
3 239 19 5.8757
3 240 239 57.6225
3 241 2 0.4074
3 243 12 2.3068
3 244 2 0.3046
3 245 13 3.3864
3 246 185 47.3876
3 247 3 0.8825
3 248 30 6.3092
3 249 176 52.5992
3 250 524 128.4432
3 251 49 10.9265
3 252 336 89.8658
3 253 49 8.6733
3 254 38 11.7569
3 257 301 66.0741
3 258 60 20.4590
3 259 142 32.4016
3 260 161 73.7551
3 262 5573 1334.5342
3 264 29 5.6690
3 265 229 63.4075
3 266 179 48.4936
3 267 34 7.7670
3 268 125 40.3249
3 269 6 1.0161
3 270 908 238.2705
3 271 19 4.7949
3 272 43 9.0560
3 273 3 0.4694
3 274 54 15.1646
3 275 319 73.7149
3 276 19 3.7532
3 277 38 8.6126
3 278 6 1.0879
3 279 291 76.8081
3 280 1 0.2071
3 281 7 1.5022
3 283 107 40.3846
3 285 15 2.6591
3 286 209 49.2776
3 287 1 0.2229
3 288 1054 308.0615
3 289 68 14.2016
3 290 11 2.6736
3 291 66 21.6746
3 293 369 88.4895
3 294 76 21.7648
3 295 17 5.2978
3 296 6 1.3286
3 297 108 26.8554
3 298 187 44.2870
3 299 20 3.3608
3 300 63 11.4608
3 301 5 0.7751
3 302 14 3.8633
3 303 396 104.0155
3 304 571 167.6676
3 305 209 76.2236
3 306 90 18.5250
3 307 15 3.1089
3 308 3 0.5434
3 309 9 1.9268
3 310 24 5.8570
3 312 468 155.7252
3 313 3 0.4612
3 314 6 1.0566
3 315 6 1.3281
3 316 24 5.3334
3 317 241 50.5971
3 318 2 0.3785
3 319 46 8.5390
3 320 79 14.9483
3 321 47 8.6894
3 322 3 0.6260
3 323 4 0.6962
3 324 152 27.3720
3 325 65 10.9456
3 326 4 0.9037
3 327 41 11.9427
3 329 86 17.3724
3 330 777 190.3913
3 331 1 0.2162
3 332 51 15.1607
3 333 6 1.1945
3 334 63 12.4124
3 335 12 2.5037
3 336 26 6.8177
3 337 390 99.7224
3 338 75 19.0560
3 339 82 15.5321
3 343 59 10.5941
3 344 47 9.4131
3 345 9 1.5550
3 346 26 5.0030
3 347 4 0.8927
3 349 3210 843.3887
3 350 77 19.9655
3 351 3 0.5336
3 352 35 6.5256
3 353 27 9.7270
3 354 11 2.0067
3 355 24 4.7380
3 356 23 3.2421
3 357 2828 692.9360
3 358 38 7.6732
3 359 120 55.4104
3 360 89 29.8643
3 361 3 0.7037
3 362 1 0.1802
3 363 104 21.4806
3 364 3 0.5785
3 365 356 86.9497
3 366 16 4.1939
3 367 1 0.1599
3 368 259 66.3877
3 370 42 8.4025
3 372 76 15.0190
3 374 1 0.1757
3 376 417 87.4513
3 377 247 59.0981
3 378 50 9.2758
3 379 23 5.8804
3 380 49 9.8728
3 381 28 8.1795
3 382 101 21.8440
3 383 5 0.9009
4 0 624 154.9849
4 1 25 5.1630
4 2 17 3.6840
4 3 192 41.1071
4 4 30 6.1639
4 5 373 78.2097
4 6 1 0.1762
4 7 26 5.6730
4 8 72 26.9285
4 9 189 45.6254
4 10 85 21.8740
4 11 78 17.6460
4 12 163 34.9222
4 13 47 9.8406
4 14 58 12.5664
4 15 7 1.4842
4 16 1 0.2345
4 17 106 28.4229
4 18 55 13.5092
4 19 48 12.8791
4 20 1 0.2130
4 21 54 21.4160
4 22 10 1.8577
4 23 233 55.5910
4 24 408 80.8364
4 25 16 2.8582
4 26 403 129.2179
4 27 2 0.4637
4 28 117 24.1304
4 29 133 24.3318
4 30 11 2.3840
4 31 38 7.3576
4 32 34 7.0838
4 33 170 39.7915
4 34 20 4.2086
4 35 66 18.9488
4 37 168 44.0224
4 38 36 7.7744
4 39 260 65.4426
4 40 125 25.4732
4 41 5 1.2086
4 42 129 27.4713
4 43 19 3.8720
4 44 31 7.3496
4 45 72 15.2920
4 46 199 44.5066
4 47 42 7.1927
4 48 161 37.6247
4 49 493 117.8382
4 50 91 16.3608
4 51 69 16.1425
4 52 18 3.6439
4 53 196 43.6892
4 54 359 91.9841
4 55 79 17.3468
4 56 43 11.8922
4 57 1 0.2248
4 58 520 131.2396
4 59 102 20.6429
4 60 25 5.3850
4 61 223 59.2262
4 62 33 7.6066
4 63 69 14.2356
4 64 26 5.4766
4 65 53 10.6889
4 66 21 4.4762
4 67 3 0.7825
4 68 64 13.5088
4 69 72 16.2318
4 70 257 67.1427
4 71 22 4.7392
4 72 726 177.5363
4 73 216 71.1561
4 74 1 0.2061
4 75 77 20.8476
4 76 11 2.7791
4 77 6 1.3318
4 78 31 7.3534
4 79 133 26.3699
4 81 1 0.2065
4 82 213 54.1386
4 83 61 17.2578
4 84 131 27.9050
4 85 679 142.5626
4 86 13 2.4649
4 87 15 3.2612
4 88 114 23.1373
4 89 132 34.7414
4 90 90 17.5156
4 91 4 0.9322
4 92 358 97.4871
4 93 178 40.4576
4 94 4579 1261.0445
4 95 148 34.8341
4 96 36 8.8702
4 98 8 1.5307
4 99 3 0.5848
4 100 117 23.1074
4 101 3 0.5407
4 102 477 118.4320
4 103 22 4.3908
4 104 11 2.2801
4 105 16 3.3385
4 106 16 3.0556
4 107 341 80.0499
4 108 6 1.1740
4 109 4 0.8330
4 110 326 83.8970
4 111 73 13.2265
4 112 32 9.6938
4 113 3 0.7096
4 114 19 4.1406
4 115 109 21.5545
4 116 73 12.6175
4 117 3 0.6778
4 119 61 14.0912
4 120 8 1.9048
4 121 4 0.6720
4 122 205 47.4506
4 123 351 79.4913
4 124 17 3.6543
4 125 4446 1160.1546
4 126 152 38.6400
4 127 50 11.5465
4 128 302 78.7690
4 129 5 0.8896
4 130 8 1.8452
4 131 66 14.0562
4 132 221 51.8875
4 133 1 0.1966
4 134 12 2.3764
4 135 25 4.8182
4 136 92 19.7833
4 137 60 12.0951
4 138 70 14.1039
4 139 11 2.0879
4 140 177 43.9167
4 141 355 88.8555
4 143 72 15.0034
4 144 46 10.4682
4 145 114 30.0184
4 146 750 192.3340
4 147 535 145.0039
4 148 108 22.2743
4 149 11 2.3024
4 150 92 18.8936
4 151 399 110.8288
4 152 9 1.9397
4 153 34 7.5030
4 154 192 50.7926
4 156 169 33.0307
4 157 79 21.4129
4 158 129 26.3302
4 159 14 2.3623
4 160 14 2.7823
4 161 144 33.6264
4 162 21 4.2707
4 163 13 2.4176
4 164 9 2.0616
4 165 5 1.2060
4 166 381 96.1155
4 167 24 5.1832
4 168 266 74.7736
4 169 277 64.5011
4 170 392 101.1409
4 171 99 21.2551
4 172 10 2.1503
4 173 92 22.8315
4 174 164 44.2980
4 175 3 0.4157
4 176 205 51.8610
4 177 22 6.6258
4 178 8 1.6149
4 179 202 56.0451
4 180 235 49.0682
4 181 41 11.3929
4 182 84 18.1626
4 183 7 1.1425
4 184 440 87.7605
4 185 91 18.7018
4 186 3 0.6249
4 187 34 7.7524
4 188 44 8.5286
4 189 277 92.3824
4 190 334 128.2633
4 191 713 168.0764
4 192 400 73.4763
4 193 30 5.2534
4 194 513 97.5565
4 195 3728 1078.9387
4 196 154 40.6004
4 197 51 10.5802
4 198 41 8.4538
4 199 292 65.4472
4 200 116 22.5765
4 201 1110 328.7553
4 202 259 47.7601
4 203 35 6.5152
4 204 5 1.0541
4 205 7 1.2176
4 206 716 169.9887
4 207 153 39.1927
4 208 54 13.7510
4 209 30 6.3287
4 210 22 4.2728
4 211 27 7.5736
4 212 13 2.6988
4 213 396 79.5337
4 214 16 3.4373
4 215 40 7.7428
4 216 24 4.7261
4 218 32 6.2523
4 219 141 38.0581
4 220 335 76.8817
4 221 27 5.9511
4 222 1 0.1917
4 223 1 0.1160
4 224 511 127.4998
4 225 46 10.8526
4 226 65 13.0728
4 227 59 12.2048
4 228 4 0.8630
4 229 7 1.0974
4 230 38 8.0062
4 231 222 55.5274
4 232 12 2.0816
4 233 3 0.6254
4 234 38 7.9121
4 235 5 1.0189
4 236 1 0.2077
4 237 90 20.3812
4 238 15 3.0875
4 239 139 31.9026
4 240 60 12.9794
4 241 19 4.3113
4 242 7 1.3485
4 243 307 63.1933
4 244 56 11.3679
4 245 2 0.3368
4 246 6 1.1504
4 247 15 3.2293
4 248 211 48.8018
4 249 16 3.0009
4 250 18 3.8519
4 251 53 10.6305
4 252 18 4.1956
4 253 32 6.8403
4 254 88 19.8533
4 255 18 3.4202
4 257 63 17.2153
4 258 53 19.7618
4 259 32 6.7149
4 260 107 29.0916
4 261 1 0.1647
4 262 19 4.4131
4 263 46 9.5269
4 264 20 5.5194
4 265 34 7.9103
4 266 9 1.4554
4 267 71 20.9716
4 268 19 4.1812
4 269 69 12.9214
4 270 177 39.0987
4 271 223 48.5303
4 272 3 0.6513
4 273 420 116.7010
4 274 23 4.2251
4 275 7 1.2523
4 276 37 10.2946
4 277 9 1.6265
4 278 771 200.8470
4 279 334 89.1032
4 280 44 10.2199
4 281 138 24.7970
4 282 23 4.8451
4 283 9 2.1450
4 284 32 6.6036
4 285 77 24.5713
4 286 677 126.2452
4 287 6 1.3228
4 288 136 36.1808
4 289 352 85.3448
4 290 5 1.3416
4 291 170 42.4467
4 292 277 63.0726
4 293 597 159.1938
4 294 534 145.0860
4 295 33 6.0642
4 296 220 53.1329
4 297 117 21.8593
4 298 43 18.4053
4 300 129 31.8892
4 301 38 9.9778
4 302 17 2.9715
4 303 53 11.0766
4 304 44 8.7968
4 305 4 0.8501
4 306 62 11.7470
4 307 197 43.4562
4 308 1 0.2243
4 309 109 21.2167
4 310 428 146.1304
4 311 50 15.8079
4 312 138 28.6977
4 313 41 8.4368
4 314 547 143.0959
4 315 113 22.5073
4 316 50 11.0735
4 317 4 0.6295
4 318 90 16.5999
4 319 237 85.7684
4 320 6 1.0535
4 321 5 0.8895
4 322 64 14.8776
4 323 55 10.7290
4 324 2 0.4610
4 325 10 1.8796
4 326 239 50.0156
4 327 13 2.8120
4 328 7 1.2895
4 329 35 9.2235
4 330 100 19.9459
4 331 24 4.5859
4 332 5 0.7883
4 333 244 49.0376
4 334 12 2.5926
4 335 452 104.2661
4 336 109 27.2125
4 337 8 1.9856
4 338 38 6.3242
4 339 348 87.9861
4 340 809 239.1093
4 341 11 2.3358
4 342 316 103.9163
4 343 4 0.9654
4 344 87 16.7489
4 346 20 4.4400
4 347 189 42.3173
4 348 13 2.6120
4 349 18 3.3344
4 350 217 78.7113
4 351 11 2.5431
4 352 1 0.1967
4 353 222 68.5204
4 354 62 17.2299
4 355 156 41.5817
4 356 5 0.8217
4 357 50 9.0477
4 358 617 139.1449
4 359 86 25.8452
4 360 63 12.8690
4 361 32 5.8749
4 362 464 98.5530
4 363 24 4.8653
4 364 7 1.8421
4 365 3 0.6812
4 366 5 1.0205
4 367 230 49.0350
4 368 13 2.4049
4 369 240 47.4036
4 370 325 70.3383
4 371 100 24.2775
4 372 125 28.9253
4 373 156 36.8310
4 374 20 4.0615
4 375 569 130.2256
4 376 86 19.1918
4 377 35 6.5169
4 378 44 12.6649
4 379 98 34.8747
4 380 88 18.8657
4 381 97 19.6767
4 382 165 56.2203
4 383 136 32.1396
5 0 23 4.7139
5 1 166 49.3229
5 2 229 52.6688
5 3 5 1.0423
5 4 36 7.9258
5 5 20 4.2157
5 6 240 59.3093
5 7 103 26.3235
5 8 381 79.3852
5 9 54 12.9867
5 10 151 34.4539
5 11 5 0.9869
5 12 112 25.3116
5 13 67 13.8914
5 14 7 1.5515
5 15 19 3.3130
5 17 16 3.1094
5 18 66 14.2379
5 19 117 27.6209
5 20 2 0.4503
5 21 54 13.9893
5 24 192 41.4390
5 25 2 0.3866
5 26 117 34.7745
5 27 3 0.7182
5 28 90 19.5548
5 29 234 62.4754
5 30 14 2.8665
5 31 5 0.9199
5 32 200 52.1129
5 33 28 6.3364
5 34 197 45.0670
5 35 115 24.9819
5 36 394 97.3275
5 37 1167 292.6379
5 38 15 2.8994
5 39 218 48.6589
5 40 1132 295.6581
5 41 288 72.0214
5 42 534 119.8535
5 43 19 4.3473
5 44 23 5.3946
5 45 109 24.3653
5 46 23 6.4132
5 47 26 5.2939
5 48 161 42.9736
5 49 3 0.5171
5 50 12 2.6226
5 51 31 6.2559
5 52 204 43.0176
5 53 389 105.3977
5 54 113 28.3407
5 55 95 20.7381
5 56 34 7.0623
5 57 208 44.8635
5 58 113 25.9175
5 60 82 19.4671
5 61 53 15.4927
5 62 13 2.7524
5 63 117 25.8598
5 65 276 66.7752
5 66 7 1.5883
5 67 1 0.1881
5 68 50 15.1560
5 69 1122 319.8430
5 70 27 5.9503
5 72 404 105.3839
5 73 13 3.1273
5 74 23 4.9725
5 75 17 3.2036
5 76 425 86.1815
5 77 207 59.9201
5 78 2502 557.3710
5 79 50 13.9780
5 80 23 4.5945
5 81 236 53.2164
5 82 76 19.4998
5 83 12 2.1675
5 84 114 25.5675
5 85 383 138.5487
5 86 26 6.5917
5 87 2 0.4661
5 88 4 0.7792
5 89 172 40.6913
5 90 52 11.2961
5 92 1 0.1541
5 93 3 0.5452
5 94 74 18.0168
5 95 28 5.9812
5 96 34 6.6067
5 97 345 73.1327
5 98 95 20.5068
5 99 78 16.5481
5 100 50 13.1575
5 101 5 1.0704
5 102 6 1.0966
5 103 7 1.4506
5 105 6 1.2502
5 106 47 9.2621
5 107 45 9.6880
5 108 15 2.8246
5 109 14 3.2131
5 110 10 1.9596
5 111 19 3.7761
5 112 161 32.5077
5 113 395 79.1840
5 114 1 0.1954
5 115 11 2.7082
5 116 92 21.8246
5 117 221 53.5451
5 118 8 1.5494
5 119 126 27.4996
5 120 81 18.3587
5 121 252 66.2951
5 122 17 3.5214
5 124 110 28.7805
5 125 6 1.3051
5 127 217 66.0635
5 128 176 37.5743
5 130 8 1.9347
5 131 64 15.2125
5 132 73 14.6028
5 133 79 14.7760
5 134 19 3.9701
5 135 16 3.1191
5 136 685 174.8516
5 137 56 13.6911
5 138 475 119.3307
5 139 76 19.8648
5 140 21 4.7654
5 141 118 26.8163
5 143 37 7.5028
5 144 67 15.8335
5 145 17 3.3092
5 146 139 28.6222
5 147 1523 332.9582
5 148 20 4.5303
5 149 485 135.7722
5 150 39 7.0181
5 151 85 17.5502
5 152 99 26.9081
5 153 236 50.6064
5 154 54 20.5405
5 155 9 1.8422
5 156 252 77.5478
5 157 52 15.4977
5 158 440 107.4305
5 159 46 10.4371
5 160 69 15.5824
5 161 78 18.4387
5 162 175 36.2202
5 163 208 45.7706
5 164 596 156.0000
5 165 49 10.4965
5 166 57 12.3246
5 167 89 25.0296
5 168 40 8.7016
5 169 1000 213.1445
5 170 57 12.5480
5 171 2 0.3188
5 172 992 257.9887
5 173 22 5.0810
5 174 169 42.6410
5 175 30 5.9592
5 176 13 2.3109
5 177 86 23.3857
5 178 2 0.4835
5 179 1976 454.8357
5 180 6 1.0913
5 181 42 11.4921
5 182 168 41.1012
5 183 37 8.0565
5 184 8 1.6478
5 185 47 12.4782
5 186 48 9.3488
5 187 3276 1124.5860
5 188 274 66.8164
5 190 46 9.1422
5 191 28 5.6367
5 192 81 16.8689
5 193 202 66.5988
5 194 225 57.8196
5 195 244 56.6695
5 196 67 15.6533
5 197 8 1.5205
5 198 102 31.5158
5 199 8 1.7574
5 200 18 3.3581
5 201 12 2.3315
5 202 208 50.8950
5 203 182 46.2881
5 204 53 10.3296
5 205 34 6.9976
5 206 346 91.1755
5 207 45 10.3927
5 208 1384 399.1200
5 209 49 9.3761
5 210 75 14.8977
5 211 50 10.0636
5 212 48 11.6174
5 213 208 56.3790
5 214 5 0.9612
5 215 81 24.2423
5 216 373 83.1334
5 217 36 7.4369
5 218 45 10.0660
5 219 59 14.2582
5 220 172 39.8776
5 221 64 16.8661
5 222 92 22.0826
5 223 25 5.4579
5 224 55 14.3037
5 225 171 49.7161
5 226 34 7.6411
5 227 43 8.0763
5 228 113 31.1895
5 229 78 15.8624
5 230 9 1.8694
5 231 1 0.2406
5 232 397 93.3444
5 233 21 4.0081
5 234 14 2.6445
5 235 292 63.0316
5 236 2 0.3389
5 237 22 5.1098
5 238 13 2.3368
5 239 63 13.9911
5 240 35 6.6607
5 241 55 9.8635
5 242 363 102.1882
5 243 10 1.8588
5 244 30 6.3802
5 245 18 3.5704
5 246 29 5.9166
5 247 783 209.1381
5 248 288 64.5912
5 249 35 7.0116
5 250 57 12.1929
5 251 139 41.4423
5 252 2 0.2997
5 253 2 0.4247
5 254 57 11.4518
5 255 37 7.6539
5 256 137 31.0223
5 257 136 27.7151
5 258 113 30.1327
5 259 18 3.5189
5 260 387 101.5338
5 261 19 3.5993
5 262 133 31.6452
5 263 1039 252.8436
5 264 572 171.2630
5 265 1 0.1729
5 266 2 0.3954
5 267 31 6.6722
5 268 1 0.2788
5 269 21 3.9619
5 270 13 2.8856
5 271 14 2.7816
5 272 7 1.3503
5 273 23 4.8623
5 275 221 50.6941
5 276 5 0.8704
5 277 15 2.7379
5 278 71 16.8044
5 279 5 0.9980
5 280 576 114.2366
5 281 29 4.9415
5 282 440 91.4819
5 283 82 20.1278
5 284 151 36.8241
5 285 88 26.8443
5 286 120 26.6928
5 287 2 0.4603
5 288 355 109.9801
5 289 137 33.6579
5 290 44 8.5865
5 291 713 186.4869
5 292 8 1.5783
5 293 252 61.4182
5 294 43 9.5671
5 295 55 10.8821
5 296 8 1.9638
5 297 5 1.2102
5 298 421 109.3353
5 299 188 43.7672
5 301 17 3.4030
5 302 96 24.0784
5 303 24 6.3258
5 304 70 18.6005
5 305 3 0.6101
5 306 685 202.4449
5 307 42 8.7724
5 308 13 2.7802
5 309 20 4.3529
5 310 358 101.2464
5 311 93 18.6046
5 312 5 0.8616
5 313 77 18.3271
5 314 582 122.8033
5 315 562 127.1904
5 316 15 3.6132
5 317 153 40.8703
5 318 28 5.7584
5 319 105 27.2379
5 320 19 4.1624
5 321 858 229.7544
5 322 73 17.6541
5 323 13 2.8658
5 324 24 5.1988
5 325 158 34.9069
5 326 154 36.0097
5 327 340 85.2405
5 328 419 106.4777
5 329 104 28.9878
5 331 23 5.3111
5 332 36 6.7530
5 333 5 0.9749
5 334 484 107.6313
5 335 197 53.1988
5 337 937 208.0109
5 338 154 52.4725
5 339 129 27.2584
5 340 4 0.8473
5 341 115 24.0140
5 342 80 17.3278
5 343 1 0.1922
5 344 64 13.9643
5 345 9 1.8836
5 346 9 1.9796
5 347 11 2.0801
5 348 10 1.9927
5 349 310 81.3276
5 350 71 14.8917
5 351 337 83.9045
5 352 410 109.3861
5 353 4 0.6854
5 354 208 46.5636
5 355 239 55.9639
5 356 21 4.1653
5 357 20 3.6511
5 358 350 107.1498
5 359 13 2.4944
5 360 98 24.3617
5 361 510 120.0829
5 362 17 3.0185
5 363 4 0.7634
5 364 23 4.4901
5 365 348 89.2645
5 366 80 16.7377
5 367 2 0.4072
5 368 408 115.1375
5 369 13 2.5723
5 371 243 48.5220
5 372 14 2.8057
5 373 35 6.2980
5 374 33 8.1415
5 375 7 1.5398
5 376 36 6.9671
5 377 13 2.4007
5 378 11 2.2634
5 379 324 73.9688
5 380 39 8.3406
5 381 4 0.7399
5 382 20 4.0886
5 383 35 7.4823
6 0 4 0.8598
6 1 332 85.6030
6 2 64 13.7235
6 3 4 0.9228
6 4 2 0.4482
6 5 909 239.1702
6 7 57 12.4502
6 8 111 23.7536
6 9 7 1.7594
6 11 5 1.1382
6 12 586 199.9639
6 13 22 5.9169
6 15 82 22.0527
6 16 272 63.2627
6 17 362 85.1103
6 18 630 162.4437
6 19 9 1.6464
6 20 99 19.8908
6 21 6 1.1588
6 22 122 34.2053
6 23 217 52.1269
6 24 52 12.4462
6 25 2 0.3918
6 26 15 3.5139
6 27 56 12.3589
6 28 493 107.9101
6 29 79 19.7597
6 31 576 122.9224
6 32 14 3.1594
6 33 1335 375.4326
6 34 32 6.8719
6 35 23 4.6154
6 36 16 3.2373
6 37 190 38.2522
6 38 1 0.2561
6 39 17 3.4053
6 40 25 5.0400
6 41 6 1.1090
6 42 2 0.3714
6 43 5 1.0456
6 45 24 4.9106
6 46 68 15.3509
6 47 1031 223.7986
6 48 16 3.4590
6 49 10 2.0536
6 50 41 8.6377
6 51 2511 771.1954
6 52 111 23.4129
6 53 3 0.6759
6 54 32 6.9831
6 55 136 29.8504
6 56 481 120.1311
6 58 63 14.4092
6 59 466 128.1617
6 60 18 4.2148
6 61 2 0.3283
6 62 65 13.4061
6 63 645 144.6599
6 64 10 2.1039
6 65 15 3.2032
6 66 104 27.1351
6 67 177 44.9837
6 68 6 1.5959
6 69 9 1.7441
6 70 2 0.3484
6 71 1 0.2438
6 72 30 6.2688
6 73 19 4.1865
6 74 10 1.7810
6 75 48 9.3117
6 76 3 0.6399
6 77 2 0.3559
6 78 15 3.2415
6 79 175 42.3100
6 80 1 0.1569
6 81 229 63.1868
6 82 1010 215.3890
6 83 3 0.6504
6 84 37 10.1194
6 85 17 3.4040
6 86 11 2.3905
6 88 6 1.5722
6 89 32 5.4377
6 90 77 20.2135
6 91 1 0.1984
6 92 25 6.2205
6 93 243 59.2762
6 94 40 8.5704
6 95 6 1.3092
6 96 41 9.3411
6 97 1 0.1896
6 98 50 12.8895
6 99 200 54.2540
6 100 95 21.9035
6 101 267 60.5863
6 102 365 90.0894
6 104 355 98.2370
6 105 34 7.3268
6 106 33 6.8340
6 107 142 36.0340
6 108 2 0.4713
6 109 51 11.5390
6 110 60 18.0621
6 111 65 14.0345
6 112 9 2.0760
6 113 48 10.4142
6 114 364 78.7258
6 115 4 0.8331
6 116 9 2.0849
6 117 1866 479.0832
6 118 12 3.1411
6 119 63 12.7516
6 120 395 93.5152
6 121 3 0.6967
6 122 1006 253.7382
6 123 1 0.1716
6 124 50 13.6709
6 125 150 31.8558
6 126 14 2.3959
6 128 65 14.2239
6 129 191 45.3799
6 131 14 2.9298
6 132 119 29.3985
6 133 41 9.2756
6 134 88 20.6646
6 135 310 70.2180
6 137 212 64.2774
6 138 7 1.3397
6 139 1 0.1140
6 140 97 23.8942
6 141 23 5.3799
6 142 2 0.4786
6 143 29 6.5293
6 144 2 0.4926
6 145 14 2.9500
6 146 14 3.0291
6 147 64 14.9065
6 148 61 13.7505
6 149 132 27.3431
6 150 90 21.9653
6 151 119 26.3182
6 152 265 64.4326
6 153 6 1.4817
6 154 644 168.4431
6 155 2 0.5375
6 156 9 1.8066
6 157 13 2.9616
6 158 28 5.9240
6 159 42 9.2591
6 160 567 130.5395
6 161 8 2.2102
6 162 19 3.8206
6 163 33 8.1964
6 164 55 12.6114
6 165 10 1.6893
6 166 146 44.1876
6 167 803 229.8828
6 169 24 4.3341
6 170 24 4.5739
6 171 98 20.7346
6 172 6 1.3602
6 173 67 14.5794
6 174 8 1.7111
6 175 98 23.0631
6 176 1 0.1613
6 177 36 8.8220
6 178 4 0.7819
6 180 20 4.2882
6 181 635 154.2768
6 182 9 1.9576
6 183 717 194.9882
6 184 2 0.4090
6 185 105 21.8217
6 186 8 1.7861
6 187 180 42.3076
6 188 69 16.9306
6 189 271 64.1810
6 190 654 159.3532
6 191 8 1.9823
6 192 126 36.8418
6 193 2 0.3799
6 194 69 16.9112
6 195 123 28.9134
6 196 38 8.8207
6 197 27 7.7804
6 199 2 0.5151
6 200 763 173.8915
6 201 30 7.7504
6 202 23 4.3542
6 203 144 32.2778
6 204 11 2.3414
6 205 1 0.1147
6 206 390 102.0517
6 207 34 7.2177
6 208 475 135.1798
6 209 105 23.3421
6 210 164 36.2187
6 211 56 12.4064
6 212 52 10.3526
6 213 69 14.3931
6 214 143 32.8388
6 215 91 19.1719
6 216 115 27.2585
6 217 5 1.1027
6 218 2 0.3708
6 219 296 91.7457
6 220 120 24.3421
6 221 19 3.8056
6 222 32 8.0357
6 223 231 48.4789
6 224 1251 334.7788
6 225 55 12.5881
6 226 2 0.3891
6 227 635 159.0615
6 228 2 0.4149
6 229 25 5.3128
6 230 47 10.4047
6 231 20 4.5292
6 232 163 52.9482
6 233 10 2.9531
6 234 65 13.1273
6 235 63 13.7295
6 236 6 1.4418
6 237 299 72.5315
6 238 6 1.4075
6 239 28 5.7929
6 240 6 1.3769
6 241 48 10.7994
6 242 6 1.5044
6 243 36 9.8874
6 244 128 30.8741
6 245 13 2.7262
6 247 9 1.8501
6 248 2 0.4155
6 249 949 265.3556
6 250 31 6.6386
6 251 212 51.4577
6 252 17 4.0925
6 253 4 0.8926
6 254 272 74.4756
6 255 1934 472.0234
6 256 5 0.8560
6 257 1198 306.0009
6 258 23 5.1937
6 259 10 2.3117
6 260 52 11.7767
6 261 218 55.3618
6 262 147 32.2762
6 263 41 10.8711
6 264 22 4.2401
6 265 17 3.6388
6 266 10 2.5056
6 267 11 2.0267
6 268 21 4.7104
6 270 14 2.7641
6 271 13 2.7072
6 272 163 37.1536
6 273 34 10.1155
6 274 63 12.6455
6 275 480 117.7255
6 276 17 3.3452
6 277 24 6.5347
6 278 75 15.1443
6 279 9 2.0622
6 280 219 65.6205
6 282 294 78.3424
6 283 335 93.2980
6 284 192 44.6740
6 286 1 0.1937
6 287 69 14.0707
6 288 321 82.1818
6 289 13 2.5778
6 290 13 2.7377
6 291 36 7.4545
6 292 84 17.1158
6 293 109 25.4355
6 294 11 1.6374
6 295 29 5.6734
6 296 1 0.2089
6 298 1 0.1867
6 299 5 1.5848
6 301 58 13.3324
6 302 165 52.5126
6 303 254 58.2290
6 304 2 0.4329
6 305 123 26.9915
6 306 215 54.5701
6 307 3 0.6116
6 308 3 0.7762
6 309 310 68.6468
6 310 3440 890.0807
6 311 751 184.8743
6 312 329 82.7725
6 313 3 0.5880
6 314 5 0.7621
6 315 83 18.7645
6 316 1 0.2267
6 317 114 32.4044
6 318 11 2.5480
6 319 26 5.7140
6 320 5 1.1002
6 321 763 169.0568
6 322 46 10.2090
6 323 285 70.6123
6 324 85 17.8886
6 326 20 4.3637
6 327 21 4.1742
6 328 183 43.1703
6 330 308 70.5195
6 331 11 2.2104
6 332 60 18.6577
6 333 382 101.8669
6 334 122 27.4516
6 335 3 0.6223
6 337 29 8.7507
6 338 1 0.2119
6 339 137 35.5538
6 340 83 21.6931
6 341 161 37.7321
6 342 362 92.4214
6 343 55 16.2402
6 344 22 4.8082
6 346 26 6.0144
6 347 110 21.5277
6 348 79 17.9511
6 349 81 20.5873
6 350 2 0.3970
6 351 115 24.8383
6 352 19 3.9291
6 353 273 58.4386
6 354 39 7.2673
6 355 1 0.1750
6 356 617 147.9484
6 357 19 4.0648
6 358 133 41.5885
6 359 65 15.0913
6 360 1243 278.8905
6 361 86 25.3576
6 362 5 1.2260
6 363 4 0.9367
6 364 13 2.5575
6 366 9 1.9683
6 367 2571 611.8686
6 368 78 23.1727
6 369 344 81.8613
6 370 590 166.3894
6 371 114 24.6247
6 372 133 32.7292
6 373 346 92.6750
6 375 7 1.7870
6 376 5 0.9307
6 377 1 0.3298
6 378 53 12.6571
6 379 19 3.7088
6 380 26 5.1855
6 382 7 1.7376
6 383 7 1.4521
7 0 492 128.8513
7 2 11 2.1705
7 3 48 10.2676
7 4 8 1.6797
7 5 11 1.7432
7 6 286 58.6795
7 7 172 35.5633
7 8 95 23.6058
7 9 5 1.0069
7 10 126 25.5119
7 11 1 0.1708
7 12 85 24.0274
7 13 50 10.3618
7 14 86 17.9289
7 16 109 23.4065
7 17 57 11.4655
7 18 61 11.3000
7 19 1055 258.8574
7 20 133 32.3208
7 21 116 27.7191
7 22 8 1.5377
7 23 76 14.1854
7 24 2 0.4272
7 25 245 58.5479
7 26 139 36.7588
7 27 165 34.9996
7 28 27 5.2021
7 29 353 81.3941
7 30 7 1.4853
7 32 904 264.6324
7 33 81 16.1065
7 34 17 3.4458
7 35 72 14.4871
7 36 217 60.9841
7 37 1 0.2099
7 38 23 4.6087
7 39 73 19.7906
7 40 91 18.0357
7 41 49 9.7928
7 43 65 12.9925
7 44 926 231.0623
7 45 5 1.0592
7 46 92 15.3048
7 47 1 0.1123
7 48 160 45.9737
7 49 14 2.7537
7 50 302 67.5998
7 51 145 31.2112
7 53 481 104.0738
7 54 30 5.4533
7 55 62 12.9865
7 56 7 0.9702
7 57 4 0.8729
7 58 24 4.4895
7 59 7 1.6018
7 60 1 0.2418
7 61 13 4.5653
7 62 265 60.6833
7 63 82 27.8851
7 65 272 75.1330
7 68 120 24.1705
7 69 3286 931.3212
7 71 17 3.4947
7 72 222 61.3883
7 73 20 3.8795
7 75 628 160.0470
7 76 1 0.2371
7 77 51 12.3223
7 78 169 44.4270
7 79 536 135.9443
7 80 44 9.5446
7 81 270 60.5922
7 83 11 2.2196
7 84 108 21.0288
7 85 21 4.0748
7 86 104 21.0503
7 87 1 0.2207
7 88 140 22.0240
7 89 255 57.1782
7 90 861 173.3558
7 91 1 0.1870
7 92 6 1.1577
7 93 57 10.3991
7 94 4117 1122.7173
7 95 1 0.2387
7 96 62 10.3739
7 98 20 3.4428
7 99 12 2.8513
7 100 207 49.0094
7 101 3 0.6600
7 102 212 51.1884
7 103 19 3.6315
7 105 189 42.3240
7 106 164 37.5271
7 107 65 14.2157
7 108 16 3.1980
7 109 2 0.4063
7 110 38 7.9627
7 111 207 64.4418
7 112 333 72.7053
7 114 8 1.2280
7 115 44 10.1496
7 116 5 1.0547
7 117 4 0.7823
7 118 333 76.5723
7 119 10 1.8891
7 120 9 1.4856
7 121 1 0.1801
7 122 51 11.8887
7 123 16 3.1688
7 124 69 18.9146
7 125 218 49.8199
7 127 144 27.9413
7 129 57 11.5215
7 130 45 10.2455
7 131 79 16.5146
7 132 32 6.0574
7 133 94 20.7565
7 135 9 1.6711
7 136 217 51.2884
7 137 20 3.4312
7 138 2 0.4266
7 139 209 51.9917
7 140 358 87.3159
7 141 31 6.0426
7 142 8 1.5203
7 143 1 0.1731
7 144 348 87.5441
7 145 7 1.5582
7 146 13 2.8797
7 147 95 20.5530
7 148 84 16.1980
7 149 1 0.2074
7 150 334 93.0502
7 151 58 16.2822
7 152 32 7.1203
7 153 26 5.1302
7 154 4018 1002.5027
7 155 19 4.0576
7 156 141 32.6616
7 157 37 7.6123
7 158 482 121.3533
7 159 3 0.5611
7 160 107 24.3280
7 162 72 12.0881
7 163 238 51.4469
7 164 26 4.1538
7 165 153 27.4299
7 167 101 20.3643
7 168 4 0.7235
7 169 1304 371.6128
7 170 4 0.6356
7 171 99 25.3190
7 172 27 5.9913
7 173 106 21.0777
7 175 118 23.5469
7 176 97 26.2968
7 177 56 17.9032
7 178 1 0.2329
7 179 308 78.2385
7 180 54 11.0476
7 181 198 47.7120
7 182 145 34.3112
7 183 41 8.1875
7 184 8 1.6001
7 185 80 18.8297
7 186 1 0.1770
7 187 40 9.0513
7 188 11 2.8686
7 189 11 1.9022
7 190 4 0.8381
7 191 193 40.2638
7 192 13 2.7239
7 193 1151 255.4017
7 194 1 0.1696
7 195 35 7.4338
7 196 17 3.1019
7 197 70 14.8768
7 198 20 4.0529
7 200 207 56.5899
7 201 275 57.5842
7 202 243 55.7540
7 204 234 57.2869
7 205 370 95.6213
7 206 55 13.4626
7 207 2437 711.2582
7 208 16 3.5999
7 209 3 0.5957
7 210 25 4.8630
7 211 2 0.2722
7 212 1 0.1830
7 213 3 0.7056
7 214 7 1.3667
7 215 246 53.9115
7 216 39 6.9771
7 217 42 9.2442
7 218 101 17.6817
7 219 4 0.7715
7 220 39 11.2167
7 221 18 3.4169
7 222 30 6.2528
7 224 2 0.4301
7 225 80 19.7535
7 226 20 3.9471
7 228 109 22.5405
7 229 89 23.5223
7 232 13 2.2917
7 233 17 3.1924
7 234 202 43.7072
7 235 58 11.8754
7 236 74 17.6802
7 238 7 1.3350
7 239 3 0.5939
7 240 53 12.2832
7 241 43 10.8187
7 242 391 98.8976
7 243 151 31.6012
7 244 77 15.5582
7 245 1328 341.2169
7 246 81 14.4758
7 247 260 60.0709
7 248 52 10.6938
7 249 1 0.1460
7 250 448 105.2645
7 251 233 50.7609
7 252 44 8.2602
7 253 59 10.9959
7 254 7 1.3881
7 255 121 23.9892
7 257 88 20.9607
7 258 22 4.6956
7 259 93 16.0054
7 260 28 6.0860
7 261 61 12.4154
7 262 52 12.2507
7 264 90 19.4451
7 265 233 54.0771
7 266 158 33.7685
7 267 24 5.0306
7 268 1 0.1765
7 269 21 4.1794
7 270 241 48.1440
7 271 43 6.3262
7 272 32 6.9333
7 273 106 26.1164
7 274 6 1.1802
7 275 147 32.3988
7 276 4 0.8897
7 277 1 0.1550
7 278 87 17.7442
7 279 4 0.8134
7 280 67 14.8193
7 281 32 5.1516
7 282 16 3.2420
7 283 93 25.5277
7 284 154 33.8156
7 285 1 0.1507
7 286 31 5.5726
7 287 264 78.4087
7 288 36 7.5116
7 289 3 0.5816
7 290 32 6.4757
7 291 296 64.8492
7 292 40 8.6576
7 293 32 6.5690
7 294 103 34.1060
7 295 51 12.1828
7 296 150 44.9862
7 297 1 0.1954
7 298 55 12.1787
7 299 162 37.4736
7 300 52 10.6770
7 302 158 33.0532
7 303 37 6.9556
7 304 1 0.1870
7 305 58 12.9678
7 306 128 29.2054
7 307 59 12.6411
7 308 49 8.8661
7 309 10 1.9372
7 310 126 30.5040
7 311 20 4.6688
7 312 61 12.3570
7 313 522 119.4620
7 314 99 17.7714
7 315 4 0.5301
7 316 239 56.0974
7 317 272 64.7077
7 318 3 0.5356
7 319 4 0.8469
7 320 65 15.8315
7 321 4 0.6574
7 322 28 5.7377
7 323 191 45.3708
7 324 1512 304.6539
7 325 112 29.6247
7 326 72 20.5037
7 327 2 0.3928
7 328 68 14.9244
7 329 325 88.3832
7 331 331 70.8387
7 332 31 5.7796
7 333 1 0.1801
7 334 6 1.2648
7 335 45 10.0286
7 337 4002 1302.6693
7 338 6 1.3436
7 339 40 8.0183
7 340 67 13.0024
7 341 7 1.3286
7 342 26 4.6239
7 343 33 6.9000
7 344 6 1.0607
7 346 2 0.4758
7 347 8 1.4790
7 348 63 11.7454
7 350 865 188.9391
7 351 4 0.6386
7 352 13 2.7802
7 353 78 18.4137
7 354 130 29.7393
7 355 5 0.7899
7 356 175 38.0169
7 357 208 44.1375
7 358 274 70.9928
7 359 2 0.4228
7 360 168 54.4756
7 361 252 46.5547
7 362 8 1.4560
7 363 50 9.7157
7 364 5 0.7101
7 365 108 24.3664
7 366 186 73.4545
7 367 4 0.9886
7 368 3 0.6069
7 369 7 1.4167
7 370 478 113.2327
7 371 40 7.7481
7 372 51 8.9930
7 373 20 3.2330
7 374 52 11.1662
7 375 8 1.6956
7 377 473 130.7867
7 379 422 115.1090
7 380 105 22.5472
7 381 14 2.5523
7 382 8 1.6219
7 383 305 70.1084
8 0 67 17.0933
8 1 239 63.3787
8 2 300 71.4710
8 5 96 19.9548
8 6 120 25.0771
8 7 22 4.6796
8 8 6 1.0922
8 9 254 66.7427
8 10 10 1.8534
8 11 127 30.8357
8 13 154 33.5556
8 14 47 9.9278
8 15 262 58.2039
8 16 83 19.4622
8 17 11 3.5749
8 18 11 2.0231
8 20 15 3.9095
8 21 23 4.2303
8 22 134 23.9133
8 23 6 1.0512
8 24 82 19.5158
8 25 16 2.8111
8 26 3 0.7206
8 28 63 17.7267
8 29 262 63.8100
8 32 7 1.3995
8 33 20 4.1446
8 34 381 104.3922
8 36 12 2.3010
8 37 1 0.2174
8 38 136 27.0748
8 39 161 36.4825
8 40 4 0.7167
8 41 57 16.2419
8 42 174 57.8985
8 43 86 16.9615
8 44 40 8.4252
8 45 13 2.6543
8 46 11 2.3383
8 47 163 40.6888
8 48 13 2.5604
8 49 1 0.1935
8 50 14 2.8438
8 51 24 4.1113
8 52 10 2.2728
8 53 9 1.8919
8 54 146 32.0536
8 55 107 25.9679
8 57 291 72.2344
8 58 45 11.2113
8 60 59 15.7160
8 61 531 127.6939
8 62 213 52.8515
8 63 16 3.2383
8 64 184 41.4454
8 65 4 1.0107
8 66 438 94.3663
8 67 776 177.5089
8 69 65 13.6779
8 70 43 11.2489
8 71 74 14.7360
8 72 3406 801.9781
8 73 21 7.1978
8 74 44 8.9833
8 75 1 0.1797
8 76 20 3.9284
8 77 4 0.7439
8 78 117 28.4535
8 79 14 2.7978
8 81 18 4.0432
8 83 58 12.2748
8 84 6 1.1961
8 85 40 7.8038
8 86 4 0.8776
8 87 49 10.9374
8 89 1993 572.4584
8 90 2299 635.4107
8 91 40 11.6846
8 92 372 87.2783
8 93 4 0.7409
8 94 3047 734.2059
8 95 100 24.4192
8 96 18 3.3298
8 97 46 9.8121
8 99 32 7.5711
8 100 149 38.9965
8 101 353 85.2479
8 102 84 24.2441
8 103 20 3.7903
8 104 157 34.4595
8 105 9 1.6811
8 106 1 0.1286
8 109 127 25.2633
8 110 20 4.3853
8 111 559 134.2535
8 112 3 0.5881
8 113 6 1.3342
8 114 671 205.3542
8 115 30 6.3437
8 116 13 2.4326
8 117 137 27.4391
8 118 48 9.7759
8 119 401 96.9684
8 121 526 135.8892
8 122 144 36.2508
8 123 23 3.7336
8 125 56 10.9879
8 126 8 1.9108
8 127 129 33.6008
8 128 14 2.4172
8 129 250 53.8741
8 130 12 2.3189
8 131 5 1.0621
8 132 3 0.6443
8 133 30 5.7802
8 134 494 137.8654
8 135 121 21.4318
8 136 6 0.9735
8 137 395 96.5305
8 138 1 0.2182
8 139 3 0.5412
8 140 2 0.3968
8 141 160 32.7774
8 142 71 13.1096
8 143 23 4.9000
8 145 312 99.6647
8 146 27 6.6106
8 147 2 0.2756
8 150 55 11.1033
8 151 375 87.3797
8 152 97 24.4771
8 153 1 0.1739
8 154 76 17.2616
8 155 714 168.8919
8 156 121 30.9763
8 157 1 0.2471
8 158 53 12.0234
8 159 140 27.9003
8 161 83 16.9432
8 162 10 2.0845
8 163 111 27.1947
8 164 81 15.6842
8 165 55 17.1364
8 167 1 0.2061
8 168 70 16.7667
8 169 93 26.6420
8 170 1 0.1529
8 171 392 89.9880
8 172 258 72.7469
8 173 136 34.8807
8 174 26 5.4212
8 175 1 0.1806
8 176 16 2.8915
8 177 105 23.7692
8 178 568 134.9791
8 179 9 1.6740
8 180 7 1.4193
8 181 468 122.6191
8 182 8 1.3554
8 183 2 0.4422
8 184 13 2.4167
8 185 1221 310.9209
8 186 2253 726.6593
8 187 3 0.6340
8 189 36 7.8864
8 190 33 7.8944
8 191 43 10.0036
8 192 162 29.5235
8 193 308 73.0198
8 194 1 0.2044
8 195 114 24.5500
8 197 119 29.9354
8 198 3 0.6201
8 199 19 3.4375
8 200 65 20.3831
8 201 17 2.6090
8 202 37 9.0701
8 203 1 0.2495
8 204 20 5.4867
8 205 361 102.5344
8 207 6 0.9896
8 208 131 33.8243
8 209 947 237.1201
8 210 32 6.6536
8 211 333 87.2766
8 212 1490 312.8748
8 213 22 4.4138
8 214 38 7.6629
8 215 25 5.4319
8 216 23 5.2513
8 217 501 125.8935
8 218 629 160.5742
8 219 225 54.4762
8 220 36 8.8373
8 222 28 4.5491
8 223 102 31.4407
8 224 422 132.1091
8 225 82 19.6224
8 226 425 90.2702
8 227 370 82.5143
8 228 213 45.3870
8 229 26 6.2440
8 230 3 0.5569
8 232 73 19.7428
8 233 598 160.4889
8 234 115 33.6396
8 235 18 3.1599
8 236 1 0.1645
8 237 503 137.7480
8 239 54 10.5859
8 240 10 2.1138
8 241 48 9.8341
8 242 5 0.8485
8 243 1 0.2023
8 245 103 28.9184
8 246 320 60.1273
8 247 1 0.1870
8 248 321 82.3447
8 249 199 45.4801
8 250 50 9.7795
8 251 5 1.2987
8 252 4 0.9429
8 254 54 14.0410
8 255 1 0.1590
8 256 4 0.6815
8 257 4 0.9756
8 258 3681 1058.7233
8 259 94 16.0576
8 260 112 30.7449
8 261 29 8.7171
8 262 9 2.0371
8 263 4 0.7535
8 264 2 0.3967
8 265 25 6.8393
8 266 37 7.7503
8 267 641 163.2540
8 268 13 2.0143
8 269 151 39.6785
8 270 84 17.3516
8 271 211 46.7743
8 272 5 0.6609
8 273 17 3.5508
8 274 47 8.5875
8 276 327 77.4751
8 277 25 6.3454
8 278 89 19.7706
8 279 8 1.4120
8 280 262 65.5661
8 282 273 81.0527
8 283 398 89.6455
8 284 30 6.8806
8 285 1 0.1886
8 286 35 5.9526
8 287 25 4.6339
8 288 152 47.6857
8 289 492 140.6930
8 290 28 5.5501
8 291 2 0.4439
8 292 51 15.3534
8 293 94 19.6115
8 294 205 57.3525
8 295 117 25.4380
8 296 418 101.8548
8 297 215 51.9685
8 298 70 15.6382
8 299 268 56.4708
8 300 138 35.2714
8 303 16 3.4175
8 304 75 15.9381
8 305 72 13.6462
8 306 98 23.7523
8 307 157 38.1266
8 308 487 141.1107
8 309 52 9.2460
8 310 139 31.6804
8 311 11 2.0369
8 312 2 0.3109
8 313 2 0.3925
8 314 65 12.9305
8 315 4 1.2145
8 316 110 34.8955
8 317 12 2.3677
8 318 1 0.2391
8 319 223 59.3240
8 320 5 1.0116
8 321 8 1.9298
8 322 8 1.6822
8 323 178 37.8279
8 324 150 41.5051
8 325 2 0.3655
8 326 32 7.0512
8 327 3 0.5698
8 328 2 0.4244
8 329 19 3.4689
8 330 4 0.5505
8 331 4 0.7683
8 332 106 25.8675
8 333 278 55.4838
8 334 14 3.2608
8 335 1 0.2262
8 336 50 10.5627
8 337 93 19.9019
8 338 60 11.8169
8 339 1 0.1902
8 340 20 4.2194
8 341 544 137.3372
8 342 4 0.8780
8 343 3 0.5992
8 345 27 6.3466
8 346 55 14.9669
8 347 7 1.7128
8 348 175 36.0903
8 349 47 9.7919
8 350 36 7.5088
8 352 177 39.3375
8 353 23 6.3830
8 354 9 1.4129
8 355 1 0.2312
8 356 226 54.3182
8 357 144 39.5681
8 358 50 11.7498
8 359 44 7.7012
8 360 709 177.5680
8 361 28 4.9638
8 362 9 1.9092
8 363 5 1.0232
8 364 1 0.1952
8 365 9 1.9002
8 366 3 0.6723
8 367 40 7.8658
8 369 10 1.9561
8 370 58 13.0934
8 373 87 17.7350
8 374 231 62.1141
8 375 13 2.5631
8 376 27 4.3348
8 378 60 13.8315
8 379 40 8.1761
8 380 2412 520.3140
8 381 275 61.3439
8 382 150 36.4148
8 383 2 0.4500
9 1 14 2.8944
9 2 152 38.0473
9 3 293 79.4380
9 4 63 11.6772
9 5 84 24.9645
9 6 11 2.2192
9 7 14 2.6521
9 8 6 1.1599
9 9 149 33.0114
9 10 345 85.8670
9 11 8 1.6784
9 12 2 0.2760
9 13 83 22.2146
9 14 53 9.7425
9 17 63 13.6900
9 18 133 32.9200
9 20 94 22.7649
9 21 1 0.1917
9 22 431 120.5701
9 23 7 1.2204
9 24 2 0.5240
9 25 2 0.4011
9 26 286 66.8348
9 27 219 49.2606
9 28 41 7.6763
9 29 2 0.3852
9 30 21 3.9686
9 31 598 146.2623
9 32 49 12.0161
9 33 485 117.4243
9 34 5 0.8300
9 35 190 41.4897
9 36 5 1.0571
9 37 61 14.1895
9 38 49 10.4281
9 39 31 5.8855
9 40 84 22.3835
9 41 36 7.0551
9 42 158 40.8654
9 43 7 1.5185
9 44 4 0.7238
9 45 5 1.0938
9 46 37 8.1316
9 47 12 2.4422
9 48 4 0.7079
9 49 378 115.3991
9 50 6 1.1235
9 51 335 86.9679
9 52 263 62.5986
9 53 82 16.3550
9 54 63 12.0624
9 55 1 0.2152
9 56 28 5.9047
9 57 30 5.4543
9 58 803 232.2782
9 60 1 0.1128
9 61 3 0.7083
9 62 49 11.6793
9 63 51 9.5747
9 64 9 1.5462
9 65 9 1.7177
9 66 13 2.7196
9 68 25 5.4636
9 69 569 131.9503
9 70 159 35.4131
9 72 1 0.1716
9 73 328 85.5458
9 75 147 43.3751
9 77 131 26.5143
9 78 201 46.0488
9 79 47 9.2712
9 80 5 1.1129
9 81 122 26.0953
9 82 4300 1249.4418
9 84 14 3.4228
9 85 1 0.2435
9 86 54 13.4166
9 88 76 16.3195
9 89 11 2.2126
9 90 124 29.3351
9 91 1584 454.9260
9 92 76 15.5214
9 93 379 94.8239
9 96 26 6.3543
9 97 13 2.2328
9 98 652 161.5852
9 99 4 1.1311
9 100 82 16.7871
9 101 404 113.6905
9 102 279 79.9925
9 103 34 7.3673
9 104 41 8.9249
9 105 6 1.2072
9 107 697 187.5114
9 108 26 4.7749
9 109 149 33.0339
9 110 104 27.7913
9 111 76 18.9716
9 112 35 6.7387
9 113 20 4.1316
9 114 62 11.7580
9 115 261 69.1031
9 116 24 5.7606
9 117 6 1.1122
9 118 36 7.8373
9 119 88 17.7189
9 120 195 44.3432
9 121 33 7.8971
9 122 39 7.5400
9 124 80 16.8291
9 125 781 223.2746
9 126 8 1.5092
9 127 321 87.7083
9 128 122 33.3234
9 129 10 1.7868
9 130 2 0.4099
9 131 302 73.7180
9 132 457 102.7896
9 133 113 23.1331
9 134 2431 594.2992
9 135 77 20.4731
9 136 358 83.5468
9 137 263 57.1652
9 138 921 220.2136
9 139 58 10.9480
9 140 1091 248.8271
9 141 9 2.2916
9 142 122 26.3604
9 143 12 2.6033
9 144 40 8.4077
9 145 37 6.7814
9 146 266 66.8133
9 147 137 33.5358
9 148 3 0.7205
9 149 361 99.4776
9 150 496 142.4890
9 152 77 19.7048
9 153 29 7.0622
9 154 23 4.3387
9 155 96 21.7802
9 156 318 71.6652
9 158 573 156.1803
9 160 281 67.0944
9 161 43 9.6409
9 162 7 1.5233
9 163 159 41.3918
9 165 7 1.3412
9 166 135 30.7765
9 167 290 62.8448
9 168 14 2.7773
9 169 66 12.9103
9 170 178 52.4549
9 171 9 1.8837
9 172 7 1.4179
9 173 61 13.0336
9 174 14 3.6284
9 175 17 3.1376
9 176 6 1.2351
9 177 117 30.9401
9 178 17 2.9300
9 179 8 1.6253
9 180 395 103.2142
9 182 4 0.9752
9 183 28 5.4386
9 184 182 54.3531
9 185 5 0.8297
9 186 204 44.3242
9 187 1442 328.7950
9 188 197 48.6568
9 190 128 27.5327
9 191 59 13.7177
9 193 66 17.3355
9 195 103 20.4494
9 197 336 76.7323
9 198 45 9.2046
9 199 224 50.2747
9 200 35 11.9931
9 201 169 44.4629
9 202 3 0.7356
9 203 112 24.2536
9 205 334 86.8647
9 207 6 1.4021
9 208 590 143.4496
9 209 4 0.9207
9 210 5 1.0209
9 211 60 12.5721
9 212 275 67.8289
9 213 2 0.5001
9 214 48 9.3555
9 215 57 10.5336
9 216 114 29.7422
9 217 116 24.7807
9 218 10 1.6799
9 219 2 0.3952
9 220 82 17.0609
9 221 12 2.3683
9 222 326 83.6224
9 223 154 35.8192
9 224 29 5.5524
9 225 7 1.6691
9 226 5 0.9704
9 227 84 15.6841
9 228 89 18.3139
9 229 255 65.6831
9 230 93 26.3826
9 231 310 67.8695
9 232 153 41.8721
9 233 17 3.0366
9 234 1200 305.8295
9 235 199 45.0992
9 236 906 227.4684
9 237 2 0.3448
9 238 348 83.6973
9 239 9 1.5483
9 240 18 3.1204
9 241 17 3.9178
9 242 111 24.0930
9 243 10 2.0909
9 244 185 46.9160
9 245 164 40.6249
9 246 136 37.9859
9 247 12 2.2811
9 248 102 20.7497
9 249 163 39.8216
9 250 4 0.8273
9 251 183 46.1748
9 252 51 10.8315
9 254 28 6.1481
9 255 163 30.9958
9 256 607 141.6479
9 257 238 52.2596
9 258 59 11.6827
9 259 76 17.5922
9 260 18 4.0667
9 261 8 1.7154
9 262 324 74.5889
9 263 1153 299.7268
9 264 21 4.1012
9 265 121 36.2543
9 266 43 9.0563
9 267 60 13.0459
9 268 88 20.4442
9 269 90 24.6315
9 270 53 11.1613
9 271 123 28.8005
9 272 49 9.0565
9 273 194 43.0592
9 274 64 18.0359
9 276 3 0.5974
9 277 20 3.5750
9 278 115 29.0874
9 279 5 0.9816
9 280 36 8.7887
9 281 23 5.0347
9 282 995 266.4727
9 283 7 1.2093
9 284 34 6.8247
9 285 1083 290.1356
9 286 239 55.7207
9 287 22 4.4444
9 288 28 6.0876
9 289 16 4.0253
9 290 8 1.4863
9 291 27 4.8033
9 292 8 1.5183
9 293 1 0.1958
9 294 41 11.4085
9 296 76 21.5262
9 297 39 7.7207
9 298 66 13.3043
9 299 12 2.4578
9 301 45 9.8846
9 302 53 11.9496
9 303 213 52.6490
9 305 16 3.3583
9 306 54 10.6071
9 307 17 3.4182
9 308 1401 320.7237
9 309 5 0.9691
9 310 130 27.7258
9 311 108 17.0272
9 312 141 29.5226
9 313 28 7.0083
9 314 322 89.9331
9 315 60 16.8729
9 317 28 5.3691
9 319 725 188.2441
9 320 202 49.5928
9 322 22 4.9906
9 324 131 35.7195
9 325 3 0.5814
9 326 294 67.6047
9 327 208 47.3672
9 328 332 82.1063
9 329 518 116.8886
9 331 9 1.9166
9 332 82 17.6491
9 333 1476 385.7958
9 335 59 16.8230
9 336 15 4.2765
9 337 58 13.0760
9 338 1 0.1798
9 340 4 0.7659
9 341 345 74.3265
9 342 533 150.6503
9 343 95 24.3680
9 344 7 1.2908
9 345 5 1.1567
9 346 140 26.8222
9 347 24 4.0565
9 348 92 18.9750
9 349 253 50.8032
9 350 112 28.0106
9 351 116 24.3882
9 352 2 0.3665
9 353 165 39.0497
9 354 174 56.5710
9 355 1 0.2938
9 357 7 1.4544
9 359 15 2.8340
9 360 6 1.3230
9 361 78 19.1676
9 362 176 57.0050
9 364 180 43.9532
9 365 6 1.1197
9 366 378 90.5364
9 367 1 0.1751
9 368 452 129.7935
9 369 75 17.0585
9 370 35 7.0802
9 371 18 3.2513
9 372 15 3.1902
9 373 248 58.4518
9 374 13 2.1775
9 375 7 1.2850
9 376 31 6.0430
9 377 632 164.5500
9 378 254 57.4468
9 379 145 34.1666
9 381 1 0.1633
9 383 278 64.1241
10 0 20 3.7865
10 1 250 64.2755
10 2 212 50.9929
10 3 61 14.6256
10 4 26 4.7995
10 5 35 9.2230
10 7 369 86.7819
10 8 169 40.9983
10 9 60 13.4789
10 11 155 39.3014
10 12 19 3.7250
10 13 20 4.6709
10 14 28 5.2038
10 15 54 10.9779
10 16 12 2.3706
10 17 217 54.8565
10 18 1 0.2240
10 19 12 3.7366
10 20 13 2.3909
10 22 38 8.3866
10 23 10 1.7628
10 25 286 80.1695
10 26 32 5.9684
10 27 94 21.9429
10 28 24 5.2773
10 30 122 28.9301
10 31 2 0.3447
10 32 34 6.7765
10 33 2 0.4311
10 34 295 68.2078
10 35 1 0.1841
10 36 12 2.1714
10 37 3 0.5738
10 38 1 0.1412
10 39 45 10.4568
10 40 17 2.9484
10 41 69 17.3414
10 42 163 32.8681
10 44 433 106.9917
10 45 309 76.6472
10 47 816 202.1954
10 48 70 15.5809
10 49 848 190.6454
10 50 211 49.3529
10 51 10 2.4430
10 52 147 35.1484
10 53 3 0.7679
10 54 133 34.9773
10 55 1 0.0989
10 56 258 59.1151
10 57 419 110.2779
10 58 41 7.7475
10 59 648 160.8962
10 60 1054 264.7859
10 61 24 3.9589
10 62 174 48.3244
10 63 9 1.8948
10 64 20 4.5775
10 65 13 2.5882
10 66 21 4.2102
10 67 106 26.4994
10 68 6 1.1087
10 69 196 54.2784
10 70 91 22.7205
10 71 14 2.6320
10 72 284 65.9724
10 74 141 30.5159
10 75 541 144.5564
10 76 5 0.8841
10 77 70 14.6847
10 78 239 53.5008
10 79 46 8.9768
10 80 143 30.7164
10 82 29 5.4491
10 83 4 0.7321
10 84 893 261.0884
10 85 463 113.1064
10 86 18 3.7942
10 87 106 24.9019
10 88 1 0.2110
10 90 33 6.5366
10 91 22 5.0884
10 92 209 52.9043
10 93 262 61.1668
10 94 2 0.4619
10 95 950 270.7344
10 96 831 240.3500
10 97 35 7.9420
10 98 25 5.0376
10 99 31 6.5783
10 100 117 28.1952
10 101 670 166.7874
10 102 63 14.8457
10 103 5 0.8263
10 104 40 8.5081
10 105 1 0.2390
10 106 34 6.9382
10 107 21 3.9253
10 108 4 0.8102
10 109 123 30.3242
10 110 79 18.3302
10 111 383 94.9489
10 112 4 0.8419
10 113 21 4.0882
10 114 16 3.2065
10 115 65 16.5394
10 117 2 0.4137
10 118 6 1.0380
10 119 13 2.7912
10 120 34 9.1833
10 121 17 3.1533
10 122 3 0.6853
10 123 31 7.4115
10 124 236 58.8345
10 125 71 16.1707
10 126 14 2.6801
10 127 838 224.2861
10 128 163 37.4676
10 129 14 2.6757
10 130 191 40.5637
10 132 27 6.6948
10 133 8 1.6224
10 134 13 3.0936
10 135 7 1.3611
10 136 4 0.5411
10 137 180 44.0841
10 138 25 5.0949
10 140 633 161.5874
10 141 5 0.8391
10 142 169 44.4614
10 143 340 76.6169
10 144 81 19.5225
10 145 254 62.1525
10 146 17 3.1699
10 147 113 23.1672
10 148 192 53.4375
10 149 237 60.1683
10 151 51 11.4225
10 152 349 81.6103
10 154 58 14.8180
10 155 211 51.2916
10 156 13 2.6012
10 157 139 38.8556
10 158 93 23.1487
10 159 114 23.4700
10 160 9 1.6672
10 161 16 3.1872
10 162 191 42.4550
10 163 237 55.6896
10 164 2 0.3334
10 165 62 13.8325
10 166 324 84.0231
10 167 90 21.4259
10 168 33 7.2151
10 169 83 24.2247
10 170 432 109.6650
10 171 124 26.9723
10 172 7 1.3160
10 173 157 34.8662
10 174 19 3.2769
10 175 5 0.8811
10 178 3 0.5753
10 179 840 230.7071
10 180 7 1.6008
10 181 6 1.5362
10 182 752 225.0268
10 184 71 12.7781
10 187 283 69.8596
10 188 370 93.1990
10 190 4 0.7623
10 191 11 2.1746
10 192 139 37.0923
10 193 117 25.4508
10 194 40 7.8950
10 195 2 0.4002
10 196 15 3.0001
10 197 49 11.6804
10 198 8 1.5818
10 199 20 3.6571
10 200 58 11.0008
10 201 194 42.7148
10 202 33 6.0521
10 203 3 0.6675
10 204 3 0.5244
10 207 22 4.5804
10 208 20 4.5651
10 209 81 20.1636
10 210 98 25.9420
10 211 8 1.4529
10 212 3 0.6100
10 213 37 7.2612
10 214 30 5.5518
10 215 7 1.2294
10 216 472 115.2403
10 218 9 1.7493
10 219 21 6.8066
10 220 72 13.3400
10 221 68 19.0198
10 222 16 3.0083
10 223 1192 318.2980
10 224 100 18.2430
10 225 433 111.6709
10 226 1 0.1569
10 227 565 153.9889
10 228 7 1.4868
10 229 191 42.2117
10 230 272 65.0126
10 231 8 1.6044
10 232 45 10.9097
10 233 504 129.5717
10 234 89 20.2542
10 235 19 3.7964
10 236 39 8.2849
10 237 486 129.2769
10 238 131 29.3548
10 239 9 1.7652
10 240 4 0.7789
10 241 8 1.4442
10 242 48 10.1026
10 243 62 12.8582
10 244 25 5.4974
10 245 167 37.6278
10 246 34 7.0487
10 247 42 8.5906
10 248 25 5.3554
10 249 62 14.4091
10 250 16 2.9015
10 251 152 35.2897
10 253 364 79.8629
10 254 144 35.5156
10 255 240 61.3522
10 256 165 46.6183
10 257 306 77.6530
10 258 462 115.7607
10 259 3 0.6522
10 261 14 2.4607
10 262 14 3.7050
10 263 2843 707.8630
10 264 39 9.2052
10 265 28 5.5899
10 266 317 98.9213
10 267 451 117.2330
10 268 104 24.3260
10 269 54 10.5847
10 270 8 1.9141
10 271 382 84.2843
10 272 11 2.2035
10 273 48 11.3351
10 274 224 52.2860
10 275 8 1.5746
10 276 2 0.3798
10 277 70 15.8889
10 278 11 2.2908
10 279 107 26.0858
10 280 1 0.2072
10 281 2 0.4096
10 283 10 2.0753
10 284 2743 730.0208
10 285 106 26.0563
10 286 74 17.3914
10 287 33 8.2312
10 288 118 28.7006
10 289 95 18.1745
10 290 4 0.6727
10 292 149 42.3598
10 293 21 3.6889
10 294 30 5.5506
10 295 228 52.7379
10 296 57 11.7134
10 297 792 212.4234
10 298 59 12.2177
10 299 11 2.4997
10 300 2 0.3920
10 301 7 1.1997
10 302 1067 280.7420
10 303 37 7.7401
10 304 134 29.6680
10 305 140 33.6425
10 306 3 0.6167
10 307 2742 668.5446
10 308 332 76.7514
10 309 30 5.9966
10 310 32 6.0674
10 311 4 0.7857
10 312 110 26.5275
10 314 62 11.9893
10 315 149 30.8169
10 316 32 6.6886
10 317 309 70.1959
10 318 3 0.8277
10 319 333 76.1250
10 320 633 165.8733
10 321 18 3.5387
10 322 28 8.1092
10 323 67 14.1234
10 324 247 55.0517
10 325 9 1.8134
10 326 65 15.6793
10 327 2 0.4488
10 330 130 30.5683
10 331 21 4.0954
10 332 164 45.7825
10 333 4 0.7746
10 334 123 29.8291
10 335 44 11.9307
10 336 481 134.1347
10 337 74 16.2732
10 338 370 99.3971
10 339 1498 399.5017
10 340 586 144.4115
10 341 269 72.2895
10 342 28 7.2168
10 343 527 131.0482
10 344 116 34.4986
10 345 15 2.9471
10 346 144 33.7559
10 349 283 66.1057
10 350 137 34.5212
10 351 1 0.2338
10 352 879 206.3869
10 353 152 33.0882
10 354 26 5.0540
10 355 94 20.6629
10 357 12 2.7326
10 358 20 4.0591
10 359 1 0.1358
10 361 70 14.2201
10 362 102 27.7354
10 363 5 0.6952
10 364 61 14.2437
10 365 347 75.7360
10 368 27 4.8279
10 369 2 0.4308
10 370 15 3.1111
10 371 146 31.6076
10 372 20 5.3060
10 373 118 26.7212
10 374 454 129.7164
10 375 489 115.5648
10 376 619 176.1276
10 377 718 182.7305
10 378 210 54.0335
10 380 31 6.6542
10 381 88 20.7733
10 383 12 2.2692
11 0 329 99.5818
11 2 7 1.4905
11 3 101 19.4776
11 4 59 12.1738
11 5 276 62.4420
11 6 15 2.9092
11 7 21 5.3061
11 8 141 30.4996
11 9 289 68.5304
11 10 489 109.8791
11 11 160 42.7449
11 12 2 0.4108
11 13 262 64.0636
11 14 157 32.6372
11 15 34 7.2783
11 16 33 6.8247
11 17 128 28.3112
11 18 42 8.5059
11 19 296 70.8489
11 20 77 21.5442
11 21 448 123.3138
11 22 93 23.8048
11 23 10 2.1045
11 24 152 46.5587
11 25 91 24.7349
11 26 34 6.6175
11 27 298 69.8691
11 28 210 50.9128
11 29 11 1.8771
11 30 81 20.2193
11 31 290 61.4309
11 32 28 5.4356
11 33 21 5.0597
11 34 301 72.0392
11 35 1645 369.1493
11 36 37 8.3291
11 37 2 0.4128
11 39 41 8.9037
11 40 22 4.6121
11 41 165 35.8334
11 42 1 0.2065
11 43 160 39.9442
11 44 5 0.9395
11 45 18 3.4432
11 46 234 54.0887
11 47 37 9.3911
11 48 411 101.9510
11 49 337 81.4731
11 50 41 8.3513
11 51 27 4.8140
11 52 309 76.2412
11 54 21 3.9464
11 55 3 0.5704
11 56 285 67.4238
11 58 5 0.9562
11 59 5 0.9923
11 60 466 109.7239
11 61 3 0.5667
11 62 2 0.3834
11 63 57 11.7485
11 64 188 40.5470
11 65 906 242.9985
11 66 780 185.6053
11 67 8 1.4109
11 68 14 2.9749
11 69 6 1.0434
11 70 117 35.8359
11 71 171 34.2712
11 72 7 1.4451
11 73 217 50.1534
11 74 24 5.4032
11 76 4 0.8103
11 77 227 47.7214
11 78 2 0.3450
11 79 82 18.2525
11 80 16 3.1458
11 81 65 14.9604
11 82 33 7.3169
11 83 189 49.3380
11 84 21 4.0458
11 85 83 16.4635
11 86 46 8.8065
11 87 53 10.1398
11 88 92 19.1456
11 89 3 0.4903
11 90 135 28.9321
11 91 2 0.3820
11 92 127 29.8641
11 93 19 3.8743
11 94 64 17.7112
11 95 2 0.3614
11 96 154 44.0067
11 97 88 20.3266
11 98 2046 596.1216
11 99 647 153.9531
11 100 97 19.4471
11 101 165 39.0731
11 102 411 119.3568
11 103 177 39.3592
11 104 3 0.6158
11 105 87 18.9119
11 106 3 0.4713
11 108 230 47.0371
11 109 1166 361.2048
11 110 19 3.5827
11 111 182 47.9900
11 112 41 8.7536
11 113 11 1.8982
11 114 362 87.4313
11 116 665 173.1473
11 118 6 1.1903
11 119 2140 621.4513
11 120 14 2.5545
11 121 233 50.2634
11 122 56 12.1450
11 123 29 5.8318
11 124 20 4.5355
11 125 139 28.7848
11 126 149 36.9352
11 127 25 4.9548
11 128 50 12.2920
11 129 130 27.1159
11 130 623 150.4802
11 131 405 97.7992
11 133 2 0.4009
11 134 11 2.0742
11 135 10 1.6676
11 136 7 1.3411
11 137 4888 1329.8974
11 138 70 11.8689
11 139 6 1.0598
11 140 99 25.2492
11 141 204 46.3867
11 142 146 36.3892
11 143 385 80.0800
11 144 289 73.1896
11 145 9 1.9107
11 147 342 90.2724
11 148 323 81.6960
11 149 10 2.1194
11 150 23 4.7920
11 151 18 3.5160
11 152 6 1.3154
11 153 5 0.9115
11 154 24 4.7190
11 155 10 1.8280
11 156 4 0.7253
11 158 27 4.9236
11 159 13 3.0880
11 160 7 1.2000
11 161 22 4.3822
11 162 286 73.3788
11 163 4 0.8198
11 164 138 32.2612
11 165 40 7.2904
11 166 239 56.9060
11 167 63 15.6673
11 168 169 38.6392
11 169 1 0.2642
11 170 412 92.9304
11 171 146 34.2199
11 172 158 35.2220
11 173 79 18.8846
11 174 76 16.5532
11 175 239 52.5462
11 176 36 7.1791
11 177 2 0.5293
11 178 3 0.6089
11 179 14 2.6637
11 180 486 120.3684
11 181 295 77.7459
11 182 48 10.6954
11 183 8 1.5349
11 184 14 3.0777
11 185 21 3.9901
11 186 2 0.3737
11 187 9 2.1463
11 188 1 0.2237
11 189 171 39.8991
11 190 37 8.2802
11 191 83 19.2587
11 192 183 41.5819
11 194 4 0.8301
11 195 170 40.9993
11 196 31 6.0238
11 197 1 0.1382
11 198 165 34.7647
11 199 2 0.4327
11 200 19 5.7554
11 201 96 22.2164
11 202 5 0.9087
11 203 240 61.7510
11 204 10 1.9841
11 205 40 8.4101
11 206 1 0.1820
11 207 10 2.7777
11 208 84 19.6836
11 209 359 86.0492
11 210 9 1.8052
11 211 34 7.8080
11 212 187 46.9699
11 213 18 3.7412
11 214 128 23.5193
11 215 56 12.0055
11 216 180 40.7820
11 218 1 0.1899
11 220 104 25.5569
11 221 908 228.5983
11 222 25 4.5520
11 223 4 0.8156
11 224 58 14.6059
11 225 442 109.9562
11 226 154 35.9307
11 227 417 97.3989
11 230 104 23.5263
11 231 285 66.4024
11 232 7 1.3980
11 233 379 89.7805
11 234 17 3.3230
11 235 591 143.1285
11 236 31 6.9455
11 237 60 12.8599
11 239 4 0.8394
11 240 6 1.1432
11 241 27 5.2211
11 242 122 32.0911
11 243 141 37.0664
11 244 12 2.5020
11 245 30 6.4691
11 246 19 3.6831
11 247 3 0.5488
11 248 57 12.7194
11 249 36 9.2804
11 250 7 1.2178
11 251 6 1.6030
11 252 32 7.9298
11 253 284 71.3220
11 254 53 12.9109
11 255 213 48.5914
11 256 50 11.1469
11 257 44 9.3220
11 258 10 2.2251
11 259 358 88.9728
11 260 269 61.7141
11 261 63 17.5153
11 262 645 146.7637
11 263 10 3.1383
11 265 102 23.3987
11 266 23 5.2831
11 267 2 0.3632
11 268 7 1.4648
11 269 8 1.3787
11 270 39 8.1908
11 271 175 36.1095
11 272 1 0.1930
11 273 12 2.4601
11 275 56 14.6981
11 276 262 63.4555
11 277 19 3.5231
11 278 26 5.9242
11 279 71 18.1637
11 280 148 35.7527
11 281 13 2.5871
11 282 23 4.6479
11 283 699 188.7812
11 284 20 4.9784
11 285 28 6.1073
11 286 606 152.1002
11 287 57 12.2093
11 288 985 253.9418
11 289 25 5.2122
11 290 24 5.0061
11 291 12 2.3676
11 292 3 0.6139
11 294 1535 368.7151
11 295 36 10.3115
11 297 169 41.5766
11 298 87 20.1003
11 301 1 0.1646
11 302 369 94.1675
11 303 12 1.9839
11 304 279 77.2281
11 305 5 0.9102
11 306 113 23.0253
11 307 189 48.0080
11 308 463 118.1486
11 309 147 38.3494
11 310 108 23.9766
11 311 6 1.1249
11 313 361 90.3547
11 314 145 29.2641
11 315 116 30.4561
11 316 2 0.3894
11 317 40 7.7577
11 318 3 0.6522
11 319 38 7.9101
11 320 125 29.3635
11 321 245 56.1692
11 322 12 2.2003
11 323 2 0.4011
11 324 2 0.4046
11 325 49 14.1191
11 326 258 57.9127
11 327 18 3.8029
11 328 101 21.6148
11 329 85 23.3037
11 330 28 5.6138
11 331 47 8.2575
11 332 199 55.4976
11 333 4 0.9936
11 334 4 0.8518
11 335 7 1.3254
11 336 3 0.5493
11 337 135 35.8565
11 338 122 23.4165
11 339 4 0.8410
11 340 423 96.0756
11 341 6 1.0101
11 343 566 151.8136
11 344 97 19.5724
11 345 2750 783.7324
11 346 580 136.8660
11 347 8 1.5496
11 348 5 1.2437
11 349 130 30.4322
11 351 20 3.8291
11 353 147 35.2057
11 354 389 91.8852
11 355 113 25.3143
11 356 218 56.0407
11 357 135 34.4908
11 359 283 75.5595
11 360 6 1.0592
11 361 14 2.6575
11 362 6 1.2196
11 363 598 164.1728
11 365 94 20.2993
11 366 35 6.7013
11 367 6 1.2238
11 368 1 0.2148
11 369 31 6.1505
11 370 3 0.7378
11 371 47 10.2686
11 373 4 0.6864
11 374 104 26.1959
11 375 63 14.3343
11 376 47 11.4933
11 377 70 13.8824
11 378 37 7.6028
11 379 655 166.4342
11 380 14 2.9380
11 381 37 7.1722
11 382 31 7.1660
12 0 18 4.4809
12 1 7 1.5433
12 2 4 0.7903
12 3 4 0.7575
12 4 37 8.9798
12 5 276 62.8284
12 6 196 52.8492
12 7 28 7.3012
12 8 209 53.8330
12 9 16 3.0392
12 10 103 24.1471
12 11 39 9.2978
12 12 122 30.4503
12 14 26 6.4604
12 16 340 80.4907
12 17 24 4.9784
12 18 501 145.9857
12 19 77 14.6861
12 20 114 29.3500
12 21 7 1.5058
12 22 4 0.7745
12 23 138 31.2228
12 24 2 0.3254
12 25 341 77.4712
12 26 8 1.5034
12 27 319 85.9808
12 28 14 3.5008
12 29 30 7.4114
12 30 662 186.3938
12 31 47 9.9779
12 32 92 23.0329
12 33 528 130.5297
12 34 340 79.8019
12 35 216 56.0288
12 36 29 8.1291
12 37 5 1.0770
12 38 68 14.9302
12 39 109 27.1443
12 40 153 36.0924
12 41 102 24.8385
12 42 435 116.9337
12 44 92 22.7563
12 45 16 3.0477
12 46 187 48.4752
12 47 18 3.3934
12 48 213 44.7502
12 49 42 9.2729
12 50 5 0.9539
12 51 1 0.2191
12 52 10 1.8961
12 53 44 11.1154
12 54 1 0.2009
12 55 958 245.1592
12 56 2 0.4488
12 57 40 9.1455
12 58 283 69.7037
12 59 134 29.1668
12 60 37 6.6686
12 62 417 104.6926
12 63 57 13.1941
12 64 69 19.7180
12 65 4 0.9208
12 66 144 31.9631
12 67 930 237.5731
12 68 3 0.5848
12 69 129 33.8341
12 70 3 0.6601
12 71 124 31.4035
12 72 67 16.5939
12 73 4 0.9117
12 74 70 16.6785
12 75 76 19.8811
12 76 19 3.9498
12 77 109 28.3904
12 78 35 6.9962
12 80 4 0.8144
12 81 19 3.9530
12 82 6 1.0586
12 83 78 16.6564
12 85 283 66.1069
12 86 157 38.7031
12 87 268 63.9142
12 88 517 170.5684
12 89 15 3.0764
12 90 450 110.9352
12 91 25 5.5027
12 92 6 1.3631
12 93 46 11.2634
12 94 6 1.5625
12 95 1226 318.0949
12 96 104 26.5047
12 98 7 1.5902
12 99 16 2.9469
12 100 289 81.9057
12 101 29 7.7133
12 102 372 85.5098
12 103 4 0.7948
12 104 20 4.1380
12 105 341 94.1082
12 106 64 16.5327
12 107 83 17.3994
12 109 133 38.9989
12 110 53 11.3227
12 111 91 25.4370
12 112 1 0.2308
12 113 25 5.5444
12 114 210 47.5579
12 115 12 2.4962
12 116 211 49.9534
12 117 15 3.1756
12 118 566 150.3131
12 119 8 1.4691
12 120 176 34.1962
12 121 56 13.1855
12 122 77 26.8038
12 123 820 215.8033
12 124 70 15.3885
12 125 54 12.0715
12 126 495 113.6061
12 127 7 1.5754
12 128 54 10.9321
12 129 36 8.5722
12 130 5 0.8395
12 131 54 13.8710
12 132 11 2.3805
12 133 112 26.1624
12 134 837 219.5301
12 135 59 13.1475
12 136 69 14.3286
12 137 413 103.9513
12 138 125 28.9973
12 139 886 218.9910
12 140 35 7.4272
12 141 699 191.8876
12 142 81 15.1993
12 143 29 6.7871
12 144 42 8.2803
12 145 101 20.3515
12 146 24 5.0428
12 147 22 4.4874
12 149 15 2.8580
12 150 135 31.9777
12 151 629 168.6920
12 152 48 9.5629
12 153 2 0.3083
12 154 25 5.7094
12 155 218 52.0512
12 156 116 25.5432
12 157 6 1.2812
12 158 116 27.4936
12 159 212 46.4926
12 161 346 80.8563
12 163 71 15.6583
12 165 320 72.3513
12 166 8 1.3922
12 167 366 99.7314
12 168 15 3.8875
12 169 163 39.1276
12 170 2 0.3511
12 171 408 83.9104
12 172 20 4.1978
12 173 116 26.4238
12 174 251 58.0586
12 175 29 6.6467
12 176 167 41.0727
12 177 1 0.2546
12 178 1 0.2115
12 179 12 2.7935
12 180 2609 641.7050
12 181 12 2.9464
12 182 532 126.8996
12 183 224 56.5833
12 186 44 10.3214
12 187 4 1.1529
12 188 148 37.2484
12 189 671 174.3262
12 190 1 0.1995
12 191 58 11.2952
12 192 39 9.0639
12 193 562 132.3700
12 194 17 3.9622
12 195 37 7.8188
12 196 451 111.5281
12 197 3 0.5818
12 198 199 48.2517
12 199 27 5.0848
12 200 595 155.5746
12 201 60 10.7189
12 202 171 42.3689
12 203 3 0.5355
12 204 7 1.3081
12 206 14 3.3185
12 207 1470 363.9770
12 208 521 135.6480
12 209 86 22.2314
12 210 167 36.9090
12 211 43 8.5110
12 212 210 66.3067
12 213 144 33.9028
12 214 1 0.1892
12 215 152 36.8712
12 216 135 29.1404
12 217 114 27.2353
12 218 4 0.9068
12 219 56 11.6993
12 221 950 279.6616
12 222 23 5.4966
12 223 287 71.8398
12 224 22 6.0393
12 225 104 24.5938
12 226 3 0.5259
12 227 127 26.1978
12 228 35 7.6721
12 229 246 60.3386
12 230 121 33.3979
12 231 20 4.4308
12 232 4 0.7380
12 233 22 6.2674
12 234 16 2.7836
12 235 123 30.4532
12 236 75 15.6740
12 237 35 6.9424
12 238 16 3.4775
12 239 102 23.2355
12 240 362 98.0995
12 241 1 0.3588
12 242 10 1.9963
12 243 242 52.8404
12 245 14 2.7469
12 246 438 110.8120
12 247 33 7.1413
12 248 30 7.6432
12 249 61 14.1251
12 250 6 1.1574
12 251 126 30.9739
12 252 491 115.5812
12 253 54 12.6865
12 254 26 6.1748
12 255 262 65.5342
12 256 2 0.3935
12 257 7 1.2759
12 258 14 2.7148
12 259 11 1.9814
12 260 23 4.2124
12 261 1046 259.3613
12 262 290 64.1599
12 263 100 26.6361
12 264 35 6.7648
12 265 148 34.7434
12 266 47 9.5772
12 267 71 20.6182
12 268 4 0.7499
12 269 41 9.2006
12 270 31 5.7186
12 271 52 11.9622
12 272 124 28.5993
12 273 102 25.1069
12 274 13 2.3136
12 275 26 6.9069
12 276 22 5.9595
12 277 11 2.0742
12 278 521 141.9233
12 279 352 97.5704
12 280 191 45.9025
12 282 6 1.6151
12 283 200 49.3974
12 284 11 2.5199
12 285 114 20.0683
12 287 411 106.4895
12 288 71 14.4110
12 289 6 1.5401
12 290 3 0.7652
12 291 1 0.1129
12 292 53 11.1574
12 293 179 41.8461
12 294 113 26.5632
12 295 273 75.6246
12 296 17 4.9495
12 297 2 0.3797
12 298 204 52.7941
12 299 12 2.8691
12 300 358 90.8933
12 301 20 3.5965
12 302 253 66.4895
12 304 9 1.8792
12 305 1 0.2339
12 306 466 119.5055
12 307 127 33.1223
12 308 1523 402.4965
12 309 3 0.6146
12 310 34 7.1531
12 311 154 40.8588
12 312 443 112.3656
12 313 3 0.6009
12 314 109 24.7275
12 315 2 0.4076
12 316 955 219.0634
12 317 94 22.5399
12 318 15 2.9995
12 319 60 13.7925
12 320 248 63.3723
12 321 8 1.9591
12 323 1 0.2048
12 324 28 5.9270
12 325 30 6.6984
12 326 84 16.6925
12 327 8 1.8098
12 328 36 7.9875
12 329 442 107.9216
12 330 18 3.6040
12 331 345 89.4005
12 332 427 107.6908
12 333 95 23.7756
12 334 131 26.0392
12 335 218 58.8699
12 336 38 8.8254
12 337 676 185.0331
12 338 171 39.4540
12 339 253 76.5712
12 340 253 57.5767
12 341 14 2.5338
12 343 9 1.7294
12 344 3 0.6083
12 345 1535 426.1992
12 346 2 0.4291
12 347 7 1.6184
12 348 68 15.8284
12 349 652 160.5439
12 350 126 27.0040
12 351 7 1.3819
12 353 4 0.6815
12 354 29 7.4374
12 355 3 0.6307
12 356 63 15.2612
12 357 36 6.9474
12 358 273 62.8311
12 359 19 3.8033
12 360 14 2.9903
12 361 14 2.9629
12 362 135 33.1150
12 363 3 0.3651
12 364 13 2.6272
12 366 441 110.0178
12 367 22 4.2062
12 368 4 0.8939
12 369 152 43.9458
12 370 3 0.4891
12 371 5 1.0263
12 372 293 61.4003
12 373 4 0.7788
12 374 5 0.8760
12 376 1481 352.0427
12 377 16 3.3935
12 379 253 64.0560
12 380 97 25.6351
12 381 616 163.3177
12 382 37 8.5887
12 383 59 13.1594
13 0 114 26.6135
13 1 552 171.0003
13 2 44 11.9789
13 3 204 43.8497
13 4 156 37.1247
13 5 267 71.0812
13 6 243 62.6196
13 7 2 0.4381
13 8 94 22.9127
13 9 67 14.2146
13 10 642 131.9523
13 11 126 34.5359
13 12 301 64.3185
13 13 90 20.2694
13 14 31 6.4794
13 15 389 95.7205
13 16 5 0.8906
13 17 7 1.3429
13 18 106 27.2510
13 19 516 138.0540
13 20 200 60.0915
13 21 614 158.2184
13 22 27 5.1984
13 23 118 33.9356
13 24 26 7.5604
13 25 8 1.4975
13 26 93 23.2390
13 27 22 4.5615
13 28 131 29.9249
13 29 217 52.4167
13 30 26 4.6720
13 31 37 8.0659
13 32 17 3.3235
13 33 41 10.2865
13 34 589 145.5710
13 35 34 7.6734
13 36 401 103.4584
13 37 4 0.8281
13 38 37 7.9743
13 39 159 36.9231
13 40 34 10.5332
13 41 400 107.6704
13 42 57 16.6693
13 43 116 26.8188
13 44 329 82.8072
13 45 187 43.1705
13 46 416 117.0079
13 47 296 71.1623
13 48 38 8.4364
13 49 85 18.1085
13 50 140 41.2980
13 51 16 4.7797
13 52 8 1.4849
13 53 57 13.3843
13 54 447 119.9117
13 55 3 0.5739
13 56 20 4.3483
13 57 729 183.5912
13 58 252 67.3967
13 59 52 12.5396
13 60 271 70.1257
13 61 129 27.6091
13 62 4 0.7085
13 63 422 92.7193
13 64 41 9.2304
13 66 29 8.9514
13 67 41 9.5124
13 68 9 1.7934
13 69 278 73.7340
13 70 47 10.0896
13 71 1387 318.3736
13 73 500 114.8112
13 74 40 9.0427
13 75 13 2.5495
13 76 144 32.6871
13 77 27 6.8065
13 78 193 51.3505
13 79 41 9.0007
13 80 3 0.5935
13 81 13 2.4995
13 82 24 7.8120
13 83 209 39.5328
13 84 1 0.1883
13 85 4 0.6530
13 86 104 29.0344
13 87 67 20.3817
13 88 97 23.5148
13 89 396 97.6974
13 90 230 49.3322
13 91 54 13.5311
13 92 274 65.8284
13 93 40 7.3713
13 94 559 135.6652
13 95 122 27.2338
13 96 80 16.6555
13 97 99 20.2908
13 98 13 2.6494
13 99 202 48.7343
13 100 1 0.1987
13 101 21 4.6084
13 102 21 4.0474
13 103 49 8.5685
13 104 334 77.0137
13 105 156 38.1773
13 106 89 22.9505
13 107 3 0.5593
13 108 13 2.6068
13 109 501 140.6227
13 110 17 3.7384
13 111 27 6.2110
13 112 89 22.3005
13 113 13 3.2818
13 114 499 125.5175
13 115 162 40.1105
13 116 129 24.9771
13 118 27 5.6562
13 119 1 0.1927
13 120 290 70.8073
13 121 144 31.9403
13 122 6 1.0596
13 123 28 7.6711
13 124 78 17.9383
13 125 27 6.3780
13 126 5 1.0476
13 127 128 31.9982
13 128 1407 376.2729
13 129 36 7.9750
13 130 9 1.5549
13 131 3 0.6311
13 132 472 137.1117
13 133 5 0.9135
13 134 8 1.4582
13 135 3 0.5695
13 136 71 14.3165
13 137 166 42.8310
13 138 4 0.8457
13 139 11 2.1270
13 140 2 0.3510
13 141 77 19.5510
13 142 202 43.4389
13 143 241 96.2922
13 144 6 1.1208
13 145 63 14.2541
13 146 20 4.0332
13 147 12 2.8098
13 148 86 19.7317
13 149 4 0.8845
13 150 278 77.5309
13 151 174 41.7624
13 152 51 11.5133
13 153 34 8.5142
13 154 85 21.4687
13 155 11 2.1395
13 156 21 4.0517
13 157 1540 358.8502
13 158 21 3.8300
13 159 506 140.6638
13 160 55 12.5430
13 161 56 11.3604
13 162 43 8.2443
13 163 17 3.0930
13 164 10 2.6448
13 165 857 198.8954
13 166 57 15.9011
13 167 63 15.2531
13 168 105 24.7340
13 169 32 9.7565
13 170 28 5.2731
13 171 33 8.2405
13 172 181 44.6564
13 173 3 0.4604
13 174 46 10.4878
13 175 139 34.1589
13 176 115 25.8790
13 177 146 33.9969
13 178 242 52.3109
13 179 10 1.8084
13 180 147 36.8172
13 181 15 3.1152
13 182 26 8.6711
13 184 29 5.4462
13 185 6 1.1479
13 186 1 0.2057
13 187 108 25.2363
13 188 816 183.3403
13 189 23 4.2249
13 190 92 25.0692
13 191 102 22.5748
13 192 178 49.8565
13 193 319 111.6823
13 194 134 31.9831
13 195 1040 236.1651
13 196 1 0.0544
13 197 74 15.6264
13 198 29 6.5287
13 199 201 49.6651
13 200 15 2.8343
13 201 181 43.8818
13 202 36 8.1498
13 203 128 31.5568
13 204 44 9.6865
13 205 548 133.8175
13 206 106 23.6462
13 207 303 74.4272
13 208 67 13.2646
13 209 80 17.9857
13 210 474 130.1208
13 211 25 5.3143
13 212 126 39.1406
13 214 81 19.7221
13 215 585 138.9098
13 216 23 4.3831
13 217 9 2.5065
13 218 248 51.2752
13 219 279 57.0588
13 220 555 146.9156
13 221 76 17.2946
13 222 15 4.2963
13 223 151 34.5212
13 224 19 4.2437
13 225 100 21.2955
13 226 62 14.7794
13 227 15 3.2740
13 228 15 2.9478
13 229 20 3.9208
13 230 545 187.7227
13 231 5 0.7737
13 232 90 21.3316
13 233 2 0.3736
13 234 27 6.2803
13 235 216 54.9758
13 236 10 2.0965
13 237 76 17.8654
13 238 28 6.3972
13 239 22 4.6891
13 240 4 0.7759
13 241 28 5.6923
13 242 19 3.3033
13 243 344 81.8577
13 245 175 36.7572
13 246 379 86.5489
13 247 40 8.7371
13 248 416 98.1516
13 249 663 209.1737
13 251 703 188.3802
13 252 103 24.3029
13 253 80 21.1620
13 254 96 21.0596
13 255 47 11.3851
13 256 5 0.7963
13 257 2 0.2564
13 258 339 70.1845
13 259 246 51.6783
13 260 461 118.3681
13 261 76 17.4306
13 262 47 9.1898
13 263 164 38.4648
13 264 98 20.2910
13 265 125 24.7524
13 266 85 29.2116
13 267 38 8.3636
13 268 7 1.5230
13 269 33 6.6523
13 270 1 0.2088
13 271 153 42.2081
13 272 1004 263.6617
13 273 6 1.2983
13 274 104 28.7135
13 275 4 0.8253
13 276 19 4.0247
13 277 2 0.3620
13 278 74 16.1784
13 279 717 182.3828
13 280 511 131.5099
13 281 561 168.3551
13 282 19 3.5882
13 283 8 1.5943
13 284 2132 510.6808
13 285 1000 264.7862
13 286 34 9.1670
13 287 262 69.7503
13 288 14 3.7323
13 289 13 2.6692
13 290 9 1.7944
13 291 22 4.1596
13 292 37 10.0239
13 293 583 149.1673
13 294 4 0.8485
13 295 36 8.0521
13 296 4 0.7714
13 297 111 28.8412
13 298 218 53.9434
13 299 21 4.0609
13 300 14 2.8644
13 301 5 0.9311
13 303 65 15.8375
13 304 93 19.5230
13 305 214 49.9735
13 306 144 31.4849
13 307 36 7.3734
13 308 24 4.3502
13 309 131 35.5191
13 310 398 106.6321
13 311 181 45.9977
13 312 87 21.6891
13 313 25 5.9023
13 314 12 2.7858
13 315 192 41.1098
13 316 245 57.6090
13 318 909 224.9569
13 319 67 13.9727
13 320 1 0.2463
13 322 265 53.1005
13 323 25 5.5386
13 324 258 63.7947
13 325 16 3.5611
13 326 201 56.5830
13 327 157 40.6941
13 328 59 12.4536
13 329 15 2.8152
13 330 6 1.0760
13 331 50 10.3232
13 332 5 1.0527
13 333 187 40.9006
13 334 20 3.6156
13 335 262 61.5261
13 336 1090 324.3894
13 337 264 63.8573
13 338 149 42.2102
13 339 8 1.4960
13 340 122 26.1779
13 341 25 4.5543
13 342 69 13.8655
13 343 5 1.0342
13 344 47 11.0046
13 345 752 200.9576
13 346 32 8.5285
13 347 16 3.8336
13 348 41 10.8129
13 350 2 0.4252
13 351 12 2.2197
13 352 21 4.1171
13 353 278 79.5979
13 354 3 0.4719
13 355 88 18.8002
13 356 127 31.5687
13 357 35 7.9769
13 358 34 7.3016
13 359 26 5.6313
13 360 425 107.8674
13 361 167 37.2461
13 362 3 0.5369
13 363 324 89.9602
13 364 66 16.6816
13 365 3 0.5905
13 366 20 4.2262
13 367 71 18.2036
13 368 73 15.6561
13 369 35 8.9601
13 370 193 44.3923
13 371 41 11.9926
13 372 114 34.9362
13 373 6 1.2694
13 374 59 13.6532
13 375 43 8.0351
13 376 258 57.8334
13 377 155 38.0588
13 378 62 13.6204
13 380 6 1.6310
13 381 481 149.1672
13 382 3 0.6033
13 383 6 1.0750
14 0 11 2.5823
14 1 87 22.1086
14 2 213 51.6771
14 3 593 151.7921
14 5 178 42.1680
14 6 221 57.0257
14 9 3 0.4706
14 10 19 4.1349
14 11 270 72.0786
14 12 7 1.1558
14 13 4 0.8155
14 14 114 25.8457
14 15 3 0.4963
14 16 664 175.5859
14 17 80 18.2194
14 18 1055 269.2148
14 19 47 8.9361
14 20 33 7.3650
14 21 4 1.0102
14 22 13 3.9580
14 23 69 16.9378
14 24 62 13.6710
14 25 17 5.2236
14 26 883 213.0140
14 27 192 45.2662
14 28 381 93.3846
14 29 31 8.1031
14 30 72 16.6431
14 31 533 141.6671
14 32 86 22.2211
14 33 11 2.1309
14 34 5 0.8124
14 35 46 8.9769
14 36 103 22.2500
14 37 530 141.8245
14 38 3 0.6205
14 39 7 1.5254
14 40 112 26.0203
14 41 17 2.9683
14 42 6 1.1040
14 43 348 98.9229
14 44 45 10.2214
14 45 184 45.4187
14 46 35 8.7142
14 47 75 16.2768
14 48 448 109.0698
14 49 17 3.4606
14 50 11 1.9371
14 51 165 40.9708
14 52 17 4.0586
14 53 10 2.2120
14 54 29 6.0614
14 55 12 2.5334
14 56 56 14.6027
14 57 926 213.9677
14 58 48 13.3337
14 59 137 32.5419
14 60 2 0.3759
14 61 52 12.4049
14 62 55 10.6238
14 63 59 14.2677
14 64 245 48.9718
14 66 2 0.6010
14 67 356 91.5100
14 68 2 0.4026
14 69 36 6.8337
14 70 14 3.3565
14 71 143 32.8517
14 73 75 20.5010
14 74 31 7.4777
14 75 14 2.7572
14 76 150 34.2725
14 77 149 36.0396
14 78 24 5.6339
14 79 177 32.0189
14 80 18 4.1420
14 82 17 3.5459
14 83 19 4.6082
14 84 711 198.9584
14 85 216 64.4296
14 86 39 8.0803
14 87 1 0.2284
14 88 104 24.6699
14 89 7 1.5033
14 90 215 60.9317
14 91 65 11.9499
14 92 62 15.9626
14 93 252 70.9697
14 94 22 5.2749
14 95 5 1.1521
14 96 202 55.5853
14 97 5 1.0582
14 98 85 18.3842
14 99 273 59.6006
14 100 18 4.8537
14 102 34 7.2979
14 103 68 16.9477
14 104 332 72.6324
14 106 63 13.0603
14 107 175 43.7478
14 108 59 12.3308
14 109 265 64.5329
14 110 42 10.0251
14 111 1 0.2181
14 112 27 5.4802
14 113 16 3.9620
14 114 6 2.1588
14 116 10 2.9230
14 117 24 4.7798
14 118 66 14.1317
14 119 14 2.6730
14 120 21 4.0879
14 121 8 1.6114
14 122 181 43.1646
14 123 26 5.4017
14 124 453 109.3182
14 125 1 0.2080
14 126 34 7.8071
14 127 11 2.5372
14 128 132 31.6028
14 129 117 27.3411
14 130 3 0.6076
14 131 15 2.9828
14 132 57 13.5224
14 133 5 0.8386
14 134 36 8.9220
14 135 3198 783.0028
14 136 7 1.2961
14 137 17 3.2107
14 138 10 2.2600
14 139 316 79.7720
14 140 8 1.3072
14 141 7 1.3937
14 144 33 5.9386
14 145 250 65.2068
14 146 1060 230.3708
14 147 215 52.7333
14 148 6 1.0240
14 149 60 14.6831
14 151 55 12.9342
14 152 227 52.9052
14 153 95 26.1631
14 154 1 0.1918
14 155 34 7.6339
14 157 471 103.9834
14 158 128 31.0606
14 159 11 2.2057
14 160 5 1.2926
14 161 86 18.9202
14 162 980 237.1481
14 163 19 4.4056
14 164 347 83.6109
14 165 589 155.4539
14 166 4 0.8023
14 167 49 11.8682
14 168 21 4.6682
14 169 10 4.0690
14 170 358 94.6591
14 171 181 57.6944
14 172 120 32.6942
14 173 192 47.2861
14 174 10 2.2806
14 175 10 2.0928
14 176 8 1.7801
14 177 4 0.9243
14 178 2 0.2927
14 179 281 68.8868
14 180 10 1.9468
14 181 6 1.4003
14 183 1 0.2052
14 184 7 1.1706
14 185 3 0.5312
14 186 23 4.0816
14 187 1 0.1609
14 188 1 0.2477
14 189 311 73.0652
14 190 77 20.1496
14 191 21 3.9531
14 192 452 112.8649
14 193 22 4.4146
14 194 53 11.5698
14 195 38 7.7134
14 196 16 2.8711
14 197 367 89.1893
14 198 1 0.1834
14 199 16 4.0259
14 200 13 2.5719
14 201 323 82.0395
14 202 28 7.2973
14 203 248 51.5707
14 204 192 42.1343
14 205 3 0.5019
14 206 17 3.7086
14 207 24 4.4274
14 208 2 0.4049
14 209 134 34.1926
14 210 435 93.9064
14 211 8 1.7453
14 212 1171 365.3985
14 213 430 107.9046
14 214 41 10.8697
14 215 24 5.2726
14 216 631 147.9602
14 217 124 26.9398
14 219 17 3.2576
14 220 2 0.4492
14 221 149 35.8095
14 222 9 1.8429
14 223 151 35.9613
14 224 35 6.7985
14 225 100 21.9232
14 226 2464 581.3450
14 227 154 31.4834
14 228 461 143.8554
14 229 11 3.0140
14 230 58 15.0727
14 231 175 40.0518
14 232 321 82.1118
14 233 7 1.1879
14 234 272 67.1926
14 235 45 9.9335
14 236 16 3.0461
14 237 275 75.8088
14 238 436 108.8914
14 239 131 31.4380
14 240 13 3.1343
14 241 13 3.9087
14 242 613 188.6115
14 243 606 157.4916
14 244 158 36.6661
14 245 849 207.9331
14 246 1 0.2176
14 247 6 1.5531
14 248 232 58.4433
14 249 42 8.0483
14 250 46 13.8246
14 251 455 105.3174
14 252 655 159.0448
14 253 5 0.7251
14 254 593 134.8069
14 255 307 73.4091
14 256 132 27.5295
14 257 106 25.7830
14 258 10 3.1836
14 259 166 42.5209
14 261 125 24.1844
14 262 41 10.1652
14 263 379 102.0053
14 264 1 0.1918
14 265 451 121.4650
14 267 10 1.8996
14 268 1 0.2114
14 269 4 0.8107
14 270 26 6.0658
14 272 653 158.0649
14 273 72 17.0193
14 274 3 0.3439
14 275 8 1.6801
14 276 6 1.4392
14 277 236 66.8400
14 278 28 5.8049
14 279 149 37.1969
14 280 10 2.5606
14 281 4 0.8095
14 282 31 7.2960
14 283 55 15.0634
14 284 87 18.0555
14 286 24 4.6151
14 287 343 95.7761
14 288 29 5.6596
14 289 67 15.1587
14 291 52 11.9442
14 292 10 2.4176
14 293 1 0.1925
14 294 87 19.3363
14 295 62 15.3068
14 297 1 0.1388
14 298 32 7.1015
14 299 401 91.8768
14 300 23 4.2217
14 301 118 26.6767
14 302 41 9.0081
14 303 691 174.6126
14 304 257 54.9216
14 305 86 20.7882
14 306 68 15.5134
14 307 61 12.9389
14 308 140 28.9537
14 309 93 23.8685
14 310 150 38.4036
14 312 18 3.5231
14 313 16 3.7689
14 314 6 1.4498
14 315 101 27.4385
14 316 304 112.3744
14 317 72 18.6923
14 318 598 170.6276
14 319 13 2.9289
14 320 12 2.0453
14 321 665 176.5822
14 322 6 1.4327
14 323 689 187.8960
14 324 64 15.9971
14 325 37 10.3304
14 327 127 31.4891
14 329 2 0.3580
14 330 792 195.3610
14 331 67 19.6504
14 332 189 45.4631
14 333 112 29.8604
14 334 45 9.3272
14 335 29 6.4103
14 336 16 2.9897
14 337 86 20.2557
14 339 12 2.3221
14 340 42 8.8876
14 341 1 0.1721
14 342 82 18.1479
14 343 774 195.3065
14 344 21 4.7354
14 345 518 136.2053
14 346 1276 369.5544
14 347 248 71.4570
14 349 6 1.2958
14 350 4 0.8220
14 351 41 8.1875
14 352 215 57.7204
14 353 47 12.8410
14 354 106 31.1243
14 355 14 4.1795
14 357 650 172.0272
14 358 1209 280.7266
14 359 203 40.4135
14 361 110 25.0195
14 363 75 16.3963
14 364 66 16.6854
14 365 13 3.0576
14 366 11 2.5844
14 367 41 10.7934
14 368 224 46.2351
14 369 14 2.4120
14 370 64 14.6074
14 371 104 39.0526
14 372 82 15.6365
14 373 241 76.8771
14 374 14 2.5694
14 375 488 115.7590
14 376 918 248.7776
14 377 22 5.3271
14 378 429 108.1550
14 379 44 11.1353
14 380 181 47.4376
14 381 113 30.5230
14 383 220 52.7489
15 0 1457 391.6450
15 1 111 27.6422
15 2 65 14.0425
15 3 727 140.5529
15 5 3 0.5841
15 6 182 35.9470
15 7 74 16.8210
15 8 1148 243.4635
15 9 2 0.4408
15 10 20 3.8741
15 11 19 4.3725
15 12 41 6.6528
15 13 144 27.5411
15 14 352 115.8831
15 15 87 23.2108
15 16 196 71.3246
15 17 91 20.3173
15 18 32 8.3712
15 19 81 21.0471
15 20 787 235.2371
15 21 25 8.7450
15 22 636 178.3643
15 23 402 87.1060
15 25 49 11.6511
15 26 2139 488.2994
15 27 8 1.5427
15 28 169 33.9897
15 29 7 1.5520
15 31 1 0.1169
15 32 13 2.8390
15 33 81 20.8865
15 34 3 0.4512
15 35 181 45.8004
15 36 161 30.1047
15 37 154 30.9943
15 38 197 44.7827
15 39 62 19.8318
15 40 74 16.6103
15 42 197 46.9676
15 43 55 12.2598
15 44 76 18.6452
15 45 38 10.7173
15 46 18 3.3998
15 47 99 28.1060
15 48 1 0.2258
15 49 78 14.9901
15 50 473 142.6273
15 51 46 9.0987
15 52 12 2.4909
15 53 5 0.8833
15 54 77 21.9729
15 57 269 97.3691
15 58 504 182.3519
15 59 11 3.2905
15 60 38 9.3060
15 61 14 2.2262
15 62 655 246.6226
15 63 8 1.4742
15 64 1 0.2171
15 65 143 52.1503
15 66 2 0.4209
15 67 8 1.2413
15 68 95 20.9229
15 69 1707 445.2747
15 70 32 6.3197
15 71 7 1.4553
15 72 2 0.3152
15 73 31 5.6985
15 74 242 49.8373
15 75 139 31.2898
15 76 419 119.7178
15 77 9 2.2280
15 78 19 3.3046
15 79 49 13.6344
15 80 87 16.8444
15 81 38 8.1094
15 82 170 32.7233
15 83 889 188.1344
15 85 26 5.3351
15 86 82 25.7827
15 87 681 227.1935
15 88 107 25.6465
15 89 3 0.5415
15 90 7 1.3031
15 91 206 40.3420
15 92 197 36.3795
15 93 100 26.3553
15 94 11 1.9779
15 95 109 20.9947
15 96 55 12.9596
15 97 168 37.5874
15 98 31 6.2917
15 99 896 305.7792
15 100 38 10.4870
15 101 27 5.1757
15 102 59 13.1224
15 103 302 71.7390
15 104 304 85.4685
15 105 8 1.2060
15 106 25 7.2523
15 107 2 0.3800
15 108 2 0.4823
15 109 40 7.8162
15 110 15 2.6484
15 111 379 103.1893
15 112 328 70.4710
15 113 27 4.9150
15 114 200 44.5493
15 115 9 2.0494
15 116 2 0.3134
15 118 59 16.9485
15 119 645 166.5795
15 120 12 2.5015
15 121 405 85.3895
15 122 25 9.0469
15 123 138 24.8261
15 124 36 9.0832
15 125 128 40.9717
15 126 175 49.2190
15 128 14 2.6551
15 129 125 33.9778
15 130 465 138.1195
15 131 50 15.7678
15 132 107 25.0323
15 133 1302 355.0672
15 134 16 2.4996
15 135 228 47.6384
15 136 379 92.9560
15 137 51 13.3919
15 138 15 2.8314
15 139 40 11.3650
15 140 133 31.3250
15 141 493 137.1748
15 142 11 2.0066
15 143 38 8.6385
15 144 383 100.1753
15 145 57 9.7901
15 146 469 139.2869
15 147 140 30.8079
15 148 74 16.8941
15 149 47 8.3429
15 150 53 10.8029
15 151 34 6.5896
15 152 62 20.7421
15 153 47 9.4403
15 154 57 16.4946
15 155 86 16.3295
15 156 28 5.6886
15 157 324 78.6881
15 158 210 71.2593
15 159 91 29.0548
15 160 33 9.1063
15 161 254 94.1617
15 162 383 84.6310
15 163 63 11.9689
15 164 7 0.8362
15 165 345 68.1945
15 166 13 2.4688
15 167 798 226.2807
15 168 115 20.7103
15 169 151 37.0511
15 170 570 138.5092
15 171 300 80.2033
15 172 40 11.2183
15 173 1 0.1269
15 174 663 176.0385
15 175 1 0.1595
15 176 82 19.5841
15 177 1169 252.2476
15 178 131 34.9127
15 179 212 64.7250
15 180 25 5.0239
15 181 89 18.2775
15 182 123 27.2673
15 183 28 6.0322
15 184 310 61.9033
15 186 86 32.7016
15 187 555 114.6365
15 188 14 3.1225
15 189 39 7.6563
15 190 125 26.1569
15 191 7 1.4156
15 192 44 8.3250
15 193 70 11.5006
15 194 54 12.7214
15 195 74 17.8352
15 196 519 133.5635
15 197 24 5.5968
15 198 7 0.9353
15 199 253 73.9022
15 200 923 191.5747
15 201 208 45.6861
15 202 141 26.4012
15 203 44 7.8572
15 204 10 2.0477
15 205 5 0.6753
15 206 63 16.0435
15 207 62 13.5441
15 208 347 80.8642
15 209 15 2.6992
15 210 92 18.1387
15 211 39 11.4401
15 212 162 31.8782
15 213 891 177.7262
15 214 3 0.5449
15 215 55 11.7198
15 216 2 0.2902
15 217 60 13.8688
15 218 11 1.9863
15 219 144 29.3894
15 220 21 5.6117
15 221 281 64.7034
15 222 44 10.9461
15 223 592 139.3285
15 224 6 1.2319
15 225 1 0.0466
15 226 68 12.8367
15 227 16 2.9007
15 228 120 24.2096
15 229 32 6.7953
15 230 2 0.3187
15 231 3 0.4510
15 232 253 57.6386
15 233 50 10.5070
15 234 1 0.0802
15 235 145 28.1188
15 236 321 82.6715
15 237 11 1.5989
15 238 9 1.6854
15 239 17 3.0003
15 240 19 3.6879
15 241 5 0.6628
15 242 19 4.1408
15 243 4 0.5209
15 244 28 5.3693
15 245 21 7.0351
15 246 3 0.5076
15 247 9 1.6583
15 248 38 13.5626
15 249 28 11.3762
15 250 154 39.4128
15 251 64 15.0662
15 252 19 3.4064
15 253 16 3.0951
15 254 59 14.4115
15 255 96 18.3001
15 256 10 1.4199
15 257 12 3.0334
15 258 145 47.2115
15 259 1 0.2119
15 260 12 1.9827
15 261 90 17.8862
15 262 28 5.7065
15 263 5 0.9994
15 264 8 1.1835
15 265 59 11.8480
15 266 98 24.0970
15 267 108 29.6992
15 268 271 49.5027
15 269 162 43.7303
15 270 39 11.5806
15 271 55 10.2428
15 272 109 21.3079
15 273 11 2.0234
15 274 56 17.9836
15 275 11 2.1520
15 276 33 5.9794
15 277 2 0.3542
15 278 2 0.3188
15 280 87 20.9412
15 281 171 55.1545
15 282 201 42.4571
15 283 239 73.8261
15 284 4 0.7666
15 285 19 3.8450
15 286 1 0.1975
15 287 130 27.6805
15 288 105 27.4145
15 289 23 7.8919
15 290 3 0.6823
15 291 110 22.4043
15 292 86 18.9899
15 293 173 59.1485
15 294 10 3.9464
15 295 6 1.0926
15 296 45 7.1134
15 297 37 7.5723
15 298 55 14.4109
15 299 83 20.5972
15 300 7 1.1609
15 301 481 100.6484
15 302 48 12.9988
15 303 301 64.1263
15 304 142 34.2822
15 305 46 7.7898
15 307 627 154.5935
15 308 90 25.9538
15 309 62 17.2002
15 310 179 32.3313
15 311 58 10.8845
15 312 107 20.2361
15 313 31 7.8388
15 314 106 21.0737
15 315 50 14.8361
15 316 135 49.6881
15 317 18 3.6747
15 318 5 1.0065
15 319 197 50.5526
15 320 187 37.5881
15 321 223 74.4382
15 322 35 6.6701
15 323 19 3.3044
15 324 107 34.4778
15 325 78 14.1091
15 326 380 124.5522
15 327 23 4.1434
15 328 184 41.1273
15 329 92 19.9988
15 330 85 20.3670
15 331 179 59.6243
15 332 69 11.2848
15 333 24 7.2350
15 334 325 71.6952
15 335 15 2.7382
15 336 39 11.3845
15 337 183 57.6892
15 338 15 4.6786
15 339 216 44.2437
15 341 73 19.5927
15 342 53 14.0584
15 343 82 16.1113
15 344 3 0.5719
15 345 8 0.7787
15 346 63 11.6259
15 348 232 46.4249
15 349 169 43.5429
15 350 11 1.7750
15 351 70 13.9015
15 352 481 95.7757
15 353 34 6.1663
15 354 41 11.0067
15 355 44 10.0036
15 356 3847 925.5135
15 357 357 72.1445
15 358 74 14.2837
15 359 324 59.4397
15 360 76 23.1511
15 361 449 136.1488
15 362 79 14.1337
15 363 119 24.5310
15 364 73 13.7017
15 365 62 11.4921
15 366 29 5.0956
15 367 89 23.5814
15 368 51 15.7204
15 369 149 30.4750
15 370 87 29.2346
15 371 37 10.2467
15 372 152 67.6893
15 373 24 4.9760
15 374 28 9.5573
15 375 403 134.5482
15 376 14 3.8048
15 377 92 29.1769
15 378 360 102.8567
15 379 8 1.6329
15 380 34 6.6065
15 381 124 25.9453
15 382 43 9.2441
15 383 152 36.3563
16 0 125 27.2061
16 1 195 46.1803
16 2 9 1.7897
16 3 379 85.0320
16 4 107 29.1419
16 5 259 60.6764
16 6 108 27.1855
16 7 17 3.6597
16 8 44 10.3625
16 9 5 1.0506
16 10 52 11.9530
16 11 454 116.2975
16 12 84 17.1842
16 13 25 5.4184
16 14 1 0.1975
16 15 4 0.9123
16 16 10 1.8969
16 17 27 6.5606
16 18 7 1.4573
16 19 459 109.2448
16 20 323 77.2707
16 21 68 12.8934
16 22 45 9.3221
16 23 81 17.9910
16 24 9 1.9608
16 25 29 6.7858
16 26 1 0.2316
16 27 389 97.1621
16 28 1036 281.0711
16 29 240 79.7979
16 30 753 198.2427
16 31 12 3.2631
16 32 77 16.0180
16 33 14 2.4328
16 34 94 22.9906
16 35 279 71.5899
16 36 94 23.3244
16 37 25 4.9698
16 38 170 42.9928
16 39 2 0.4377
16 40 101 21.8866
16 41 105 20.7053
16 42 2 0.3732
16 43 263 73.5266
16 44 171 43.4175
16 45 9 2.1806
16 46 573 147.4203
16 47 87 22.1837
16 48 127 30.7804
16 49 38 8.0565
16 50 98 30.1819
16 51 28 6.7903
16 52 274 67.5562
16 53 1 0.2004
16 54 454 111.2027
16 55 98 26.8098
16 56 110 25.3972
16 58 22 4.4752
16 59 31 6.0874
16 60 190 45.3379
16 61 356 83.7074
16 62 80 19.8114
16 63 6 0.9518
16 64 74 17.6132
16 65 5 1.0386
16 66 820 216.9839
16 68 205 55.0820
16 69 13 3.0180
16 70 676 147.6973
16 71 16 4.0565
16 72 49 13.0315
16 73 38 8.5907
16 74 392 94.9913
16 75 52 13.9513
16 77 36 7.8643
16 78 162 40.7415
16 79 12 2.5332
16 82 40 7.8108
16 83 46 8.9854
16 84 484 139.3697
16 85 74 20.4894
16 86 60 11.7432
16 87 3 0.6432
16 88 45 9.3031
16 89 153 39.5833
16 90 11 2.5057
16 91 2 0.3905
16 92 1 0.1951
16 93 335 69.7317
16 94 88 17.8702
16 95 46 9.1157
16 96 545 160.7769
16 97 254 62.6963
16 98 304 77.2462
16 99 3 0.6850
16 100 187 49.5694
16 101 13 3.1550
16 102 355 91.2356
16 103 66 15.7389
16 104 12 3.0109
16 105 142 35.9268
16 106 139 32.3479
16 107 4 0.7909
16 108 85 24.2707
16 109 738 161.4027
16 111 2163 547.7982
16 112 3 0.6322
16 114 23 4.7655
16 115 3 0.7243
16 116 92 22.0578
16 117 294 72.7785
16 118 2 0.3350
16 119 396 97.5761
16 120 16 3.8290
16 121 48 9.8178
16 122 395 107.7672
16 123 102 23.9664
16 124 96 23.8076
16 125 108 25.7707
16 126 427 104.7122
16 127 17 4.2446
16 129 80 17.6397
16 130 760 162.9118
16 131 9 2.0954
16 132 10 2.3364
16 133 331 83.2705
16 134 18 3.4300
16 136 396 94.5074
16 137 70 16.7477
16 138 24 4.8915
16 139 52 11.6769
16 140 4 0.5380
16 141 7 1.2632
16 142 1055 277.5891
16 143 4 0.7103
16 146 7 1.4363
16 147 125 25.9815
16 149 27 6.9019
16 150 16 3.2710
16 151 1 0.1849
16 152 94 23.6583
16 154 20 5.0852
16 155 48 11.4989
16 156 203 46.6707
16 157 340 86.3072
16 159 3 0.5314
16 160 19 4.2441
16 161 16 2.8665
16 162 1 0.2311
16 163 82 20.3265
16 166 963 243.5557
16 167 1 0.1278
16 169 23 4.5403
16 170 97 24.8514
16 171 36 10.0340
16 172 454 108.1134
16 173 18 4.2299
16 174 34 7.7014
16 176 61 14.2891
16 177 490 129.9309
16 178 686 179.8521
16 179 1603 391.7209
16 180 65 14.6475
16 181 23 4.5885
16 182 13 2.9228
16 183 21 4.0661
16 184 182 44.4705
16 185 28 6.9841
16 186 3 0.7964
16 187 53 12.8651
16 188 13 2.5931
16 189 89 26.6042
16 190 137 36.4749
16 191 25 4.3119
16 192 182 42.2232
16 193 10 1.9901
16 195 7 1.1702
16 197 174 44.6125
16 198 375 91.1006
16 199 5 1.1331
16 200 12 2.3667
16 201 28 6.2503
16 202 2 0.3858
16 203 253 61.3056
16 204 454 96.8628
16 205 22 4.4473
16 206 613 153.2600
16 207 2 0.4103
16 208 63 16.3965
16 209 41 7.9272
16 210 35 8.6236
16 211 7 1.4680
16 212 1780 387.7909
16 213 3 0.5891
16 214 198 47.0029
16 215 1 0.1698
16 216 180 46.2923
16 217 51 11.0145
16 218 9 1.7759
16 219 3 0.6356
16 220 8 1.9473
16 223 2042 541.0480
16 224 2 0.4279
16 226 555 147.1390
16 227 2 0.3583
16 228 91 22.9750
16 229 22 4.5767
16 230 131 29.8908
16 231 303 72.1731
16 232 993 256.3499
16 233 68 13.1206
16 234 4 0.7899
16 237 701 180.4865
16 238 11 2.5585
16 239 8 2.4883
16 240 14 3.2321
16 241 26 4.9210
16 242 353 91.8998
16 243 615 159.7484
16 244 9 1.5719
16 245 314 75.9922
16 246 8 1.5117
16 247 4 0.8956
16 248 75 19.2314
16 250 53 11.5831
16 251 16 3.0834
16 252 75 18.9541
16 253 32 7.3624
16 254 2 0.4928
16 255 673 184.6141
16 256 632 156.6648
16 257 7 1.4840
16 258 57 12.4337
16 260 1 0.2448
16 261 44 8.1319
16 262 328 89.7071
16 263 574 164.3470
16 264 64 14.8969
16 265 568 155.9572
16 266 1 0.2375
16 267 166 44.7188
16 268 103 27.8203
16 269 260 61.6209
16 270 36 8.1671
16 271 33 7.6821
16 272 94 23.1040
16 273 11 2.2456
16 274 2 0.5457
16 275 260 69.5959
16 276 8 1.7314
16 277 15 3.1235
16 278 63 16.1192
16 279 63 14.5904
16 280 527 125.8384
16 281 172 39.0023
16 282 168 35.3973
16 283 12 2.9829
16 284 5 0.8096
16 285 1 0.1990
16 286 116 27.7813
16 287 2 0.3323
16 288 288 70.9353
16 289 25 4.3636
16 290 65 14.0768
16 291 185 42.0240
16 293 27 6.9252
16 294 52 12.5343
16 295 39 7.6378
16 296 169 45.7307
16 297 22 5.1074
16 299 28 8.4798
16 300 6 1.0763
16 302 28 5.9332
16 304 84 16.6057
16 305 154 33.4500
16 306 254 58.4876
16 307 24 4.9754
16 308 9 1.9722
16 309 846 214.5799
16 310 1 0.1989
16 311 66 15.9378
16 312 209 49.9396
16 314 28 6.4677
16 317 3500 942.1113
16 318 656 171.3283
16 319 1 0.2376
16 320 2 0.3954
16 321 321 79.9610
16 322 1 0.2402
16 323 75 19.3041
16 324 11 2.3690
16 325 154 34.3463
16 326 17 3.7621
16 328 419 110.3333
16 329 371 90.1505
16 330 7 1.5417
16 331 76 17.8909
16 332 448 133.5153
16 333 104 24.5337
16 334 34 8.2296
16 335 594 175.0750
16 336 584 145.2151
16 337 204 49.2396
16 338 1 0.3275
16 339 56 13.2418
16 340 180 44.3964
16 343 72 20.7545
16 344 16 4.3894
16 345 15 3.1035
16 346 80 16.7593
16 347 69 13.9190
16 348 1 0.1853
16 349 40 7.7054
16 350 318 84.3406
16 352 167 43.7030
16 353 52 9.4904
16 354 7 1.5534
16 355 112 27.1469
16 356 41 10.2066
16 357 23 5.3447
16 358 43 9.8560
16 359 161 35.6082
16 360 11 2.2366
16 361 195 46.6088
16 362 141 33.4051
16 363 9 1.7435
16 364 83 18.2064
16 365 4 1.1097
16 366 112 22.5391
16 367 1 0.2151
16 368 51 11.7250
16 369 7 1.2195
16 370 245 62.0634
16 371 805 201.3939
16 373 60 13.3517
16 374 35 6.2272
16 375 2 0.2036
16 376 1 0.2115
16 377 36 7.3710
16 378 24 4.6794
16 379 2 0.4006
16 381 10 2.0308
16 382 18 3.8442
16 383 1 0.2363
17 0 69 13.3854
17 2 627 160.6658
17 3 484 114.7535
17 4 5 0.9736
17 5 52 10.4327
17 6 180 51.4423
17 7 9 2.2950
17 8 7 1.2588
17 9 48 9.3665
17 10 108 20.0562
17 11 44 10.0365
17 12 69 17.9161
17 13 2 0.4462
17 14 655 188.3465
17 15 3 0.5048
17 16 201 50.2515
17 17 523 101.6809
17 18 37 7.1973
17 19 99 26.7746
17 20 70 15.3532
17 21 2 0.3939
17 22 20 3.9043
17 23 396 83.7528
17 24 1009 216.7406
17 25 399 93.0047
17 26 36 10.3649
17 27 130 44.1268
17 28 11 2.4221
17 30 105 25.3403
17 31 23 4.5222
17 32 24 4.3355
17 33 4 0.7872
17 34 96 18.4964
17 35 3 0.6639
17 36 616 161.0572
17 37 98 26.1980
17 38 292 71.5195
17 39 12 2.2748
17 40 84 23.8152
17 41 22 6.3569
17 42 743 176.0127
17 43 427 105.1319
17 44 11 2.3754
17 45 1 0.2151
17 46 4 0.7697
17 47 198 47.3978
17 48 22 5.0948
17 49 46 8.7368
17 50 10 1.9224
17 51 53 12.9667
17 53 1 0.2029
17 54 399 108.8285
17 55 2 0.3541
17 56 14 3.0035
17 57 476 123.4839
17 58 152 36.3546
17 59 251 66.6631
17 60 2 0.3889
17 61 12 2.7355
17 62 23 4.6270
17 63 21 4.0819
17 64 216 54.1835
17 65 50 10.3825
17 66 31 5.7865
17 67 1400 393.5012
17 68 45 9.6705
17 69 41 7.6370
17 70 22 4.7409
17 71 365 86.1293
17 72 4386 1152.2109
17 73 91 24.8887
17 74 34 7.4666
17 76 32 5.8735
17 77 43 9.7005
17 78 85 16.0925
17 79 17 3.3458
17 80 11 2.0841
17 81 135 32.1630
17 82 14 3.2791
17 83 252 76.7293
17 84 11 2.1648
17 85 28 5.2332
17 86 1 0.0772
17 87 10 2.2219
17 88 81 16.1485
17 89 23 5.9107
17 90 210 52.4191
17 91 29 5.9002
17 92 3 0.5898
17 93 407 98.1821
17 94 27 5.8391
17 95 50 10.2532
17 96 11 1.9269
17 97 26 5.8221
17 98 3 0.6676
17 99 17 3.8301
17 100 254 63.8332
17 101 159 35.6622
17 102 173 39.9167
17 103 11 1.9975
17 105 126 29.7932
17 106 120 23.2824
17 107 89 21.2289
17 108 5 1.0012
17 109 32 6.3411
17 110 35 8.1203
17 111 24 5.2115
17 112 5 1.0218
17 113 174 35.0468
17 114 32 9.6617
17 115 137 31.1669
17 116 85 21.0135
17 117 39 8.3513
17 118 454 113.7896
17 119 23 4.5687
17 120 344 89.3987
17 121 170 37.9953
17 124 1587 654.3762
17 125 6 1.2007
17 126 214 52.8098
17 127 7 1.4579
17 128 24 5.2504
17 129 3 0.5516
17 130 63 15.2057
17 131 2 0.4015
17 132 12 2.5907
17 133 283 67.1708
17 134 189 37.3307
17 135 200 54.3399
17 136 46 9.6633
17 137 82 18.8672
17 138 29 5.7389
17 139 4 0.8270
17 140 370 87.9522
17 141 2 0.4054
17 142 270 65.9091
17 143 47 9.4361
17 144 2 0.3735
17 145 32 6.5437
17 146 68 13.5449
17 148 72 17.4971
17 149 529 143.4772
17 150 114 29.7178
17 151 162 38.0986
17 152 66 13.8781
17 153 44 9.5793
17 154 22 4.0929
17 155 610 149.1775
17 156 272 66.3763
17 157 392 97.5639
17 158 43 8.9163
17 159 107 26.7921
17 160 56 15.2210
17 161 386 87.2246
17 162 6 1.2267
17 163 488 127.1849
17 164 2 0.4546
17 165 50 13.1023
17 166 17 3.9636
17 167 33 9.4526
17 168 1097 307.1300
17 169 71 18.7130
17 170 8 1.6987
17 171 140 40.5038
17 172 88 17.2018
17 173 31 7.1911
17 174 1644 441.3585
17 175 343 95.1324
17 177 15 2.7732
17 178 75 13.9310
17 179 344 81.3624
17 180 198 46.8731
17 181 10 1.8403
17 182 584 144.5833
17 183 2 0.3907
17 184 1573 378.5498
17 185 71 13.5080
17 186 4 0.8355
17 188 88 16.5126
17 189 111 21.2137
17 190 3 0.6447
17 191 281 63.0827
17 193 78 16.8898
17 194 8 1.5623
17 195 205 48.6040
17 196 8 1.6000
17 197 373 85.3501
17 199 8 1.7597
17 200 6 1.0893
17 201 92 20.6128
17 202 35 7.9943
17 203 102 23.9865
17 204 117 32.2211
17 205 31 8.7343
17 206 2 0.3483
17 207 3 0.4467
17 208 46 11.2502
17 209 6 1.4433
17 210 92 18.0937
17 211 21 4.0906
17 212 25 4.9162
17 213 509 142.0150
17 214 52 13.1079
17 215 1 0.1654
17 216 75 18.0883
17 217 178 45.0083
17 218 40 7.9561
17 220 420 107.4983
17 221 15 2.9031
17 222 191 46.1626
17 223 257 60.1436
17 224 16 3.4864
17 225 102 21.8495
17 226 38 8.2247
17 227 10 2.0550
17 229 5 0.9006
17 230 6 1.0419
17 231 105 20.8271
17 232 24 5.0325
17 233 130 37.2767
17 234 38 7.4627
17 235 218 56.5113
17 236 118 26.8135
17 237 13 2.8025
17 239 186 45.1444
17 240 35 7.4521
17 241 20 4.9684
17 242 14 3.3161
17 243 302 65.2069
17 244 7 1.4610
17 245 1098 274.9083
17 246 130 25.8908
17 247 51 9.7398
17 248 295 73.3944
17 250 1097 296.0485
17 251 251 58.2752
17 253 336 81.8979
17 254 39 8.0527
17 255 221 54.9595
17 256 3 0.6799
17 257 92 17.8040
17 258 7 1.5583
17 259 24 5.2860
17 260 51 12.8660
17 261 1 0.2207
17 262 425 111.4516
17 263 4 0.7858
17 264 323 95.5844
17 265 34 6.5701
17 266 312 110.7759
17 267 94 21.5218
17 268 187 37.1295
17 270 32 7.0776
17 271 1 0.1646
17 272 514 131.8755
17 273 215 44.3289
17 274 443 108.7162
17 275 139 29.7146
17 276 47 11.6953
17 277 27 6.2166
17 278 69 17.4401
17 279 185 48.6111
17 280 10 1.9224
17 281 69 15.5677
17 282 37 6.7951
17 283 13 2.6624
17 284 76 18.3021
17 285 111 25.6612
17 286 191 46.6653
17 287 128 29.4156
17 288 50 9.2561
17 289 28 6.9745
17 290 76 18.7789
17 291 46 8.6377
17 292 32 6.1375
17 293 25 4.5301
17 294 8 1.8047
17 295 83 18.6752
17 296 18 3.9608
17 297 117 25.1145
17 298 170 46.6361
17 299 95 31.8141
17 300 110 26.3457
17 301 149 31.6204
17 302 22 5.0150
17 303 10 1.9915
17 304 3 0.5938
17 305 888 223.3617
17 306 7 1.4264
17 307 37 7.2103
17 308 282 71.6571
17 309 257 63.3841
17 310 23 4.1155
17 311 327 82.5383
17 312 347 96.3766
17 313 29 5.6752
17 314 2 0.4884
17 315 9 1.7780
17 316 27 5.8265
17 317 59 11.3426
17 318 85 26.6765
17 319 99 19.3123
17 320 1 0.2113
17 321 39 7.9149
17 322 54 14.3596
17 323 355 79.2443
17 324 210 49.8298
17 325 87 16.6396
17 327 95 18.7029
17 328 58 11.1703
17 329 130 30.5812
17 330 28 5.5710
17 331 22 4.7718
17 332 666 154.6473
17 333 28 6.4462
17 334 50 8.1767
17 335 224 63.7486
17 336 385 94.0875
17 337 221 43.1079
17 338 15 3.4770
17 339 4 0.8832
17 341 17 3.6298
17 342 46 8.6870
17 343 88 17.9079
17 344 58 11.0249
17 345 8 1.2670
17 346 668 151.3967
17 347 251 62.8403
17 348 1 0.1906
17 349 3 0.5456
17 350 49 10.6856
17 351 1264 310.7005
17 352 25 6.5010
17 353 301 72.6312
17 355 229 50.5508
17 356 200 40.1255
17 357 81 15.8518
17 358 129 28.2346
17 359 102 20.3999
17 360 1437 334.3342
17 361 163 40.9019
17 362 36 6.7517
17 363 27 5.3012
17 364 12 2.2467
17 365 19 3.8036
17 366 105 25.0092
17 367 24 5.0303
17 368 20 4.2734
17 369 290 83.3208
17 370 26 4.6311
17 371 121 28.8035
17 372 67 12.9302
17 373 401 92.2932
17 375 153 31.9059
17 376 6 1.2394
17 377 52 12.3862
17 378 73 26.0932
17 379 95 18.3490
17 380 28 5.3309
17 381 21 4.9648
17 382 43 8.2789
17 383 124 28.9731
18 0 5 1.2296
18 1 26 4.7777
18 2 38 7.1940
18 3 8 1.8355
18 4 9 2.0571
18 5 22 4.3471
18 7 1 0.2422
18 9 124 30.1831
18 10 297 72.2361
18 11 635 162.5379
18 12 80 21.3701
18 13 753 186.4566
18 14 7 1.5901
18 15 22 3.9383
18 16 2582 634.4805
18 17 156 31.6724
18 18 35 6.5847
18 19 84 21.4874
18 20 42 10.5042
18 21 413 112.8503
18 22 226 57.9260
18 23 16 3.5658
18 24 43 10.7405
18 25 500 130.8700
18 26 33 6.3051
18 27 9 1.5867
18 28 50 9.6015
18 29 34 6.8770
18 30 97 24.1273
18 31 1 0.2113
18 32 28 7.0173
18 33 50 10.6010
18 34 371 93.3944
18 35 17 3.5030
18 36 209 57.1240
18 37 31 5.6113
18 38 896 259.8594
18 39 2 0.3745
18 41 31 5.7835
18 42 32 7.6477
18 43 138 34.0883
18 44 57 11.4278
18 45 727 193.5598
18 46 283 73.2996
18 47 462 121.9112
18 48 13 2.4384
18 49 1 0.2250
18 50 10 1.7883
18 51 38 9.1496
18 52 235 51.3264
18 53 184 35.6934
18 54 408 110.5544
18 55 70 15.4678
18 56 102 23.0498
18 57 8 1.3641
18 58 33 6.5334
18 60 60 15.7564
18 61 9 2.1950
18 62 70 14.5487
18 63 1 0.1789
18 64 59 14.2849
18 65 480 133.9132
18 66 11 2.2897
18 67 7 1.3795
18 68 59 17.2378
18 69 25 5.4949
18 70 80 16.1765
18 71 293 68.8804
18 72 592 132.0838
18 74 142 31.8945
18 75 68 21.3708
18 76 52 11.5939
18 77 290 79.4378
18 78 144 35.6496
18 79 55 17.1597
18 80 11 2.1370
18 82 11 3.5169
18 83 7 1.5594
18 84 179 42.5920
18 85 12 2.3361
18 86 205 47.6113
18 87 16 3.2918
18 88 113 29.8049
18 89 28 5.6290
18 90 261 62.0804
18 91 601 121.1786
18 92 8 1.7765
18 93 342 80.1158
18 94 20 5.0216
18 95 113 27.8484
18 96 79 16.5370
18 97 801 213.5064
18 98 40 9.2656
18 99 21 4.7988
18 100 10 2.0321
18 101 21 5.2528
18 102 18 3.6475
18 103 16 3.0941
18 104 149 37.0101
18 105 3 0.5687
18 106 2081 570.2450
18 107 30 6.6393
18 108 10 1.6534
18 109 76 15.2371
18 110 10 2.7956
18 111 65 12.0886
18 112 34 7.4645
18 113 44 10.8683
18 114 448 112.3147
18 115 43 8.3253
18 116 11 2.0118
18 117 2 0.2873
18 118 1 0.2274
18 119 327 80.8133
18 120 6 1.1431
18 121 87 21.8136
18 122 23 5.3007
18 123 387 92.9652
18 124 2 0.3187
18 125 680 167.6825
18 126 34 6.6461
18 127 45 11.2165
18 128 23 4.7167
18 129 12 2.4839
18 130 32 7.3338
18 131 20 4.0187
18 132 543 137.4480
18 133 2275 566.9589
18 134 33 6.7482
18 135 57 11.7908
18 136 7 1.6503
18 138 82 21.6543
18 139 12 2.4944
18 140 1188 310.8575
18 141 58 15.3908
18 143 149 36.6006
18 144 1599 410.2999
18 145 33 6.6483
18 146 32 7.3112
18 147 200 61.9694
18 148 17 3.4570
18 150 35 6.2543
18 151 136 44.4951
18 152 565 146.0427
18 153 79 18.8382
18 154 341 84.0589
18 155 3 0.5885
18 156 71 19.2931
18 157 3 0.5924
18 158 113 26.3071
18 159 459 126.9620
18 160 11 2.2188
18 161 33 9.9006
18 162 63 21.0224
18 163 99 23.1669
18 164 133 31.2842
18 165 2 0.3956
18 166 379 98.8597
18 167 245 47.5759
18 168 1 0.2323
18 169 848 205.7522
18 170 25 6.8206
18 171 117 28.2467
18 172 2 0.3617
18 173 1179 328.3086
18 174 5 0.9643
18 175 94 21.4720
18 176 99 29.2399
18 177 105 25.7478
18 178 7 1.1762
18 179 123 32.7712
18 180 36 7.7059
18 181 155 41.5365
18 183 113 27.1674
18 184 44 9.1263
18 185 72 13.8565
18 186 29 5.9999
18 187 78 18.0075
18 188 11 2.2433
18 189 41 8.0233
18 190 232 62.6007
18 191 36 7.4911
18 192 12 2.5123
18 193 61 13.1545
18 194 609 126.9207
18 195 42 10.3273
18 196 350 84.7332
18 198 37 9.9857
18 199 37 8.9808
18 200 41 7.9510
18 201 130 33.4476
18 202 84 19.6798
18 203 1157 306.1314
18 204 30 6.6016
18 205 18 3.6711
18 206 100 22.2551
18 207 365 97.3091
18 208 318 83.3938
18 209 97 21.3591
18 211 11 2.6937
18 212 10 2.2731
18 213 2 0.3320
18 214 300 84.4605
18 216 547 152.5301
18 217 117 30.5033
18 218 103 26.8395
18 219 166 38.1603
18 220 21 4.4185
18 221 469 133.6435
18 222 67 16.7050
18 223 1 0.1774
18 224 59 13.4993
18 225 431 108.9861
18 226 58 13.2370
18 227 201 51.8842
18 229 185 47.2552
18 230 3 0.6562
18 231 40 8.6207
18 232 121 28.1845
18 233 54 12.2449
18 234 499 130.2166
18 235 125 37.8322
18 236 24 7.1492
18 237 27 5.4759
18 238 33 7.0917
18 239 2 0.3511
18 240 68 13.4261
18 241 8 1.6883
18 242 97 24.4420
18 243 21 4.7370
18 244 506 130.4664
18 245 15 4.5278
18 246 2 0.5374
18 247 1 0.2297
18 248 10 1.8043
18 249 79 17.8067
18 250 2 0.3947
18 251 64 19.4681
18 252 21 4.2076
18 253 2 0.4294
18 254 2 0.4244
18 255 152 31.7745
18 256 13 2.3861
18 257 182 36.0660
18 258 82 18.7292
18 259 6 1.1454
18 260 1 0.2062
18 261 497 121.3395
18 262 18 3.6546
18 263 143 37.2269
18 264 6 1.0588
18 265 571 133.1931
18 266 291 90.7264
18 267 201 54.6324
18 268 613 170.2961
18 270 15 2.8595
18 271 3 0.4806
18 272 147 35.5919
18 273 1 0.0719
18 274 51 12.6397
18 275 93 25.6619
18 276 38 8.6613
18 277 41 10.2031
18 278 3 0.6154
18 279 815 215.4969
18 280 2 0.4631
18 281 18 3.5303
18 282 33 6.2119
18 283 352 71.5321
18 284 390 97.7896
18 285 54 10.3870
18 286 263 65.9670
18 287 19 4.2904
18 289 98 20.1530
18 290 262 59.2240
18 291 9 1.5883
18 292 58 14.7355
18 293 152 37.4359
18 294 1 0.1296
18 295 302 74.3716
18 296 10 1.9187
18 297 1 0.1915
18 298 62 13.0177
18 299 9 1.8693
18 300 408 100.0232
18 301 2 0.5397
18 302 26 5.4695
18 304 1324 343.6502
18 305 130 26.3837
18 306 219 48.8213
18 307 2 0.4555
18 309 9 1.9706
18 310 98 19.2823
18 311 161 45.0308
18 312 20 3.4665
18 313 29 5.3883
18 314 6 1.1774
18 315 1 0.1904
18 316 1 0.1663
18 317 334 86.4331
18 318 16 4.3315
18 319 189 43.1336
18 320 1214 312.3490
18 321 784 196.1535
18 322 23 4.2216
18 323 206 53.2835
18 325 13 2.4823
18 327 2 0.2563
18 328 123 34.1554
18 329 4 0.8983
18 330 19 4.0721
18 332 188 51.6615
18 333 16 3.3942
18 334 10 2.1086
18 335 179 39.6082
18 336 127 29.3422
18 337 1 0.2179
18 338 35 7.7017
18 339 28 8.0084
18 340 8 1.4941
18 341 671 163.1616
18 343 275 77.5508
18 344 26 5.3457
18 345 3 0.6483
18 346 258 66.6616
18 348 112 27.6509
18 349 18 3.8565
18 350 1 1.3682
18 351 2 0.4121
18 352 6 1.1459
18 354 92 23.9191
18 355 88 22.0394
18 356 30 6.3711
18 357 18 4.2436
18 358 150 30.9015
18 359 127 30.2654
18 360 15 2.9276
18 361 106 26.5591
18 362 21 4.4220
18 364 57 13.5182
18 365 68 13.0452
18 366 429 111.8684
18 367 59 17.0149
18 368 248 55.7376
18 369 1 0.2373
18 370 237 48.8259
18 371 47 10.5663
18 372 4 0.6597
18 373 9 1.7482
18 374 25 4.6460
18 375 1428 300.9801
18 376 18 3.3853
18 377 13 2.2600
18 378 35 7.3886
18 379 641 166.6460
18 380 7 1.9005
18 381 5 0.8343
18 383 3 0.5506
19 0 137 30.8762
19 1 15 1.9198
19 2 393 100.7397
19 3 13 1.9539
19 4 49 7.7140
19 5 48 8.8786
19 6 459 119.8921
19 7 30 5.4155
19 8 229 67.1920
19 9 204 41.7069
19 10 7 0.8356
19 11 221 54.1292
19 12 14 2.4140
19 13 53 8.3257
19 14 35 7.9376
19 15 533 117.0351
19 16 48 14.9305
19 17 68 15.3659
19 18 14 2.0937
19 19 272 52.0262
19 20 860 226.9687
19 21 80 19.4017
19 22 344 98.9079
19 23 5 0.7253
19 24 12 1.9292
19 25 5 0.6131
19 26 1 0.1863
19 27 24 4.0612
19 28 635 132.4669
19 29 86 18.3769
19 30 130 32.6595
19 31 7 2.1587
19 32 219 46.5929
19 33 95 24.3176
19 34 398 100.4919
19 35 43 10.3662
19 36 5 0.6859
19 37 99 23.5518
19 38 2 0.2545
19 39 29 4.2774
19 40 79 19.0281
19 41 6 0.9793
19 42 69 17.2073
19 43 163 28.7041
19 44 226 69.9736
19 45 96 16.9527
19 46 236 63.4505
19 47 191 55.9727
19 48 272 67.4290
19 49 1187 316.9679
19 50 64 11.4641
19 51 138 27.1244
19 52 25 3.7758
19 53 46 13.6025
19 54 19 3.2945
19 55 1 0.0911
19 56 72 16.1090
19 57 2 0.2681
19 58 123 41.7165
19 59 349 91.4579
19 60 6 0.7493
19 61 728 159.1800
19 62 1714 615.7450
19 63 216 56.8162
19 64 139 30.8463
19 65 2 0.2120
19 66 147 22.4737
19 67 116 31.2394
19 68 240 70.6894
19 69 21 4.4501
19 70 2 0.2487
19 71 18 2.7613
19 72 3 0.2971
19 73 87 26.0517
19 74 494 119.9192
19 75 129 26.9812
19 76 67 11.9204
19 77 38 7.4361
19 78 10 1.4824
19 79 55 10.0983
19 80 230 48.5496
19 81 10 1.5797
19 82 42 8.1093
19 83 111 19.0649
19 84 55 11.0865
19 86 52 7.8625
19 87 256 59.0410
19 88 284 80.1473
19 89 468 120.7334
19 90 7 1.0692
19 91 85 29.6759
19 92 304 75.3204
19 93 26 4.4522
19 94 244 54.7574
19 95 5 0.6510
19 96 4 0.4539
19 98 96 23.5263
19 99 64 14.4829
19 100 82 18.0160
19 101 146 34.6962
19 102 1981 470.2823
19 103 49 11.0370
19 104 100 26.1824
19 105 195 42.9974
19 106 420 106.7686
19 107 3 0.4639
19 108 7 1.0269
19 109 173 31.7873
19 110 123 23.5591
19 111 12 2.0943
19 112 785 168.6064
19 113 42 10.2278
19 114 71 20.2435
19 115 4 0.6154
19 116 6 1.2787
19 117 291 73.7831
19 118 407 91.3096
19 119 12 1.6920
19 120 74 21.4962
19 121 67 13.1047
19 122 202 47.2430
19 123 61 10.8298
19 124 81 23.4004
19 125 53 8.7906
19 126 248 57.3365
19 127 375 87.3190
19 128 1494 336.2405
19 129 7 1.4454
19 130 25 4.9937
19 131 687 167.1101
19 133 678 184.8539
19 134 18 3.3959
19 135 24 6.2718
19 136 67 16.3280
19 137 112 26.8344
19 138 293 75.9830
19 139 9 1.2591
19 140 207 51.3587
19 141 4 0.5479
19 142 19 2.6141
19 143 122 24.1759
19 145 28 5.6132
19 146 88 17.0025
19 147 256 55.7615
19 148 17 3.2674
19 149 6 0.7867
19 150 473 106.3131
19 151 279 70.7351
19 152 573 191.2339
19 153 17 2.4726
19 154 240 48.6874
19 155 42 9.4752
19 156 354 95.6153
19 157 97 18.3116
19 158 84 17.0561
19 159 16 4.8352
19 160 100 23.3078
19 161 5 1.3050
19 162 22 3.4601
19 163 28 7.7100
19 164 9 1.2803
19 165 97 17.9218
19 166 71 14.0165
19 167 18 5.1586
19 168 53 13.7045
19 169 207 45.8471
19 170 33 5.9394
19 171 354 95.6708
19 172 8 1.5466
19 173 4 0.5058
19 174 160 38.2799
19 175 34 8.5391
19 176 46 9.8797
19 177 136 20.9128
19 178 495 129.5572
19 179 235 60.4809
19 180 19 2.7513
19 181 39 6.6073
19 182 6 1.0883
19 183 89 19.3151
19 184 9 1.2114
19 185 16 2.0702
19 188 111 28.8850
19 189 99 21.0672
19 190 97 26.8193
19 191 8 1.3205
19 192 89 16.6536
19 194 2 0.2618
19 195 999 209.2939
19 196 17 3.9057
19 197 120 31.2045
19 198 8 1.4543
19 199 9 1.9359
19 200 155 32.5941
19 201 14 2.4417
19 202 2 0.3026
19 203 42 8.5600
19 204 99 23.4755
19 207 44 5.8939
19 208 5 0.8269
19 209 5 0.6740
19 210 72 19.9391
19 211 7 0.7968
19 212 99 21.3544
19 213 21 5.2677
19 214 117 33.0076
19 215 149 32.3320
19 216 59 11.6652
19 217 146 37.4948
19 218 128 34.4684
19 219 37 5.4989
19 220 422 115.4248
19 221 499 157.7357
19 222 40 6.3875
19 223 41 7.2526
19 224 3 0.3716
19 225 47 8.5484
19 226 36 5.5231
19 227 98 22.7433
19 228 162 42.3158
19 229 148 29.5652
19 230 53 10.4585
19 231 45 9.0815
19 232 13 3.4460
19 233 44 10.4297
19 234 321 73.1656
19 235 272 71.9084
19 236 32 5.7477
19 237 65 11.0860
19 238 17 2.4133
19 239 54 11.0784
19 240 8 1.5412
19 241 45 7.4569
19 243 84 18.6895
19 244 67 12.2671
19 245 9 1.3690
19 246 59 9.4012
19 247 179 32.7399
19 248 63 13.0527
19 249 141 29.7959
19 250 448 117.5365
19 251 27 5.2881
19 252 212 60.6859
19 253 39 7.7448
19 254 169 53.1331
19 255 694 156.5865
19 256 6 1.0270
19 257 7 0.9951
19 258 21 5.3283
19 259 70 12.3488
19 260 634 202.6968
19 261 1 0.2336
19 262 141 33.2106
19 263 36 6.5258
19 264 66 12.2389
19 265 186 42.7801
19 266 157 37.6860
19 267 9 1.8706
19 268 7 1.0060
19 269 85 14.4094
19 270 518 138.1488
19 271 332 79.9635
19 272 32 6.4297
19 273 938 231.3994
19 274 3 0.4058
19 275 69 16.9372
19 276 324 77.3220
19 277 3 0.3624
19 278 9 1.6618
19 279 28 6.9147
19 280 97 28.7085
19 281 135 45.3369
19 282 197 45.9550
19 283 116 31.1903
19 284 8 1.3667
19 285 6 0.9263
19 287 31 4.9926
19 288 261 78.7904
19 289 547 332.7833
19 290 4 0.7109
19 291 159 34.4048
19 292 175 48.8735
19 293 149 32.1946
19 295 407 99.5097
19 296 293 91.5220
19 297 89 20.2478
19 298 40 6.7191
19 299 545 112.4208
19 300 866 216.5984
19 301 9 1.3596
19 302 20 2.8324
19 303 64 12.1225
19 304 385 111.0874
19 305 1513 470.9972
19 306 744 195.0301
19 307 373 82.6218
19 308 16 4.2191
19 309 341 81.3896
19 310 306 74.1229
19 311 114 21.5429
19 312 417 110.2228
19 313 10 1.4423
19 314 128 25.2789
19 315 34 5.0021
19 316 48 9.3070
19 317 12 1.5312
19 318 34 6.8985
19 319 395 86.9399
19 320 28 4.7417
19 321 1 0.0962
19 322 91 17.8196
19 323 2 0.3549
19 324 200 40.1324
19 325 23 3.6423
19 326 41 7.0814
19 327 323 72.5050
19 328 129 28.8278
19 329 47 8.8871
19 330 15 4.7262
19 331 10 1.4149
19 332 17 1.9967
19 333 195 48.5664
19 334 10 1.3678
19 335 40 8.3957
19 336 20 3.9717
19 337 70 20.9156
19 338 10 1.1579
19 339 290 75.4424
19 340 26 5.4360
19 341 244 70.8172
19 342 155 27.4296
19 343 48 9.4703
19 344 267 82.7315
19 345 3 0.4182
19 346 15 2.3966
19 347 5 0.6903
19 348 78 16.0392
19 349 114 25.7241
19 350 643 125.3301
19 351 90 22.8754
19 352 48 11.4145
19 353 93 22.8296
19 354 18 2.5715
19 355 250 45.7018
19 356 6 1.0596
19 357 19 2.7513
19 358 16 2.5794
19 359 31 5.7593
19 360 141 40.1083
19 361 46 10.2201
19 362 35 6.0415
19 363 128 28.0278
19 364 10 1.2453
19 365 84 22.8772
19 366 1066 277.0969
19 367 127 28.8239
19 368 339 90.3338
19 369 56 16.1552
19 370 57 41.6020
19 371 64 11.9982
19 372 1 0.1622
19 373 10 1.3016
19 374 566 144.0576
19 375 104 35.0178
19 376 174 42.1914
19 377 22 3.5224
19 378 2 0.3377
19 379 66 15.8891
19 380 38 9.7263
19 381 248 62.9348
19 382 128 27.3912
19 383 866 208.5094
20 0 7 1.2151
20 1 21 4.1688
20 2 8 1.8341
20 3 33 9.3636
20 4 139 37.3541
20 5 3 0.5576
20 6 82 16.2361
20 7 168 45.5879
20 8 14 3.1569
20 10 97 21.3535
20 11 9 1.9372
20 12 5 1.2563
20 13 7 1.3703
20 14 129 29.6109
20 15 168 41.7590
20 16 214 47.2422
20 17 1 0.1930
20 18 189 48.9641
20 19 846 196.8252
20 20 3 0.6265
20 21 14 2.5553
20 22 1 0.2148
20 23 13 2.8003
20 25 47 12.8914
20 26 6 1.3531
20 27 48 13.1523
20 28 70 16.6621
20 29 46 12.3887
20 30 44 10.5025
20 31 800 201.6878
20 32 815 180.3535
20 33 33 7.5149
20 34 2 0.4692
20 35 19 4.8543
20 36 42 10.0670
20 37 18 5.0653
20 38 8 1.6982
20 40 2 0.4249
20 41 5 1.0347
20 42 198 47.4651
20 43 138 30.5329
20 44 45 12.7913
20 45 16 2.5771
20 46 9 2.7569
20 47 140 32.1677
20 48 20 4.8018
20 49 296 62.5912
20 51 290 61.8799
20 52 105 27.2441
20 53 8 1.6192
20 55 28 5.9478
20 56 3 0.6597
20 59 12 2.8706
20 60 2 0.3927
20 61 158 41.7703
20 62 10 2.0699
20 63 125 30.6309
20 64 9 2.7410
20 65 28 7.3051
20 67 118 36.8349
20 68 7 1.5471
20 69 27 7.4126
20 70 56 12.1807
20 71 13 2.8806
20 72 91 21.0718
20 74 21 4.3268
20 75 80 16.5413
20 76 5 1.0576
20 78 96 24.4931
20 79 5 1.4296
20 81 3 0.5573
20 82 1 0.2192
20 83 19 3.8473
20 85 22 6.6170
20 86 188 46.6737
20 87 14 3.4687
20 88 36 7.1791
20 89 15 2.8584
20 90 5 1.2521
20 92 1 0.2310
20 95 8 1.2711
20 96 2 0.3942
20 97 25 6.6490
20 98 25 5.3032
20 99 13 2.7209
20 101 13 2.8123
20 103 94 20.0843
20 104 11 3.0245
20 105 3 0.5506
20 107 25 5.4515
20 108 39 8.0115
20 109 1529 441.0429
20 110 37 11.4574
20 111 4 0.7393
20 114 2 0.3025
20 115 88 19.4676
20 116 78 20.3325
20 117 34 7.5888
20 118 33 6.4415
20 119 1 0.1862
20 121 5 1.0207
20 122 39 8.5341
20 124 34 9.7472
20 126 14 3.7357
20 127 1 0.2107
20 128 41 8.3813
20 129 844 232.1656
20 130 2 0.4103
20 131 2 0.4685
20 132 4 0.8317
20 133 12 2.5133
20 134 1 0.1531
20 135 16 3.5655
20 136 20 4.0204
20 137 7 1.4526
20 138 89 22.5458
20 139 1 0.2282
20 140 8 1.8793
20 143 27 5.3445
20 144 26 6.1411
20 145 122 31.5261
20 146 16 3.4758
20 147 101 25.1944
20 148 60 21.2192
20 149 1 0.1924
20 150 81 21.3636
20 151 2379 660.4162
20 152 3 0.5711
20 153 20 4.9812
20 154 11 2.3105
20 155 1 0.1451
20 156 46 11.8472
20 158 8 1.7821
20 159 2 0.4814
20 161 4 1.0586
20 163 7 2.0957
20 164 303 66.6185
20 165 41 8.9213
20 167 35 8.0872
20 169 64 16.3092
20 170 14 3.2195
20 171 2 0.4550
20 174 75 16.0092
20 175 31 7.0145
20 176 27 8.3246
20 177 20 4.1541
20 178 38 9.1314
20 179 1 0.1778
20 180 12 2.6729
20 181 129 28.6516
20 182 25 5.2461
20 184 27 5.2778
20 185 79 18.6727
20 186 10 2.1158
20 187 74 19.5477
20 189 28 6.1881
20 190 15 3.8069
20 191 86 23.8192
20 192 27 6.7202
20 193 1 0.1892
20 194 2 0.3241
20 196 129 28.2245
20 198 3 0.4899
20 199 176 45.8268
20 200 1 0.1449
20 201 66 15.4062
20 202 11 2.7850
20 204 13 2.8069
20 205 13 3.0755
20 206 21 6.1388
20 208 12 2.3477
20 210 299 68.1359
20 211 55 12.0475
20 212 4 0.8577
20 213 115 30.2188
20 214 1 0.1656
20 215 58 16.8695
20 216 4 1.4161
20 217 17 5.4478
20 218 4 0.7086
20 219 14 2.8824
20 220 28 6.4781
20 221 7 1.5938
20 222 13 2.6338
20 223 29 6.5038
20 224 19 4.6549
20 225 237 54.7521
20 227 282 65.6721
20 228 16 3.3652
20 229 33 9.1792
20 230 12 3.2081
20 231 113 27.5182
20 232 5 1.0742
20 233 75 21.0782
20 234 38 8.6461
20 236 2 0.3906
20 237 5 0.9195
20 238 14 3.3146
20 239 7 1.5002
20 240 16 3.3857
20 241 14 3.7509
20 242 21 3.8770
20 243 2 0.3948
20 244 29 9.7136
20 245 11 2.2632
20 246 4 0.8687
20 247 23 4.5795
20 248 126 39.9222
20 249 25 5.0153
20 250 37 7.9760
20 253 30 7.8356
20 254 13 2.8709
20 255 17 4.8584
20 256 16 3.7317
20 257 44 14.7617
20 258 59 13.1462
20 259 13 3.2319
20 261 162 43.3891
20 262 13 2.8314
20 263 5 1.1680
20 264 23 5.0423
20 265 21 4.1745
20 266 20 4.6013
20 267 59 16.2697
20 268 34 7.1336
20 269 11 2.4201
20 271 2 0.3858
20 272 45 11.0075
20 273 4 0.8619
20 274 137 36.2863
20 275 187 53.0894
20 276 21 4.4368
20 278 337 85.2820
20 279 118 25.0268
20 281 5 1.2523
20 282 224 68.5858
20 283 12 2.5389
20 284 15 3.0130
20 285 15 2.6030
20 286 106 28.1397
20 287 10 1.9918
20 288 49 10.1718
20 290 108 26.5026
20 291 1 0.2491
20 292 235 65.1946
20 294 2 0.3828
20 295 85 29.4677
20 296 95 19.0864
20 297 22 4.3176
20 298 1 0.1680
20 299 52 12.2718
20 300 5 0.9529
20 302 5 0.9335
20 303 8 1.5387
20 304 45 12.1604
20 305 114 23.6531
20 306 60 13.9181
20 307 326 69.2111
20 308 1 0.1425
20 309 110 33.2973
20 310 1 0.0974
20 312 5 1.0935
20 313 31 8.0631
20 314 214 61.5623
20 315 18 3.8195
20 317 247 67.4751
20 318 69 14.8639
20 319 2 0.3867
20 320 62 11.9284
20 321 1 0.2301
20 322 31 7.5256
20 324 60 13.0762
20 325 29 6.9821
20 326 25 7.2329
20 327 17 4.1699
20 328 25 6.3395
20 329 97 22.3289
20 330 5 1.2343
20 331 60 15.9188
20 332 45 9.6988
20 333 55 15.9034
20 334 21 3.8043
20 335 28 6.2390
20 336 19 4.8270
20 337 42 9.3540
20 338 144 31.8983
20 339 12 2.5359
20 340 34 10.1629
20 341 20 4.8405
20 342 5 1.0414
20 343 80 17.8476
20 344 8 1.7374
20 345 51 13.2356
20 347 27 5.5264
20 348 100 24.3310
20 349 11 2.1774
20 350 156 33.3249
20 351 1555 350.8758
20 352 578 143.7049
20 353 27 6.7083
20 354 16 3.0256
20 355 14 4.4326
20 357 22 4.9834
20 359 58 15.4235
20 360 136 34.8209
20 362 30 7.6492
20 363 11 2.5917
20 364 7 1.3158
20 365 47 10.9848
20 366 1 0.2153
20 367 9 1.8410
20 368 3 0.6506
20 369 3 0.5650
20 370 234 75.4861
20 371 3 0.6717
20 372 29 6.5057
20 376 15 4.3582
20 378 166 47.4635
20 379 13 2.7545
20 380 18 3.8519
20 381 8 1.7986
20 382 3 0.4409
20 383 38 7.2758
21 0 9 1.9147
21 1 20 4.2326
21 2 57 16.5972
21 3 96 20.5175
21 5 169 36.5575
21 6 125 29.5324
21 7 5 1.1043
21 8 235 53.5630
21 9 47 10.7875
21 10 3 0.8636
21 11 83 20.3641
21 12 38 8.1611
21 13 2 0.4989
21 14 3 0.8607
21 15 146 45.2189
21 16 10 2.1833
21 18 171 41.4009
21 20 1 0.2327
21 21 20 4.3127
21 22 127 29.2849
21 23 14 3.2443
21 24 4 0.9060
21 25 2 0.4853
21 26 16 4.6166
21 29 152 36.4158
21 30 81 19.5639
21 31 390 86.0583
21 33 52 13.7795
21 34 8 1.9310
21 35 22 5.3467
21 36 28 7.2108
21 37 228 50.5121
21 38 95 30.0748
21 39 14 2.6223
21 40 29 7.5307
21 41 5 1.6737
21 42 90 25.2504
21 43 13 2.6554
21 44 11 2.2613
21 45 16 3.0019
21 46 96 24.7941
21 47 77 21.1405
21 48 13 2.8539
21 50 62 15.5494
21 51 85 23.9419
21 52 26 5.9110
21 54 227 70.0348
21 55 42 10.9651
21 56 31 8.1505
21 57 7 1.4547
21 58 215 67.2517
21 59 219 49.9993
21 60 68 16.9799
21 61 117 33.4137
21 62 6 1.2749
21 63 14 3.4570
21 64 2 0.4969
21 66 17 3.4546
21 67 39 8.5766
21 68 2 0.4131
21 69 11 2.0463
21 70 35 8.5330
21 71 2 0.3744
21 72 244 55.9471
21 73 66 15.8871
21 74 1 0.2334
21 75 4 1.0174
21 76 2 0.3635
21 77 98 25.3584
21 78 1 0.3531
21 79 17 3.7521
21 80 10 2.0268
21 81 50 10.9294
21 82 54 11.2593
21 83 9 2.2703
21 84 16 3.3185
21 86 6 1.8819
21 87 8 1.7356
21 88 108 32.0186
21 89 602 156.2095
21 90 1 0.1966
21 92 2 0.3846
21 93 21 5.4150
21 95 59 12.0298
21 96 3 0.6342
21 97 14 4.5224
21 98 1 0.2113
21 99 1 0.2712
21 100 174 56.6895
21 101 6 1.6954
21 102 18 5.9307
21 103 13 2.9303
21 104 7 2.8872
21 105 35 6.7274
21 106 37 8.4950
21 107 22 4.9868
21 108 46 12.2411
21 109 1 0.1784
21 110 5 1.2503
21 111 5 1.1089
21 112 109 30.8253
21 113 1 0.1839
21 114 15 3.1206
21 115 130 33.9017
21 116 160 65.2800
21 117 4 0.9220
21 118 37 8.2311
21 120 194 51.4193
21 121 19 3.8380
21 122 13 2.7106
21 123 14 3.1936
21 124 8 2.8415
21 125 1 0.2074
21 126 39 9.9630
21 127 8 1.7659
21 128 2 0.3657
21 129 7 1.8299
21 130 106 28.0211
21 131 98 25.1426
21 132 10 2.5521
21 134 118 29.6912
21 135 83 22.7222
21 136 26 5.8315
21 137 185 40.4111
21 138 114 24.4849
21 139 113 24.4159
21 140 74 16.4908
21 141 31 7.9268
21 142 29 6.1283
21 143 30 6.0954
21 145 8 1.9282
21 146 32 7.6481
21 147 10 2.1616
21 148 5 1.3875
21 149 1 0.1895
21 150 62 13.7707
21 151 53 12.4955
21 152 13 2.6879
21 154 8 1.8612
21 155 18 5.0367
21 156 4 0.8679
21 157 65 14.0790
21 158 62 14.1708
21 159 35 8.5084
21 160 96 26.8880
21 161 92 23.0406
21 162 11 2.5013
21 163 129 42.5335
21 164 22 5.5380
21 165 54 13.2940
21 166 3 0.6859
21 167 15 3.0430
21 168 73 17.3450
21 170 2 0.4404
21 171 104 21.6376
21 172 13 3.1610
21 173 8 1.5745
21 175 54 12.6890
21 176 28 7.0589
21 179 12 2.9714
21 181 324 74.4385
21 182 2 0.3916
21 183 7 1.4917
21 184 189 48.1314
21 185 13 4.8120
21 186 26 5.8205
21 187 31 7.6054
21 188 183 48.4945
21 189 8 1.7212
21 191 31 7.9508
21 192 120 36.6395
21 193 6 1.3321
21 194 37 10.1678
21 195 8 2.1418
21 196 1 0.2311
21 197 34 8.5152
21 198 2 0.3670
21 199 8 1.5941
21 200 24 6.8869
21 201 78 16.6923
21 202 35 7.3829
21 203 70 13.8424
21 204 8 1.7772
21 205 75 15.9075
21 206 39 8.7529
21 208 123 26.7017
21 209 10 2.4345
21 210 1254 315.7413
21 211 40 8.7652
21 214 5 1.0872
21 215 37 10.7557
21 218 3 0.5847
21 219 43 9.5401
21 220 25 5.0682
21 224 68 14.7950
21 225 416 90.9102
21 226 39 11.6594
21 227 62 13.6424
21 228 10 2.5963
21 229 18 4.9230
21 230 7 1.6225
21 231 74 17.9332
21 232 74 16.5771
21 233 48 12.5839
21 234 110 22.7843
21 235 5 1.0037
21 236 36 9.0786
21 237 16 4.9093
21 239 8 1.6361
21 240 36 9.9386
21 242 3 0.6929
21 243 11 2.5456
21 244 2 0.4542
21 245 4 0.7565
21 246 9 1.9021
21 247 11 2.6728
21 248 1 0.2028
21 249 43 8.8290
21 250 16 4.8669
21 251 1446 361.8155
21 252 21 5.6742
21 254 35 9.0552
21 255 31 5.7224
21 256 1 0.1446
21 257 625 180.7669
21 258 27 9.7383
21 259 2 0.4473
21 260 47 13.7615
21 261 24 4.6956
21 263 17 5.5119
21 264 34 7.5269
21 265 11 2.7589
21 266 1 0.1960
21 268 112 25.9537
21 269 56 13.9507
21 270 1 0.1844
21 272 49 10.8746
21 274 21 5.3696
21 275 78 19.2327
21 276 29 6.3136
21 277 34 7.8343
21 278 70 17.1272
21 280 14 2.9381
21 281 68 15.5620
21 282 694 161.0081
21 283 48 11.0486
21 284 1 0.2061
21 285 97 21.2977
21 286 186 59.3335
21 287 5 1.1431
21 288 1 0.1875
21 289 163 39.3019
21 290 8 1.8433
21 291 2 0.5023
21 292 8 1.5184
21 293 14 2.9777
21 294 9 2.5607
21 296 76 17.0329
21 297 1 0.1573
21 298 1 0.2015
21 299 32 8.2728
21 300 12 3.0475
21 301 57 13.1783
21 304 1 0.2511
21 306 3 0.6821
21 308 80 17.0610
21 309 29 6.3041
21 310 33 6.2350
21 311 8 1.5827
21 312 5 1.1766
21 313 4 0.8631
21 315 32 10.2620
21 317 70 14.4304
21 318 8 2.4145
21 319 78 17.7902
21 321 1 0.1802
21 322 21 4.7476
21 323 15 3.3143
21 324 147 38.4689
21 325 13 2.4880
21 326 7 1.4054
21 327 1900 500.6964
21 329 274 73.5629
21 330 36 6.9015
21 331 7 1.5319
21 333 29 6.3671
21 334 14 2.9997
21 335 72 19.9985
21 336 9 2.6297
21 337 37 9.5765
21 338 25 5.6624
21 339 2 0.4195
21 340 19 4.4989
21 341 104 24.7382
21 342 5 0.9930
21 343 13 3.8621
21 344 3 0.5942
21 345 2 0.4109
21 346 8 1.7336
21 347 46 10.9066
21 348 2 0.4971
21 349 44 10.2586
21 350 18 7.4374
21 351 80 19.4555
21 352 12 2.2729
21 353 18 4.4760
21 354 2 0.3954
21 355 17 4.3422
21 356 29 6.1805
21 357 25 6.4983
21 358 73 17.7805
21 359 7 1.3078
21 361 32 6.5360
21 363 3 0.6666
21 364 11 2.5467
21 365 5 1.7878
21 367 432 107.3163
21 368 485 110.3204
21 369 203 45.4563
21 371 28 6.5662
21 372 73 20.2468
21 373 1136 275.4441
21 374 13 2.9108
21 375 146 36.3332
21 376 6 1.3127
21 377 89 22.3741
21 378 6 1.2461
21 379 61 14.2579
21 380 110 23.0138
21 381 75 28.8968
21 382 36 8.4599
21 383 5 0.7754
22 0 4 1.0943
22 1 7 1.6099
22 2 85 19.0790
22 3 28 5.8058
22 4 10 2.0795
22 5 12 2.4527
22 6 254 55.7596
22 7 1 0.1984
22 8 6 1.5048
22 9 227 69.9352
22 10 99 20.9733
22 11 1 0.2293
22 12 22 6.7910
22 14 13 2.9000
22 17 4 0.8066
22 18 46 13.2647
22 19 3 0.8097
22 21 18 3.9516
22 22 23 4.4415
22 23 11 3.4576
22 24 2 0.5335
22 25 1 0.1572
22 26 15 3.3249
22 27 37 8.3867
22 28 26 7.1271
22 29 13 2.5105
22 32 10 2.9084
22 33 20 4.1593
22 34 12 2.9571
22 35 2 0.4301
22 36 51 11.9640
22 39 55 11.6006
22 42 18 3.6469
22 43 1 0.2102
22 44 228 61.0089
22 45 3 0.7097
22 48 11 2.7763
22 50 76 20.2047
22 52 187 47.3606
22 53 75 18.1107
22 54 113 26.9791
22 55 2 0.4566
22 56 13 3.8800
22 57 141 32.3519
22 58 29 7.9101
22 59 3 0.5544
22 60 29 8.6232
22 61 5 1.1628
22 62 133 29.5787
22 63 55 13.7362
22 64 1 0.1667
22 67 10 2.0356
22 68 247 56.2140
22 69 1391 307.8528
22 70 17 3.5780
22 72 147 36.5771
22 73 18 6.0603
22 74 70 16.3539
22 76 1 0.2065
22 77 50 15.9541
22 78 189 40.6386
22 79 14 2.8199
22 80 1 0.1959
22 81 15 2.7434
22 82 12 2.5676
22 83 10 2.3429
22 84 200 58.0829
22 85 98 27.8431
22 86 27 6.9475
22 87 382 112.9186
22 89 57 17.9832
22 90 73 18.3671
22 91 12 3.3680
22 92 4 0.7304
22 93 27 5.3286
22 95 16 3.5466
22 96 4 1.0857
22 97 9 2.5354
22 99 32 7.3240
22 100 51 10.4864
22 101 5 1.0616
22 102 2 0.3580
22 104 1 0.2527
22 107 1117 295.7801
22 108 5 1.0925
22 109 10 2.0786
22 110 49 12.9311
22 111 5 1.2944
22 112 193 42.0313
22 113 5 0.8146
22 114 17 3.3035
22 115 6 1.2528
22 116 7 1.3995
22 117 15 4.3788
22 118 1102 331.1715
22 120 8 1.8824
22 121 215 48.1326
22 123 2 0.3518
22 124 1 0.1737
22 125 236 68.8811
22 126 10 2.5216
22 127 113 22.8028
22 128 44 14.9934
22 129 10 3.5501
22 130 85 21.3714
22 131 112 24.0446
22 132 26 5.5307
22 133 80 17.6187
22 134 81 26.8312
22 136 8 1.8640
22 137 8 1.6346
22 138 29 7.8794
22 139 32 6.9454
22 140 203 41.3151
22 141 23 6.5148
22 144 17 3.6676
22 145 13 3.4904
22 146 84 23.2422
22 147 32 6.8572
22 148 22 5.1862
22 149 1 0.2554
22 150 54 11.9236
22 151 121 25.8290
22 152 2 0.7500
22 153 130 33.0687
22 154 89 17.8687
22 155 59 13.2646
22 156 2 0.4681
22 157 12 2.8415
22 158 196 50.8213
22 159 440 105.8121
22 160 8 2.3894
22 161 5 0.9711
22 162 12 2.7321
22 163 13 2.6921
22 166 7 1.4138
22 167 13 3.1581
22 168 22 5.1725
22 169 46 11.0516
22 170 9 2.0048
22 171 12 2.8944
22 172 52 13.7263
22 173 13 3.2841
22 174 20 4.9559
22 175 6 1.5709
22 176 12 3.2804
22 177 60 13.6225
22 178 204 44.7297
22 179 109 23.8786
22 180 19 4.9471
22 181 1 0.2105
22 182 212 46.8147
22 183 2 0.4891
22 184 170 61.1267
22 185 217 46.9172
22 186 3 0.5509
22 188 192 48.4333
22 191 1 0.1782
22 192 24 8.2640
22 193 177 39.0267
22 195 44 9.8407
22 196 1 0.2359
22 197 2 0.4429
22 198 23 5.2794
22 199 27 7.1933
22 200 4 1.1882
22 202 3 0.5441
22 203 4 0.8508
22 204 3 0.6274
22 205 29 6.4299
22 206 32 8.8546
22 207 51 15.8981
22 208 11 1.7433
22 209 8 2.0715
22 210 14 2.9098
22 211 13 2.4634
22 212 18 3.6705
22 213 45 9.7427
22 214 182 42.4033
22 215 82 17.2899
22 216 5 1.4157
22 217 6 1.2883
22 218 13 3.0811
22 219 71 16.3814
22 220 3 0.7765
22 221 184 41.4664
22 225 70 20.1460
22 227 25 5.7088
22 228 380 90.5587
22 229 3 0.5509
22 230 59 13.0261
22 231 11 2.5572
22 232 17 3.4892
22 233 102 31.6995
22 234 224 49.2548
22 235 44 10.7507
22 236 31 8.8504
22 238 204 42.8571
22 239 3 0.8481
22 240 15 3.3011
22 241 10 2.9248
22 242 7 1.8085
22 244 14 3.0194
22 245 18 3.9342
22 246 9 1.9065
22 248 5 0.8044
22 249 2 0.5687
22 250 79 23.4645
22 251 21 6.4122
22 252 3 0.5728
22 253 42 13.1174
22 254 3 0.4389
22 256 247 68.4260
22 257 209 51.0258
22 258 3 0.5775
22 259 145 36.4358
22 260 7 1.4116
22 261 13 2.8233
22 263 59 12.6889
22 264 27 9.1254
22 265 1 0.2420
22 267 6 1.4245
22 268 8 1.6207
22 269 28 7.4657
22 271 21 4.4812
22 272 47 13.7335
22 273 2 0.6933
22 274 67 16.4420
22 275 13 2.5925
22 277 504 137.0779
22 278 41 11.8204
22 279 19 6.1816
22 280 15 5.4249
22 281 14 2.9864
22 282 58 15.3216
22 283 3 0.6485
22 284 3 0.6142
22 286 58 14.0966
22 287 80 17.4693
22 288 57 12.3508
22 289 23 4.6040
22 290 43 9.2648
22 292 7 1.4887
22 293 70 15.8418
22 294 36 8.0205
22 295 59 16.2760
22 296 152 32.3481
22 297 45 12.7173
22 298 14 2.6500
22 299 2 0.5710
22 300 36 12.4634
22 301 9 2.2307
22 302 57 11.9917
22 303 32 7.1691
22 304 63 14.1091
22 305 1 0.1969
22 306 2 0.3907
22 307 11 2.5709
22 308 8 1.4682
22 311 3 0.6070
22 312 13 2.6550
22 313 125 30.4218
22 314 183 43.7477
22 316 28 5.6288
22 317 11 2.7799
22 318 12 3.1884
22 319 12 3.4064
22 320 297 71.3089
22 321 241 56.5884
22 322 20 4.4343
22 323 5 0.9609
22 324 7 1.4276
22 325 4 0.8844
22 326 223 47.1631
22 327 34 7.1504
22 328 37 8.1533
22 329 7 1.4174
22 330 209 45.1690
22 331 7 2.2063
22 333 1 0.1909
22 334 24 7.0070
22 335 369 92.4899
22 336 4 0.8830
22 337 49 10.7087
22 338 5 1.1264
22 339 9 0.9506
22 340 13 3.6117
22 341 34 7.0851
22 342 1 0.1469
22 343 1 0.1960
22 344 78 20.1586
22 345 49 10.3648
22 346 24 5.3922
22 347 76 15.9534
22 348 16 4.2878
22 349 9 1.8409
22 350 176 47.4420
22 351 92 19.6437
22 352 11 2.3056
22 353 3 0.5833
22 354 40 10.4561
22 355 2 0.5776
22 356 1 0.2233
22 357 1 0.2178
22 358 11 2.4346
22 359 26 5.3625
22 360 9 2.2590
22 362 7 1.8927
22 363 101 21.9542
22 364 122 36.6222
22 365 33 8.2603
22 366 2 0.5427
22 367 9 3.5034
22 368 4 0.8255
22 370 21 4.0963
22 371 145 34.4321
22 372 13 3.1759
22 373 1809 515.1767
22 374 137 33.2144
22 376 111 24.5618
22 377 38 7.4688
22 378 11 2.7621
22 379 3 0.6001
22 380 187 47.5251
22 381 45 13.2330
22 382 4 0.7949
22 383 339 78.0581
23 0 25 4.6095
23 1 31 6.3490
23 2 3 0.4172
23 3 7 1.3824
23 4 54 10.3389
23 5 24 6.5471
23 6 53 18.2164
23 7 3 0.7744
23 8 3 0.5041
23 9 19 3.5764
23 10 17 4.5935
23 11 52 13.2071
23 12 11 2.7484
23 13 4 1.1694
23 14 10 1.9935
23 15 31 8.6522
23 16 31 7.6082
23 17 261 64.7018
23 18 6 1.5768
23 19 37 7.3571
23 20 271 61.1997
23 21 1 0.2144
23 22 1 0.4400
23 23 31 5.5921
23 24 12 3.6505
23 25 189 39.6886
23 26 250 50.7744
23 27 82 26.0291
23 28 2 0.3656
23 29 524 136.4212
23 30 9 2.5818
23 32 6 1.8423
23 33 46 9.3503
23 34 1 0.3221
23 35 58 11.2377
23 36 1 0.1422
23 37 62 12.9344
23 38 10 1.8333
23 39 1 0.2297
23 40 84 32.9798
23 41 65 13.8290
23 43 52 10.9371
23 44 31 11.2626
23 45 70 21.2203
23 46 27 5.0819
23 47 25 4.2772
23 48 133 41.0031
23 49 13 4.7516
23 50 61 11.1176
23 51 18 3.0718
23 52 10 2.8186
23 53 19 3.8851
23 54 25 6.9225
23 55 11 2.5221
23 56 2 0.7187
23 57 42 11.6317
23 59 18 3.3847
23 61 14 2.5970
23 62 15 3.8840
23 63 3 0.3465
23 64 65 15.5115
23 66 31 10.7440
23 67 41 12.9301
23 68 48 12.9164
23 69 46 10.3586
23 70 1 0.2111
23 71 7 1.4954
23 72 21 3.4353
23 73 30 5.9180
23 74 11 2.1336
23 75 18 3.9928
23 76 42 10.6115
23 77 1 0.2007
23 78 6 1.7841
23 79 9 2.6570
23 80 16 3.5573
23 81 5 1.0382
23 82 60 11.5709
23 84 7 1.2935
23 85 34 7.1253
23 86 92 25.8128
23 87 4 1.1872
23 88 28 9.8158
23 89 2 0.5203
23 90 40 8.1374
23 91 338 66.7782
23 92 41 9.5971
23 93 2 0.3416
23 94 11 2.5038
23 95 51 13.5188
23 96 15 3.3101
23 97 1330 319.8163
23 98 4 0.7129
23 99 11 1.8705
23 100 103 24.8764
23 101 33 6.3763
23 102 3 0.6665
23 103 30 7.2363
23 104 15 3.0646
23 105 9 1.3634
23 106 125 24.9624
23 107 4 0.6910
23 108 22 3.8708
23 109 9 2.3630
23 110 97 29.2473
23 112 26 8.0594
23 113 54 14.7740
23 114 42 10.1035
23 115 15 4.1172
23 116 27 7.0782
23 118 51 9.8401
23 119 10 2.2753
23 120 70 14.2224
23 121 45 15.1354
23 122 10 2.0938
23 123 11 2.2759
23 124 2 0.3504
23 125 17 4.4555
23 126 21 5.5012
23 127 18 4.2540
23 128 405 86.3190
23 129 34 7.5384
23 130 21 4.3409
23 131 108 31.5355
23 132 12 2.8189
23 133 68 13.6098
23 134 28 6.4416
23 135 61 14.0167
23 136 3 0.5459
23 137 59 12.3767
23 139 24 6.4430
23 140 2 0.6172
23 141 9 1.8546
23 142 42 8.5499
23 143 24 6.6298
23 144 16 3.6280
23 146 5 1.5545
23 147 138 34.3559
23 149 78 22.4191
23 150 20 4.1652
23 151 34 9.1242
23 152 216 62.3394
23 153 69 14.0868
23 154 122 36.7941
23 155 54 13.5935
23 156 11 3.7666
23 157 12 3.4929
23 158 3 0.5990
23 159 1 0.1303
23 160 207 49.8650
23 162 55 14.5089
23 163 37 11.5365
23 164 46 12.4109
23 165 25 6.1275
23 166 19 6.4446
23 167 20 6.6847
23 168 8 1.5891
23 169 3 0.5483
23 170 8 2.3541
23 171 59 11.4714
23 172 6 1.6786
23 173 4 0.6117
23 174 22 4.4373
23 175 44 10.3212
23 176 17 3.4592
23 177 169 36.2842
23 178 1 0.2832
23 179 1 0.1740
23 180 95 20.3688
23 181 12 3.2666
23 182 12 2.6186
23 183 19 5.2569
23 184 1 0.3171
23 185 19 4.2331
23 186 6 1.1256
23 187 37 8.4303
23 188 50 10.9477
23 189 48 11.3505
23 190 15 3.7952
23 191 135 40.5729
23 192 2 0.2856
23 193 66 16.7152
23 194 1 0.1329
23 195 18 3.6179
23 196 169 112.7307
23 197 46 9.5428
23 198 8 1.9176
23 199 8 1.8051
23 200 5 1.0665
23 201 12 2.6695
23 202 30 5.7395
23 204 3 0.5832
23 205 1836 490.8870
23 206 35 6.9785
23 207 12 3.0972
23 208 86 25.7545
23 209 104 22.8832
23 210 72 14.8559
23 211 28 8.4326
23 212 83 23.7150
23 213 8 2.4784
23 214 175 42.6815
23 215 11 2.1412
23 216 17 4.7975
23 217 53 10.6339
23 218 19 4.1936
23 219 746 186.0503
23 220 21 4.5166
23 221 11 2.3540
23 222 19 5.7142
23 223 2 0.3241
23 224 744 157.3950
23 225 13 3.2038
23 226 18 3.5737
23 227 3 0.6020
23 228 2 0.6745
23 229 1 0.1571
23 230 6 1.7913
23 231 38 9.9874
23 232 4 0.8555
23 233 2 0.3175
23 235 38 6.8338
23 236 11 1.9001
23 237 1 0.2031
23 238 3 0.6343
23 242 30 7.6098
23 243 101 21.0195
23 244 2 0.5039
23 245 51 9.8417
23 247 25 6.3566
23 249 3 0.5639
23 250 5 1.6304
23 251 8 1.3319
23 253 3 0.7239
23 254 13 3.6624
23 255 111 23.2242
23 256 23 4.6155
23 257 95 19.3088
23 258 13 3.9104
23 259 16 2.9938
23 260 46 12.2124
23 261 40 12.5988
23 262 47 11.6862
23 263 26 5.8921
23 264 17 5.0778
23 265 61 11.9336
23 266 132 30.6468
23 267 3 0.3930
23 268 31 6.4390
23 269 6 1.2839
23 270 38 7.6389
23 271 438 102.2615
23 272 34 6.0869
23 273 65 13.5430
23 274 21 4.1130
23 275 15 3.0762
23 276 50 10.7358
23 277 413 112.4964
23 279 28 11.3495
23 282 22 4.8925
23 283 76 16.2642
23 284 25 6.9988
23 285 23 5.1789
23 286 6 1.2261
23 287 26 7.1433
23 288 2 0.4563
23 290 1 0.3056
23 291 48 14.4318
23 292 65 13.8366
23 293 8 2.1337
23 294 26 7.4486
23 295 9 1.6265
23 296 12 5.1717
23 297 3 0.4662
23 298 2 0.4120
23 299 15 3.1299
23 300 23 5.4305
23 301 55 13.2622
23 302 40 7.9457
23 304 14 3.3400
23 305 71 24.7315
23 306 51 10.1301
23 307 42 9.3674
23 308 7 1.2579
23 309 25 5.4876
23 311 12 2.4562
23 313 64 26.7811
23 315 132 29.1960
23 316 54 14.1076
23 317 40 8.3987
23 318 15 3.1453
23 319 8 2.8380
23 320 322 66.7663
23 322 256 81.2608
23 323 3 0.8481
23 324 24 5.1438
23 325 10 2.5732
23 326 19 4.2885
23 328 4 0.8694
23 329 69 17.1498
23 330 10 2.0673
23 331 20 4.2275
23 332 113 24.5703
23 333 28 6.3515
23 334 45 9.6919
23 335 99 19.3794
23 336 17 3.2902
23 337 2 0.3033
23 338 13 3.0190
23 339 14 4.3203
23 341 1 0.1923
23 342 6 1.1609
23 343 1 0.1913
23 344 60 13.7387
23 345 46 10.1615
23 346 31 6.4866
23 347 32 6.3009
23 348 24 5.2890
23 349 32 6.3437
23 350 61 19.4208
23 351 2 0.3597
23 352 3 0.5848
23 353 6 1.1842
23 354 72 16.4389
23 355 34 6.9879
23 356 131 28.3143
23 357 29 7.9946
23 358 2357 606.1485
23 360 9 1.8633
23 361 72 16.5271
23 362 6 1.2251
23 363 6 1.4912
23 364 106 32.8888
23 366 158 30.1402
23 367 112 22.3114
23 368 31 8.7313
23 370 88 26.3767
23 371 10 1.8951
23 372 259 115.0331
23 374 6 1.3017
23 375 23 5.4570
23 376 1 0.1682
23 377 64 14.6308
23 378 18 4.9893
23 379 2 0.3348
23 381 10 1.6710
23 382 32 6.5307
23 383 76 15.8226
24 0 32 7.7850
24 1 5 1.2064
24 2 114 24.6252
24 3 13 2.8925
24 4 4 0.9174
24 5 75 17.5477
24 6 232 61.9981
24 7 28 6.3118
24 8 5 1.2396
24 10 881 212.0690
24 11 32 6.7664
24 13 85 19.3176
24 14 6 1.7867
24 15 259 56.6411
24 16 84 19.7270
24 19 19 4.2398
24 20 148 69.0813
24 22 374 81.8378
24 24 16 3.8235
24 25 1 0.1962
24 26 4 0.7838
24 27 8 1.9337
24 28 26 6.6013
24 30 12 2.9739
24 31 21 5.4880
24 32 29 6.6124
24 33 64 14.6520
24 34 2 0.3793
24 35 12 2.5223
24 36 34 8.5188
24 37 55 12.5517
24 38 1 0.1348
24 39 149 35.4520
24 41 337 93.4695
24 42 21 5.2651
24 43 227 51.8037
24 44 1 0.2131
24 45 25 5.9642
24 46 14 3.9960
24 47 345 100.7949
24 48 116 25.8188
24 49 1 0.1801
24 50 2 0.3934
24 51 13 3.1039
24 52 112 25.7483
24 53 40 9.1781
24 54 13 2.7776
24 56 6 1.5405
24 57 539 139.1055
24 58 23 5.0694
24 60 107 32.1453
24 61 21 4.7257
24 63 35 7.8069
24 64 11 2.2805
24 66 114 32.2677
24 67 45 10.7474
24 68 2 0.4396
24 69 1 0.2379
24 70 12 3.1080
24 71 49 14.2528
24 72 90 18.8121
24 73 149 38.4667
24 74 1 0.1606
24 76 29 6.7135
24 78 16 3.4846
24 79 3 0.7392
24 80 2 0.4848
24 81 1 0.1737
24 83 53 11.4795
24 84 24 5.6001
24 86 33 7.0787
24 87 110 30.3782
24 88 13 4.0120
24 91 32 7.2659
24 92 30 6.3321
24 93 14 2.9374
24 94 4 0.8525
24 96 60 12.5112
24 97 2 0.5251
24 98 7 1.5791
24 99 5 1.2263
24 100 60 13.7100
24 101 11 3.5950
24 103 24 5.5172
24 104 126 28.6106
24 105 58 15.2168
24 106 239 54.8242
24 107 20 4.0684
24 108 37 8.1081
24 109 14 4.0458
24 110 6 1.4527
24 112 39 7.6234
24 113 28 6.2745
24 114 14 3.2390
24 115 48 11.0200
24 117 11 2.2833
24 118 1 0.4130
24 119 6 1.2195
24 120 37 9.2660
24 121 24 4.4982
24 122 102 31.5330
24 123 50 14.3005
24 124 71 15.9361
24 125 4 0.9468
24 126 6 1.2288
24 127 113 24.3559
24 128 7 1.5026
24 130 22 4.6011
24 132 24 5.3270
24 133 52 11.5144
24 134 23 5.1183
24 135 163 35.0004
24 136 16 3.3042
24 138 53 15.0725
24 139 266 63.8164
24 141 25 5.3415
24 143 4 0.9907
24 145 7 1.6222
24 146 433 106.1094
24 147 401 100.2155
24 148 30 7.4769
24 149 1 0.1337
24 150 63 14.4842
24 152 9 1.8467
24 154 14 2.9273
24 155 171 37.2637
24 156 5 1.0840
24 158 79 15.8868
24 159 159 38.0481
24 161 38 8.0578
24 162 325 83.2327
24 163 49 9.2065
24 164 11 2.6584
24 165 26 6.2344
24 166 13 2.8102
24 167 27 5.8499
24 168 4 0.8163
24 170 5 1.0362
24 171 2 0.3252
24 172 22 4.8024
24 173 10 2.2124
24 174 36 10.6797
24 175 65 14.0677
24 177 36 8.0053
24 178 7 1.5689
24 179 6 1.1893
24 180 1 0.2495
24 181 23 6.5044
24 182 12 2.6378
24 183 25 8.2753
24 184 11 2.2597
24 185 26 7.5931
24 186 4 0.8649
24 187 16 3.8918
24 188 2 0.3882
24 189 217 52.0361
24 190 12 3.0813
24 191 153 40.2573
24 192 53 12.0676
24 193 34 7.4903
24 195 59 13.9752
24 196 20 5.0035
24 197 4 0.8409
24 198 110 23.2867
24 199 45 11.2167
24 201 7 1.6851
24 202 58 15.4832
24 203 3 0.6390
24 204 188 51.0553
24 205 1 0.2169
24 206 13 2.7070
24 208 185 42.9231
24 209 20 4.0587
24 211 28 6.1956
24 212 51 11.9191
24 213 89 22.8542
24 214 28 6.7577
24 215 2 0.4021
24 216 107 25.1108
24 218 6 1.3081
24 219 172 37.6087
24 221 16 4.0851
24 222 79 18.0314
24 223 954 266.6320
24 224 20 4.5245
24 225 634 137.8940
24 227 8 1.4283
24 228 7 1.4207
24 229 4 0.7475
24 230 28 6.3977
24 231 75 17.5011
24 232 318 68.9720
24 233 35 9.5449
24 234 7 1.4302
24 235 3 0.6121
24 236 3 0.6432
24 237 131 28.1963
24 238 56 13.0153
24 240 33 7.1248
24 241 19 4.8013
24 243 43 9.0786
24 244 37 8.9408
24 245 5 1.0998
24 246 75 17.2191
24 247 8 1.9265
24 248 1 0.2213
24 249 525 124.7826
24 250 51 15.5765
24 251 1 0.2380
24 252 852 242.2454
24 253 9 2.0054
24 254 2 0.4664
24 255 32 6.6305
24 257 126 28.6611
24 259 7 1.6067
24 260 1 0.2265
24 262 14 3.3279
24 263 245 69.3189
24 264 115 24.9779
24 265 38 8.1431
24 266 167 39.3871
24 268 5 1.1455
24 269 77 20.2597
24 272 4 1.3390
24 273 63 12.2972
24 274 2 0.2700
24 275 24 5.7659
24 276 50 11.0330
24 277 3 0.5987
24 278 171 48.2940
24 280 4 0.9799
24 281 51 12.4133
24 282 13 3.0731
24 283 148 32.9408
24 284 149 44.8767
24 285 72 23.8697
24 287 7 1.3337
24 289 11 2.3762
24 290 22 4.8525
24 291 28 6.9660
24 292 42 9.6088
24 294 5 1.1120
24 295 1 0.2401
24 296 79 17.7512
24 297 11 2.4522
24 298 5 0.9439
24 299 18 4.0235
24 300 17 3.6953
24 301 3 0.6994
24 302 8 1.8695
24 303 1 0.2230
24 304 21 5.0259
24 306 4 0.9637
24 307 9 1.5582
24 308 30 5.8893
24 309 2 0.4299
24 311 325 69.0230
24 313 61 16.3522
24 314 41 9.0333
24 315 67 15.1900
24 316 17 3.4113
24 317 66 15.8459
24 318 22 4.7746
24 320 19 3.9637
24 321 42 13.5148
24 322 22 4.4205
24 323 23 6.1686
24 324 33 7.2483
24 325 2 0.4234
24 326 35 8.6838
24 327 2 0.4135
24 328 5 1.5345
24 330 14 2.9141
24 331 27 6.2364
24 332 217 53.5614
24 333 128 28.3416
24 334 2 0.4395
24 335 3 0.5605
24 336 33 7.5467
24 337 1 0.1694
24 338 93 20.1047
24 339 19 4.6935
24 341 3 0.6367
24 342 21 7.9580
24 343 33 9.2312
24 344 2 0.7372
24 345 36 7.1659
24 346 1188 330.3698
24 347 9 1.8172
24 348 6 1.2152
24 351 60 16.1913
24 353 50 13.8333
24 354 2 0.4573
24 355 53 11.6654
24 356 25 5.1101
24 358 75 21.9047
24 359 10 2.1824
24 362 9 2.8353
24 363 6 2.1097
24 364 1 0.2853
24 365 6 1.4184
24 366 7 1.6142
24 367 398 146.6110
24 368 72 19.2857
24 369 107 23.8592
24 370 12 2.6651
24 372 53 11.6776
24 374 2 0.3249
24 375 13 3.3706
24 376 65 15.3246
24 377 1 0.2351
24 378 36 7.2056
24 379 9 2.1011
24 382 122 28.6834
25 0 8 1.2759
25 1 13 2.8979
25 2 3 0.4590
25 3 3 0.6684
25 4 163 35.7741
25 5 4 0.7056
25 6 2 0.3606
25 7 437 109.6810
25 8 18 2.5869
25 11 22 5.0893
25 12 4 0.7497
25 13 31 6.7172
25 14 1 0.2578
25 15 37 9.9058
25 16 107 23.6764
25 17 33 6.3220
25 18 13 3.2744
25 20 270 71.8924
25 21 110 24.7856
25 23 229 51.9484
25 24 4 0.8824
25 25 4 0.7692
25 27 1 0.2887
25 29 24 3.7592
25 31 2 0.3163
25 32 91 19.1736
25 33 158 38.0740
25 34 19 3.9482
25 35 15 3.5051
25 36 8 2.2665
25 37 22 5.2166
25 40 9 1.8899
25 41 38 8.6004
25 42 53 11.3955
25 43 24 4.8874
25 44 1 0.1239
25 45 2 0.4750
25 47 62 15.7024
25 49 2 0.4202
25 52 8 1.3020
25 53 4 0.8606
25 54 50 12.7757
25 55 68 18.0731
25 56 17 3.9250
25 58 222 50.8688
25 60 79 17.6750
25 61 10 2.3400
25 62 9 1.8817
25 63 29 10.5663
25 64 8 1.7076
25 66 70 15.0403
25 67 25 4.3888
25 68 3 0.6139
25 69 1 0.1540
25 71 1 0.1862
25 73 74 17.5522
25 74 30 6.5371
25 75 476 128.3650
25 77 6 1.3191
25 80 4 0.6517
25 81 25 5.5225
25 82 73 15.3050
25 83 277 75.8177
25 86 449 102.3510
25 87 10 2.2819
25 88 1 0.1707
25 89 42 9.4387
25 90 13 3.0694
25 91 6 1.3248
25 92 11 2.1391
25 93 17 3.1252
25 94 160 33.0342
25 95 1 0.2514
25 96 20 4.4549
25 97 152 35.2961
25 98 23 5.1137
25 99 145 42.6519
25 101 13 3.1110
25 102 1 0.1418
25 103 136 28.7080
25 105 10 2.2358
25 106 97 22.5476
25 107 8 1.7421
25 108 4 0.7487
25 110 8 1.7848
25 111 806 263.2534
25 112 90 21.3549
25 113 9 1.8907
25 114 9 2.0260
25 115 374 90.3567
25 116 4 0.7457
25 117 1 0.1885
25 118 3 0.6559
25 120 29 6.7923
25 121 13 2.9370
25 122 72 13.2544
25 124 160 32.8510
25 125 4 0.6691
25 127 9 2.0407
25 128 144 41.8741
25 130 31 7.5169
25 131 17 3.7398
25 132 10 1.5114
25 133 13 2.9416
25 134 185 39.3405
25 135 41 8.9967
25 136 46 11.0225
25 138 2 0.3405
25 139 176 41.2457
25 140 6 1.3132
25 141 15 3.1100
25 142 134 30.1947
25 143 30 6.3756
25 144 19 4.4405
25 145 60 13.0655
25 146 16 3.8063
25 147 17 3.8318
25 148 8 2.2244
25 149 6 1.2129
25 150 86 19.6469
25 151 37 8.4825
25 152 59 13.7730
25 153 19 4.5105
25 156 52 12.0833
25 157 4 0.8485
25 158 1 0.2306
25 159 10 2.3801
25 160 185 41.5639
25 161 42 8.9205
25 162 39 7.8798
25 163 118 24.9727
25 164 698 202.4213
25 165 48 10.6338
25 166 27 5.3210
25 167 32 7.5334
25 168 59 14.1832
25 169 1 0.1188
25 171 116 46.1796
25 172 45 15.8403
25 174 8 1.7475
25 177 37 8.7183
25 178 205 48.7558
25 179 9 1.8159
25 180 6 1.3235
25 181 26 5.1582
25 182 47 11.0286
25 183 17 3.7553
25 184 73 16.0016
25 185 17 3.5678
25 186 27 5.7100
25 187 26 5.5198
25 188 105 28.9865
25 189 44 9.7068
25 192 74 24.1889
25 193 5 1.2191
25 194 135 36.8462
25 195 1 0.1893
25 197 54 15.7937
25 198 1 0.2079
25 199 143 33.6190
25 200 1 0.2014
25 202 2 0.4753
25 203 3 0.6361
25 204 97 28.5698
25 205 53 12.0243
25 206 1 0.1610
25 208 283 87.7311
25 209 24 5.2888
25 210 44 11.3652
25 211 152 39.0582
25 213 12 2.6519
25 214 11 2.4026
25 215 60 14.1597
25 216 23 4.9692
25 217 16 3.0750
25 220 47 11.2325
25 221 5 1.0633
25 223 65 15.6517
25 224 3 0.5860
25 225 30 7.0100
25 226 16 3.1198
25 227 6 0.8855
25 228 6 1.3627
25 229 10 2.2878
25 230 21 4.6274
25 231 138 38.1279
25 233 76 21.0436
25 234 1 0.2267
25 235 107 23.7059
25 236 1 0.2601
25 237 68 19.1138
25 238 160 43.2651
25 239 29 5.8973
25 241 8 1.4667
25 242 368 65.3734
25 244 121 28.0516
25 246 6 1.2779
25 247 47 10.1562
25 248 25 5.9985
25 249 135 32.2062
25 250 270 64.9295
25 251 269 56.3739
25 252 25 5.1568
25 253 107 21.8787
25 254 1 0.0862
25 256 115 22.5886
25 257 11 2.3899
25 260 643 144.8817
25 261 97 22.3320
25 263 43 10.0726
25 265 78 17.9310
25 266 26 7.1495
25 268 2 0.3076
25 269 65 14.0459
25 270 38 7.3702
25 271 81 19.4222
25 272 35 9.6440
25 273 10 1.8446
25 274 22 4.7011
25 275 1 0.2073
25 277 23 5.5816
25 278 1 0.2475
25 279 73 15.7368
25 283 9 2.1290
25 285 1 0.2173
25 286 71 13.9337
25 287 90 18.8484
25 288 268 59.3621
25 290 13 2.7864
25 291 201 45.5315
25 292 43 9.8000
25 293 452 130.1552
25 294 15 2.9474
25 295 36 8.8432
25 296 1 0.2585
25 298 7 1.5412
25 299 11 2.5792
25 300 1 0.1355
25 301 259 58.8515
25 302 105 20.2129
25 303 51 11.2220
25 304 41 11.4319
25 305 57 12.9296
25 306 92 21.1216
25 307 17 3.9800
25 309 2 0.3713
25 310 525 109.9965
25 312 27 5.7967
25 315 65 15.4181
25 316 3 0.5426
25 318 57 13.2187
25 321 288 70.1585
25 322 6 1.1289
25 323 255 62.8464
25 324 7 1.7639
25 325 24 5.2169
25 326 2 0.4587
25 327 15 3.3137
25 328 34 8.9228
25 330 12 2.3767
25 331 11 3.0750
25 332 1 0.2474
25 333 62 17.6796
25 334 3 0.6353
25 335 8 1.8048
25 336 102 28.9237
25 337 507 149.1367
25 339 2 0.4214
25 340 37 10.5360
25 344 5 1.0935
25 346 4 0.8444
25 347 4 0.6089
25 348 1 0.1898
25 349 398 120.1141
25 350 1 0.2216
25 351 9 2.0725
25 352 29 6.6871
25 353 3 0.5142
25 354 12 1.8870
25 356 36 7.2205
25 357 42 9.6821
25 358 452 110.0531
25 359 625 229.3466
25 360 26 5.8595
25 361 1 0.2100
25 362 3 0.6241
25 363 8 1.6296
25 364 128 41.0572
25 365 8 1.6095
25 367 16 3.4398
25 368 22 4.8657
25 370 1 0.2339
25 371 36 9.5583
25 372 1 0.1879
25 373 3 0.6793
25 374 1 0.2130
25 375 25 5.2952
25 376 1 0.1172
25 377 1 0.2241
25 381 1 0.2633
25 382 1 0.2035
25 383 19 4.2044
26 0 67 13.6551
26 1 2 0.4278
26 2 4 1.1234
26 3 11 2.4987
26 4 140 31.1260
26 5 1 0.1722
26 6 7 1.5267
26 7 62 15.8032
26 8 4 0.7600
26 9 1 0.2179
26 11 38 7.7404
26 12 343 74.0307
26 13 1 0.1817
26 14 44 9.2108
26 15 235 63.5357
26 16 19 4.1879
26 17 93 22.5589
26 20 105 23.0406
26 25 1 0.1514
26 26 159 34.2594
26 27 604 182.1786
26 28 28 6.3804
26 29 276 79.9781
26 30 14 3.6008
26 31 9 2.2328
26 32 4 0.8536
26 34 3 0.6602
26 36 55 12.1259
26 37 355 86.0063
26 38 6 1.0896
26 39 104 28.9413
26 40 63 13.7231
26 41 271 56.8882
26 42 25 5.4721
26 43 10 2.1484
26 44 20 4.1181
26 45 39 6.9623
26 46 24 5.1291
26 47 4 0.8949
26 48 50 10.2114
26 49 45 9.0620
26 50 11 2.3824
26 51 169 37.3429
26 54 28 6.2434
26 55 1 0.1940
26 57 107 29.4961
26 58 3 0.4788
26 60 64 14.7823
26 61 4 0.7816
26 62 3 0.6038
26 63 16 3.2238
26 64 1 0.2160
26 65 1 0.1996
26 66 2 0.4500
26 67 3 0.5990
26 68 21 4.2894
26 69 158 33.1835
26 70 86 25.6250
26 71 1 0.1543
26 72 1 0.2364
26 74 8 1.6458
26 75 3 0.6643
26 76 97 24.5995
26 77 23 4.5953
26 78 1 0.2088
26 79 63 14.3133
26 80 2 0.3000
26 81 52 10.6327
26 82 8 1.3068
26 83 8 1.8020
26 84 15 3.1316
26 85 3 0.6614
26 86 20 5.0132
26 87 90 19.7616
26 88 6 1.3947
26 89 4 0.8388
26 90 97 21.0467
26 91 6 1.2540
26 92 17 3.7193
26 93 348 72.7425
26 94 8 1.5975
26 95 39 8.5886
26 97 184 49.1292
26 100 16 3.3692
26 101 81 19.3301
26 102 3 0.5927
26 103 4 1.1172
26 104 15 3.0635
26 105 98 26.7676
26 106 184 54.2663
26 107 34 7.5243
26 109 1 0.2003
26 110 11 2.0181
26 112 14 3.6281
26 115 2 0.3390
26 116 1038 245.0260
26 117 25 7.9022
26 118 96 21.6582
26 119 8 1.6799
26 120 52 12.9552
26 121 29 6.7510
26 122 96 20.9499
26 123 2 0.3835
26 124 2 0.3636
26 125 9 2.1202
26 126 16 3.7226
26 127 45 9.7038
26 128 37 8.0298
26 129 5 1.1334
26 133 98 21.4226
26 134 80 20.2324
26 135 25 4.5925
26 136 197 54.5535
26 137 54 11.7738
26 138 11 2.8476
26 139 77 19.5094
26 140 94 32.0339
26 142 51 12.0767
26 144 2 0.4241
26 145 26 5.9969
26 147 42 9.2189
26 148 43 9.1416
26 149 34 7.2556
26 151 104 22.3002
26 152 12 2.7461
26 153 175 38.5063
26 154 1 0.1996
26 155 4 0.9349
26 156 12 2.7784
26 157 60 14.0392
26 159 18 3.9274
26 160 89 20.4196
26 162 9 1.8944
26 164 9 1.7572
26 165 41 8.1223
26 166 89 20.0758
26 167 88 18.4339
26 168 9 2.3444
26 169 178 58.1277
26 170 13 3.0041
26 171 27 6.0792
26 172 40 9.2874
26 173 267 62.9655
26 174 72 16.8716
26 176 57 12.0451
26 177 44 10.5713
26 178 80 18.5978
26 179 87 19.8957
26 180 27 6.2252
26 181 6 1.1120
26 183 23 5.4182
26 185 31 9.8274
26 186 442 102.2996
26 187 51 10.1690
26 188 26 6.7355
26 189 5 1.0610
26 190 23 4.9908
26 191 18 3.3660
26 192 509 114.4420
26 193 1 0.2128
26 194 59 15.2797
26 195 3 0.6861
26 196 58 17.3946
26 197 1 0.2520
26 198 236 52.6901
26 199 37 8.0318
26 200 304 70.6987
26 202 22 5.0894
26 203 2 0.3723
26 204 15 3.3983
26 205 11 2.4449
26 206 813 282.7231
26 207 11 2.7979
26 208 11 2.3034
26 209 24 5.4478
26 211 291 63.7481
26 212 15 2.8719
26 214 8 1.7125
26 215 39 9.9245
26 216 14 3.1874
26 217 43 9.1329
26 220 18 4.1117
26 221 6 1.1581
26 222 1 0.2565
26 223 2 0.4847
26 224 4 0.7418
26 225 1 0.1299
26 227 139 32.0579
26 228 274 86.4995
26 230 10 2.1491
26 231 1 0.3288
26 233 1 0.2552
26 235 3 0.5031
26 236 32 7.0510
26 237 82 18.2129
26 239 67 15.2184
26 240 28 6.5225
26 241 427 97.6906
26 242 41 9.1659
26 243 3 1.1120
26 244 59 13.5807
26 245 4 0.8741
26 246 2 0.4389
26 247 6 1.1339
26 248 56 14.4081
26 249 3 0.6734
26 250 19 4.0100
26 251 91 24.5720
26 252 40 9.3761
26 254 66 14.3772
26 256 200 55.2886
26 257 16 3.3866
26 258 36 7.4408
26 259 103 25.2330
26 260 55 13.6904
26 263 17 3.6133
26 264 1 0.2077
26 265 816 257.5474
26 266 13 2.5752
26 268 2 0.5162
26 269 16 3.6898
26 270 52 12.5420
26 272 92 24.2820
26 273 6 1.2447
26 274 7 1.7714
26 276 296 95.1118
26 277 39 8.5009
26 279 1 0.1782
26 280 247 69.1054
26 281 35 8.3972
26 283 204 44.4405
26 284 30 6.5474
26 285 36 8.1447
26 288 14 2.9936
26 289 10 2.7140
26 290 41 9.3833
26 291 1 0.1934
26 292 1 0.1890
26 293 15 3.6776
26 295 4 0.9344
26 297 30 5.9559
26 298 3 0.7299
26 299 24 5.5154
26 300 1 0.1859
26 301 1 0.1668
26 302 16 3.1224
26 303 23 5.1367
26 304 31 6.4311
26 305 147 34.5465
26 307 3 0.5999
26 308 11 2.1535
26 309 277 80.9160
26 310 11 2.4505
26 311 10 2.1408
26 313 2 0.3973
26 314 1 0.2115
26 315 4 0.9775
26 317 33 7.3614
26 319 2 0.4887
26 320 13 3.0046
26 321 1 0.2392
26 323 43 10.2100
26 324 4 1.0681
26 325 96 23.7207
26 327 18 3.6198
26 328 24 5.7094
26 330 40 8.4438
26 331 18 4.2581
26 332 19 4.2446
26 333 119 24.6426
26 334 94 26.7118
26 335 1 0.2304
26 336 15 3.6079
26 338 124 36.0955
26 340 162 45.3003
26 341 151 36.2456
26 342 12 2.4453
26 343 101 25.0199
26 344 1 0.2264
26 345 24 5.6225
26 347 10 2.5501
26 348 34 7.7984
26 349 42 9.8550
26 351 5 1.1452
26 353 42 8.4570
26 355 92 23.2040
26 357 26 5.6975
26 358 14 3.3491
26 360 12 2.6359
26 361 286 64.7595
26 362 39 8.7033
26 364 4 0.7040
26 365 17 4.1324
26 367 8 2.0653
26 368 30 6.4269
26 369 26 5.3614
26 370 23 5.8302
26 371 154 36.0002
26 372 3 0.7141
26 373 119 27.0321
26 376 55 12.2127
26 377 35 9.1881
26 379 4 0.7776
26 380 142 30.5126
26 381 3 0.7104
26 382 27 6.8226
26 383 111 33.9723
27 1 18 8.5926
27 2 138 48.5700
27 3 64 16.0870
27 4 26 5.5400
27 5 54 11.5819
27 6 8 1.8322
27 7 46 12.5955
27 8 22 4.9792
27 9 45 11.0601
27 10 114 37.3192
27 11 3 0.6790
27 12 56 11.3735
27 14 10 1.9783
27 16 3 0.6679
27 18 198 39.8464
27 21 1 0.2357
27 22 25 5.6167
27 23 173 39.1631
27 24 4 0.5670
27 25 24 5.9503
27 27 19 4.6557
27 28 46 13.2667
27 29 4 0.8901
27 30 7 1.5559
27 31 32 7.1119
27 33 4 0.9237
27 35 4 0.4364
27 36 13 2.7406
27 37 2 0.3226
27 39 73 17.4229
27 40 29 5.7850
27 41 48 10.3443
27 43 87 34.3057
27 44 2 0.3544
27 45 586 171.3515
27 46 143 28.8899
27 47 83 16.1636
27 48 9 2.3258
27 49 25 5.6654
27 50 59 13.5445
27 51 8 1.5670
27 52 86 18.7916
27 53 54 12.3689
27 54 110 29.9567
27 55 74 16.8111
27 56 12 2.7902
27 57 100 26.0553
27 58 6 2.0434
27 59 7 1.5324
27 61 67 14.2115
27 62 87 20.4062
27 63 186 41.9912
27 64 28 7.7927
27 66 82 17.8873
27 67 33 7.3981
27 68 54 14.3260
27 69 104 24.3153
27 70 64 14.0704
27 71 12 2.6238
27 72 30 7.1162
27 73 3 0.5060
27 74 2 0.4336
27 76 14 3.0967
27 77 118 29.8784
27 78 34 7.4946
27 79 62 13.7579
27 80 12 4.7302
27 82 4 1.5684
27 83 4 0.6712
27 85 9 2.3414
27 86 138 25.6080
27 87 7 1.6031
27 88 125 28.2397
27 89 106 25.2040
27 90 85 18.3458
27 91 19 4.2499
27 92 19 3.8202
27 93 42 9.2832
27 94 1 0.2107
27 95 2 0.3193
27 96 2 0.3139
27 98 17 3.0848
27 99 10 2.0186
27 100 10 2.1156
27 101 565 156.9911
27 102 4 1.0424
27 103 153 46.6669
27 104 112 24.8209
27 105 247 60.2675
27 106 18 4.4457
27 107 34 7.3125
27 108 2 0.4049
27 109 5 1.4004
27 110 57 12.8352
27 113 99 25.5830
27 114 14 2.9878
27 115 152 32.8665
27 116 56 10.3396
27 117 3 0.4883
27 119 5 0.9683
27 121 74 16.2551
27 122 35 8.9793
27 123 4 0.7543
27 124 29 6.1308
27 125 201 41.9019
27 126 114 30.0360
27 128 125 26.1649
27 129 128 30.6193
27 130 14 2.5042
27 131 63 14.6036
27 132 9 2.0432
27 133 25 5.5084
27 134 16 3.1147
27 135 88 21.0442
27 136 32 6.3453
27 137 18 5.4293
27 138 1 0.2237
27 140 6 1.4544
27 142 28 5.7587
27 143 38 9.8429
27 144 2 0.3613
27 145 17 3.4968
27 146 203 44.3036
27 147 66 14.2533
27 148 983 250.3315
27 149 7 1.5972
27 151 53 11.7935
27 152 139 31.8177
27 153 42 8.9922
27 154 75 21.3147
27 156 22 11.2663
27 157 1 0.2441
27 158 17 5.0514
27 159 2 0.2162
27 160 15 3.6076
27 161 11 2.1875
27 163 6 1.5274
27 164 10 1.8899
27 165 55 11.7955
27 166 14 3.0236
27 167 20 5.3050
27 168 14 2.6288
27 169 78 16.8344
27 170 1 0.2421
27 171 3 1.0260
27 174 17 4.0833
27 175 3 0.7563
27 176 19 4.4384
27 177 165 37.6189
27 178 23 4.7654
27 179 36 8.1580
27 180 17 4.1963
27 182 110 36.1782
27 183 20 4.4923
27 184 8 1.8008
27 185 4 0.9540
27 186 332 72.4026
27 187 89 23.4823
27 188 10 2.0547
27 189 18 3.5494
27 190 3 0.5891
27 191 1 0.2269
27 192 5 1.1841
27 194 274 56.8938
27 195 7 1.4038
27 196 5 1.0825
27 197 17 4.3453
27 198 110 24.3786
27 199 58 12.7649
27 200 13 3.4835
27 201 12 2.1429
27 202 14 2.7132
27 203 1 0.2173
27 204 6 1.2162
27 205 19 4.5096
27 207 17 3.2528
27 208 12 2.2526
27 209 30 5.8028
27 210 21 4.9821
27 211 18 4.0064
27 213 1 0.2136
27 214 747 172.4540
27 215 1 0.2460
27 216 54 11.4725
27 217 34 10.8454
27 218 45 10.0066
27 220 176 35.1426
27 221 34 6.5885
27 222 4 1.1764
27 223 5 0.7683
27 224 25 5.3068
27 225 105 26.9650
27 227 15 4.0938
27 228 6 1.0567
27 229 1 0.2463
27 231 67 25.3449
27 232 26 5.9403
27 233 43 9.5172
27 234 1 0.1694
27 235 8 1.4347
27 236 5 0.8400
27 237 11 3.8215
27 239 19 4.0635
27 240 50 12.4203
27 241 35 7.1488
27 242 55 14.5511
27 243 42 8.9588
27 244 91 19.0626
27 245 17 3.5359
27 246 22 4.6666
27 247 5 2.0709
27 248 47 9.7850
27 249 10 2.2884
27 250 165 38.7338
27 251 2 0.4694
27 252 5 0.7729
27 253 47 9.9948
27 254 35 6.9330
27 255 14 3.1128
27 256 75 17.1560
27 257 19 3.5764
27 258 11 2.1209
27 259 312 71.9058
27 261 5 1.3915
27 263 156 33.9846
27 265 5 1.0630
27 266 79 17.6874
27 267 14 2.9719
27 268 92 19.4421
27 270 28 5.0792
27 271 115 26.0060
27 272 24 5.3199
27 273 38 8.3709
27 274 60 12.2209
27 275 5 1.1386
27 276 14 2.7301
27 277 2 0.3871
27 278 49 10.3647
27 279 16 3.2353
27 280 162 34.6655
27 281 21 5.4425
27 282 25 4.9964
27 283 77 15.9643
27 284 56 13.4557
27 285 119 28.7598
27 287 8 1.4962
27 289 127 26.3762
27 291 73 16.0100
27 292 102 22.0652
27 295 17 3.6205
27 296 41 9.3386
27 297 81 15.7214
27 298 13 2.9060
27 299 12 2.5131
27 301 2 0.3815
27 302 4 0.8553
27 303 50 10.1078
27 304 13 6.5267
27 305 84 19.0513
27 306 106 35.1065
27 307 10 2.4204
27 308 441 100.9772
27 310 15 4.5168
27 311 1 0.1860
27 312 36 8.1412
27 313 10 2.2589
27 314 38 11.5652
27 315 50 10.4203
27 320 12 2.3411
27 321 22 5.3418
27 322 16 4.2258
27 323 16 3.1136
27 324 18 4.1639
27 325 1 0.2698
27 326 125 26.2296
27 327 32 7.4188
27 328 81 20.4779
27 329 27 6.0657
27 331 43 12.3943
27 332 1 0.1775
27 334 3 0.4685
27 335 27 6.1462
27 336 1412 538.5588
27 337 2 0.4474
27 338 15 3.2728
27 339 8 1.6710
27 340 1 0.0980
27 341 6 1.2916
27 342 11 2.1218
27 343 43 9.2724
27 344 11 2.0289
27 345 4 0.7875
27 346 34 7.9128
27 347 16 3.0180
27 350 3 0.4260
27 351 26 7.1681
27 352 12 2.4901
27 353 33 6.9950
27 354 7 1.5053
27 355 108 23.6081
27 357 1 0.1720
27 358 26 9.3482
27 359 22 5.3534
27 360 16 2.9447
27 361 22 5.0815
27 362 171 53.5514
27 363 295 88.8212
27 364 2 0.4524
27 365 17 4.4646
27 366 15 2.5756
27 367 51 11.5807
27 368 18 3.3404
27 369 1 0.1319
27 370 51 12.2811
27 371 29 7.2558
27 373 81 19.6991
27 374 17 3.3490
27 375 9 2.5753
27 376 1 0.2400
27 377 34 10.5242
27 378 70 14.1116
27 379 15 2.9852
27 380 6 1.2753
27 381 22 4.5792
27 382 308 67.7263
27 383 88 17.8462
28 0 1 0.1712
28 1 1 0.2717
28 2 28 6.7080
28 3 35 8.5646
28 4 1 0.1566
28 7 31 7.3665
28 8 13 3.7841
28 9 50 14.7536
28 10 1 0.2567
28 11 232 56.5117
28 12 1 0.2987
28 13 19 4.1601
28 14 3 0.5529
28 15 81 17.0673
28 16 16 3.6513
28 18 13 3.8955
28 19 10 1.9138
28 22 59 14.1624
28 25 3 0.4757
28 26 11 2.9455
28 27 13 2.5600
28 29 3 0.5135
28 30 12 2.9305
28 31 5 1.1192
28 32 39 8.4921
28 34 43 9.5878
28 35 13 2.9677
28 36 1 0.3474
28 37 2 0.2531
28 38 58 11.5175
28 39 7 1.5072
28 40 118 27.5561
28 41 70 14.4649
28 43 48 11.2945
28 44 76 15.7313
28 45 34 7.3586
28 46 56 13.2301
28 47 4 0.9590
28 48 36 7.4125
28 49 42 14.9495
28 50 55 14.1312
28 51 32 7.6646
28 52 195 42.2241
28 53 22 5.2335
28 55 5 1.0274
28 56 28 4.5650
28 57 271 61.8781
28 58 214 54.6093
28 59 138 36.8707
28 60 40 10.3786
28 61 14 2.7910
28 65 526 159.8805
28 67 16 3.8273
28 69 6 1.1946
28 70 28 8.7855
28 71 6 1.0502
28 72 89 18.7896
28 73 38 9.1043
28 74 29 6.8858
28 75 27 6.1877
28 76 2 0.3261
28 78 126 29.2299
28 79 8 1.7214
28 80 14 3.0794
28 82 192 42.7455
28 83 3 0.7722
28 84 18 3.5678
28 85 60 12.8820
28 86 3 0.3251
28 87 64 13.2464
28 88 22 4.8087
28 89 32 10.6284
28 90 26 5.7249
28 91 113 27.5488
28 92 646 147.7887
28 93 2 0.4449
28 94 68 18.1530
28 96 143 36.0581
28 97 3 0.6170
28 98 100 23.3847
28 100 1 0.2010
28 101 372 82.5166
28 103 49 13.1835
28 104 2 0.2856
28 105 181 52.1825
28 108 10 2.0224
28 109 10 2.4544
28 110 217 51.5949
28 111 2 0.4065
28 112 3 0.9555
28 113 18 3.5344
28 114 20 6.3474
28 115 1 0.2083
28 116 9 1.5785
28 118 433 97.5070
28 119 5 0.9771
28 120 39 8.9064
28 121 534 147.9599
28 122 15 2.9305
28 123 3 0.4650
28 125 17 4.8918
28 126 138 43.1728
28 127 1 0.1884
28 128 1 0.2156
28 129 18 4.6808
28 130 122 30.0790
28 134 4 0.5825
28 135 19 5.2519
28 136 11 2.5679
28 137 807 263.2207
28 138 5 1.1485
28 139 95 20.6982
28 140 23 4.9799
28 141 323 84.3477
28 142 2 0.3880
28 143 80 18.0504
28 144 12 2.4685
28 147 26 8.2054
28 148 1 0.2005
28 149 6 1.1341
28 150 59 13.2397
28 151 7 1.5775
28 153 203 49.2043
28 154 16 3.7354
28 157 3 0.5046
28 158 65 15.8952
28 159 61 13.2829
28 161 8 1.3769
28 163 20 5.7338
28 165 2 0.2937
28 166 19 3.8888
28 167 8 1.7174
28 169 35 5.8854
28 170 122 27.2728
28 171 8 1.5492
28 173 4 0.9516
28 175 529 146.2885
28 176 11 2.1060
28 177 8 1.9128
28 178 16 3.3962
28 179 25 6.2512
28 180 14 2.6896
28 182 4 1.2858
28 184 73 16.9357
28 187 128 28.5887
28 189 52 11.8073
28 190 17 3.5542
28 192 21 4.9111
28 193 28 6.4401
28 194 6 1.0194
28 195 1 0.2378
28 196 1 0.2204
28 197 1 0.2495
28 198 3 0.6853
28 199 17 3.6363
28 200 21 4.5351
28 202 4 1.4398
28 203 29 5.8656
28 204 4 0.9015
28 205 40 11.2705
28 206 1 0.2104
28 207 4 0.9291
28 208 1 0.2333
28 210 7 1.5491
28 211 208 49.9612
28 212 217 47.0914
28 213 1 0.1314
28 214 90 18.6050
28 215 29 6.2902
28 216 78 30.3925
28 218 1 0.2518
28 220 39 8.3828
28 221 141 28.9673
28 222 60 13.2624
28 223 5 1.7263
28 224 24 7.5392
28 225 21 3.8983
28 226 74 20.4368
28 227 32 7.1091
28 228 30 5.3226
28 229 224 70.0077
28 230 28 6.3814
28 232 26 6.2322
28 233 8 1.5302
28 234 43 10.5588
28 235 91 21.3057
28 238 54 12.8504
28 239 3 0.7303
28 240 33 7.9043
28 242 111 26.4259
28 243 100 22.3050
28 244 130 45.3077
28 245 1 0.1462
28 246 165 33.8503
28 247 11 2.4853
28 248 60 19.8616
28 249 176 54.9287
28 251 81 17.3466
28 252 93 21.2858
28 253 289 64.0697
28 254 28 6.1386
28 256 2 0.4380
28 257 2 0.3491
28 258 3 0.8246
28 259 6 1.3833
28 260 2 0.4860
28 261 9 1.7847
28 262 638 155.3053
28 263 6 1.5396
28 264 19 4.1877
28 266 1 0.1629
28 268 1 0.2340
28 269 11 3.4762
28 270 30 5.7888
28 271 158 52.2392
28 272 15 3.4545
28 273 17 3.9189
28 274 83 15.1788
28 275 28 10.4136
28 276 35 8.7171
28 277 20 4.1249
28 279 1 0.2274
28 280 4 0.8390
28 281 1 0.2029
28 282 1 0.2365
28 283 45 10.1624
28 284 2 0.4531
28 285 35 7.9463
28 286 9 2.2002
28 287 23 3.8789
28 288 4 0.7668
28 289 89 20.6535
28 291 44 10.5364
28 293 13 2.3099
28 294 77 14.8264
28 295 60 15.0477
28 296 288 66.0969
28 297 62 13.2899
28 298 2 0.4803
28 300 146 35.1823
28 302 19 3.5776
28 303 12 2.1448
28 304 67 16.2730
28 305 6 1.0687
28 308 172 43.0017
28 309 1 0.1565
28 310 34 7.7867
28 311 54 12.4108
28 312 32 6.4175
28 313 4 0.8623
28 314 66 12.6833
28 315 141 32.8373
28 317 1 0.2142
28 318 1 0.1168
28 319 29 6.4393
28 320 1 0.2364
28 321 12 2.6539
28 322 4 0.9036
28 323 2 0.3432
28 324 96 28.4575
28 325 7 1.5185
28 327 6 1.6909
28 330 281 62.2123
28 331 28 6.4623
28 332 32 6.3739
28 333 62 12.2543
28 334 11 1.9741
28 336 24 4.4551
28 337 12 2.8600
28 338 4 0.7848
28 341 20 4.1932
28 342 10 2.2920
28 345 1 0.1472
28 347 51 12.3048
28 348 249 79.2812
28 349 4 0.9092
28 350 8 2.0008
28 351 10 2.4149
28 352 284 75.9698
28 353 97 16.5320
28 355 35 9.9888
28 357 24 5.7755
28 358 36 8.7456
28 359 121 29.4488
28 360 6 1.0161
28 361 1 0.2116
28 362 123 33.2973
28 364 17 3.2618
28 366 78 17.1173
28 367 164 50.4666
28 369 42 10.7457
28 370 10 4.6051
28 374 1 0.2428
28 375 14 2.9021
28 376 427 111.9420
28 377 51 12.4044
28 378 18 4.2767
28 379 8 1.5959
28 380 45 14.1993
28 381 3 0.4873
28 382 35 7.9894
28 383 25 5.5588
29 0 53 11.3534
29 1 1 0.2246
29 2 9 1.3850
29 3 24 4.9081
29 4 10 4.8224
29 6 8 1.7150
29 7 2 0.3860
29 8 1 0.1908
29 9 53 14.1815
29 10 34 8.8972
29 11 64 13.6351
29 13 135 25.3212
29 14 1 0.2033
29 16 7 1.4249
29 17 58 12.4904
29 18 3 0.5935
29 19 58 9.8455
29 20 9 1.7526
29 21 25 5.2844
29 22 5 1.0876
29 24 5 0.8517
29 25 57 12.3524
29 27 29 6.8742
29 28 1 0.2297
29 29 189 41.0702
29 30 82 12.1236
29 31 25 6.1784
29 32 18 3.5616
29 33 177 54.6101
29 34 57 11.6635
29 35 224 48.7268
29 36 2 0.4665
29 37 6 0.9968
29 38 22 3.7519
29 39 99 18.3176
29 40 85 13.4362
29 41 4 0.7757
29 42 25 4.6792
29 43 135 28.5832
29 45 17 4.1684
29 47 77 23.0488
29 48 84 25.6467
29 49 23 7.1541
29 50 51 11.0252
29 52 104 41.9785
29 53 8 1.5653
29 54 1 0.1992
29 55 4 0.4717
29 56 72 15.8196
29 57 10 2.4992
29 58 8 1.2924
29 59 12 3.4087
29 61 9 1.6429
29 62 8 1.9512
29 63 14 3.0133
29 64 34 6.7521
29 66 17 3.9576
29 67 2 0.5263
29 68 6 1.0727
29 69 81 17.3399
29 70 114 23.9670
29 71 49 11.0141
29 72 336 74.7141
29 73 10 1.7889
29 75 502 207.2644
29 76 94 20.0356
29 77 57 17.5797
29 78 6 1.5193
29 80 16 3.2170
29 81 10 1.7493
29 83 45 10.0696
29 84 66 20.4561
29 85 59 14.7232
29 86 50 9.6661
29 87 366 77.5485
29 88 15 3.1873
29 89 4 0.8886
29 90 14 2.7928
29 91 1 0.0735
29 92 31 6.2718
29 93 51 10.3448
29 94 16 3.1564
29 95 20 3.9719
29 96 2 0.3672
29 97 33 6.0935
29 98 18 3.8160
29 99 48 9.3873
29 100 2 0.3453
29 101 421 109.5718
29 102 10 2.1512
29 103 21 3.9775
29 104 3 0.6984
29 105 47 12.8456
29 107 1 0.1737
29 109 12 2.5820
29 110 11 2.0938
29 111 25 5.0782
29 113 15 3.5596
29 114 25 4.5010
29 115 101 21.3844
29 116 1 0.1673
29 117 167 32.4339
29 119 193 66.7520
29 120 5 0.9198
29 122 399 106.4354
29 123 11 2.2270
29 124 4 0.8014
29 125 15 2.7255
29 126 99 20.4693
29 127 1 0.2302
29 129 35 7.8499
29 130 112 30.1473
29 131 50 16.4376
29 133 3 0.6257
29 134 26 5.4881
29 135 4 0.9310
29 136 105 21.5774
29 137 1 0.1106
29 138 14 3.2782
29 139 35 7.6152
29 140 32 6.4966
29 141 24 5.6254
29 142 498 130.3711
29 143 1 0.1765
29 146 4 0.8802
29 147 6 1.3107
29 148 13 2.8647
29 150 5 1.0787
29 152 15 2.4759
29 153 211 42.7142
29 154 18 4.0302
29 155 62 12.4185
29 158 6 0.9350
29 159 6 1.2614
29 160 70 20.0158
29 161 36 9.1561
29 162 221 47.6255
29 163 9 1.6948
29 164 143 39.9910
29 165 2 0.3909
29 166 7 1.6462
29 167 335 72.8269
29 168 35 7.1404
29 169 17 3.4827
29 170 38 8.2858
29 171 612 272.8865
29 172 19 3.3848
29 173 30 6.8766
29 175 3 0.6870
29 176 1 0.2422
29 177 8 2.1404
29 178 16 3.2836
29 179 5 1.0312
29 180 66 13.4915
29 181 41 7.8001
29 182 13 2.5135
29 184 7 1.2050
29 186 684 222.0871
29 187 650 129.8410
29 188 23 4.5484
29 189 23 4.6577
29 190 5 1.0384
29 191 19 4.2660
29 192 17 3.4927
29 194 111 32.5711
29 195 7 1.4158
29 197 25 5.9621
29 198 75 16.2404
29 199 17 4.1275
29 200 70 13.9370
29 202 39 7.4815
29 203 21 4.8051
29 205 10 3.1390
29 206 6 1.4243
29 207 10 2.1550
29 209 4 0.5874
29 210 22 4.3211
29 211 114 24.1272
29 212 162 32.7914
29 213 2 0.4268
29 214 255 76.9720
29 215 25 5.2091
29 217 4 0.6547
29 218 188 52.6964
29 220 3 1.0712
29 221 186 40.7449
29 222 57 14.2573
29 224 3 0.5603
29 225 44 8.9914
29 226 47 19.5035
29 227 5 0.7019
29 228 67 16.2775
29 229 28 5.4072
29 230 10 2.1364
29 231 40 7.9901
29 233 149 32.7723
29 234 3 0.8665
29 235 3 0.5035
29 238 24 4.9062
29 240 3 0.4646
29 243 20 4.8705
29 244 66 13.7862
29 245 13 3.9398
29 246 2 0.3330
29 247 19 3.3655
29 248 5 1.0344
29 249 14 4.4981
29 250 25 5.6308
29 251 248 60.7695
29 252 314 76.3701
29 253 9 1.5102
29 254 24 4.8725
29 255 1 0.2496
29 256 49 14.7866
29 257 264 59.0284
29 258 596 148.7144
29 259 81 17.2505
29 260 128 27.4159
29 261 56 11.8132
29 262 56 10.8208
29 263 30 7.1841
29 264 25 5.5066
29 265 24 4.9369
29 266 14 3.7954
29 268 12 2.5386
29 269 66 17.1138
29 270 13 2.4914
29 271 23 5.4280
29 273 1 0.1923
29 274 6 1.1258
29 275 49 11.4673
29 276 1 0.2190
29 277 46 13.5955
29 278 11 3.7020
29 279 5 0.9504
29 280 80 15.6586
29 283 18 3.8700
29 284 24 4.1958
29 285 13 2.8171
29 286 8 1.3669
29 287 11 2.1909
29 288 13 2.3850
29 291 16 3.4838
29 292 5 0.9440
29 293 89 22.6521
29 294 9 2.8847
29 296 29 6.9764
29 297 2 0.3832
29 298 3 0.4734
29 300 45 9.2825
29 302 16 3.0560
29 304 66 13.9978
29 305 37 7.7939
29 306 189 69.5115
29 307 75 14.8728
29 308 270 64.4777
29 310 12 3.3956
29 311 21 3.7511
29 312 3 0.6978
29 313 11 3.3771
29 314 63 14.2901
29 315 3 0.6797
29 318 15 3.4679
29 319 39 9.7354
29 320 8 1.6301
29 321 197 56.8624
29 322 17 3.6189
29 324 3 0.5781
29 325 5 0.9605
29 326 16 2.0877
29 327 18 3.6105
29 328 2 0.1946
29 329 2 0.3890
29 330 8 1.9365
29 333 25 4.9997
29 334 127 26.2278
29 336 52 11.6131
29 337 2 0.3162
29 338 9 2.3843
29 339 50 10.3397
29 340 5 0.9271
29 341 10 1.5333
29 342 23 4.3593
29 344 34 6.7418
29 345 32 5.5367
29 346 17 3.6964
29 348 21 4.1433
29 349 10 2.0014
29 350 28 5.3983
29 351 18 3.4054
29 352 23 4.0670
29 353 14 3.0512
29 355 1 0.2043
29 356 4 0.8450
29 358 15 3.8232
29 359 18 4.3770
29 360 2 0.4182
29 361 7 1.2457
29 362 65 14.0652
29 363 12 4.6443
29 364 10 2.0142
29 365 17 3.7344
29 366 14 2.8131
29 367 22 5.3675
29 369 4 0.9023
29 370 30 5.9020
29 372 10 1.9886
29 373 4 0.8359
29 374 6 0.9859
29 375 20 4.0532
29 376 350 74.4358
29 378 11 2.2069
29 379 24 4.9630
29 381 49 9.1425
29 382 10 2.4099
30 0 64 14.8275
30 2 335 126.3156
30 3 10 2.0350
30 4 58 30.4108
30 5 21 6.7380
30 6 13 3.2660
30 7 22 5.1964
30 8 32 6.8672
30 9 60 13.7136
30 10 8 1.8041
30 11 214 66.4616
30 12 227 50.9377
30 13 43 9.1084
30 14 15 3.4449
30 15 26 4.8219
30 16 192 50.9929
30 17 167 40.1514
30 18 80 23.1714
30 19 58 13.5967
30 20 27 6.5058
30 21 38 9.4167
30 22 109 37.2916
30 23 44 10.4382
30 24 17 3.4032
30 25 3 0.4016
30 26 13 2.6411
30 27 6 1.8267
30 28 23 4.7890
30 30 38 8.2542
30 32 3 0.5629
30 33 22 4.0706
30 34 1 0.2095
30 35 6 0.9638
30 36 260 60.0711
30 37 10 2.3991
30 39 5 0.9146
30 41 32 7.3030
30 42 215 45.5310
30 43 183 50.3509
30 44 16 3.4422
30 45 9 2.1577
30 46 6 1.2115
30 47 3 0.4799
30 48 17 4.4823
30 49 28 6.2198
30 50 67 13.7230
30 51 3 0.4515
30 53 5 1.0282
30 55 12 3.1796
30 56 52 9.1976
30 58 3 0.6785
30 59 2 0.4460
30 60 24 5.0952
30 61 20 4.4471
30 62 12 3.7098
30 63 27 5.5190
30 64 1 0.2363
30 66 1 0.2064
30 67 268 62.5099
30 68 35 6.4855
30 69 13 3.0687
30 70 24 6.4758
30 71 58 12.1714
30 72 190 42.0466
30 73 8 1.5354
30 74 54 16.7210
30 75 1 0.2479
30 76 7 1.1624
30 77 10 2.0377
30 78 72 15.9092
30 79 62 13.1824
30 80 45 10.0721
30 81 24 5.6336
30 82 2 0.3285
30 84 30 5.8600
30 85 12 3.4189
30 86 3 0.6254
30 87 11 2.8548
30 88 8 1.4327
30 90 99 21.1896
30 91 7 1.0559
30 93 88 23.4604
30 94 9 1.6812
30 95 211 57.3140
30 96 2 0.4696
30 97 74 27.7970
30 98 12 2.4883
30 99 421 107.1529
30 100 282 62.4685
30 101 1 0.2487
30 103 1 0.1687
30 104 36 7.9470
30 105 3 0.6960
30 107 6 1.4209
30 108 20 5.9754
30 109 18 3.6606
30 111 71 16.6578
30 112 160 35.4361
30 113 2 0.3842
30 114 7 1.2576
30 115 26 5.6067
30 116 1 0.1641
30 118 9 1.6901
30 119 1 0.1165
30 120 2 0.4674
30 122 29 7.4982
30 124 37 9.3488
30 125 4 0.7844
30 126 7 1.3224
30 127 22 4.8239
30 128 62 13.9088
30 129 5 0.8892
30 131 42 9.4658
30 133 260 63.1765
30 134 3 0.9548
30 135 7 1.5974
30 138 74 16.9127
30 139 33 7.7754
30 141 24 4.5055
30 142 29 5.5923
30 143 44 8.6289
30 144 4 0.7871
30 145 12 2.4054
30 146 5 0.7149
30 147 4 0.9059
30 148 9 1.8158
30 149 33 6.6060
30 150 24 4.4587
30 151 18 3.9771
30 153 219 48.5287
30 154 56 12.2062
30 155 1 0.1789
30 156 35 9.2134
30 159 36 7.5144
30 160 31 9.6011
30 161 737 248.8512
30 162 1 0.1710
30 163 6 1.1967
30 164 26 7.7225
30 165 18 3.5286
30 166 21 4.5320
30 167 22 5.2771
30 168 31 6.6173
30 170 111 26.3596
30 171 18 5.4486
30 172 10 2.8597
30 175 276 74.4663
30 176 10 2.0438
30 177 4 0.6235
30 178 11 1.9952
30 180 26 6.3730
30 181 69 16.8520
30 182 41 9.0005
30 183 3 0.6157
30 184 5 0.9410
30 185 7 1.8009
30 188 24 5.6354
30 190 23 5.9313
30 191 54 12.7887
30 192 2 0.3888
30 193 162 45.8200
30 194 30 6.8890
30 195 17 4.6964
30 196 2 0.4038
30 197 578 147.2805
30 198 38 8.4710
30 199 35 6.5020
30 200 12 2.1072
30 201 1 0.1957
30 202 30 9.0541
30 203 21 4.4643
30 204 1 0.2218
30 205 102 23.7088
30 206 82 18.4393
30 207 15 2.8897
30 208 19 4.1063
30 209 825 197.8779
30 210 254 59.1644
30 211 20 4.6164
30 212 31 5.8174
30 213 12 2.9013
30 215 21 4.3201
30 216 12 3.1845
30 218 14 2.8335
30 219 2 0.4757
30 220 36 9.2689
30 221 1 0.1548
30 224 1 0.1722
30 225 10 1.8687
30 226 10 2.3493
30 227 4 0.7877
30 229 101 20.6699
30 230 5 1.0776
30 231 5 1.0518
30 232 1 0.2822
30 233 155 48.1449
30 234 56 17.5423
30 235 116 25.3872
30 236 164 44.4877
30 237 8 1.4979
30 240 12 3.2852
30 241 23 5.1713
30 243 68 16.3427
30 244 41 9.2944
30 245 136 29.9028
30 246 36 8.1781
30 247 70 16.0300
30 248 14 2.6874
30 249 4 0.8825
30 250 243 54.8088
30 251 43 8.3886
30 252 247 61.2167
30 254 27 6.0540
30 255 26 7.7437
30 256 9 2.2229
30 259 15 3.1440
30 260 3 0.6584
30 261 27 6.4545
30 262 62 16.5085
30 263 156 41.0041
30 264 18 4.1498
30 265 54 15.0582
30 266 2 0.3462
30 267 28 6.1755
30 268 38 13.7783
30 269 36 7.7922
30 270 3 0.5168
30 272 16 3.7682
30 273 23 5.1958
30 274 8 1.5171
30 275 4 0.8065
30 277 1 0.1210
30 278 5 0.8316
30 279 1 0.1889
30 280 22 4.8509
30 281 104 21.0141
30 284 1 0.2004
30 285 39 8.6241
30 286 69 16.0661
30 287 10 2.2742
30 288 38 9.9519
30 289 7 1.4558
30 290 10 1.8313
30 291 25 5.7090
30 292 26 5.9924
30 293 1 0.1866
30 294 103 26.3379
30 295 181 40.3262
30 296 49 10.4254
30 297 7 1.1521
30 298 18 3.7680
30 299 33 7.2756
30 300 18 5.4166
30 301 42 9.2821
30 302 150 35.2693
30 303 60 14.5380
30 304 21 4.9048
30 305 12 2.9631
30 306 15 3.6801
30 307 5 1.0627
30 308 49 10.1996
30 309 1 0.1378
30 310 23 4.8574
30 311 4 0.8463
30 312 2 0.4391
30 313 43 9.0016
30 315 2 0.2996
30 316 1 0.2114
30 317 291 80.8704
30 319 25 5.5183
30 320 35 10.6791
30 321 102 21.4638
30 322 18 7.8808
30 323 2 0.3629
30 324 48 10.6155
30 325 1 0.2376
30 326 53 10.1359
30 327 56 12.5424
30 328 40 9.3418
30 329 244 68.9020
30 330 5 1.0105
30 331 66 18.3894
30 332 9 2.6875
30 334 226 74.2647
30 335 3 0.8044
30 336 22 5.2978
30 337 23 5.8452
30 338 4 0.8040
30 341 13 2.4173
30 342 94 21.7071
30 344 32 7.7425
30 345 89 20.7993
30 347 21 4.9097
30 348 37 8.7130
30 349 58 13.3682
30 350 7 1.2740
30 351 17 4.4938
30 354 27 5.8674
30 355 209 43.8281
30 356 9 1.6975
30 357 1 0.2119
30 358 11 3.1659
30 359 1 0.1838
30 360 7 1.8004
30 361 30 5.0096
30 362 9 1.4298
30 364 53 11.0751
30 365 3 0.5977
30 366 51 10.1703
30 367 15 2.9488
30 368 3 1.1170
30 370 8 1.6127
30 371 1 0.2489
30 374 4 1.0405
30 375 20 4.0596
30 376 123 25.9987
30 377 52 11.0844
30 378 31 7.5024
30 379 198 51.1238
30 380 6 1.3412
30 382 19 4.0745
30 383 96 23.1519
31 1 5 1.2100
31 2 63 14.0448
31 3 144 41.3286
31 4 21 4.9535
31 5 58 13.7514
31 6 213 50.8049
31 7 71 14.3298
31 8 14 3.0770
31 9 9 1.8728
31 10 5 1.1206
31 11 26 6.2204
31 12 6 1.2658
31 13 9 1.8910
31 14 26 6.3932
31 15 112 32.3247
31 16 38 8.9916
31 17 505 123.6928
31 19 3 0.6238
31 20 17 3.8691
31 22 62 21.6047
31 24 25 6.2404
31 25 40 9.4746
31 26 10 2.8911
31 28 134 32.3530
31 29 38 9.2834
31 30 5 1.1255
31 31 290 63.0506
31 32 4 0.8283
31 33 3 1.0993
31 34 30 6.6485
31 36 66 16.5428
31 37 5 1.7151
31 38 96 23.5758
31 39 23 5.2488
31 40 2 0.3395
31 41 20 6.2819
31 42 29 6.6214
31 43 5 1.4038
31 45 60 14.9094
31 46 53 11.8747
31 47 3 0.7374
31 48 146 35.3154
31 50 94 29.8936
31 51 6 1.7988
31 52 293 75.4971
31 53 36 7.7781
31 55 7 1.4769
31 56 57 14.2325
31 57 9 1.8537
31 58 6 1.3908
31 59 83 19.4139
31 60 3 0.5894
31 61 1 0.2744
31 62 9 1.8889
31 63 10 2.1674
31 64 48 10.2935
31 65 12 2.8414
31 66 53 13.6888
31 67 88 23.1691
31 68 44 12.1019
31 69 1 0.2145
31 70 84 20.4386
31 71 13 4.3481
31 72 5 1.1080
31 74 1 0.1068
31 75 72 16.9543
31 76 27 5.4010
31 77 12 2.4352
31 78 3 0.7122
31 79 2 0.4504
31 80 17 3.7212
31 81 4 0.8549
31 83 10 2.0553
31 84 33 6.2303
31 85 53 9.8870
31 87 35 8.2939
31 88 249 70.7934
31 91 13 3.0737
31 92 6 1.9221
31 94 9 1.6201
31 95 2 0.4366
31 96 98 22.3346
31 97 24 4.6190
31 98 5 1.4907
31 99 3 0.7050
31 100 11 2.5025
31 101 67 15.8446
31 102 10 2.1372
31 103 109 25.4294
31 104 9 2.0302
31 105 341 74.6230
31 106 3 0.6560
31 108 19 4.3774
31 109 86 26.9189
31 110 12 2.8425
31 114 8 1.5174
31 115 146 34.4814
31 116 13 3.0479
31 117 6 1.5148
31 118 36 9.4199
31 120 6 1.2365
31 121 2 0.4092
31 122 3 0.6436
31 123 6 1.2018
31 124 3 0.3899
31 125 3 0.5049
31 127 29 5.9992
31 128 5 1.1625
31 129 35 7.4618
31 130 36 7.6798
31 131 60 14.1290
31 132 7 1.3219
31 133 50 10.7521
31 134 8 1.7400
31 135 44 9.6647
31 136 4 0.7827
31 137 6 1.5679
31 138 87 19.8224
31 139 29 7.7151
31 140 23 5.5715
31 141 84 19.9830
31 142 63 19.4754
31 143 38 7.7813
31 144 14 3.0972
31 146 19 4.2098
31 147 8 1.9229
31 148 6 1.3847
31 149 16 3.1434
31 150 1 0.1864
31 151 31 7.8473
31 152 74 16.8737
31 153 46 10.3647
31 154 2 0.4517
31 155 104 23.7253
31 156 37 8.5050
31 158 15 4.5433
31 160 19 5.5106
31 162 8 1.6609
31 164 24 5.0986
31 165 5 1.6579
31 167 27 6.4543
31 168 86 28.8523
31 169 3 0.6848
31 170 30 8.5866
31 171 33 6.6157
31 173 37 7.8655
31 174 35 8.7834
31 175 54 25.0390
31 177 1 0.2066
31 178 6 1.5028
31 181 4 0.8813
31 182 44 9.2473
31 184 11 2.6256
31 185 81 19.1345
31 186 6 1.1917
31 188 418 95.6897
31 189 100 26.1754
31 190 89 19.2663
31 191 204 59.3841
31 192 3 0.8134
31 193 3 0.5627
31 195 174 43.6889
31 196 9 2.0586
31 197 7 1.4005
31 198 72 28.3860
31 199 4 1.4313
31 202 2 0.5606
31 203 113 26.0369
31 204 5 1.1597
31 205 2 0.3533
31 206 25 6.2478
31 207 5 0.9403
31 208 11 2.7676
31 209 14 4.0804
31 210 2 0.5306
31 211 51 12.0494
31 212 7 1.2771
31 213 197 47.9886
31 215 6 1.6563
31 216 13 3.0087
31 217 97 27.1073
31 218 10 2.3979
31 219 32 7.5821
31 220 3 0.7220
31 221 1 0.2299
31 222 9 2.2151
31 223 2 0.5502
31 225 2 0.4404
31 226 10 2.3405
31 229 748 230.7993
31 230 23 6.6277
31 232 52 12.0430
31 235 9 2.2840
31 236 4 0.9574
31 237 5 1.2147
31 238 24 5.5554
31 239 11 1.8346
31 240 41 9.9444
31 241 9 1.8161
31 242 1 0.0981
31 243 24 5.3607
31 244 43 9.5261
31 245 192 43.7585
31 247 20 4.1417
31 249 44 9.8500
31 250 12 2.6113
31 251 26 7.5546
31 252 1 0.2296
31 253 12 2.8441
31 254 1 0.2075
31 255 264 61.5188
31 257 30 6.2726
31 258 33 7.6998
31 259 2 0.4363
31 260 146 37.9629
31 261 7 1.7576
31 262 14 2.8642
31 263 10 2.4329
31 264 11 3.1723
31 266 54 11.5733
31 267 10 2.3354
31 268 22 6.1226
31 269 73 18.1682
31 270 17 3.8954
31 271 94 21.1453
31 272 7 1.8146
31 273 2 0.3947
31 274 137 31.6558
31 275 28 5.9585
31 276 666 149.7831
31 278 27 7.4723
31 279 62 14.5398
31 280 63 14.0249
31 281 174 42.4532
31 284 1 0.1493
31 285 9 2.5634
31 286 63 15.5712
31 287 40 8.4001
31 288 14 3.0141
31 289 3 0.8971
31 291 21 4.5615
31 293 94 28.6758
31 294 44 9.8624
31 295 10 1.9785
31 296 37 10.8486
31 297 220 63.0865
31 298 197 51.2115
31 299 22 9.0903
31 300 30 6.7429
31 301 42 8.6744
31 302 13 3.0199
31 303 158 41.6349
31 304 24 6.3167
31 306 37 9.9497
31 307 2 0.4094
31 308 122 41.3494
31 310 33 12.5794
31 311 121 27.2464
31 312 7 1.4874
31 313 8 1.9460
31 314 28 7.0215
31 315 4 1.1669
31 316 33 8.1660
31 318 398 94.2166
31 319 2 0.7681
31 321 3 0.5401
31 322 31 7.2279
31 323 8 1.6817
31 324 27 7.0575
31 325 104 27.6689
31 326 20 5.0730
31 327 4 0.8831
31 329 21 4.7926
31 330 124 38.3879
31 332 59 13.8358
31 333 3 0.7006
31 334 33 7.2175
31 335 6 1.2572
31 337 179 41.6581
31 338 18 4.2185
31 339 38 8.8325
31 340 26 6.1248
31 341 29 6.4519
31 342 14 2.9041
31 343 16 4.8067
31 344 13 3.1058
31 345 34 6.8684
31 347 26 8.4001
31 348 61 12.7287
31 349 8 1.9447
31 350 189 48.6655
31 351 35 12.6340
31 353 4 0.7456
31 354 205 54.4931
31 355 22 6.5007
31 356 24 5.8493
31 357 448 120.2237
31 358 99 21.3001
31 359 47 10.6072
31 360 1 0.2324
31 361 21 4.5432
31 362 13 2.7189
31 363 15 3.3362
31 364 3 0.6786
31 368 61 13.3593
31 369 1 0.1839
31 370 33 7.5638
31 371 2 0.4630
31 375 220 49.2672
31 377 1 0.2259
31 378 49 11.3697
31 381 67 15.6403
31 382 10 2.4189
31 383 7 1.3918
32 0 19 4.1501
32 1 19 3.3242
32 2 1 0.1152
32 3 9 1.8911
32 5 17 5.0508
32 6 28 8.4723
32 7 6 1.0773
32 8 44 9.7874
32 9 11 2.3956
32 10 9 2.5397
32 11 6 1.3083
32 13 132 36.1459
32 14 183 48.6764
32 15 10 2.5099
32 16 1 0.2118
32 18 98 20.4026
32 19 305 66.1334
32 20 15 3.2245
32 23 13 3.0182
32 24 9 3.4447
32 25 36 7.1259
32 27 3 0.6578
32 28 20 4.3824
32 29 564 136.9136
32 30 8 1.3707
32 31 2 0.4954
32 32 15 3.9491
32 33 18 3.8456
32 34 1 0.2630
32 35 60 12.9748
32 36 1 0.3600
32 37 22 5.0119
32 39 15 3.1225
32 40 4 0.8741
32 41 163 44.7366
32 42 16 3.3370
32 43 57 29.7697
32 44 18 3.6296
32 45 6 1.3517
32 46 93 18.9517
32 47 8 2.1048
32 48 61 15.1809
32 49 23 5.3403
32 50 12 2.2340
32 52 18 3.3646
32 53 8 2.0795
32 54 16 5.1515
32 56 2 0.3384
32 57 1 0.2151
32 58 9 2.0424
32 59 7 1.4115
32 60 14 2.6288
32 61 17 3.6339
32 62 7 1.4164
32 63 25 5.1629
32 64 28 5.1307
32 65 28 7.3153
32 66 188 44.0683
32 67 3 0.7721
32 68 1 0.2075
32 69 5 1.3769
32 70 135 33.5998
32 71 110 35.3623
32 72 61 15.1554
32 74 15 2.8585
32 75 5 1.2356
32 77 18 3.3870
32 78 25 4.6161
32 79 53 13.3132
32 81 18 3.9993
32 82 184 38.7984
32 83 2 0.6706
32 85 67 18.7279
32 87 3 0.4335
32 88 47 8.9421
32 90 536 203.3993
32 91 259 68.1207
32 92 17 3.6150
32 93 2 0.3580
32 94 57 12.6684
32 95 13 3.5101
32 97 23 4.8356
32 98 1 0.2024
32 99 57 12.1208
32 100 46 9.9126
32 101 114 30.7447
32 102 23 5.7248
32 103 7 1.4034
32 105 80 19.3721
32 106 11 3.0024
32 107 166 35.3063
32 108 13 3.2203
32 109 23 5.0232
32 110 1 0.2185
32 111 1 0.2436
32 112 4 0.8729
32 113 46 9.6434
32 114 2 0.4840
32 115 2 0.2290
32 116 1 0.1971
32 117 28 5.2808
32 118 1 0.1034
32 119 2 0.3851
32 120 5 0.9270
32 121 78 16.2438
32 122 44 8.6278
32 124 86 18.2361
32 126 6 1.2162
32 128 29 6.6711
32 129 76 15.7150
32 130 10 2.2886
32 132 46 10.0314
32 133 31 7.8197
32 134 28 6.1143
32 135 3 0.7088
32 136 10 1.8438
32 137 85 28.8375
32 139 58 12.7767
32 140 5 1.2815
32 141 22 4.5682
32 142 39 8.7647
32 143 30 6.4251
32 144 28 5.7608
32 145 9 1.9561
32 146 69 19.6598
32 149 133 28.2056
32 150 34 7.4162
32 152 12 2.9564
32 153 104 22.5746
32 155 12 2.6069
32 156 35 7.1011
32 157 22 4.2289
32 158 1 0.2350
32 160 1 0.2301
32 161 59 13.1430
32 165 2 0.3319
32 166 119 25.3854
32 167 65 14.1638
32 168 6 1.2441
32 169 45 10.0637
32 170 2 0.3720
32 171 6 1.0451
32 172 9 2.0401
32 173 43 9.2843
32 174 7 1.3973
32 175 88 19.0462
32 176 2 0.2942
32 177 31 6.3527
32 178 12 3.6454
32 180 52 12.6832
32 181 18 3.3670
32 182 16 3.0675
32 183 11 2.5622
32 184 8 1.7249
32 185 4 0.6790
32 186 45 9.1985
32 187 3 1.0389
32 188 7 1.6769
32 189 6 1.3601
32 190 57 12.9270
32 191 50 10.3681
32 194 21 4.6686
32 195 1 0.4979
32 196 4 0.8337
32 197 32 7.0218
32 200 36 9.0427
32 202 13 2.7492
32 203 5 0.9395
32 204 17 4.4491
32 205 139 47.5302
32 206 14 3.7520
32 207 7 1.6083
32 208 79 17.2739
32 209 157 36.4590
32 210 355 76.8371
32 211 166 39.2060
32 213 1 0.2192
32 215 86 19.6322
32 216 1 0.2005
32 217 9 1.7153
32 218 14 2.8499
32 219 21 4.6311
32 220 12 3.0448
32 221 259 58.0798
32 222 13 3.0740
32 223 9 1.8521
32 224 2 0.4184
32 226 61 12.5994
32 228 23 5.3327
32 229 4 1.6465
32 231 38 8.1211
32 232 41 8.7015
32 233 9 2.3201
32 234 73 20.6991
32 235 87 18.7228
32 236 18 4.0330
32 237 2 0.4126
32 238 12 4.5448
32 239 60 12.6842
32 240 3 0.7330
32 241 47 9.7895
32 242 15 4.1667
32 244 19 3.7820
32 245 75 16.5405
32 246 55 11.3852
32 247 10 2.3714
32 248 545 148.0172
32 250 30 5.5356
32 251 18 6.4250
32 252 18 5.2288
32 253 9 1.7828
32 254 8 1.6992
32 255 1 0.1516
32 256 7 1.5150
32 257 2 0.3950
32 258 12 2.3797
32 261 38 10.2091
32 262 15 3.5248
32 263 50 13.6115
32 264 35 10.9283
32 265 16 4.2859
32 267 92 21.0960
32 269 10 2.0098
32 270 50 11.9433
32 271 13 2.7090
32 272 6 1.1830
32 273 114 29.1254
32 274 10 2.2023
32 275 14 2.9659
32 276 714 222.5812
32 277 564 123.2224
32 279 35 7.7220
32 280 19 4.4108
32 281 26 5.5028
32 282 15 3.6201
32 283 364 138.2056
32 285 74 22.8993
32 287 29 6.2676
32 288 41 8.1105
32 289 85 18.0343
32 290 7 1.8747
32 291 2 0.3389
32 292 14 2.8307
32 294 101 25.2239
32 295 16 3.4412
32 296 3 0.5997
32 297 18 3.8818
32 299 2 0.4563
32 300 102 21.4690
32 301 18 5.0056
32 303 296 65.4861
32 304 4 0.6674
32 305 89 20.9359
32 307 21 4.7076
32 308 1 0.2597
32 309 6 1.2477
32 310 74 15.3448
32 311 1 0.2960
32 312 46 9.0718
32 314 1 0.3576
32 315 25 8.2306
32 316 1 0.2348
32 317 13 2.8865
32 318 2 0.7241
32 321 27 6.1570
32 322 18 3.7440
32 323 5 1.6133
32 325 118 28.4424
32 327 5 0.8670
32 328 5 1.1187
32 329 3 0.6281
32 332 7 1.3155
32 333 73 27.8127
32 335 17 3.4472
32 336 11 2.5056
32 337 85 19.9856
32 338 303 83.2354
32 339 236 53.4859
32 340 36 7.7037
32 341 28 6.0182
32 342 4 0.9110
32 343 3 0.4656
32 344 201 46.6639
32 345 2 0.3771
32 346 101 21.9202
32 347 6 1.3321
32 348 46 9.9632
32 350 10 4.8540
32 351 4 0.8733
32 352 4 1.7900
32 353 17 4.9466
32 354 4 0.8399
32 355 87 19.1471
32 356 3 0.7021
32 357 3 0.6326
32 358 1 0.2442
32 359 14 2.6918
32 360 9 1.4886
32 361 11 2.1941
32 362 18 3.9382
32 363 40 10.4469
32 364 11 2.4640
32 365 63 14.1207
32 366 13 4.0023
32 367 75 14.8797
32 368 22 3.7203
32 373 54 11.0232
32 374 42 10.4281
32 375 13 2.5703
32 376 103 22.0744
32 377 5 1.2721
32 378 228 67.8544
32 379 2 0.4738
32 380 4 0.8762
32 381 2 0.4548
32 383 32 7.4563
33 0 6 1.2046
33 1 78 23.4239
33 2 254 80.0435
33 3 256 62.2661
33 4 5 1.1456
33 5 60 11.5243
33 7 88 18.3850
33 8 3 0.6564
33 9 85 19.6189
33 10 376 90.3427
33 11 4 0.7740
33 12 2 0.3129
33 13 72 18.5928
33 14 9 2.2262
33 15 10 2.4846
33 16 56 11.4700
33 17 101 20.6672
33 18 1 0.2399
33 19 14 2.9118
33 20 12 2.6015
33 21 73 16.1351
33 22 523 138.6352
33 23 26 5.2527
33 24 66 13.4055
33 25 22 4.8869
33 26 13 2.4209
33 28 278 64.4254
33 29 16 3.4330
33 30 65 16.4275
33 31 6 1.1132
33 32 75 16.1406
33 33 8 1.7817
33 34 12 3.6405
33 35 36 10.2917
33 36 1 0.0988
33 37 5 1.1112
33 38 64 13.8696
33 39 1 0.1604
33 40 3 1.2962
33 41 14 3.5823
33 42 34 7.8978
33 43 1 0.1231
33 44 26 4.8291
33 45 2 0.3418
33 46 63 16.2950
33 48 77 16.7559
33 49 8 1.7491
33 50 75 15.5840
33 51 38 12.1299
33 53 51 17.2164
33 54 9 2.2496
33 55 10 1.8358
33 56 2 0.4154
33 57 4 0.8298
33 59 8 2.2565
33 60 9 1.8103
33 61 48 9.8280
33 62 7 1.5423
33 64 199 43.9262
33 66 169 43.2754
33 67 126 27.2247
33 68 57 18.9828
33 69 210 61.1267
33 70 3 0.5948
33 72 3 0.4633
33 75 59 12.4284
33 76 23 5.3599
33 77 8 1.7510
33 79 31 7.5327
33 80 43 8.9969
33 81 37 8.1978
33 82 1 0.1631
33 83 6 1.0764
33 84 4 0.7305
33 86 4 0.7886
33 87 36 8.0907
33 88 13 2.2589
33 89 1 0.2361
33 90 2 0.3417
33 91 15 3.1500
33 92 30 6.8329
33 95 6 1.8530
33 96 45 13.9277
33 97 52 10.5425
33 98 15 3.1122
33 100 3 0.6279
33 101 21 4.4125
33 102 15 3.3132
33 104 12 2.5779
33 105 35 9.0920
33 106 18 3.4899
33 107 12 2.4975
33 108 17 4.4319
33 109 87 37.3858
33 110 12 2.2596
33 111 11 3.4458
33 113 2 0.4807
33 116 157 35.2334
33 117 1 0.2281
33 118 66 17.8230
33 119 107 23.0613
33 120 18 5.0446
33 122 147 34.9510
33 123 22 4.7420
33 124 1 0.1879
33 125 39 10.2342
33 126 3 0.8128
33 127 4 0.9059
33 128 1 0.1810
33 129 1 0.2903
33 130 53 12.8836
33 131 29 6.3291
33 133 1 0.2049
33 134 694 154.2610
33 135 10 2.4349
33 136 1 0.0719
33 137 8 1.6997
33 138 2 0.3838
33 140 27 6.1478
33 141 36 6.8320
33 142 12 2.5282
33 143 33 8.9030
33 144 69 19.9545
33 145 142 37.6581
33 147 2 0.4366
33 148 5 1.1541
33 149 18 3.8506
33 150 5 1.1009
33 151 43 8.5683
33 153 264 60.6325
33 154 328 77.0072
33 157 59 15.7402
33 158 2 0.3754
33 159 72 23.5352
33 160 4 0.6224
33 161 11 2.2885
33 163 22 5.5849
33 164 28 6.8580
33 165 1 0.2319
33 166 11 2.0879
33 167 6 1.3609
33 168 11 2.8926
33 169 2 0.4139
33 171 6 1.6494
33 172 27 7.1066
33 173 17 3.9523
33 174 13 2.6476
33 175 10 1.4908
33 176 17 3.3503
33 178 56 12.7265
33 179 7 1.2092
33 180 25 5.1731
33 182 4 0.8985
33 183 4 1.2091
33 184 1 0.2564
33 185 124 28.3689
33 186 21 4.3116
33 187 29 6.3087
33 188 109 30.5738
33 189 3 0.4917
33 190 372 88.4191
33 191 4 0.7915
33 192 34 8.2368
33 193 6 1.3283
33 194 14 2.9472
33 196 129 51.7606
33 198 16 3.1709
33 199 4 0.8202
33 201 30 6.9242
33 202 19 4.0258
33 203 30 7.8344
33 204 6 1.8936
33 205 6 1.0854
33 206 2 0.4529
33 207 36 7.9223
33 208 73 13.6890
33 209 18 3.4607
33 210 90 20.5788
33 211 24 5.1272
33 212 57 13.6477
33 214 1 0.1668
33 215 81 29.6727
33 216 2 0.3981
33 217 5 1.2297
33 218 85 17.1220
33 219 2 0.4480
33 220 4 1.1294
33 221 69 18.2498
33 222 11 2.3482
33 223 38 6.9744
33 224 1 0.2091
33 225 10 2.2681
33 227 1 0.2268
33 228 88 19.5844
33 232 71 17.1108
33 233 63 14.1300
33 235 72 15.8893
33 236 6 1.2407
33 237 1 0.1751
33 238 19 3.6915
33 240 96 20.2773
33 241 64 19.4691
33 242 16 4.6212
33 243 1 0.2403
33 244 212 69.7717
33 245 13 3.1996
33 246 9 2.5200
33 247 17 3.8800
33 248 68 18.3468
33 249 3 0.5209
33 250 2 0.3771
33 251 29 5.6763
33 252 7 1.6111
33 253 21 4.4872
33 254 6 1.3928
33 255 30 10.5957
33 256 17 3.6234
33 257 28 6.3934
33 259 7 1.3338
33 260 11 2.6939
33 261 7 1.4937
33 263 38 10.3788
33 264 6 1.0798
33 265 2 0.4833
33 266 52 11.3208
33 267 1 0.2181
33 268 93 20.8101
33 270 16 4.0495
33 271 13 2.5758
33 275 14 3.1896
33 276 46 12.0611
33 277 18 3.4519
33 278 33 7.8326
33 280 11 1.9924
33 281 2 0.4388
33 282 105 23.5832
33 283 153 56.2684
33 284 21 4.2117
33 285 11 2.0264
33 286 33 7.3176
33 287 3 0.5621
33 288 24 6.2684
33 289 2 0.4629
33 290 6 1.3840
33 291 36 8.1176
33 292 2 0.3583
33 293 19 4.8883
33 294 71 15.4663
33 295 4 1.1338
33 297 66 14.3656
33 298 2 0.3346
33 299 60 21.1661
33 300 30 5.2347
33 301 598 198.2223
33 302 14 3.0115
33 303 3 0.7531
33 304 4 0.8206
33 305 13 3.1355
33 306 115 39.4252
33 307 100 21.6349
33 308 6 1.1420
33 309 96 38.8746
33 310 49 9.7740
33 311 108 23.2529
33 312 11 3.2143
33 313 13 3.7812
33 314 14 3.1867
33 315 24 5.4427
33 316 113 24.3482
33 317 6 1.2185
33 318 87 18.8548
33 319 8 1.8158
33 320 4 0.9246
33 322 7 1.7390
33 323 30 6.0602
33 324 16 3.9557
33 325 52 11.1224
33 326 110 31.8377
33 327 175 36.2726
33 328 6 1.5622
33 329 32 5.9183
33 330 59 14.8101
33 333 34 6.7771
33 334 16 3.4598
33 337 88 19.5720
33 338 9 2.0600
33 339 28 11.8476
33 340 5 1.0061
33 341 1 0.1923
33 342 30 6.1674
33 343 66 14.5894
33 344 1 0.1852
33 345 38 13.3865
33 346 87 29.8279
33 347 17 3.4795
33 348 7 1.3270
33 350 24 6.1629
33 351 31 6.2169
33 354 1 0.4190
33 356 10 1.7657
33 357 1 0.2395
33 358 75 24.8534
33 359 16 3.0783
33 360 6 1.1207
33 362 148 31.3406
33 364 7 1.4022
33 365 129 29.5444
33 366 24 5.6045
33 367 55 12.5834
33 368 60 12.3069
33 369 77 17.1189
33 371 7 1.4436
33 372 3 0.4238
33 373 8 1.9413
33 374 17 3.5789
33 375 1 0.2202
33 376 87 18.7264
33 378 15 3.4668
33 379 4 1.1347
33 380 145 31.7963
33 381 6 1.1600
33 382 1 0.1877
34 0 14 2.8428
34 1 49 10.7602
34 3 25 5.3649
34 4 11 2.1619
34 5 8 1.2981
34 6 145 41.0456
34 7 34 8.2494
34 8 110 29.1451
34 9 3 0.7408
34 11 2 0.3709
34 12 4 0.8287
34 13 7 1.4024
34 14 31 6.6682
34 15 6 1.1376
34 16 8 1.5524
34 18 2 0.5323
34 19 17 3.3708
34 20 38 8.8051
34 21 1 0.2097
34 22 16 3.2939
34 24 16 3.3389
34 25 13 2.5093
34 26 4 0.7529
34 27 21 4.5547
34 28 7 1.3629
34 29 6 1.1245
34 30 3 0.7166
34 31 118 30.4445
34 32 27 6.3779
34 33 4 0.8546
34 34 19 3.3568
34 35 5 1.0025
34 36 4 0.7142
34 37 1 0.1801
34 39 20 4.0262
34 41 1 0.2048
34 42 5 1.1423
34 43 65 13.8920
34 44 70 14.7930
34 45 13 2.6460
34 46 69 14.9344
34 47 14 2.7974
34 48 19 3.9676
34 49 13 3.2116
34 50 9 1.6867
34 52 6 1.5538
34 53 4 0.8064
34 54 44 10.0406
34 55 3 0.8975
34 56 5 1.1978
34 57 31 8.5828
34 58 14 3.0602
34 60 12 2.4490
34 61 2 0.4836
34 62 1 0.1992
34 63 7 1.5148
34 65 230 84.5405
34 66 23 5.5478
34 67 14 3.7218
34 68 6 1.1308
34 69 2 0.4603
34 70 21 4.3057
34 71 1 0.1720
34 72 1 0.1813
34 73 1 0.1120
34 74 106 22.1292
34 75 100 21.6213
34 76 1 0.2693
34 78 17 3.1916
34 79 20 4.1477
34 80 202 68.7676
34 81 68 19.0481
34 82 59 15.9780
34 84 57 15.6543
34 85 18 3.6404
34 87 2 0.3095
34 88 11 2.1031
34 89 10 2.2104
34 90 39 10.9638
34 92 125 39.8348
34 94 60 18.1378
34 95 19 4.4680
34 96 15 3.0322
34 97 36 7.1098
34 98 19 3.7125
34 100 3 0.8315
34 101 213 46.5802
34 102 1 0.1993
34 103 154 43.4934
34 104 22 4.4198
34 105 21 4.6637
34 106 74 16.6687
34 107 1 0.1796
34 108 174 49.8732
34 109 7 1.6745
34 110 6 1.7511
34 111 15 3.2095
34 112 1 0.1901
34 115 25 6.4479
34 116 2 0.6294
34 117 109 31.5704
34 118 3 0.5692
34 119 27 7.6530
34 120 64 12.9092
34 122 631 136.0102
34 123 2 0.2461
34 124 3 0.4518
34 125 171 41.5426
34 126 3 0.4068
34 127 52 14.3952
34 128 127 27.8860
34 129 17 3.6511
34 131 34 9.7057
34 132 3 0.6173
34 133 1 0.2150
34 134 157 33.5578
34 136 6 1.4646
34 137 41 9.2281
34 138 53 11.9678
34 139 3 0.5891
34 140 18 4.2622
34 141 129 27.8254
34 142 64 12.9637
34 144 5 0.8641
34 146 107 38.9307
34 148 27 5.0156
34 149 15 3.6277
34 150 53 14.0638
34 151 1 0.2583
34 152 98 32.0516
34 153 1 0.1790
34 154 10 2.4176
34 155 34 7.2225
34 156 27 5.4395
34 157 7 1.9723
34 158 15 3.6820
34 159 49 11.3662
34 160 29 6.0342
34 161 6 1.1684
34 162 51 10.9151
34 163 10 2.0751
34 164 93 27.4648
34 165 1 0.3022
34 166 510 111.8453
34 167 57 11.8842
34 168 20 4.1941
34 170 8 1.4754
34 171 7 1.3237
34 172 25 5.7949
34 173 4 0.6320
34 174 27 6.3884
34 175 1 0.2197
34 177 35 7.3877
34 178 93 22.6919
34 179 20 5.1652
34 180 2 0.3365
34 181 3 0.6243
34 182 4 0.5988
34 183 66 15.7858
34 185 89 20.3711
34 186 6 1.5321
34 187 53 13.5783
34 188 48 11.2798
34 190 82 18.0396
34 192 50 9.7969
34 193 68 13.6158
34 195 14 2.6606
34 196 20 3.8486
34 198 26 5.9248
34 199 13 2.1946
34 200 1 0.1839
34 201 4 0.7888
34 203 32 10.6238
34 204 243 72.6196
34 205 3 0.5185
34 206 45 11.3757
34 207 7 1.2679
34 208 19 3.7174
34 209 44 11.7216
34 210 17 4.0563
34 211 1 0.2878
34 212 1 0.1951
34 213 64 15.3280
34 214 21 4.4838
34 215 23 4.6746
34 216 54 15.5515
34 217 22 4.3220
34 218 65 21.9430
34 219 3 0.6662
34 220 48 14.4858
34 221 11 4.3286
34 223 18 5.4721
34 224 1 0.2373
34 225 189 39.2007
34 227 50 11.5857
34 228 83 31.3086
34 229 12 2.7443
34 230 3 0.7531
34 231 13 2.8302
34 232 8 2.1140
34 233 26 4.8396
34 234 2 0.3326
34 235 18 3.5363
34 236 62 13.5248
34 237 3 0.5370
34 239 679 242.5875
34 240 1 0.2467
34 241 10 2.0521
34 242 11 2.2365
34 243 6 0.9620
34 244 2 0.5337
34 245 46 10.5408
34 246 17 4.1886
34 247 7 1.2705
34 248 12 3.6315
34 249 31 6.9969
34 250 32 6.2043
34 251 5 0.6606
34 252 7 1.2254
34 253 4 1.1991
34 254 2 0.4208
34 255 5 1.0669
34 256 10 1.9535
34 257 10 2.1255
34 258 14 3.0630
34 259 193 43.7489
34 260 88 17.8712
34 261 205 49.7985
34 262 36 8.5240
34 263 17 3.3914
34 264 83 17.7347
34 265 1 0.2095
34 266 1 0.1779
34 268 125 79.8870
34 269 49 12.0479
34 270 7 1.2302
34 271 39 10.4682
34 273 2 0.4620
34 274 141 29.8756
34 275 561 125.5562
34 276 1 0.1143
34 277 12 2.4096
34 278 27 5.9627
34 279 14 2.8504
34 280 8 1.9006
34 281 15 2.9768
34 282 1 0.1219
34 284 7 1.5673
34 285 5 1.0445
34 286 16 3.1635
34 288 45 9.2775
34 290 122 27.1772
34 291 14 3.3858
34 293 38 9.5666
34 294 3 0.9252
34 296 118 24.6582
34 298 13 2.1391
34 299 43 9.9335
34 301 17 3.4609
34 302 15 2.6690
34 306 4 1.2784
34 307 287 62.7380
34 308 36 7.1160
34 309 73 25.2968
34 311 99 20.0209
34 312 7 1.4321
34 313 43 9.1465
34 316 50 10.2128
34 317 99 22.9759
34 318 178 45.2330
34 319 132 31.4280
34 321 3 0.5374
34 322 2 0.8312
34 323 113 39.5414
34 324 27 9.1021
34 325 3 0.4557
34 326 18 4.7243
34 328 15 5.1166
34 329 7 1.7473
34 332 6 1.4055
34 333 13 2.5535
34 334 3 0.6668
34 335 29 6.7685
34 336 7 1.3893
34 337 164 34.6156
34 338 19 4.1234
34 339 1 0.1998
34 341 35 6.8359
34 342 37 8.6889
34 343 6 1.0146
34 344 7 1.2827
34 345 126 26.4766
34 346 8 1.7625
34 348 40 7.3598
34 349 18 3.9974
34 350 1 0.1879
34 351 32 6.4683
34 352 81 18.0892
34 353 19 4.0291
34 354 19 4.1408
34 355 148 31.2844
34 356 95 19.7551
34 357 14 2.9784
34 358 18 3.8194
34 359 15 4.0346
34 360 14 3.0346
34 361 1 0.2280
34 363 2 0.5429
34 364 6 1.3094
34 365 30 6.2297
34 366 7 1.5695
34 368 43 11.1318
34 369 1 0.2226
34 370 4 1.0812
34 371 10 1.6587
34 372 5 0.8929
34 373 16 3.3182
34 374 22 4.7020
34 375 8 1.5516
34 376 4 1.0029
34 379 21 4.4896
34 380 27 6.0624
34 381 2 0.5473
34 382 6 1.4304
34 383 7 1.5173
35 0 27 5.4244
35 1 20 4.4131
35 2 19 3.9047
35 3 11 2.3468
35 4 27 6.8297
35 5 1 0.2424
35 6 8 1.7829
35 7 2 0.4568
35 8 8 1.6342
35 9 25 6.9421
35 11 259 56.5676
35 13 3 0.5928
35 15 37 7.9592
35 16 22 4.4098
35 17 25 6.4654
35 18 177 38.9516
35 19 52 12.1117
35 20 7 2.1239
35 23 12 2.6623
35 24 18 4.7273
35 25 40 8.3445
35 26 52 13.5124
35 27 21 4.0405
35 28 12 2.7938
35 29 4 0.8237
35 30 3 0.6474
35 33 16 3.7302
35 34 125 30.9091
35 35 34 10.0033
35 36 14 4.1756
35 38 106 30.0546
35 39 3 0.5194
35 40 1 0.2475
35 41 130 28.9186
35 42 8 1.9763
35 44 9 1.8846
35 46 528 139.0902
35 47 50 16.4843
35 49 41 11.5773
35 50 2 0.2757
35 51 23 5.1218
35 52 3 0.6638
35 53 32 6.7229
35 54 9 1.9019
35 56 1 0.2055
35 58 58 17.9203
35 59 8 1.5899
35 60 7 1.3550
35 61 100 21.6925
35 62 65 13.3027
35 63 14 3.1678
35 64 13 3.3807
35 66 7 1.2558
35 67 6 1.3496
35 68 58 11.6402
35 69 13 4.1836
35 70 1 0.1935
35 72 1 0.2596
35 73 2 0.5142
35 75 70 18.1003
35 76 1 0.2125
35 77 15 3.0254
35 78 26 5.3212
35 79 44 9.2914
35 80 43 11.2638
35 81 9 1.9059
35 84 10 2.2044
35 85 6 1.3537
35 86 6 1.3672
35 87 4 0.7266
35 88 43 13.1131
35 90 3 0.5403
35 91 50 10.1151
35 92 36 10.5844
35 93 16 3.6420
35 94 33 8.1811
35 95 5 1.1993
35 96 2 0.4218
35 97 11 2.0471
35 98 51 13.4876
35 99 1 0.1888
35 100 7 1.2981
35 101 19 3.7003
35 102 29 10.0608
35 103 319 68.4700
35 104 97 26.0375
35 105 14 2.6334
35 106 4 0.9945
35 107 12 2.5578
35 108 7 1.2017
35 110 6 1.1785
35 111 16 3.3082
35 112 59 15.8786
35 113 81 17.6788
35 114 9 1.6123
35 115 1 0.1326
35 116 20 5.9669
35 117 65 14.5676
35 118 280 73.4861
35 119 59 15.5922
35 120 8 1.7576
35 121 31 7.8078
35 122 14 2.8395
35 123 3 0.4992
35 124 33 7.3773
35 125 36 8.0481
35 126 8 1.5551
35 127 31 10.2932
35 129 5 0.8617
35 130 14 2.4590
35 131 68 14.6633
35 132 21 4.2533
35 133 7 1.6280
35 134 5 1.0572
35 135 30 6.5755
35 136 21 4.8383
35 139 16 3.7981
35 140 76 19.3845
35 141 60 16.1360
35 144 8 1.5602
35 145 1 0.1607
35 146 122 27.9241
35 147 23 4.8975
35 149 2 0.6868
35 151 28 5.7073
35 152 46 10.9220
35 153 152 31.0633
35 154 50 11.1292
35 155 27 5.9371
35 157 19 3.6956
35 158 12 2.9912
35 159 2 0.4156
35 160 4 0.8526
35 161 5 1.2015
35 162 157 36.8574
35 163 44 9.3301
35 164 14 2.6139
35 165 66 22.9127
35 166 5 1.0630
35 167 10 1.8224
35 168 5 1.1001
35 170 6 1.4902
35 171 52 12.0353
35 172 13 3.8758
35 173 4 0.8012
35 174 29 7.0625
35 175 4 0.7973
35 176 13 2.6092
35 177 160 60.7467
35 178 41 9.5709
35 179 3 0.5912
35 180 83 17.9207
35 181 1 0.1876
35 182 36 9.1895
35 184 6 1.1028
35 185 6 0.8461
35 187 4 0.7972
35 190 15 3.2524
35 191 36 7.5710
35 193 80 19.2474
35 194 9 1.9303
35 195 3 0.6098
35 197 28 5.6367
35 198 1 0.1976
35 199 36 11.7955
35 200 5 1.3421
35 201 49 9.8013
35 202 1 0.1973
35 203 36 8.5122
35 204 1 0.1535
35 205 9 2.0971
35 206 149 39.8913
35 207 45 9.7623
35 208 6 1.0412
35 209 16 3.6543
35 210 23 4.6776
35 211 28 5.9805
35 212 14 3.4720
35 213 42 12.3858
35 214 5 0.9613
35 215 263 65.9642
35 216 16 3.2725
35 217 4 0.7988
35 218 14 3.1364
35 219 10 1.9068
35 221 13 2.9327
35 223 7 1.4539
35 224 46 9.5121
35 225 11 2.2378
35 226 3 0.9853
35 227 2 0.2705
35 228 1 0.1552
35 229 78 17.0898
35 230 24 5.1588
35 232 19 4.3551
35 233 22 5.6530
35 234 21 7.5283
35 235 1 0.1073
35 236 8 1.7127
35 237 25 4.9844
35 238 3 0.7591
35 239 11 2.3100
35 240 40 11.2915
35 242 1 0.3462
35 243 16 4.9563
35 244 3 0.6246
35 245 10 1.7724
35 246 23 9.4287
35 247 64 13.4677
35 248 14 2.7097
35 249 19 3.6765
35 250 12 3.5708
35 251 13 2.8546
35 252 29 6.7526
35 253 9 1.6683
35 254 38 8.5323
35 255 286 75.7988
35 258 41 11.7938
35 259 39 8.3365
35 260 11 2.5919
35 261 19 3.2587
35 262 96 22.1126
35 263 19 3.9853
35 264 13 2.4022
35 266 82 17.8249
35 267 51 17.5787
35 270 45 9.8553
35 271 1 0.2666
35 272 9 1.9105
35 273 54 15.3211
35 274 13 2.6324
35 275 106 23.3365
35 276 42 9.1076
35 277 36 7.3959
35 278 1 0.2138
35 279 29 7.7489
35 280 8 2.0630
35 281 46 13.7012
35 284 23 5.3617
35 286 11 2.3600
35 287 34 9.3893
35 288 5 1.0569
35 289 1 0.3626
35 290 2 0.2812
35 292 60 15.6749
35 293 486 198.1286
35 294 6 1.0247
35 295 32 7.3706
35 296 2 0.3402
35 298 35 7.5828
35 299 26 5.6881
35 300 55 19.4251
35 302 8 1.5759
35 303 45 12.0924
35 304 19 7.2292
35 305 72 17.8388
35 306 302 74.0041
35 307 66 14.0703
35 309 4 0.7617
35 310 7 1.5007
35 311 92 20.7744
35 312 29 9.3313
35 313 187 50.1589
35 314 9 1.9250
35 315 138 30.2818
35 316 24 6.3286
35 317 1 0.1757
35 318 8 1.7728
35 319 4 0.7122
35 320 10 2.2854
35 321 23 6.5520
35 322 2 0.3987
35 323 2 0.3915
35 324 363 88.4144
35 325 1 0.1853
35 326 29 6.1272
35 327 10 1.7728
35 328 29 6.4669
35 329 7 1.5165
35 330 44 9.8589
35 331 5 0.9924
35 332 41 11.9676
35 333 124 28.6123
35 334 30 7.1808
35 335 387 89.9106
35 336 17 5.7730
35 338 11 2.7543
35 339 63 15.0325
35 340 33 9.0596
35 342 1 0.1725
35 343 9 1.7875
35 344 75 22.4434
35 345 1 0.1762
35 346 34 6.8685
35 347 56 13.0453
35 348 31 7.0490
35 350 77 20.7023
35 351 1 0.2403
35 352 44 13.4848
35 353 55 13.9846
35 354 20 5.8273
35 355 141 31.3816
35 356 59 11.1080
35 357 10 2.1301
35 358 3 0.9529
35 359 68 15.8653
35 360 1 0.2514
35 361 9 1.9069
35 362 52 11.6592
35 363 6 1.3123
35 364 1 0.1987
35 365 296 70.6763
35 366 44 20.0789
35 367 3 0.9344
35 368 7 1.4856
35 369 31 5.9376
35 370 1 0.1816
35 371 14 3.0489
35 372 18 5.5044
35 373 19 6.3265
35 374 23 4.7660
35 376 1 0.2179
35 377 13 2.9026
35 378 1 0.2554
35 379 16 3.0699
35 381 35 7.3899
35 382 105 22.1707
35 383 55 12.3031
36 0 1 0.2202
36 1 49 9.2929
36 2 6 1.3112
36 3 61 16.7007
36 4 142 47.7340
36 7 67 26.9543
36 8 15 3.8297
36 9 11 1.9549
36 11 4 0.6668
36 12 25 5.0427
36 13 41 12.3257
36 14 3 0.4527
36 15 1 0.2938
36 16 50 13.0214
36 17 14 3.7414
36 18 36 7.1415
36 21 2 0.3508
36 22 242 46.3675
36 23 20 6.0192
36 24 1 0.1631
36 25 18 5.3545
36 26 49 9.6526
36 28 109 21.9270
36 29 23 5.2273
36 30 15 2.4769
36 31 1 0.2027
36 32 39 7.6201
36 34 18 2.9350
36 35 1 0.1667
36 36 38 11.9899
36 37 1 0.1428
36 38 9 1.7083
36 40 28 5.0619
36 41 12 2.1592
36 42 57 11.4366
36 43 88 20.6250
36 44 18 4.4369
36 45 15 3.2466
36 46 17 4.5249
36 47 7 1.6959
36 48 1 0.2768
36 50 30 5.5275
36 51 21 3.8832
36 52 31 7.8187
36 53 16 4.1611
36 55 20 3.7066
36 56 141 25.4381
36 57 28 7.3590
36 58 62 12.3137
36 59 165 38.8976
36 60 3 1.0525
36 61 4 0.7540
36 62 8 1.7041
36 63 55 16.0487
36 64 79 13.5075
36 65 8 1.7870
36 66 7 1.1039
36 67 30 7.7421
36 69 65 12.8712
36 70 6 1.7806
36 72 4 1.0098
36 73 3 0.9635
36 74 3 0.5453
36 76 4 0.7441
36 78 8 1.4414
36 79 23 5.7051
36 80 100 25.8072
36 82 59 11.1605
36 83 48 9.1521
36 84 7 1.3911
36 85 15 7.6284
36 87 1 0.1510
36 88 1 0.2014
36 91 2 0.3990
36 93 25 4.9297
36 94 44 8.7131
36 95 10 1.9411
36 97 1 0.2283
36 98 80 24.7379
36 99 27 8.7566
36 100 14 2.2942
36 101 103 22.5918
36 102 4 0.7378
36 103 39 9.0189
36 106 2 0.5539
36 107 3 0.6239
36 108 41 7.7005
36 109 4 0.8613
36 110 3 0.4528
36 111 27 4.4477
36 112 6 1.2116
36 113 62 16.3813
36 114 273 61.9819
36 116 4 0.6139
36 117 2 0.3626
36 119 1 0.1399
36 121 19 3.6161
36 123 35 9.9305
36 125 55 10.1206
36 126 48 10.8275
36 127 1 0.1571
36 128 2 0.3340
36 129 2 0.4352
36 130 45 13.5173
36 133 1 0.1625
36 134 33 10.1521
36 135 38 7.3745
36 137 10 1.6466
36 138 25 7.0560
36 139 22 3.7445
36 140 13 2.4304
36 141 4 1.0305
36 142 20 4.4020
36 144 4 0.6853
36 146 21 4.4858
36 147 1 0.1217
36 149 4 0.7845
36 150 1 0.1590
36 151 1 0.1632
36 153 6 1.2693
36 154 5 1.0401
36 156 4 0.5971
36 157 26 5.4097
36 158 142 26.9820
36 159 48 10.5680
36 160 112 26.6176
36 161 17 2.7343
36 162 10 1.6677
36 163 7 1.2092
36 164 18 3.9283
36 165 58 17.7425
36 166 15 3.3990
36 168 1 0.2375
36 169 9 1.7636
36 170 8 1.3963
36 171 36 7.3347
36 172 82 20.7597
36 173 11 2.7882
36 174 19 3.7923
36 175 2 0.4415
36 176 7 0.9873
36 177 12 2.6802
36 178 2 0.5309
36 179 62 18.1208
36 180 4 0.7275
36 182 181 41.3472
36 183 14 2.6722
36 184 28 8.1656
36 185 4 0.5861
36 186 5 1.0836
36 187 39 15.3074
36 189 12 2.4845
36 190 114 22.3523
36 191 6 1.0794
36 192 27 5.1629
36 194 7 2.0077
36 195 16 4.1649
36 196 3 0.8467
36 197 165 31.0870
36 199 7 1.3594
36 200 2 0.3877
36 201 19 3.9927
36 202 52 19.9097
36 203 2 0.3136
36 204 129 23.6649
36 205 10 1.6902
36 207 5 0.8752
36 208 7 1.3340
36 209 17 3.8046
36 210 23 5.4999
36 211 20 3.7699
36 212 28 9.5771
36 213 29 8.0987
36 214 18 3.0067
36 215 3 0.1918
36 216 3 0.5435
36 217 42 8.2376
36 218 3 0.5450
36 219 4 0.7969
36 220 16 3.7628
36 221 4 0.2425
36 222 70 12.4863
36 223 26 6.7160
36 224 2 0.3965
36 227 10 2.0251
36 228 2 0.3716
36 229 228 65.6905
36 230 13 2.5795
36 231 130 25.3773
36 232 3 0.6458
36 233 65 21.7491
36 234 40 9.7962
36 235 1 0.1406
36 236 63 17.6425
36 238 73 18.2527
36 239 17 3.5035
36 240 10 1.6870
36 242 24 6.0992
36 244 42 15.2591
36 245 8 1.7943
36 246 11 2.0760
36 247 18 3.4797
36 248 23 6.1356
36 250 14 3.6733
36 252 35 6.8191
36 253 321 64.0210
36 254 2 0.4038
36 255 5 1.1138
36 257 113 56.7584
36 258 59 13.7034
36 259 4 1.0579
36 260 1 0.1980
36 262 21 5.3231
36 263 10 1.7886
36 264 26 5.2216
36 265 11 2.4652
36 267 4 0.6799
36 268 64 12.4291
36 269 3 0.5189
36 270 1 0.1407
36 271 5 0.7846
36 272 13 3.2063
36 273 43 10.1433
36 274 20 3.5559
36 276 29 5.5008
36 277 140 49.1340
36 279 98 18.3288
36 280 37 6.9881
36 281 15 3.8270
36 282 2 0.3848
36 283 11 2.7471
36 284 213 41.8875
36 285 7 1.3802
36 286 3 0.5447
36 287 6 1.1709
36 288 60 10.1561
36 289 53 15.9084
36 290 1 0.2738
36 291 12 2.6673
36 292 45 12.0313
36 293 2 0.3812
36 294 32 5.8805
36 296 5 0.9149
36 298 3 0.5079
36 299 109 20.8913
36 300 4 0.6571
36 301 111 22.9644
36 302 226 49.8008
36 303 3 0.6107
36 304 27 4.8763
36 305 82 15.2227
36 306 73 14.9683
36 307 59 19.4744
36 308 15 3.1662
36 310 25 4.6455
36 311 4 0.6985
36 312 13 2.4174
36 313 876 318.8885
36 314 23 4.2474
36 315 5 1.0395
36 316 10 1.6788
36 317 19 3.7216
36 318 59 10.8169
36 319 8 1.6493
36 320 12 1.9974
36 321 2 0.3937
36 322 90 21.6088
36 323 48 9.3475
36 324 54 19.5148
36 325 34 11.6642
36 326 1 0.2075
36 327 17 4.2274
36 329 109 22.6288
36 330 8 1.5263
36 332 3 0.5214
36 333 18 5.6221
36 334 52 12.0155
36 336 32 8.1012
36 337 16 3.7262
36 339 146 45.6229
36 340 59 10.8084
36 342 148 30.8915
36 343 25 5.7941
36 344 2 0.2947
36 345 4 0.7958
36 346 342 147.6648
36 348 13 2.3906
36 349 12 3.3982
36 350 125 26.4479
36 351 1 0.1805
36 353 2 0.2839
36 354 332 83.1672
36 355 28 7.9392
36 356 1 0.2781
36 359 146 31.1212
36 360 3 0.4774
36 361 89 19.2290
36 362 3 0.7943
36 363 133 39.4509
36 364 18 3.7422
36 366 22 4.9084
36 367 26 4.7096
36 369 39 12.4121
36 370 3 3.6758
36 371 1 0.2211
36 372 27 8.8655
36 373 78 18.4400
36 374 38 7.0415
36 375 1 0.1657
36 376 4 0.5836
36 377 19 2.9046
36 378 5 1.8240
36 380 13 4.4067
36 381 20 3.7099
36 382 10 1.8135
36 383 2 0.3864
37 1 48 9.7815
37 2 21 3.9774
37 3 1 0.2082
37 4 31 6.8476
37 5 63 15.4845
37 6 64 12.6820
37 7 14 3.2265
37 8 90 28.4161
37 9 50 11.7645
37 10 26 6.0367
37 11 4 0.7001
37 12 12 3.2759
37 13 52 11.7450
37 14 8 2.1940
37 15 22 4.4890
37 16 22 5.3697
37 17 1 0.2039
37 18 20 3.9963
37 19 53 10.4218
37 20 41 9.6057
37 21 34 5.7989
37 22 21 4.0621
37 23 100 31.5840
37 24 5 0.8168
37 26 157 48.3613
37 27 4 0.7213
37 28 11 2.4230
37 29 1 0.2373
37 30 91 38.0002
37 31 12 2.7199
37 32 31 8.9595
37 33 33 6.7884
37 34 22 6.7824
37 35 12 1.9929
37 36 49 14.8537
37 37 35 9.2594
37 38 40 7.0164
37 39 87 23.9841
37 40 14 2.4032
37 42 18 3.9260
37 43 21 6.2828
37 44 23 4.4698
37 45 18 3.1487
37 46 67 26.9670
37 47 9 1.4510
37 49 3 0.5337
37 50 11 2.2385
37 52 18 4.6084
37 53 84 26.6034
37 54 14 2.7314
37 55 55 14.2296
37 56 78 18.9174
37 57 5 1.1726
37 58 78 20.0720
37 59 22 7.7307
37 60 6 1.2314
37 61 8 1.5543
37 62 1 0.1181
37 63 3 0.5320
37 64 8 1.1948
37 65 47 9.1439
37 66 13 3.6362
37 67 68 14.4491
37 68 23 8.0507
37 69 1 0.2972
37 70 10 2.3702
37 71 93 19.7476
37 72 14 2.9456
37 73 34 9.7279
37 74 9 1.8995
37 75 4 0.7097
37 76 16 3.0200
37 77 5 0.7465
37 78 41 15.5560
37 79 12 2.3967
37 81 5 0.8636
37 82 14 2.7779
37 83 56 20.3605
37 84 16 4.2264
37 85 14 5.6869
37 89 3 0.6693
37 90 12 2.1095
37 91 12 2.6342
37 93 13 3.5717
37 94 1 0.1178
37 95 130 34.9668
37 97 31 7.5491
37 98 10 1.7858
37 100 54 22.5019
37 101 2 0.3706
37 102 45 15.0243
37 103 14 2.9446
37 104 7 1.3152
37 105 127 53.1079
37 106 1 0.2032
37 107 24 4.0232
37 108 1 0.1246
37 109 2 0.4178
37 110 43 11.5605
37 111 1 0.2249
37 112 22 7.1786
37 113 10 2.0267
37 114 10 2.9193
37 116 13 3.4337
37 117 64 12.2409
37 118 4 0.5392
37 119 32 4.8070
37 121 127 33.5355
37 122 2 0.3412
37 123 37 13.6531
37 124 21 6.2458
37 125 12 1.6532
37 126 43 12.1615
37 127 33 11.1822
37 128 133 41.0612
37 129 1 0.2561
37 130 121 26.1746
37 131 6 0.9816
37 132 52 9.9381
37 135 91 23.4579
37 136 30 8.4128
37 138 88 16.5024
37 140 10 2.0293
37 141 24 8.5030
37 142 3 0.5515
37 143 8 1.5606
37 144 35 10.2630
37 145 2 0.3653
37 147 4 0.6429
37 148 37 6.7939
37 149 1 0.0545
37 150 1 0.1590
37 154 6 1.0362
37 155 20 3.8643
37 156 29 7.1472
37 157 27 5.3145
37 158 25 4.3445
37 159 1 0.0067
37 160 120 29.8291
37 161 4 0.7069
37 162 9 1.7972
37 163 39 8.2727
37 164 4 0.6892
37 165 50 9.9397
37 166 10 1.8763
37 167 34 7.0885
37 168 56 11.0529
37 169 16 2.7668
37 170 4 0.6403
37 171 27 9.6225
37 172 15 2.7950
37 173 14 2.5315
37 174 80 20.1539
37 176 37 9.3604
37 177 162 35.2636
37 178 8 1.3480
37 179 20 4.0040
37 180 9 1.7840
37 181 135 31.0217
37 182 29 11.6491
37 183 16 3.4278
37 184 4 0.6944
37 185 2 0.3400
37 186 19 4.0559
37 187 1 0.3144
37 188 8 1.5013
37 189 3 0.5018
37 190 19 3.9326
37 191 3 0.6304
37 194 76 17.9642
37 195 1 0.1257
37 196 22 4.3660
37 197 9 5.1129
37 198 12 2.8434
37 201 8 1.4173
37 202 3 0.8194
37 203 3 0.4315
37 204 35 6.3099
37 205 13 2.2368
37 206 6 2.1663
37 207 3 0.4966
37 208 64 11.9608
37 209 23 4.2453
37 212 3 0.7822
37 214 129 28.4359
37 216 9 2.3662
37 217 79 16.1326
37 218 175 38.6140
37 219 80 15.7772
37 220 12 2.2712
37 223 5 1.0548
37 224 75 26.4594
37 225 116 21.0766
37 227 60 13.3660
37 228 9 1.7098
37 230 45 9.7209
37 231 3 0.5149
37 232 40 9.3993
37 233 127 24.9563
37 234 283 58.0927
37 235 2 0.3978
37 236 4 0.7170
37 237 16 2.8129
37 238 14 2.5081
37 239 6 1.9512
37 240 23 3.6679
37 242 15 3.0239
37 243 34 8.6751
37 244 1 0.2123
37 245 12 6.3075
37 246 23 4.2228
37 247 19 2.9775
37 248 33 8.2950
37 249 4 0.7595
37 250 15 4.1949
37 252 4 0.7692
37 253 18 5.3701
37 254 11 3.0304
37 255 9 1.9505
37 256 80 21.7717
37 257 16 2.6957
37 258 46 9.6875
37 259 26 7.5348
37 260 22 6.4074
37 262 8 1.9163
37 263 10 2.5889
37 264 22 4.5652
37 265 39 8.3172
37 266 6 1.1288
37 267 5 0.8729
37 268 56 13.3105
37 269 46 14.0524
37 270 31 5.9080
37 271 37 6.9676
37 272 29 10.3677
37 273 46 17.7922
37 275 45 10.0135
37 276 14 3.4009
37 277 2 0.4156
37 278 9 1.3813
37 279 127 24.9964
37 280 2 0.6081
37 281 2 0.2444
37 282 104 25.1324
37 284 4 0.7065
37 285 42 14.0053
37 286 2 0.1663
37 287 96 27.8078
37 288 7 1.5840
37 289 20 4.1644
37 290 3 3.6683
37 292 62 12.0897
37 294 6 0.5181
37 295 38 8.6148
37 296 27 6.3574
37 297 26 5.7926
37 298 78 18.6674
37 300 13 2.6155
37 301 11 2.8548
37 302 7 1.4836
37 303 14 2.7904
37 304 28 5.7414
37 305 4 0.7673
37 307 6 1.8531
37 308 16 3.9677
37 310 30 7.0466
37 311 11 1.9544
37 315 37 9.4411
37 316 28 8.4474
37 317 20 5.8988
37 318 20 5.0880
37 319 8 1.3411
37 320 7 1.1677
37 321 41 9.2645
37 322 54 24.8006
37 326 4 0.6547
37 327 13 2.2636
37 329 11 2.2899
37 330 77 15.9037
37 331 23 4.7055
37 332 2 0.4373
37 333 11 4.5918
37 334 21 5.1277
37 336 36 7.4283
37 337 2 0.4187
37 338 9 4.3463
37 339 197 39.5826
37 341 39 11.5927
37 343 61 22.2911
37 344 60 12.8595
37 345 40 6.7039
37 346 18 3.1098
37 347 4 0.7723
37 348 63 21.5330
37 349 1 0.1519
37 350 4 0.8026
37 352 20 4.3439
37 353 22 4.7104
37 354 118 30.3971
37 355 1 0.2940
37 356 1 0.1032
37 357 3 0.3476
37 358 129 39.3313
37 359 30 5.3620
37 360 130 37.0551
37 361 16 5.5136
37 363 1 0.1631
37 364 5 0.9347
37 365 15 2.8411
37 366 32 7.9223
37 367 8 2.1791
37 368 48 9.2327
37 369 11 2.4353
37 370 52 18.6362
37 371 8 1.6649
37 372 83 15.7353
37 373 20 4.8300
37 374 44 9.1079
37 375 28 7.5818
37 377 48 14.4019
37 378 46 10.2465
37 379 11 2.1553
37 380 843 205.0375
37 381 242 77.7739
37 382 12 2.5255
38 0 6 1.1715
38 2 14 2.5568
38 4 7 1.2953
38 6 36 10.2803
38 7 25 4.6463
38 8 15 2.4727
38 9 25 4.6203
38 11 6 1.1805
38 12 35 6.2140
38 13 69 16.4928
38 14 5 0.8899
38 15 3 0.7694
38 16 9 1.7512
38 17 47 9.4952
38 18 11 1.7090
38 19 10 3.7244
38 20 17 4.2247
38 21 118 26.2448
38 23 17 4.3596
38 24 185 42.5681
38 25 4 0.9315
38 26 44 9.7400
38 28 69 12.5069
38 29 1 0.1287
38 30 113 32.3153
38 31 30 8.5717
38 32 3 0.4915
38 33 54 24.8912
38 35 18 4.0602
38 36 1 0.1791
38 38 1 0.0811
38 40 29 7.6523
38 41 13 2.2292
38 43 50 21.2207
38 44 13 2.6844
38 45 1 0.1476
38 46 1 0.1950
38 48 6 0.8258
38 49 30 5.0771
38 50 17 5.1674
38 51 33 7.1828
38 53 10 1.9869
38 54 12 3.9900
38 55 46 8.4807
38 57 2 0.3174
38 58 6 1.2410
38 59 139 32.5549
38 60 24 5.3645
38 61 17 3.0009
38 62 22 5.4626
38 63 12 1.9207
38 64 33 17.3120
38 65 1 0.1757
38 66 10 1.3155
38 67 179 44.3602
38 68 20 3.7863
38 69 46 11.4149
38 70 233 85.9922
38 71 26 5.5779
38 73 29 6.6454
38 74 24 4.7768
38 75 30 8.6911
38 78 3 0.7693
38 79 53 10.5181
38 80 86 26.0267
38 81 28 4.8380
38 82 33 5.9406
38 83 12 2.5798
38 85 12 2.2492
38 86 6 0.9935
38 87 7 1.5621
38 88 172 38.3279
38 89 3 0.9832
38 90 33 9.5422
38 91 16 4.2860
38 93 96 16.3864
38 94 12 3.3756
38 95 39 12.7298
38 96 3 0.5642
38 97 161 36.4100
38 98 40 8.3837
38 99 5 1.0202
38 100 7 0.1736
38 101 14 2.9927
38 102 1 0.1469
38 103 12 2.6431
38 104 10 1.8215
38 105 22 3.3595
38 107 1 0.1657
38 108 94 18.8394
38 109 4 0.5116
38 110 13 5.6970
38 112 4 0.9563
38 113 1 0.0902
38 115 108 20.7464
38 116 119 22.9876
38 117 110 29.2480
38 118 62 10.3203
38 119 4 0.8753
38 120 9 1.3698
38 121 1 0.3383
38 122 22 4.0386
38 123 2 0.4833
38 124 3 0.5305
38 125 117 23.1910
38 126 6 1.0518
38 127 2 0.3039
38 128 2 0.3738
38 130 2 0.3845
38 131 141 32.4004
38 133 61 11.0235
38 134 65 15.1524
38 137 3 0.4860
38 138 23 3.9230
38 139 136 25.7950
38 140 7 1.2518
38 141 106 20.7088
38 142 1 0.2209
38 144 31 7.8336
38 145 32 5.5894
38 146 9 1.6568
38 147 46 8.2405
38 148 15 2.7117
38 149 11 1.6998
38 150 8 1.5315
38 151 37 6.4766
38 152 163 39.4564
38 153 48 9.2172
38 155 25 5.2075
38 157 20 3.8825
38 158 72 21.8438
38 159 63 13.9059
38 160 18 3.6234
38 162 9 1.9039
38 163 4 0.8025
38 164 1 0.2158
38 165 8 1.1838
38 167 96 19.9507
38 168 33 6.7229
38 169 50 9.9974
38 170 63 11.0783
38 171 33 5.2092
38 172 5 0.7103
38 173 25 3.2925
38 174 11 2.7048
38 175 1 0.2083
38 176 154 45.0029
38 177 46 11.3304
38 178 16 4.1873
38 179 12 2.5694
38 181 24 4.3945
38 183 30 8.8979
38 185 3 0.3946
38 186 24 6.0305
38 187 17 3.3754
38 188 11 1.3318
38 189 59 9.8358
38 190 8 1.6971
38 191 32 8.2435
38 192 38 9.2275
38 193 69 25.3785
38 194 4 0.8357
38 195 46 8.0927
38 196 29 7.0454
38 197 39 10.7041
38 198 8 1.4871
38 199 31 5.3842
38 201 47 15.8261
38 202 5 1.4544
38 203 5 1.3697
38 204 20 4.3040
38 205 18 4.1142
38 206 13 2.2352
38 207 21 4.8463
38 208 41 10.9929
38 209 26 6.3711
38 210 16 5.2751
38 211 15 3.0652
38 212 2 0.3417
38 213 6 1.4336
38 214 1 0.2226
38 215 12 2.1653
38 216 26 4.7430
38 217 24 7.6097
38 218 8 1.3013
38 219 214 57.2310
38 220 10 1.3315
38 221 2 0.2696
38 222 6 0.9780
38 224 1 0.1523
38 225 5 1.3262
38 226 170 33.3441
38 227 19 7.0000
38 228 6 1.0248
38 229 1 0.2487
38 230 107 27.9724
38 231 15 4.3629
38 232 13 2.7055
38 233 1 0.1653
38 234 12 5.7192
38 235 17 2.9261
38 236 58 17.9676
38 237 21 9.6141
38 239 63 11.0031
38 240 9 1.4036
38 242 42 14.0743
38 245 4 1.0589
38 246 200 75.7319
38 247 15 2.7103
38 249 25 4.8375
38 250 79 51.2331
38 251 6 0.6887
38 252 9 2.0043
38 253 11 1.9659
38 254 30 6.9422
38 255 1 0.2131
38 256 10 1.7511
38 257 25 5.8330
38 258 38 12.1385
38 259 12 1.7325
38 260 104 31.2461
38 261 13 2.3127
38 263 40 12.1193
38 264 63 23.8446
38 265 96 25.9819
38 268 33 7.5491
38 269 3 0.6562
38 270 7 1.1096
38 271 19 4.7455
38 272 3 0.4972
38 273 186 72.8471
38 274 3 0.5770
38 276 14 5.4422
38 277 106 29.3295
38 278 13 4.2140
38 280 4 1.0575
38 281 35 6.8176
38 282 42 12.8682
38 283 25 5.4915
38 285 42 14.5931
38 286 4 1.1764
38 287 10 2.6803
38 288 24 5.6471
38 289 46 11.7606
38 290 15 3.8622
38 291 20 3.2977
38 292 48 9.6465
38 293 6 1.4315
38 294 6 0.8857
38 295 9 1.0335
38 296 73 15.5538
38 298 229 58.0571
38 299 12 2.1351
38 300 15 2.3174
38 301 25 7.3131
38 302 25 5.7651
38 303 1 0.1439
38 305 68 24.0591
38 306 9 1.2805
38 307 12 3.0130
38 308 4 0.8380
38 309 75 29.5431
38 310 2 0.4744
38 311 31 5.7157
38 313 18 2.8786
38 314 6 2.0410
38 315 26 6.0889
38 316 24 4.1096
38 317 26 3.9606
38 318 54 10.0581
38 319 12 2.1862
38 320 19 5.4610
38 322 52 14.8675
38 323 12 2.9782
38 324 2 0.1747
38 325 12 3.7678
38 326 13 3.8172
38 327 1 0.1880
38 328 28 5.4134
38 329 4 0.5802
38 331 9 1.7074
38 332 15 4.4157
38 333 7 1.3078
38 334 6 0.8734
38 335 21 6.1287
38 336 5 0.8573
38 337 2 0.2621
38 339 8 3.2128
38 340 29 6.0094
38 342 44 7.8047
38 344 7 1.0657
38 345 17 5.5637
38 346 7 0.9549
38 347 30 7.0733
38 349 12 2.3982
38 350 8 1.1427
38 351 40 9.2251
38 352 7 1.2956
38 353 109 30.3171
38 354 21 4.2613
38 355 15 3.4674
38 356 11 2.0466
38 357 15 4.0329
38 359 13 2.5903
38 360 19 3.9014
38 361 10 2.8286
38 362 1 0.2487
38 363 75 20.4781
38 364 8 1.7435
38 365 1 0.2906
38 366 43 9.1837
38 367 4 0.8428
38 368 10 2.7785
38 369 106 18.7823
38 370 137 27.2483
38 371 24 4.3541
38 373 21 4.3434
38 374 5 0.7926
38 375 71 23.1590
38 376 5 0.9699
38 377 1 0.1682
38 378 24 10.0781
38 379 14 3.2548
38 380 41 15.5911
38 381 6 1.0701
38 382 25 4.2639
38 383 5 4.4951
39 0 143 27.3912
39 1 48 8.2999
39 2 4 0.9246
39 3 4 0.4935
39 4 86 24.8706
39 5 3 0.5967
39 6 55 10.5390
39 7 88 53.2716
39 8 35 4.9203
39 9 2 0.4576
39 10 25 4.2896
39 11 8 0.6980
39 12 4 0.4081
39 13 9 2.4959
39 14 118 61.4211
39 15 19 5.8450
39 18 52 9.8446
39 19 3 0.4058
39 20 44 9.8310
39 21 9 1.2043
39 23 13 0.3660
39 24 32 5.1499
39 25 9 3.6329
39 26 32 7.5858
39 27 97 26.9945
39 28 27 4.9804
39 30 29 6.4331
39 31 11 2.3479
39 32 17 3.0350
39 33 18 2.0556
39 35 16 3.6491
39 36 29 5.1474
39 37 5 0.7416
39 38 7 0.9200
39 40 7 1.0691
39 41 7 0.8567
39 42 15 2.7034
39 43 1 0.0964
39 45 32 15.9448
39 47 15 2.4063
39 48 27 1.0666
39 50 38 6.0882
39 51 89 13.6456
39 52 9 1.4053
39 53 16 2.4980
39 54 100 28.8009
39 55 100 15.1756
39 56 5 0.8498
39 58 113 24.6527
39 59 14 3.0324
39 60 1 0.0935
39 61 66 10.1021
39 63 5 0.2141
39 64 21 2.3881
39 65 10 1.8983
39 66 49 12.9295
39 67 3 0.6698
39 68 9 1.2994
39 69 51 11.4369
39 70 27 9.1573
39 71 24 4.8176
39 72 68 16.8787
39 73 4 0.4253
39 75 3 0.7565
39 76 1 0.1160
39 78 24 5.0246
39 80 157 36.0270
39 81 6 0.8130
39 82 18 5.9778
39 83 44 12.3854
39 84 21 4.6373
39 85 42 9.0958
39 86 29 3.9112
39 87 77 45.1175
39 88 7 1.0434
39 91 231 56.1793
39 92 35 10.2043
39 93 12 1.4071
39 94 5 0.6110
39 95 5 0.4955
39 96 153 41.3727
39 97 69 25.7596
39 98 20 2.4058
39 99 21 5.1327
39 100 2 0.1936
39 101 13 2.6351
39 102 6 1.5681
39 103 12 6.6229
39 105 3 0.1908
39 106 12 2.7251
39 107 13 2.5196
39 109 117 38.0433
39 110 7 1.3009
39 111 21 5.1826
39 112 15 4.2708
39 115 2 0.2126
39 116 20 4.5340
39 117 9 1.1687
39 118 25 7.8313
39 119 76 19.5730
39 121 7 1.0344
39 122 11 1.4013
39 123 13 2.0718
39 124 3 0.8500
39 125 72 24.8257
39 126 19 3.0881
39 127 17 3.3775
39 128 1 0.1597
39 129 12 2.3733
39 131 26 5.9518
39 132 2 0.2255
39 133 12 1.5036
39 134 1 0.1750
39 135 7 1.5268
39 136 23 4.3486
39 138 1 0.1059
39 139 2 0.3742
39 141 43 12.6961
39 142 23 4.6914
39 144 28 6.4759
39 145 89 19.1714
39 146 51 7.7577
39 147 1 0.3284
39 148 1 0.2584
39 149 58 9.3173
39 150 15 2.7834
39 151 71 16.4714
39 152 5 1.0095
39 153 2 0.3684
39 155 85 20.4718
39 156 32 7.2586
39 157 4 0.9205
39 159 47 11.1192
39 160 91 13.6111
39 161 12 1.3116
39 164 29 6.1502
39 165 4 0.3829
39 166 46 5.7565
39 167 12 2.2886
39 168 68 29.4468
39 169 25 4.7040
39 170 50 5.7689
39 172 13 2.0862
39 173 34 6.0196
39 174 11 1.2820
39 175 11 1.2096
39 176 28 4.1345
39 177 1 0.1691
39 178 5 4.1928
39 179 81 15.0412
39 181 106 26.9830
39 182 22 6.5445
39 183 4 0.6960
39 184 11 1.6207
39 185 10 1.1818
39 187 5 0.6708
39 188 16 23.3352
39 189 40 11.2189
39 190 89 32.2277
39 191 11 1.6835
39 192 2 0.2351
39 193 8 1.3773
39 194 28 4.5501
39 195 39 6.7645
39 196 5 0.8116
39 198 34 6.6807
39 199 11 1.3231
39 200 24 5.8522
39 201 8 1.3160
39 202 49 10.8621
39 203 89 40.1561
39 204 8 1.0751
39 205 38 8.7746
39 206 16 1.9125
39 207 25 5.2497
39 208 88 16.1780
39 210 25 2.8322
39 211 1 0.1139
39 212 11 2.4817
39 213 15 3.6936
39 214 2 0.2980
39 215 36 9.5290
39 216 5 0.7062
39 217 1 0.1369
39 218 2 0.0784
39 220 45 13.5159
39 221 92 18.6446
39 222 2 0.3631
39 223 13 2.1985
39 224 127 39.5140
39 225 1 0.0685
39 226 5 0.7852
39 228 30 5.2677
39 229 3 4.4978
39 230 13 2.6951
39 231 102 37.7916
39 232 6 0.7356
39 234 32 3.8818
39 235 51 8.1245
39 236 21 3.4743
39 237 68 25.5122
39 238 6 0.9620
39 240 54 8.8420
39 241 10 1.6995
39 242 6 0.6837
39 243 8 1.1858
39 244 45 7.2776
39 246 25 4.5276
39 247 18 2.8859
39 248 6 1.0071
39 250 33 6.4150
39 252 15 3.1547
39 253 2 0.2480
39 254 4 0.6488
39 255 30 5.6420
39 256 80 19.2414
39 257 15 3.3683
39 258 9 0.9125
39 259 11 1.6232
39 260 10 1.4960
39 261 28 5.4324
39 262 4 0.7226
39 263 8 0.8285
39 264 29 3.7440
39 266 55 10.4111
39 268 31 11.3099
39 269 61 13.5676
39 272 3 0.7704
39 273 27 6.3834
39 274 13 2.2557
39 275 8 1.1106
39 276 28 6.5114
39 277 24 6.9215
39 278 6 1.0346
39 279 14 2.2113
39 281 29 7.1375
39 283 19 5.0735
39 284 44 9.8276
39 285 31 4.7620
39 286 57 8.9178
39 288 1 0.0903
39 289 14 3.9388
39 291 9 1.6769
39 292 15 4.3090
39 293 62 14.3546
39 294 18 2.6708
39 295 28 4.0972
39 296 139 34.1484
39 297 2 0.3168
39 298 52 15.0982
39 300 8 1.0719
39 301 1 0.1943
39 303 48 12.0829
39 304 35 7.8275
39 305 5 1.0401
39 306 26 4.8634
39 307 126 37.3674
39 308 60 11.5207
39 309 7 0.9982
39 310 1 0.1331
39 311 10 1.6228
39 312 24 4.8003
39 313 17 3.3857
39 314 41 11.1141
39 315 1 0.1416
39 317 3 0.9827
39 318 13 7.1152
39 319 17 4.8721
39 322 23 4.3227
39 323 17 1.6251
39 324 41 9.3591
39 325 4 0.4292
39 326 52 13.1503
39 328 17 3.5328
39 329 1 0.1645
39 330 93 26.0129
39 331 8 1.1360
39 334 23 12.6196
39 335 21 3.7620
39 336 124 27.1477
39 337 36 7.0686
39 339 2 0.4167
39 341 7 1.3799
39 342 1 0.0846
39 346 29 8.8234
39 348 16 2.9814
39 349 248 89.1183
39 350 18 3.2813
39 351 40 12.7725
39 352 22 7.1834
39 354 20 5.3382
39 355 29 10.2383
39 356 36 7.3864
39 357 58 28.3779
39 358 14 2.3832
39 359 65 17.6362
39 360 43 15.0649
39 361 27 3.9155
39 362 90 26.0444
39 363 78 16.3574
39 364 4 0.5133
39 365 12 2.4348
39 366 18 1.9126
39 367 35 6.3210
39 368 163 51.3596
39 369 19 4.4705
39 370 25 2.8813
39 371 51 9.9505
39 373 6 0.7677
39 374 26 4.0031
39 375 12 5.5350
39 377 23 4.3214
39 378 1 0.0668
39 379 31 6.2819
39 380 9 1.4728
39 381 47 10.5747
39 382 71 26.6061
39 383 3 0.5840
