# layer expert count weight_sum
0 0 1511 513.7357
0 1 44 9.0267
0 2 1823 436.7141
0 3 1 0.1879
0 4 169 55.4152
0 5 568 157.5247
0 6 275 55.7539
0 7 408 88.6134
0 8 540 155.6584
0 9 941 274.9313
0 10 151 31.5717
0 11 863 187.7191
0 12 284 64.2850
0 14 649 134.6731
0 15 630 122.8372
0 16 15 2.5457
0 17 686 165.9105
0 18 466 98.1464
0 19 136 28.5536
0 20 246 45.8788
0 21 239 51.8632
0 22 169 41.0698
0 23 4 1.1006
0 24 283 56.9336
0 25 576 106.8215
0 26 71 13.9721
0 27 498 99.1580
0 28 1000 248.8610
0 29 609 116.6183
0 30 869 183.8209
0 31 431 92.0948
0 32 112 27.4351
0 33 257 45.1882
0 34 151 30.7430
0 35 642 159.1185
0 36 761 154.8237
0 37 7 1.4023
0 38 496 111.9723
0 39 2996 725.3375
0 40 1027 335.3878
0 41 673 162.4698
0 42 175 70.8677
0 43 378 74.9329
0 44 741 150.6182
0 45 313 75.7645
0 46 182 35.2064
0 47 403 83.6584
0 48 161 37.7299
0 49 268 53.8615
0 50 1 0.2673
0 51 33 5.6835
0 52 2 0.4456
0 53 114 20.0189
0 54 64 11.5986
0 55 143 28.1359
0 56 257 49.8169
0 57 21 3.6468
0 58 373 78.9216
0 59 209 40.0240
0 60 116 19.4248
0 61 122 40.7064
0 62 97 18.1353
0 63 55 10.9960
0 64 178 47.3287
0 65 86 17.5508
0 66 49 10.1672
0 67 232 71.2746
0 68 250 45.2168
0 69 503 121.0811
0 70 693 118.4231
0 71 505 112.7697
0 72 1168 229.8240
0 73 921 249.2316
0 74 288 52.8943
0 75 100 22.8947
0 76 1 0.1794
0 77 55 18.4902
0 78 734 140.5833
0 81 359 82.2560
0 82 238 43.6194
0 83 89 19.9138
0 84 187 42.5508
0 85 250 56.5789
0 86 1058 251.5121
0 87 115 22.9439
0 88 520 96.0484
0 89 598 106.3766
0 90 24 4.1139
0 91 23 3.7966
0 92 121 26.1031
0 94 658 200.2273
0 95 97 23.0541
0 96 312 112.7112
0 97 932 197.5865
0 98 54 17.6912
0 99 33 7.3439
0 100 30 5.8340
0 101 1108 437.1256
0 102 1662 299.2015
0 104 434 142.9937
0 105 1083 242.9612
0 106 106 17.9880
0 107 403 75.4220
0 108 317 61.1937
0 109 460 118.3360
0 110 739 277.5215
0 111 298 81.1995
0 112 135 48.5649
0 113 529 109.7463
0 114 79 14.5905
0 115 698 199.5540
0 116 2461 551.3942
0 117 98 21.3439
0 118 527 103.5930
0 119 208 38.4672
0 120 165 29.6587
0 121 42 6.6457
0 123 38 6.9285
0 124 283 55.0021
0 125 143 27.8205
0 126 175 37.9166
0 127 266 70.6790
0 128 362 94.0792
0 129 286 49.8491
0 130 4611 1515.9450
0 131 939 213.8848
0 132 92 15.3558
0 133 924 176.7264
0 134 84 30.1471
0 135 160 31.7364
0 136 786 272.3448
0 137 6 1.3954
0 138 1473 329.8074
0 139 23 5.3070
0 140 204 51.4269
0 141 207 49.3533
0 142 353 102.3792
0 143 996 238.4828
0 144 112 25.9597
0 145 577 125.8064
0 146 367 82.2152
0 147 311 74.3920
0 148 1208 256.9062
0 149 596 136.5139
0 150 69 14.4017
0 151 99 21.1571
0 152 498 114.0800
0 153 183 37.0084
0 154 1694 528.3781
0 155 165 48.7361
0 156 1683 399.5462
0 157 131 29.8594
0 158 671 139.9527
0 159 1868 523.1629
0 160 70 11.7821
0 161 1191 226.7261
0 162 215 48.5340
0 163 149 31.0258
0 164 999 197.6501
0 165 158 33.0769
0 166 245 47.9697
0 167 532 124.8638
0 168 1044 216.6677
0 169 939 317.5263
0 170 112 42.0265
0 171 99 18.3300
0 172 288 85.4041
0 173 276 84.6604
0 174 493 172.9068
0 175 219 43.6883
0 176 774 157.0725
0 177 129 26.2554
0 178 161 34.3077
0 179 8 1.8181
0 180 1060 196.9150
0 181 612 132.4228
0 182 42 10.7658
0 183 1746 660.2026
0 184 398 78.1125
0 185 233 44.6938
0 186 141 26.6876
0 187 207 42.9076
0 188 1054 427.7614
0 189 773 147.8756
0 190 20 3.7124
0 191 388 78.0520
0 192 268 51.3988
0 193 412 149.6227
0 194 328 74.1131
0 195 201 41.9589
0 196 182 36.3092
0 197 1241 280.2457
0 198 588 127.6850
0 199 32 5.5470
0 200 46 9.7277
0 201 164 52.2652
0 202 4 0.8785
0 203 161 51.9479
0 204 37 7.6123
0 205 1767 513.9662
0 206 30 7.7378
0 207 489 118.8899
0 208 787 158.2479
0 209 120 27.0744
0 210 58 12.5130
0 211 294 51.6929
0 212 22 4.7254
0 213 1208 380.1822
0 214 92 18.1527
0 215 1311 260.7445
0 216 510 127.2046
0 217 72 11.9243
0 219 321 63.4802
0 220 283 55.2471
0 221 11 2.3207
0 222 260 51.5924
0 223 138 27.5561
0 224 246 42.7566
0 225 777 209.8539
0 226 86 19.0863
0 227 632 134.5631
0 228 236 43.1034
0 229 839 192.4659
0 230 137 29.5302
0 231 810 185.3749
0 232 769 260.2468
0 233 13 2.6804
0 234 1090 262.3112
0 235 51 9.8862
0 236 235 45.9405
0 237 506 135.8737
0 238 746 229.3356
0 239 109 16.4459
0 240 22 3.5464
0 241 945 322.3576
0 242 929 223.9872
0 243 8 1.4261
0 244 24 4.8876
0 245 1621 285.7887
0 246 101 20.7050
0 247 73 15.6376
0 248 331 79.5407
0 249 4 0.9227
0 250 105 20.2187
0 251 688 192.5169
0 252 329 59.9265
0 253 611 156.4464
0 254 7 1.4191
0 255 45 8.0963
0 256 156 33.6005
0 257 355 90.2149
0 258 9 2.0142
0 259 462 83.9909
0 260 921 290.8378
0 261 167 45.4539
0 262 812 309.1983
0 263 698 288.1403
0 264 61 11.9241
0 265 43 7.7395
0 266 963 250.5648
0 267 664 321.3809
0 268 1316 582.7498
0 269 501 103.5123
0 270 58 17.8495
0 271 353 72.5351
0 272 151 32.8843
0 273 197 38.9338
0 274 261 61.9220
0 275 831 262.8034
0 276 564 141.3149
0 277 17 6.7379
0 278 151 30.0523
0 279 530 97.7745
0 280 1193 251.4882
0 281 228 67.2757
0 282 590 127.7735
0 283 381 86.4298
0 284 829 175.4330
0 285 612 130.1172
0 286 341 76.9626
0 287 75 14.2852
0 288 425 83.8264
0 289 936 320.4010
0 290 606 186.0560
0 291 173 33.2664
0 292 2 0.5345
0 293 322 67.3418
0 294 187 43.4629
0 295 513 180.3462
0 296 569 145.3342
0 297 486 110.3074
0 298 25 5.1414
0 299 685 135.5685
0 300 1235 327.6451
0 301 395 86.7924
0 302 87 30.0860
0 303 222 40.3623
0 304 262 82.7622
0 305 577 116.0029
0 306 402 101.1138
0 307 159 32.8324
0 308 569 116.1882
0 309 158 27.4286
0 310 1413 529.3430
0 311 582 132.2314
0 312 317 57.7014
0 313 52 10.9035
0 314 448 83.6414
0 315 630 141.6379
0 316 494 93.1049
0 317 1143 280.6279
0 318 65 25.4679
0 319 209 40.3489
0 320 343 70.5263
0 321 608 130.6454
0 322 758 261.4460
0 323 3482 1141.9723
0 324 201 44.3647
0 325 321 84.8270
0 326 347 62.1002
0 327 322 63.9228
0 328 278 56.5403
0 329 462 117.3551
0 330 526 130.0056
0 331 654 138.7695
0 332 99 19.8419
0 333 152 33.9391
0 334 469 92.1176
0 335 35 7.3850
0 336 54 12.9892
0 337 627 127.3419
0 338 165 37.3073
0 339 71 14.9088
0 340 15 3.6542
0 341 2171 690.0985
0 342 525 96.6712
0 343 1150 251.1373
0 344 3 0.5952
0 345 357 65.8647
0 346 351 63.4858
0 347 63 31.7439
0 348 748 172.4199
0 349 325 59.1312
0 350 256 51.1140
0 351 767 209.8972
0 352 762 201.0419
0 353 597 120.2710
0 354 710 135.4833
0 355 890 190.7747
0 356 152 32.2270
0 357 154 40.1758
0 358 126 26.2560
0 359 185 32.8983
0 360 54 11.3398
0 361 490 121.6374
0 362 92 29.6209
0 363 461 92.4575
0 364 397 82.2863
0 365 161 28.5147
0 366 1786 368.7217
0 367 382 86.0611
0 368 181 37.5974
0 369 132 36.2675
0 370 823 158.3280
0 371 227 46.6580
0 372 73 12.0492
0 374 221 46.7641
0 375 89 18.8067
0 376 82 16.4973
0 377 61 11.4686
0 378 318 103.6490
0 379 122 35.7942
0 380 73 13.9214
0 381 255 53.9046
0 382 135 23.1290
0 383 138 32.3071
1 0 853 268.0815
1 1 111 25.0184
1 2 289 65.9440
1 3 164 36.2552
1 4 511 124.9963
1 5 3346 893.6842
1 6 183 40.4292
1 7 430 102.3281
1 8 224 59.1878
1 9 7 1.6182
1 10 374 90.2996
1 11 1506 596.7814
1 12 226 64.9786
1 13 107 26.1752
1 14 511 160.6107
1 15 539 117.5146
1 16 1 0.2902
1 17 18 4.1623
1 18 86 17.9084
1 19 1034 252.5921
1 20 571 202.9111
1 21 248 43.9861
1 22 438 102.4478
1 23 300 69.4202
1 24 420 100.5296
1 25 208 45.4522
1 26 994 230.8530
1 27 75 17.7606
1 28 295 67.6736
1 29 1 0.2709
1 30 573 124.4523
1 31 99 21.9746
1 32 143 32.0513
1 33 1214 274.1113
1 34 261 62.4106
1 35 629 141.5848
1 36 62 13.7217
1 37 37 7.7459
1 38 437 99.6390
1 39 461 106.3258
1 41 186 42.2562
1 42 243 54.4305
1 43 75 15.3688
1 44 51 11.6887
1 45 562 181.6800
1 46 108 23.9204
1 47 417 99.4348
1 48 197 45.0774
1 49 332 90.6989
1 50 83 17.4211
1 51 677 155.8447
1 52 204 41.6863
1 53 261 55.1682
1 54 674 151.1372
1 55 71 14.5042
1 56 106 35.7749
1 57 357 81.8896
1 58 5 1.0700
1 59 277 64.1797
1 60 172 37.9318
1 61 583 121.8386
1 62 81 30.4722
1 63 440 96.1538
1 64 439 115.0973
1 65 63 14.3898
1 66 258 74.6066
1 67 2308 622.3649
1 68 66 21.2224
1 69 103 23.3351
1 70 463 110.9282
1 71 375 86.9485
1 72 59 15.6286
1 73 268 64.8628
1 75 1868 775.7644
1 76 39 9.7760
1 77 186 42.2046
1 78 2 0.4079
1 80 230 51.8167
1 81 120 27.0213
1 82 558 154.2226
1 83 136 28.5114
1 84 465 100.8027
1 85 832 164.6933
1 86 21 4.8851
1 87 112 38.5339
1 88 2350 564.8593
1 89 60 14.4521
1 90 99 23.1872
1 91 273 73.8325
1 92 427 107.8176
1 93 868 194.6185
1 94 53 10.4465
1 95 119 25.0826
1 96 7 1.3031
1 97 339 83.6509
1 98 737 247.4098
1 99 71 14.9198
1 100 536 118.2782
1 101 30 8.4791
1 102 125 28.2939
1 103 649 146.8942
1 104 336 99.9452
1 105 298 61.7089
1 106 2768 653.4447
1 107 262 55.7520
1 108 382 106.3103
1 109 893 208.6225
1 110 2920 854.0295
1 111 167 37.6601
1 112 1072 249.0493
1 113 117 34.5123
1 114 95 30.3571
1 115 81 16.7796
1 116 66 15.3399
1 117 348 80.4066
1 118 123 27.2198
1 119 48 14.0495
1 120 500 125.5586
1 121 558 120.4361
1 122 820 187.1373
1 123 60 14.8181
1 124 24 7.4483
1 125 691 151.6813
1 126 207 45.1222
1 127 354 91.8967
1 128 188 40.1853
1 129 383 102.3147
1 130 173 43.3536
1 131 646 168.0349
1 132 3 0.6307
1 133 435 125.4884
1 134 1759 441.6100
1 135 756 185.4473
1 136 211 47.3137
1 137 42 12.8641
1 138 564 128.1152
1 140 16 4.1945
1 141 226 52.9964
1 142 29 6.7740
1 143 80 18.3561
1 144 431 119.3998
1 145 69 14.4042
1 146 740 166.6453
1 147 704 148.3639
1 148 278 79.5749
1 149 183 50.8130
1 150 115 27.8782
1 151 77 25.4512
1 152 27 5.9221
1 153 3 0.8774
1 154 162 36.9054
1 155 1451 355.0200
1 156 481 108.9259
1 157 370 114.1101
1 158 641 191.7291
1 159 1801 460.4717
1 160 1163 264.4627
1 161 644 153.2825
1 162 270 67.1162
1 163 512 110.8678
1 164 55 14.2964
1 165 139 31.8872
1 166 820 195.7087
1 167 198 44.2636
1 168 228 66.4825
1 169 151 32.3421
1 170 421 91.7784
1 171 87 19.7079
1 172 326 69.1780
1 173 1371 402.0568
1 174 77 17.3755
1 175 193 41.7035
1 176 709 188.4701
1 177 184 51.8701
1 178 230 52.0685
1 179 441 86.7182
1 180 1203 321.2948
1 181 96 21.0854
1 182 172 35.5928
1 183 127 31.5125
1 184 395 92.8938
1 185 676 143.8686
1 186 960 242.3644
1 187 680 151.8605
1 188 614 216.7099
1 189 61 13.3438
1 190 257 59.7975
1 191 922 284.8635
1 192 115 35.6453
1 193 3422 1044.8123
1 194 253 62.1970
1 195 742 161.9481
1 196 2 0.4969
1 197 105 23.4587
1 198 918 222.4307
1 199 610 117.3073
1 200 313 79.0290
1 201 18 3.9355
1 202 168 38.4486
1 203 452 101.8893
1 204 38 9.0612
1 205 5 1.4875
1 206 759 174.3035
1 207 58 15.2175
1 208 327 72.0615
1 209 191 39.6356
1 210 100 22.7294
1 211 305 71.2809
1 212 1020 230.3456
1 213 559 126.4980
1 214 134 35.8479
1 215 492 104.9297
1 216 87 17.7726
1 217 539 150.3290
1 218 147 36.9944
1 219 638 193.1713
1 220 250 56.7425
1 221 180 38.9505
1 222 441 96.0341
1 223 143 31.9720
1 224 849 203.3393
1 225 43 10.4000
1 226 87 18.5649
1 227 288 65.7470
1 228 778 171.0645
1 229 199 45.4357
1 230 296 64.5009
1 231 174 40.5619
1 232 275 61.3050
1 233 180 41.3507
1 234 668 150.9852
1 235 157 35.2377
1 236 2149 465.4803
1 237 103 25.0665
1 238 55 12.2315
1 239 195 42.1099
1 240 918 311.9317
1 241 254 54.7833
1 242 804 182.6842
1 243 86 18.8734
1 244 130 45.3522
1 245 218 49.0347
1 246 268 58.6734
1 247 676 168.1956
1 248 719 170.6345
1 249 18 6.1400
1 250 20 6.5704
1 251 1327 456.9625
1 252 445 91.2901
1 253 142 33.5045
1 254 1518 351.9055
1 255 650 145.8260
1 256 59 12.7926
1 257 150 32.9389
1 258 79 16.7796
1 259 2043 548.6508
1 260 1411 329.9117
1 261 1 0.1363
1 262 161 36.5392
1 263 575 130.5394
1 264 5 1.2244
1 265 542 145.6137
1 266 389 87.0804
1 267 539 119.3967
1 268 211 49.7228
1 269 119 26.4720
1 270 557 150.1794
1 271 647 151.0802
1 272 408 90.7793
1 273 118 27.5254
1 274 195 46.2706
1 275 658 147.6996
1 276 5 1.6325
1 277 95 21.9569
1 278 159 37.1085
1 279 381 85.8075
1 280 1078 242.4241
1 281 185 43.7430
1 282 13 2.8993
1 283 2767 711.0059
1 284 407 87.5592
1 285 325 60.6952
1 286 32 7.2542
1 287 195 42.5753
1 288 214 46.8136
1 289 83 22.9413
1 290 434 90.5724
1 291 71 12.8744
1 292 305 87.1169
1 293 959 224.4054
1 294 694 176.3984
1 295 326 69.5164
1 296 312 68.7362
1 297 881 218.8204
1 298 196 41.5072
1 299 151 33.6287
1 300 98 19.5197
1 301 380 88.9849
1 302 291 67.2701
1 303 47 9.8877
1 304 235 50.7586
1 305 223 52.0910
1 306 620 174.1283
1 307 216 64.9046
1 308 25 6.3362
1 309 3 0.7711
1 310 353 80.4572
1 311 205 43.3926
1 312 140 32.0622
1 313 1151 261.8747
1 314 337 69.8466
1 315 95 21.9060
1 316 1382 376.3520
1 317 78 19.7351
1 318 2278 564.5885
1 319 940 211.7584
1 320 492 110.5721
1 321 300 67.3714
1 322 1353 312.4722
1 323 1491 342.0046
1 324 1099 256.1267
1 325 122 25.1889
1 326 135 29.0490
1 327 161 33.8881
1 328 229 53.4287
1 329 111 29.9411
1 330 443 99.5430
1 331 141 30.1446
1 332 369 76.2974
1 333 902 214.2958
1 334 175 37.6416
1 335 7 1.3339
1 336 204 63.3703
1 337 364 83.9474
1 338 108 23.6835
1 339 415 102.2430
1 340 2817 650.8640
1 341 910 347.3223
1 342 177 40.6809
1 343 161 38.7008
1 344 396 84.7859
1 345 112 25.4815
1 346 202 47.3552
1 347 73 15.9586
1 348 9 1.8375
1 349 1368 388.9344
1 350 438 96.8750
1 353 347 74.8989
1 354 157 34.8866
1 355 43 9.5851
1 356 585 125.9938
1 357 36 6.5929
1 358 32 6.7505
1 359 14 2.6800
1 360 983 219.6864
1 361 3001 796.3446
1 362 245 54.9014
1 363 115 25.4971
1 364 125 27.9073
1 365 162 38.9919
1 366 188 39.5663
1 367 2 0.4363
1 368 577 127.8480
1 369 567 146.6626
1 370 214 47.3327
1 371 2361 533.8534
1 372 467 117.7900
1 373 1171 334.4070
1 374 55 14.1024
1 375 269 74.5774
1 376 208 48.2591
1 377 1046 265.3966
1 378 1042 240.9367
1 379 170 56.6755
1 380 529 126.0732
1 381 384 79.3488
1 382 30 11.1168
1 383 31 6.4934
2 0 9 2.0791
2 1 1510 356.0754
2 2 1543 351.2982
2 3 274 72.2950
2 4 105 24.5511
2 5 2 0.4503
2 6 403 98.2746
2 7 461 109.6305
2 8 1626 377.3994
2 9 918 217.5169
2 10 405 115.9058
2 11 105 27.8347
2 12 601 135.6707
2 13 206 45.4422
2 14 26 5.5441
2 15 240 65.8596
2 16 253 59.4859
2 17 17 4.0599
2 18 79 17.2663
2 19 226 55.7509
2 20 390 92.7707
2 21 147 34.6749
2 23 513 115.2201
2 24 171 37.3783
2 25 995 230.9924
2 26 263 55.9544
2 27 966 221.6990
2 28 16 3.6514
2 29 89 19.9594
2 30 971 221.9964
2 31 1145 251.5525
2 32 156 32.9839
2 33 345 79.1770
2 34 41 9.1240
2 35 4523 1221.8598
2 36 4 0.8904
2 37 7 1.5889
2 38 2 0.5880
2 39 193 39.5873
2 40 91 20.2712
2 41 563 135.2551
2 42 1726 456.9853
2 43 15 3.5200
2 44 9 2.1842
2 45 346 75.4712
2 46 219 45.4711
2 47 197 48.1799
2 48 378 87.2571
2 49 332 96.6361
2 50 82 30.5367
2 51 92 19.8444
2 52 117 21.6412
2 53 466 125.6869
2 54 125 28.0368
2 55 2 0.4578
2 56 71 20.5615
2 57 71 16.2759
2 58 4234 1085.0675
2 59 279 66.5307
2 60 132 27.1743
2 61 2 0.4053
2 62 88 17.7737
2 63 27 5.7797
2 64 67 17.5365
2 65 119 27.4495
2 66 225 52.3387
2 67 767 184.8831
2 68 2171 527.9688
2 69 3041 702.7204
2 71 117 23.9347
2 72 46 10.4286
2 73 180 41.1836
2 74 616 136.5059
2 75 28 6.2089
2 76 109 25.1436
2 77 708 170.1141
2 78 137 30.3114
2 79 1930 445.1979
2 80 81 16.7867
2 81 40 8.6388
2 82 649 146.9512
2 83 60 13.6910
2 84 54 11.5915
2 85 16 3.6077
2 86 107 24.4473
2 87 424 114.6052
2 88 341 77.2075
2 89 161 46.6166
2 90 39 8.9066
2 91 1442 302.3016
2 92 30 6.9638
2 93 313 69.8909
2 94 180 43.4217
2 95 379 88.4711
2 96 2571 611.8376
2 97 116 27.4438
2 98 228 53.5045
2 99 380 86.3846
2 100 195 41.6893
2 101 560 150.8471
2 102 807 250.3448
2 103 215 48.0377
2 104 564 130.8716
2 105 4788 1290.3062
2 106 92 20.5497
2 107 228 52.2823
2 108 300 73.1261
2 109 29 7.9153
2 110 112 24.3670
2 111 185 39.5728
2 112 194 40.9095
2 113 30 6.9561
2 114 132 47.8313
2 115 958 248.5050
2 116 66 13.8884
2 117 62 13.1268
2 118 687 157.4149
2 119 601 142.7294
2 120 746 175.2489
2 121 205 60.6955
2 122 46 10.0182
2 123 285 67.5674
2 124 63 20.3512
2 125 583 151.1599
2 126 433 95.0831
2 127 11 2.7348
2 128 712 151.9403
2 129 49 9.7115
2 130 183 67.4561
2 131 3887 919.1380
2 132 1933 555.2924
2 133 14 3.3681
2 134 657 208.0921
2 135 565 184.7994
2 136 359 82.3658
2 137 33 7.3607
2 138 206 50.7110
2 139 1925 426.0597
2 140 484 118.4659
2 141 522 157.1306
2 142 315 87.2602
2 143 52 12.0046
2 144 580 139.9083
2 145 379 82.8318
2 146 85 19.2964
2 147 3188 805.8293
2 148 129 33.9847
2 149 2 0.3884
2 150 104 21.8841
2 151 1029 246.2175
2 152 1030 336.7801
2 153 845 197.5730
2 154 47 9.3621
2 155 85 19.8213
2 156 521 114.1358
2 157 79 17.8761
2 158 647 154.7664
2 159 1 0.1543
2 160 280 66.1716
2 161 36 7.8789
2 162 2 0.4004
2 163 987 260.3497
2 165 285 65.1809
2 166 1828 527.6842
2 167 401 88.6223
2 168 8 1.6931
2 169 6 1.1265
2 170 113 30.0654
2 171 4 0.6698
2 172 566 179.8756
2 173 19 4.2932
2 174 60 18.3490
2 175 1079 245.4996
2 176 253 58.6736
2 177 436 106.3029
2 178 269 70.9740
2 179 252 64.0850
2 181 399 99.6866
2 182 1 0.2667
2 183 208 47.1551
2 184 78 18.1960
2 185 671 149.8004
2 186 90 20.2479
2 187 663 147.1126
2 188 11 2.4121
2 189 902 207.5553
2 190 13 3.5519
2 191 199 46.1897
2 192 61 12.5197
2 193 127 29.7642
2 194 433 109.1559
2 195 171 43.8840
2 196 781 181.5740
2 197 6 1.3601
2 198 10 2.2531
2 199 1771 454.4408
2 200 678 241.8249
2 201 56 12.6413
2 202 201 45.3602
2 203 572 151.3875
2 204 401 88.1835
2 205 100 25.4444
2 206 1201 286.8592
2 207 245 51.7516
2 208 77 17.3636
2 209 295 78.5810
2 210 250 66.9679
2 211 20 4.3215
2 212 424 94.0101
2 213 2093 511.5844
2 214 762 211.0336
2 215 172 40.6442
2 216 1414 405.8448
2 217 279 63.9414
2 218 5 0.9921
2 219 188 42.6619
2 220 171 33.2441
2 221 34 8.4474
2 222 178 53.7587
2 223 384 129.8444
2 224 568 151.7438
2 225 3 0.6235
2 226 693 170.8331
2 227 13 2.4922
2 228 120 30.9285
2 229 207 45.2708
2 230 537 122.5327
2 231 82 17.2253
2 232 199 53.5055
2 233 99 37.6815
2 234 958 240.8362
2 235 71 15.1521
2 236 5 1.4379
2 238 254 58.7982
2 239 44 10.1536
2 240 323 73.8225
2 241 1353 341.6515
2 242 1198 394.8828
2 243 142 38.1451
2 244 37 7.7267
2 245 2 0.3197
2 246 137 36.8484
2 247 30 5.7455
2 248 65 14.0335
2 249 41 8.8479
2 250 102 22.5150
2 251 15 3.2489
2 252 369 88.9992
2 253 160 35.9081
2 254 681 166.7945
2 255 402 91.4276
2 256 362 94.0702
2 257 121 23.8136
2 258 12 2.7756
2 259 12 2.3942
2 260 274 74.8628
2 261 879 195.9691
2 262 1883 415.6114
2 263 40 9.4335
2 264 47 9.5019
2 265 241 52.5976
2 266 76 17.6628
2 267 30 7.4931
2 268 196 39.0798
2 269 82 21.7760
2 270 1074 256.0197
2 271 151 42.7614
2 272 59 13.0363
2 273 85 19.2525
2 274 5 1.3682
2 275 3 0.7701
2 276 199 44.4243
2 277 89 18.9382
2 278 1375 423.4146
2 279 121 44.7902
2 280 230 52.2445
2 281 487 117.4921
2 282 93 19.5896
2 283 221 52.9511
2 284 220 48.0228
2 285 36 8.2523
2 286 64 13.7287
2 288 123 26.1792
2 289 3683 887.7764
2 290 187 43.9838
2 291 708 164.9786
2 292 4 0.8343
2 293 164 47.5315
2 294 92 20.9068
2 295 29 6.2561
2 296 200 45.3924
2 297 515 133.7372
2 298 1504 401.3695
2 299 208 51.6455
2 300 34 5.1027
2 301 681 155.5924
2 302 260 57.8334
2 303 48 11.1844
2 304 234 46.9419
2 305 741 233.0471
2 306 133 29.4756
2 307 66 22.7839
2 308 681 158.5380
2 309 9 1.7881
2 311 971 230.4871
2 312 28 6.5067
2 313 3 0.7243
2 314 186 47.7338
2 315 168 29.2505
2 316 1937 631.1673
2 317 25 5.6342
2 318 38 8.1228
2 319 81 18.9355
2 320 2334 523.8100
2 321 77 17.2548
2 322 184 40.7985
2 323 906 216.2136
2 324 268 76.9209
2 325 1 0.2280
2 326 302 67.5174
2 327 3086 920.9775
2 328 1942 460.6199
2 329 159 35.1328
2 330 1293 301.2190
2 331 466 107.0419
2 332 984 238.7419
2 333 123 29.9472
2 334 28 5.6430
2 335 551 125.9667
2 336 31 5.8606
2 337 103 40.0311
2 338 14 3.0370
2 339 154 34.7529
2 340 80 16.7144
2 341 28 6.3256
2 342 56 13.0612
2 343 11 2.2883
2 344 855 209.2147
2 345 277 65.6101
2 347 387 93.6483
2 348 4 1.0013
2 349 6 1.3622
2 351 566 156.1926
2 352 732 159.4561
2 353 55 14.7439
2 354 1244 281.8843
2 355 67 16.6974
2 356 1 0.1880
2 357 10 2.2722
2 358 1785 467.1372
2 359 434 98.1188
2 360 74 16.7194
2 361 43 9.5531
2 362 46 12.7820
2 363 162 36.3952
2 365 121 27.5943
2 366 475 112.2039
2 367 164 41.1829
2 368 260 57.8617
2 369 1381 310.4930
2 370 26 5.9106
2 372 36 8.1253
2 373 1348 351.4588
2 374 122 27.2277
2 375 3114 957.0272
2 376 56 12.3975
2 377 520 120.3475
2 378 199 43.7026
2 379 29 6.9274
2 380 934 233.0255
2 381 188 42.3919
2 382 1136 295.8784
2 383 929 204.6693
3 0 2 0.3199
3 1 161 36.1103
3 2 74 17.3177
3 3 12 2.0528
3 4 445 101.5512
3 5 190 37.6059
3 6 6 0.9947
3 7 425 75.4955
3 8 1 0.1260
3 9 37 6.9976
3 10 135 25.5422
3 11 53 19.2930
3 12 562 99.8465
3 13 3131 765.7790
3 14 247 47.5027
3 15 381 116.5078
3 16 219 43.2590
3 17 2434 480.8822
3 18 763 221.7272
3 19 111 24.1367
3 21 611 109.2664
3 22 961 267.9076
3 23 139 26.1068
3 24 12 2.5021
3 25 27 5.3507
3 26 39 8.1637
3 27 64 14.4321
3 28 5 0.9375
3 29 76 15.2021
3 31 345 58.2517
3 32 189 33.6657
3 33 194 35.1554
3 34 75 19.2534
3 35 392 83.3939
3 36 8 1.6028
3 37 9668 3106.2826
3 38 115 31.8279
3 39 112 23.3560
3 40 475 110.3566
3 41 8 1.9571
3 42 245 54.0621
3 43 156 31.1995
3 44 33 5.8457
3 45 39 8.9055
3 46 13 2.5586
3 47 20 3.7548
3 48 24 4.9219
3 49 517 187.4719
3 50 193 40.3383
3 51 192 41.7021
3 52 211 41.0040
3 53 29 5.4379
3 54 978 241.8024
3 55 65 14.8859
3 56 367 85.4781
3 57 7 1.6559
3 58 272 57.3573
3 59 31 6.6629
3 60 9 1.6788
3 61 8337 1825.3862
3 62 168 36.1407
3 63 9 1.7013
3 64 179 36.6953
3 65 77 15.7730
3 66 166 38.0215
3 67 1255 426.1232
3 68 27 5.2620
3 69 146 32.6792
3 70 171 52.6849
3 71 27 4.3741
3 72 4 0.8090
3 73 90 13.3676
3 74 300 64.5815
3 75 89 14.1666
3 76 20 4.1376
3 77 5 0.9489
3 78 820 180.9350
3 79 37 7.8841
3 80 81 30.8340
3 81 445 114.6258
3 82 1 0.2581
3 83 167 54.8497
3 84 53 8.9607
3 85 6 1.4229
3 86 82 16.2746
3 87 69 16.7556
3 88 1 0.1995
3 89 1059 246.3270
3 90 138 33.2085
3 91 1320 441.7748
3 92 130 31.8222
3 93 88 20.2606
3 94 1362 306.9400
3 95 88 17.4333
3 96 4612 1027.2170
3 97 12 2.9006
3 98 371 78.0880
3 99 78 17.5674
3 100 222 47.0154
3 101 43 11.4581
3 102 1046 274.7185
3 103 10 2.3448
3 104 35 7.1910
3 105 193 35.8389
3 106 450 96.1223
3 107 494 165.2633
3 108 5 0.9569
3 109 370 77.4556
3 110 1307 402.8123
3 111 123 29.1696
3 112 56 10.3889
3 113 17 3.2878
3 114 903 223.0416
3 115 27 5.1804
3 116 141 28.5887
3 117 397 78.6293
3 118 609 113.1467
3 119 718 211.6652
3 120 50 8.6575
3 121 106 20.1418
3 122 129 40.3459
3 123 20 4.2763
3 124 56 10.4756
3 125 42 9.5219
3 126 403 100.2421
3 128 214 45.4417
3 130 621 123.4736
3 131 43 7.9211
3 132 114 26.8310
3 133 40 7.7376
3 134 17 3.4112
3 135 4 0.8107
3 136 596 163.5224
3 137 241 46.4183
3 138 39 8.0812
3 139 7 1.7460
3 140 15 2.9111
3 141 224 46.1586
3 142 103 23.3189
3 143 193 37.5520
3 144 511 129.8218
3 145 67 21.6623
3 146 44 9.1541
3 147 3940 840.4954
3 148 611 121.7432
3 149 2215 688.0255
3 150 85 39.7655
3 151 516 110.1459
3 152 238 45.6141
3 153 1724 389.5702
3 154 430 189.2107
3 155 100 27.0971
3 156 123 23.5425
3 157 190 45.1608
3 158 9 1.9791
3 159 353 80.2293
3 160 127 23.9141
3 161 2621 624.2926
3 163 620 109.9152
3 164 446 88.5652
3 165 399 77.8485
3 166 298 71.9956
3 167 2710 598.5305
3 168 542 120.7722
3 169 1610 328.1491
3 170 80 25.4674
3 171 10 2.1162
3 172 75 25.2151
3 173 405 89.9565
3 174 48 9.9408
3 176 231 50.0021
3 177 652 147.6030
3 178 200 41.0335
3 179 181 34.3064
3 180 359 92.2824
3 181 5 1.2320
3 182 383 79.9922
3 183 53 10.8139
3 184 98 23.9908
3 185 240 50.0830
3 186 713 175.9902
3 188 25 4.7437
3 189 378 100.4254
3 190 204 40.1502
3 191 130 29.2756
3 192 1925 883.1456
3 193 65 20.8740
3 194 532 130.5615
3 195 246 50.1581
3 196 2 0.3817
3 197 234 62.2779
3 198 226 45.2680
3 199 153 31.6064
3 200 151 29.4826
3 201 94 23.1883
3 202 77 25.6239
3 203 23 4.7895
3 204 46 9.2309
3 205 123 53.7136
3 206 174 56.6929
3 207 230 71.5942
3 208 4 0.8031
3 209 298 86.1598
3 210 45 9.9410
3 211 371 65.8444
3 212 9 1.6460
3 213 63 12.6488
3 214 2385 783.3449
3 215 162 30.6334
3 216 9 1.6528
3 217 56 14.4447
3 218 181 51.5801
3 219 94 20.4738
3 220 354 65.7594
3 221 85 17.8413
3 222 499 117.8244
3 223 35 6.5352
3 224 8067 1848.5446
3 225 108 23.1979
3 226 693 144.8584
3 227 1 0.2031
3 228 77 29.1702
3 229 230 43.3973
3 230 236 46.0093
3 231 48 10.5870
3 232 823 317.1720
3 233 3436 1095.2841
3 234 125 23.8672
3 235 5 1.2381
3 236 88 16.9694
3 237 346 104.6342
3 239 91 17.5861
3 240 646 162.7344
3 243 44 8.4655
3 244 9 1.7836
3 245 168 35.7328
3 246 306 85.2879
3 247 83 26.3406
3 248 127 26.5158
3 249 317 73.8561
3 250 992 238.7282
3 251 226 64.3289
3 252 1239 353.9548
3 253 270 49.5444
3 254 87 21.5047
3 255 2 0.3232
3 257 727 154.6857
3 258 50 15.9446
3 259 177 38.5463
3 260 276 118.4618
3 261 8 1.6737
3 262 12401 2824.3470
3 263 21 4.5416
3 264 344 71.2207
3 265 811 224.1734
3 266 546 150.2625
3 267 169 39.1765
3 268 106 31.5175
3 269 9 1.5919
3 270 959 243.9200
3 271 115 28.0098
3 272 147 31.5163
3 273 35 7.1096
3 274 178 40.2831
3 275 1367 304.8823
3 276 161 33.0845
3 277 66 15.4738
3 278 59 12.0005
3 279 720 175.1435
3 280 7 1.4195
3 281 17 3.2274
3 282 8 1.3525
3 283 70 27.7646
3 285 196 40.7146
3 286 38 9.1808
3 287 23 5.0851
3 288 3387 1113.1106
3 289 120 22.0588
3 290 13 2.3524
3 291 160 53.5832
3 293 772 157.9211
3 294 243 65.8548
3 295 110 27.9931
3 296 20 4.2877
3 297 284 80.6200
3 298 143 34.7404
3 299 142 26.0577
3 300 322 62.0528
3 301 2 0.3671
3 302 12 3.8784
3 303 1528 387.7508
3 304 1666 555.8680
3 305 127 43.0243
3 306 427 85.7886
3 307 695 155.2457
3 308 4 0.6926
3 309 323 63.8357
3 310 75 18.3772
3 311 40 8.2148
3 312 1652 561.9480
3 313 52 10.9211
3 314 40 7.6217
3 315 9 1.6984
3 316 102 26.9374
3 317 166 33.3871
3 318 23 4.5838
3 319 199 35.6853
3 320 304 61.0048
3 321 230 40.5949
3 322 64 12.7575
3 323 39 6.8915
3 324 303 62.2182
3 325 213 38.7512
3 326 33 7.2366
3 327 214 55.3508
3 328 110 21.1718
3 329 204 43.3396
3 330 1768 470.3349
3 331 229 42.4954
3 332 81 20.1756
3 333 5 0.9596
3 334 178 34.2881
3 335 49 9.9570
3 336 74 21.7705
3 337 1603 443.9014
3 338 129 27.7152
3 339 601 116.9253
3 340 18 3.9172
3 341 51 20.3880
3 342 23 5.1637
3 343 114 20.2199
3 344 222 44.6184
3 345 41 7.6930
3 346 98 17.9958
3 347 2 0.4048
3 348 75 15.7482
3 349 3720 899.2039
3 350 763 177.5824
3 351 11 1.9731
3 352 217 38.2587
3 353 57 19.0227
3 354 53 10.8877
3 355 1244 243.1276
3 356 40 6.1448
3 357 1510 347.0504
3 358 130 35.8316
3 359 98 40.5620
3 360 209 65.0830
3 361 108 21.1300
3 362 34 7.2242
3 363 520 101.4677
3 364 316 79.0835
3 365 858 223.8419
3 366 21 4.4794
3 368 845 212.9997
3 369 108 25.6040
3 370 2349 480.4614
3 371 61 12.2892
3 372 243 46.5860
3 374 7 1.3704
3 375 4 0.8470
3 376 1165 265.4781
3 377 525 122.1631
3 378 342 65.6442
3 379 72 15.2437
3 380 154 34.5792
3 381 90 27.5046
3 382 20 3.6534
3 383 54 11.3162
4 0 1467 362.4244
4 1 78 16.2068
4 2 145 29.2623
4 3 230 52.7728
4 4 183 40.0611
4 5 632 134.1052
4 7 135 26.8589
4 8 64 24.6501
4 9 558 126.1097
4 10 121 32.1896
4 11 951 225.4761
4 12 1050 238.2982
4 13 207 45.9902
4 14 400 86.4999
4 15 97 20.1907
4 16 21 4.4662
4 17 494 123.1219
4 18 355 94.3477
4 19 265 63.6863
4 20 7 1.5549
4 21 61 24.3184
4 22 113 20.8877
4 23 639 148.6480
4 24 267 57.6603
4 25 451 92.5863
4 26 2764 941.3061
4 27 7 1.4357
4 28 671 146.1378
4 29 35 6.1402
4 30 12 2.7163
4 31 52 10.4337
4 32 1189 310.6525
4 33 662 151.8361
4 34 232 48.6787
4 35 88 26.4551
4 36 4 0.8060
4 37 224 53.9179
4 38 54 11.5069
4 39 552 136.9253
4 40 277 58.8411
4 41 24 4.8137
4 42 119 24.0310
4 43 456 96.4495
4 44 205 46.5175
4 45 382 78.5125
4 46 492 108.5303
4 47 127 25.2636
4 48 250 57.8674
4 49 1999 535.0332
4 50 2211 452.1413
4 51 120 28.3623
4 52 42 8.9223
4 53 261 53.9036
4 54 1056 275.5262
4 55 253 54.4220
4 56 126 30.0198
4 57 36 8.2842
4 58 1799 480.1291
4 59 118 24.4786
4 60 115 28.0674
4 61 349 84.4788
4 62 264 65.5849
4 63 299 72.4667
4 64 53 11.3911
4 65 412 88.0302
4 66 63 14.4126
4 67 22 4.9121
4 68 226 49.4488
4 69 79 18.7108
4 70 977 267.4967
4 71 113 22.7066
4 72 2357 594.8859
4 73 106 34.9391
4 74 37 7.8443
4 75 197 53.9984
4 76 22 6.3787
4 77 19 4.3065
4 78 93 25.1841
4 79 200 40.1645
4 80 8 1.8086
4 81 6 1.2109
4 82 703 200.6903
4 83 82 24.5546
4 84 324 71.6214
4 85 3682 852.7880
4 86 56 12.0539
4 87 36 7.5687
4 88 257 52.7192
4 89 117 31.4320
4 90 211 41.4963
4 91 55 12.3857
4 92 330 69.8439
4 93 30 6.6175
4 94 5428 1306.3152
4 95 760 177.6881
4 96 109 29.9586
4 97 2 0.3748
4 98 8 1.6334
4 99 105 21.9305
4 100 166 35.0759
4 101 29 5.8716
4 102 765 180.7502
4 103 202 40.0521
4 104 197 43.6422
4 105 52 11.4976
4 106 628 134.0649
4 107 1639 392.7852
4 108 126 27.3096
4 109 83 16.6451
4 110 451 112.1637
4 111 121 27.0432
4 112 89 22.8014
4 113 19 4.5198
4 114 369 81.5865
4 115 57 11.5399
4 116 288 53.7612
4 117 49 10.2004
4 118 15 3.1414
4 119 309 73.8168
4 120 10 2.4124
4 121 48 8.9250
4 122 817 179.7668
4 123 949 227.8335
4 124 88 18.1380
4 125 470 101.0335
4 126 417 111.1272
4 127 127 27.7137
4 128 1518 453.0407
4 129 96 20.9197
4 130 82 19.5185
4 131 227 46.2827
4 132 1000 253.7090
4 133 136 27.5124
4 134 71 15.1240
4 135 700 170.4888
4 136 474 97.0347
4 137 419 92.2193
4 138 415 88.6885
4 139 74 15.7778
4 140 470 123.2921
4 141 519 134.7026
4 143 194 38.9160
4 144 42 10.4265
4 145 98 23.2656
4 146 610 154.8790
4 147 2009 564.0491
4 148 532 116.9016
4 149 42 8.2608
4 150 897 195.4743
4 151 980 256.1288
4 152 161 36.9979
4 153 149 33.7097
4 154 896 263.8913
4 156 270 54.7281
4 157 265 67.4233
4 158 568 114.2926
4 159 137 28.8687
4 160 41 7.7517
4 161 168 39.1424
4 162 92 19.4019
4 163 190 38.4510
4 164 460 95.6427
4 165 23 5.3365
4 166 1692 431.4564
4 167 66 14.5190
4 168 93 22.7311
4 169 803 186.9963
4 170 2036 526.6556
4 171 475 104.1728
4 172 12 2.3271
4 173 498 109.7717
4 174 644 151.0698
4 175 9 2.0493
4 176 489 117.7059
4 177 31 9.2986
4 178 55 11.6947
4 179 766 215.5685
4 180 647 146.9200
4 181 40 12.3363
4 182 55 11.2652
4 183 37 7.1389
4 184 1807 372.8680
4 185 405 88.0194
4 186 53 11.2037
4 187 83 18.6296
4 188 134 27.2943
4 189 1324 424.6202
4 190 409 144.1285
4 191 1227 279.3226
4 192 810 156.9211
4 193 78 14.5671
4 194 536 114.4962
4 195 11400 3577.9109
4 196 635 164.8053
4 197 213 49.8749
4 198 130 29.7439
4 199 721 158.9172
4 200 206 42.0331
4 201 3932 1221.1600
4 202 742 148.3304
4 203 215 43.3124
4 204 8 1.5508
4 205 101 20.0456
4 206 2901 711.4806
4 207 153 34.8565
4 208 55 14.4206
4 209 453 98.6305
4 210 263 61.3810
4 211 68 17.1519
4 212 171 37.8186
4 213 1115 238.0251
4 214 65 14.9810
4 215 113 24.6046
4 216 163 36.2758
4 217 66 14.3368
4 218 304 65.5299
4 219 320 88.6364
4 220 641 153.1355
4 221 80 18.9804
4 222 63 11.4187
4 223 49 10.6549
4 224 4497 1151.6966
4 225 122 28.3620
4 226 78 17.3830
4 227 259 56.2726
4 228 54 12.0541
4 229 112 22.4053
4 230 254 54.5373
4 231 208 53.4352
4 232 28 5.5505
4 233 16 3.7320
4 234 321 70.4417
4 235 63 14.3618
4 236 14 3.2256
4 237 455 103.3152
4 238 230 48.2766
4 239 1382 302.0682
4 240 90 20.1499
4 241 372 79.6241
4 242 6 1.1961
4 243 799 171.6635
4 244 387 82.0210
4 245 1 0.2201
4 246 62 12.9422
4 247 7 1.7632
4 248 427 99.4860
4 249 157 32.1488
4 250 142 29.8525
4 251 483 99.2835
4 252 116 27.0177
4 253 39 8.1105
4 254 145 36.0389
4 255 108 20.5852
4 256 6 1.3596
4 257 178 55.6539
4 258 177 57.7634
4 259 173 35.8099
4 260 272 73.5953
4 261 57 11.3855
4 262 22 5.6508
4 263 113 22.0680
4 264 225 62.6502
4 265 62 15.8639
4 266 459 94.7745
4 267 284 72.5524
4 268 38 8.0175
4 269 94 18.8051
4 270 643 151.6208
4 271 2341 559.5091
4 272 134 28.1682
4 273 1714 466.1091
4 274 116 24.6227
4 275 97 19.6738
4 276 59 14.9474
4 277 53 10.8839
4 278 2357 598.9586
4 279 350 95.1583
4 280 157 40.2178
4 281 586 125.7713
4 282 157 32.6380
4 283 5 1.0147
4 284 124 25.3187
4 285 524 135.4433
4 286 1376 280.3445
4 287 92 19.0311
4 288 557 148.1024
4 289 1141 292.0337
4 290 12 2.3877
4 291 423 102.9913
4 292 1235 290.7679
4 293 1256 338.7412
4 294 680 180.7811
4 295 56 11.5629
4 296 174 39.9165
4 297 209 42.7482
4 298 32 13.4175
4 299 3 0.7533
4 300 687 186.4281
4 301 47 11.9975
4 302 48 9.3055
4 303 95 20.6340
4 304 169 35.7918
4 306 113 24.0137
4 307 956 254.5578
4 308 4 0.8067
4 309 80 15.0554
4 310 1242 404.7545
4 311 39 14.2164
4 312 543 116.9009
4 313 116 24.0715
4 314 583 164.4186
4 315 169 34.9574
4 316 94 20.2188
4 317 18 3.4842
4 318 279 54.5630
4 319 320 115.6947
4 320 11 2.1416
4 321 218 44.4494
4 322 967 269.1986
4 323 99 20.8461
4 324 15 4.2366
4 325 164 33.5268
4 326 664 134.4285
4 327 119 26.1462
4 328 66 12.6031
4 329 40 10.2788
4 330 460 99.6068
4 331 5 0.9733
4 332 5 0.8712
4 333 738 154.5048
4 334 230 50.3145
4 335 1727 463.8417
4 336 298 75.4161
4 337 46 10.1664
4 338 150 33.1765
4 339 1026 273.7445
4 340 660 183.8035
4 341 27 5.9733
4 342 197 56.3395
4 343 9 1.9257
4 344 171 33.4406
4 346 147 32.8156
4 347 222 49.8610
4 348 40 7.6601
4 349 69 12.6471
4 350 279 93.0034
4 351 377 90.0394
4 352 8 1.4978
4 353 1485 510.0097
4 354 334 76.1534
4 355 556 146.4488
4 356 4 0.7443
4 357 551 114.8281
4 358 2505 598.7546
4 359 183 49.6796
4 360 149 33.1163
4 361 49 7.8383
4 362 868 194.4176
4 363 171 36.0787
4 364 69 19.1308
4 365 143 32.1256
4 366 9 1.8789
4 367 423 90.2554
4 368 142 29.6077
4 369 281 55.0053
4 370 1713 389.6432
4 371 275 63.9811
4 372 660 153.9486
4 373 97 21.2986
4 374 16 3.1839
4 375 353 83.8722
4 376 839 199.6556
4 377 433 90.9523
4 378 285 87.6459
4 379 176 55.3308
4 380 92 20.7757
4 381 610 137.3131
4 382 123 30.8430
4 383 196 49.8631
5 0 85 17.9226
5 1 111 32.3359
5 2 474 104.0398
5 3 11 2.1265
5 4 183 42.2399
5 5 108 23.9824
5 6 317 70.9786
5 7 130 34.6832
5 8 267 57.8950
5 9 63 16.1155
5 10 128 27.6974
5 11 187 39.4883
5 12 111 24.9330
5 13 79 16.3364
5 14 12 2.9258
5 15 43 7.5591
5 16 93 19.9321
5 17 46 9.3938
5 18 25 5.3177
5 19 1003 249.6239
5 20 5 1.2725
5 21 76 18.2123
5 22 7 1.7134
5 24 662 143.7627
5 25 19 3.9878
5 26 193 49.2207
5 27 3 0.6673
5 28 849 216.4429
5 29 454 110.4892
5 30 49 10.3190
5 31 113 22.0163
5 32 439 102.9389
5 33 48 12.1928
5 34 1205 279.9179
5 35 228 49.8408
5 36 813 189.2211
5 37 3381 921.1035
5 38 97 18.6222
5 39 114 23.5398
5 40 1411 346.7341
5 41 1447 390.3764
5 42 694 160.9272
5 43 62 13.8073
5 44 67 14.3914
5 45 408 100.3394
5 46 37 10.2246
5 47 78 17.3172
5 48 394 102.2206
5 49 315 65.4631
5 50 85 19.1284
5 51 332 66.5494
5 52 546 116.7688
5 53 737 192.1378
5 54 145 37.0500
5 55 354 77.1531
5 56 67 13.1709
5 57 3201 768.7002
5 58 358 80.5042
5 60 343 77.4424
5 61 78 21.7170
5 62 164 37.3730
5 63 172 37.5176
5 65 351 80.1759
5 66 14 3.0272
5 67 34 7.1262
5 68 44 12.6369
5 69 1521 398.1864
5 70 410 89.1422
5 71 1 0.2421
5 72 1603 428.3753
5 73 23 5.3810
5 74 74 15.1826
5 75 21 4.4841
5 76 192 40.0019
5 77 383 109.9522
5 78 360 71.7502
5 79 98 31.3774
5 80 68 12.9888
5 81 357 77.4652
5 82 128 32.1640
5 83 174 35.5681
5 84 869 208.1200
5 85 526 173.5025
5 86 15 3.2191
5 87 21 5.0163
5 88 18 3.6278
5 89 85 18.9969
5 90 117 26.9724
5 91 1 0.1956
5 92 40 8.6971
5 93 4 0.7529
5 94 154 36.0072
5 95 42 9.0629
5 96 48 9.5782
5 97 235 50.0199
5 98 456 96.6125
5 99 96 23.3366
5 100 591 177.3717
5 101 11 2.5205
5 102 15 2.9978
5 103 9 2.0047
5 105 35 7.0624
5 106 617 128.2133
5 107 157 37.9843
5 108 204 42.4361
5 109 58 13.1320
5 110 20 4.0876
5 111 66 13.2419
5 112 263 54.1701
5 113 354 70.2330
5 114 29 6.0844
5 115 65 17.0020
5 116 292 64.1101
5 117 659 174.2924
5 118 45 9.6351
5 119 3820 875.8216
5 120 123 25.8775
5 121 710 196.2244
5 122 118 25.0916
5 123 5 0.9462
5 124 407 110.5868
5 125 195 44.6515
5 127 641 182.1448
5 128 109 22.4034
5 129 10 2.1699
5 130 123 29.8009
5 131 105 22.9737
5 132 224 44.5240
5 133 270 52.7364
5 134 207 43.9695
5 135 66 13.2705
5 136 402 95.8071
5 137 171 39.7333
5 138 1045 265.5224
5 139 72 17.3109
5 140 135 31.7001
5 141 214 58.3898
5 143 145 30.4518
5 144 125 32.3218
5 145 477 95.7276
5 146 270 58.1633
5 147 2058 426.9195
5 148 148 32.5367
5 149 1113 304.1507
5 150 131 25.2504
5 151 109 23.7281
5 152 139 38.6874
5 153 795 165.8170
5 154 68 25.0493
5 155 178 38.8538
5 156 174 46.9386
5 157 125 32.5722
5 158 100 21.6728
5 159 50 11.7432
5 160 206 43.8153
5 161 53 11.3606
5 162 107 22.9286
5 163 1479 338.3208
5 164 2503 640.0907
5 165 39 8.5615
5 166 142 30.2368
5 167 78 24.5400
5 168 57 12.5913
5 169 1239 267.2069
5 170 98 21.5645
5 171 15 2.8293
5 172 459 102.7867
5 173 85 17.9969
5 174 744 175.3162
5 175 94 19.9153
5 176 113 23.0628
5 177 132 42.8909
5 178 27 6.6304
5 179 7475 1791.3696
5 180 29 5.6204
5 181 166 35.3520
5 182 354 83.9451
5 183 31 6.9857
5 184 85 18.5970
5 185 96 26.6544
5 186 326 69.4539
5 187 9721 3029.1728
5 188 2053 549.4583
5 189 9 2.0987
5 190 212 43.7561
5 191 211 43.6476
5 192 101 21.0249
5 193 607 225.0828
5 194 288 71.2821
5 195 371 83.6219
5 196 59 12.9270
5 197 128 26.3319
5 198 818 208.9837
5 199 13 2.9713
5 200 720 151.6160
5 201 45 8.9922
5 202 1043 246.5719
5 203 405 92.1127
5 204 63 12.8894
5 205 33 6.7079
5 206 425 111.4652
5 207 14 3.2036
5 208 4359 1252.5235
5 209 377 77.2636
5 210 376 77.7486
5 211 165 34.1880
5 212 54 12.8184
5 213 279 63.4071
5 214 31 6.2065
5 215 520 158.7664
5 216 1696 465.0822
5 217 137 27.6715
5 218 225 50.5994
5 219 150 40.2783
5 220 297 70.3000
5 221 96 24.3751
5 222 267 63.2274
5 223 554 142.9784
5 224 343 94.0753
5 225 174 46.3338
5 226 166 34.6668
5 227 175 36.8872
5 228 369 119.5598
5 229 294 63.7034
5 230 35 8.2344
5 231 214 60.1445
5 232 1203 297.1753
5 233 56 11.2517
5 234 177 36.1338
5 235 1865 417.4201
5 236 7 1.2736
5 237 20 4.3828
5 238 66 14.1932
5 239 193 43.7112
5 240 92 18.4237
5 241 96 19.0537
5 242 1296 359.1606
5 243 50 10.0242
5 244 98 20.1182
5 245 86 17.5594
5 246 47 9.7076
5 247 2195 594.3519
5 248 734 153.4458
5 249 146 29.1253
5 250 118 26.9060
5 251 622 187.3992
5 252 14 2.8272
5 253 17 3.3134
5 254 31 5.7427
5 255 229 47.6642
5 256 506 122.9303
5 257 272 56.1157
5 258 201 52.1067
5 259 256 52.4255
5 260 1028 273.6572
5 261 185 36.8256
5 262 179 42.1445
5 263 7485 1921.5166
5 264 1394 433.9679
5 265 23 4.7230
5 266 4 0.8364
5 267 188 40.5755
5 268 54 14.7092
5 269 263 54.7814
5 270 19 3.7074
5 271 60 13.1512
5 272 22 4.5279
5 273 40 7.8868
5 274 13 2.8071
5 275 769 185.8976
5 276 198 41.1885
5 277 54 11.2589
5 278 356 81.9941
5 279 32 7.3015
5 280 493 100.1479
5 281 103 20.0883
5 282 1941 440.2659
5 283 662 174.9377
5 284 143 32.2886
5 285 105 30.3189
5 286 305 67.8292
5 287 10 2.0393
5 288 230 65.3796
5 289 630 152.4715
5 290 123 25.4299
5 291 674 164.3380
5 292 79 16.9233
5 293 1533 420.8872
5 294 116 25.7188
5 295 105 20.8896
5 296 42 10.7258
5 297 12 2.6731
5 298 340 81.9382
5 299 213 45.8427
5 300 3 0.5682
5 301 40 8.1608
5 302 93 22.7692
5 303 24 6.3512
5 304 115 28.5075
5 305 24 4.6545
5 306 1555 450.5769
5 307 53 11.2096
5 308 88 17.9644
5 309 71 16.0667
5 310 631 171.5752
5 311 125 25.8984
5 312 37 8.1085
5 313 101 22.4022
5 314 2554 579.8637
5 315 3828 876.6834
5 316 156 38.6308
5 317 139 41.2275
5 318 82 16.7869
5 319 114 27.8672
5 320 72 15.5291
5 321 950 227.8068
5 322 267 72.0746
5 323 21 4.5218
5 324 422 95.2974
5 325 368 79.5880
5 326 311 70.9824
5 327 626 150.3669
5 328 1730 458.4478
5 329 139 45.7172
5 330 3 0.7101
5 331 71 16.9456
5 332 27 5.0594
5 333 38 8.1191
5 334 3901 1088.0278
5 335 576 147.5583
5 337 765 168.9991
5 338 125 39.6675
5 339 141 28.5862
5 340 86 19.4322
5 341 126 24.9572
5 342 458 109.5080
5 343 6 1.6739
5 344 629 149.0814
5 345 115 26.8361
5 346 208 46.2332
5 347 234 50.6294
5 348 62 12.2196
5 349 2170 590.9576
5 350 383 100.0589
5 351 1411 338.3463
5 352 692 188.2182
5 353 35 7.1261
5 354 736 170.7210
5 355 172 39.1371
5 356 112 23.7793
5 357 149 29.1609
5 358 1182 358.7536
5 359 189 43.1410
5 360 110 27.8657
5 361 1012 257.9445
5 362 146 30.2013
5 363 118 27.1496
5 364 59 12.2983
5 365 229 55.1952
5 366 96 19.9251
5 367 29 6.4564
5 368 380 81.9912
5 369 41 8.6207
5 371 904 186.4828
5 372 65 13.2970
5 373 56 9.8928
5 374 113 28.3643
5 375 84 19.7574
5 376 1882 412.2893
5 377 20 4.1285
5 378 24 4.8790
5 379 5020 1266.6178
5 380 142 29.1605
5 381 19 4.5091
5 382 48 9.4589
5 383 214 44.9876
6 0 54 11.5761
6 1 1151 295.0854
6 2 495 113.2727
6 3 43 11.2092
6 4 18 3.5447
6 5 1233 320.5271
6 7 353 90.0595
6 8 431 100.3272
6 9 10 2.5616
6 10 14 2.9386
6 11 35 8.5600
6 12 613 164.8082
6 13 119 36.2607
6 14 5 0.9048
6 15 633 173.9869
6 16 18 4.0394
6 17 5130 1411.3038
6 18 4301 1104.5625
6 19 16 3.0428
6 20 108 21.6764
6 21 2 0.3525
6 22 166 41.5480
6 23 652 164.2729
6 24 519 128.8173
6 25 35 6.6577
6 26 90 20.4136
6 27 95 20.7421
6 28 2755 624.2224
6 29 255 68.4191
6 30 3 0.7401
6 31 6341 1489.3586
6 32 14 2.7669
6 33 911 244.3283
6 34 56 11.5203
6 35 79 16.6453
6 36 50 10.6163
6 37 331 72.2115
6 38 12 2.5551
6 39 118 24.9632
6 40 94 18.2005
6 41 54 11.4412
6 42 1 0.1594
6 43 12 2.2100
6 44 25 4.8463
6 45 58 11.3147
6 46 154 39.6816
6 47 590 131.0718
6 48 46 8.8389
6 49 20 4.2864
6 50 117 23.9104
6 51 4967 1466.1029
6 52 206 43.5831
6 53 72 22.8622
6 54 130 29.5084
6 55 98 19.9190
6 56 4616 1143.4117
6 57 56 11.7915
6 58 13 2.7545
6 59 196 49.2284
6 60 1 0.1993
6 61 6 1.1597
6 62 151 31.0923
6 63 970 217.6848
6 64 7 1.4738
6 65 16 3.0565
6 66 393 102.7252
6 67 137 32.9926
6 68 16 4.1129
6 69 31 6.8256
6 70 13 2.4464
6 71 64 12.4462
6 72 124 27.9108
6 73 200 47.5937
6 74 19 3.5587
6 75 224 50.5363
6 76 129 27.2037
6 77 10 2.2379
6 78 7 1.2693
6 79 1036 253.5784
6 80 22 4.4536
6 81 223 54.9452
6 82 54 11.2638
6 83 5 1.0686
6 84 18 5.4533
6 85 65 12.8373
6 86 46 9.2725
6 87 61 11.9954
6 88 14 3.4912
6 89 280 53.2723
6 90 95 24.4084
6 91 75 17.0083
6 92 116 28.4770
6 93 2241 572.4660
6 94 122 26.7316
6 95 36 7.6458
6 96 89 19.5145
6 98 85 20.2653
6 99 204 55.4485
6 100 443 96.8473
6 101 1006 238.8083
6 102 354 79.4731
6 103 12 2.5462
6 104 259 71.0832
6 105 30 6.2405
6 106 49 10.5741
6 107 1615 458.0805
6 108 54 12.2260
6 109 46 9.8309
6 110 242 69.0517
6 111 231 49.8810
6 112 771 187.5470
6 113 25 5.6095
6 114 568 123.8341
6 115 45 9.0945
6 116 10 1.9687
6 117 3273 846.7036
6 118 12 3.0329
6 119 49 9.8576
6 120 1245 295.4102
6 121 21 3.9402
6 122 2261 554.7655
6 124 55 14.2290
6 125 1106 245.5802
6 126 19 3.9307
6 127 5 0.9236
6 128 628 138.6864
6 129 838 202.7529
6 130 3 0.5906
6 131 4 0.9594
6 132 567 144.3862
6 133 150 35.9666
6 134 158 36.7541
6 135 3047 735.3472
6 137 501 138.0246
6 138 5 1.0475
6 139 5 0.7885
6 140 1170 339.8362
6 141 39 8.4248
6 143 59 14.7011
6 144 2 0.4718
6 145 44 9.2829
6 146 26 6.0071
6 147 34 7.8467
6 148 194 40.5015
6 149 564 123.3685
6 150 142 34.8246
6 151 676 144.4570
6 152 1540 373.2495
6 153 8 1.8324
6 154 589 137.1744
6 155 8 1.8183
6 156 13 2.6528
6 157 51 10.9634
6 158 10 2.2711
6 159 360 82.3897
6 160 4051 985.4572
6 161 2 0.4648
6 162 182 38.3428
6 163 33 7.8714
6 164 238 53.4945
6 165 52 10.1415
6 166 175 42.5528
6 167 1725 491.9356
6 169 73 15.7697
6 170 103 20.8976
6 171 305 66.3476
6 172 79 15.6708
6 173 297 64.9786
6 174 230 48.0038
6 175 469 110.7185
6 176 58 10.8739
6 177 123 26.0933
6 178 14 2.4993
6 180 40 8.1572
6 181 1191 290.0524
6 182 124 23.4465
6 183 464 117.9020
6 184 7 1.4497
6 185 339 72.8161
6 186 27 4.7466
6 187 15 3.4456
6 188 30 7.2362
6 189 533 132.9603
6 190 282 67.2696
6 191 17 4.1419
6 192 1539 445.2159
6 193 66 12.7157
6 194 242 57.5089
6 195 473 122.9069
6 196 53 12.2594
6 197 218 48.5846
6 199 9 1.9542
6 200 486 122.7344
6 201 57 14.1659
6 202 58 10.5089
6 203 284 61.5828
6 204 213 46.5980
6 205 59 12.4022
6 206 1309 330.7979
6 207 112 25.4644
6 208 2052 580.2253
6 209 87 18.9907
6 210 3182 740.6744
6 211 137 31.4726
6 212 159 30.4605
6 213 89 19.1543
6 214 256 56.5469
6 215 141 28.5346
6 216 68 14.8944
6 217 60 12.2678
6 218 144 30.1557
6 219 521 160.4309
6 220 124 26.4814
6 221 65 12.1660
6 222 51 13.1515
6 223 330 68.7423
6 224 3043 770.3068
6 225 32 7.7593
6 226 25 5.4479
6 227 1975 504.7120
6 228 87 19.3634
6 229 833 169.1395
6 230 113 23.8223
6 231 148 34.9704
6 232 139 40.7869
6 233 5 1.3162
6 234 78 16.4818
6 235 711 166.1853
6 236 11 2.4604
6 237 841 201.0397
6 238 6 1.3730
6 239 259 56.2590
6 240 80 20.3633
6 241 155 32.3252
6 242 7 1.7873
6 243 63 16.7765
6 244 185 44.2751
6 245 14 2.9358
6 246 121 30.0463
6 247 56 12.1457
6 248 1 0.2451
6 249 348 88.1616
6 250 118 24.9249
6 251 1103 272.5156
6 252 2 0.4640
6 253 86 18.4980
6 254 156 41.1908
6 255 7574 2062.5637
6 256 73 15.2842
6 257 656 164.4467
6 258 136 29.6869
6 259 93 20.5550
6 260 202 48.6023
6 261 690 207.8358
6 262 379 81.5234
6 263 50 13.5805
6 264 22 4.0968
6 265 76 16.6361
6 266 73 16.9274
6 267 2783 801.7293
6 268 23 5.0564
6 269 1 0.1815
6 270 33 6.7242
6 271 276 62.0332
6 272 596 135.5653
6 273 52 16.2501
6 274 107 21.6444
6 275 280 65.4521
6 276 61 12.6223
6 277 26 7.2426
6 278 217 43.9285
6 279 10 2.0495
6 280 129 34.0715
6 281 1 0.1907
6 282 1109 288.7299
6 283 724 193.4690
6 284 237 51.0056
6 285 38 8.6347
6 286 7 1.3252
6 287 135 26.3258
6 288 68 16.4429
6 289 46 9.1334
6 290 81 17.2322
6 291 38 8.3395
6 292 510 98.9760
6 293 280 62.6503
6 294 245 49.9217
6 295 564 114.3143
6 296 3 0.4834
6 297 7 1.6167
6 298 72 15.7662
6 299 7 2.0984
6 300 10 2.0334
6 301 179 55.7413
6 302 439 152.0487
6 303 890 201.4401
6 304 71 15.0479
6 305 1440 331.0536
6 306 392 90.3167
6 307 12 2.6447
6 308 16 3.4842
6 309 927 208.9254
6 310 132 26.9589
6 311 725 176.2840
6 312 1325 340.0107
6 313 124 22.1535
6 314 142 29.4739
6 315 46 8.9160
6 316 62 12.3603
6 317 175 51.2000
6 318 7 1.6004
6 319 363 73.6861
6 320 372 79.8597
6 321 69 14.5110
6 322 6 1.2948
6 323 472 114.6505
6 324 76 15.2124
6 325 38 7.0294
6 326 126 28.2232
6 327 21 4.0104
6 328 729 184.0064
6 329 6 1.1847
6 330 362 81.8458
6 331 64 12.4674
6 332 103 30.0733
6 333 3457 1014.1095
6 334 122 26.3653
6 335 8 1.5204
6 337 32 9.3544
6 338 34 7.1420
6 339 441 124.3219
6 340 147 40.3958
6 341 462 113.8056
6 342 3416 913.3645
6 343 57 16.4967
6 344 4 0.9038
6 345 3 0.6082
6 346 79 18.2186
6 347 61 12.1283
6 348 136 30.4892
6 349 135 33.3377
6 350 5 0.9784
6 351 400 90.7110
6 352 88 17.7718
6 353 716 155.3112
6 354 330 68.4954
6 355 6 1.2012
6 356 1780 405.6047
6 357 81 17.0683
6 358 107 32.7491
6 359 83 18.3742
6 360 4294 995.1290
6 361 121 34.5456
6 362 2 0.4363
6 363 17 3.4129
6 364 146 32.3185
6 365 29 6.4274
6 366 9 1.9005
6 367 9273 2315.1932
6 368 936 213.6440
6 369 529 115.2755
6 370 1890 556.6922
6 371 253 54.3655
6 372 191 48.3614
6 373 1904 519.0369
6 374 16 3.3061
6 375 6 1.3654
6 376 40 8.8186
6 377 55 13.7148
6 378 66 14.7325
6 379 107 22.8599
6 380 338 67.7804
6 381 14 3.0468
6 382 18 4.1000
6 383 57 12.5812
7 0 732 191.6638
7 1 28 5.0993
7 2 180 36.3353
7 3 125 27.0333
7 4 6 1.1544
7 5 57 8.4556
7 6 926 187.6642
7 7 88 18.2692
7 8 119 31.3221
7 9 42 8.0555
7 10 902 188.5500
7 11 26 5.0966
7 12 336 84.9708
7 13 197 39.4255
7 14 184 36.7313
7 15 3 0.5990
7 16 303 59.7776
7 17 22 3.9287
7 18 74 13.2997
7 19 6359 1737.4508
7 20 98 24.4588
7 21 263 64.7642
7 22 134 24.0418
7 23 188 32.4951
7 24 50 11.1065
7 25 53 11.8994
7 26 327 70.3935
7 27 110 24.1681
7 28 18 3.3420
7 29 1682 410.4831
7 30 55 13.3209
7 31 3 0.5884
7 32 3651 1049.9719
7 33 42 7.6394
7 34 73 14.0615
7 35 182 31.5415
7 36 159 37.0107
7 37 42 7.2539
7 38 240 48.0227
7 39 188 53.4154
7 40 299 55.9670
7 41 232 41.6092
7 42 7 1.4740
7 43 612 109.5944
7 44 1206 274.5950
7 45 10 2.0256
7 46 380 63.3458
7 47 1 0.2020
7 48 435 107.5697
7 49 129 25.1598
7 50 706 155.6552
7 51 96 19.5720
7 53 2112 467.3669
7 54 52 10.2593
7 55 108 22.0736
7 56 37 6.1680
7 57 41 8.6832
7 58 21 3.8976
7 59 63 12.4068
7 60 20 3.7841
7 61 14 3.6709
7 62 2395 502.9766
7 63 99 28.0121
7 64 21 4.5107
7 65 1109 314.0826
7 66 70 17.3510
7 67 57 10.1978
7 68 523 98.7586
7 69 146 37.8997
7 71 34 6.3556
7 72 376 103.3330
7 73 1057 191.6384
7 74 1 0.1685
7 75 1777 471.4736
7 76 1 0.1921
7 77 137 28.0075
7 78 163 38.0606
7 79 307 63.4354
7 80 84 17.5304
7 81 1278 309.9476
7 82 9 2.0441
7 83 6 1.2727
7 84 681 130.9465
7 85 122 21.1850
7 86 367 83.0811
7 87 3 0.6712
7 88 382 57.7107
7 89 536 138.9714
7 90 305 62.6096
7 91 127 23.9908
7 92 47 9.8030
7 93 127 24.3898
7 94 3405 840.4640
7 95 23 4.0426
7 96 474 90.9634
7 97 3 0.4408
7 98 38 5.8373
7 99 22 3.9984
7 100 657 158.3475
7 101 4 0.8570
7 102 501 114.6737
7 103 10 1.5003
7 105 238 52.8436
7 106 194 44.1520
7 107 2106 561.4752
7 108 6 1.3109
7 109 118 23.4420
7 110 109 22.3618
7 111 516 133.9283
7 112 161 33.6048
7 113 3 0.5295
7 114 225 37.6568
7 115 207 44.3475
7 116 42 8.3624
7 117 260 52.3154
7 118 8382 2572.9627
7 119 24 4.3641
7 120 7 1.2443
7 121 6 0.9827
7 122 558 159.0075
7 123 4 0.7747
7 124 163 37.5922
7 125 524 117.1206
7 126 63 11.5966
7 127 418 86.3382
7 128 4 0.7433
7 129 316 69.4428
7 130 113 23.2399
7 131 884 193.6361
7 132 142 30.2102
7 133 308 70.1065
7 134 8 1.4469
7 135 8 1.5194
7 136 363 86.1726
7 137 102 17.1701
7 138 92 19.6665
7 139 1037 251.9371
7 140 320 69.0787
7 141 55 10.7689
7 142 92 14.0733
7 143 5 0.7221
7 144 567 136.5865
7 145 80 15.5153
7 146 106 22.5748
7 147 195 37.2924
7 148 176 34.6289
7 149 10 1.7209
7 150 685 181.3026
7 151 97 20.0632
7 152 91 18.1096
7 153 29 5.5531
7 154 3534 824.7044
7 155 146 29.3972
7 156 401 78.4025
7 157 81 16.4615
7 158 2090 554.0072
7 159 45 7.4887
7 160 300 67.1720
7 161 54 11.0869
7 162 416 64.8942
7 163 697 150.4189
7 164 67 11.9619
7 165 2061 471.5314
7 166 40 8.9341
7 167 897 180.6471
7 168 119 20.8473
7 169 1976 540.5622
7 170 43 6.4915
7 171 149 34.0390
7 172 26 5.8436
7 173 993 229.0598
7 175 607 120.4462
7 176 769 207.2004
7 177 117 22.5514
7 178 10 1.9848
7 179 1196 285.3434
7 180 262 54.2478
7 181 399 91.3749
7 182 167 33.5036
7 183 186 36.2541
7 184 3 0.3797
7 185 431 96.0236
7 187 47 10.0764
7 188 18 5.0103
7 189 117 19.7491
7 190 127 22.2031
7 191 248 52.5498
7 192 44 9.3551
7 193 1860 396.4176
7 195 62 12.8921
7 196 569 102.4981
7 197 113 21.1034
7 198 72 13.2909
7 200 148 40.3186
7 201 888 179.4857
7 202 346 72.1544
7 204 570 147.0620
7 205 2373 590.8127
7 206 133 30.6549
7 207 12243 4648.8710
7 208 13 2.4892
7 209 158 24.7202
7 210 156 26.8521
7 211 6 0.8461
7 212 5 0.9502
7 213 9 1.9859
7 214 50 8.9982
7 215 1056 269.1993
7 216 899 186.3106
7 217 101 22.8727
7 218 462 82.7364
7 219 31 5.8439
7 220 69 14.4133
7 221 247 47.1140
7 222 55 11.9710
7 223 4 0.7240
7 224 12 2.5053
7 225 111 25.3753
7 226 102 19.7549
7 228 186 36.5788
7 229 236 58.1391
7 230 23 4.9128
7 232 42 7.9067
7 233 80 13.5939
7 234 340 69.4054
7 235 95 20.3749
7 236 98 20.8405
7 237 2 0.5168
7 238 125 24.6551
7 239 2 0.3522
7 240 118 26.6015
7 241 31 6.8531
7 242 1398 376.4286
7 243 361 73.1514
7 244 157 33.3239
7 245 1977 500.6466
7 246 112 19.8044
7 247 688 146.0659
7 248 41 8.4980
7 249 18 3.9231
7 250 1210 285.8841
7 251 392 79.2200
7 252 293 70.3076
7 253 80 15.2987
7 254 121 24.5958
7 255 172 32.5232
7 256 17 2.9341
7 257 1311 233.5024
7 258 69 12.8506
7 259 88 14.1227
7 260 13 2.2680
7 261 128 26.6148
7 262 130 26.0994
7 263 1 0.2242
7 264 317 70.1179
7 265 257 54.1577
7 266 273 56.6370
7 267 29 5.6789
7 268 19 3.4963
7 269 98 17.7948
7 270 1248 256.0186
7 271 258 43.5392
7 272 78 17.4178
7 273 199 43.8366
7 274 6 1.1802
7 275 933 209.0442
7 276 20 3.1464
7 277 47 9.1316
7 278 850 186.5449
7 279 26 4.2841
7 280 207 41.9541
7 281 79 12.5669
7 282 18 3.3558
7 283 344 93.7329
7 284 344 74.2228
7 286 46 7.3859
7 287 257 67.1044
7 288 52 10.4893
7 289 37 7.1793
7 290 552 113.7662
7 291 185 38.6898
7 292 112 22.9164
7 293 121 22.9583
7 294 122 39.2678
7 295 84 17.5045
7 296 390 106.1102
7 297 11 2.2645
7 298 232 47.1645
7 299 1558 359.8635
7 300 48 10.5468
7 302 369 69.7814
7 303 251 50.0025
7 304 39 7.1358
7 305 660 141.4919
7 306 251 53.9138
7 307 17 3.6867
7 308 26 4.8366
7 309 19 3.8741
7 310 449 98.1827
7 311 35 7.8557
7 312 128 27.4913
7 313 1210 254.3033
7 314 323 50.6889
7 315 9 1.2337
7 316 1900 461.1768
7 317 1196 251.0819
7 318 116 20.8040
7 319 14 2.1360
7 320 209 46.9932
7 321 6 1.1158
7 322 167 30.9073
7 323 115 25.1556
7 324 2362 496.6697
7 325 837 254.7348
7 326 230 58.3192
7 327 33 6.3135
7 328 260 59.0950
7 329 1315 337.6470
7 330 3 0.5825
7 331 355 71.4416
7 332 450 88.6497
7 333 11 1.9527
7 334 5 1.1383
7 335 315 82.7048
7 336 3 0.4261
7 337 9150 2758.2795
7 338 4 0.7693
7 339 8 1.7202
7 340 126 22.0161
7 341 33 5.3791
7 342 166 31.6259
7 343 130 26.6789
7 344 18 3.4677
7 345 2 0.2817
7 346 26 4.4604
7 347 36 5.1856
7 348 85 14.8947
7 349 21 4.2872
7 350 4714 1175.5102
7 351 119 20.7654
7 352 36 7.6969
7 353 179 39.7742
7 354 1054 248.6093
7 355 31 4.5612
7 356 246 51.3944
7 357 752 154.0998
7 358 398 89.0777
7 359 8 1.5284
7 360 593 182.5642
7 361 368 61.4832
7 362 5 1.0200
7 363 96 18.1734
7 364 274 46.2588
7 365 280 66.5393
7 366 468 114.3766
7 367 53 10.3266
7 368 1 0.2084
7 369 125 23.1279
7 370 3589 912.4539
7 371 52 10.7070
7 372 264 46.6435
7 374 273 57.4367
7 375 44 8.5499
7 376 2 0.4241
7 377 898 216.4863
7 378 35 6.1504
7 379 2876 715.3624
7 380 160 33.6785
7 381 77 13.8155
7 382 127 21.4239
7 383 1711 391.6385
8 0 34 7.6143
8 1 990 273.6624
8 2 1246 298.4191
8 3 7 1.3899
8 4 7 1.1726
8 5 221 48.7992
8 6 312 61.5342
8 7 133 30.4276
8 8 57 11.0571
8 9 486 104.2782
8 10 96 17.1994
8 11 458 97.0017
8 12 27 4.2583
8 13 279 57.7803
8 14 1068 233.4914
8 15 17 3.4240
8 16 294 60.8450
8 17 13 3.6155
8 18 18 3.0962
8 19 32 5.5013
8 20 70 12.8268
8 21 62 10.3068
8 22 35 6.3832
8 23 47 8.7773
8 24 417 98.4987
8 25 82 15.4169
8 26 42 9.4839
8 27 95 19.5273
8 28 73 15.7855
8 29 224 58.7362
8 30 2 0.4324
8 31 207 34.1159
8 32 7 1.1943
8 33 278 48.6286
8 34 513 140.7276
8 35 4 0.7508
8 36 134 27.0508
8 37 649 126.5744
8 38 436 89.4171
8 39 995 232.6225
8 40 34 6.6675
8 41 84 24.3131
8 42 346 90.2494
8 43 247 44.1441
8 44 340 84.2837
8 45 176 41.1797
8 46 81 14.6833
8 47 1339 320.7048
8 48 44 8.7346
8 49 64 11.6452
8 50 1723 442.1956
8 51 158 25.9282
8 52 44 9.3451
8 53 258 49.8941
8 54 161 33.1781
8 55 172 40.7583
8 56 25 4.2561
8 57 296 60.6134
8 58 527 113.4981
8 60 31 7.9403
8 61 922 210.5298
8 62 688 148.3873
8 63 118 23.0598
8 64 1148 263.1696
8 65 11 2.6699
8 66 921 197.9016
8 67 854 204.2866
8 69 9 1.7101
8 70 235 61.9466
8 71 261 52.0804
8 72 9 1.7294
8 73 31 10.4542
8 74 67 14.4574
8 75 47 10.7854
8 76 93 16.8105
8 77 5 0.8986
8 78 337 83.3284
8 79 85 15.9431
8 81 13 2.5794
8 83 56 11.0306
8 84 12 2.2346
8 85 224 42.5253
8 86 19 3.6229
8 87 277 51.7682
8 89 223 56.5390
8 90 5745 1541.2616
8 91 23 7.0383
8 92 980 206.9928
8 93 16 2.6881
8 94 9501 2377.3387
8 95 55 14.5441
8 96 96 15.2462
8 97 38 7.8897
8 99 51 11.8635
8 100 306 72.7721
8 101 1490 357.2234
8 102 96 24.2365
8 103 36 6.3232
8 104 3184 758.4129
8 105 193 38.3203
8 106 17 2.6764
8 107 80 14.9380
8 109 94 17.7944
8 110 118 22.8431
8 111 1184 289.4205
8 112 1077 204.2290
8 113 12 2.0348
8 114 309 80.8812
8 115 333 71.8281
8 116 131 23.4958
8 117 176 35.6873
8 118 98 19.5717
8 119 469 115.0575
8 120 3 0.4712
8 121 1746 536.5025
8 122 217 51.4779
8 123 57 10.2318
8 124 140 24.4279
8 125 92 16.1180
8 126 102 22.1727
8 127 84 21.5945
8 128 211 37.6260
8 129 814 174.8708
8 130 31 5.2906
8 131 2 0.4420
8 133 25 4.4346
8 134 1139 263.0927
8 135 231 42.0543
8 136 4 0.7418
8 137 451 107.7717
8 138 10 1.8359
8 139 158 28.0663
8 140 82 15.0746
8 141 722 135.9639
8 142 112 21.4054
8 143 30 5.8623
8 144 3 0.4456
8 145 457 135.8577
8 146 18 4.6853
8 147 52 9.0901
8 148 12 2.0309
8 149 3 0.4716
8 150 142 28.4813
8 151 430 105.1715
8 152 161 34.1563
8 153 36 6.6051
8 154 325 70.8230
8 155 326 71.1606
8 156 377 85.4942
8 157 1 0.1942
8 158 63 13.6759
8 159 201 33.6298
8 160 77 15.3801
8 161 188 37.1632
8 162 277 55.0954
8 163 158 42.3819
8 164 1371 250.1352
8 165 125 30.4592
8 166 1 0.1562
8 167 71 12.9724
8 168 152 33.3754
8 169 92 23.8411
8 170 133 21.8616
8 171 1103 233.8449
8 172 594 117.6128
8 173 787 195.6857
8 174 516 102.8505
8 175 6 1.1237
8 176 25 4.3863
8 177 441 95.6152
8 178 722 173.1039
8 179 125 23.4795
8 180 31 6.0143
8 181 2458 595.5299
8 182 7 1.3543
8 183 9 1.4916
8 184 36 6.9693
8 185 9789 2824.4720
8 186 10428 3464.1311
8 187 2 0.4006
8 188 3 0.5598
8 189 251 53.9893
8 190 27 6.3528
8 191 100 21.3529
8 192 2591 621.3052
8 193 986 236.7871
8 194 6 1.1066
8 195 891 208.0149
8 196 1 0.2279
8 197 148 33.6245
8 198 15 3.1387
8 199 17 2.6030
8 200 72 17.0239
8 201 32 5.6123
8 202 19 4.0008
8 203 7 1.8046
8 204 21 5.5338
8 205 1205 351.7108
8 206 1 0.2292
8 207 62 10.8580
8 208 284 61.8004
8 209 2010 486.5467
8 210 39 10.0082
8 211 692 187.5731
8 212 2341 484.2364
8 213 121 22.9170
8 214 180 38.1523
8 215 170 30.2529
8 216 86 19.0334
8 217 3614 933.0714
8 218 1050 246.9501
8 219 244 52.2289
8 220 101 22.2629
8 221 181 39.1306
8 222 120 19.0873
8 223 313 89.7562
8 224 1239 334.5230
8 225 253 51.8260
8 226 1695 356.4435
8 227 645 139.1175
8 228 224 48.3036
8 229 196 42.4218
8 230 7 1.3737
8 231 4 0.6024
8 232 54 14.1367
8 233 3075 895.2885
8 234 340 100.1297
8 235 20 3.8004
8 236 251 44.4277
8 237 1955 532.1994
8 238 4 0.7499
8 239 27 4.8658
8 240 157 31.4199
8 241 41 7.2879
8 242 75 13.3478
8 243 2 0.3343
8 244 16 3.1150
8 245 79 23.5326
8 246 475 89.0346
8 247 124 21.8396
8 248 2469 584.4211
8 249 91 19.0195
8 250 209 43.8894
8 251 4 1.0513
8 252 2 0.5200
8 254 56 15.7422
8 255 10 2.0027
8 256 80 13.9783
8 257 11 2.6672
8 258 3095 726.6418
8 259 99 16.6909
8 260 111 25.5020
8 261 35 8.2124
8 262 24 5.5600
8 263 55 10.9675
8 264 3 0.5616
8 265 110 23.4846
8 266 197 38.3580
8 267 119 27.9080
8 268 11 2.1865
8 269 540 147.1202
8 270 125 27.3423
8 271 210 45.2783
8 272 28 4.2775
8 273 103 19.3875
8 274 37 6.7708
8 276 888 206.1299
8 277 31 6.9394
8 278 561 112.1136
8 279 40 7.7403
8 280 2512 710.8151
8 282 382 104.5350
8 283 609 140.3212
8 284 187 41.7303
8 285 9 1.5931
8 286 350 52.6087
8 287 133 23.5970
8 288 392 90.4920
8 289 793 216.8518
8 290 52 10.0038
8 291 21 5.4752
8 292 92 19.4716
8 293 229 48.0350
8 294 324 94.5456
8 295 210 46.4991
8 296 545 118.2004
8 297 2612 620.8828
8 298 24 5.4918
8 299 713 137.5911
8 300 99 25.8888
8 301 2 0.3484
8 303 22 4.5253
8 304 893 198.9369
8 305 782 153.4476
8 306 308 55.2840
8 307 199 43.0436
8 308 3405 947.0689
8 309 19 2.9178
8 310 115 25.2412
8 311 19 3.2557
8 312 28 5.4651
8 313 46 6.9552
8 314 134 25.9550
8 315 3 0.6250
8 316 108 33.0961
8 317 17 2.7765
8 318 3 0.6553
8 319 579 150.5318
8 320 18 3.8721
8 321 5 1.3438
8 322 57 10.5766
8 323 1851 423.4628
8 324 430 124.8827
8 325 21 3.9036
8 326 23 4.4418
8 328 42 8.4604
8 329 89 16.9772
8 330 125 20.8687
8 331 7 1.0445
8 332 125 27.1029
8 333 903 187.5020
8 334 35 7.2357
8 335 14 2.8532
8 336 237 44.1870
8 337 223 42.8055
8 338 92 19.8134
8 339 35 7.0013
8 340 94 18.8995
8 341 605 133.5779
8 342 14 2.4897
8 343 6 1.2332
8 345 45 8.4032
8 346 654 154.6703
8 347 50 11.2955
8 348 1159 251.3382
8 349 56 12.3689
8 351 1 0.1921
8 352 8925 2995.9105
8 353 45 12.5308
8 354 35 6.6743
8 355 6 1.2842
8 356 625 155.6725
8 357 702 189.7675
8 358 27 5.2361
8 359 62 9.9353
8 360 620 128.7188
8 361 107 20.0279
8 362 815 175.0240
8 363 7 1.2187
8 364 3 0.5405
8 365 103 21.9454
8 367 563 122.8652
8 369 91 14.7759
8 370 93 17.9870
8 373 74 14.5121
8 374 101 24.2431
8 375 254 41.9784
8 376 13 2.1384
8 377 16 3.4112
8 378 153 33.5174
8 379 76 14.4975
8 380 3079 638.8935
8 381 463 98.2588
8 382 315 68.1953
8 383 14 2.9865
9 0 1 0.2501
9 1 58 11.6884
9 2 483 105.1316
9 3 441 108.2125
9 4 67 12.3170
9 5 433 126.0804
9 6 55 11.4404
9 7 233 48.9284
9 8 2 0.3718
9 9 626 139.0461
9 10 531 115.4450
9 11 17 3.4017
9 12 84 15.4114
9 13 260 61.8972
9 14 45 8.5999
9 16 24 4.6888
9 17 130 25.7297
9 18 485 119.7402
9 20 89 21.2446
9 21 16 2.8459
9 22 4899 1409.4839
9 23 35 6.4669
9 24 5 1.1911
9 25 2 0.3931
9 26 1158 268.0649
9 27 427 99.9681
9 28 80 13.4948
9 29 619 138.5110
9 30 361 67.5217
9 31 1297 290.8976
9 32 39 6.8866
9 33 1957 473.8134
9 34 37 6.3345
9 35 94 18.3493
9 36 8 1.6722
9 37 212 46.5272
9 38 123 26.2097
9 39 115 21.3005
9 40 997 219.2944
9 41 20 3.9688
9 42 288 65.8913
9 43 2 0.4438
9 44 8 1.4383
9 45 191 38.1227
9 46 73 15.0215
9 47 9 1.9196
9 48 71 13.6991
9 49 2895 754.3180
9 50 118 23.3472
9 51 1436 369.3859
9 52 966 210.2152
9 53 27 5.3528
9 54 68 12.5343
9 55 13 2.5778
9 56 37 7.3913
9 57 37 7.0254
9 58 558 135.7319
9 60 5 0.7203
9 61 6 1.3065
9 62 131 31.0443
9 63 179 31.4580
9 64 23 3.9899
9 65 50 9.5522
9 66 14 3.0509
9 68 1557 383.8369
9 69 1102 244.4512
9 70 189 40.3362
9 71 3 0.4961
9 72 21 4.0983
9 73 1549 372.5319
9 74 22 3.9127
9 75 298 92.7780
9 77 2914 741.0950
9 78 109 24.3820
9 79 942 216.4031
9 80 21 4.0844
9 81 362 79.2476
9 82 9126 2727.8409
9 84 66 14.3180
9 85 22 5.1287
9 86 246 61.2868
9 88 570 122.7529
9 89 58 10.7731
9 90 520 139.0383
9 91 702 188.0886
9 92 43 8.1935
9 93 816 253.0329
9 94 13 2.9805
9 95 63 10.8719
9 96 6 1.1671
9 97 76 13.9567
9 98 2392 623.3347
9 99 37 9.0467
9 100 150 30.5253
9 101 83 22.2571
9 102 1221 347.7614
9 103 192 38.4634
9 104 203 42.1249
9 105 49 8.7895
9 107 991 251.5560
9 108 78 14.0118
9 109 44 9.1212
9 110 294 72.7428
9 111 63 14.5537
9 112 212 39.6095
9 113 30 6.2429
9 114 127 22.7217
9 115 528 133.7743
9 116 42 9.2776
9 117 66 12.2072
9 118 8 1.6371
9 119 440 104.6243
9 120 5652 1560.0998
9 121 65 15.1237
9 122 79 14.2021
9 124 67 15.4614
9 125 414 95.1196
9 126 50 10.8970
9 127 677 176.6532
9 128 409 115.6574
9 129 180 33.6599
9 130 50 9.5431
9 131 245 60.7455
9 132 661 151.6734
9 133 13 2.5382
9 134 4673 1156.3593
9 135 44 13.9162
9 136 1876 484.4414
9 137 641 156.7839
9 138 2769 641.9637
9 139 156 30.4841
9 140 2817 696.5523
9 141 59 14.8739
9 142 505 124.5085
9 143 40 7.6514
9 144 129 31.0733
9 145 74 13.9521
9 146 831 200.0493
9 147 424 92.9221
9 148 47 10.8629
9 149 71 16.7524
9 150 2365 564.1851
9 151 1 0.2248
9 152 118 23.4501
9 153 224 50.4868
9 154 109 26.3186
9 155 109 24.5651
9 156 167 37.7636
9 157 1 0.2039
9 158 570 147.0297
9 159 54 10.7441
9 160 2543 690.8150
9 161 184 41.1312
9 162 37 6.8419
9 163 305 86.2210
9 164 7 1.7925
9 165 66 11.1597
9 166 369 74.5353
9 167 109 20.5665
9 168 175 34.8807
9 169 91 16.8030
9 170 114 24.2564
9 171 39 7.2022
9 172 19 4.1168
9 173 112 21.6325
9 174 34 6.5641
9 175 46 8.2386
9 176 4 0.7947
9 177 376 96.7270
9 178 218 38.4640
9 179 26 5.1989
9 180 518 131.4985
9 181 30 6.5656
9 182 2 0.4331
9 183 99 18.9448
9 184 82 23.3265
9 185 128 22.3631
9 186 690 131.8920
9 187 2308 513.0778
9 188 176 41.9153
9 189 2 0.4365
9 190 425 96.6068
9 191 44 9.6131
9 192 21 3.5642
9 193 42 9.5527
9 195 611 139.2494
9 196 8 1.5957
9 197 775 178.6074
9 198 76 14.3065
9 199 805 178.0575
9 200 150 39.5393
9 201 987 253.0307
9 202 7 1.6379
9 203 2443 589.8113
9 204 1 0.2104
9 205 650 163.9300
9 206 8 1.7664
9 207 4 0.8323
9 208 1581 412.0179
9 209 25 5.1532
9 210 23 4.8983
9 211 209 41.2265
9 212 773 187.8409
9 213 19 3.9213
9 214 101 18.7851
9 215 77 13.7629
9 216 767 198.4098
9 217 606 119.8275
9 218 107 20.2600
9 219 87 15.4680
9 220 584 128.8240
9 221 43 7.3241
9 222 399 108.7611
9 223 2356 565.5525
9 224 39 7.2911
9 225 8 1.5495
9 226 293 47.3316
9 227 332 64.4595
9 228 196 38.1430
9 229 64 13.7307
9 230 177 44.0490
9 231 308 64.8677
9 232 108 23.3285
9 233 68 12.2140
9 234 696 151.5456
9 235 631 140.3258
9 236 125 26.6006
9 237 7 1.2272
9 238 376 86.5107
9 239 960 207.2250
9 240 28 4.7381
9 241 21 4.7953
9 242 4581 1360.8174
9 243 52 10.6994
9 244 986 237.7208
9 245 162 39.5740
9 246 339 86.0664
9 247 30 5.6039
9 248 177 36.1053
9 249 194 42.0372
9 250 48 9.1300
9 251 47 11.4030
9 252 39 8.2037
9 254 131 30.5285
9 255 509 94.1825
9 256 4237 1120.2307
9 257 326 75.6273
9 258 1029 226.3529
9 259 8 1.6162
9 261 27 5.2054
9 262 1218 290.7779
9 263 1940 491.7980
9 264 65 13.1798
9 265 237 57.9878
9 266 1943 513.1675
9 267 127 25.3306
9 268 132 29.4396
9 269 81 16.3540
9 270 68 12.7493
9 271 215 48.8037
9 272 66 12.3346
9 273 707 174.3973
9 274 70 17.5669
9 275 40 7.4246
9 276 83 15.6660
9 277 83 14.9421
9 278 124 27.4436
9 279 9 1.8220
9 280 39 8.2392
9 281 57 12.4359
9 282 2681 780.1411
9 283 5 0.8262
9 284 20 3.8193
9 285 2971 797.4067
9 286 318 62.5259
9 287 127 28.0605
9 288 270 62.4216
9 289 53 14.3313
9 290 62 11.8844
9 291 339 62.7356
9 292 33 5.8806
9 293 21 4.2821
9 294 39 10.0183
9 296 241 73.0078
9 297 268 57.5442
9 298 50 10.3948
9 299 56 10.3257
9 301 40 8.8536
9 302 633 145.7365
9 303 53 11.4262
9 305 23 5.1708
9 306 63 11.1330
9 307 18 3.3628
9 308 6512 1840.6883
9 309 15 2.5135
9 310 1071 250.4938
9 311 453 72.3586
9 312 409 88.9166
9 313 103 23.6832
9 314 285 73.6917
9 315 114 29.5820
9 317 44 8.0583
9 318 1 0.2340
9 319 1222 314.7180
9 320 606 152.7404
9 321 13 2.4524
9 322 12 2.8067
9 323 8 1.5787
9 324 306 75.8309
9 325 1 0.2243
9 326 592 145.0192
9 327 289 65.9610
9 328 1679 390.6942
9 329 438 94.5329
9 330 15 3.2129
9 331 7 1.6668
9 332 148 28.2671
9 333 1910 529.4749
9 334 7 1.3705
9 335 89 23.8897
9 337 236 46.9882
9 339 454 96.2718
9 340 4 0.6087
9 341 1436 331.6889
9 342 277 77.4367
9 343 120 33.0177
9 344 73 16.6277
9 345 31 7.6160
9 346 180 33.4728
9 347 90 15.6372
9 348 158 30.4848
9 349 129 26.2162
9 350 81 20.8070
9 351 1289 270.4761
9 352 22 4.7046
9 353 415 89.0165
9 354 1076 326.4852
9 355 12 2.6339
9 356 1 0.2192
9 357 71 13.9256
9 358 1 0.1860
9 359 22 3.9386
9 360 7 1.4364
9 361 139 32.5118
9 362 391 96.1786
9 363 181 38.6991
9 364 505 119.9265
9 365 41 7.7874
9 366 432 94.1825
9 367 101 20.0250
9 368 941 265.2433
9 369 422 87.9845
9 370 32 5.9525
9 371 47 8.5652
9 372 55 10.6566
9 373 739 173.5596
9 374 34 6.5778
9 375 106 20.4962
9 376 94 15.2353
9 377 1962 528.9641
9 378 1424 348.7774
9 379 123 25.5082
9 380 5 1.1492
9 383 420 92.8446
10 0 436 89.1614
10 1 318 72.8747
10 2 705 170.7284
10 3 265 59.8481
10 4 60 11.1345
10 5 140 36.5557
10 6 1 0.1937
10 7 4297 1128.8520
10 8 339 76.4131
10 9 501 115.5489
10 11 133 33.1011
10 12 62 12.4024
10 13 10 3.0445
10 14 181 33.5463
10 15 96 17.8902
10 16 44 7.8432
10 17 364 85.6001
10 18 2 0.3792
10 19 4 0.8066
10 20 100 18.8870
10 22 579 144.8397
10 23 208 41.6017
10 24 1 0.2373
10 25 266 67.1998
10 26 86 16.4493
10 27 94 22.3267
10 28 1 0.1990
10 29 14 3.4028
10 30 193 43.8910
10 31 15 3.0194
10 32 87 17.1299
10 33 26 6.6072
10 34 1196 260.9847
10 35 227 51.5721
10 36 38 6.9079
10 37 14 2.7674
10 38 8 1.4868
10 39 198 48.2069
10 40 83 15.2805
10 41 230 54.2534
10 42 622 131.5685
10 44 1763 469.6966
10 45 931 229.5079
10 47 557 130.8510
10 48 216 49.7746
10 49 2299 520.3913
10 50 1024 241.2189
10 51 10 2.3442
10 52 247 59.5426
10 53 2 0.4786
10 54 831 208.1052
10 55 23 4.1848
10 56 338 71.4880
10 57 1230 335.1917
10 58 340 69.1632
10 59 623 152.7380
10 60 472 111.0491
10 61 64 11.7529
10 62 490 119.5335
10 63 29 6.0054
10 64 34 7.9218
10 65 15 2.8089
10 66 117 22.9049
10 67 266 65.3268
10 68 165 34.7162
10 69 799 226.5132
10 70 49 12.8569
10 71 652 129.7364
10 72 1179 272.8732
10 73 4 0.7987
10 74 314 66.1311
10 75 737 197.1350
10 76 29 5.2614
10 77 183 45.0602
10 78 482 103.5075
10 79 27 4.9045
10 80 556 126.5279
10 81 5 0.9351
10 82 33 5.9908
10 83 4 0.7954
10 84 411 109.5759
10 85 489 114.2525
10 86 27 5.0033
10 87 182 40.9704
10 88 25 4.4021
10 89 6 1.1641
10 90 105 21.0003
10 91 89 22.2697
10 92 451 103.0651
10 93 748 178.0214
10 94 6 1.3578
10 95 3177 915.8639
10 96 3319 919.6838
10 97 179 43.3891
10 98 44 8.8039
10 99 79 16.8524
10 100 131 27.1230
10 101 2134 569.2716
10 102 120 24.1513
10 103 8 1.3393
10 104 337 71.1965
10 105 39 7.7402
10 106 34 6.6222
10 107 49 10.2457
10 108 38 6.8727
10 109 195 49.8912
10 110 17 3.4564
10 111 684 178.0016
10 112 23 3.8122
10 113 378 91.2769
10 114 167 34.3399
10 115 3 0.6201
10 117 2 0.5203
10 118 3 0.6560
10 119 42 8.4703
10 120 37 9.0104
10 121 222 45.4435
10 122 43 10.1602
10 123 19 4.5820
10 124 560 137.5183
10 125 30 6.8093
10 126 47 8.8684
10 127 985 283.4054
10 128 73 17.4637
10 129 260 47.4161
10 130 126 24.8091
10 131 14 2.8774
10 132 43 11.1757
10 133 29 6.4370
10 134 2763 779.1737
10 135 31 6.4515
10 136 53 10.4696
10 137 120 26.3709
10 138 90 18.0328
10 140 6335 1776.0737
10 141 57 10.7056
10 142 115 32.3913
10 143 499 114.2652
10 144 5 1.0197
10 145 1542 367.9701
10 146 256 53.1694
10 147 538 115.2198
10 148 553 150.7385
10 149 216 51.7250
10 151 3125 957.3679
10 152 697 158.2228
10 153 3 0.6545
10 154 76 17.2023
10 155 849 205.9407
10 156 116 25.9024
10 157 564 128.9581
10 158 97 25.3418
10 159 469 110.5676
10 160 60 10.8923
10 161 1385 303.0880
10 162 21 4.2157
10 163 1121 266.6715
10 164 32 6.2251
10 165 3393 953.8409
10 166 206 52.1464
10 167 223 54.3862
10 168 193 42.5022
10 169 46 12.0622
10 170 468 117.0670
10 171 454 103.4567
10 172 46 8.4674
10 173 111 23.3475
10 174 26 4.8155
10 175 27 5.1781
10 176 17 3.6471
10 177 1 0.2146
10 178 68 11.5612
10 179 2431 675.5980
10 180 69 16.4619
10 181 16 3.9947
10 182 2393 730.5129
10 183 1 0.1780
10 184 76 13.2663
10 185 75 16.5750
10 186 4 0.6414
10 187 11 2.3132
10 188 1888 488.4677
10 189 2 0.4044
10 190 14 2.7111
10 191 211 39.0048
10 192 532 129.6517
10 193 1388 332.3277
10 194 218 44.4712
10 195 4 0.8552
10 196 37 7.6947
10 197 38 10.3336
10 198 27 5.6403
10 199 170 31.5300
10 200 53 10.6364
10 201 185 41.6526
10 202 110 21.0526
10 203 3 0.6675
10 204 26 4.6157
10 206 3 0.5879
10 207 359 80.2564
10 208 35 8.2198
10 209 191 48.9748
10 210 1063 302.6433
10 211 44 8.2352
10 212 81 13.1771
10 213 118 22.9252
10 214 8 1.3102
10 215 23 4.5731
10 216 811 209.1795
10 217 1 0.1814
10 218 461 113.1644
10 219 15 4.9430
10 220 139 26.5620
10 221 1 0.2151
10 222 22 3.8902
10 223 262 63.1043
10 224 326 57.3003
10 225 432 111.5608
10 226 3 0.5239
10 227 286 72.0009
10 228 22 4.0220
10 229 640 145.9797
10 230 159 37.8294
10 231 20 3.5779
10 232 44 10.6481
10 233 966 229.9901
10 234 186 43.9798
10 235 43 8.2158
10 236 90 18.8126
10 237 1653 445.7277
10 238 341 79.1185
10 239 68 14.6131
10 240 5 1.0243
10 241 92 17.5056
10 242 53 11.3756
10 243 167 30.8943
10 244 45 10.5761
10 245 1118 280.7371
10 246 204 42.6071
10 247 77 14.8075
10 248 110 24.3841
10 249 42 9.2796
10 250 31 5.6695
10 251 192 39.6466
10 253 2675 641.1467
10 254 2049 496.1764
10 255 927 251.7092
10 256 250 65.2231
10 257 523 137.9223
10 258 781 188.2669
10 259 31 5.9836
10 261 69 15.0241
10 262 15 3.8469
10 263 8651 2185.4741
10 264 431 113.6370
10 265 131 25.1825
10 266 483 140.6115
10 267 1278 341.5951
10 268 107 26.3860
10 269 396 81.4699
10 271 3239 742.5022
10 272 26 4.9119
10 273 365 79.0749
10 274 502 118.9347
10 275 42 7.7249
10 276 1 0.1752
10 277 288 63.5136
10 278 47 9.6652
10 279 564 150.6535
10 280 9 1.7870
10 281 9 1.6977
10 282 17 3.1638
10 283 90 17.6393
10 284 4506 1229.6145
10 285 27 6.7639
10 286 234 56.3152
10 287 69 19.2969
10 288 57 12.7684
10 289 294 54.2352
10 290 25 4.7967
10 291 21 3.8463
10 292 272 71.3743
10 293 115 19.4645
10 294 47 9.7836
10 295 335 74.2692
10 296 460 97.5488
10 297 1399 336.4020
10 298 1511 346.3844
10 299 13 3.3106
10 300 19 3.5065
10 301 68 12.8370
10 302 764 192.8952
10 303 428 90.4426
10 304 725 170.7981
10 305 529 116.1423
10 306 856 183.9049
10 307 2468 555.7049
10 308 151 33.3580
10 309 151 29.0926
10 310 323 65.1922
10 311 67 13.0430
10 312 640 152.7530
10 314 92 17.9389
10 315 117 22.9716
10 316 51 9.7110
10 317 1296 310.1127
10 318 121 36.0835
10 319 3 0.6731
10 320 1976 492.2332
10 321 409 92.7020
10 322 35 9.2625
10 323 81 16.4915
10 324 2211 518.9111
10 325 25 4.7787
10 326 46 11.9391
10 327 3 0.7992
10 329 2 0.3646
10 330 581 134.2356
10 331 191 35.4917
10 332 46 11.3840
10 333 35 6.6346
10 334 89 21.7289
10 335 52 13.3275
10 336 741 198.3248
10 337 530 119.9285
10 338 2160 592.5424
10 339 2391 649.7802
10 340 4920 1264.5098
10 341 860 211.6873
10 342 46 11.6760
10 343 3005 746.9522
10 344 209 54.2928
10 345 28 4.8447
10 346 158 34.5244
10 347 1 0.1812
10 348 31 6.3175
10 349 555 125.7306
10 350 321 93.1783
10 352 112 23.5461
10 353 156 35.3055
10 354 41 7.1492
10 355 136 28.3946
10 356 14 3.1065
10 357 101 23.0065
10 358 39 7.4674
10 359 3 0.5401
10 360 6 1.5387
10 361 306 67.9180
10 362 446 122.1307
10 363 35 6.6330
10 364 380 84.1678
10 365 793 172.7915
10 367 3 0.5973
10 368 69 12.0005
10 369 35 6.8569
10 370 164 41.1110
10 371 646 147.1519
10 372 218 57.3084
10 373 221 50.8796
10 374 667 183.1646
10 375 1844 477.0859
10 376 104 25.7742
10 377 2244 565.1827
10 378 655 169.2536
10 379 7 1.5650
10 380 102 22.0238
10 381 66 16.0408
10 382 2 0.3758
10 383 54 10.7102
11 0 529 146.7997
11 1 4 0.8168
11 2 28 5.0548
11 3 36 7.0041
11 4 121 25.8010
11 5 839 184.7646
11 6 89 17.7331
11 7 79 19.4076
11 8 62 12.6325
11 9 1228 281.1636
11 10 322 65.4346
11 11 513 135.5176
11 13 799 203.3017
11 14 364 70.0186
11 15 167 40.7198
11 16 106 22.6379
11 17 341 75.1032
11 18 187 36.5220
11 19 330 74.1854
11 20 254 67.3584
11 21 560 135.0127
11 22 35 9.0662
11 23 9 1.9737
11 24 120 36.9757
11 25 287 80.0993
11 26 710 155.1289
11 27 570 132.7935
11 28 465 107.6599
11 29 19 3.2578
11 30 234 46.1191
11 31 10 2.3382
11 32 248 64.1007
11 33 134 34.1017
11 34 875 209.2922
11 35 860 182.3278
11 36 784 212.6359
11 37 7 1.4141
11 39 30 6.2000
11 40 18 3.3946
11 41 827 179.1053
11 42 1 0.2467
11 43 155 37.1236
11 44 141 27.3224
11 45 128 24.5285
11 46 799 201.2542
11 47 164 40.1494
11 48 2044 527.1303
11 49 127 26.5285
11 50 359 79.0596
11 51 47 8.0280
11 52 205 47.2859
11 54 118 21.7946
11 55 125 24.6776
11 56 333 73.3247
11 58 5 0.9739
11 59 21 3.8802
11 60 372 91.8113
11 61 47 8.4875
11 62 10 1.9576
11 63 59 11.2571
11 64 1178 275.5533
11 65 1931 480.4843
11 66 1009 233.8581
11 67 65 11.5813
11 68 111 21.8423
11 69 4 0.6398
11 70 439 123.0768
11 71 227 39.8315
11 72 45 9.9716
11 73 1129 255.0363
11 74 28 5.1775
11 76 43 8.8837
11 77 1186 260.4010
11 78 11 2.1855
11 79 365 84.3153
11 80 10 1.7883
11 81 392 82.6104
11 82 64 15.8877
11 83 98 26.0262
11 84 134 25.1191
11 85 146 29.4065
11 86 67 12.7261
11 87 286 53.6430
11 88 382 79.8622
11 89 2 0.3458
11 90 730 192.9161
11 91 81 16.6255
11 92 16 3.4730
11 93 37 7.6205
11 94 303 71.7265
11 95 21 3.7243
11 96 317 78.2650
11 97 162 32.8382
11 98 4457 1341.4946
11 99 1390 321.2936
11 100 86 15.8444
11 101 156 37.0491
11 102 5488 1733.3241
11 103 155 33.5726
11 104 34 6.2962
11 105 439 95.8671
11 106 11 2.0213
11 108 600 116.7561
11 109 2589 775.1704
11 110 53 9.5237
11 111 263 69.0303
11 112 58 11.6683
11 113 42 7.8320
11 114 587 130.1546
11 115 14 2.2478
11 116 710 175.4688
11 117 19 3.7296
11 118 17 3.0858
11 119 811 218.6709
11 120 142 25.5317
11 121 1576 360.5985
11 122 90 18.4800
11 123 20 3.8361
11 124 221 47.9445
11 125 264 52.5249
11 126 281 62.2549
11 127 19 3.6055
11 128 531 112.1371
11 129 665 135.9850
11 130 323 70.5174
11 131 528 118.0399
11 133 1 0.1820
11 134 3 0.5216
11 135 74 12.4201
11 136 64 13.3597
11 137 129 30.2741
11 138 142 24.8596
11 139 9 1.4677
11 140 64 15.5767
11 141 425 97.0629
11 142 240 53.6611
11 143 468 99.1664
11 144 122 26.9046
11 145 12 2.5058
11 146 1 0.1956
11 147 394 100.2614
11 148 861 209.7422
11 149 65 13.9976
11 150 69 14.1220
11 151 28 5.2160
11 152 21 4.4961
11 153 13 2.4936
11 154 96 19.2227
11 155 213 45.3828
11 156 41 7.9095
11 158 70 12.5311
11 160 58 10.6982
11 161 15 2.6081
11 162 437 107.8104
11 163 13 2.6118
11 164 225 51.0667
11 165 717 130.6653
11 166 1104 265.8683
11 167 152 37.6299
11 168 406 90.3692
11 169 15 2.7114
11 170 518 113.9254
11 171 300 69.0948
11 172 247 54.0525
11 173 55 12.9346
11 174 189 39.3620
11 175 3441 823.5846
11 176 71 13.8633
11 177 8 1.7575
11 178 4 0.7565
11 179 44 8.1074
11 180 1848 445.0211
11 181 153 41.5503
11 182 120 24.0034
11 183 11 2.0369
11 184 80 15.1835
11 185 24 4.7295
11 186 10 1.7944
11 187 32 8.1171
11 189 4075 1048.4482
11 190 53 10.8063
11 191 186 45.8003
11 192 327 74.0320
11 193 2 0.4006
11 194 91 17.6214
11 195 1422 352.0510
11 196 59 11.5193
11 197 17 2.9720
11 198 1524 345.6130
11 199 3 0.6852
11 200 34 9.7334
11 201 95 21.5272
11 202 10 2.1279
11 203 1507 398.0535
11 204 26 4.9153
11 205 67 14.0307
11 206 25 4.5943
11 207 24 6.3168
11 208 361 79.0373
11 209 599 137.7409
11 210 35 6.7824
11 211 34 7.8091
11 212 429 108.9664
11 213 75 16.4310
11 214 227 38.0531
11 215 226 47.5766
11 216 819 185.3481
11 218 16 3.4130
11 219 2 0.3050
11 220 543 128.0245
11 221 4349 1084.2864
11 222 92 20.3589
11 223 83 17.3253
11 224 218 57.0875
11 225 1205 303.9615
11 226 1011 245.2207
11 227 1429 333.9417
11 228 11 2.2669
11 230 2487 618.5984
11 231 4750 1142.8249
11 232 142 31.5912
11 233 5937 1825.2362
11 234 57 9.7763
11 235 936 231.2053
11 236 188 38.8325
11 237 437 101.7623
11 238 3 0.5792
11 239 12 2.5361
11 240 35 6.2245
11 241 144 26.8650
11 242 232 58.0419
11 243 126 32.5856
11 244 187 48.0964
11 245 53 11.0596
11 246 45 8.0439
11 247 699 156.3354
11 248 54 11.6543
11 249 3 1.0046
11 250 77 14.3867
11 251 16 5.4696
11 252 219 61.4583
11 253 45 11.1133
11 254 42 10.6706
11 255 2466 603.5294
11 256 114 25.6584
11 257 96 18.4903
11 258 1 0.2281
11 259 1409 342.3708
11 260 84 18.5252
11 261 40 11.9415
11 262 1383 313.5530
11 263 27 7.9892
11 264 1 0.2143
11 265 51 11.2658
11 266 87 19.7612
11 267 11 1.9672
11 268 37 7.0560
11 269 227 47.4558
11 270 189 40.2589
11 271 2001 407.9073
11 273 243 68.7696
11 274 1 0.2443
11 275 108 28.2483
11 276 81 17.5737
11 277 152 29.9391
11 278 31 7.4144
11 279 187 44.4785
11 280 237 55.9301
11 281 109 20.1152
11 282 86 17.1136
11 283 149 38.8837
11 284 48 10.9729
11 285 40 9.8626
11 286 1649 374.5378
11 287 62 13.4398
11 288 519 119.9065
11 289 173 38.9272
11 290 2162 543.3113
11 291 32 6.6431
11 292 111 21.7384
11 293 8 1.5254
11 294 4171 1076.6353
11 295 164 47.7911
11 296 3 0.5972
11 297 162 41.5926
11 298 54 12.4120
11 299 20 4.0692
11 301 49 9.2664
11 302 620 155.2715
11 303 27 4.8711
11 304 1847 444.6100
11 305 14 2.7570
11 306 828 177.5566
11 307 291 65.7908
11 308 1315 323.9293
11 309 160 34.1920
11 310 364 94.9517
11 311 1 0.1849
11 313 879 222.9412
11 314 656 129.4426
11 315 98 24.5627
11 316 35 6.3862
11 317 87 16.7747
11 319 498 105.0506
11 320 207 45.9916
11 321 426 95.8799
11 322 11 2.0431
11 323 102 20.0736
11 324 16 2.7626
11 325 32 9.5186
11 326 564 121.9774
11 327 638 148.2044
11 328 1667 395.7445
11 329 88 22.9614
11 330 99 20.3512
11 331 182 33.7829
11 332 1382 393.1369
11 334 53 11.3838
11 335 41 8.0194
11 336 64 11.1680
11 337 223 54.1676
11 338 1263 258.5799
11 339 59 11.9588
11 340 76 15.2128
11 341 87 16.5370
11 342 3 0.6103
11 343 1605 426.1980
11 344 134 24.3711
11 345 11258 3335.1299
11 346 1285 313.8264
11 347 72 13.7387
11 348 15 3.6011
11 349 4112 1112.2990
11 350 10 1.9444
11 351 295 60.7341
11 353 288 74.7897
11 354 1 0.2554
11 355 523 118.1230
11 356 299 73.4563
11 357 837 210.4398
11 358 22 3.8384
11 359 1226 298.0274
11 360 22 4.0229
11 361 159 32.7090
11 362 128 23.1053
11 363 593 161.9625
11 364 6 1.0498
11 365 266 58.4107
11 366 105 19.6972
11 367 248 65.9597
11 368 3 0.6210
11 369 384 81.5287
11 370 148 35.6959
11 371 75 14.8736
11 373 74 12.8373
11 374 119 28.4288
11 375 183 37.4703
11 376 19 4.5148
11 377 116 20.6387
11 378 165 32.4428
11 379 4158 1187.8844
11 380 14 2.6912
11 381 69 12.2146
11 382 17 4.4504
11 383 2 0.4164
12 0 12 3.0201
12 1 5 1.2628
12 2 35 7.5431
12 3 19 3.4520
12 4 51 10.4337
12 5 4290 1051.4097
12 6 217 56.2983
12 7 14 3.3606
12 8 393 99.3615
12 9 69 12.1697
12 10 193 46.3667
12 11 74 17.4446
12 12 735 185.5119
12 13 6 1.1910
12 14 60 14.1994
12 15 1 0.1770
12 16 1702 430.2604
12 17 473 101.3905
12 18 1839 493.2790
12 19 138 25.7580
12 20 143 36.0964
12 21 60 13.6132
12 22 40 7.4156
12 23 70 13.5559
12 24 5 0.9453
12 25 1023 229.8594
12 26 48 8.5546
12 27 464 122.6524
12 28 1 0.2157
12 29 25 5.5725
12 30 9 1.9871
12 31 450 98.7396
12 32 362 94.3791
12 33 160 40.3806
12 34 889 183.9932
12 35 378 92.0342
12 36 15 4.3539
12 37 16 3.2591
12 38 209 42.8546
12 39 528 131.9338
12 40 62 14.4309
12 41 192 42.7363
12 42 2492 738.3541
12 43 16 3.2291
12 44 142 36.0478
12 45 96 19.4766
12 46 198 43.2536
12 47 117 22.0938
12 48 211 42.1403
12 49 14 3.0585
12 50 29 5.6630
12 51 26 5.5874
12 52 34 6.9095
12 53 291 73.7179
12 54 15 3.0294
12 55 531 124.9279
12 56 7 1.4131
12 57 61 13.0226
12 58 1653 403.6302
12 59 317 69.2435
12 60 351 63.2989
12 61 21 4.4925
12 62 1152 272.6693
12 63 67 13.7487
12 64 303 86.9166
12 65 62 14.1027
12 66 230 49.6510
12 67 3871 1004.8930
12 68 16 2.9287
12 69 592 147.8688
12 70 11 1.9851
12 71 157 36.6172
12 72 7 1.5209
12 73 15 2.7658
12 74 172 38.3515
12 75 20 5.4350
12 76 26 5.2016
12 77 430 106.2317
12 78 119 24.3615
12 79 8 1.7287
12 80 12 2.5435
12 81 84 18.8739
12 82 49 8.8359
12 83 152 35.0418
12 84 4 0.7880
12 85 480 109.9165
12 86 491 117.6666
12 87 818 205.4623
12 88 2545 830.8729
12 89 58 12.3597
12 90 4260 1259.0986
12 91 18 3.7183
12 92 60 13.7643
12 93 53 11.9628
12 94 11 2.5867
12 95 2581 630.8846
12 96 153 35.7616
12 97 144 28.0285
12 98 15 3.3762
12 99 86 15.2455
12 100 1328 383.1134
12 101 55 14.8434
12 102 1065 247.9871
12 103 97 20.6414
12 104 135 29.4314
12 105 1252 327.8255
12 106 126 29.5619
12 107 121 23.9473
12 108 1 0.2396
12 109 793 227.7631
12 110 119 25.5876
12 111 72 19.8049
12 112 5 1.3408
12 113 110 21.7874
12 114 43 9.2871
12 115 34 7.3882
12 116 693 156.8595
12 117 18 3.1678
12 118 918 231.7837
12 119 117 24.0182
12 120 400 76.7864
12 121 111 28.3243
12 122 359 84.8867
12 123 1093 287.1673
12 124 1100 270.9344
12 125 292 64.1350
12 126 2391 569.2600
12 127 129 28.2739
12 128 105 24.2198
12 129 110 28.2676
12 130 17 3.0638
12 131 26 5.4312
12 132 10 2.0039
12 133 252 54.8704
12 134 3568 958.7916
12 135 36 7.3598
12 136 78 14.7576
12 137 1171 278.2786
12 138 647 156.8403
12 139 1753 449.1249
12 140 167 37.1562
12 141 1383 359.0474
12 142 434 81.5898
12 143 10 2.3526
12 144 66 12.6402
12 145 75 14.0527
12 146 44 9.3100
12 147 50 10.5156
12 148 1 0.2083
12 149 25 4.7775
12 150 111 27.6876
12 151 1604 445.2021
12 152 289 57.9375
12 153 2 0.3083
12 154 32 7.1864
12 155 2899 719.0352
12 156 102 21.6534
12 157 370 76.3139
12 158 257 60.5535
12 159 5870 1558.3274
12 160 8 1.8301
12 161 1186 277.0721
12 163 279 64.1150
12 165 1668 402.7184
12 166 38 6.7376
12 167 129 32.8131
12 168 24 6.7865
12 169 1869 454.9912
12 170 91 17.6060
12 171 797 164.2010
12 172 57 10.9151
12 173 134 29.0249
12 174 1485 349.1786
12 175 53 12.8453
12 176 527 131.1682
12 177 1 0.2083
12 179 62 12.4768
12 180 2001 459.2969
12 181 8 2.0805
12 182 927 211.0442
12 183 591 138.2832
12 185 1 0.2809
12 186 587 152.5385
12 187 21 6.0433
12 188 138 30.0757
12 189 1937 492.8535
12 190 2 0.4165
12 191 92 16.5503
12 192 126 27.2300
12 193 53 11.0798
12 194 1113 294.7923
12 195 521 112.4815
12 196 710 173.6678
12 197 14 2.4001
12 198 1524 369.4671
12 199 96 18.5553
12 200 1275 342.1088
12 201 126 22.7774
12 202 135 26.6676
12 203 37 7.0364
12 204 53 9.6324
12 206 11 2.7679
12 207 2313 541.9256
12 208 1804 509.2120
12 209 261 65.0396
12 210 603 133.2365
12 211 451 96.0570
12 212 316 98.7859
12 213 148 29.5193
12 214 85 17.8295
12 215 62 14.8939
12 216 78 15.3397
12 217 272 62.1323
12 218 51 11.4653
12 219 134 30.1381
12 220 2 0.4981
12 221 3130 923.8184
12 222 238 60.9453
12 223 385 96.6829
12 224 30 7.8979
12 225 47 10.7946
12 226 21 3.8969
12 227 235 45.9776
12 228 77 16.2476
12 229 244 57.5042
12 230 386 101.3046
12 231 98 24.9675
12 232 5 1.0165
12 233 9 2.3159
12 234 13 2.2319
12 235 331 75.9610
12 236 552 113.4450
12 237 194 36.1088
12 238 25 4.9203
12 239 398 92.0061
12 240 397 90.9942
12 241 74 14.9142
12 242 486 99.2694
12 243 1300 281.0997
12 245 81 14.3634
12 246 1033 248.1196
12 247 120 24.5620
12 248 56 14.8091
12 249 492 114.1917
12 250 18 3.6100
12 251 90 22.9588
12 252 1191 307.0281
12 253 52 12.0618
12 254 141 33.5583
12 255 572 132.5808
12 256 9 1.7716
12 257 44 8.1719
12 258 58 10.5398
12 259 42 7.8867
12 260 28 5.3179
12 261 869 209.0683
12 262 1078 250.0016
12 263 587 154.5406
12 264 587 130.7239
12 265 773 186.2597
12 266 119 23.2283
12 267 67 17.5074
12 268 41 7.8666
12 269 28 6.1098
12 270 76 15.7572
12 271 312 70.0167
12 272 431 101.2488
12 273 10 2.3555
12 274 30 5.4637
12 275 15 3.9451
12 276 21 3.7825
12 277 173 31.5946
12 278 1004 260.0569
12 279 1484 417.6965
12 280 848 193.9961
12 281 1 0.2349
12 282 3 0.7465
12 283 506 127.0327
12 284 70 17.1434
12 285 122 21.2098
12 286 3 0.7172
12 287 1935 506.7699
12 288 13 2.3256
12 289 5 1.1430
12 290 3 0.7662
12 291 608 128.7306
12 292 155 33.4449
12 293 1020 226.4683
12 294 152 34.2324
12 295 477 125.6381
12 296 16 4.7322
12 297 22 4.6715
12 298 257 67.7065
12 299 69 13.9889
12 300 379 90.3064
12 301 98 18.5950
12 302 543 146.6955
12 303 5 1.1283
12 304 2 0.3914
12 305 6 1.1119
12 306 4834 1328.3892
12 307 277 70.1788
12 308 2851 788.8876
12 310 59 12.3597
12 311 1070 275.3521
12 312 1192 285.5159
12 313 8 1.6877
12 314 631 144.9382
12 316 3913 986.5544
12 317 876 205.5051
12 318 34 6.4762
12 319 147 33.2744
12 320 230 52.2290
12 321 16 4.1036
12 322 11 2.1683
12 323 67 13.0253
12 324 151 32.8610
12 325 53 10.6779
12 326 300 59.1086
12 327 27 7.5167
12 328 211 51.3247
12 329 1791 434.5148
12 330 59 11.4015
12 331 1328 343.9071
12 332 133 32.2792
12 333 378 99.5460
12 334 485 101.4650
12 335 66 16.7721
12 336 56 12.2747
12 337 984 258.3081
12 338 454 109.0751
12 339 574 149.3392
12 340 1235 299.4000
12 341 39 7.2686
12 342 14 2.6675
12 343 123 27.4325
12 345 1821 502.7512
12 346 3 0.5017
12 347 4 0.7880
12 348 155 31.6186
12 349 2173 527.3368
12 350 254 51.9294
12 351 15 3.1372
12 352 5 0.9492
12 353 12 2.3082
12 354 262 71.0106
12 355 88 19.0703
12 356 11 2.5201
12 357 34 7.1904
12 358 1098 252.8004
12 359 41 8.0712
12 360 56 11.6062
12 361 18 3.8321
12 362 103 23.6657
12 363 47 9.2667
12 364 82 15.8387
12 365 1 0.1534
12 366 651 159.5314
12 367 94 17.0359
12 368 10 2.0638
12 369 472 139.9078
12 370 20 3.7490
12 371 48 9.3239
12 372 349 71.1109
12 373 4 0.8390
12 374 47 9.1686
12 375 2 0.4408
12 376 283 61.8924
12 377 210 54.5337
12 378 9 1.7687
12 379 1101 283.3790
12 380 350 83.8913
12 381 1460 385.2586
12 382 94 22.3963
12 383 424 82.0902
13 0 108 25.6367
13 1 579 175.5813
13 2 192 59.8481
13 3 63 13.0486
13 4 123 27.6049
13 5 441 110.2518
13 6 3319 922.0156
13 7 1 0.2184
13 8 98 22.1488
13 9 355 82.0232
13 10 4254 1030.0785
13 11 155 42.4637
13 12 1036 232.6588
13 13 84 19.1644
13 14 51 10.4944
13 15 2282 550.6527
13 16 105 19.4635
13 17 25 4.7228
13 18 294 73.7766
13 19 402 98.4733
13 20 135 33.4858
13 21 207 48.3893
13 22 42 8.1025
13 23 81 25.1978
13 24 42 12.6501
13 25 52 10.2590
13 26 98 27.2405
13 27 168 36.0517
13 28 133 29.6776
13 29 720 175.6680
13 30 62 11.4917
13 31 104 22.4289
13 32 100 19.5908
13 33 67 16.4924
13 34 1604 385.5730
13 35 104 24.5706
13 36 1387 348.1067
13 37 4 0.7742
13 38 112 24.8045
13 39 602 144.4389
13 40 137 42.5918
13 41 1141 316.7234
13 42 52 15.1331
13 43 191 43.2552
13 44 1236 330.7991
13 45 533 120.1580
13 46 1093 297.1215
13 47 294 65.9821
13 48 132 29.0405
13 49 798 180.0332
13 50 215 59.9239
13 51 46 12.2515
13 52 25 4.5252
13 53 66 14.0224
13 54 1892 509.1886
13 55 120 24.0288
13 56 119 29.7900
13 57 3025 786.9170
13 58 254 61.9040
13 59 82 18.4889
13 60 413 103.7911
13 61 194 41.6844
13 62 19 3.7721
13 63 1094 233.0453
13 64 140 30.1901
13 65 31 7.3320
13 66 114 34.7222
13 67 19 4.6664
13 68 53 9.6396
13 69 850 225.8694
13 70 161 35.2282
13 71 3831 869.0858
13 72 19 3.6880
13 73 1116 261.5172
13 74 18 3.8787
13 75 125 26.8928
13 76 504 114.5552
13 77 62 14.9989
13 78 654 194.1693
13 79 256 54.6189
13 80 3 0.5531
13 81 23 4.1193
13 82 26 8.2729
13 83 255 47.4795
13 84 19 3.8423
13 85 31 5.7210
13 86 329 89.9473
13 87 129 37.9232
13 88 277 65.7863
13 89 1561 377.3740
13 90 126 25.1664
13 91 159 39.1348
13 92 2488 640.5123
13 93 153 32.0658
13 94 1616 387.0268
13 95 375 81.7053
13 96 108 21.3370
13 97 240 47.2991
13 98 245 61.9076
13 99 538 126.6364
13 100 5 0.8515
13 101 53 11.4049
13 102 55 10.2860
13 103 124 23.0408
13 104 1962 470.0701
13 105 464 110.9913
13 106 62 14.0292
13 107 10 1.7785
13 108 70 14.6416
13 109 1158 324.3052
13 110 58 13.0541
13 111 89 20.9079
13 112 90 21.6953
13 113 38 8.8622
13 114 2699 726.2144
13 115 1824 502.1993
13 116 305 59.2885
13 117 1 0.2089
13 118 44 8.0363
13 119 2 0.3805
13 120 664 163.8577
13 121 278 59.8783
13 122 15 2.6131
13 123 41 10.1816
13 124 284 65.6270
13 125 52 10.5392
13 126 38 9.1737
13 127 304 77.7738
13 128 625 151.0526
13 129 128 25.3241
13 130 30 5.4319
13 131 20 4.3970
13 132 3189 930.8966
13 133 44 8.4534
13 134 56 11.0682
13 135 3 0.5620
13 136 643 129.9667
13 137 164 41.5236
13 138 37 7.2077
13 139 6 1.1608
13 140 15 3.0742
13 141 93 20.9482
13 142 408 86.4059
13 143 1289 506.5935
13 144 23 4.3536
13 145 393 87.7757
13 146 113 24.4891
13 147 83 21.3427
13 148 101 24.4459
13 149 19 4.2955
13 150 667 169.1666
13 151 117 28.3858
13 152 57 12.6328
13 153 79 17.9453
13 154 80 19.4144
13 155 37 7.7887
13 156 86 16.5556
13 157 7834 1837.0368
13 158 72 16.9528
13 159 2160 588.5111
13 160 222 49.6719
13 161 423 87.0746
13 162 49 8.8444
13 163 30 5.6188
13 164 9 2.1419
13 165 335 68.1406
13 166 51 12.6842
13 167 81 17.7286
13 168 237 54.3811
13 169 21 6.5791
13 170 176 33.4553
13 171 9 1.7905
13 172 103 21.3829
13 173 46 8.6233
13 174 43 10.0012
13 175 136 32.4515
13 176 255 52.3678
13 177 454 105.0872
13 178 1110 249.4148
13 179 38 7.7048
13 180 554 144.5553
13 181 1465 327.0936
13 182 51 13.8987
13 183 12 2.3146
13 184 188 40.6979
13 185 51 9.3657
13 186 2 0.4274
13 187 612 142.1268
13 188 5343 1283.0139
13 189 107 20.2033
13 190 151 42.8465
13 191 152 34.5523
13 192 464 122.5456
13 193 632 225.6519
13 194 50 10.4523
13 195 2189 496.4797
13 196 2 0.2799
13 197 163 35.1680
13 198 130 30.2035
13 199 533 135.9441
13 200 86 17.0773
13 201 174 42.3690
13 202 111 26.0583
13 203 1164 289.8475
13 204 90 24.6052
13 205 1624 401.0617
13 206 375 84.5269
13 207 912 229.2214
13 208 42 7.7506
13 209 71 16.4569
13 210 1408 378.9521
13 211 115 23.5241
13 212 81 25.5471
13 213 8 1.4367
13 214 101 21.6875
13 215 1814 451.2240
13 216 120 24.0162
13 217 19 5.4369
13 218 633 130.1428
13 219 623 126.9190
13 220 369 105.1361
13 221 166 36.0910
13 222 145 39.9804
13 223 259 56.5725
13 224 66 14.1787
13 225 233 54.6557
13 226 59 13.6987
13 227 95 18.1995
13 228 53 10.2000
13 229 35 6.0443
13 230 733 250.9233
13 231 14 2.3309
13 232 68 17.1958
13 233 3 0.5464
13 234 60 12.4715
13 235 1247 320.1830
13 236 58 13.2612
13 237 151 31.1037
13 238 47 9.0043
13 239 34 7.0986
13 240 6 1.1933
13 241 455 98.0501
13 242 30 5.3794
13 243 2184 538.3927
13 244 24 4.6351
13 245 272 55.6542
13 246 502 105.5221
13 247 76 15.7807
13 248 1866 451.5994
13 249 1662 503.6327
13 250 33 9.1743
13 251 2180 592.2908
13 252 162 34.3142
13 253 76 19.3624
13 254 938 212.9633
13 255 155 36.3664
13 256 176 31.6410
13 257 21 3.1814
13 258 735 154.1968
13 259 548 117.0421
13 260 896 221.9525
13 261 131 27.0989
13 262 90 17.5359
13 263 303 61.9258
13 264 191 37.8420
13 265 103 18.9550
13 266 1040 377.8594
13 267 141 31.7924
13 268 14 2.8091
13 269 101 22.0936
13 270 49 9.2802
13 271 796 233.8153
13 272 2092 531.7216
13 273 39 8.8023
13 274 90 24.9789
13 275 4 0.8260
13 276 83 16.8655
13 277 9 1.7469
13 278 138 31.3580
13 279 2038 550.3855
13 280 1753 452.1278
13 281 1031 297.8003
13 282 51 9.7427
13 283 46 10.6512
13 284 52 10.9669
13 285 2731 735.9891
13 286 44 12.1164
13 287 313 83.2287
13 288 38 11.0695
13 289 67 14.7856
13 290 18 3.4185
13 291 45 8.5255
13 292 26 7.1172
13 293 1365 350.1987
13 294 32 6.0764
13 295 53 11.5145
13 296 26 6.5717
13 297 129 31.1912
13 298 208 49.7490
13 299 68 13.0447
13 300 24 4.4370
13 301 9 1.6590
13 303 157 38.2591
13 304 224 45.9344
13 305 275 67.8820
13 306 1239 298.2709
13 307 98 20.5606
13 308 61 11.6117
13 309 204 52.1409
13 310 1131 305.7418
13 311 358 87.9908
13 312 66 15.6113
13 313 143 32.6255
13 314 30 7.1107
13 315 1416 317.0251
13 316 902 224.4720
13 317 1 0.1323
13 318 3786 952.7055
13 319 144 39.9249
13 320 1 0.2036
13 321 5 1.1319
13 322 857 173.0540
13 323 57 13.1031
13 324 467 110.2655
13 325 30 5.6625
13 326 907 246.5561
13 327 79 17.9306
13 328 162 32.9052
13 329 16 3.0750
13 330 6 1.3161
13 331 180 33.6737
13 332 28 5.6333
13 333 273 58.5746
13 334 30 5.5492
13 335 763 175.8125
13 336 2993 928.7216
13 337 160 38.0990
13 338 455 123.7021
13 339 47 9.0685
13 340 513 111.4093
13 341 33 5.8276
13 342 455 94.5931
13 343 41 7.8967
13 344 86 19.6166
13 345 2541 665.6633
13 346 28 6.4565
13 347 10 2.2081
13 348 70 18.7618
13 349 4 0.7946
13 350 11 1.8775
13 351 27 5.1745
13 352 142 33.2693
13 353 927 258.6647
13 354 14 2.4083
13 355 99 19.7878
13 356 216 49.4179
13 357 221 43.6021
13 358 99 21.8097
13 359 280 62.8847
13 360 1328 330.3368
13 361 728 160.6469
13 362 14 2.6670
13 363 849 236.7584
13 364 113 24.0813
13 365 6 1.2328
13 366 314 66.9508
13 367 169 41.2191
13 368 294 57.9611
13 369 35 8.8893
13 370 351 77.7383
13 371 77 22.5501
13 372 62 18.7320
13 373 92 18.5542
13 374 321 71.0393
13 375 78 14.7344
13 376 455 97.7700
13 377 170 40.7529
13 378 79 17.0441
13 379 3 0.7976
13 380 60 16.6235
13 381 330 92.7936
13 382 8 1.5910
13 383 67 12.4935
14 0 5 1.4916
14 1 151 39.4630
14 2 698 166.1522
14 3 1085 262.9361
14 4 4 0.6498
14 5 599 141.6951
14 6 46 10.5814
14 7 2 0.3219
14 8 6 1.0423
14 9 43 7.5412
14 10 59 12.6111
14 11 223 55.7257
14 12 9 1.4628
14 13 66 13.0990
14 14 232 52.4388
14 15 4 0.7772
14 16 987 259.2794
14 17 424 92.9848
14 18 1848 473.0475
14 19 255 47.4427
14 20 51 11.0110
14 21 1 0.2986
14 22 24 8.4389
14 23 189 38.4500
14 24 73 15.6414
14 25 37 9.8435
14 26 2260 552.8741
14 27 821 187.2304
14 28 1135 271.3002
14 29 71 16.6707
14 30 1033 261.9075
14 31 2283 627.3288
14 32 30 7.7028
14 33 44 10.1678
14 34 21 3.8660
14 35 240 48.2537
14 36 262 52.0855
14 37 1120 288.0822
14 38 7 1.5046
14 39 8 1.8100
14 40 118 26.9848
14 41 272 52.0534
14 42 37 7.1656
14 43 1317 371.0776
14 44 5 0.9587
14 45 293 68.9427
14 46 33 7.6206
14 47 39 7.9198
14 48 1442 347.6074
14 49 75 14.7275
14 50 12 2.1320
14 51 656 156.5131
14 52 17 3.6174
14 53 5 0.8455
14 54 44 9.2581
14 55 2 0.4399
14 56 60 14.2198
14 57 2076 472.6476
14 58 61 16.7102
14 59 75 17.3751
14 60 894 180.2623
14 61 73 17.2738
14 62 116 20.8337
14 63 73 18.0872
14 64 1100 215.9822
14 65 50 11.0755
14 66 11 2.7637
14 67 1749 446.1895
14 68 3 0.7624
14 69 302 76.0443
14 70 213 49.4399
14 71 235 49.3242
14 72 6 1.4800
14 73 129 28.8995
14 74 417 98.6724
14 75 19 3.8291
14 76 483 105.4188
14 77 238 51.3079
14 78 31 6.5876
14 79 232 38.0134
14 80 51 12.0086
14 81 35 7.1307
14 82 20 3.9637
14 83 23 5.3244
14 84 2327 666.8017
14 85 111 30.8880
14 86 26 4.7898
14 87 11 2.2623
14 88 64 16.2190
14 89 7 1.6134
14 90 212 54.0655
14 91 152 28.7680
14 92 354 87.2885
14 93 362 93.1887
14 94 23 5.4886
14 95 1 0.2438
14 96 428 115.1431
14 97 6 1.2761
14 98 212 48.8684
14 99 727 162.9278
14 100 24 6.1614
14 102 9 2.0123
14 103 329 79.6280
14 104 324 67.5834
14 105 17 3.4859
14 106 67 13.1973
14 107 205 44.9988
14 108 194 40.2650
14 109 164 35.3775
14 110 138 31.4659
14 111 1 0.1637
14 112 251 52.2317
14 113 15 3.6957
14 114 72 29.0749
14 115 3 0.5898
14 116 20 4.6756
14 117 55 10.5455
14 118 159 32.3433
14 119 29 5.0370
14 120 7 1.6527
14 121 10 2.0230
14 122 449 105.5758
14 123 17 3.3948
14 124 11 2.3011
14 125 35 6.4731
14 126 62 14.4903
14 127 34 7.7249
14 128 426 94.4497
14 129 410 95.9579
14 130 5 1.0464
14 131 82 15.0857
14 132 19 4.6727
14 133 18 2.9155
14 134 92 21.1462
14 135 9869 2491.9798
14 136 106 19.0647
14 137 158 32.3620
14 138 56 11.9480
14 139 2229 524.7342
14 140 27 4.1734
14 141 4 0.8442
14 142 11 2.9469
14 144 45 7.4282
14 145 401 101.1485
14 146 928 197.4906
14 147 15 3.2337
14 148 51 10.1950
14 149 135 32.1054
14 151 562 140.6758
14 152 18 3.7501
14 153 19 4.9967
14 154 9 1.4205
14 155 40 8.8221
14 156 1 0.2085
14 157 783 165.3281
14 158 246 52.0894
14 159 990 205.4262
14 160 4 0.9076
14 161 271 57.3460
14 162 3255 783.4013
14 163 138 38.0805
14 164 29 6.1920
14 165 6642 1937.2711
14 166 36 7.1919
14 167 55 13.3321
14 168 23 4.6839
14 169 38 10.1938
14 170 1520 425.2536
14 171 584 198.0948
14 172 702 191.7968
14 173 951 225.0207
14 174 7 1.4645
14 175 8 1.6428
14 176 62 13.2664
14 177 8 1.5324
14 179 840 214.9182
14 180 29 6.3517
14 181 92 19.0051
14 182 14 3.4276
14 183 37 8.3242
14 184 9 1.6800
14 185 36 6.2593
14 186 43 8.2285
14 187 34 6.2034
14 189 1256 300.1330
14 190 307 70.5079
14 191 46 8.7501
14 192 132 28.8131
14 193 175 39.0234
14 194 49 9.8633
14 195 69 14.6624
14 196 109 20.0532
14 197 555 126.5448
14 198 33 6.3916
14 199 66 13.0371
14 200 79 16.3609
14 201 752 185.0754
14 202 34 8.4984
14 203 169 34.6360
14 204 625 144.3893
14 205 44 7.8714
14 206 23 4.8085
14 207 151 27.9017
14 208 2 0.3719
14 209 207 46.2413
14 210 582 117.2971
14 211 20 3.9448
14 212 3541 1130.7262
14 213 1318 300.6966
14 214 47 11.8208
14 215 165 33.9387
14 216 2505 573.8296
14 217 1181 275.5026
14 218 8 1.5715
14 219 76 13.9889
14 221 155 35.1552
14 222 39 7.8279
14 223 380 89.3277
14 224 115 22.1054
14 225 50 9.0363
14 226 6377 1460.8423
14 227 174 33.7841
14 228 2070 642.9257
14 229 97 23.7040
14 230 125 27.1038
14 231 151 33.6424
14 232 1591 408.8943
14 233 205 48.5704
14 234 1694 400.7365
14 235 38 8.8413
14 236 43 7.3849
14 237 102 22.7858
14 238 1160 275.0376
14 239 239 55.2195
14 240 222 60.7818
14 241 50 11.5997
14 242 302 90.2605
14 243 268 68.1214
14 244 504 117.7756
14 245 987 262.3419
14 246 1 0.1707
14 247 4 0.9668
14 248 926 218.0594
14 249 450 98.4055
14 250 48 13.3139
14 251 474 114.5167
14 252 1138 264.2168
14 253 16 2.5359
14 254 1116 245.8990
14 255 3814 1046.0588
14 256 3175 761.3461
14 257 25 5.3359
14 258 29 8.6366
14 259 41 8.0003
14 261 335 63.7384
14 262 120 28.7686
14 263 1267 333.0100
14 265 2380 638.1659
14 267 227 48.9118
14 268 13 2.2518
14 270 18 3.7504
14 271 6 1.1339
14 272 40 8.8690
14 273 92 21.4781
14 274 8 1.3023
14 275 28 5.4049
14 276 5 1.0556
14 277 601 147.6124
14 278 40 7.8002
14 279 116 27.8908
14 280 194 45.8994
14 281 113 21.1865
14 283 265 68.2618
14 284 184 37.1567
14 285 11 2.1935
14 286 178 33.1284
14 287 835 227.1586
14 288 263 49.6896
14 289 115 27.3270
14 290 49 9.2697
14 291 169 36.7824
14 292 10 2.5223
14 293 7 1.4701
14 294 381 82.0981
14 295 61 15.2219
14 296 1 0.2188
14 297 5 0.7881
14 298 25 5.0704
14 299 826 190.7336
14 300 52 9.8382
14 301 196 43.4347
14 302 86 15.8591
14 303 2520 667.6610
14 304 415 82.9799
14 305 73 17.0293
14 306 466 104.1076
14 307 974 235.5847
14 308 481 99.5195
14 309 119 27.9742
14 310 533 128.6251
14 311 7 2.9547
14 312 34 5.8462
14 313 97 19.9401
14 314 3 0.7144
14 315 390 103.7912
14 316 923 327.9450
14 317 555 151.3326
14 318 2895 826.6909
14 319 873 238.9188
14 320 5 0.9043
14 321 3711 1019.1925
14 322 57 13.7947
14 323 906 230.8181
14 324 580 145.2070
14 325 120 26.8435
14 326 9 1.5953
14 327 366 86.0952
14 328 5 1.1077
14 329 428 101.0584
14 330 1464 351.2758
14 331 135 39.3047
14 332 1413 331.3125
14 333 246 58.4170
14 334 52 9.8835
14 335 55 10.8353
14 336 19 3.5224
14 337 114 27.6700
14 339 67 13.0698
14 341 8 1.3692
14 342 548 121.4627
14 343 526 121.1474
14 344 249 56.3398
14 345 1797 474.1022
14 346 3399 975.9030
14 347 990 275.9337
14 348 3 0.5316
14 349 193 45.7508
14 350 20 5.1326
14 351 242 47.3428
14 352 115 29.5108
14 353 125 36.2075
14 354 530 158.6930
14 355 39 12.1355
14 356 56 10.9897
14 357 252 60.3573
14 358 308 69.0617
14 359 1368 263.7384
14 360 38 7.4400
14 361 3443 883.2735
14 363 141 28.4801
14 364 58 13.2082
14 365 192 50.1281
14 366 16 4.1920
14 367 33 8.9242
14 368 1640 329.5531
14 369 52 9.8418
14 370 125 26.4371
14 371 115 40.3109
14 372 90 15.3834
14 373 960 307.8240
14 374 40 7.0323
14 375 1794 411.3232
14 376 787 201.3401
14 377 30 7.4172
14 378 2057 551.4468
14 379 41 9.0484
14 380 551 144.2822
14 381 63 15.2375
14 382 9 2.0891
14 383 630 153.3870
15 0 3965 1080.6057
15 1 494 133.3528
15 2 128 22.9269
15 3 304 55.1053
15 4 8 1.6200
15 5 48 8.9353
15 6 312 60.7396
15 7 74 16.4202
15 8 2587 505.6101
15 9 48 14.1360
15 10 141 28.6020
15 11 98 22.9010
15 12 90 16.0008
15 13 858 166.8259
15 14 1358 472.9108
15 15 275 64.1239
15 16 406 149.3285
15 17 222 52.7932
15 18 35 9.9294
15 19 107 27.0938
15 20 626 184.0855
15 21 52 16.1395
15 22 1436 367.8031
15 23 244 54.8412
15 25 303 77.6690
15 26 3624 791.9770
15 27 94 18.3394
15 28 1183 234.3384
15 29 34 6.1628
15 30 1 0.1608
15 31 4 0.5154
15 32 38 7.3276
15 33 122 28.5338
15 34 2 0.2719
15 35 623 168.8109
15 36 423 78.7482
15 37 548 113.3107
15 38 381 87.5748
15 39 158 53.5279
15 40 67 13.9481
15 41 1 0.3666
15 42 434 101.6870
15 43 77 14.8744
15 44 111 26.3969
15 45 106 33.8038
15 46 29 5.7584
15 47 219 58.8794
15 48 25 10.0011
15 49 302 59.0325
15 50 1131 345.5099
15 51 150 27.8912
15 52 158 36.2015
15 53 19 3.5095
15 54 161 45.1609
15 55 4 0.5802
15 57 788 291.7574
15 58 1837 681.8598
15 59 82 15.7540
15 60 71 17.9990
15 61 32 5.5759
15 62 1984 756.9046
15 63 74 13.5287
15 64 10 1.8187
15 65 270 93.8553
15 66 1 0.1849
15 67 31 5.4064
15 68 173 35.3085
15 69 4036 1042.5127
15 70 204 39.0197
15 71 15 2.8169
15 72 1 0.2216
15 73 52 10.0105
15 74 1695 341.3291
15 75 513 132.3243
15 76 932 250.6456
15 77 19 4.6518
15 78 100 19.0668
15 79 94 23.6244
15 80 176 37.1658
15 81 1711 391.0812
15 82 624 122.1828
15 83 3454 736.7624
15 85 85 17.9926
15 86 240 78.6281
15 87 1471 505.7561
15 88 552 147.1914
15 89 75 15.8484
15 90 20 4.2149
15 91 612 121.2155
15 92 693 136.7873
15 93 359 87.1575
15 94 107 19.8395
15 95 290 57.2453
15 96 127 26.4342
15 97 303 54.1798
15 98 309 61.8793
15 99 2248 765.5407
15 100 61 17.3621
15 101 111 22.5012
15 102 206 42.3046
15 103 1381 343.4051
15 104 695 200.2955
15 105 36 6.2110
15 106 99 23.9319
15 107 22 4.9516
15 108 22 4.4288
15 109 41 7.2418
15 110 77 13.5773
15 111 591 157.9994
15 112 1732 402.7081
15 113 47 8.4313
15 114 912 201.9662
15 115 92 23.5842
15 116 4 0.6286
15 117 9 1.7616
15 118 245 62.9441
15 119 1858 464.5354
15 120 74 14.2686
15 121 1138 245.5815
15 122 88 25.8544
15 123 446 88.8779
15 124 25 5.2842
15 125 516 197.4641
15 126 229 51.5996
15 128 76 17.1251
15 129 259 63.1474
15 130 1612 518.0001
15 131 47 16.5603
15 132 325 83.2539
15 133 3437 955.3237
15 134 18 2.5915
15 135 1068 210.0860
15 136 1195 298.0979
15 137 307 67.7118
15 138 11 2.1237
15 139 131 50.1811
15 140 463 108.5357
15 141 2955 841.2498
15 142 17 3.1791
15 143 85 16.8439
15 144 614 157.2868
15 145 412 79.9540
15 146 1703 507.3517
15 147 343 76.2348
15 148 284 69.0449
15 149 223 39.4364
15 150 64 12.1037
15 151 66 13.8432
15 152 70 19.3692
15 153 119 22.7326
15 154 210 51.4046
15 155 437 77.1844
15 156 111 23.2670
15 157 855 184.1174
15 158 1091 422.4979
15 159 115 35.6388
15 160 55 12.6650
15 161 662 250.0365
15 162 1232 280.9684
15 163 82 15.9796
15 164 49 7.0262
15 165 466 90.2649
15 166 286 58.4245
15 167 2176 621.4491
15 168 272 48.4501
15 169 1314 358.2234
15 170 2737 673.7621
15 171 891 237.8961
15 172 47 14.2236
15 173 1 0.2475
15 174 1755 438.4193
15 175 8 2.3665
15 176 196 43.3233
15 177 2333 520.0558
15 178 295 56.5156
15 179 87 27.5410
15 180 52 10.6825
15 181 480 92.4467
15 182 468 130.9831
15 183 144 27.5519
15 184 1197 239.9292
15 186 70 30.0426
15 187 742 141.3575
15 188 75 15.6547
15 189 60 10.8114
15 190 509 106.2575
15 191 5 1.0380
15 192 274 51.1871
15 193 209 38.6021
15 194 62 13.4847
15 195 80 19.6862
15 196 3211 850.9056
15 197 75 15.7301
15 198 8 0.9889
15 199 706 200.7203
15 200 848 154.9097
15 201 244 51.6270
15 202 475 93.5933
15 203 173 33.6317
15 204 64 11.4398
15 205 22 3.3571
15 206 85 19.9031
15 207 126 27.9788
15 208 189 38.6761
15 209 142 31.1800
15 210 400 77.9498
15 211 102 24.8326
15 212 980 199.3805
15 213 3879 781.5050
15 214 28 6.3791
15 215 56 12.1848
15 216 30 4.3977
15 217 40 12.1069
15 218 264 47.0722
15 219 487 96.6590
15 220 22 4.4125
15 221 372 85.6714
15 222 59 13.7159
15 223 892 199.7026
15 224 14 3.3342
15 225 5 0.7353
15 226 119 21.4851
15 227 138 27.5665
15 228 396 77.3147
15 229 286 56.2038
15 230 11 2.5557
15 231 42 7.9866
15 232 404 84.7085
15 233 522 105.2352
15 234 8 1.4215
15 235 1044 201.7963
15 236 1263 338.8377
15 237 90 16.4686
15 238 4 0.5974
15 239 120 22.3563
15 240 142 27.4084
15 241 10 1.2334
15 242 68 15.0588
15 243 53 9.6318
15 244 10 1.6600
15 245 179 37.8812
15 246 3 0.4411
15 247 34 6.5971
15 248 98 31.6168
15 249 188 73.5557
15 250 2215 545.0387
15 251 297 67.7404
15 252 221 42.6507
15 253 18 3.2982
15 254 245 59.0066
15 255 319 64.4526
15 256 33 5.5682
15 257 14 3.0452
15 258 146 42.5822
15 259 2 0.4886
15 260 34 6.0327
15 261 208 40.9618
15 262 15 2.4189
15 263 135 28.4109
15 264 14 2.6476
15 265 387 81.1871
15 266 347 87.0191
15 267 99 22.1452
15 268 624 118.3780
15 269 783 207.8770
15 270 124 28.6726
15 271 175 33.5618
15 272 232 44.4527
15 273 25 4.5731
15 274 80 25.8779
15 275 9 1.5616
15 276 49 9.9875
15 277 1 0.2079
15 278 21 3.4316
15 280 243 53.0182
15 281 679 238.2232
15 282 804 157.4724
15 283 103 32.0132
15 284 15 2.1312
15 285 46 8.8034
15 286 2 0.2922
15 287 220 44.6003
15 288 207 48.9600
15 289 46 12.2691
15 290 5 0.7938
15 291 778 154.6451
15 292 160 48.7669
15 293 137 43.3893
15 294 23 12.5324
15 295 106 18.9068
15 296 198 32.9841
15 297 54 9.9243
15 298 66 23.8075
15 299 1472 384.3844
15 300 102 15.8701
15 301 349 74.1990
15 302 27 6.5512
15 303 517 102.7502
15 304 180 39.9653
15 305 189 32.6341
15 307 2605 666.4011
15 308 235 75.9088
15 309 100 24.5420
15 310 1001 194.8401
15 311 110 19.6791
15 312 139 28.6057
15 313 84 29.1261
15 314 248 47.4786
15 315 87 21.5701
15 316 874 413.1926
15 317 82 18.1065
15 318 81 16.8437
15 319 1198 349.8408
15 320 229 48.6896
15 321 711 263.3426
15 322 88 16.3549
15 323 105 17.2396
15 324 108 37.5975
15 325 138 24.5853
15 326 988 357.3068
15 327 105 18.1983
15 328 301 64.2143
15 329 186 38.5666
15 330 259 70.9593
15 331 344 109.1934
15 332 106 19.1234
15 333 97 24.3461
15 334 269 57.1385
15 335 241 49.5373
15 336 33 9.8185
15 337 617 207.1455
15 338 102 19.8568
15 339 352 69.0354
15 340 4 0.5350
15 341 250 67.6957
15 342 12 2.7422
15 343 225 43.8874
15 344 50 8.2885
15 345 5 0.9263
15 346 171 30.1295
15 347 7 1.2588
15 348 1493 301.5327
15 349 179 38.7422
15 350 45 7.8050
15 351 174 32.9557
15 352 2431 490.6469
15 353 111 21.7197
15 354 37 6.5776
15 355 233 63.4930
15 356 8209 1981.0182
15 357 845 165.5614
15 358 317 57.8359
15 359 1545 307.1041
15 360 180 38.6350
15 361 1964 672.9212
15 362 259 49.5845
15 363 305 62.8196
15 364 43 8.1176
15 365 81 13.5492
15 366 152 26.4269
15 367 118 29.0647
15 368 43 12.9606
15 369 151 28.8612
15 370 288 86.1225
15 371 45 9.7960
15 372 235 103.0939
15 373 236 45.8933
15 374 27 10.3504
15 375 695 245.1599
15 376 10 3.1631
15 377 224 83.9399
15 378 547 140.0223
15 380 117 22.7796
15 381 282 55.5568
15 382 45 9.3700
15 383 158 37.0188
16 0 589 122.1636
16 1 196 43.2893
16 2 145 31.4850
16 3 867 177.5460
16 4 198 49.5430
16 5 595 135.4214
16 6 91 22.2309
16 7 66 15.7376
16 8 317 71.2561
16 9 16 3.0634
16 10 404 98.4877
16 11 714 187.8116
16 12 40 7.2037
16 13 15 3.1724
16 14 1 0.2341
16 15 68 14.5525
16 16 28 4.9613
16 17 3 0.6149
16 18 2 0.4327
16 19 941 206.8346
16 20 1057 249.9682
16 21 173 32.9305
16 22 71 15.7105
16 23 405 96.0323
16 24 43 10.0889
16 25 73 16.9763
16 27 1504 392.6272
16 28 2615 697.2585
16 29 198 51.9448
16 30 2945 817.4144
16 32 216 42.9925
16 33 30 5.3989
16 34 46 10.7500
16 35 1195 281.3003
16 36 21 4.5538
16 37 28 5.2899
16 38 370 86.7804
16 40 193 41.6676
16 41 953 184.3991
16 42 74 15.2624
16 43 1335 392.0772
16 45 5 1.1366
16 46 6263 1662.1420
16 47 275 67.7830
16 48 216 51.4569
16 49 53 10.8304
16 50 3 0.8636
16 51 38 9.3937
16 52 397 89.0913
16 53 5 0.9258
16 54 335 78.6767
16 55 465 122.8593
16 56 228 49.4780
16 58 231 45.0958
16 59 163 32.7038
16 60 182 39.8642
16 61 985 229.0624
16 62 499 123.0873
16 63 5 0.6575
16 64 92 20.4848
16 65 160 31.6580
16 66 2517 655.2644
16 67 2 0.3547
16 68 740 181.8498
16 69 2 0.4457
16 70 2614 547.8893
16 71 19 4.1718
16 72 218 55.2689
16 73 59 13.1158
16 74 1395 344.2660
16 75 178 49.5973
16 77 66 13.9487
16 78 917 230.1084
16 79 14 2.7891
16 80 19 3.6942
16 81 1 0.2337
16 82 64 12.2736
16 83 19 3.6266
16 84 1571 438.1793
16 85 89 19.5454
16 86 700 138.4012
16 87 51 9.6590
16 88 138 28.5881
16 89 304 74.0751
16 90 14 2.8744
16 91 50 10.5487
16 92 33 6.1755
16 93 1144 229.6572
16 94 477 91.0764
16 95 111 22.4474
16 96 266 70.6672
16 97 567 134.4302
16 98 469 114.4897
16 99 6 1.1812
16 100 1340 348.7144
16 101 3 0.6836
16 102 1068 280.7558
16 103 257 56.6025
16 104 23 4.6559
16 105 386 96.2710
16 106 397 87.3118
16 107 4 0.9239
16 108 89 23.6464
16 109 287 62.3572
16 110 23 4.3388
16 111 5126 1331.8603
16 112 6 1.0295
16 113 2 0.3628
16 115 7 1.7968
16 116 43 9.5887
16 117 338 75.6146
16 118 7 1.3197
16 119 5016 1378.6028
16 120 76 20.2704
16 121 113 21.5062
16 122 6533 1847.5059
16 123 36 7.9379
16 124 229 51.1810
16 125 523 114.8985
16 126 1459 369.1981
16 127 13 3.0822
16 129 45 9.4272
16 130 3348 693.6846
16 133 1039 245.7878
16 134 143 29.7031
16 135 1 0.1992
16 136 2512 657.2953
16 137 50 11.0824
16 138 259 51.8172
16 139 10 2.3181
16 140 12 1.9492
16 141 46 8.6813
16 142 4613 1216.7135
16 143 1 0.2064
16 144 31 7.0072
16 145 14 2.6480
16 146 77 14.9283
16 147 339 70.6309
16 148 3 0.5086
16 149 14 3.4912
16 150 137 27.2890
16 151 2 0.3325
16 152 739 191.7964
16 153 1 0.2121
16 154 48 11.7197
16 155 420 105.1032
16 156 235 52.6799
16 157 540 131.1341
16 158 27 6.0707
16 159 22 4.0959
16 160 35 7.1623
16 161 489 125.5113
16 162 213 53.0672
16 163 70 17.7992
16 164 13 2.3807
16 166 1408 328.7685
16 167 19 3.8770
16 168 8 1.2559
16 169 141 26.2862
16 170 47 11.3466
16 171 358 104.4706
16 172 4364 1147.6974
16 173 98 19.5119
16 174 72 16.1424
16 176 79 17.1862
16 177 1019 257.2334
16 178 1501 364.0559
16 179 3768 878.2003
16 180 7 1.4514
16 181 55 10.7362
16 182 3 0.5736
16 183 64 12.2658
16 184 2354 622.8124
16 185 61 13.5589
16 187 28 6.1390
16 188 48 8.6743
16 189 251 75.0944
16 190 343 85.6831
16 191 50 9.1266
16 192 1147 280.2431
16 193 54 10.4190
16 195 27 4.8946
16 196 2 0.3944
16 197 766 203.8117
16 198 614 141.7844
16 199 17 3.5220
16 200 16 3.0296
16 201 187 50.6092
16 202 34 6.9020
16 203 596 141.2440
16 204 1210 266.1372
16 205 24 4.0477
16 206 911 213.1673
16 208 23 4.6178
16 209 173 33.4404
16 210 58 14.4460
16 211 4 0.8083
16 212 2295 473.8157
16 213 19 3.4307
16 214 128 30.6702
16 215 44 8.3098
16 216 322 79.7434
16 217 160 31.2770
16 218 50 9.6643
16 219 145 39.9563
16 220 59 13.3476
16 221 6 1.1798
16 222 1 0.1515
16 223 7691 2111.9751
16 224 2 0.4614
16 225 5 1.0900
16 226 1724 417.2181
16 227 11 1.9245
16 228 584 133.5368
16 229 65 12.9741
16 230 129 29.2501
16 231 1337 291.2562
16 232 1061 283.2424
16 233 222 42.8212
16 234 7 1.5931
16 235 2 0.3968
16 236 3 0.6676
16 237 1554 360.9471
16 238 13 2.8514
16 239 33 11.0323
16 240 74 14.7065
16 241 249 45.9519
16 242 1607 407.5886
16 243 1290 322.0395
16 244 16 3.0661
16 245 139 36.3747
16 246 22 4.2386
16 247 7 1.3503
16 248 132 31.7098
16 249 11 1.9607
16 250 165 34.1991
16 251 117 22.9428
16 252 61 14.7233
16 253 10 1.8548
16 255 66 16.5999
16 256 250 58.9082
16 257 234 46.2080
16 258 178 40.8351
16 259 3 0.5914
16 261 214 39.8155
16 262 1265 339.2278
16 263 6313 1950.7151
16 264 570 147.9088
16 265 3050 806.6429
16 266 2 0.4150
16 267 84 22.4669
16 268 1012 264.3079
16 269 508 115.9898
16 270 8 1.6455
16 271 86 18.7499
16 272 55 11.8556
16 273 28 5.3130
16 275 207 47.5013
16 276 125 34.2666
16 277 41 8.3030
16 278 87 20.8951
16 279 120 26.2226
16 280 2913 687.6586
16 281 167 36.2361
16 282 480 99.8591
16 283 4 1.1226
16 284 113 21.5430
16 286 203 47.8874
16 287 8 1.2715
16 288 418 95.1685
16 289 59 10.7185
16 290 24 4.4921
16 291 168 35.4299
16 293 53 12.9084
16 294 50 12.8230
16 295 80 15.2766
16 296 23 5.4480
16 297 54 11.8742
16 299 31 8.9850
16 300 27 5.2228
16 302 82 17.8205
16 304 500 96.4765
16 305 223 46.9841
16 306 30 6.3190
16 307 268 53.4488
16 308 84 19.6149
16 309 3061 759.1923
16 310 11 2.1748
16 311 256 63.4014
16 312 72 15.3795
16 314 30 6.3417
16 316 8 1.4626
16 317 137 33.6719
16 318 671 165.8228
16 319 7 1.1664
16 320 5 0.9927
16 321 334 84.6659
16 322 13 2.9470
16 323 84 22.1416
16 324 1 0.1705
16 325 148 31.4997
16 326 3 0.6537
16 328 889 228.0088
16 329 680 173.4554
16 330 21 4.4557
16 331 24 5.9370
16 332 801 248.5292
16 333 513 121.5599
16 334 63 14.1605
16 335 382 108.9710
16 336 1172 279.9852
16 337 1459 385.9744
16 338 1 0.2001
16 339 142 31.7642
16 340 39 7.6010
16 341 2 0.4433
16 342 28 5.0918
16 343 68 15.6454
16 344 2 0.4458
16 345 95 18.6273
16 346 155 30.0101
16 347 71 13.4077
16 349 100 18.8486
16 350 1381 356.6770
16 351 25 6.0838
16 352 217 54.2036
16 353 97 20.3420
16 355 305 71.5625
16 356 39 8.3822
16 357 56 11.6321
16 358 6 1.3299
16 359 353 76.3394
16 360 16 2.8548
16 361 726 180.4679
16 362 782 183.7775
16 363 66 12.7260
16 364 58 12.2999
16 365 4 1.1044
16 366 294 58.3687
16 367 6 1.1214
16 368 183 41.5131
16 369 59 10.2112
16 370 1058 253.8842
16 371 2057 521.3369
16 372 1 0.1892
16 373 224 47.7890
16 374 63 11.1365
16 375 9 1.5844
16 376 15 2.6557
16 377 200 42.1227
16 378 50 10.0643
16 379 8 1.5074
16 380 39 7.7716
16 381 18 3.5102
16 382 25 5.2612
16 383 6 1.4139
17 0 293 57.2763
17 2 1167 281.8598
17 3 517 125.6466
17 4 6 1.2227
17 5 503 113.4803
17 6 471 128.0241
17 7 4 1.1330
17 8 23 4.5579
17 9 121 23.1329
17 10 273 49.6402
17 11 104 21.6350
17 12 88 22.7427
17 13 33 6.1826
17 14 1841 547.7706
17 15 153 29.8977
17 16 444 115.9795
17 17 1226 239.3477
17 18 97 19.0179
17 19 379 95.9084
17 20 472 105.4859
17 21 66 15.6038
17 22 276 55.4203
17 23 845 178.0627
17 24 4253 896.3833
17 25 4038 1031.3094
17 26 35 9.4972
17 27 307 104.0173
17 28 6 1.5398
17 29 1 0.2309
17 30 223 54.6335
17 31 44 8.0278
17 32 85 18.8063
17 33 45 9.5597
17 34 134 24.8596
17 35 44 8.5992
17 36 4053 1088.0483
17 37 213 60.8145
17 38 801 184.3207
17 39 32 6.3356
17 40 61 14.5826
17 41 16 4.8015
17 42 2533 603.5618
17 43 656 142.9717
17 44 17 3.7839
17 45 7 1.4589
17 46 39 7.7367
17 47 207 43.0726
17 48 19 4.3317
17 49 52 9.2609
17 50 68 13.4146
17 51 170 36.5081
17 53 465 118.2582
17 54 1195 330.9322
17 55 9 1.7734
17 56 23 5.0515
17 57 1100 276.5085
17 58 161 37.5455
17 59 838 215.5521
17 60 6 1.3724
17 61 55 13.7784
17 62 114 25.2672
17 63 100 18.9691
17 64 1371 363.3171
17 65 74 15.1444
17 66 127 25.0658
17 67 6736 2034.6261
17 68 115 23.3337
17 69 63 11.7241
17 70 151 35.9291
17 71 1013 235.7108
17 72 307 74.5719
17 73 336 98.2657
17 74 312 68.4737
17 75 129 33.3125
17 76 144 27.4846
17 77 278 83.3305
17 78 198 38.1283
17 79 99 19.8198
17 80 15 2.5914
17 81 30 7.1962
17 82 976 209.0932
17 83 604 183.4930
17 84 59 11.9908
17 85 36 6.8398
17 86 6 1.1746
17 87 30 6.3103
17 88 417 84.8357
17 89 20 4.8236
17 90 1009 242.4514
17 91 125 26.1566
17 92 2 0.3284
17 93 391 92.6099
17 94 45 9.3058
17 95 18 3.2186
17 96 26 4.6572
17 97 164 39.1919
17 98 11 2.2226
17 99 35 7.5733
17 100 821 217.8351
17 101 518 120.8602
17 102 346 76.3201
17 103 77 14.1316
17 104 1 0.2506
17 105 84 19.0846
17 106 638 123.6905
17 107 211 44.9312
17 108 17 3.0605
17 109 170 33.6383
17 110 128 27.7798
17 111 710 161.3200
17 112 46 9.7294
17 113 265 53.5981
17 114 2 0.5277
17 115 307 74.2936
17 116 378 99.7575
17 117 121 23.9479
17 118 376 89.2045
17 119 21 3.6895
17 120 1026 265.4879
17 121 114 25.5830
17 122 17 3.3271
17 123 7 1.7662
17 124 3365 1379.7031
17 125 4 0.9111
17 126 1239 328.0324
17 127 8 1.6766
17 128 32 7.1513
17 129 33 7.7576
17 130 62 12.6929
17 131 26 5.5633
17 132 28 5.8969
17 133 1461 355.1684
17 134 1228 246.8906
17 135 2107 590.0572
17 136 30 7.1074
17 137 140 33.4365
17 138 386 76.2138
17 139 14 2.6485
17 140 64 13.9208
17 141 5 1.0217
17 142 816 204.8808
17 143 82 18.2667
17 144 3 0.5840
17 145 74 14.9469
17 146 426 90.2017
17 148 179 45.0380
17 149 2530 690.9570
17 150 161 38.6757
17 151 418 88.3192
17 152 65 12.3961
17 153 129 28.7134
17 154 21 4.0650
17 155 122 29.2698
17 156 82 18.2381
17 157 638 170.1389
17 158 129 25.8840
17 159 853 215.1364
17 160 73 18.7849
17 161 496 113.2816
17 162 205 47.8566
17 163 3994 1100.1676
17 164 6 1.3095
17 165 56 13.7919
17 166 59 12.1219
17 167 66 18.9081
17 168 5195 1384.7850
17 169 297 80.9205
17 170 10 2.0314
17 171 519 149.6175
17 172 234 46.2291
17 173 42 9.2148
17 174 2159 575.2226
17 175 511 137.9209
17 176 32 6.9394
17 177 83 15.8651
17 178 204 37.9757
17 179 464 108.8654
17 180 184 44.1920
17 181 131 24.9874
17 182 51 12.3179
17 183 7 1.3623
17 184 3613 843.4764
17 185 195 37.5428
17 187 19 4.3281
17 188 270 50.4226
17 189 334 65.0273
17 190 33 6.7753
17 191 45 9.3155
17 192 11 1.8995
17 193 137 28.4361
17 194 27 5.1925
17 195 469 111.4860
17 196 27 6.0123
17 197 4618 1224.7945
17 198 2 0.4109
17 199 6 1.5459
17 200 50 9.3527
17 201 167 39.4769
17 202 61 13.7937
17 203 114 26.1979
17 204 47 11.8174
17 205 77 21.3630
17 206 13 2.4474
17 207 19 3.5280
17 208 173 42.9910
17 209 6 1.4664
17 210 805 159.7237
17 211 9 1.7718
17 212 109 20.9386
17 213 845 228.5231
17 214 247 63.9258
17 215 7 1.5104
17 216 119 25.8453
17 217 149 34.8496
17 218 149 29.7532
17 219 12 2.4563
17 220 2644 698.8130
17 221 58 11.5268
17 222 213 48.1237
17 223 11 2.2745
17 224 185 43.2025
17 225 162 35.9564
17 226 236 51.0068
17 227 43 9.8006
17 228 7 1.4514
17 229 13 2.3581
17 230 19 3.6636
17 231 228 45.4567
17 232 56 13.1558
17 233 269 79.4600
17 234 200 38.3602
17 235 67 16.9290
17 236 430 93.9137
17 237 80 16.2635
17 239 275 63.3476
17 240 137 30.1150
17 241 153 36.9938
17 242 27 6.1739
17 243 862 197.8568
17 244 2 0.4296
17 245 2753 656.2272
17 246 361 73.2236
17 247 247 48.5261
17 248 1565 404.1537
17 249 10 2.2767
17 250 3882 1086.7656
17 251 501 114.7667
17 252 2 0.3716
17 253 968 241.6418
17 254 60 12.4255
17 255 1572 382.2397
17 256 1 0.1473
17 257 114 22.0759
17 258 22 4.6739
17 259 328 71.5164
17 260 252 53.5981
17 261 5 1.0715
17 262 1395 364.0550
17 263 5 0.9363
17 264 997 312.4277
17 265 100 19.4044
17 266 371 124.6753
17 267 245 51.8675
17 268 396 76.1418
17 270 71 15.6197
17 271 3 0.7401
17 272 1548 382.6968
17 273 235 47.6087
17 274 204 43.8010
17 275 199 44.4868
17 276 73 16.3972
17 277 43 9.1228
17 278 2176 570.8211
17 279 753 184.7260
17 280 26 4.8497
17 281 143 33.0585
17 282 39 7.1285
17 283 416 95.3148
17 284 85 19.9787
17 285 206 48.6712
17 286 583 150.9947
17 287 129 28.8585
17 288 194 36.7401
17 289 74 18.7834
17 290 30 6.5042
17 291 119 21.7738
17 292 203 40.1401
17 293 107 20.5090
17 294 26 5.8648
17 295 268 61.4924
17 296 42 9.5283
17 297 408 95.6095
17 298 468 127.4707
17 299 130 47.0217
17 300 427 105.7443
17 301 31 6.3312
17 302 53 12.7070
17 303 12 2.2283
17 304 14 3.2046
17 305 2204 530.3098
17 306 156 34.5503
17 307 106 20.5227
17 308 220 53.0789
17 309 1695 417.7534
17 310 59 11.0777
17 311 548 132.8921
17 312 503 128.9758
17 313 105 20.7519
17 314 13 2.8918
17 315 13 2.8893
17 316 22 4.8828
17 317 170 32.0782
17 318 154 40.4447
17 319 126 25.4596
17 321 271 57.8256
17 322 73 17.7259
17 323 1142 243.1267
17 324 416 92.5476
17 325 289 56.1264
17 327 404 77.1679
17 328 38 7.1395
17 329 168 40.9503
17 330 102 20.5091
17 331 42 9.5076
17 332 905 212.7355
17 333 21 5.2021
17 334 80 14.7660
17 335 805 201.1919
17 336 800 191.6446
17 337 699 135.9404
17 338 19 4.1423
17 339 13 3.0585
17 341 223 50.7596
17 342 289 57.6048
17 343 80 15.4112
17 344 340 64.5512
17 345 28 5.0357
17 346 2628 620.6311
17 347 69 15.1203
17 348 70 14.9025
17 349 35 6.4605
17 350 154 31.2870
17 351 4395 1105.3908
17 352 18 4.2576
17 353 172 36.1659
17 355 419 89.8702
17 356 681 134.6786
17 357 146 29.5391
17 358 277 72.9035
17 359 48 8.9639
17 360 7303 1815.2858
17 361 1592 399.7965
17 362 253 48.4462
17 363 65 12.2718
17 364 43 8.4648
17 365 1630 409.1239
17 366 12 2.3064
17 367 26 5.4507
17 368 1 0.1894
17 369 353 86.0604
17 370 66 12.4160
17 371 208 44.3006
17 372 179 35.2930
17 373 1072 251.6194
17 375 552 114.0637
17 376 44 9.7641
17 377 46 10.4748
17 378 142 38.9860
17 379 180 33.2778
17 380 161 30.4732
17 381 32 7.1502
17 382 242 46.5179
17 383 126 28.4710
18 0 37 6.3519
18 1 91 16.7952
18 2 66 11.8931
18 3 7 1.9947
18 4 26 5.8389
18 5 60 11.3417
18 7 7 1.8534
18 9 134 31.8309
18 10 754 183.2793
18 11 3228 848.1931
18 12 129 32.2227
18 13 1105 265.2759
18 14 41 9.4674
18 15 383 76.5114
18 16 105 22.8823
18 17 42 7.5703
18 18 77 14.8872
18 19 226 56.0455
18 20 31 7.4536
18 21 835 230.4117
18 22 153 37.0068
18 23 36 7.1434
18 24 579 134.4349
18 25 1342 321.8015
18 26 68 12.5719
18 27 4 0.8348
18 28 76 14.5661
18 29 145 28.3783
18 30 962 263.0416
18 31 81 15.6816
18 32 147 34.4922
18 33 191 37.6992
18 34 1215 296.1171
18 35 39 7.4826
18 36 3339 981.5045
18 37 541 104.1324
18 38 3376 999.3153
18 39 20 3.5766
18 40 13 2.6147
18 41 47 9.0864
18 42 6 1.4078
18 43 523 128.5001
18 44 304 64.7386
18 45 2637 696.9674
18 46 229 57.5489
18 47 579 141.3134
18 48 48 9.1158
18 49 2 0.3282
18 50 27 4.8437
18 51 60 16.4868
18 52 936 212.8060
18 53 481 92.3026
18 54 4569 1233.6464
18 55 113 22.3703
18 56 240 53.0590
18 57 34 6.0517
18 58 111 20.7758
18 60 44 10.8186
18 61 61 15.3222
18 62 46 9.0023
18 63 16 2.8660
18 64 215 47.5419
18 65 2352 637.7965
18 66 29 6.1249
18 67 99 22.2337
18 68 5 1.2404
18 69 71 16.0916
18 70 157 30.0751
18 71 382 84.6050
18 72 922 204.6841
18 73 128 29.3825
18 74 289 68.6599
18 75 85 21.8008
18 76 17 4.0561
18 77 2608 768.9769
18 78 28 6.6193
18 79 37 11.6897
18 80 36 6.4657
18 81 1 0.1767
18 82 7 2.0506
18 83 440 98.5444
18 84 550 117.5527
18 85 36 6.2860
18 86 2706 700.6022
18 87 70 14.9402
18 88 101 23.2290
18 89 146 29.4057
18 90 170 37.4268
18 91 1976 384.0155
18 92 14 2.9563
18 93 24 5.0970
18 94 36 8.6678
18 95 158 36.1686
18 96 222 48.7811
18 97 6124 1765.4418
18 98 105 19.8009
18 99 48 12.3027
18 100 2 0.4131
18 101 20 4.4929
18 102 38 6.9078
18 103 65 12.5044
18 104 748 184.7045
18 105 17 3.1415
18 106 6304 1631.8597
18 107 53 10.9584
18 108 43 8.8531
18 109 81 15.0088
18 110 17 4.7249
18 111 88 16.7067
18 112 133 34.5036
18 113 100 20.8140
18 114 1032 251.1012
18 115 90 19.0127
18 116 163 32.1156
18 117 9 1.5592
18 118 19 3.9004
18 119 700 165.4655
18 120 13 2.3814
18 121 35 8.0043
18 122 155 37.6649
18 123 394 88.7839
18 124 8 2.2676
18 125 89 19.6035
18 126 89 16.7130
18 127 64 16.3802
18 128 12 2.3245
18 129 35 6.7836
18 130 25 5.6821
18 131 126 35.4560
18 132 173 39.4897
18 133 6177 1505.1622
18 134 11 2.2882
18 135 108 22.3235
18 136 136 29.6742
18 137 1 0.2236
18 138 124 28.3510
18 139 32 5.9240
18 140 443 104.2400
18 141 95 21.2816
18 142 4 0.7350
18 143 51 11.3570
18 144 4550 1163.9166
18 145 178 38.9583
18 146 15 2.9062
18 147 536 131.0798
18 148 82 16.0480
18 149 2 0.3705
18 150 164 30.4728
18 151 429 134.6270
18 152 755 180.1445
18 153 133 33.4271
18 154 672 165.1315
18 155 5 0.6990
18 156 51 14.0577
18 157 48 9.9081
18 158 141 31.6761
18 159 1128 297.4138
18 160 56 10.9579
18 161 2 0.5730
18 162 120 41.3980
18 163 3 0.5897
18 164 51 9.8150
18 165 54 10.7638
18 166 797 194.2798
18 167 1217 232.6601
18 168 9 1.9519
18 169 3067 757.8664
18 170 73 18.3182
18 171 283 63.6507
18 172 5 0.8945
18 173 4216 1201.2977
18 174 22 4.1853
18 175 318 69.8021
18 176 77 23.7774
18 177 92 19.5860
18 178 36 6.8340
18 179 349 94.4872
18 180 821 184.1819
18 181 208 48.7370
18 183 165 36.2883
18 184 32 6.4122
18 185 151 28.3594
18 186 41 8.0005
18 187 282 63.3542
18 188 51 9.4824
18 189 107 20.8161
18 190 631 173.2407
18 191 59 12.3255
18 192 100 19.7608
18 193 47 10.9161
18 194 2207 453.2708
18 195 56 12.1134
18 196 102 24.3749
18 198 47 11.3277
18 199 69 15.3127
18 200 88 16.6586
18 201 427 105.0864
18 202 366 93.1579
18 203 3517 895.8958
18 204 131 29.4378
18 205 97 23.0213
18 206 510 112.8863
18 207 2403 683.5395
18 208 40 9.7643
18 209 386 83.7988
18 211 68 16.5016
18 212 23 5.6091
18 213 94 19.8204
18 214 1785 518.3773
18 215 11 2.0698
18 216 1345 366.8294
18 217 163 35.8986
18 218 348 95.7069
18 219 416 88.2557
18 220 148 28.5017
18 221 206 52.7674
18 222 395 98.4765
18 223 16 3.6191
18 224 74 16.5248
18 225 610 146.8931
18 226 365 81.4818
18 227 50 12.5196
18 229 204 49.7302
18 230 1 0.1875
18 231 20 4.2251
18 232 373 82.3915
18 233 11 2.6859
18 234 1896 502.6703
18 235 1238 372.2337
18 236 37 11.3172
18 237 232 45.5162
18 238 262 58.3788
18 239 3 0.6510
18 240 121 23.4474
18 241 9 1.7590
18 242 112 26.0656
18 243 92 19.8383
18 244 3066 822.6218
18 245 26 8.3562
18 246 28 5.4228
18 248 24 4.5580
18 249 70 14.3651
18 250 123 24.0203
18 251 43 10.5143
18 252 110 21.2685
18 253 24 4.5548
18 254 7 1.2704
18 255 752 150.2835
18 256 24 4.6604
18 257 640 124.2703
18 258 113 22.4452
18 259 19 3.5487
18 260 11 2.2316
18 261 1660 416.0792
18 262 63 11.4431
18 263 490 114.4983
18 264 16 3.5046
18 265 1808 397.9437
18 266 85 24.3206
18 267 272 72.6749
18 268 1955 549.6312
18 270 24 4.4329
18 271 23 4.4581
18 272 341 77.0695
18 273 5 0.8371
18 274 554 135.9886
18 275 227 58.2456
18 276 169 34.9973
18 277 35 8.4753
18 278 24 4.7022
18 279 3120 789.3831
18 280 5 1.1001
18 281 37 7.1986
18 282 196 37.8084
18 283 725 142.2622
18 284 1290 306.2034
18 285 39 6.9154
18 286 2370 630.1610
18 287 227 55.3540
18 288 49 11.5973
18 289 146 30.8372
18 290 1183 298.6378
18 291 69 13.6545
18 292 137 31.6158
18 293 121 26.8762
18 294 67 13.2377
18 295 162 38.6113
18 296 81 19.0823
18 297 18 4.0443
18 298 108 21.4563
18 299 38 7.7093
18 300 712 161.7549
18 301 2 0.5221
18 302 234 48.4340
18 303 12 2.1657
18 304 2149 555.8883
18 305 244 48.6308
18 306 20 4.2766
18 307 11 2.0844
18 308 2 0.4453
18 309 18 4.1776
18 310 525 108.3264
18 311 1020 286.3353
18 312 21 3.6071
18 313 207 38.6067
18 314 91 16.5459
18 315 47 8.2816
18 316 4 0.7416
18 317 576 139.5470
18 318 20 5.0509
18 319 2112 476.0462
18 320 2853 712.1063
18 321 5069 1289.7491
18 322 169 32.6183
18 323 470 115.5023
18 324 14 2.7102
18 325 138 25.3363
18 326 1 0.2184
18 327 3 0.5338
18 328 306 81.1197
18 329 35 11.7008
18 330 19 3.5612
18 331 3 0.5347
18 332 129 33.0842
18 333 43 8.2845
18 334 49 11.0903
18 335 732 166.5191
18 336 1692 408.2733
18 337 45 9.8343
18 338 151 31.0811
18 339 36 9.2133
18 340 82 16.4136
18 341 1519 357.9462
18 342 10 2.1340
18 343 432 128.9165
18 344 49 9.7516
18 345 8 1.5755
18 346 290 68.1492
18 347 2 0.3700
18 348 198 45.6227
18 349 4 0.8398
18 350 3 1.6403
18 351 2 0.3646
18 352 35 6.4473
18 353 16 2.7677
18 354 88 20.2280
18 355 288 66.8391
18 356 138 26.8554
18 357 16 3.5567
18 358 219 42.7716
18 359 257 55.3452
18 360 38 6.8333
18 361 590 148.8887
18 362 44 8.7533
18 363 54 10.4773
18 364 223 53.0690
18 365 221 41.3740
18 366 1462 373.8686
18 367 221 58.0850
18 368 968 218.2967
18 369 4 0.8481
18 370 522 111.6646
18 371 59 13.0881
18 372 12 2.0936
18 373 3 0.4498
18 374 38 6.6386
18 375 1445 288.0516
18 376 41 7.3221
18 377 11 1.9958
18 378 128 28.7319
18 379 1620 413.6291
18 380 4 0.9109
18 381 11 1.9904
18 382 32 6.5441
18 383 15 2.9212
19 0 131 25.1412
19 1 111 14.5247
19 2 625 149.5486
19 3 165 31.4945
19 4 134 19.8707
19 5 168 31.3451
19 6 1082 270.8674
19 7 70 12.1428
19 8 321 85.0594
19 9 905 181.1037
19 10 29 3.7222
19 11 1136 287.6611
19 12 30 5.3376
19 13 208 33.9823
19 14 51 9.4393
19 15 1860 393.7528
19 16 59 13.7162
19 17 97 22.4202
19 18 43 6.1030
19 19 116 20.4575
19 20 2629 667.9463
19 21 122 29.2197
19 22 1081 308.4845
19 23 22 3.2698
19 24 30 4.7352
19 25 36 5.1292
19 26 8 1.0785
19 27 19 3.3909
19 28 1174 234.5294
19 29 362 78.8828
19 30 328 73.5791
19 31 6 1.6578
19 32 421 83.2758
19 33 130 34.2712
19 34 362 85.6680
19 35 66 10.9970
19 36 70 10.4765
19 37 76 19.0432
19 38 13 1.7559
19 39 65 9.3060
19 40 132 27.1993
19 41 13 1.8332
19 42 207 50.0884
19 43 163 32.6496
19 44 664 207.1624
19 45 404 71.7995
19 46 992 258.2089
19 47 202 58.8654
19 48 1258 329.2706
19 49 3526 957.9236
19 50 338 56.8159
19 51 225 39.3962
19 52 35 5.2894
19 53 70 19.1284
19 54 56 9.1477
19 55 1 0.0773
19 56 115 20.6487
19 57 4 0.6259
19 58 87 22.1464
19 59 980 246.9000
19 60 38 5.4941
19 61 1454 296.8969
19 62 4270 1484.2082
19 63 415 103.8948
19 64 126 25.7961
19 65 68 11.7514
19 66 269 41.5670
19 67 106 27.2259
19 68 1065 270.4585
19 69 26 5.5991
19 70 11 1.6239
19 71 75 13.2812
19 72 31 4.5737
19 73 191 56.1339
19 74 1524 347.9814
19 75 57 10.9205
19 76 151 26.8664
19 77 48 10.3789
19 78 21 3.1953
19 79 164 32.2457
19 80 774 150.4664
19 81 28 4.9809
19 82 78 13.0743
19 83 257 49.7922
19 84 65 12.0079
19 85 29 4.3419
19 86 182 25.2921
19 87 827 184.2427
19 88 538 143.2477
19 89 948 231.4846
19 90 48 7.7145
19 91 299 97.3418
19 92 1073 280.1596
19 93 32 5.8471
19 94 782 174.8365
19 95 37 5.8431
19 96 50 7.2523
19 97 4 0.5307
19 98 96 23.5338
19 99 1087 236.9505
19 100 348 75.5125
19 101 278 72.0594
19 102 3813 885.5541
19 103 143 39.1068
19 104 293 78.8708
19 105 262 59.5964
19 106 1022 234.5839
19 107 19 2.9857
19 108 53 8.2914
19 109 566 114.5818
19 110 352 71.8443
19 111 107 18.2411
19 112 1715 370.4888
19 113 33 8.6014
19 114 79 22.6504
19 115 42 6.6881
19 116 15 2.6568
19 117 1067 270.9229
19 118 3069 714.2199
19 119 18 2.4960
19 120 58 17.0534
19 121 209 39.4174
19 122 226 49.7301
19 123 83 16.4906
19 124 92 26.7827
19 125 76 11.8867
19 126 718 157.3097
19 127 835 204.6527
19 128 5222 1222.1872
19 129 19 3.2382
19 130 25 5.1873
19 131 3297 872.5942
19 132 2 0.3148
19 133 1997 531.4879
19 134 41 6.2132
19 135 33 8.7743
19 136 180 44.9102
19 137 181 38.5965
19 138 619 150.7852
19 139 31 5.3043
19 140 915 247.3503
19 141 49 7.4967
19 142 18 2.5450
19 143 310 66.9507
19 145 31 6.3500
19 146 71 11.9256
19 147 160 30.2055
19 148 87 13.9898
19 149 25 3.5094
19 150 1507 346.3525
19 151 109 20.9224
19 152 2802 988.2282
19 153 48 6.6181
19 154 707 139.3210
19 155 57 12.1633
19 156 487 118.8315
19 157 394 77.4202
19 158 247 49.1941
19 159 24 4.7141
19 160 112 23.6708
19 161 8 2.0896
19 162 69 10.1753
19 163 27 6.2916
19 164 28 3.9008
19 165 480 87.8700
19 166 367 70.7062
19 167 16 3.9389
19 168 160 34.0011
19 169 293 62.8018
19 170 85 13.8369
19 171 1161 301.2736
19 172 27 4.6729
19 173 10 1.4907
19 174 864 223.1027
19 175 65 14.7806
19 176 96 19.7317
19 177 382 94.2377
19 178 866 216.2376
19 179 1524 403.5931
19 180 91 13.3790
19 181 45 6.9494
19 182 93 18.8213
19 183 87 18.0319
19 184 20 2.9030
19 185 84 11.5897
19 187 3 0.5894
19 188 322 78.8468
19 189 86 20.4498
19 190 81 19.1368
19 191 26 4.1300
19 192 252 45.1502
19 193 10 1.5426
19 194 9 1.3079
19 195 3087 669.5448
19 196 86 15.9510
19 197 204 52.0047
19 198 12 2.0102
19 199 60 9.7960
19 200 220 43.3785
19 201 269 59.7350
19 202 121 25.1000
19 203 59 9.9253
19 204 169 39.5246
19 205 9 1.8166
19 206 7 1.1454
19 207 71 9.7300
19 208 99 15.2892
19 209 68 10.9266
19 210 103 26.3733
19 211 29 3.9530
19 212 861 195.1425
19 213 21 5.4772
19 214 132 34.9664
19 215 212 43.3777
19 216 223 51.6176
19 217 844 302.1604
19 218 141 38.0115
19 219 568 85.7326
19 220 1233 346.1504
19 221 2878 927.1588
19 222 198 34.8845
19 223 83 13.4767
19 224 3 0.3420
19 225 33 5.3285
19 226 113 16.9490
19 227 741 179.6491
19 228 110 27.4954
19 229 1059 225.6953
19 230 33 6.3853
19 231 33 6.1922
19 232 12 3.3951
19 233 71 12.2142
19 234 1648 380.8954
19 235 1085 262.0364
19 236 60 9.6231
19 237 107 19.6017
19 238 83 11.8185
19 239 28 5.2412
19 240 49 8.7408
19 241 93 21.6736
19 242 3 0.4995
19 243 42 6.8601
19 244 222 36.8847
19 245 14 2.3358
19 246 68 10.2997
19 247 698 137.7045
19 248 119 24.5469
19 249 496 111.8866
19 250 2150 558.8352
19 251 102 16.2686
19 252 511 149.6218
19 253 211 41.2259
19 254 791 228.8262
19 255 1734 382.0858
19 256 7 0.9184
19 257 19 2.5283
19 258 61 19.2458
19 259 437 71.3310
19 260 2722 851.3896
19 261 15 2.8303
19 262 265 51.1742
19 263 27 3.7879
19 264 104 19.5188
19 265 781 178.1130
19 266 230 53.7574
19 267 17 4.7928
19 268 5 0.7632
19 269 236 45.8158
19 270 1588 440.7863
19 271 1157 296.5522
19 272 115 24.7488
19 273 1336 301.6008
19 274 14 2.2512
19 275 292 65.7837
19 276 682 162.1822
19 277 79 11.4388
19 278 13 2.1400
19 279 321 87.6280
19 280 152 44.0546
19 281 573 187.0918
19 282 100 18.2058
19 283 618 192.6071
19 284 32 5.1357
19 285 19 2.8670
19 286 52 7.9521
19 287 64 9.0469
19 288 1044 310.9669
19 289 1577 950.4879
19 290 11 1.5169
19 291 751 183.5773
19 292 50 12.4818
19 293 596 137.1795
19 294 10 1.6103
19 295 1035 248.9618
19 296 855 234.8799
19 297 83 13.5088
19 298 515 103.4463
19 299 1557 308.0805
19 300 1812 447.2978
19 301 3 0.5954
19 302 86 12.4863
19 303 128 25.6378
19 304 221 61.2568
19 305 5161 1698.8080
19 306 2527 681.3232
19 307 1214 278.1623
19 308 25 7.3908
19 309 159 36.4624
19 310 2321 601.2087
19 311 203 37.2603
19 312 628 140.2143
19 313 64 10.6020
19 314 718 144.5840
19 315 240 33.9898
19 316 257 61.5620
19 317 24 3.2518
19 318 42 7.8358
19 319 1065 250.0538
19 320 28 4.2797
19 321 11 1.8009
19 322 177 51.2008
19 323 4 0.6178
19 324 591 116.1587
19 325 43 6.2771
19 326 164 24.7896
19 327 243 48.2584
19 328 493 105.2385
19 329 71 13.8098
19 330 39 12.9110
19 331 34 5.1364
19 332 19 2.6248
19 333 983 258.7595
19 334 45 6.8333
19 335 64 12.7236
19 336 208 36.3966
19 337 91 24.4334
19 338 3 0.3926
19 339 737 186.9128
19 340 123 26.0540
19 341 238 62.1665
19 342 826 131.1393
19 343 378 79.5584
19 344 80 23.3958
19 345 16 2.4164
19 346 222 35.9623
19 347 5 0.6846
19 348 139 25.8551
19 349 361 84.6092
19 350 989 193.9145
19 351 127 26.2162
19 352 92 16.1982
19 353 100 22.7313
19 354 107 15.6077
19 355 856 167.8701
19 356 49 11.4047
19 357 146 22.8487
19 358 35 5.2700
19 359 50 10.2824
19 360 170 46.6373
19 361 179 42.4990
19 362 128 20.9150
19 363 316 60.8237
19 364 20 2.6856
19 365 64 17.3413
19 366 4892 1320.4153
19 367 248 53.4998
19 368 1361 390.4677
19 369 87 25.8645
19 370 57 39.0598
19 371 63 11.8823
19 372 5 0.8176
19 373 46 6.0726
19 374 951 223.7551
19 375 25 8.5368
19 376 194 42.2569
19 377 12 1.7311
19 378 14 2.5943
19 379 249 56.9592
19 380 32 8.5466
19 381 560 127.5248
19 382 267 54.4440
19 383 2427 585.1267
20 1 27 5.8856
20 2 2 0.3588
20 3 23 5.8426
20 4 18 4.5920
20 5 5 1.0334
20 6 156 34.5820
20 7 184 48.2195
20 8 19 5.6026
20 10 28 6.6237
20 11 1 0.2161
20 13 33 9.4580
20 14 134 32.9178
20 15 83 19.5098
20 16 395 92.2402
20 17 2 0.3708
20 18 88 23.5646
20 19 472 127.8796
20 20 10 1.8763
20 21 13 2.9243
20 23 11 2.5102
20 25 13 3.4542
20 26 25 5.9770
20 27 13 3.6515
20 28 43 10.2251
20 29 43 11.7353
20 30 69 15.9561
20 31 780 202.9310
20 32 596 127.6051
20 33 37 9.3563
20 34 5 1.3023
20 35 18 3.8420
20 36 8 1.7385
20 37 10 2.6723
20 38 3 0.6820
20 40 3 0.5631
20 41 6 1.3755
20 42 431 116.8662
20 43 115 25.2618
20 44 37 10.3061
20 45 17 3.7941
20 46 7 2.6291
20 47 627 150.4201
20 48 18 4.2142
20 49 116 26.8434
20 50 2 0.3266
20 51 122 24.4580
20 52 5 1.2629
20 53 17 3.1493
20 55 95 21.8094
20 56 1 0.1971
20 58 5 1.0519
20 59 5 1.1027
20 60 1 0.2515
20 61 68 18.2113
20 62 23 4.9695
20 63 11 2.4462
20 64 8 2.2861
20 65 57 13.7112
20 67 28 7.6522
20 68 564 154.4763
20 69 6 1.4899
20 70 67 15.1533
20 71 6 1.2161
20 72 109 26.7253
20 73 3 0.6108
20 74 52 11.8638
20 75 46 10.2364
20 76 6 1.1932
20 77 5 0.9410
20 78 89 21.3796
20 79 5 1.1349
20 80 1 0.1409
20 81 5 1.1545
20 82 4 1.1068
20 83 16 3.5592
20 85 15 5.6771
20 86 42 9.1948
20 87 10 2.5426
20 88 111 24.1070
20 89 42 8.9528
20 94 2 0.4536
20 95 20 3.4983
20 96 2 0.5475
20 97 25 7.5105
20 98 29 6.5695
20 99 9 1.8717
20 100 33 7.6707
20 101 22 4.9285
20 103 69 16.1204
20 104 1 0.2034
20 105 5 1.0661
20 107 71 15.5482
20 108 29 7.6196
20 109 1895 535.9161
20 110 33 8.1854
20 111 2 0.3459
20 112 6 1.2153
20 114 9 2.2601
20 115 4 0.9420
20 116 207 56.1440
20 117 1 0.2611
20 118 154 34.2586
20 121 8 1.5294
20 122 183 43.3547
20 124 21 5.5608
20 126 19 4.2608
20 128 50 11.5388
20 129 198 50.8083
20 130 1 0.1837
20 131 14 2.7473
20 132 9 2.2343
20 133 11 2.4202
20 135 87 24.0549
20 136 31 5.4703
20 138 9 1.9349
20 139 3 0.7065
20 140 3 0.6494
20 142 1 0.2989
20 143 24 4.5295
20 144 15 3.3359
20 145 191 52.8879
20 146 11 2.3401
20 147 123 28.5055
20 148 25 8.6555
20 150 135 37.1238
20 152 5 1.1587
20 153 13 3.4614
20 154 21 5.0864
20 155 1 0.2224
20 156 59 15.1797
20 158 16 3.4939
20 159 3 0.5610
20 161 7 1.8493
20 163 2 0.6957
20 164 257 63.2697
20 165 95 21.6887
20 166 1 0.2116
20 167 12 2.8174
20 168 10 1.4306
20 169 76 20.0408
20 170 26 5.4179
20 171 1 0.1931
20 174 160 32.2778
20 175 110 25.6613
20 176 14 3.0247
20 177 77 17.5615
20 178 20 5.2665
20 179 3 0.6943
20 180 19 4.1198
20 181 9 1.7007
20 182 33 7.3824
20 183 1 0.1598
20 184 15 2.7508
20 185 12 2.7965
20 186 14 3.1521
20 187 91 23.6644
20 189 15 3.1996
20 190 15 4.6695
20 191 6 1.2108
20 192 13 3.2497
20 194 1 0.2220
20 196 86 19.2136
20 197 15 3.6140
20 198 1 0.1299
20 199 6 1.0790
20 200 26 6.0037
20 201 52 14.2215
20 202 9 2.4261
20 204 79 17.6270
20 205 36 8.8954
20 206 4 0.7174
20 207 1 0.2140
20 208 70 15.8261
20 210 137 34.0738
20 211 136 31.8745
20 212 10 2.0021
20 213 187 56.1771
20 214 9 2.4560
20 215 23 5.6630
20 216 5 1.4824
20 217 21 6.9655
20 218 20 4.3828
20 219 11 2.3229
20 220 16 4.5495
20 221 1 0.1299
20 222 3 0.6448
20 223 75 18.8344
20 224 8 2.3297
20 225 177 41.5166
20 226 1 0.3569
20 227 56 11.0427
20 228 37 8.7417
20 229 19 4.5333
20 230 8 2.2083
20 231 30 6.3735
20 232 4 0.7553
20 233 16 3.8409
20 234 3 0.5611
20 235 2 0.3610
20 236 2 0.3937
20 237 19 4.3228
20 238 15 3.6490
20 239 14 3.2883
20 240 6 1.1577
20 241 10 2.5755
20 242 26 5.3028
20 243 1 0.2369
20 244 10 3.6282
20 245 25 5.6282
20 246 1 0.2541
20 247 2 0.3618
20 248 124 35.1275
20 249 17 3.8113
20 250 10 1.8540
20 251 6 1.4224
20 252 10 1.6821
20 253 72 19.3888
20 254 38 8.4355
20 255 109 32.8206
20 256 2 0.5015
20 257 301 82.6072
20 258 68 15.2605
20 259 40 9.2102
20 260 3 0.4874
20 261 78 19.2482
20 262 21 4.4244
20 263 19 4.2385
20 264 33 7.7505
20 265 14 3.2857
20 266 14 2.9119
20 267 94 27.8850
20 268 3 0.5490
20 269 12 2.7555
20 270 1 0.1860
20 271 2 0.4469
20 272 20 4.3655
20 273 34 7.8114
20 274 208 59.3589
20 275 81 19.7127
20 276 17 4.0351
20 278 49 15.2050
20 279 237 53.0408
20 282 408 119.4688
20 283 74 16.9313
20 284 6 1.2197
20 285 2 0.4013
20 286 130 32.6137
20 287 16 3.4395
20 288 35 6.9847
20 289 6 1.3004
20 290 32 7.7603
20 292 388 107.1243
20 294 8 1.8386
20 295 54 17.9634
20 296 240 53.8423
20 297 10 1.7182
20 299 8 1.8398
20 300 16 3.2351
20 301 2 0.4412
20 302 17 4.0045
20 304 28 6.9942
20 305 252 52.6409
20 306 7 1.8236
20 307 286 64.0069
20 308 3 0.4495
20 309 93 28.5300
20 311 1 0.1931
20 312 36 8.0446
20 313 54 14.1722
20 314 413 110.3352
20 315 3 0.4979
20 317 45 10.8655
20 318 7 1.4924
20 319 15 3.3267
20 320 181 36.4406
20 322 39 9.4714
20 324 214 49.5055
20 325 4 0.6884
20 326 22 7.0992
20 327 20 4.8786
20 328 19 5.7479
20 329 125 31.5738
20 330 9 2.0508
20 331 39 9.9501
20 332 229 53.0485
20 333 10 2.3950
20 334 35 7.6352
20 335 35 6.6831
20 336 40 12.5978
20 337 38 9.5849
20 338 82 16.1923
20 339 34 7.8614
20 340 51 14.3192
20 341 17 4.1742
20 342 4 0.8595
20 343 110 26.1216
20 344 7 1.5275
20 345 17 3.5880
20 347 11 2.2887
20 348 18 3.8319
20 349 37 7.0907
20 350 4 0.9699
20 351 1961 467.8570
20 352 439 113.7697
20 353 12 2.6602
20 355 7 2.0703
20 357 7 1.2783
20 358 1 0.1900
20 359 156 38.4464
20 360 233 63.5547
20 361 3 0.5465
20 362 51 13.7443
20 363 14 3.4181
20 364 14 2.9628
20 365 2 0.4738
20 367 11 2.4072
20 368 31 7.2645
20 369 13 2.3544
20 370 171 50.4389
20 371 4 0.7375
20 372 17 3.5629
20 374 6 1.2789
20 376 10 2.2394
20 378 10 2.5683
20 379 18 4.0248
20 380 36 10.0718
20 382 4 0.7079
20 383 36 7.0986
21 0 14 3.1300
21 1 45 10.2332
21 2 1 0.2029
21 3 64 13.9899
21 4 3 0.7092
21 5 26 5.5360
21 6 11 2.3329
21 7 6 1.3281
21 8 246 53.9260
21 9 63 14.0428
21 10 1 0.2570
21 11 42 9.4109
21 12 33 7.2730
21 13 4 1.0541
21 14 1 0.3034
21 15 70 21.7647
21 16 7 1.5208
21 17 1 0.1723
21 18 11 2.6041
21 20 3 0.7005
21 21 35 8.7242
21 22 112 29.0950
21 23 8 1.9642
21 24 20 4.1874
21 26 3 0.8636
21 27 2 0.5506
21 29 2 0.4778
21 30 107 25.3547
21 31 317 71.6823
21 33 16 4.0612
21 34 17 4.0297
21 35 1 0.2906
21 36 28 7.2339
21 37 42 8.8919
21 38 1 0.1600
21 39 8 1.6252
21 40 3 0.7311
21 41 7 2.4313
21 42 89 23.0394
21 43 2 0.3107
21 44 18 3.7966
21 45 8 1.6962
21 46 13 3.0120
21 47 39 10.2534
21 48 16 4.9379
21 49 6 1.1925
21 50 121 31.0237
21 51 73 19.3409
21 52 6 1.4164
21 54 143 42.0034
21 55 13 3.6849
21 56 16 4.5331
21 57 4 0.7440
21 58 199 58.3739
21 59 190 44.7629
21 60 54 13.6012
21 61 79 22.8656
21 62 6 1.3272
21 63 38 8.9247
21 64 3 0.6756
21 66 14 2.4649
21 67 27 6.3076
21 68 28 6.2642
21 69 2 0.4625
21 70 155 37.7763
21 72 357 80.6117
21 73 1 0.2214
21 77 55 12.2014
21 78 2 0.3304
21 79 14 3.0450
21 80 12 2.5916
21 81 33 7.3433
21 82 65 12.2312
21 84 4 1.0248
21 85 1 0.1948
21 86 13 3.5891
21 87 1 0.2205
21 88 20 4.6654
21 89 392 94.4109
21 90 2 0.4086
21 92 10 2.4033
21 93 24 5.7124
21 95 9 2.0092
21 96 9 1.5332
21 97 13 3.9029
21 99 6 1.4859
21 100 451 153.2159
21 101 5 1.4662
21 102 21 7.4668
21 103 28 7.0081
21 104 7 3.0093
21 105 14 3.0093
21 106 187 45.4046
21 107 12 2.3834
21 108 27 6.1709
21 109 6 1.3084
21 110 26 6.1155
21 112 49 13.6132
21 114 3 0.6540
21 115 52 16.3340
21 116 73 25.5813
21 117 1 0.1859
21 118 25 4.9875
21 120 48 11.7559
21 121 36 7.4968
21 122 26 5.1457
21 123 4 1.4314
21 124 6 2.1046
21 125 5 2.2493
21 126 17 4.0526
21 127 5 0.9539
21 129 4 0.9144
21 130 41 10.9263
21 131 76 19.1772
21 132 7 1.7516
21 134 290 72.0590
21 135 117 34.5668
21 136 75 16.6570
21 137 537 118.9949
21 138 113 26.0556
21 139 127 26.8797
21 140 22 4.5143
21 141 3 0.6929
21 142 26 5.2599
21 143 146 31.5707
21 145 14 3.0156
21 146 46 10.0493
21 147 8 1.5671
21 150 4 0.8531
21 151 298 71.8580
21 152 28 6.1867
21 154 3 0.7816
21 155 14 3.8083
21 156 4 0.8402
21 157 39 8.3825
21 158 170 43.1008
21 159 46 10.6444
21 160 155 41.8828
21 161 43 9.5787
21 162 43 10.0742
21 163 76 24.4589
21 164 55 13.9254
21 165 37 10.1309
21 166 3 0.6127
21 167 7 1.5676
21 168 21 4.7565
21 171 97 20.7035
21 172 6 1.5887
21 173 13 2.7635
21 175 4 0.8782
21 176 33 8.3481
21 177 2 0.3504
21 178 3 0.5371
21 179 9 1.7795
21 180 1 0.2497
21 181 563 126.3367
21 182 10 2.1022
21 183 10 2.0847
21 184 148 40.6035
21 185 4 1.1311
21 186 32 7.9644
21 187 20 5.7685
21 188 70 19.9528
21 189 2 0.4538
21 190 16 3.9305
21 191 31 7.6774
21 192 297 82.3869
21 193 61 13.2260
21 194 26 8.5454
21 195 7 1.9694
21 197 3 0.7143
21 198 2 0.4470
21 199 1 0.1752
21 200 93 25.0219
21 201 11 2.1335
21 202 15 3.1810
21 203 12 2.4859
21 204 12 2.4513
21 205 28 5.7135
21 206 62 15.2518
21 208 39 8.0977
21 209 7 2.2101
21 210 1321 339.7627
21 214 55 11.5065
21 215 39 12.0603
21 219 8 1.7262
21 220 17 3.3406
21 221 2 0.3676
21 223 2 0.4528
21 224 22 4.7007
21 225 308 69.2497
21 226 46 12.7265
21 227 120 26.8147
21 228 12 2.4489
21 230 3 0.6169
21 231 7 1.5772
21 232 19 4.1208
21 234 25 4.9138
21 235 1 0.1843
21 236 17 4.0178
21 237 10 3.0387
21 239 17 3.4507
21 240 12 3.2206
21 242 1 0.2469
21 243 20 5.4888
21 244 1 0.2209
21 247 3 0.6710
21 248 3 0.6847
21 249 28 5.5467
21 250 9 2.8881
21 251 1119 277.4364
21 252 3 0.6618
21 254 13 3.9112
21 255 25 5.3606
21 256 1 0.2425
21 257 1255 366.1886
21 258 10 2.5084
21 260 19 5.1453
21 261 15 3.0697
21 263 8 2.2112
21 264 32 7.1367
21 265 4 0.8732
21 267 1 0.1490
21 268 7 1.5599
21 269 139 39.8008
21 270 9 2.0595
21 272 91 20.3227
21 273 1 0.2136
21 274 44 11.5461
21 275 16 4.0053
21 276 42 8.3428
21 278 8 1.9120
21 280 25 5.6072
21 281 19 4.0947
21 282 572 129.4944
21 283 3 0.5600
21 284 2 0.4250
21 285 90 21.0593
21 286 12 2.9419
21 287 11 2.0486
21 290 12 2.4750
21 291 2 0.4361
21 292 14 2.9770
21 293 5 1.1642
21 296 26 5.8260
21 297 3 0.4954
21 298 2 0.3579
21 299 14 3.4813
21 300 7 1.7872
21 301 41 9.6097
21 304 4 0.7656
21 305 16 3.6199
21 306 2 0.4318
21 307 2 0.3495
21 308 8 1.4286
21 309 19 4.2957
21 310 12 2.2244
21 311 19 3.6337
21 312 3 0.7056
21 313 7 1.4460
21 315 33 11.2460
21 317 25 6.0049
21 318 15 4.5027
21 319 59 14.4414
21 321 2 0.4032
21 322 6 1.3384
21 323 11 2.4965
21 324 191 53.8312
21 325 5 0.9014
21 326 2 0.4062
21 327 1955 535.4209
21 329 99 26.7265
21 330 11 2.0961
21 331 5 0.9645
21 332 2 0.3195
21 333 5 1.0304
21 334 3 0.5615
21 335 21 5.6047
21 336 10 2.9380
21 337 36 7.9882
21 338 60 13.3792
21 339 6 1.0281
21 340 3 0.6920
21 341 139 33.1447
21 342 10 2.1092
21 343 6 2.0192
21 344 4 0.7943
21 345 8 1.6324
21 346 18 3.6273
21 347 20 4.6650
21 348 1 0.2127
21 349 33 7.9075
21 350 19 7.6943
21 351 72 16.1575
21 352 3 0.6287
21 353 10 2.9858
21 354 1 0.2514
21 355 5 1.3026
21 356 15 3.3236
21 357 47 11.0517
21 358 37 9.2486
21 359 11 2.4101
21 360 2 0.4687
21 361 18 3.8126
21 363 21 4.8155
21 364 17 3.4070
21 365 13 4.6975
21 367 271 60.7499
21 368 1272 293.9143
21 369 188 42.4294
21 370 2 0.4201
21 371 8 1.8074
21 373 737 170.4104
21 374 18 4.1040
21 375 140 33.5718
21 376 4 0.9801
21 377 6 1.4145
21 378 15 3.2894
21 379 54 12.6336
21 380 167 35.6410
21 381 37 14.9033
21 382 22 4.8005
21 383 2 0.4440
22 1 10 3.1190
22 2 395 88.7625
22 3 34 7.6979
22 4 29 6.2120
22 5 4 0.8527
22 6 228 56.7504
22 8 7 1.5777
22 9 22 6.4994
22 10 129 27.3380
22 11 5 0.9162
22 12 20 5.3879
22 13 3 0.6908
22 18 4 0.9599
22 19 3 0.9457
22 21 20 4.2256
22 22 66 14.7659
22 23 1 0.2086
22 25 8 1.9407
22 26 23 4.9591
22 27 55 12.2949
22 28 21 5.3498
22 29 22 4.2916
22 32 3 0.8351
22 33 9 1.6587
22 34 13 3.2997
22 35 1 0.1525
22 36 4 0.8295
22 38 1 0.1814
22 39 32 7.0505
22 40 1 0.1956
22 42 31 6.7928
22 44 231 58.8839
22 45 1 0.2661
22 48 10 2.6576
22 50 39 9.8249
22 51 1 0.3214
22 52 493 129.8559
22 53 57 13.7464
22 54 4 0.8657
22 55 3 0.6081
22 56 1 0.3921
22 57 56 12.7895
22 58 9 2.9794
22 59 1 0.1741
22 60 18 4.5801
22 61 4 0.8425
22 62 46 9.6906
22 63 6 1.5364
22 65 9 1.8714
22 67 14 3.2733
22 68 227 52.3564
22 69 526 108.4686
22 70 22 6.6062
22 72 276 64.4978
22 73 8 1.8590
22 74 58 15.1290
22 75 1 0.2298
22 77 43 10.3949
22 78 139 30.4885
22 79 16 3.5381
22 81 22 5.1170
22 82 15 3.0596
22 83 3 0.5834
22 84 174 54.4831
22 85 117 30.6056
22 86 41 12.3622
22 87 156 45.1931
22 88 1 0.2137
22 90 8 2.1598
22 91 2 0.5366
22 93 29 5.6121
22 95 13 2.7459
22 96 8 2.5696
22 97 8 2.2477
22 99 56 12.1568
22 100 32 6.5793
22 101 25 5.5100
22 104 3 1.0410
22 106 1 0.2216
22 107 897 240.9160
22 108 3 0.6956
22 109 8 1.5343
22 110 39 9.4664
22 111 4 1.1197
22 112 17 3.3324
22 113 21 3.7792
22 114 6 1.1991
22 115 3 0.8517
22 116 5 0.9771
22 117 12 2.5001
22 118 1354 411.2724
22 120 16 3.9045
22 121 366 83.2749
22 123 4 1.3813
22 125 69 21.8288
22 126 6 1.5818
22 127 12 2.1946
22 128 26 9.1114
22 130 6 1.3544
22 131 107 23.2478
22 132 89 19.5066
22 133 75 16.4919
22 135 6 1.2147
22 136 4 0.8877
22 137 8 1.7454
22 138 9 2.4741
22 139 48 10.4085
22 140 205 41.6921
22 141 22 6.0526
22 144 18 3.7652
22 145 16 4.5377
22 146 6 1.6092
22 147 86 18.5684
22 148 10 2.4885
22 149 2 0.4181
22 150 148 33.4648
22 151 27 5.7642
22 152 3 0.6315
22 154 48 10.3443
22 155 47 10.5410
22 156 55 15.0995
22 157 6 1.1563
22 158 516 133.2561
22 159 219 48.6704
22 160 5 1.7179
22 162 3 0.6039
22 163 17 3.7984
22 166 29 6.4995
22 167 31 6.9978
22 168 24 4.9765
22 169 6 1.2548
22 171 11 2.7070
22 172 53 13.0241
22 173 15 4.0307
22 174 59 13.2461
22 175 8 1.8601
22 176 6 1.9333
22 177 55 12.2582
22 178 91 18.8791
22 179 115 25.4953
22 180 28 7.6660
22 181 2 0.3715
22 182 99 21.4143
22 183 1 0.1463
22 184 180 67.6953
22 185 67 15.4985
22 186 11 2.2342
22 189 1 0.2131
22 191 3 0.6190
22 192 50 15.6629
22 193 100 22.9239
22 194 22 4.6493
22 195 7 1.5816
22 196 1 0.1756
22 198 13 3.5496
22 199 19 5.8512
22 200 9 2.5632
22 201 2 0.4610
22 202 84 17.0669
22 203 8 1.2869
22 204 24 5.2260
22 205 30 6.9513
22 206 77 21.3047
22 207 19 5.5471
22 208 27 5.2320
22 209 3 0.7231
22 210 33 7.2930
22 211 10 2.1390
22 212 2 0.3634
22 213 24 5.1963
22 214 34 8.0654
22 215 25 5.0190
22 218 12 2.5705
22 219 80 19.1048
22 220 2 0.4205
22 221 310 70.9438
22 223 2 0.4730
22 224 1 0.1193
22 225 67 18.9114
22 226 2 0.3604
22 227 7 1.4358
22 228 167 38.1836
22 229 2 0.3792
22 230 75 16.7351
22 231 9 2.5977
22 232 21 4.7732
22 233 215 58.5533
22 234 268 58.9811
22 235 128 35.6344
22 236 63 17.5790
22 238 143 31.2327
22 239 5 1.0920
22 240 20 4.0316
22 241 6 1.5226
22 242 11 3.3245
22 244 24 5.3820
22 245 18 4.0048
22 248 8 1.2805
22 249 1 0.3139
22 250 54 17.5500
22 251 3 0.7083
22 253 68 21.7496
22 254 1 0.1322
22 257 1 0.2732
22 259 126 33.3311
22 260 12 2.4312
22 261 16 3.5533
22 263 35 7.9444
22 264 16 4.0871
22 265 8 1.6188
22 267 2 0.4309
22 268 4 0.8823
22 269 29 6.8818
22 271 36 7.9490
22 272 23 6.9494
22 273 4 1.0455
22 274 43 10.4730
22 275 159 31.3780
22 277 825 220.9717
22 278 33 7.8160
22 279 14 3.9821
22 280 12 3.8647
22 281 13 2.9549
22 282 3 0.5926
22 284 2 0.3788
22 286 74 18.4161
22 287 28 5.8381
22 288 3 0.5523
22 289 13 2.5712
22 290 16 3.4361
22 292 8 1.8476
22 293 237 50.3147
22 294 46 9.7640
22 295 28 7.8801
22 296 58 12.6195
22 297 2 0.4407
22 298 8 1.4685
22 299 4 0.9453
22 300 13 3.8657
22 301 3 0.8162
22 302 41 8.9715
22 303 15 3.5539
22 304 15 2.7450
22 306 5 0.9368
22 307 10 2.4579
22 308 2 0.4263
22 309 2 0.3879
22 311 11 2.0421
22 312 21 4.3809
22 313 84 19.2529
22 314 13 3.2622
22 316 115 24.1247
22 317 34 9.2542
22 318 28 7.6537
22 319 8 2.1042
22 320 390 90.6926
22 321 2 0.3929
22 322 16 3.6670
22 324 18 4.0305
22 325 2 0.3924
22 326 433 92.5549
22 327 38 8.1254
22 328 118 27.5823
22 329 2 0.3286
22 330 49 12.8497
22 334 57 17.3789
22 335 633 170.1377
22 336 5 1.1357
22 337 119 25.7358
22 338 15 3.1330
22 339 9 1.3356
22 340 14 3.7764
22 341 32 6.5596
22 342 5 1.1163
22 343 11 2.3524
22 344 26 5.9353
22 345 21 4.6384
22 346 10 2.1626
22 347 31 6.3769
22 348 21 5.2935
22 349 36 6.5536
22 350 42 10.3741
22 351 58 12.0116
22 352 1 0.3516
22 353 1 0.2011
22 354 65 18.5024
22 355 4 0.8650
22 356 15 3.2109
22 357 1 0.1893
22 358 9 2.0372
22 359 43 9.3618
22 360 9 2.2260
22 362 5 1.4381
22 363 60 13.0264
22 364 59 18.9211
22 365 15 3.5364
22 366 3 0.8053
22 367 11 3.2709
22 368 3 0.6500
22 369 23 5.0892
22 370 45 8.5473
22 371 184 49.1635
22 372 6 1.3726
22 373 1941 527.8526
22 374 31 7.2632
22 376 335 76.6184
22 377 41 8.4476
22 378 36 9.3254
22 379 9 1.8135
22 380 500 133.9954
22 381 73 24.0292
22 382 2 0.3815
22 383 255 56.2711
23 0 20 4.0285
23 1 5 1.0183
23 2 3 0.5428
23 3 3 0.6883
23 4 99 19.1580
23 5 26 6.0350
23 6 34 11.8201
23 7 12 3.2348
23 8 15 2.7626
23 9 15 2.5545
23 10 15 3.8546
23 11 9 2.4056
23 12 12 2.5933
23 13 5 1.7228
23 14 5 1.2337
23 15 10 2.3220
23 16 17 4.4402
23 17 202 51.4255
23 18 4 0.8985
23 19 14 2.8210
23 20 331 75.7835
23 21 1 0.2354
23 22 3 0.7425
23 23 6 0.9857
23 24 8 2.7532
23 25 111 21.8927
23 26 232 49.7309
23 27 30 9.8737
23 28 1 0.1668
23 29 451 111.6299
23 30 2 0.7473
23 32 5 1.8259
23 33 25 5.2425
23 34 5 0.9009
23 35 25 4.4061
23 36 3 0.5648
23 37 80 17.5717
23 38 12 2.3484
23 40 25 10.1036
23 41 66 14.5253
23 42 5 0.9755
23 43 16 3.4971
23 44 4 1.3447
23 45 12 3.5676
23 46 23 5.5941
23 47 11 2.1870
23 48 199 64.3225
23 49 8 2.5921
23 50 152 31.2589
23 51 29 6.0145
23 52 12 3.4089
23 53 6 1.1929
23 54 42 11.7254
23 55 11 2.3840
23 56 3 0.8484
23 57 71 22.6675
23 58 4 0.7203
23 59 3 0.5646
23 61 24 5.0489
23 62 7 2.2807
23 63 2 0.2674
23 64 47 11.9821
23 65 5 0.8882
23 66 25 8.2167
23 67 44 12.5459
23 68 11 2.5950
23 69 43 8.8553
23 70 4 0.7073
23 71 3 0.5709
23 72 52 10.3187
23 73 38 7.1752
23 74 2 0.4906
23 75 1 0.3510
23 76 28 8.5443
23 77 1 0.2097
23 78 8 2.6182
23 79 11 3.5378
23 80 10 2.3571
23 81 38 7.6064
23 82 18 3.8387
23 84 7 1.3252
23 85 6 1.1646
23 86 13 4.1920
23 87 1 0.2350
23 88 22 7.8529
23 90 20 3.6232
23 91 311 61.9198
23 92 59 13.8604
23 93 6 1.0590
23 94 20 4.3985
23 95 73 21.2308
23 96 10 2.0118
23 97 1275 316.0433
23 98 10 1.8067
23 99 10 1.9314
23 100 8 2.2371
23 101 5 1.0723
23 102 2 0.3647
23 103 76 18.2381
23 104 21 4.3477
23 105 4 0.7238
23 106 45 8.9482
23 107 17 3.5102
23 108 54 9.7023
23 109 8 2.2627
23 110 52 16.0232
23 111 3 0.4379
23 112 8 2.2307
23 113 145 44.8979
23 115 10 2.7607
23 116 29 7.4267
23 117 1 0.1346
23 118 29 6.9140
23 119 12 3.1908
23 120 83 16.3926
23 121 21 6.6320
23 122 46 9.0700
23 123 6 1.2956
23 124 2 0.3364
23 125 21 4.4728
23 126 35 8.5750
23 127 16 3.6964
23 128 227 48.8672
23 129 26 6.6134
23 130 10 1.8534
23 131 91 26.8723
23 132 22 6.0603
23 133 41 8.5456
23 134 18 4.1986
23 135 17 4.1260
23 136 2 0.3542
23 137 104 21.7944
23 139 20 7.0459
23 140 2 0.6389
23 141 17 3.0552
23 142 20 3.8034
23 143 30 8.2800
23 144 22 4.7832
23 145 2 0.3672
23 146 10 3.0599
23 147 85 17.7429
23 148 7 2.0247
23 149 101 29.5962
23 150 38 9.3209
23 151 27 7.0912
23 152 531 172.5150
23 153 7 1.3698
23 154 57 16.7505
23 155 53 12.1725
23 156 5 2.0841
23 157 13 4.2054
23 159 3 0.7769
23 160 168 36.5678
23 162 45 10.3320
23 163 31 8.5107
23 164 28 6.9215
23 165 10 2.0063
23 166 20 5.9095
23 167 28 8.5785
23 168 29 5.9159
23 169 6 1.1274
23 170 8 2.0741
23 171 24 4.5296
23 172 8 2.5520
23 173 4 1.2459
23 174 16 3.1895
23 175 24 5.3160
23 176 15 3.1043
23 177 56 9.9534
23 178 5 1.8143
23 180 132 25.8168
23 181 10 2.8728
23 182 6 1.2370
23 183 18 5.0031
23 184 2 0.5761
23 185 11 2.0397
23 186 4 0.7995
23 187 12 3.1135
23 188 27 7.7470
23 189 47 12.4650
23 190 6 1.1644
23 191 68 19.0382
23 192 7 2.3737
23 193 7 1.6281
23 195 14 2.7370
23 196 73 49.2359
23 197 14 2.9192
23 198 3 0.6845
23 199 21 5.5996
23 200 4 0.7619
23 201 17 3.3547
23 202 12 2.1688
23 204 7 1.3401
23 205 2096 582.5907
23 206 33 6.9191
23 207 31 8.0018
23 208 19 4.9976
23 209 109 22.7225
23 210 26 5.2027
23 211 8 1.5748
23 212 18 4.1133
23 213 7 1.9051
23 214 16 3.2141
23 215 5 1.3319
23 216 4 1.2358
23 217 6 1.1204
23 218 29 6.6604
23 219 898 224.4279
23 220 39 9.0502
23 221 3 0.5943
23 222 24 8.1010
23 223 8 1.5348
23 224 860 190.9343
23 225 11 2.8755
23 226 16 3.0858
23 227 2 0.4110
23 230 1 0.4321
23 231 28 6.6619
23 232 1 0.1658
23 233 3 0.6398
23 235 15 2.5623
23 236 12 1.9787
23 238 2 0.3543
23 239 3 0.4418
23 240 4 0.8190
23 242 42 10.4513
23 243 259 57.2639
23 245 79 16.2831
23 247 10 3.1934
23 249 1 0.1455
23 250 2 0.6399
23 251 8 1.7571
23 254 6 1.7778
23 255 55 11.0012
23 256 68 14.0948
23 257 234 48.8594
23 258 16 4.5582
23 259 20 4.1182
23 260 18 3.6945
23 261 1 0.2062
23 262 1 0.2055
23 263 9 2.0307
23 264 10 2.6214
23 265 8 1.5309
23 266 163 42.8822
23 267 4 0.7551
23 268 16 3.1088
23 269 5 1.2648
23 270 23 4.2673
23 271 298 66.2784
23 272 7 1.4627
23 273 36 7.4226
23 274 24 4.5267
23 275 10 2.1071
23 276 4 0.8254
23 277 578 159.3623
23 278 3 1.0389
23 279 23 8.9568
23 281 3 0.7990
23 282 20 4.3205
23 283 148 34.0762
23 284 25 6.1493
23 285 80 18.0061
23 286 11 2.5196
23 287 12 3.2083
23 288 3 0.5759
23 290 6 1.1787
23 291 26 7.1819
23 292 81 16.2675
23 293 4 1.2044
23 294 49 13.7609
23 295 2 0.3643
23 296 10 3.4489
23 297 3 0.6140
23 298 13 3.4463
23 299 59 11.3767
23 300 15 3.4194
23 301 13 3.3606
23 302 22 4.8703
23 304 5 1.2170
23 305 72 25.3060
23 306 69 13.4101
23 307 6 1.7566
23 308 2 0.2673
23 309 3 0.6041
23 311 8 1.3530
23 312 2 0.3773
23 313 9 3.4063
23 314 3 0.5716
23 315 56 12.1464
23 316 21 6.9743
23 317 60 13.5203
23 318 8 1.6305
23 319 3 0.9389
23 320 324 61.9555
23 322 69 21.2951
23 324 5 1.0130
23 325 13 2.7739
23 326 29 6.7105
23 328 4 0.7693
23 329 26 6.4545
23 330 7 1.7102
23 331 32 7.8387
23 332 151 31.4731
23 333 18 4.1741
23 334 22 4.5712
23 335 43 8.9670
23 336 30 5.7412
23 338 13 2.6895
23 339 9 2.5969
23 341 3 0.4162
23 342 1 0.1354
23 344 44 9.2269
23 345 60 13.0002
23 346 24 5.2322
23 347 80 16.2207
23 348 46 10.6328
23 349 11 2.2728
23 350 2 0.5970
23 351 31 5.9981
23 352 36 6.9219
23 353 3 0.5423
23 354 44 8.6355
23 355 8 1.4997
23 356 145 30.9065
23 357 19 4.1951
23 358 2171 600.6833
23 360 5 0.9549
23 361 41 11.1009
23 362 39 8.3604
23 363 6 1.6590
23 364 28 6.3308
23 365 4 1.1068
23 366 136 27.8291
23 367 112 22.3315
23 368 20 5.3139
23 370 56 17.4921
23 372 92 39.7614
23 374 23 4.8516
23 375 40 8.6691
23 376 1 0.1568
23 377 20 4.2541
23 378 4 1.1758
23 379 3 0.6785
23 381 7 1.3837
23 382 74 14.7486
23 383 43 8.5528
24 0 6 1.2680
24 1 2 0.3727
24 2 223 50.9335
24 3 67 14.0811
24 4 1 0.2028
24 5 140 34.5976
24 6 15 3.9536
24 7 40 9.1763
24 8 14 3.0266
24 10 854 205.3767
24 11 11 2.2958
24 12 3 0.6721
24 13 6 1.4427
24 14 15 3.7096
24 15 229 52.5933
24 16 40 9.2351
24 19 89 19.5309
24 20 63 24.1943
24 22 150 33.3105
24 24 29 6.9982
24 25 3 0.6234
24 26 3 0.6174
24 27 27 5.9302
24 28 2 0.2540
24 30 2 0.4125
24 32 21 4.8937
24 33 70 16.8578
24 35 22 5.2814
24 36 9 1.9825
24 37 134 31.2260
24 38 1 0.2352
24 39 149 36.6521
24 40 1 0.2404
24 41 589 157.9723
24 42 79 18.8820
24 43 262 61.0106
24 45 21 4.9073
24 47 697 208.6471
24 48 78 16.9546
24 50 1 0.2474
24 51 16 3.6916
24 52 210 48.0778
24 53 17 4.1129
24 54 26 6.0504
24 55 2 0.3985
24 57 252 61.9962
24 58 32 7.2802
24 60 53 16.1295
24 61 33 7.3352
24 62 1 0.2834
24 63 29 6.5551
24 64 2 0.4481
24 66 66 16.1153
24 67 1 0.1534
24 68 2 0.3622
24 69 1 0.1888
24 70 2 0.6918
24 71 2 0.3780
24 72 47 8.8023
24 73 30 10.8795
24 76 4 0.8810
24 78 13 2.9248
24 79 11 2.3754
24 81 1 0.1841
24 83 70 13.7813
24 84 27 6.1839
24 86 22 4.7251
24 87 71 19.3134
24 88 22 7.0816
24 89 1 0.2011
24 90 5 1.0402
24 91 18 4.9849
24 92 38 8.8597
24 93 27 5.4058
24 94 1 0.2230
24 96 131 30.9321
24 97 6 1.6250
24 98 10 2.5320
24 99 7 1.6194
24 100 17 3.8635
24 103 11 2.7179
24 104 133 31.7216
24 105 49 14.1985
24 106 510 121.4475
24 107 15 3.0380
24 108 45 10.0001
24 109 7 1.7277
24 110 2 0.5453
24 111 1 0.2045
24 112 48 8.6689
24 113 13 2.7242
24 114 12 3.0421
24 115 20 4.7690
24 117 23 5.4564
24 118 1 0.2513
24 119 16 3.6906
24 120 3 0.7840
24 121 12 2.7046
24 122 47 14.9034
24 123 7 1.8511
24 124 49 12.7726
24 126 7 1.5648
24 127 60 12.7490
24 130 9 2.3764
24 131 4 0.8658
24 132 2 0.5411
24 133 36 8.2700
24 134 36 8.4861
24 135 127 28.6576
24 136 7 1.5747
24 138 33 8.4020
24 139 437 116.0518
24 140 7 1.6829
24 141 23 5.4326
24 143 95 22.3244
24 145 9 2.2576
24 146 526 127.5583
24 147 361 85.7129
24 150 9 1.6807
24 152 4 0.8132
24 153 2 0.3997
24 154 72 15.1590
24 155 33 6.7027
24 157 5 1.2755
24 158 276 55.9498
24 159 6 1.3193
24 160 1 0.1917
24 161 65 14.2692
24 162 61 16.6244
24 163 33 7.2524
24 164 9 1.9970
24 165 22 4.9956
24 166 8 2.0842
24 167 33 7.5589
24 168 3 0.6217
24 169 2 0.3894
24 170 1 0.1652
24 172 1 0.2122
24 173 14 3.2028
24 175 24 5.5220
24 176 1 0.2526
24 177 31 6.5645
24 178 5 1.1738
24 180 2 0.3687
24 181 25 7.2534
24 182 11 2.1391
24 183 71 25.7446
24 184 27 6.0659
24 185 36 11.5263
24 186 3 0.6180
24 187 2 0.3719
24 188 9 2.1060
24 189 54 13.0344
24 190 15 3.6964
24 191 12 3.1125
24 192 76 17.1375
24 193 16 3.7382
24 195 2 0.3882
24 196 21 5.3132
24 197 14 3.1362
24 198 35 7.5844
24 199 46 10.4228
24 201 17 4.4658
24 202 20 4.7048
24 203 4 0.8583
24 204 233 61.5348
24 205 1 0.2051
24 206 8 1.9891
24 208 152 36.1964
24 209 30 6.8633
24 210 1 0.2394
24 211 8 1.8197
24 212 74 16.8068
24 213 67 15.7015
24 214 22 4.8726
24 215 11 2.3867
24 216 42 10.0948
24 218 14 3.1560
24 219 305 67.5260
24 220 1 0.2499
24 221 19 4.0023
24 222 12 2.7471
24 223 747 210.3388
24 224 17 4.0020
24 225 327 81.0922
24 227 7 1.4465
24 229 12 2.7073
24 230 29 6.6196
24 231 30 7.2079
24 232 163 35.1509
24 233 72 24.0466
24 234 1 0.2170
24 236 1 0.1409
24 237 164 33.1887
24 238 66 15.7028
24 240 18 4.0087
24 241 5 0.9137
24 243 5 0.9440
24 244 61 15.8757
24 245 6 1.3778
24 246 71 16.3766
24 247 23 5.3938
24 248 7 1.8125
24 249 617 148.5777
24 252 406 104.6217
24 253 108 21.1208
24 254 5 1.1800
24 255 26 5.6209
24 257 119 25.6192
24 259 8 1.7919
24 262 19 4.2409
24 263 4 0.8827
24 264 46 10.5506
24 265 164 37.2076
24 266 290 72.9315
24 268 8 1.6745
24 269 162 45.0814
24 271 4 0.9870
24 272 8 2.4569
24 273 12 2.2080
24 274 5 1.2670
24 275 25 6.1695
24 276 49 11.0047
24 277 2 0.4365
24 278 142 38.1314
24 280 1 0.2576
24 281 56 13.9475
24 282 8 1.7625
24 283 367 82.0102
24 284 49 15.0755
24 285 42 12.9726
24 287 15 2.7329
24 289 5 0.8886
24 290 34 9.8444
24 291 4 0.9634
24 292 175 40.8687
24 293 3 0.6597
24 294 17 3.9482
24 296 142 32.2709
24 297 4 0.8111
24 298 4 0.8737
24 299 50 11.6394
24 300 16 3.3514
24 301 1 0.2215
24 302 40 9.7187
24 303 1 0.2024
24 304 44 9.1491
24 305 1 0.1699
24 306 4 0.8568
24 307 6 1.2740
24 309 2 0.4019
24 311 142 29.6072
24 313 33 8.5219
24 314 14 3.8699
24 315 78 17.3032
24 316 21 4.8887
24 317 137 34.3116
24 318 12 3.1264
24 319 43 10.7944
24 320 3 0.5748
24 321 55 19.4219
24 322 11 2.2310
24 323 5 1.1258
24 324 36 7.8801
24 325 23 4.9433
24 326 83 21.7553
24 328 4 0.9404
24 330 15 3.0922
24 331 31 6.2497
24 332 158 42.1646
24 333 148 32.2958
24 334 6 1.2142
24 336 48 11.8542
24 337 3 0.7789
24 338 155 36.3949
24 339 1 0.1876
24 341 4 0.9439
24 342 17 6.5176
24 343 35 9.1924
24 344 8 2.0359
24 345 24 4.8754
24 346 846 218.3858
24 347 4 0.8886
24 348 5 1.2227
24 351 13 3.0141
24 353 48 13.8379
24 354 12 2.7135
24 355 169 35.4659
24 356 17 3.6716
24 358 41 12.6216
24 359 50 11.1181
24 362 11 3.4439
24 363 7 2.0010
24 364 6 1.4557
24 365 20 4.4711
24 367 593 233.3197
24 368 1 0.1769
24 369 49 11.2770
24 370 11 2.5583
24 372 3 0.6217
24 374 3 0.7424
24 375 8 1.9166
24 376 25 5.9501
24 378 1 0.2132
24 379 8 1.5881
24 380 1 0.1280
24 382 68 16.2197
24 383 1 0.2898
25 1 13 3.2058
25 3 8 1.8354
25 4 123 28.7964
25 5 1 0.2466
25 6 4 0.8500
25 7 133 34.6293
25 8 38 6.9160
25 10 1 0.2313
25 11 21 5.6167
25 13 19 4.6467
25 14 1 0.1247
25 15 69 20.0351
25 16 86 18.6896
25 17 6 1.1669
25 18 5 1.1415
25 20 284 70.0918
25 21 159 35.8799
25 23 237 52.6789
25 24 28 6.6949
25 25 5 1.1799
25 26 1 0.2113
25 27 1 0.2620
25 29 40 8.2424
25 31 1 0.2296
25 32 210 46.7054
25 33 116 29.8791
25 34 27 5.5198
25 35 11 2.5158
25 36 19 4.4052
25 37 40 8.2818
25 40 7 1.4691
25 41 22 4.8716
25 42 92 20.3515
25 43 112 24.8173
25 45 3 0.6664
25 47 32 7.3051
25 48 3 0.4646
25 52 3 0.6180
25 53 1 0.2353
25 54 19 5.1468
25 55 94 24.9496
25 56 5 1.1516
25 58 163 37.7690
25 59 2 0.3367
25 60 55 12.5353
25 61 2 0.4666
25 62 27 5.9613
25 63 12 4.8909
25 64 7 1.5972
25 65 7 1.4777
25 66 22 4.7209
25 67 142 30.5404
25 68 9 2.1893
25 71 4 0.6894
25 72 1 0.2436
25 73 42 10.9185
25 74 21 4.5457
25 75 240 58.6069
25 79 2 0.2696
25 80 4 0.8322
25 81 1 0.1440
25 82 71 14.9987
25 83 2 0.4646
25 84 1 0.2084
25 86 340 75.5808
25 87 1 0.2227
25 88 5 1.2500
25 89 30 6.5908
25 90 47 11.6888
25 91 1 0.2430
25 92 2 0.3867
25 93 69 13.9108
25 94 153 35.4573
25 96 21 4.3183
25 97 91 20.3008
25 98 25 5.8611
25 99 36 10.0446
25 101 53 12.7834
25 102 1 0.2016
25 103 196 41.6178
25 105 15 3.3606
25 106 207 49.1897
25 107 36 8.5591
25 108 1 0.2570
25 110 16 3.8956
25 111 621 187.5321
25 112 59 15.5196
25 113 9 1.8417
25 114 17 4.1334
25 115 175 42.2071
25 116 5 0.9807
25 117 3 0.7587
25 118 18 4.5652
25 120 9 2.0209
25 121 12 3.1757
25 122 57 10.4960
25 123 4 0.6918
25 124 137 31.3107
25 125 8 1.8038
25 127 6 1.4935
25 128 156 44.0647
25 130 13 3.2682
25 131 1 0.1639
25 132 14 2.5350
25 133 3 0.7309
25 134 152 33.8672
25 135 34 7.3875
25 136 78 17.8424
25 138 3 0.5437
25 139 117 27.6290
25 140 7 1.4874
25 141 3 0.5627
25 142 5 1.0018
25 143 21 3.7225
25 144 37 8.5795
25 145 29 6.2476
25 146 15 3.4524
25 147 8 1.6959
25 148 14 3.2756
25 149 3 0.5053
25 150 56 12.7027
25 151 209 50.9869
25 152 62 15.1200
25 153 33 7.6469
25 156 56 13.3873
25 157 7 1.7825
25 158 13 3.3669
25 159 38 8.8342
25 160 93 21.1574
25 161 33 7.4550
25 162 14 2.8404
25 163 43 10.1019
25 164 497 142.6921
25 165 117 26.0308
25 166 87 19.1097
25 167 34 7.6141
25 168 17 3.6768
25 171 57 23.5475
25 174 15 3.0233
25 177 35 8.7436
25 178 150 39.9535
25 179 26 5.5346
25 180 1 0.1449
25 181 2 0.3429
25 182 156 36.7876
25 184 67 14.6108
25 185 2 0.4037
25 186 50 10.8890
25 187 15 3.1005
25 188 29 8.1425
25 189 85 19.4636
25 192 2 0.6233
25 193 22 5.0732
25 197 42 11.3608
25 198 4 0.8479
25 199 298 70.5964
25 203 2 0.3796
25 204 12 2.6376
25 205 93 22.0117
25 206 5 1.1838
25 208 245 65.2919
25 209 21 4.7982
25 210 98 21.9898
25 211 269 78.2193
25 213 13 2.8663
25 214 52 12.5825
25 215 190 43.4597
25 216 15 3.1006
25 217 11 2.1984
25 218 1 0.2473
25 220 33 6.9184
25 221 31 7.6110
25 223 6 1.3969
25 225 5 1.2252
25 226 1 0.1827
25 227 17 3.2576
25 229 47 11.0229
25 230 26 5.9877
25 231 69 18.4857
25 232 2 0.4458
25 233 90 24.4704
25 234 3 0.7499
25 235 77 16.8887
25 236 40 8.9263
25 237 51 12.3864
25 238 12 2.2987
25 239 73 15.9254
25 240 1 0.2837
25 241 9 1.8435
25 242 677 137.2126
25 244 48 11.8816
25 246 58 13.2639
25 247 51 11.7349
25 248 33 7.8819
25 249 40 9.2624
25 250 64 15.1739
25 251 314 67.6263
25 252 96 20.8240
25 253 23 4.2109
25 254 1 0.2389
25 256 30 5.7308
25 257 4 0.9302
25 260 391 89.5436
25 261 96 22.7471
25 263 19 4.2832
25 265 52 12.2612
25 266 15 3.3732
25 269 39 7.8980
25 270 51 10.5434
25 271 104 26.1127
25 272 34 8.5031
25 273 4 0.8571
25 274 30 6.9124
25 276 20 4.6045
25 277 52 12.9110
25 279 75 17.9988
25 283 8 1.8842
25 286 33 6.6349
25 287 61 13.6916
25 288 153 32.1337
25 290 28 6.7161
25 291 115 26.5636
25 293 642 200.9928
25 294 35 7.9615
25 295 13 2.9970
25 299 22 5.0250
25 300 8 1.8298
25 301 702 161.3760
25 302 153 30.7555
25 303 24 4.7515
25 304 22 5.8214
25 305 20 4.5452
25 306 42 9.7868
25 309 3 0.6315
25 310 302 67.7831
25 312 38 8.7739
25 314 6 1.0443
25 315 37 9.8974
25 316 9 1.8165
25 318 17 4.1001
25 320 16 3.8104
25 321 152 40.1035
25 323 205 52.5458
25 324 8 2.2452
25 325 25 5.8672
25 326 4 0.8554
25 327 9 1.9661
25 328 52 13.2042
25 330 14 3.0766
25 331 82 23.4406
25 332 2 0.4743
25 333 58 17.0983
25 334 3 0.7298
25 335 45 10.9633
25 336 80 21.0578
25 337 133 38.5931
25 339 5 1.2855
25 340 3 0.6192
25 344 18 4.0081
25 345 2 0.4376
25 346 2 0.4829
25 347 4 0.7283
25 348 97 19.5873
25 349 377 102.5493
25 350 1 0.2384
25 351 31 7.0307
25 352 19 4.1384
25 353 3 0.7114
25 354 6 1.0570
25 356 41 8.7998
25 357 24 5.6531
25 358 379 91.6219
25 359 933 372.1654
25 360 46 9.9621
25 361 1 0.2101
25 362 1 0.1776
25 364 75 21.6397
25 365 21 3.7230
25 367 22 5.0320
25 368 14 2.8554
25 370 27 5.3552
25 371 12 2.9384
25 372 2 0.4788
25 373 23 5.4407
25 374 2 0.4596
25 375 14 2.6215
25 376 1 0.1131
25 381 1 0.2494
25 382 1 0.1223
25 383 67 15.1549
26 0 131 31.1210
26 2 7 1.9855
26 3 9 1.8943
26 4 120 27.0023
26 5 6 1.2396
26 7 7 1.8536
26 8 9 1.7136
26 9 1 0.2033
26 11 15 2.6737
26 12 238 52.8238
26 14 42 9.4346
26 15 99 29.0816
26 16 154 35.8447
26 17 51 11.2679
26 18 1 0.1650
26 20 55 11.8823
26 24 1 0.1787
26 26 31 6.1827
26 27 372 96.1334
26 28 25 5.8021
26 29 105 24.7372
26 30 12 3.1934
26 31 12 3.0687
26 32 1 0.2396
26 34 8 1.9136
26 36 67 15.1488
26 37 390 108.0592
26 38 4 0.7666
26 39 57 15.9507
26 40 34 7.7384
26 41 160 34.8846
26 42 13 2.9462
26 43 22 5.0101
26 44 23 4.6203
26 45 23 4.2277
26 46 30 6.5094
26 48 81 18.3035
26 49 57 12.4726
26 50 4 0.8074
26 51 20 4.1761
26 54 37 8.0341
26 55 1 0.3041
26 57 16 3.7148
26 58 3 0.6243
26 59 1 0.1722
26 60 9 1.8823
26 61 2 0.4870
26 62 3 0.6794
26 63 78 16.0931
26 64 5 1.0790
26 65 3 0.5100
26 66 4 1.0019
26 68 6 1.2337
26 69 52 11.2227
26 70 44 12.3984
26 71 1 0.2326
26 74 10 1.9880
26 75 2 0.4517
26 76 50 14.6212
26 77 19 3.9214
26 79 70 15.9333
26 80 6 1.5736
26 81 50 10.8538
26 82 2 0.4435
26 83 11 2.1933
26 84 63 14.5271
26 85 3 0.6937
26 86 3 0.7850
26 87 36 7.6744
26 88 6 1.3002
26 89 12 2.7443
26 90 130 29.3100
26 91 3 0.6846
26 92 36 7.7053
26 93 873 200.9284
26 94 9 2.0555
26 95 91 21.0971
26 97 56 14.8035
26 98 2 0.3956
26 100 17 3.6288
26 101 37 10.0217
26 102 6 1.1994
26 103 3 0.7645
26 104 5 0.9852
26 105 153 48.8246
26 106 35 8.2220
26 107 58 13.7031
26 108 1 0.2542
26 109 1 0.1645
26 110 8 1.3412
26 111 1 0.1976
26 112 8 2.0096
26 113 2 0.2587
26 115 2 0.3450
26 116 1041 260.3942
26 118 18 4.0396
26 119 1 0.2475
26 120 71 18.9628
26 121 7 1.5523
26 122 86 18.9820
26 123 17 4.0200
26 124 4 0.8573
26 125 5 1.4027
26 127 7 1.4231
26 128 21 4.2458
26 129 10 2.2306
26 133 234 54.7919
26 134 51 11.8604
26 135 19 3.8295
26 136 66 17.7662
26 137 38 7.6890
26 138 22 4.5989
26 139 11 2.6602
26 140 13 3.9099
26 141 1 0.1605
26 142 24 5.5504
26 144 40 8.3543
26 145 47 11.0418
26 147 6 1.3980
26 148 34 7.0722
26 149 17 3.4136
26 151 18 4.0737
26 152 3 0.6135
26 153 177 40.0865
26 155 2 0.4832
26 156 2 0.4860
26 157 40 10.8833
26 159 10 2.3682
26 160 66 14.4617
26 162 8 1.7449
26 164 1 0.2366
26 165 5 1.2607
26 166 41 8.6502
26 167 101 21.5784
26 168 7 1.8825
26 169 132 43.9734
26 170 6 1.6782
26 171 42 10.2119
26 172 6 1.3894
26 173 294 75.9184
26 174 227 78.4418
26 176 97 21.9760
26 177 13 2.8660
26 178 128 31.4053
26 179 56 12.5667
26 181 4 0.7185
26 183 27 5.9005
26 185 86 25.8777
26 186 385 91.4926
26 187 28 5.9189
26 188 16 4.0349
26 189 3 0.6265
26 190 21 4.8581
26 191 31 6.4174
26 192 365 84.8960
26 193 2 0.4233
26 194 29 7.1412
26 195 5 1.0482
26 197 2 0.3481
26 198 223 52.3611
26 199 33 7.0969
26 200 263 62.4633
26 202 58 13.4362
26 204 40 8.8338
26 205 57 13.1334
26 206 679 225.2595
26 207 9 2.1593
26 208 4 0.8987
26 209 26 5.8578
26 211 131 29.2624
26 212 1 0.1159
26 213 2 0.3603
26 214 7 1.8858
26 215 19 4.7095
26 216 16 3.5061
26 217 149 34.2934
26 220 17 4.0065
26 221 4 0.7994
26 223 23 5.4370
26 224 1 0.2581
26 227 139 32.1457
26 228 372 117.4407
26 230 11 2.2217
26 231 1 0.2446
26 233 18 4.6355
26 235 8 1.6270
26 236 22 4.8595
26 237 176 41.0675
26 239 211 48.6785
26 240 4 1.0423
26 241 377 88.7730
26 242 18 4.3118
26 244 16 4.5888
26 245 1 0.2616
26 247 14 2.6929
26 248 38 8.3904
26 249 16 3.3397
26 250 9 2.0924
26 251 9 1.9050
26 252 62 14.6880
26 254 47 10.5630
26 255 4 0.9171
26 256 13 3.2328
26 257 44 10.0777
26 258 51 11.4477
26 259 195 53.6294
26 260 5 0.8686
26 263 8 1.8665
26 264 1 0.2378
26 265 666 194.7760
26 266 23 5.1875
26 267 4 1.1428
26 268 27 5.7821
26 269 18 4.0289
26 270 34 7.5488
26 272 62 16.7561
26 273 11 2.5204
26 274 6 1.5546
26 276 492 146.1183
26 277 24 5.2647
26 278 1 0.1492
26 279 2 0.3723
26 280 348 95.3523
26 281 29 7.6968
26 283 117 24.9787
26 284 19 4.3018
26 285 16 3.1880
26 287 1 0.2341
26 288 41 9.7827
26 290 145 34.5952
26 292 3 0.7313
26 293 10 2.4298
26 295 7 1.5144
26 296 1 0.2203
26 297 8 1.6361
26 298 8 1.8940
26 299 12 2.6127
26 302 5 1.0588
26 303 36 8.5680
26 304 46 9.7903
26 305 18 3.8498
26 307 25 5.6269
26 308 4 0.8620
26 309 130 34.2048
26 310 9 1.9547
26 311 2 0.4619
26 315 66 16.8597
26 317 63 15.2981
26 318 1 0.2990
26 319 2 0.4800
26 320 3 0.5887
26 322 1 0.2077
26 323 12 2.8116
26 325 64 17.1693
26 326 1 0.1852
26 327 1 0.2040
26 328 20 5.4799
26 330 11 2.4583
26 331 24 6.2115
26 332 23 5.3944
26 333 124 25.2219
26 334 24 6.4267
26 336 51 13.1930
26 338 20 4.9539
26 340 26 6.8684
26 341 180 43.8522
26 342 8 1.8721
26 343 116 28.4277
26 345 51 10.3755
26 347 31 7.6055
26 348 12 2.7729
26 349 40 9.6355
26 351 38 9.1686
26 353 17 3.2729
26 354 3 0.5672
26 357 19 4.0752
26 358 9 2.1153
26 360 40 8.9464
26 361 412 95.2780
26 362 25 5.9623
26 363 7 1.7467
26 364 11 2.5741
26 365 69 16.9412
26 366 1 0.1678
26 367 10 2.8771
26 368 16 3.7865
26 369 78 16.5838
26 370 29 7.1070
26 371 206 50.6642
26 372 13 3.0928
26 373 48 11.1837
26 375 2 0.3796
26 376 119 27.4915
26 377 40 9.8661
26 380 181 38.3956
26 381 1 0.2099
26 382 8 2.0696
26 383 60 19.3378
27 2 111 30.9465
27 3 116 31.5986
27 4 11 2.2286
27 5 21 4.0721
27 6 1 0.2757
27 7 1 0.2402
27 8 11 2.4271
27 9 92 24.4527
27 10 124 37.9980
27 11 3 0.5325
27 12 52 11.1933
27 13 3 0.3937
27 14 9 1.8670
27 16 4 0.8981
27 18 236 54.8018
27 19 1 0.1904
27 20 1 0.2343
27 22 15 3.5016
27 23 193 44.2177
27 25 45 10.3545
27 26 2 0.2353
27 27 12 2.7014
27 28 32 8.7711
27 29 6 1.5563
27 30 1 0.1839
27 31 2 0.5036
27 33 9 2.2145
27 35 1 0.1382
27 36 5 1.0984
27 37 7 1.5276
27 39 54 12.2782
27 40 24 4.7692
27 41 41 10.2480
27 43 39 15.9883
27 44 4 0.9223
27 45 328 87.4604
27 46 33 7.2037
27 47 13 2.4548
27 48 6 1.5103
27 49 29 7.4619
27 50 72 16.9377
27 51 12 2.3712
27 52 221 50.4880
27 53 27 5.2443
27 54 21 5.1909
27 55 21 4.1071
27 56 2 0.2831
27 57 224 60.8416
27 59 11 3.0822
27 60 1 0.2329
27 61 44 9.7384
27 62 52 11.3639
27 63 346 88.9659
27 64 26 6.8942
27 66 84 18.1503
27 67 9 2.1086
27 68 8 2.1709
27 69 227 59.1618
27 70 7 1.3857
27 72 9 1.8816
27 73 7 1.3914
27 76 19 4.5940
27 77 122 30.0448
27 78 16 3.7779
27 79 47 10.0217
27 80 5 1.0633
27 82 5 1.7296
27 83 6 1.1826
27 84 3 0.7173
27 85 6 1.5058
27 86 8 1.6187
27 87 9 2.1073
27 88 110 24.8149
27 89 303 77.6628
27 90 144 31.8227
27 91 6 1.2006
27 92 40 8.9604
27 93 61 16.4899
27 96 6 1.1886
27 98 3 0.5896
27 99 2 0.3595
27 100 5 1.1386
27 101 389 104.5939
27 102 1 0.2495
27 103 52 14.8206
27 104 106 25.0233
27 105 285 71.4841
27 106 13 2.9410
27 107 17 3.6688
27 108 8 1.8299
27 110 39 8.2935
27 111 2 0.4455
27 113 14 3.8535
27 114 8 1.8338
27 115 77 16.2663
27 116 29 6.6096
27 117 15 2.7957
27 119 14 3.1816
27 120 2 0.3666
27 121 6 1.4310
27 122 10 2.7474
27 123 11 3.0311
27 124 23 4.9420
27 125 193 43.7271
27 126 52 14.5293
27 127 5 1.0365
27 128 171 36.8806
27 129 139 32.2008
27 130 32 6.8457
27 131 27 6.1737
27 132 6 1.4309
27 133 15 3.2681
27 134 9 1.8073
27 135 43 10.2986
27 136 10 2.2513
27 137 4 1.4648
27 138 1 0.2224
27 140 10 3.1296
27 141 3 0.5584
27 142 28 6.6308
27 143 25 6.0951
27 144 1 0.2182
27 145 6 1.3411
27 146 209 46.2747
27 147 86 20.5894
27 148 967 259.4675
27 149 8 2.1817
27 151 13 2.8231
27 152 91 19.0585
27 153 24 6.2193
27 154 366 100.6864
27 156 2 0.8011
27 157 5 1.1688
27 158 14 3.7049
27 160 2 0.5070
27 163 4 1.0172
27 164 7 1.3220
27 165 50 10.8695
27 166 12 3.3450
27 167 23 4.3161
27 168 46 10.0338
27 169 44 9.6038
27 171 3 0.7448
27 173 2 0.4691
27 174 10 2.4618
27 176 21 4.6977
27 177 307 70.7863
27 178 15 3.0751
27 179 20 4.2566
27 180 20 4.7800
27 182 18 6.2725
27 183 2 0.4559
27 184 1 0.2103
27 185 1 0.2121
27 186 267 56.7776
27 187 2 0.4624
27 188 17 3.2631
27 189 13 2.3534
27 191 6 1.4623
27 192 6 1.6155
27 194 219 48.4521
27 195 10 2.6682
27 196 5 1.0907
27 197 26 6.5568
27 198 73 16.5137
27 199 58 13.3919
27 200 18 4.6997
27 201 17 3.2317
27 202 21 4.3708
27 203 3 0.6355
27 204 31 6.7360
27 205 10 2.4750
27 207 13 2.6829
27 208 15 3.4357
27 209 11 1.8538
27 210 10 2.2180
27 211 19 4.0553
27 214 849 201.6873
27 215 4 0.9842
27 216 34 6.7495
27 217 18 4.6352
27 218 123 29.2100
27 220 58 12.6432
27 221 9 1.9354
27 222 5 1.2613
27 223 8 2.1096
27 224 31 7.3508
27 225 31 6.5428
27 226 1 0.1943
27 228 29 6.0425
27 229 2 0.4829
27 230 4 0.7970
27 231 24 10.7364
27 233 24 5.3428
27 234 2 0.4096
27 235 4 0.8188
27 236 2 0.3037
27 237 12 4.0056
27 238 1 0.1599
27 239 3 0.5829
27 240 17 4.8707
27 241 82 17.6368
27 242 39 10.8187
27 243 45 9.6224
27 244 31 6.6095
27 245 5 1.0783
27 246 26 5.6828
27 247 7 2.7463
27 248 24 5.2159
27 249 16 3.2645
27 250 83 19.3772
27 251 24 5.8900
27 252 1 0.1632
27 253 40 9.5314
27 254 16 3.1238
27 255 22 4.7632
27 256 37 9.7062
27 257 15 2.8404
27 258 6 1.1090
27 259 549 136.9929
27 261 5 1.4970
27 262 9 1.9322
27 263 84 19.1089
27 265 27 6.4421
27 266 24 4.8872
27 267 7 1.4153
27 268 59 12.9427
27 270 21 4.2929
27 271 105 24.3891
27 272 2 0.6204
27 273 38 8.1133
27 274 86 18.9077
27 276 17 3.5487
27 278 65 15.8093
27 279 29 5.8470
27 280 102 24.0954
27 281 18 4.8916
27 282 28 5.9512
27 283 248 56.0617
27 284 9 1.8388
27 285 85 20.7246
27 286 1 0.1955
27 287 3 0.5388
27 289 122 25.7662
27 291 65 16.4477
27 292 32 7.1460
27 294 1 0.2308
27 295 9 1.9785
27 296 67 15.1359
27 297 51 10.0182
27 298 63 14.6272
27 299 4 0.6749
27 301 5 1.4369
27 302 4 0.8653
27 303 36 7.2638
27 304 13 7.3482
27 305 72 17.4919
27 306 61 19.6308
27 307 2 0.4207
27 308 328 74.4752
27 309 2 0.4750
27 310 10 2.6492
27 312 5 1.1057
27 313 6 1.4109
27 314 39 11.9171
27 315 132 29.4361
27 319 3 0.7911
27 320 9 2.1961
27 321 14 3.7000
27 322 26 8.3519
27 323 12 2.4636
27 324 33 8.0442
27 326 102 22.0394
27 327 20 4.4819
27 328 129 34.3752
27 329 19 5.2565
27 330 2 0.4008
27 331 81 23.4470
27 333 4 0.9220
27 334 8 1.7428
27 335 28 5.6656
27 336 872 280.5427
27 337 3 0.6189
27 338 6 1.5774
27 339 19 3.8942
27 341 5 0.9788
27 342 47 10.4813
27 343 43 10.2825
27 344 1 0.2142
27 345 1 0.1670
27 346 24 5.3590
27 347 5 1.1337
27 350 25 5.0645
27 351 16 3.7313
27 352 8 1.6043
27 353 57 13.1456
27 354 14 2.9762
27 355 78 18.0492
27 357 1 0.1979
27 358 21 7.1463
27 359 7 1.5535
27 360 5 1.0629
27 361 39 8.7990
27 362 172 54.2816
27 363 485 166.1300
27 365 7 2.0742
27 366 43 9.3999
27 367 22 5.1532
27 368 18 4.5154
27 369 48 9.4411
27 370 3 0.6511
27 371 6 0.9422
27 373 125 39.2480
27 374 7 1.3713
27 375 11 2.9719
27 377 1 0.3841
27 378 35 7.1759
27 379 2 0.4076
27 381 3 0.4529
27 382 112 24.5478
27 383 106 24.0661
28 1 9 2.3215
28 2 45 11.1701
28 3 19 4.1507
28 4 1 0.2328
28 5 1 0.2042
28 7 97 24.4842
28 8 11 2.6211
28 9 38 10.6394
28 11 344 92.7215
28 12 1 0.3276
28 13 13 3.0600
28 15 148 35.5873
28 16 7 1.8759
28 18 10 2.5981
28 19 3 0.6286
28 22 123 30.9709
28 23 2 0.4748
28 25 5 1.1542
28 26 3 0.7659
28 27 15 3.8167
28 29 8 1.7706
28 30 23 5.6520
28 31 9 1.9569
28 32 88 19.1567
28 34 47 11.4344
28 36 4 1.1402
28 38 239 60.1159
28 39 16 3.7693
28 40 84 19.3906
28 41 30 6.2773
28 43 43 10.0597
28 44 80 16.6524
28 45 9 2.0168
28 46 41 9.8495
28 47 6 1.1322
28 48 31 7.8674
28 49 22 8.1461
28 50 48 12.1711
28 51 47 11.0083
28 52 504 121.7158
28 53 56 13.8873
28 55 14 3.3087
28 56 44 8.2737
28 57 205 47.6841
28 58 244 61.4855
28 59 303 86.1963
28 60 15 4.1948
28 61 11 2.4692
28 62 1 0.1785
28 63 2 0.4126
28 65 6 1.4633
28 67 15 2.6850
28 69 2 0.3976
28 70 27 8.1969
28 71 9 1.7059
28 72 23 5.2554
28 73 38 7.5061
28 74 6 1.3379
28 75 2 0.6350
28 76 1 0.1228
28 78 115 26.8655
28 79 1 0.1630
28 80 9 1.9995
28 81 5 1.6900
28 82 115 25.1198
28 83 7 1.6217
28 84 14 3.0572
28 85 34 7.9369
28 86 4 0.4841
28 87 29 5.5285
28 88 4 0.8079
28 89 32 8.6588
28 90 46 10.6557
28 91 137 33.7817
28 92 457 108.1837
28 93 8 1.6615
28 94 26 6.9047
28 95 1 0.2408
28 96 48 11.9854
28 97 3 1.1099
28 98 82 19.8031
28 101 287 67.6081
28 105 1 0.3507
28 108 44 9.5581
28 109 15 4.6554
28 110 159 38.1958
28 111 2 0.4248
28 112 8 1.9898
28 113 12 2.6514
28 115 28 7.0598
28 116 7 1.0462
28 118 368 86.2542
28 120 27 6.4079
28 121 6 1.2980
28 122 30 6.8457
28 123 4 0.9036
28 124 1 0.2478
28 125 9 2.4581
28 126 162 56.5306
28 127 21 5.5030
28 128 1 0.2448
28 129 93 30.2899
28 130 40 8.9035
28 131 4 0.6570
28 132 1 0.2225
28 135 20 4.8153
28 136 36 8.7041
28 137 304 81.8075
28 138 56 14.1169
28 139 88 20.2163
28 140 16 3.5840
28 141 130 31.4380
28 142 10 2.3411
28 143 27 7.1469
28 144 27 7.5567
28 147 31 9.1864
28 149 1 0.2011
28 150 60 14.8803
28 151 6 1.0215
28 153 99 27.1606
28 154 28 6.8365
28 157 2 0.3466
28 158 4 0.6454
28 159 33 7.7886
28 161 12 1.9388
28 162 1 0.1811
28 163 10 2.7557
28 165 3 0.7201
28 166 15 2.6620
28 167 13 3.1428
28 169 35 7.4763
28 170 87 18.1360
28 171 5 1.1735
28 173 4 0.9273
28 175 82 19.1890
28 176 3 0.6144
28 177 23 6.3998
28 178 48 10.6411
28 179 89 20.7288
28 180 11 2.3776
28 182 8 2.2898
28 184 70 16.9774
28 185 5 1.0484
28 187 45 9.8159
28 188 1 0.0757
28 189 105 26.1641
28 190 5 0.9681
28 191 2 0.4792
28 192 17 4.9585
28 193 32 7.7447
28 194 10 2.0800
28 195 2 0.3658
28 197 3 0.4491
28 198 18 4.4848
28 199 59 13.3147
28 200 127 31.9410
28 203 10 2.0481
28 204 2 0.4213
28 205 10 2.3063
28 206 19 4.6535
28 207 29 7.2817
28 208 2 0.4483
28 210 2 0.4283
28 211 64 15.1428
28 212 46 10.4617
28 213 6 1.2837
28 214 173 39.1073
28 215 18 3.5190
28 216 7 2.1544
28 217 1 0.2455
28 219 1 0.2280
28 220 27 5.8127
28 221 102 22.0325
28 222 66 13.4756
28 223 14 5.2346
28 224 14 2.6020
28 225 4 0.8065
28 226 54 15.0556
28 227 15 3.4739
28 228 13 2.7158
28 229 25 5.9199
28 230 37 8.8388
28 232 27 6.7020
28 233 6 1.2217
28 234 28 5.4895
28 235 142 34.4221
28 238 35 8.6431
28 239 7 1.7065
28 240 14 3.6646
28 242 114 27.3912
28 243 129 28.9717
28 244 10 1.8835
28 245 1 0.2316
28 246 187 42.1897
28 247 8 1.6733
28 248 26 6.4568
28 249 123 37.3807
28 251 139 31.4272
28 252 148 34.1339
28 253 214 47.6246
28 254 19 4.2594
28 256 3 0.6534
28 257 11 3.2120
28 258 4 0.6717
28 259 23 4.9062
28 260 2 0.4915
28 261 8 1.6280
28 262 1073 300.0714
28 263 53 12.5472
28 264 3 0.6381
28 265 14 3.7065
28 266 1 0.0912
28 268 8 1.8250
28 269 16 4.8851
28 270 7 1.0987
28 271 59 19.4831
28 272 26 6.2746
28 273 18 3.7130
28 274 75 13.3485
28 275 50 18.5813
28 276 30 8.1298
28 277 37 8.2122
28 279 6 1.3137
28 280 25 5.9031
28 281 3 0.6053
28 282 22 5.4007
28 283 42 9.7774
28 284 12 2.2806
28 285 62 14.4609
28 286 13 3.0725
28 287 23 4.4563
28 288 5 1.1203
28 289 147 36.4728
28 291 44 10.0188
28 293 1 0.2449
28 294 38 7.6413
28 295 76 18.5861
28 296 240 52.7758
28 297 16 3.9439
28 298 7 1.6094
28 299 1 0.0815
28 300 150 34.5594
28 302 8 1.6256
28 303 10 1.8541
28 304 42 9.9625
28 305 3 0.5943
28 308 151 36.4909
28 309 2 0.2852
28 310 18 4.4221
28 311 33 7.9822
28 312 42 9.9967
28 313 2 0.3327
28 314 179 43.4256
28 315 541 170.0676
28 316 1 0.2174
28 317 1 0.2546
28 319 16 3.5847
28 320 5 1.1004
28 321 15 3.3681
28 322 134 34.6492
28 323 4 0.5433
28 324 50 13.3592
28 325 7 1.6125
28 327 2 0.5426
28 328 1 0.2143
28 330 181 40.9467
28 331 2 0.4781
28 332 19 4.5720
28 333 184 38.2065
28 334 2 0.3510
28 335 4 0.7720
28 336 39 7.6914
28 337 8 2.0881
28 338 6 1.1302
28 340 4 0.7681
28 341 16 3.5381
28 342 43 10.0083
28 344 2 0.5714
28 345 4 0.9363
28 346 1 0.2406
28 347 69 18.2337
28 348 254 81.5135
28 349 2 0.5786
28 350 5 1.2065
28 351 12 2.8507
28 352 311 77.8960
28 353 61 10.6140
28 355 34 10.5185
28 357 31 6.5509
28 358 24 5.8621
28 359 108 25.6090
28 360 6 1.1835
28 361 4 0.9207
28 362 5 1.2026
28 364 15 4.4374
28 366 45 10.3373
28 367 103 32.6698
28 368 1 0.0946
28 369 59 15.0891
28 370 11 4.5082
28 371 2 0.3018
28 373 1 0.1459
28 374 5 1.1675
28 375 9 1.8831
28 376 420 112.9234
28 377 240 60.6221
28 378 4 0.9503
28 379 12 2.7458
28 380 9 2.5108
28 381 3 1.2256
28 382 13 3.1928
28 383 29 6.3163
29 0 133 26.1614
29 1 1 0.2301
29 2 13 2.1833
29 3 23 4.2177
29 4 10 4.4323
29 6 7 1.5318
29 7 12 2.7679
29 8 2 0.4014
29 9 29 6.8398
29 10 76 16.7758
29 11 76 13.9676
29 13 173 33.5866
29 14 53 11.6817
29 16 8 1.5252
29 17 11 2.2136
29 18 7 1.4758
29 19 2 0.4043
29 20 4 0.6361
29 21 12 2.6315
29 22 26 5.9057
29 25 27 5.7961
29 26 3 0.7179
29 27 10 2.3660
29 28 1 0.2084
29 29 364 85.5638
29 30 36 5.9403
29 31 1 0.2249
29 32 15 2.9567
29 33 127 42.0587
29 34 40 9.1364
29 35 506 168.1877
29 37 5 0.9297
29 38 64 13.6533
29 39 38 6.9213
29 40 27 5.2511
29 41 51 11.0834
29 42 15 2.8322
29 43 230 51.8683
29 45 12 1.9204
29 46 5 1.2128
29 47 37 12.7733
29 48 72 19.0558
29 50 11 2.3190
29 52 43 16.1598
29 53 4 0.6726
29 55 12 1.7922
29 56 44 9.8745
29 57 16 4.0696
29 58 31 5.9315
29 59 32 9.5705
29 61 7 1.3271
29 62 20 3.8930
29 63 8 2.2805
29 64 31 6.4153
29 66 30 6.4971
29 68 1 0.1829
29 69 80 18.7922
29 70 48 10.4474
29 71 28 7.0833
29 72 259 62.3143
29 73 58 10.2334
29 75 692 279.0873
29 76 45 10.3697
29 77 33 9.0894
29 78 11 2.5916
29 80 8 1.7167
29 81 15 3.1476
29 82 3 0.5806
29 83 7 1.6810
29 84 26 9.0023
29 85 54 12.9402
29 86 39 6.4418
29 87 149 33.9788
29 88 4 0.8526
29 89 19 4.4224
29 90 14 2.9847
29 91 4 0.5099
29 92 4 0.8197
29 93 7 1.5593
29 94 95 21.1769
29 95 15 3.2780
29 96 4 0.8152
29 97 32 6.8484
29 98 101 22.6918
29 99 99 19.8022
29 100 13 2.3003
29 101 242 66.5522
29 102 17 4.9318
29 103 24 5.0209
29 104 7 1.8601
29 105 36 7.6767
29 107 2 0.5097
29 109 10 1.9197
29 110 10 2.0094
29 111 8 1.5047
29 113 7 1.5485
29 114 36 8.2475
29 115 145 35.8601
29 116 1 0.2567
29 117 138 29.4486
29 119 131 34.2407
29 120 22 4.4629
29 122 130 32.2683
29 123 11 2.4346
29 124 9 1.5584
29 125 8 1.5526
29 126 167 35.7219
29 127 2 0.3729
29 129 35 7.7342
29 130 6 1.1507
29 131 26 7.9280
29 132 4 0.4631
29 133 7 2.3182
29 134 28 6.9808
29 135 21 4.4597
29 136 231 52.4205
29 137 5 1.3709
29 138 12 2.9931
29 139 68 16.1543
29 140 31 6.3791
29 141 2 0.2858
29 142 125 28.8349
29 144 6 1.3813
29 146 9 1.7320
29 147 6 1.3000
29 148 11 2.3804
29 149 7 1.8279
29 150 6 1.8913
29 152 19 2.9904
29 153 312 69.3235
29 154 16 3.6893
29 155 22 4.4651
29 157 4 0.7362
29 158 17 3.0280
29 159 19 4.3031
29 160 73 18.4556
29 161 36 8.9902
29 162 258 60.4448
29 163 10 1.9133
29 164 10 2.1867
29 165 6 1.2992
29 166 13 2.5735
29 167 233 51.5793
29 168 19 4.0528
29 169 23 4.4554
29 170 28 6.0610
29 171 481 199.4805
29 172 22 3.8928
29 173 7 1.5117
29 175 4 0.9229
29 176 2 0.4620
29 177 22 4.7926
29 178 2 0.3934
29 179 4 0.8737
29 180 121 27.2163
29 181 30 5.5026
29 182 5 0.8638
29 184 2 0.4175
29 187 286 58.8161
29 188 11 3.7762
29 189 5 0.8244
29 190 9 2.0168
29 191 14 3.2634
29 192 3 0.5768
29 193 1 0.0815
29 194 52 12.6139
29 197 39 8.4013
29 198 70 13.9617
29 199 1 0.4165
29 200 29 5.9361
29 201 2 0.4677
29 202 39 7.6750
29 203 12 3.1939
29 205 11 2.9681
29 206 14 3.5368
29 207 27 4.8657
29 208 20 2.4870
29 209 151 31.5897
29 210 22 4.7036
29 211 100 21.9288
29 212 147 31.9451
29 213 8 1.8150
29 214 50 12.7987
29 215 22 5.9131
29 216 3 0.5591
29 218 44 10.4751
29 219 1 0.1215
29 220 5 1.5182
29 221 243 56.3484
29 222 2 0.4299
29 224 30 4.4990
29 225 19 3.3805
29 226 8 3.0985
29 227 5 0.9182
29 228 40 9.4537
29 229 61 13.8522
29 230 10 2.2477
29 231 3 0.6875
29 233 93 20.1004
29 234 3 0.7723
29 235 1 0.2023
29 238 9 2.0633
29 240 3 0.6497
29 241 5 0.7833
29 243 14 4.0118
29 244 150 32.6347
29 245 2 0.4656
29 247 27 5.7615
29 248 11 2.6915
29 250 4 0.8830
29 251 368 101.7441
29 252 266 65.5797
29 253 2 0.3905
29 254 16 3.3438
29 255 2 0.4610
29 256 85 28.0114
29 257 372 77.7238
29 258 704 182.8383
29 259 96 21.6401
29 260 413 95.9692
29 261 67 15.3723
29 262 59 12.1008
29 263 16 3.2963
29 264 33 6.6459
29 265 16 2.6525
29 267 8 1.7606
29 268 21 4.2760
29 269 19 4.5960
29 270 18 3.8081
29 271 9 1.9841
29 273 9 1.8278
29 274 1 0.2056
29 275 27 6.1918
29 277 72 19.5692
29 278 25 6.3325
29 279 3 0.5560
29 280 26 5.3481
29 283 19 4.2775
29 284 2 0.3725
29 285 6 1.2652
29 286 8 1.7340
29 287 14 2.5808
29 288 17 3.5944
29 291 12 2.5350
29 292 4 1.0739
29 293 5 0.9811
29 294 6 1.5857
29 296 10 2.1587
29 298 1 0.0636
29 299 1 0.1654
29 300 25 4.1778
29 301 2 0.4195
29 302 25 5.4208
29 304 48 10.4137
29 305 27 6.3945
29 306 128 48.6337
29 307 33 6.2592
29 308 346 87.9225
29 310 4 1.0367
29 311 5 0.9257
29 312 5 1.1751
29 313 5 1.6900
29 314 51 17.0455
29 315 1 0.2986
29 317 30 7.5171
29 318 3 0.6921
29 319 19 5.8705
29 320 15 4.2560
29 321 113 31.1555
29 322 16 4.4194
29 325 12 2.8649
29 326 2 0.3924
29 327 5 1.0657
29 329 5 0.7294
29 330 11 2.4276
29 331 1 0.1112
29 333 57 12.3750
29 334 97 21.9229
29 336 16 2.9932
29 337 2 0.3596
29 338 8 1.7305
29 340 24 5.0929
29 341 7 1.3230
29 342 7 1.4176
29 344 41 9.7017
29 345 10 1.6806
29 346 47 10.7722
29 348 36 7.1252
29 349 2 0.4461
29 350 121 31.3007
29 351 12 2.2275
29 352 56 10.7504
29 353 8 1.5947
29 355 1 0.4049
29 356 1 0.2172
29 358 22 4.8958
29 359 20 4.7403
29 360 11 2.5487
29 361 10 1.5681
29 362 9 2.0828
29 363 12 5.3939
29 364 4 0.8957
29 365 10 1.9344
29 366 11 2.3222
29 367 23 5.3972
29 369 10 2.1102
29 370 50 9.6776
29 372 10 1.9066
29 373 29 6.1411
29 374 10 1.8113
29 375 99 22.2596
29 376 305 68.4158
29 378 9 1.9727
29 379 28 6.2859
29 381 26 5.0948
29 382 6 1.2884
30 0 92 22.3380
30 2 473 204.6754
30 3 11 2.5226
30 4 35 18.6789
30 5 7 1.7869
30 6 14 3.1588
30 7 23 4.9036
30 8 12 2.5068
30 9 23 5.0747
30 10 55 12.6765
30 11 96 26.0149
30 12 204 47.7643
30 13 37 8.4876
30 14 24 5.8480
30 15 28 6.0858
30 16 90 23.4915
30 17 120 28.6859
30 18 75 26.5370
30 19 70 16.3469
30 20 61 15.4335
30 21 49 11.3321
30 22 91 29.5161
30 23 47 10.5060
30 24 17 3.6565
30 25 13 2.9705
30 26 6 1.5023
30 27 8 1.8102
30 28 10 2.5967
30 32 6 1.3404
30 33 10 1.8639
30 34 4 0.8828
30 35 5 0.8998
30 36 146 33.4057
30 37 3 0.6082
30 38 1 0.1290
30 39 6 0.8339
30 40 1 0.2543
30 41 34 7.8839
30 42 58 12.2128
30 43 26 7.0848
30 44 18 4.0621
30 45 5 1.4277
30 46 1 0.2221
30 47 8 1.2132
30 48 14 4.2845
30 49 59 14.3182
30 50 44 8.8690
30 51 10 1.7747
30 52 6 1.2018
30 55 12 2.8885
30 56 53 9.7631
30 57 5 1.7643
30 58 14 3.5793
30 59 17 3.4145
30 60 11 1.7021
30 61 13 2.9491
30 62 8 1.8667
30 63 25 5.6564
30 64 8 1.7364
30 65 3 0.7351
30 67 101 21.8664
30 68 6 1.2813
30 69 36 7.4568
30 70 12 3.2717
30 71 21 4.0840
30 72 190 43.1194
30 73 8 1.3544
30 74 53 15.1969
30 75 1 0.1153
30 76 26 6.9707
30 77 8 1.8014
30 78 33 8.3824
30 79 44 9.9416
30 80 21 4.1019
30 81 15 3.1621
30 82 2 0.3387
30 84 126 22.7440
30 85 9 3.1838
30 86 9 1.2206
30 87 52 17.2906
30 88 4 0.7076
30 90 35 6.9677
30 91 11 1.7059
30 93 1 0.1347
30 94 76 14.0817
30 95 313 84.0578
30 96 10 2.9305
30 97 23 8.5002
30 98 18 4.0021
30 99 303 78.5409
30 100 152 35.7810
30 103 8 1.8706
30 104 21 4.7932
30 105 5 1.1524
30 106 1 0.1122
30 107 6 1.1625
30 108 18 5.4505
30 109 21 4.4100
30 110 2 0.4382
30 111 63 14.2776
30 112 199 44.2377
30 113 9 1.3718
30 114 1 0.2137
30 115 37 8.2900
30 118 6 0.9792
30 119 6 1.3614
30 120 2 0.2755
30 122 11 2.2610
30 124 12 3.3533
30 125 16 3.3414
30 126 9 1.6974
30 127 7 1.3275
30 129 3 0.3416
30 130 2 0.5909
30 131 21 4.9915
30 133 414 113.5561
30 134 2 0.8761
30 135 13 2.7805
30 137 5 1.2329
30 138 41 9.0306
30 139 28 5.3294
30 141 21 3.9640
30 142 32 6.5670
30 143 72 13.7883
30 144 18 4.2066
30 145 28 5.0804
30 146 58 10.4196
30 147 11 2.1043
30 148 18 3.7648
30 149 98 21.1699
30 150 10 2.1269
30 151 11 2.3372
30 153 182 40.2218
30 154 31 6.6126
30 156 42 9.6916
30 159 18 3.8787
30 160 9 3.1619
30 161 636 183.3301
30 162 1 0.1551
30 163 5 0.7968
30 164 11 2.5294
30 165 19 5.4890
30 166 39 9.0394
30 167 11 2.5553
30 168 154 27.7972
30 170 28 5.9127
30 171 18 5.9348
30 172 8 2.2705
30 175 269 76.0046
30 176 12 2.8832
30 177 5 0.9872
30 178 7 1.2548
30 180 1 0.2832
30 181 38 8.6732
30 182 62 16.1520
30 183 1 0.1928
30 184 2 0.3533
30 185 5 2.2543
30 188 23 6.5999
30 190 3 0.5513
30 191 19 4.1747
30 193 30 8.6806
30 194 44 9.7396
30 195 12 2.4808
30 196 2 0.4053
30 197 794 209.2676
30 198 38 8.8216
30 199 30 5.2967
30 200 9 1.6726
30 201 1 0.1222
30 202 47 15.0186
30 203 18 3.7921
30 204 1 0.2209
30 205 124 29.2234
30 206 24 4.6976
30 207 12 2.2398
30 208 33 8.0450
30 209 470 110.1814
30 210 400 96.5384
30 211 6 1.1938
30 212 44 8.0431
30 213 5 0.9635
30 215 27 5.2905
30 217 1 0.2099
30 218 41 9.5466
30 220 179 41.2058
30 221 2 0.5181
30 222 1 0.1535
30 224 2 0.4822
30 225 174 37.6753
30 226 22 5.7685
30 227 4 0.9124
30 228 9 1.4894
30 229 106 21.9122
30 230 1 0.2165
30 231 1 0.2070
30 233 216 67.8289
30 234 48 14.2706
30 235 34 8.3719
30 236 31 10.8680
30 237 21 3.9988
30 240 5 1.5173
30 241 53 12.4610
30 243 30 7.2805
30 244 23 5.4129
30 245 93 21.3915
30 246 26 5.5375
30 247 64 15.3459
30 248 23 3.9788
30 249 14 2.9239
30 250 192 43.6797
30 252 152 34.8634
30 253 1 0.1285
30 254 4 0.6978
30 255 11 3.1251
30 256 5 1.4257
30 257 14 2.4085
30 258 4 0.5922
30 259 32 8.1960
30 260 2 0.4922
30 262 39 10.9223
30 263 36 8.0850
30 264 17 4.2831
30 265 75 20.3932
30 266 4 0.7752
30 267 19 4.0212
30 269 9 1.9133
30 272 6 1.3535
30 273 30 7.0417
30 274 9 1.5926
30 275 4 0.4886
30 276 1 0.2431
30 278 21 3.8842
30 280 9 2.1479
30 281 39 7.9985
30 284 6 1.3624
30 285 19 4.1583
30 286 64 14.9850
30 287 12 3.6516
30 288 45 16.0645
30 289 5 0.7796
30 290 2 0.3164
30 291 27 7.4225
30 292 88 21.4936
30 294 189 46.3597
30 295 132 29.6911
30 296 68 14.2956
30 299 41 8.6760
30 301 173 42.4213
30 302 196 47.2319
30 303 78 24.3436
30 304 21 4.3258
30 305 2 0.3315
30 306 9 1.8567
30 307 9 2.2219
30 308 33 6.1188
30 309 3 0.5362
30 310 11 2.2033
30 311 1 0.1541
30 312 3 0.8704
30 313 57 11.9815
30 315 1 0.1064
30 316 1 0.1219
30 317 181 49.2033
30 319 34 7.5335
30 320 28 8.6968
30 321 66 10.5907
30 322 14 6.1135
30 323 18 3.9631
30 324 126 28.6336
30 326 43 9.2924
30 327 56 12.6641
30 328 13 2.7806
30 329 41 9.3178
30 330 1 0.1699
30 331 40 11.8414
30 332 4 1.0614
30 333 1 0.2600
30 334 142 50.0092
30 335 1 0.2045
30 336 1 0.2451
30 337 10 2.3161
30 338 26 6.0504
30 340 1 0.1578
30 341 6 1.3078
30 342 40 9.0914
30 344 22 5.3235
30 345 22 4.2002
30 346 1 0.5026
30 347 6 1.4420
30 348 31 7.2171
30 349 61 13.8843
30 350 13 1.9319
30 351 22 5.0853
30 354 19 4.1202
30 355 72 14.2579
30 356 3 0.8773
30 357 1 0.1316
30 358 12 4.8681
30 359 2 0.3767
30 360 7 1.7000
30 361 74 14.4106
30 362 3 0.6787
30 364 22 4.9893
30 366 49 11.6893
30 367 6 1.2632
30 368 2 0.4923
30 369 1 0.2460
30 370 6 1.0369
30 371 40 8.7305
30 374 31 7.3525
30 375 19 3.6130
30 376 85 16.2403
30 377 45 9.9301
30 378 9 1.6497
30 379 259 62.7275
30 380 8 2.0370
30 382 9 2.0201
30 383 40 9.1974
31 1 8 2.3184
31 2 89 20.5547
31 3 52 14.5294
31 4 16 3.7416
31 5 64 15.8089
31 6 263 65.7190
31 7 42 8.9560
31 8 31 7.2502
31 9 1 0.2223
31 10 7 1.6396
31 11 12 2.6956
31 13 8 1.3961
31 14 28 5.9534
31 15 22 5.3892
31 16 53 12.9455
31 17 403 98.5901
31 19 4 0.8542
31 20 15 3.9722
31 22 56 20.5945
31 23 1 0.1783
31 24 10 2.2867
31 25 37 7.9683
31 26 19 4.7762
31 27 1 0.1516
31 28 6 1.7742
31 29 70 22.6516
31 30 2 0.4568
31 31 191 39.9110
31 32 1 0.2310
31 33 1 0.3163
31 34 11 2.5117
31 35 2 0.4865
31 36 62 16.5317
31 37 1 0.1772
31 38 178 42.5561
31 39 36 7.2904
31 41 27 8.4615
31 42 24 5.2883
31 43 17 3.7251
31 45 42 9.9490
31 46 143 34.9167
31 47 27 6.6817
31 48 427 126.3661
31 49 1 0.2470
31 50 38 8.5667
31 51 28 6.9347
31 52 115 27.9483
31 53 16 3.5809
31 55 7 1.3895
31 56 37 10.3657
31 57 2 0.3260
31 58 27 5.9754
31 59 47 10.9601
31 62 20 3.9610
31 63 47 11.3723
31 64 141 33.8865
31 65 10 2.5128
31 66 36 8.7082
31 67 1 0.3587
31 68 56 14.9204
31 69 2 0.3678
31 70 27 5.4535
31 71 6 1.5284
31 72 6 1.4652
31 75 39 10.0054
31 76 53 12.5487
31 77 28 5.8960
31 78 2 0.3158
31 80 17 3.8255
31 81 1 0.2402
31 82 1 0.1081
31 84 9 1.5666
31 85 15 2.5934
31 87 15 3.3922
31 88 223 58.4904
31 91 22 5.8206
31 92 4 1.5544
31 94 10 1.8358
31 95 49 14.0021
31 96 68 15.0226
31 97 19 3.9304
31 98 3 0.9277
31 99 1 0.2448
31 100 15 3.3256
31 101 19 4.0756
31 102 6 1.1394
31 103 78 16.5537
31 104 31 7.7010
31 105 371 85.6614
31 106 5 1.2059
31 108 19 4.9195
31 109 16 4.1842
31 110 27 6.2593
31 113 1 0.2407
31 114 8 1.8512
31 115 57 14.9388
31 116 3 0.7242
31 117 20 3.8932
31 118 19 4.8359
31 119 1 0.2405
31 120 4 0.9872
31 122 8 1.7226
31 123 5 1.2168
31 125 12 2.8648
31 127 1 0.2152
31 128 8 1.9412
31 129 45 9.6809
31 130 26 5.4641
31 131 131 33.3867
31 132 6 1.1754
31 133 49 10.9693
31 134 19 3.4778
31 135 41 10.4085
31 136 5 1.1344
31 137 24 6.6621
31 138 72 15.7115
31 139 5 0.9602
31 140 10 2.3325
31 141 75 18.4745
31 142 13 3.1072
31 143 33 6.9107
31 144 29 6.2281
31 146 19 4.6319
31 147 9 2.0543
31 148 3 0.5914
31 149 40 8.7262
31 151 70 16.6061
31 152 47 11.1277
31 153 37 8.1019
31 154 1 0.1073
31 155 102 23.0975
31 156 22 4.7855
31 158 7 2.1288
31 160 32 9.2271
31 162 6 1.0918
31 164 12 2.5854
31 165 3 0.8210
31 167 27 5.8889
31 168 62 21.6083
31 169 1 0.2210
31 170 36 10.6921
31 171 27 6.0100
31 173 65 14.8231
31 174 5 1.5042
31 175 36 18.5594
31 176 1 0.1865
31 178 7 1.5363
31 182 49 10.1537
31 184 10 2.5452
31 185 138 31.6387
31 186 9 2.1706
31 187 1 0.0913
31 188 514 125.7236
31 189 11 2.9001
31 190 132 29.9116
31 191 194 48.8805
31 192 1 0.1640
31 193 7 1.1905
31 195 58 15.9664
31 197 18 4.4566
31 198 8 3.1490
31 199 7 2.3493
31 201 26 7.8871
31 202 1 0.1494
31 203 89 19.9020
31 204 7 1.2742
31 205 1 0.2012
31 206 22 5.6088
31 207 8 1.6958
31 208 33 8.3416
31 209 10 2.4850
31 210 6 1.3454
31 211 48 10.6031
31 212 7 1.5146
31 213 224 55.9444
31 214 1 0.1747
31 215 6 1.3543
31 216 7 1.3237
31 217 141 39.4898
31 218 21 4.6280
31 219 1 0.3009
31 220 4 0.8134
31 221 11 2.6107
31 222 5 1.1910
31 223 1 0.1995
31 226 5 1.2052
31 229 569 158.0491
31 230 14 3.1432
31 231 1 0.1352
31 232 22 4.7330
31 233 1 0.1652
31 235 17 4.3185
31 236 4 1.3844
31 237 2 0.4501
31 238 28 6.6430
31 239 7 1.8184
31 240 1 0.3074
31 241 6 1.8037
31 242 1 0.1120
31 243 25 5.9368
31 244 44 9.7179
31 245 68 15.0397
31 246 4 0.6365
31 247 19 4.2444
31 249 34 7.2260
31 250 36 8.8552
31 251 14 3.8452
31 252 1 0.0897
31 253 18 4.3565
31 255 339 83.8152
31 257 39 8.7509
31 258 58 13.5875
31 259 6 1.0816
31 260 181 51.4738
31 261 4 0.9941
31 262 8 1.8104
31 263 33 8.2372
31 266 31 6.0659
31 268 7 1.5225
31 269 52 11.7502
31 270 8 1.7879
31 271 45 9.9329
31 272 19 4.1725
31 273 2 0.4077
31 274 34 8.0247
31 275 18 4.1460
31 276 478 105.8646
31 278 1 0.2257
31 279 181 45.3564
31 280 60 13.4050
31 281 113 26.4422
31 284 3 0.5556
31 285 13 3.5335
31 286 77 23.9247
31 287 29 5.2947
31 288 6 1.1140
31 289 2 0.4664
31 290 1 0.1302
31 291 60 13.5976
31 293 28 7.8917
31 294 21 4.7338
31 295 15 2.9204
31 296 5 1.2835
31 297 189 58.1760
31 298 47 11.8357
31 299 14 6.8512
31 300 48 11.1556
31 301 29 5.9497
31 302 1 0.1678
31 303 78 20.0197
31 304 32 7.8016
31 306 12 3.7558
31 307 1 0.1635
31 308 99 35.3012
31 310 76 23.0182
31 311 82 19.6056
31 312 8 1.8176
31 313 5 1.1295
31 314 24 5.6315
31 316 19 4.5720
31 318 143 33.6908
31 319 3 0.5552
31 321 5 1.0567
31 322 19 4.4406
31 323 14 2.6011
31 324 72 21.6707
31 325 160 45.5282
31 326 20 6.2364
31 327 16 3.9194
31 329 3 0.6558
31 330 105 36.0094
31 332 142 41.0078
31 333 3 0.7144
31 334 31 6.8384
31 335 6 1.2148
31 336 8 1.8020
31 337 221 52.6324
31 339 12 2.2241
31 340 67 15.9618
31 341 33 7.4611
31 342 7 1.1878
31 343 3 1.0169
31 344 15 3.9279
31 345 22 4.1359
31 347 19 5.6832
31 348 101 22.5468
31 349 40 10.1784
31 350 29 6.9965
31 351 31 12.9489
31 352 2 0.5057
31 353 5 0.9148
31 354 143 36.2018
31 356 32 9.5273
31 357 211 55.1514
31 358 99 21.3376
31 359 38 8.4183
31 360 3 0.7362
31 361 66 15.6147
31 362 5 1.0065
31 363 13 2.4498
31 364 8 1.9666
31 365 3 0.7113
31 368 46 10.1888
31 369 1 0.5717
31 370 79 19.6143
31 371 2 0.4617
31 375 296 69.3574
31 376 4 0.7861
31 377 3 0.6648
31 378 35 7.1766
31 381 7 1.7011
31 383 5 0.7675
32 0 7 1.5402
32 1 1 0.2103
32 2 4 0.8479
32 3 2 0.3856
32 5 41 14.7102
32 6 5 0.8560
32 7 2 0.4546
32 8 38 9.0017
32 9 11 1.8383
32 10 28 6.1863
32 11 2 0.2766
32 12 19 3.2211
32 13 16 4.7137
32 14 71 17.7465
32 15 5 1.2537
32 18 90 19.2642
32 19 394 90.3470
32 20 17 3.9718
32 21 1 0.2376
32 23 7 1.4767
32 24 14 2.6532
32 25 22 5.0733
32 27 3 0.5475
32 28 9 1.9947
32 29 422 103.4855
32 30 4 0.7686
32 31 2 0.4889
32 32 2 0.5060
32 33 9 1.8758
32 34 4 0.8549
32 35 79 15.3662
32 37 18 4.1284
32 39 3 0.3676
32 41 44 11.9075
32 42 50 10.8699
32 43 27 14.3686
32 44 86 19.9617
32 45 4 1.5401
32 46 27 5.5227
32 47 20 5.5275
32 48 12 2.9341
32 49 77 19.0047
32 50 1 0.2568
32 52 24 3.8300
32 53 15 3.4465
32 54 15 4.1914
32 55 16 3.7339
32 57 1 0.2178
32 58 22 4.7177
32 59 4 0.8195
32 60 14 3.1466
32 61 4 0.9760
32 62 6 1.5828
32 63 27 6.0668
32 64 28 5.2626
32 65 3 0.8498
32 66 213 49.3215
32 67 2 0.4635
32 68 3 0.5694
32 69 16 3.4091
32 70 361 106.8502
32 71 130 41.5884
32 72 44 11.2219
32 74 1 0.2588
32 75 4 0.8398
32 77 16 3.4264
32 78 4 0.7254
32 79 1 0.1533
32 81 17 3.4987
32 82 210 47.0008
32 85 6 1.5074
32 87 16 2.6313
32 88 90 20.1975
32 89 220 53.3686
32 90 395 135.7198
32 91 140 38.1624
32 92 89 20.9247
32 93 1 0.2180
32 94 36 7.5962
32 95 3 0.6358
32 96 1 0.2442
32 97 21 4.6529
32 99 1 0.2522
32 100 43 9.0116
32 101 59 17.5681
32 102 19 4.4271
32 103 10 2.4109
32 105 30 7.0799
32 106 1 0.4285
32 107 143 30.3938
32 108 1 0.2238
32 109 6 1.2220
32 110 2 0.4620
32 111 1 0.2647
32 112 1 0.3434
32 113 38 8.2210
32 114 2 0.4506
32 115 6 0.9167
32 116 3 0.7201
32 117 64 13.9662
32 119 1 0.1427
32 120 1 0.2450
32 121 69 15.1057
32 122 52 8.7916
32 124 88 19.0906
32 126 5 1.0131
32 128 34 6.7706
32 129 46 9.4464
32 130 10 2.1740
32 132 31 6.4664
32 133 14 4.4317
32 134 12 2.3558
32 136 47 9.2572
32 137 12 4.8147
32 139 74 17.4249
32 140 5 0.9582
32 141 13 2.8067
32 142 26 6.0203
32 143 1 0.2519
32 144 19 4.2450
32 146 10 2.4377
32 149 149 33.5129
32 150 37 7.6382
32 152 18 3.4445
32 153 106 23.8884
32 155 11 2.5307
32 156 38 7.8851
32 157 9 1.5622
32 159 2 0.4618
32 160 11 2.1331
32 161 183 37.0032
32 165 19 4.3138
32 166 71 15.1970
32 167 77 16.4823
32 168 7 1.7034
32 169 1 0.1945
32 171 3 0.5003
32 172 1 0.1838
32 173 28 6.0499
32 174 2 0.3577
32 175 18 3.9404
32 176 1 0.1796
32 177 10 1.6522
32 178 9 2.2286
32 180 69 18.3199
32 181 14 2.6911
32 182 8 1.8128
32 183 10 2.3178
32 184 1 0.1577
32 185 2 0.5204
32 186 99 23.1251
32 188 1 0.2138
32 189 2 0.4255
32 190 37 8.0789
32 191 15 3.4057
32 193 3 0.6789
32 194 1 0.2624
32 195 1 0.5915
32 196 2 0.3676
32 197 16 3.1590
32 198 1 0.1225
32 199 1 0.2125
32 200 47 11.7545
32 202 7 1.3049
32 204 5 1.2665
32 205 117 45.9434
32 206 1 0.3975
32 207 10 1.8766
32 208 39 8.0363
32 209 138 36.1145
32 210 257 55.1124
32 211 56 12.3468
32 212 5 1.0324
32 215 6 1.1151
32 216 8 1.4904
32 217 6 1.2121
32 218 86 21.0599
32 219 49 11.2588
32 220 22 4.6789
32 221 382 108.4708
32 223 8 1.6445
32 224 12 2.6785
32 226 129 29.2125
32 228 15 3.1270
32 229 1 0.3114
32 231 26 5.3282
32 232 24 5.0226
32 233 30 7.4181
32 234 43 11.8275
32 235 110 22.9944
32 236 3 0.5931
32 237 2 0.3941
32 239 19 3.5554
32 240 2 0.3029
32 241 7 1.3753
32 242 7 1.3292
32 244 91 18.9866
32 245 7 1.3148
32 246 61 12.3168
32 247 17 4.0092
32 248 300 78.6750
32 250 51 10.7245
32 251 19 6.2119
32 252 1 0.2140
32 253 43 8.2388
32 254 10 1.8474
32 256 13 3.0341
32 257 1 0.1335
32 258 10 2.1300
32 261 9 2.8619
32 262 3 0.7265
32 263 29 7.6008
32 264 7 2.3682
32 265 20 5.7312
32 266 2 0.4055
32 267 72 16.9506
32 268 1 0.2415
32 269 21 4.3850
32 270 27 6.5560
32 271 4 0.7686
32 272 9 1.4677
32 273 27 6.6470
32 274 1 0.3696
32 275 13 2.5574
32 276 334 96.7301
32 277 293 65.2327
32 278 2 0.4108
32 279 16 2.7975
32 280 5 1.3572
32 281 11 2.5349
32 282 48 13.3811
32 283 485 189.8644
32 284 2 0.3228
32 285 6 1.2260
32 286 5 0.7742
32 287 46 9.9227
32 288 25 4.9588
32 289 155 28.3515
32 290 3 0.8493
32 292 24 5.3610
32 294 68 19.5463
32 295 7 1.7338
32 296 2 0.4511
32 297 27 6.0478
32 300 112 24.7136
32 301 3 0.5532
32 302 5 1.2218
32 303 202 46.1587
32 304 1 0.2318
32 305 190 44.6293
32 307 12 2.5383
32 308 4 0.7110
32 309 8 1.7729
32 310 7 1.4948
32 311 7 1.0317
32 312 65 14.8068
32 313 3 0.6965
32 314 1 0.3080
32 315 1 0.3482
32 317 5 1.1711
32 318 9 3.1709
32 321 11 2.3054
32 322 25 4.9933
32 323 22 7.1616
32 324 6 1.2772
32 325 132 30.1459
32 326 1 0.2397
32 327 1 0.2241
32 328 1 0.2144
32 329 99 23.5326
32 332 3 0.4237
32 333 53 17.9824
32 335 16 2.9497
32 337 89 20.4240
32 338 162 49.9581
32 339 227 52.0252
32 340 73 16.3716
32 341 36 8.4935
32 342 1 0.1404
32 343 6 1.8084
32 344 67 15.8287
32 345 1 0.2941
32 346 29 6.3332
32 347 14 3.6375
32 348 80 18.3828
32 349 2 0.2715
32 350 11 5.0540
32 351 2 0.3831
32 352 5 1.6211
32 353 8 1.9283
32 354 21 3.7146
32 355 65 13.4545
32 356 6 1.4106
32 357 12 2.9960
32 358 11 2.4025
32 359 7 1.1274
32 360 7 1.0152
32 361 40 6.1391
32 362 12 2.6937
32 363 55 14.2108
32 364 50 13.9993
32 365 72 16.4105
32 366 12 4.4427
32 367 29 6.1681
32 368 24 4.5764
32 373 38 8.3491
32 374 50 11.5358
32 375 26 6.3816
32 376 62 12.0281
32 377 8 1.6122
32 378 329 97.2723
32 379 2 0.4533
32 380 2 0.4861
32 381 1 0.2024
32 382 1 0.1732
32 383 81 22.5761
33 0 3 0.6192
33 1 57 15.8085
33 2 139 39.2570
33 3 52 11.5205
33 4 4 0.8149
33 5 24 4.4908
33 7 52 10.9915
33 8 2 0.3636
33 9 63 14.2589
33 10 447 109.1111
33 11 4 0.7117
33 13 79 20.2309
33 15 25 5.8853
33 16 87 18.8846
33 17 129 28.9739
33 19 13 2.7079
33 20 2 0.4024
33 21 38 8.6192
33 22 637 160.0264
33 23 67 13.5731
33 24 17 3.3926
33 25 8 1.8500
33 26 3 0.6844
33 27 1 0.2139
33 28 551 140.1396
33 29 5 1.1254
33 30 90 21.5867
33 31 1 0.1223
33 32 30 6.4416
33 33 1 0.2264
33 34 11 2.9370
33 35 49 12.7477
33 36 9 2.0069
33 37 1 0.1342
33 38 34 7.2127
33 40 3 0.7076
33 41 4 1.3306
33 42 10 2.2619
33 43 5 0.7593
33 44 13 2.4578
33 45 2 0.8046
33 46 17 3.3385
33 48 55 13.2479
33 49 18 3.6775
33 50 93 19.4090
33 51 2 0.7795
33 53 24 9.6878
33 54 2 0.5210
33 55 13 2.4962
33 57 1 0.1664
33 59 11 2.5368
33 60 38 8.4009
33 61 22 4.0383
33 62 31 7.8984
33 64 91 18.8365
33 66 91 23.4046
33 67 139 29.3005
33 68 45 16.3765
33 69 144 40.9726
33 70 1 0.3063
33 71 5 0.7986
33 75 78 17.6647
33 76 22 4.2704
33 77 4 1.0049
33 79 9 2.1992
33 80 109 21.4052
33 81 20 5.3336
33 83 3 0.7076
33 84 7 1.0480
33 86 8 1.8832
33 87 43 9.3078
33 88 57 9.8364
33 91 1 0.1941
33 92 16 3.6986
33 93 7 1.5898
33 96 31 8.5597
33 97 37 7.0869
33 98 20 4.8759
33 100 8 1.5214
33 101 10 2.1577
33 102 12 3.2188
33 104 29 5.6403
33 105 14 3.0417
33 106 12 2.8251
33 107 3 0.6824
33 108 22 4.9866
33 109 48 21.1924
33 110 4 0.7089
33 111 3 0.8558
33 113 2 0.5611
33 115 1 0.3305
33 116 67 14.9903
33 117 1 0.0966
33 118 35 7.1252
33 119 75 18.7756
33 120 6 0.8792
33 122 122 31.2269
33 123 19 3.7663
33 125 63 17.4778
33 126 4 1.0315
33 130 28 6.2749
33 131 4 0.7959
33 134 492 108.5701
33 135 23 5.2128
33 137 3 0.6491
33 140 25 5.1033
33 141 16 2.9985
33 143 87 19.9727
33 144 35 10.3190
33 145 200 58.0485
33 146 1 0.2254
33 147 3 0.5462
33 148 48 12.5634
33 149 10 2.6181
33 150 1 0.1565
33 151 33 6.6108
33 152 6 1.2455
33 153 197 39.0880
33 154 331 86.4347
33 157 40 12.5443
33 158 3 0.6564
33 159 42 12.2580
33 160 2 0.4005
33 161 8 1.6091
33 163 12 2.6808
33 164 20 5.1790
33 165 11 2.0879
33 166 6 1.1723
33 167 15 5.2943
33 168 3 0.9885
33 169 6 1.1984
33 171 3 0.6812
33 172 1 0.1923
33 173 48 10.8176
33 174 9 1.7464
33 175 5 0.8867
33 176 10 1.8092
33 177 6 1.2360
33 178 44 9.9689
33 179 21 3.3423
33 180 28 5.5247
33 182 5 0.8126
33 183 13 3.8390
33 185 100 22.7813
33 186 30 5.6155
33 187 60 14.2767
33 188 5 0.9466
33 189 5 0.9998
33 190 302 71.2816
33 191 11 2.3515
33 192 47 10.3558
33 193 25 7.6899
33 194 43 9.9004
33 196 104 38.8444
33 198 164 35.5316
33 199 4 0.8795
33 200 4 0.8332
33 201 6 1.0404
33 202 4 0.8832
33 203 54 14.0657
33 204 2 0.2705
33 205 29 6.4219
33 206 1 0.2491
33 208 32 5.5434
33 210 90 21.5416
33 211 13 3.0684
33 212 2 0.3782
33 214 10 1.6732
33 215 50 19.9209
33 216 12 2.7167
33 217 2 0.4004
33 218 44 7.4197
33 220 4 0.7847
33 221 22 4.0361
33 222 11 2.3771
33 223 38 7.2107
33 224 2 0.3645
33 225 35 7.9554
33 227 1 0.2604
33 228 36 8.1697
33 232 73 19.1930
33 233 6 1.3877
33 234 8 1.5809
33 235 133 29.3344
33 236 4 0.8544
33 238 24 4.8121
33 240 49 10.0563
33 241 39 11.4056
33 242 19 6.1047
33 243 2 0.4107
33 244 368 137.1504
33 245 22 5.9975
33 246 11 2.5154
33 247 9 1.7997
33 248 33 8.5013
33 249 1 0.2155
33 250 3 0.7061
33 251 16 3.0488
33 252 26 7.3789
33 253 43 9.2418
33 254 4 0.9681
33 255 22 7.7818
33 256 11 2.4319
33 257 6 1.0409
33 260 19 4.3796
33 261 3 0.6842
33 263 13 2.9968
33 264 9 1.7678
33 266 39 7.9324
33 268 91 20.5496
33 269 3 0.6138
33 270 1 0.1923
33 271 20 4.3484
33 272 1 0.1789
33 273 1 0.2054
33 274 3 0.6135
33 275 18 3.8687
33 276 53 13.5831
33 277 16 2.9449
33 278 17 3.4886
33 280 3 0.6475
33 282 68 14.3503
33 283 232 85.3936
33 284 3 0.6201
33 286 35 7.4241
33 288 4 0.8616
33 289 6 1.1994
33 290 6 1.3626
33 291 53 12.0928
33 293 2 0.2894
33 294 25 4.7485
33 295 1 0.2859
33 297 59 12.1885
33 298 1 0.1589
33 299 94 29.1055
33 300 39 7.5092
33 301 258 74.9857
33 302 11 2.0920
33 303 2 0.6488
33 304 4 0.7527
33 305 13 2.4701
33 306 77 22.1246
33 307 53 11.8812
33 309 86 35.9147
33 310 45 7.5534
33 311 110 23.5951
33 313 6 0.9487
33 314 4 1.0105
33 315 17 3.6280
33 316 40 8.2521
33 317 18 3.1344
33 318 71 15.9033
33 319 2 0.3686
33 322 3 0.6886
33 323 21 4.4650
33 324 3 0.5365
33 325 22 4.4096
33 326 62 16.9588
33 327 85 17.3927
33 328 10 2.9960
33 329 33 5.6107
33 330 116 25.6312
33 333 8 1.3738
33 337 84 18.1987
33 338 21 4.0836
33 339 17 9.7311
33 340 188 61.0243
33 342 7 0.8470
33 343 23 4.4576
33 344 1 0.4362
33 345 10 3.0697
33 346 39 11.9754
33 347 11 1.9942
33 348 1 0.1278
33 349 2 0.3483
33 350 3 0.5643
33 351 31 6.5750
33 354 3 0.6103
33 356 8 1.5625
33 358 159 61.9682
33 359 7 1.4670
33 360 3 0.5973
33 362 85 17.2845
33 364 10 1.9809
33 365 91 21.5827
33 366 4 0.9036
33 367 47 9.8459
33 368 108 23.7641
33 369 1 0.2022
33 371 6 1.5361
33 372 1 0.2719
33 373 3 0.5613
33 374 59 13.2196
33 375 1 0.1542
33 376 25 4.9768
33 378 2 0.4428
33 380 126 26.6479
33 381 12 2.3168
34 0 7 2.1437
34 1 18 3.1808
34 3 12 3.8675
34 4 28 5.6269
34 5 3 0.4642
34 6 39 9.1971
34 7 29 6.7699
34 8 89 23.4394
34 9 4 1.1913
34 10 1 0.1720
34 12 5 0.9482
34 13 2 0.5415
34 14 9 1.9512
34 15 75 13.4608
34 16 3 0.5311
34 17 9 3.5681
34 19 8 1.6370
34 20 7 1.4001
34 21 5 1.2076
34 22 12 2.4467
34 24 17 3.7592
34 25 9 2.0593
34 26 3 0.7821
34 27 13 3.0320
34 28 16 3.2111
34 31 220 49.3079
34 32 70 16.5113
34 33 5 1.1289
34 34 9 1.8014
34 35 2 0.4211
34 37 1 0.1075
34 39 8 1.4083
34 41 2 0.3865
34 42 21 4.7889
34 43 101 20.8684
34 44 23 2.9289
34 45 12 2.2223
34 46 187 39.6255
34 47 8 1.7416
34 48 11 2.2980
34 49 22 4.4488
34 50 5 0.9944
34 52 6 1.1861
34 54 47 10.2751
34 55 3 0.9941
34 56 1 0.2469
34 57 10 1.9725
34 58 12 2.4832
34 60 11 2.1264
34 61 7 1.0099
34 62 7 1.6021
34 63 20 4.5142
34 64 2 0.4237
34 65 386 145.8275
34 66 15 2.7877
34 67 5 1.2527
34 68 20 4.8862
34 69 7 1.2099
34 70 4 0.7099
34 71 2 0.2116
34 72 1 0.1739
34 73 1 0.1470
34 74 75 16.0196
34 75 102 26.6321
34 76 4 0.9013
34 77 1 0.1486
34 78 44 8.7248
34 79 10 1.9865
34 80 56 23.4172
34 81 39 11.8062
34 82 40 8.8732
34 84 68 19.8832
34 85 4 0.8050
34 86 2 0.4083
34 87 2 0.3233
34 88 4 1.2599
34 89 6 1.1954
34 90 9 2.5806
34 91 2 0.3750
34 92 49 14.6793
34 94 83 26.3103
34 95 28 5.2596
34 96 33 7.7041
34 97 41 8.4213
34 98 3 0.5470
34 100 1 0.3143
34 101 316 70.4810
34 102 1 0.2106
34 103 47 12.5676
34 104 17 3.3649
34 105 31 6.4072
34 106 35 7.4000
34 107 15 3.1262
34 108 58 17.2290
34 109 8 2.0253
34 110 2 0.5811
34 111 18 4.0397
34 114 3 1.1358
34 115 8 2.2742
34 116 1 0.3055
34 117 208 64.0380
34 119 36 10.1959
34 120 50 9.3879
34 122 348 73.6510
34 123 3 0.5337
34 124 16 3.5011
34 125 69 15.3200
34 126 4 0.4560
34 127 6 1.5914
34 128 102 23.4518
34 129 30 6.4460
34 131 24 5.1597
34 132 2 0.3907
34 133 7 1.2220
34 134 148 30.6251
34 137 24 7.1825
34 138 361 128.2878
34 139 3 0.4162
34 140 30 5.9742
34 141 76 15.3311
34 142 65 13.7164
34 144 11 2.4438
34 146 47 20.0397
34 147 1 0.2296
34 148 63 13.7540
34 149 16 4.3411
34 150 11 2.6147
34 151 1 0.1280
34 152 20 6.1253
34 153 1 0.1764
34 155 57 12.1727
34 156 2 0.4275
34 158 35 6.7354
34 159 35 8.0442
34 160 9 2.0376
34 161 3 0.5072
34 162 32 7.1260
34 163 34 6.7871
34 164 24 7.9589
34 166 421 89.5916
34 167 75 17.3549
34 168 36 8.6871
34 169 1 0.1105
34 170 40 6.4516
34 171 2 0.4679
34 172 23 5.3918
34 173 7 1.1188
34 174 14 3.0735
34 175 21 4.2566
34 176 8 1.1862
34 177 45 9.3596
34 178 112 23.3850
34 179 17 4.8052
34 181 74 12.1922
34 182 4 0.7790
34 183 26 5.6674
34 185 35 7.8172
34 186 3 0.7092
34 187 19 4.3156
34 188 22 5.1095
34 190 36 7.6849
34 192 11 2.2506
34 193 84 17.2998
34 195 6 1.0543
34 196 35 6.6353
34 198 3 0.6411
34 199 4 0.6021
34 201 5 1.6509
34 203 29 7.9089
34 204 87 23.6948
34 206 12 2.7830
34 207 19 3.9178
34 208 16 3.2087
34 209 41 10.5836
34 210 2 0.4599
34 211 5 1.1694
34 213 24 4.8804
34 214 18 3.7377
34 215 13 2.5516
34 217 22 4.4159
34 218 32 11.9247
34 220 2 0.3882
34 221 12 4.9016
34 222 1 0.1555
34 223 17 5.4533
34 225 113 22.8015
34 227 25 4.8451
34 228 133 47.7056
34 229 21 4.5709
34 230 2 0.8566
34 231 9 1.9634
34 232 7 1.8136
34 233 11 2.0011
34 234 3 0.4824
34 235 3 1.0755
34 236 21 4.0231
34 237 3 0.5950
34 239 561 211.5720
34 240 1 0.2026
34 241 37 7.7021
34 242 3 0.5413
34 243 4 0.9067
34 245 13 3.1812
34 246 8 1.9474
34 247 2 0.3372
34 248 10 2.5767
34 249 6 1.6023
34 250 29 5.6581
34 251 11 1.6947
34 252 7 1.2511
34 253 18 2.4081
34 254 5 0.9945
34 255 11 2.3032
34 258 3 0.5678
34 259 291 67.2198
34 260 32 6.8910
34 261 115 27.4661
34 262 11 2.0190
34 263 38 7.2893
34 264 30 6.2981
34 265 5 1.1142
34 266 6 1.3121
34 268 107 62.4917
34 269 2 0.4766
34 270 34 5.9080
34 271 18 4.3820
34 273 1 0.1935
34 274 385 88.0051
34 275 541 122.9315
34 277 25 6.7926
34 278 39 7.6640
34 279 2 0.1803
34 280 5 1.1833
34 281 26 4.1200
34 284 7 1.4423
34 285 4 1.2222
34 286 13 2.7404
34 287 1 0.1388
34 288 74 17.2328
34 290 25 5.2242
34 291 15 3.2883
34 293 133 34.4820
34 294 3 0.5843
34 296 63 13.2069
34 298 2 0.3278
34 299 15 3.3141
34 300 1 0.2121
34 301 14 2.9963
34 304 4 0.8712
34 307 104 23.6687
34 308 26 6.8605
34 309 56 20.2499
34 310 6 1.2420
34 311 62 12.1755
34 312 1 0.2346
34 313 8 1.6250
34 315 1 0.1730
34 316 25 5.2719
34 317 123 30.3772
34 318 132 30.3866
34 319 101 25.0391
34 321 5 0.6654
34 322 3 0.5451
34 323 12 4.3098
34 324 43 13.1669
34 325 2 0.2960
34 326 14 3.1446
34 327 1 0.1097
34 328 12 4.5702
34 329 5 1.1206
34 330 3 0.6252
34 332 4 1.0829
34 333 17 3.5119
34 334 4 0.7029
34 335 35 9.7963
34 336 8 1.6559
34 337 149 31.3776
34 338 28 6.9686
34 339 6 1.2566
34 341 14 2.8299
34 342 54 12.6394
34 343 9 1.6298
34 344 4 0.6915
34 345 39 7.4142
34 346 15 3.9099
34 347 1 0.1326
34 348 14 2.6890
34 349 13 2.8270
34 350 1 0.2438
34 351 1 0.2178
34 352 75 14.1499
34 353 20 4.0304
34 354 60 11.4078
34 355 48 9.5686
34 356 39 7.8482
34 357 72 10.6506
34 358 10 1.9298
34 359 31 9.4200
34 360 25 5.1142
34 363 1 0.1864
34 365 51 11.4865
34 366 14 2.6617
34 368 18 4.0207
34 369 1 0.1945
34 370 3 0.9274
34 371 14 2.7513
34 372 13 2.7228
34 373 38 8.9024
34 374 4 1.1850
34 375 8 1.9527
34 376 11 2.2957
34 379 11 2.2003
34 380 21 4.6760
34 382 6 1.2154
34 383 2 0.4217
35 0 16 2.9383
35 1 4 0.8906
35 2 11 2.2404
35 3 18 4.3132
35 4 22 5.8527
35 5 4 0.9506
35 6 66 14.8731
35 8 1 0.2368
35 9 13 3.8645
35 11 157 34.1274
35 12 4 0.6865
35 13 11 2.1541
35 14 1 0.1609
35 15 103 22.9476
35 16 12 2.4694
35 17 14 3.6728
35 18 47 9.9546
35 19 81 17.8645
35 20 3 0.7014
35 22 2 0.3750
35 23 7 1.9146
35 24 5 1.2959
35 25 26 5.4711
35 26 13 3.4058
35 27 2 0.4338
35 28 15 2.8600
35 29 6 1.4095
35 30 7 1.4629
35 33 41 10.6304
35 34 125 34.1104
35 35 5 1.2582
35 36 14 3.7645
35 38 67 18.9334
35 39 3 0.6117
35 40 4 0.6604
35 41 133 29.1554
35 42 5 1.2521
35 43 2 0.1776
35 46 214 59.3008
35 47 6 1.4138
35 48 2 0.4408
35 49 7 1.7703
35 51 6 1.2715
35 52 10 2.4468
35 53 22 4.9906
35 54 10 1.8762
35 55 1 0.2329
35 58 66 19.2599
35 59 10 2.2223
35 60 1 0.1901
35 61 162 35.9525
35 62 50 10.0966
35 63 10 2.1426
35 66 2 0.3187
35 67 1 0.1583
35 68 46 10.3155
35 71 1 0.2022
35 72 1 0.0975
35 73 1 0.1562
35 75 114 33.3580
35 77 5 1.1648
35 78 11 2.3550
35 79 136 41.1407
35 80 23 6.2994
35 81 3 0.6555
35 82 5 0.9392
35 84 21 5.3636
35 85 7 1.8095
35 86 3 0.6270
35 87 6 1.5530
35 88 44 12.0340
35 90 4 0.6923
35 91 26 6.0319
35 92 23 6.3421
35 93 11 2.8331
35 94 5 1.3912
35 97 1 0.2083
35 98 33 8.2036
35 100 7 1.3103
35 101 2 0.4565
35 102 20 6.7279
35 103 199 40.9747
35 104 93 24.6244
35 105 4 0.7817
35 106 5 1.3881
35 107 9 1.9138
35 108 1 0.1342
35 109 1 0.1644
35 110 49 10.3472
35 111 80 16.5174
35 112 20 5.1621
35 113 5 0.8604
35 115 2 0.3587
35 116 34 9.5061
35 117 26 4.2522
35 118 283 80.0674
35 119 49 13.7220
35 120 6 1.2926
35 121 12 2.7030
35 122 40 8.9926
35 124 21 4.2126
35 125 8 1.8691
35 126 16 3.4887
35 127 36 11.7061
35 129 3 0.5593
35 130 7 1.3377
35 131 94 20.8587
35 132 15 2.9154
35 133 5 0.8320
35 134 11 2.5458
35 135 9 1.9739
35 136 3 0.8100
35 138 1 0.1514
35 139 11 2.3767
35 140 19 4.4082
35 141 47 12.7468
35 144 75 20.1674
35 145 2 0.3592
35 146 91 21.0748
35 147 13 3.8526
35 149 4 0.8810
35 151 16 3.0824
35 152 10 2.6180
35 153 133 28.4937
35 154 38 8.8209
35 155 30 7.2943
35 157 20 4.1055
35 158 2 0.5188
35 159 2 0.2097
35 160 4 0.7710
35 161 29 6.1427
35 162 104 21.3842
35 163 110 22.4595
35 164 22 3.7285
35 165 2 0.6750
35 166 17 4.6090
35 167 4 0.6938
35 168 1 0.2395
35 169 1 0.2108
35 170 5 0.9081
35 171 71 16.4262
35 172 3 0.6122
35 173 2 0.3932
35 174 37 8.7253
35 176 4 0.9078
35 177 121 45.4035
35 178 104 24.5031
35 180 59 12.5234
35 181 5 0.9344
35 182 27 6.6974
35 184 11 2.0417
35 187 5 1.0181
35 190 6 1.2435
35 191 38 8.7064
35 193 101 26.4054
35 194 26 6.8605
35 195 5 0.9185
35 196 27 5.2617
35 197 6 1.3583
35 199 60 18.1213
35 201 49 9.7850
35 203 37 8.5233
35 204 3 0.3786
35 205 13 3.3163
35 206 89 24.3027
35 207 7 1.4222
35 209 6 1.0720
35 210 98 21.4708
35 211 12 3.0656
35 212 3 0.7673
35 213 2 0.4822
35 215 493 141.6723
35 216 6 1.3572
35 217 3 0.6147
35 218 18 4.9224
35 219 7 1.2753
35 221 39 8.1103
35 222 1 0.1445
35 223 1 0.1901
35 224 89 20.4204
35 225 41 7.6505
35 227 2 0.3515
35 228 3 0.5984
35 229 66 14.4673
35 230 2 0.4835
35 232 9 2.1918
35 233 26 7.2146
35 234 18 6.0322
35 236 5 1.2044
35 237 21 4.2882
35 238 22 4.7773
35 239 2 0.4017
35 240 24 5.2081
35 241 1 0.1858
35 243 2 0.3566
35 244 2 0.4900
35 245 5 0.8859
35 246 8 1.6501
35 247 8 1.6202
35 248 16 3.3929
35 250 7 2.9793
35 251 15 3.1403
35 252 30 7.1501
35 253 4 0.7912
35 254 32 7.7627
35 255 4 0.7016
35 256 4 0.9441
35 258 3 0.4991
35 259 57 12.7342
35 260 7 1.4445
35 261 10 1.7420
35 262 153 36.1808
35 263 20 4.1538
35 264 14 2.8159
35 266 43 9.4208
35 267 45 15.4137
35 270 25 5.1858
35 271 24 5.4895
35 272 4 0.8639
35 273 35 9.3465
35 275 112 25.4003
35 276 25 4.9981
35 277 62 13.4595
35 278 1 0.1432
35 279 52 11.9539
35 280 15 3.8166
35 281 53 15.4132
35 282 13 2.6688
35 284 22 4.7932
35 286 118 25.6683
35 287 14 2.6910
35 289 3 0.8238
35 292 19 4.6061
35 293 453 183.7237
35 295 18 4.5625
35 296 8 2.7309
35 298 37 7.9211
35 299 20 4.3981
35 300 21 7.5151
35 302 6 1.1023
35 303 20 4.5823
35 304 12 4.2388
35 305 97 25.8624
35 306 295 71.5857
35 307 37 8.0255
35 308 3 0.6546
35 309 25 5.1069
35 310 5 1.0108
35 311 134 30.3509
35 312 15 4.4642
35 313 59 14.9957
35 314 3 0.4086
35 315 137 31.7713
35 316 19 4.5574
35 317 5 0.8958
35 319 7 1.9647
35 320 4 0.9185
35 321 5 1.2493
35 322 9 2.0853
35 323 3 0.5462
35 324 233 52.9815
35 326 31 6.7236
35 328 27 7.2581
35 329 2 0.1459
35 330 6 1.2131
35 331 1 0.1843
35 332 41 10.4046
35 333 140 30.6475
35 334 67 16.7413
35 335 117 24.9439
35 336 1 0.3539
35 337 1 0.1829
35 338 15 3.5950
35 339 64 14.0418
35 340 6 1.4578
35 342 1 0.1962
35 343 9 1.8612
35 344 64 15.4734
35 345 3 0.6321
35 346 25 5.4600
35 347 104 30.4684
35 348 55 13.2253
35 349 3 0.5697
35 350 26 7.5817
35 351 4 0.8907
35 352 19 5.1716
35 353 51 11.8348
35 354 3 0.3316
35 355 193 44.2771
35 356 25 4.8770
35 357 8 1.9610
35 358 1 0.1443
35 359 173 43.7340
35 361 11 2.1579
35 362 41 9.4174
35 363 19 4.4394
35 365 285 68.5340
35 366 23 11.8336
35 367 11 2.3225
35 369 13 2.5479
35 371 5 1.0225
35 373 14 3.4981
35 374 24 5.3144
35 376 4 0.8717
35 377 14 2.9686
35 378 1 0.0171
35 379 7 1.6499
35 381 3 0.7576
35 382 17 3.7840
35 383 22 4.6956
36 0 9 1.7081
36 1 13 2.2457
36 3 19 3.6539
36 4 74 24.2034
36 5 3 0.5448
36 6 3 0.5676
36 7 22 10.1973
36 8 3 0.7792
36 9 12 2.1980
36 10 1 0.1741
36 11 4 0.5905
36 12 19 3.8812
36 13 12 3.0889
36 14 3 0.5128
36 15 2 0.3707
36 16 25 5.6745
36 17 6 1.5966
36 18 39 6.9453
36 21 7 1.6594
36 22 119 23.2103
36 23 5 1.3253
36 24 3 0.4791
36 25 10 2.4981
36 26 17 3.7531
36 27 1 0.1898
36 28 108 21.3850
36 29 15 3.5072
36 30 10 1.6727
36 32 16 3.1619
36 34 6 1.0442
36 35 12 2.4258
36 36 24 7.2098
36 37 1 0.2110
36 38 6 1.1509
36 40 22 4.2362
36 41 29 5.8464
36 42 60 11.4428
36 43 77 15.3669
36 44 8 2.0133
36 45 14 2.4635
36 46 13 2.5143
36 47 26 6.9438
36 50 35 6.9377
36 51 14 2.7617
36 52 34 8.3272
36 53 18 4.5760
36 55 6 1.1286
36 56 214 39.0049
36 57 12 2.6352
36 58 26 5.1372
36 59 114 27.7618
36 61 2 0.5036
36 62 2 0.3512
36 63 32 8.2673
36 64 23 3.7567
36 65 6 1.4181
36 66 2 0.2783
36 67 7 2.1603
36 69 74 14.1508
36 70 2 0.5124
36 72 3 0.9471
36 73 13 2.9915
36 76 4 0.6786
36 78 5 0.8943
36 79 13 2.3645
36 80 120 32.2831
36 82 108 22.1479
36 83 47 9.6172
36 84 2 0.5710
36 85 12 7.3494
36 87 10 1.8134
36 88 1 0.1602
36 91 19 3.1440
36 92 1 0.1447
36 93 39 8.0200
36 94 37 7.5325
36 95 8 1.8060
36 96 2 0.3227
36 97 1 0.1878
36 98 36 11.7710
36 99 29 8.8242
36 100 7 1.5730
36 101 26 6.2166
36 102 5 0.9858
36 103 17 4.0538
36 106 4 0.7282
36 107 9 2.7801
36 108 6 1.2068
36 110 4 0.4049
36 111 7 0.9528
36 112 10 3.0546
36 113 5 1.3591
36 114 216 45.3022
36 117 1 0.1970
36 118 1 0.1351
36 119 2 0.4721
36 121 27 5.4088
36 123 14 3.2021
36 124 1 0.2103
36 125 23 4.2212
36 126 5 0.8054
36 128 1 0.2328
36 129 4 0.9679
36 130 16 3.9202
36 133 1 0.1626
36 134 41 10.2152
36 135 16 3.2512
36 136 2 0.3139
36 137 5 0.8035
36 138 11 3.1022
36 139 28 6.8387
36 140 3 0.5142
36 142 14 3.6609
36 144 1 0.2452
36 146 20 3.9967
36 147 2 0.4563
36 148 147 29.7646
36 149 1 0.2097
36 150 4 0.8141
36 152 5 1.3641
36 153 2 0.3712
36 154 2 0.3750
36 155 3 0.4923
36 156 1 0.1597
36 157 48 12.0985
36 158 95 19.0896
36 159 26 8.1526
36 160 20 3.8804
36 161 1 0.1714
36 162 5 0.8482
36 163 1 0.2019
36 164 2 0.4798
36 165 20 5.6101
36 166 7 1.3859
36 169 9 1.9539
36 170 10 2.2595
36 171 30 6.8101
36 172 149 36.6524
36 173 6 1.0058
36 174 12 2.4560
36 175 1 0.2057
36 176 3 0.4641
36 177 14 3.1034
36 178 2 0.4120
36 179 1 0.2501
36 180 1 0.1505
36 181 3 0.6523
36 182 76 17.7137
36 183 29 5.6361
36 184 26 8.2487
36 185 7 1.1467
36 186 1 0.2132
36 187 50 19.8703
36 189 15 3.2711
36 190 91 18.5231
36 191 15 2.8840
36 192 17 3.8811
36 195 14 4.1156
36 196 7 1.9220
36 197 243 45.4463
36 199 1 0.2384
36 200 4 0.4812
36 201 39 8.6499
36 202 81 30.9679
36 203 1 0.1471
36 204 40 7.9794
36 205 5 0.9676
36 207 10 1.5253
36 208 1 0.2157
36 209 15 3.1826
36 210 3 0.6434
36 211 21 4.1334
36 212 25 7.2054
36 213 1 0.2159
36 214 4 0.5920
36 215 2 0.0000
36 217 37 7.7415
36 218 1 0.1386
36 219 10 1.8850
36 220 28 6.4643
36 221 2 0.0000
36 222 80 15.7372
36 223 18 4.7287
36 224 3 0.4732
36 225 1 0.2203
36 227 69 16.0146
36 228 13 2.9431
36 229 47 9.4422
36 230 7 1.2993
36 231 148 29.8832
36 232 2 0.4291
36 233 78 27.7004
36 234 4 1.8508
36 235 1 0.1728
36 236 32 7.3454
36 238 36 9.0659
36 239 2 0.4896
36 240 15 2.9723
36 242 8 2.6131
36 244 40 17.5723
36 245 6 1.2220
36 246 25 4.1588
36 247 46 8.5837
36 248 14 3.7960
36 250 13 4.6366
36 252 29 5.5679
36 253 287 60.2740
36 255 2 0.4446
36 256 2 0.3965
36 257 52 24.8819
36 258 24 5.1935
36 259 2 0.5375
36 260 14 2.7815
36 262 15 3.7703
36 263 22 4.3220
36 264 12 2.4755
36 265 13 2.8842
36 266 4 0.6568
36 268 51 10.7571
36 269 1 0.2189
36 270 10 2.2615
36 271 6 2.1230
36 272 26 7.1579
36 273 134 37.9462
36 274 24 4.5231
36 276 17 3.2374
36 277 123 41.0271
36 279 142 33.3955
36 280 32 5.7239
36 281 4 1.0186
36 282 7 1.1466
36 284 117 23.6798
36 285 1 0.1709
36 287 15 3.0813
36 288 39 7.3303
36 289 60 16.2478
36 290 4 1.1196
36 291 10 2.3312
36 292 33 11.0536
36 293 5 1.0279
36 294 21 3.9743
36 296 10 1.8916
36 298 3 0.6195
36 299 26 5.2802
36 301 99 18.9169
36 302 210 49.7715
36 303 2 0.4113
36 304 19 4.0095
36 305 81 16.1091
36 306 79 16.7704
36 307 30 10.4993
36 308 4 0.7876
36 310 17 3.0218
36 311 15 3.4432
36 312 3 0.5848
36 313 854 295.5014
36 314 44 9.8265
36 315 3 0.4869
36 316 34 5.7981
36 317 16 3.1616
36 318 67 12.8382
36 319 4 0.7599
36 320 27 4.5319
36 322 89 22.8812
36 323 96 19.7370
36 324 17 5.9346
36 325 20 6.8562
36 326 6 0.8900
36 327 12 2.3291
36 329 239 48.6291
36 330 4 0.8646
36 333 12 2.6525
36 334 2 0.4175
36 336 10 2.2717
36 337 28 7.4119
36 339 77 22.2092
36 340 55 11.8872
36 342 108 23.3192
36 343 42 9.5895
36 344 1 0.1389
36 345 1 0.2099
36 346 479 210.8521
36 348 14 2.5045
36 349 8 2.1294
36 350 68 14.8130
36 353 3 0.7553
36 354 189 46.0103
36 355 21 5.0504
36 356 2 0.4999
36 357 5 1.4562
36 359 89 17.7872
36 360 2 0.3181
36 361 53 10.1765
36 362 1 0.2171
36 363 23 6.8981
36 366 29 7.0141
36 367 18 4.1005
36 368 20 3.7065
36 369 30 8.4833
36 371 4 0.7631
36 372 25 6.4649
36 373 62 16.2328
36 374 64 11.6202
36 377 2 0.3569
36 379 6 1.6884
36 380 20 5.0825
36 381 19 3.4388
36 382 9 1.7367
37 0 2 0.3977
37 1 119 25.2589
37 2 23 4.9734
37 3 17 3.8397
37 4 28 5.9108
37 5 91 22.3131
37 6 75 17.4766
37 7 14 3.4443
37 8 43 9.9411
37 9 22 5.1847
37 10 17 3.9684
37 11 6 1.1627
37 12 19 4.7266
37 13 16 3.2418
37 14 12 3.1423
37 15 16 2.9412
37 16 15 3.7106
37 17 1 0.2926
37 18 5 1.0078
37 19 117 25.4572
37 20 12 2.7409
37 21 25 4.7735
37 22 15 3.1218
37 23 23 8.6122
37 24 3 0.5414
37 26 164 58.2025
37 27 4 0.6903
37 28 12 2.2831
37 29 3 0.7763
37 30 68 28.6315
37 31 7 1.8450
37 32 30 7.6254
37 33 18 3.5662
37 34 23 6.5339
37 35 5 0.7497
37 36 9 1.9943
37 37 73 17.8398
37 38 34 6.1758
37 39 42 9.9017
37 40 24 5.0247
37 42 14 3.3421
37 43 29 9.3573
37 45 17 3.4195
37 46 23 7.5330
37 47 11 2.1982
37 49 2 0.3835
37 50 18 3.6384
37 51 31 5.8974
37 52 4 0.7550
37 53 51 17.1710
37 54 39 7.9283
37 55 26 7.6891
37 56 80 20.2155
37 58 44 10.5558
37 59 30 6.2034
37 60 10 1.9150
37 61 23 4.9718
37 62 1 0.1259
37 64 10 1.6921
37 65 10 1.8131
37 66 8 2.1213
37 67 68 15.3579
37 68 36 14.7303
37 69 6 1.0165
37 70 20 4.2837
37 71 135 30.3533
37 72 34 7.6159
37 73 15 4.3283
37 74 9 1.8866
37 75 6 1.0661
37 76 26 4.9500
37 77 1 0.1673
37 78 32 12.5481
37 79 11 2.6918
37 81 4 0.5526
37 82 14 3.7793
37 83 41 16.2729
37 84 17 4.9095
37 85 8 3.5346
37 89 6 1.2406
37 90 6 1.0528
37 91 3 0.5983
37 93 5 0.8855
37 95 27 7.1293
37 97 11 2.7831
37 98 2 0.3485
37 99 1 0.0672
37 100 47 17.9879
37 101 7 1.4240
37 102 94 33.2604
37 103 53 10.8853
37 104 14 3.1081
37 105 87 31.9513
37 106 1 0.1457
37 107 12 2.2505
37 109 2 0.4877
37 110 27 8.2586
37 112 24 6.3238
37 113 15 3.0654
37 114 1 0.1707
37 116 5 1.4419
37 117 16 3.1005
37 118 15 4.4822
37 119 40 6.8783
37 121 28 7.3757
37 123 29 7.7597
37 124 39 9.8378
37 125 20 3.4523
37 126 11 2.6649
37 127 8 1.8491
37 128 74 24.0790
37 129 10 2.1430
37 130 48 10.0311
37 131 21 4.2110
37 132 37 7.8048
37 134 1 0.2238
37 135 62 15.1247
37 136 10 2.7284
37 137 1 0.1626
37 138 71 14.1007
37 140 17 3.9079
37 141 13 3.6348
37 142 1 0.1766
37 143 2 0.3608
37 144 32 8.1258
37 145 5 1.0221
37 147 12 2.2429
37 148 24 5.2724
37 150 1 0.2093
37 154 11 2.1912
37 155 7 1.4952
37 156 15 3.4494
37 157 29 7.0342
37 158 20 3.7019
37 159 4 0.8064
37 160 83 21.1552
37 161 26 6.2050
37 162 8 1.8310
37 163 62 13.0183
37 164 1 0.1263
37 165 73 15.3952
37 166 14 3.0592
37 167 24 5.1600
37 168 65 12.5379
37 169 10 1.7814
37 170 6 1.3463
37 171 13 4.1791
37 172 10 1.9389
37 173 2 0.2904
37 174 81 23.3298
37 176 34 9.9191
37 177 95 21.0838
37 178 8 1.7415
37 179 71 15.7588
37 180 6 1.1225
37 181 129 30.9265
37 182 20 7.3018
37 183 5 1.1314
37 184 8 1.4766
37 185 2 0.3524
37 186 44 10.1869
37 187 1 0.2161
37 188 29 5.8945
37 189 31 8.4373
37 190 5 0.9512
37 191 2 0.4342
37 194 23 5.9689
37 195 4 0.8867
37 196 3 0.6195
37 197 26 10.1417
37 198 8 1.8486
37 201 4 0.6985
37 202 7 1.8034
37 203 1 0.2144
37 204 13 2.3362
37 205 19 3.9897
37 206 3 0.8612
37 207 2 0.3560
37 208 69 13.7738
37 209 30 6.2995
37 210 2 0.3698
37 214 109 24.0667
37 216 1 0.2179
37 217 71 13.9452
37 218 53 11.6743
37 219 50 9.4008
37 220 4 0.7475
37 222 1 0.2184
37 224 40 14.0403
37 225 103 19.2329
37 227 59 13.2870
37 228 2 0.3316
37 230 25 6.2002
37 231 1 0.2054
37 232 15 4.2110
37 233 138 29.3805
37 234 160 33.8767
37 235 3 0.4189
37 236 5 0.8378
37 237 6 1.2688
37 238 19 5.1411
37 239 4 1.2673
37 240 23 4.9896
37 242 9 1.7872
37 243 2 0.4885
37 245 11 6.7279
37 246 28 5.3532
37 247 3 0.5371
37 248 9 2.4877
37 249 6 1.2775
37 250 6 2.0668
37 252 3 0.5182
37 253 9 1.9028
37 254 3 1.0557
37 255 7 1.6171
37 256 62 15.6543
37 257 15 3.5007
37 258 44 9.7580
37 259 16 5.0008
37 260 2 0.4677
37 261 1 0.1765
37 262 6 1.5525
37 263 7 2.1866
37 264 1 0.1464
37 265 79 18.0156
37 266 6 1.5471
37 267 19 4.1674
37 268 19 4.2642
37 269 2 0.6933
37 270 6 1.1399
37 271 51 10.3566
37 272 42 12.2215
37 273 11 4.7307
37 274 1 0.2036
37 275 47 15.0979
37 276 11 2.4299
37 277 1 0.2466
37 278 4 0.8697
37 279 100 20.5143
37 280 3 1.0661
37 281 14 3.5040
37 282 127 29.1567
37 284 1 0.2078
37 285 17 5.6494
37 286 15 3.6398
37 287 131 42.9251
37 288 8 2.1755
37 289 8 1.4841
37 292 66 13.9128
37 295 4 0.9534
37 296 27 6.0617
37 297 11 2.3330
37 298 55 13.4038
37 300 25 5.6484
37 301 5 0.8820
37 302 11 2.8811
37 304 50 10.1344
37 305 2 0.3347
37 307 19 7.1157
37 308 24 5.4381
37 310 29 7.6783
37 311 20 5.1947
37 314 1 0.1593
37 315 54 13.2282
37 316 18 4.4670
37 317 12 2.9574
37 318 7 1.6093
37 319 2 0.4386
37 320 1 0.2067
37 321 15 3.7121
37 322 66 27.8602
37 324 1 0.2310
37 327 3 0.5848
37 328 1 0.0732
37 329 15 3.0269
37 330 84 18.4144
37 331 12 2.3441
37 333 19 6.5299
37 334 20 3.9596
37 335 1 0.0888
37 336 7 1.1362
37 337 3 0.7135
37 338 4 0.9203
37 339 212 46.7595
37 340 6 0.6612
37 341 35 11.3785
37 343 49 16.7137
37 344 56 12.8619
37 345 63 12.6093
37 346 35 6.5493
37 347 5 1.0546
37 348 2 1.1555
37 349 3 0.7599
37 350 16 3.2324
37 351 2 0.4088
37 352 9 1.9501
37 354 61 17.8922
37 355 1 0.3106
37 357 8 1.3190
37 358 49 16.7045
37 359 161 34.9675
37 360 31 9.5661
37 361 20 4.6227
37 363 1 0.1754
37 364 10 1.6627
37 365 3 0.7690
37 366 27 6.2049
37 367 10 3.1339
37 368 8 1.5408
37 369 6 1.4930
37 370 20 7.1744
37 371 5 0.9869
37 372 64 12.8046
37 373 16 3.9661
37 374 12 2.4812
37 375 10 3.2373
37 377 36 10.1785
37 378 21 4.4154
37 379 3 0.6283
37 380 799 209.4145
37 381 127 40.2555
37 382 13 2.8104
38 0 16 4.4983
38 1 12 3.0782
38 2 19 3.5335
38 4 8 1.3249
38 6 28 9.4540
38 7 25 4.4608
38 9 14 2.7350
38 10 2 0.3957
38 11 1 0.1909
38 12 54 11.6981
38 13 63 15.2070
38 14 2 0.2899
38 15 3 0.6004
38 16 8 1.3012
38 17 34 6.9936
38 18 34 6.3090
38 19 28 8.6005
38 20 19 8.5217
38 21 94 20.3341
38 23 8 1.4610
38 24 365 96.9742
38 25 8 1.8440
38 26 33 7.4146
38 28 58 12.4892
38 29 3 0.6879
38 30 108 32.7825
38 31 33 10.3999
38 32 5 0.8848
38 33 16 7.3348
38 35 28 7.3080
38 38 8 1.5505
38 40 24 6.0109
38 41 12 2.0129
38 43 15 6.7419
38 44 5 1.4201
38 47 1 0.1051
38 48 1 0.1877
38 49 31 6.1636
38 50 25 7.2552
38 51 5 1.1929
38 53 41 7.9013
38 54 16 4.9224
38 55 30 5.9816
38 56 2 0.4290
38 58 30 6.3011
38 59 73 16.0773
38 60 19 4.5496
38 61 29 5.3934
38 62 7 2.4615
38 63 7 1.0889
38 64 27 9.9672
38 65 5 1.0150
38 66 3 0.5581
38 67 87 22.5960
38 68 11 2.1415
38 69 20 4.2659
38 70 167 59.8538
38 71 11 2.3450
38 73 16 2.8303
38 74 4 0.6253
38 75 54 16.7183
38 76 3 0.8326
38 79 33 6.3433
38 80 104 32.4060
38 81 18 3.1811
38 82 6 1.1802
38 83 26 5.4548
38 84 2 0.3635
38 85 2 0.5285
38 86 18 4.0940
38 87 10 2.7551
38 88 280 66.6223
38 90 23 7.2006
38 91 38 11.1316
38 93 91 16.9678
38 94 10 2.6496
38 95 39 8.3481
38 96 5 1.2124
38 97 236 53.4351
38 98 65 13.1167
38 99 6 0.8953
38 100 6 0.9902
38 101 6 1.7090
38 103 10 2.2783
38 104 16 2.8097
38 105 43 7.4623
38 108 56 10.8117
38 109 1 0.1871
38 110 35 12.4097
38 112 3 0.4983
38 114 1 0.4545
38 115 49 9.7364
38 116 31 5.5767
38 117 53 13.6210
38 118 20 3.6277
38 119 2 0.4947
38 120 1 0.2243
38 121 3 2.7196
38 122 14 2.7865
38 125 61 11.6545
38 126 5 1.0300
38 127 3 0.5410
38 130 1 0.1531
38 131 72 16.0832
38 132 1 0.1774
38 133 39 7.2147
38 134 77 18.6715
38 137 7 1.1543
38 138 5 0.8002
38 139 181 37.2914
38 140 7 1.0631
38 141 131 28.2596
38 142 1 0.2148
38 144 21 5.9284
38 145 24 4.8841
38 146 2 0.3159
38 147 39 6.9869
38 148 12 2.1355
38 149 4 0.7502
38 150 24 5.2204
38 151 37 8.2716
38 152 85 22.9989
38 153 48 9.2907
38 155 15 2.6275
38 157 8 1.3348
38 158 37 9.8098
38 159 26 6.0652
38 160 2 0.5187
38 162 9 2.0911
38 163 4 0.7366
38 164 2 0.2958
38 165 5 0.7429
38 167 87 21.9337
38 168 5 0.9543
38 169 62 17.8045
38 170 46 7.9243
38 171 9 1.4810
38 172 9 1.5596
38 173 60 12.0330
38 174 7 1.4103
38 176 26 6.9248
38 177 22 5.8891
38 178 2 0.5667
38 179 17 3.8992
38 181 18 3.3200
38 182 6 0.9397
38 183 18 5.0322
38 185 7 1.5070
38 186 19 3.9532
38 187 30 5.4903
38 188 23 3.4785
38 189 31 5.6528
38 190 14 3.6389
38 191 31 8.5982
38 192 21 4.9610
38 193 64 22.5923
38 195 16 2.3280
38 196 31 8.7117
38 197 46 11.5482
38 198 1 0.1922
38 199 6 1.0582
38 201 35 11.4064
38 202 4 1.0865
38 203 1 0.2290
38 204 3 0.7504
38 205 5 1.4130
38 206 11 1.6912
38 207 26 6.4978
38 208 38 10.0423
38 209 6 1.3257
38 210 15 4.2108
38 211 2 0.5045
38 212 3 0.3867
38 213 3 0.6777
38 215 14 3.0150
38 216 15 2.6121
38 217 12 4.8731
38 218 1 0.1016
38 219 227 62.2729
38 220 15 2.3114
38 222 2 0.3125
38 224 2 0.4557
38 225 6 1.1765
38 226 119 24.5106
38 227 32 10.4978
38 228 8 1.0499
38 229 2 0.3640
38 230 104 29.5877
38 231 7 1.9624
38 232 1 0.2109
38 234 11 5.2741
38 235 14 2.5022
38 236 33 9.0369
38 237 30 11.7653
38 239 85 16.8230
38 240 19 4.0692
38 241 1 0.1927
38 242 33 11.0939
38 243 1 0.1725
38 245 2 0.5230
38 246 152 49.8053
38 247 12 2.3143
38 249 44 8.7526
38 250 63 27.8831
38 251 6 1.4175
38 253 5 0.9761
38 254 51 15.3244
38 255 2 0.4814
38 256 13 2.5964
38 257 38 9.2453
38 258 21 7.2407
38 259 2 0.4254
38 260 39 11.1806
38 261 8 1.4125
38 263 8 1.6218
38 264 76 27.6687
38 265 74 20.6205
38 267 1 0.0802
38 268 56 13.7157
38 269 4 0.7527
38 270 5 0.9971
38 271 1 0.2602
38 272 13 2.2899
38 273 91 31.8641
38 274 1 0.1778
38 276 12 4.9643
38 277 101 22.6547
38 278 12 3.4544
38 279 2 0.4112
38 280 5 1.3924
38 281 28 5.2110
38 282 28 8.3424
38 283 25 4.9265
38 284 1 0.1427
38 285 6 1.2468
38 286 6 1.9123
38 287 6 1.0443
38 288 25 6.3657
38 289 85 23.4512
38 291 6 1.0803
38 292 19 3.4628
38 293 8 2.1131
38 294 2 0.3158
38 295 22 3.7793
38 296 57 12.3399
38 298 3 0.6219
38 300 7 1.3585
38 301 7 1.8213
38 302 12 2.5545
38 303 8 1.8721
38 305 17 4.6364
38 306 12 2.1213
38 307 2 0.5578
38 308 1 0.2101
38 309 50 18.2732
38 310 4 0.6507
38 311 13 2.4959
38 313 1 0.1134
38 314 9 2.4138
38 315 4 0.8082
38 316 30 5.6848
38 317 8 1.4232
38 318 44 9.2706
38 319 11 2.0137
38 320 6 1.5463
38 321 5 1.3717
38 322 82 22.6809
38 323 9 3.4515
38 325 15 4.5782
38 326 5 1.2513
38 328 19 3.7969
38 329 1 0.2400
38 331 1 0.2139
38 332 26 9.2861
38 333 1 0.2219
38 334 7 1.4608
38 335 27 5.0912
38 336 1 0.1641
38 337 5 0.8923
38 338 2 0.4628
38 339 12 3.2808
38 340 11 2.8078
38 342 36 7.2812
38 343 2 0.3868
38 344 8 1.2299
38 345 14 5.5711
38 346 1 0.1792
38 347 14 3.2772
38 349 1 0.1722
38 350 21 3.9850
38 351 36 13.0660
38 352 9 1.9452
38 353 37 8.7979
38 354 13 2.7088
38 355 11 2.5159
38 356 4 0.7264
38 357 10 4.2721
38 359 2 0.2779
38 360 10 1.8351
38 361 25 6.4736
38 363 58 19.7851
38 364 5 1.0336
38 365 1 0.1921
38 366 15 2.6298
38 367 2 0.2559
38 368 8 2.2325
38 369 61 11.9713
38 370 199 41.3613
38 371 9 1.8262
38 373 6 1.1088
38 374 2 0.2708
38 375 39 11.6140
38 376 6 1.2014
38 378 17 5.4707
38 379 19 4.2371
38 380 7 3.2189
38 381 1 0.1482
38 382 7 1.1887
38 383 1 0.0000
39 0 47 8.1048
39 1 28 5.3666
39 2 2 0.3198
39 3 1 0.1042
39 4 82 29.2531
39 5 2 0.2826
39 6 24 4.0047
39 7 94 54.3372
39 8 73 11.0018
39 9 1 0.2749
39 10 4 1.0602
39 11 1 0.0471
39 12 4 0.4371
39 13 7 1.2088
39 14 88 45.8078
39 15 14 4.8041
39 18 72 13.6408
39 19 7 0.9429
39 20 55 11.7303
39 21 5 0.7612
39 22 2 0.1635
39 23 15 0.6548
39 24 31 5.2366
39 25 6 1.6764
39 26 17 4.0697
39 27 66 19.2357
39 28 7 0.3762
39 30 24 5.5658
39 31 4 1.0968
39 32 5 0.8050
39 33 18 3.0460
39 35 19 3.6154
39 36 6 0.9788
39 37 10 1.1223
39 38 7 1.1343
39 40 1 0.0605
39 41 4 0.3797
39 42 4 0.9852
39 45 5 0.8261
39 47 23 4.2860
39 48 18 1.2393
39 50 11 1.7218
39 51 109 19.6107
39 52 10 1.4715
39 53 1 0.1451
39 54 106 31.8971
39 55 86 16.2292
39 56 5 0.8543
39 58 52 9.6864
39 59 7 1.4655
39 60 1 0.0952
39 61 22 2.1711
39 62 2 0.2507
39 63 1 0.0705
39 64 24 2.9871
39 65 4 2.1809
39 66 53 14.1548
39 67 1 0.1291
39 68 8 1.1478
39 69 22 3.4160
39 70 22 7.3736
39 71 1 0.1597
39 72 45 11.0237
39 73 18 2.7264
39 75 1 0.1433
39 76 5 0.6886
39 78 9 1.2369
39 80 77 15.5783
39 81 8 3.1426
39 82 10 3.6864
39 83 39 10.8848
39 84 11 3.2666
39 85 23 5.3423
39 86 7 0.8853
39 87 49 21.8017
39 90 2 0.2995
39 91 274 76.2082
39 92 60 17.0702
39 93 7 1.0116
39 94 2 0.3291
39 95 3 0.3355
39 96 32 7.4179
39 97 49 14.9765
39 98 12 1.5319
39 99 15 4.3061
39 100 6 0.9730
39 101 16 3.5063
39 102 18 4.0205
39 103 35 14.8139
39 104 1 0.1661
39 106 7 1.5602
39 107 5 0.7193
39 109 34 10.0604
39 110 6 1.3181
39 111 3 1.4138
39 112 16 4.3144
39 115 5 1.0885
39 116 22 4.7967
39 117 14 2.1254
39 118 30 9.1113
39 119 20 5.8094
39 121 6 0.7797
39 122 5 0.7937
39 123 14 2.5962
39 124 3 0.6321
39 125 48 16.9098
39 126 18 2.9013
39 127 2 0.2251
39 131 22 4.0934
39 132 1 0.0806
39 133 130 28.2432
39 134 3 0.4332
39 135 22 3.6296
39 136 6 1.0492
39 138 2 0.2224
39 139 4 0.3652
39 141 35 14.2840
39 142 4 0.6968
39 144 34 6.8585
39 145 21 3.9536
39 146 91 16.6410
39 147 1 0.1952
39 148 1 0.2193
39 149 49 8.0624
39 150 3 0.3427
39 151 47 11.6930
39 152 15 2.6291
39 153 5 0.6468
39 155 85 19.9164
39 156 25 6.1075
39 157 2 0.4720
39 158 1 0.1452
39 159 46 8.7001
39 160 135 25.2340
39 161 5 0.6749
39 163 1 0.2076
39 164 6 1.2618
39 165 3 0.4285
39 166 26 3.0117
39 167 2 0.2720
39 168 31 9.4269
39 169 15 2.6860
39 170 46 5.6796
39 172 35 5.7000
39 173 19 3.7235
39 175 4 0.4113
39 176 17 2.4896
39 178 6 4.9294
39 179 38 6.5101
39 181 19 3.8394
39 182 3 0.9002
39 183 1 0.0077
39 184 32 4.9695
39 185 16 2.9086
39 187 5 0.6825
39 188 4 5.9976
39 189 34 9.1134
39 190 73 22.4449
39 191 8 1.0433
39 193 7 1.0500
39 194 13 2.3596
39 195 21 4.0655
39 196 18 3.5541
39 198 19 3.6392
39 199 4 0.5013
39 200 24 12.3600
39 201 4 0.4210
39 202 96 18.7272
39 203 79 21.6089
39 204 13 1.9127
39 205 52 13.1572
39 206 9 0.8752
39 207 12 2.6541
39 208 71 12.5671
39 209 4 0.4000
39 210 18 1.9294
39 212 3 0.6300
39 213 2 0.2382
39 215 27 6.8054
39 218 3 0.3878
39 220 8 3.4380
39 221 45 7.9183
39 222 4 0.5283
39 223 4 0.7193
39 224 118 39.4184
39 226 23 3.1838
39 228 6 1.2503
39 230 10 1.3745
39 231 140 53.1564
39 232 7 0.8557
39 234 5 0.7095
39 235 42 6.5384
39 236 23 3.6430
39 237 51 18.7696
39 238 3 0.5597
39 240 36 6.0301
39 241 6 0.8908
39 242 4 0.6018
39 243 4 0.7160
39 244 54 9.2653
39 246 3 0.6180
39 247 6 1.0633
39 248 4 0.5352
39 250 4 0.6285
39 252 2 0.5035
39 253 2 0.2489
39 254 16 2.7344
39 255 84 17.4384
39 256 48 8.4551
39 257 8 1.6694
39 258 11 1.3072
39 259 4 0.6464
39 260 4 0.4357
39 261 17 2.8761
39 263 28 3.1610
39 264 5 0.7822
39 266 26 4.9553
39 268 41 13.1141
39 269 91 21.0024
39 271 5 0.8781
39 272 1 0.4798
39 273 21 4.5998
39 275 25 5.5561
39 276 58 12.6565
39 277 2 0.4958
39 278 5 0.3318
39 279 17 2.6933
39 281 36 9.0789
39 282 1 0.1544
39 283 24 7.3935
39 284 23 4.7469
39 285 12 2.8001
39 286 89 18.6151
39 289 6 1.5168
39 291 8 1.1647
39 292 1 0.3133
39 293 40 11.3393
39 294 11 1.5170
39 295 23 3.3549
39 296 32 9.3046
39 297 1 0.0885
39 298 48 25.1184
39 300 2 0.2084
39 301 4 0.4012
39 302 1 0.1582
39 303 47 12.4144
39 304 30 5.3766
39 306 11 2.0849
39 307 82 18.4560
39 308 22 5.5119
39 309 4 0.5016
39 310 2 0.2335
39 311 6 1.4302
39 312 17 2.4786
39 313 12 2.1951
39 314 55 22.1255
39 315 1 0.2117
39 317 4 1.1432
39 318 12 11.2021
39 319 31 7.9903
39 322 21 4.3099
39 323 5 0.6023
39 324 2 0.2249
39 326 68 20.4466
39 327 4 2.1084
39 328 12 2.1706
39 329 3 0.3530
39 330 229 62.2518
39 331 13 2.4292
39 334 5 0.8476
39 335 4 0.3802
39 336 150 34.8553
39 337 10 1.4025
39 339 2 0.2104
39 341 6 1.5329
39 342 2 0.3588
39 343 1 0.1888
39 346 26 8.2979
39 348 25 4.4396
39 349 201 69.9810
39 350 4 0.9580
39 351 23 4.2987
39 352 30 10.1882
39 353 1 0.0906
39 354 20 6.3915
39 355 29 8.8116
39 356 13 1.4221
39 357 50 26.8612
39 358 9 1.3710
39 359 48 10.5918
39 360 47 15.6046
39 361 35 14.7821
39 362 5 1.3919
39 363 16 2.5438
39 365 2 0.2193
39 366 3 0.2991
39 367 19 3.4021
39 368 166 45.3400
39 369 10 1.8839
39 370 10 1.2104
39 371 28 4.1597
39 373 6 0.8495
39 374 12 1.5763
39 375 3 0.4880
39 377 21 2.7079
39 378 4 1.0828
39 379 35 6.8160
39 380 12 1.7756
39 381 27 4.9343
39 382 43 9.2260
39 383 2 0.3411
