# layer expert count weight_sum
0 0 1246 367.9341
0 1 68 13.1751
0 2 1985 476.5606
0 4 138 42.5055
0 5 653 169.3541
0 6 179 37.2225
0 7 855 192.5288
0 8 485 102.8023
0 9 744 266.2547
0 10 55 10.8455
0 11 670 135.9650
0 12 248 52.9046
0 14 420 92.2693
0 15 504 103.6737
0 16 10 1.8145
0 17 750 160.5232
0 18 665 139.6198
0 19 140 31.2220
0 20 206 42.7242
0 21 402 86.9317
0 22 98 23.7216
0 24 302 62.2881
0 25 478 92.7550
0 26 67 15.5501
0 27 314 69.4758
0 28 1038 247.4747
0 29 598 123.3050
0 30 1135 252.7758
0 31 254 53.1301
0 32 214 46.6077
0 33 272 61.0255
0 34 101 20.6222
0 35 909 240.0070
0 36 758 166.8986
0 37 23 4.8225
0 38 487 120.1610
0 39 3737 861.7746
0 40 1350 435.4297
0 41 977 219.6060
0 42 87 27.6666
0 43 408 83.2723
0 44 1190 243.6497
0 45 87 20.2263
0 46 86 15.9998
0 47 1115 228.7953
0 48 83 21.6001
0 49 249 52.3069
0 51 45 8.1047
0 52 3 0.6187
0 53 68 12.6771
0 54 80 15.8966
0 55 107 22.7203
0 56 299 60.3188
0 57 7 1.3006
0 58 400 86.0058
0 59 179 36.6913
0 60 46 8.3584
0 61 118 34.5757
0 62 111 22.7631
0 63 39 7.8306
0 64 142 36.5242
0 65 136 25.6128
0 66 30 6.5405
0 67 401 130.6358
0 68 192 39.8078
0 69 415 100.5173
0 70 521 88.7644
0 71 323 61.6818
0 72 890 180.4015
0 73 834 215.5347
0 74 289 56.7049
0 75 115 22.0331
0 77 20 5.7077
0 78 377 75.3473
0 80 2 0.7380
0 81 364 78.9326
0 82 205 41.6769
0 83 52 11.9066
0 84 135 31.1823
0 85 419 90.8657
0 86 1010 210.5613
0 87 90 16.2686
0 88 296 56.7297
0 89 626 116.0019
0 90 29 5.8346
0 91 13 2.2849
0 92 179 38.7289
0 94 825 229.2746
0 95 233 52.8638
0 96 305 103.0479
0 97 1602 340.0865
0 98 61 18.0808
0 99 47 9.6876
0 100 13 2.4509
0 101 932 335.1833
0 102 1567 303.2347
0 104 440 98.3584
0 105 960 202.4658
0 106 36 5.9043
0 107 382 71.0836
0 108 280 57.4702
0 109 424 121.9218
0 110 526 210.3347
0 111 755 196.6869
0 112 119 40.9031
0 113 823 177.1536
0 114 226 48.6161
0 115 618 169.3455
0 116 2282 521.1415
0 117 102 23.5661
0 118 335 62.6167
0 119 238 44.7699
0 120 168 30.9895
0 121 5 0.6547
0 123 23 4.3881
0 124 363 72.4517
0 125 250 47.2544
0 126 145 36.1869
0 127 338 73.3552
0 128 248 66.0678
0 129 56 9.4978
0 130 2527 774.2818
0 131 585 145.0405
0 132 73 13.7815
0 133 587 111.3684
0 134 141 50.0011
0 135 204 41.3618
0 136 863 289.3636
0 138 1544 325.2718
0 139 6 1.3479
0 140 216 54.5290
0 141 458 116.6423
0 142 154 35.6218
0 143 717 170.0021
0 144 68 15.9534
0 145 843 223.7470
0 146 391 85.1193
0 147 465 121.6206
0 148 470 101.5700
0 149 785 175.5550
0 150 46 8.9827
0 151 67 14.2440
0 152 507 119.6692
0 153 214 47.3066
0 154 1653 554.4320
0 155 304 79.2331
0 156 1710 400.7025
0 157 254 57.9257
0 158 306 64.1325
0 159 1838 518.3306
0 160 122 23.2183
0 161 965 188.8211
0 162 179 40.3282
0 163 129 26.8971
0 164 777 148.4865
0 165 142 31.3604
0 166 213 61.7325
0 167 611 150.1317
0 168 864 173.8917
0 169 604 203.0556
0 170 120 43.2397
0 171 245 50.4373
0 172 131 34.2394
0 173 307 119.1846
0 174 347 128.8906
0 175 197 39.6979
0 176 735 137.7304
0 177 239 47.8082
0 178 153 33.3123
0 179 24 4.8682
0 180 1005 202.7201
0 181 896 203.1470
0 182 71 15.9090
0 183 1891 787.0281
0 184 353 67.7037
0 185 528 98.9831
0 186 182 38.0574
0 187 236 49.5242
0 188 861 380.0789
0 189 676 123.0043
0 190 22 4.2160
0 191 355 75.5631
0 192 287 55.0144
0 193 359 113.6608
0 194 393 84.0388
0 195 119 24.7930
0 196 123 23.6917
0 197 697 156.0671
0 198 552 122.3204
0 199 66 11.3897
0 200 36 6.8197
0 201 144 40.6251
0 203 145 44.1418
0 204 41 8.4207
0 205 1934 551.2373
0 206 29 7.5680
0 207 704 173.7306
0 208 1117 234.0784
0 209 250 67.6063
0 210 5 1.1378
0 211 216 40.4249
0 212 27 5.4455
0 213 446 128.1951
0 214 56 11.3466
0 215 1091 196.9718
0 216 411 106.5756
0 217 200 35.5193
0 219 128 20.5247
0 220 323 67.6160
0 221 8 1.4763
0 222 288 61.0421
0 223 56 10.6441
0 224 41 7.1487
0 225 1411 453.0225
0 226 30 5.8591
0 227 323 64.0897
0 228 164 31.8397
0 229 433 95.3671
0 230 173 41.8448
0 231 639 148.0821
0 232 650 209.2047
0 233 2 0.3186
0 234 849 200.6520
0 235 12 2.3293
0 236 206 40.1704
0 237 598 169.8757
0 238 265 79.2433
0 239 55 9.0819
0 240 1 0.1415
0 241 697 238.5584
0 242 1067 257.6266
0 243 14 2.4314
0 244 20 4.4870
0 245 1064 186.8203
0 246 88 16.4300
0 247 29 6.7816
0 248 645 165.7898
0 249 3 0.7033
0 250 53 11.0334
0 251 518 149.4338
0 252 211 35.0398
0 253 702 139.7358
0 254 6 1.2431
0 255 89 17.5256
0 256 135 28.8391
0 257 157 36.1431
0 258 3 0.6981
0 259 274 52.4293
0 260 592 200.6837
0 261 228 58.6593
0 262 886 326.7424
0 263 501 192.3919
0 264 37 7.1365
0 265 17 3.1695
0 266 757 205.7293
0 267 561 220.7341
0 268 1090 471.8353
0 269 514 112.5563
0 270 13 3.6860
0 271 475 98.9132
0 272 158 34.7824
0 273 94 15.1107
0 274 159 36.3291
0 275 728 205.9376
0 276 857 203.5500
0 277 24 6.6135
0 278 63 13.5405
0 279 257 49.7655
0 280 1184 257.2049
0 281 90 20.4780
0 282 381 78.8579
0 283 347 79.0328
0 284 614 132.4273
0 285 724 165.2273
0 286 370 85.0350
0 287 57 10.6903
0 288 438 84.7494
0 289 819 280.6939
0 290 346 106.0643
0 291 374 74.9474
0 292 10 2.5525
0 293 471 104.1965
0 294 501 126.4842
0 295 896 304.7441
0 296 797 216.5499
0 297 507 147.1935
0 298 2 0.3995
0 299 612 121.6596
0 300 1121 314.0657
0 301 200 41.5882
0 302 70 21.5652
0 303 187 33.8761
0 304 200 67.2473
0 305 707 143.6415
0 306 573 149.4390
0 307 132 28.2167
0 308 508 101.9913
0 309 148 25.4693
0 310 1010 380.8844
0 311 363 79.3429
0 312 154 31.7392
0 313 2 0.4023
0 314 421 88.1548
0 315 290 64.3610
0 316 226 40.7652
0 317 1006 257.9677
0 318 177 68.7957
0 319 252 47.5119
0 320 467 91.2430
0 321 624 136.5087
0 322 556 211.6903
0 323 5510 1854.0153
0 324 146 31.9882
0 325 305 72.2748
0 326 402 72.7194
0 327 158 33.2554
0 328 333 67.7733
0 329 473 181.3063
0 330 425 104.1851
0 331 450 96.4627
0 332 218 46.7514
0 333 306 67.8844
0 334 274 56.0904
0 335 13 3.1517
0 336 36 6.8288
0 337 385 77.8311
0 338 310 70.9930
0 339 54 9.7024
0 340 25 5.5981
0 341 1643 504.2606
0 342 478 90.3626
0 343 770 200.8135
0 344 7 1.5971
0 345 371 77.4122
0 346 331 60.7358
0 347 37 16.9780
0 348 560 120.8595
0 349 216 43.7041
0 350 276 55.8889
0 351 665 175.3974
0 352 609 135.1347
0 353 611 120.1801
0 354 623 119.2467
0 355 955 200.8684
0 356 103 19.1697
0 357 239 61.7913
0 358 152 32.8551
0 359 204 37.9220
0 360 24 4.7264
0 361 499 125.8510
0 362 138 48.9156
0 363 695 137.2010
0 364 417 90.8457
0 365 264 49.2421
0 366 1063 222.1950
0 367 137 31.0429
0 368 264 60.0028
0 369 111 29.4325
0 370 982 196.0812
0 371 241 50.0755
0 372 23 3.6948
0 374 114 23.2725
0 375 186 34.5991
0 376 176 36.4138
0 377 89 16.7908
0 378 203 64.5230
0 379 98 26.9068
0 380 121 24.3313
0 381 159 32.1524
0 382 557 106.8321
0 383 173 38.3432
1 0 611 200.4412
1 1 193 43.4296
1 2 183 41.1017
1 3 173 35.8491
1 4 458 110.2499
1 5 3442 874.4029
1 6 189 39.5715
1 7 754 178.4655
1 8 295 73.3168
1 9 14 3.4707
1 10 777 190.8345
1 11 1442 560.3412
1 12 170 51.0129
1 13 106 25.1796
1 14 348 107.3276
1 15 500 103.3687
1 17 2 0.4208
1 18 57 11.6004
1 19 890 213.8285
1 20 835 312.9189
1 21 303 53.2981
1 22 394 89.5510
1 23 444 100.1450
1 24 426 102.8171
1 25 269 60.2496
1 26 1201 274.3846
1 27 227 51.3641
1 28 158 35.1506
1 29 7 1.6866
1 30 317 69.2860
1 31 67 14.9211
1 32 135 31.3520
1 33 347 78.0734
1 34 98 22.4102
1 35 276 62.6520
1 36 54 12.2139
1 37 41 7.9376
1 38 408 93.6034
1 39 355 81.6155
1 40 5 1.0642
1 41 222 49.8358
1 42 256 57.4577
1 43 78 15.3052
1 44 38 8.5304
1 45 851 275.1254
1 46 101 20.4938
1 47 953 232.2937
1 48 151 33.7402
1 49 434 109.0033
1 50 96 20.8237
1 51 473 108.1824
1 52 224 45.4413
1 53 155 31.9317
1 54 920 203.5138
1 55 71 13.8527
1 56 57 16.7186
1 57 503 116.7310
1 58 4 0.9996
1 59 273 60.4496
1 60 135 29.5627
1 61 475 98.6131
1 62 88 33.5471
1 63 528 114.0246
1 64 521 135.5733
1 65 77 16.9169
1 66 432 99.0051
1 67 1598 422.5327
1 68 28 8.5314
1 69 139 32.5309
1 70 382 86.3032
1 71 403 92.1517
1 72 72 19.9935
1 73 412 98.0371
1 75 1904 792.4143
1 76 22 5.3543
1 77 104 22.5295
1 78 3 0.6295
1 79 3 0.5411
1 80 74 15.8091
1 81 212 50.2881
1 82 283 74.2478
1 83 56 11.8999
1 84 355 74.1674
1 85 696 139.3988
1 86 46 10.4214
1 87 115 39.9473
1 88 1814 438.5684
1 89 62 14.6210
1 90 34 7.6860
1 91 374 112.9330
1 92 305 75.7632
1 93 572 127.9947
1 94 29 5.4738
1 95 186 40.7199
1 96 14 3.0402
1 97 335 84.2670
1 98 494 150.8159
1 99 24 5.2834
1 100 535 123.0823
1 101 13 3.7938
1 102 66 14.5982
1 103 355 79.5305
1 104 392 112.8385
1 105 437 91.0849
1 106 2376 545.8629
1 107 351 72.8018
1 108 139 41.4333
1 109 1279 302.5526
1 110 3003 872.2975
1 111 179 40.5163
1 112 940 220.9151
1 113 174 48.4234
1 114 103 29.0959
1 115 181 39.5795
1 116 106 25.4424
1 117 686 151.9977
1 118 49 10.6849
1 119 32 9.3285
1 120 366 98.7238
1 121 721 160.2344
1 122 1105 246.5721
1 123 140 34.4579
1 124 25 7.7927
1 125 529 105.8275
1 126 234 52.9560
1 127 283 73.7199
1 128 307 64.8263
1 129 329 88.7331
1 130 312 78.9582
1 131 536 143.8456
1 132 2 0.4659
1 133 134 39.6052
1 134 1277 306.1918
1 135 1064 255.9507
1 136 140 32.5949
1 137 64 20.0111
1 138 358 78.8342
1 140 2 0.5119
1 141 363 83.5434
1 142 47 11.2101
1 143 71 17.0197
1 144 283 73.7546
1 145 40 8.1279
1 146 613 142.1813
1 147 606 121.1073
1 148 495 146.5970
1 149 11 2.5854
1 150 240 58.2916
1 151 54 19.4670
1 152 24 5.4997
1 153 1 0.4560
1 154 126 26.0335
1 155 1327 321.7096
1 156 327 72.4023
1 157 420 139.5858
1 158 529 152.8030
1 159 1436 358.1286
1 160 910 201.7910
1 161 563 125.2202
1 162 271 63.5550
1 163 208 44.7937
1 164 52 11.5389
1 165 124 27.4058
1 166 583 139.3211
1 167 181 36.5843
1 168 211 55.2467
1 169 76 16.2665
1 170 118 24.7844
1 171 77 17.7512
1 172 263 54.2634
1 173 1344 368.5195
1 174 89 21.3777
1 175 199 44.9802
1 176 505 130.5607
1 177 186 47.9843
1 178 116 24.6621
1 179 271 50.6282
1 180 1639 397.4294
1 181 202 46.1126
1 182 103 22.6343
1 183 107 24.6133
1 184 317 69.5339
1 185 422 87.8840
1 186 1212 310.4738
1 187 616 131.8972
1 188 510 178.3664
1 189 126 28.0428
1 190 125 27.9722
1 191 235 77.1822
1 192 87 28.1930
1 193 5722 1755.4057
1 194 219 51.6877
1 195 704 149.6143
1 196 18 4.2552
1 197 52 10.8065
1 198 41 9.5782
1 199 412 80.8699
1 200 396 99.5207
1 201 3 0.5408
1 202 165 37.7535
1 203 231 50.0592
1 204 65 15.4469
1 206 777 177.8583
1 207 42 9.0003
1 208 612 135.7195
1 209 204 43.1904
1 210 80 18.4438
1 211 275 61.4598
1 212 774 172.3152
1 213 617 139.0322
1 214 141 34.8575
1 215 298 66.2859
1 216 103 20.6281
1 217 210 58.0462
1 218 187 47.9604
1 219 532 174.9164
1 220 131 29.6863
1 221 113 24.0291
1 222 304 66.6315
1 223 105 24.5903
1 224 570 134.6897
1 225 15 3.7478
1 226 86 19.7236
1 227 426 104.5748
1 228 977 221.4270
1 229 411 92.7542
1 230 309 66.3069
1 231 98 22.0654
1 232 250 55.9076
1 233 209 47.9174
1 234 684 153.3740
1 235 194 43.4351
1 236 1234 254.8095
1 237 115 28.1483
1 238 64 14.6856
1 239 156 35.2237
1 240 732 254.2866
1 241 230 50.7905
1 242 1104 253.3308
1 243 139 30.2464
1 244 236 69.1259
1 245 80 17.9517
1 246 162 33.3574
1 247 354 89.8419
1 248 769 180.2247
1 249 3 1.2369
1 250 14 4.0689
1 251 1135 411.5010
1 252 370 73.5521
1 253 291 71.6849
1 254 1428 329.6551
1 255 257 58.9059
1 256 169 35.2052
1 257 65 14.6129
1 258 65 13.7168
1 259 3842 1034.4947
1 260 1188 273.6456
1 261 1 0.1564
1 262 282 63.4364
1 263 761 172.3558
1 264 5 1.2244
1 265 543 143.9620
1 266 428 93.3549
1 267 300 65.1971
1 268 175 40.8967
1 269 131 28.9469
1 270 322 85.9701
1 271 369 83.2812
1 272 365 77.7818
1 273 58 13.0655
1 274 174 37.7751
1 275 307 70.1765
1 276 7 2.0801
1 277 87 19.5257
1 278 77 16.4736
1 279 350 82.2411
1 280 692 160.5293
1 281 114 24.3245
1 282 16 3.4640
1 283 2822 722.9267
1 284 716 157.7087
1 285 290 52.2486
1 286 8 1.7880
1 287 98 21.2558
1 288 119 27.5868
1 289 18 5.2155
1 290 576 122.6471
1 291 50 10.7816
1 292 393 106.9266
1 293 620 145.7903
1 294 499 115.6315
1 295 232 48.4254
1 296 405 93.4468
1 297 478 117.6395
1 298 79 17.4329
1 299 256 57.5777
1 300 62 13.2161
1 301 239 52.4960
1 302 374 84.4998
1 303 72 17.0981
1 304 241 54.3248
1 305 49 11.3507
1 306 1067 294.6682
1 307 197 55.1989
1 308 4 0.9315
1 310 576 130.6516
1 311 136 29.8551
1 312 63 13.8226
1 313 1027 234.0863
1 314 432 91.7243
1 315 37 8.1401
1 316 1454 390.2394
1 317 38 9.3265
1 318 2227 551.4642
1 319 434 94.3261
1 320 515 116.4977
1 321 281 62.7680
1 322 1948 446.6848
1 323 1377 314.7870
1 324 960 224.1447
1 325 107 22.1142
1 326 220 48.6949
1 327 196 43.4298
1 328 259 59.1020
1 329 135 32.0422
1 330 257 58.4591
1 331 14 2.6135
1 332 170 34.6222
1 333 906 215.7490
1 334 98 22.1809
1 336 125 40.5295
1 337 268 60.2515
1 338 62 14.1065
1 339 523 129.0017
1 340 3522 825.2579
1 341 1069 416.9708
1 342 138 29.8436
1 343 198 48.6135
1 344 388 83.4616
1 345 180 39.8015
1 346 106 23.2112
1 347 31 6.8943
1 348 7 1.5358
1 349 1313 376.1765
1 350 812 179.7445
1 353 535 107.9077
1 354 114 24.6940
1 355 50 11.2970
1 356 370 79.1489
1 357 21 3.1778
1 358 40 8.7770
1 359 12 1.9788
1 360 1041 230.4839
1 361 4617 1201.9525
1 362 270 62.1203
1 363 128 29.3149
1 364 169 36.1006
1 365 293 68.9224
1 366 315 69.7939
1 367 2 0.4363
1 368 401 91.7509
1 369 531 134.9337
1 370 151 34.0354
1 371 974 214.0665
1 372 385 95.7807
1 373 783 222.8892
1 374 25 6.6371
1 375 217 61.1880
1 376 96 21.3307
1 377 1094 273.6017
1 378 470 108.0495
1 379 117 37.8480
1 380 424 100.4433
1 381 117 22.6038
1 382 33 11.9355
1 383 62 13.9923
2 0 3 0.7529
2 1 1421 335.9393
2 2 768 171.2853
2 3 227 59.0843
2 4 201 45.3847
2 5 1 0.2240
2 6 496 127.6122
2 7 506 118.0928
2 8 1487 336.7048
2 9 629 153.5832
2 10 642 180.4367
2 11 39 9.8447
2 12 391 89.4648
2 13 113 25.1758
2 14 18 3.8393
2 15 118 31.1913
2 16 274 62.7194
2 17 6 1.4368
2 18 81 17.1554
2 19 131 31.7948
2 20 238 54.5898
2 21 279 68.5591
2 23 397 88.1753
2 24 161 33.3382
2 25 469 105.8365
2 26 308 65.2037
2 27 735 167.2890
2 28 2 0.4008
2 29 133 30.5064
2 30 297 67.9330
2 31 382 84.0782
2 32 283 68.9972
2 33 1548 361.0186
2 34 172 39.6944
2 35 5200 1371.7140
2 36 6 1.4105
2 37 9 1.8922
2 39 68 13.4307
2 40 153 34.8548
2 41 899 221.1426
2 42 1211 325.2224
2 43 4 0.9189
2 44 18 4.5291
2 45 237 50.9481
2 46 774 178.8948
2 47 308 72.3056
2 48 266 62.1179
2 49 166 46.9935
2 50 46 16.0013
2 51 45 9.8808
2 52 110 20.5759
2 53 440 125.8058
2 54 94 21.4270
2 56 113 30.0115
2 57 54 11.5164
2 58 3184 782.2230
2 59 215 53.1090
2 60 93 21.1837
2 61 4 0.9599
2 62 36 7.2979
2 63 19 4.0409
2 64 44 12.4532
2 65 478 108.5146
2 66 289 66.8259
2 67 446 102.6938
2 68 1240 295.6924
2 69 932 214.3866
2 70 4 0.7718
2 71 80 15.7823
2 72 79 17.8409
2 73 124 27.9320
2 74 791 183.8536
2 75 66 15.3195
2 76 129 29.5092
2 77 471 115.2666
2 78 25 5.3417
2 79 1929 436.9392
2 80 77 15.7172
2 81 198 43.3858
2 82 585 138.2853
2 83 111 26.4652
2 84 22 4.6663
2 85 10 2.0874
2 86 38 8.4733
2 87 217 58.4372
2 88 383 86.1899
2 89 181 50.0641
2 90 33 7.7742
2 91 1346 299.7796
2 92 5 1.1531
2 93 399 86.9686
2 94 225 58.7900
2 95 288 67.7350
2 96 5166 1236.4826
2 97 133 32.3854
2 98 158 37.2203
2 99 159 36.7384
2 100 147 32.1675
2 101 555 139.5211
2 102 857 236.8745
2 103 196 45.7395
2 104 482 112.5201
2 105 8266 2338.7198
2 106 53 11.7475
2 107 125 28.8489
2 108 49 11.1276
2 109 22 6.2709
2 110 82 17.8616
2 111 828 181.8822
2 112 264 54.8974
2 113 12 2.5777
2 114 141 47.5861
2 115 779 203.9459
2 116 32 6.9768
2 117 15 3.3945
2 118 736 169.9953
2 119 776 192.3854
2 120 573 132.2694
2 121 91 25.7371
2 122 39 8.8447
2 123 45 10.0085
2 124 63 20.8631
2 125 786 216.3404
2 126 410 84.8510
2 127 7 1.8399
2 128 787 172.8284
2 129 37 7.7602
2 130 107 38.2448
2 131 2202 511.3145
2 132 534 147.8403
2 133 77 17.6837
2 134 751 224.9371
2 135 630 193.1257
2 136 212 49.0581
2 137 13 2.9716
2 138 152 37.4151
2 139 2066 454.7566
2 140 255 60.1747
2 141 207 60.3733
2 142 379 104.6056
2 143 65 14.3072
2 144 634 154.2123
2 145 167 38.2265
2 146 79 17.5728
2 147 4613 1159.6762
2 148 107 26.7392
2 149 19 4.5678
2 150 33 6.7304
2 151 1362 324.8309
2 152 603 179.7045
2 153 485 112.1195
2 154 46 8.4583
2 155 143 33.8105
2 156 290 63.5587
2 157 40 8.7392
2 158 1251 301.9794
2 159 2 0.3035
2 160 412 98.2454
2 161 5 1.1035
2 162 3 0.5910
2 163 1482 366.2099
2 165 351 79.2425
2 166 1921 540.6548
2 167 534 120.1265
2 168 41 8.7847
2 169 2 0.3952
2 170 52 14.1155
2 171 1 0.1374
2 172 353 103.8917
2 173 15 3.4807
2 174 24 5.4363
2 175 595 137.1275
2 176 41 9.2822
2 177 567 147.1133
2 178 395 106.0471
2 179 44 9.0979
2 180 3 0.7609
2 181 222 52.7683
2 182 1 0.2492
2 183 90 20.7099
2 184 86 20.5996
2 185 935 213.9280
2 186 197 46.9829
2 187 866 190.4140
2 188 8 1.6361
2 189 632 144.8393
2 190 17 4.2766
2 191 454 104.4299
2 192 75 16.4500
2 193 151 35.4521
2 194 576 153.8252
2 195 172 44.4782
2 196 484 113.5685
2 198 151 30.1723
2 199 979 246.5043
2 200 664 221.1976
2 201 137 32.6045
2 202 88 20.1185
2 203 609 149.5172
2 204 191 40.8983
2 205 77 21.4067
2 206 1220 288.8309
2 207 154 33.2369
2 208 234 52.5896
2 209 224 56.2443
2 210 398 111.6845
2 211 29 7.1345
2 212 523 122.0825
2 213 1440 350.6102
2 214 274 70.1792
2 215 34 7.6697
2 216 1174 327.5074
2 217 214 54.3111
2 218 8 1.6570
2 219 198 43.5589
2 220 170 34.6590
2 221 50 12.2918
2 222 130 41.7710
2 223 475 167.7111
2 224 539 149.9442
2 225 5 1.1591
2 226 469 115.9713
2 227 39 9.2142
2 228 207 52.1703
2 229 144 33.5742
2 230 577 131.8923
2 231 74 15.5367
2 232 197 45.0051
2 233 81 30.5465
2 234 1204 306.3989
2 235 49 10.5627
2 236 1 0.2584
2 238 200 45.9956
2 239 60 13.7113
2 240 31 7.4168
2 241 2506 629.6191
2 242 1397 496.4554
2 243 112 27.8385
2 244 27 5.9935
2 245 1 0.1368
2 246 80 23.1603
2 247 35 7.3587
2 248 53 11.9439
2 249 18 3.4572
2 250 106 24.2066
2 251 2 0.3935
2 252 313 73.1599
2 253 304 68.1659
2 254 1120 279.4975
2 255 336 77.3541
2 256 488 131.3391
2 257 23 4.6225
2 258 5 1.0088
2 259 42 8.9918
2 260 243 67.5114
2 261 560 122.9901
2 262 1215 262.1650
2 263 118 29.3427
2 264 87 19.0994
2 265 125 27.3015
2 266 222 52.0383
2 267 21 5.1103
2 268 144 28.0264
2 269 52 13.0634
2 270 1415 340.0105
2 271 119 31.4413
2 272 96 21.4010
2 273 66 14.6126
2 274 3 0.8250
2 275 2 0.4986
2 276 72 16.8838
2 277 43 9.2398
2 278 977 291.8251
2 279 65 22.7544
2 280 194 44.0498
2 281 1252 296.2448
2 282 145 33.6080
2 283 195 50.0044
2 284 64 13.6451
2 285 22 4.6141
2 286 76 17.0435
2 287 1 0.2619
2 288 30 6.3374
2 289 338 80.3132
2 290 176 42.1121
2 291 716 168.2962
2 292 5 1.0888
2 293 138 40.2801
2 294 19 4.3752
2 295 37 8.3304
2 296 585 139.8755
2 297 346 99.8039
2 298 1406 357.4092
2 299 183 48.8160
2 300 19 3.3544
2 301 496 114.1019
2 302 201 44.5283
2 303 100 21.5056
2 304 168 31.2298
2 305 362 113.5839
2 306 89 19.8551
2 307 54 20.7372
2 308 1659 388.5579
2 309 26 5.4352
2 311 378 89.6685
2 312 47 11.1056
2 314 354 89.9900
2 315 212 36.0230
2 316 1611 541.7898
2 317 161 34.7612
2 318 26 5.3918
2 319 52 11.5917
2 320 1179 263.1279
2 321 68 17.3218
2 322 314 69.7953
2 323 623 142.2225
2 324 240 69.1486
2 325 2 0.4352
2 326 189 46.3506
2 327 3878 1212.3355
2 328 1047 242.7421
2 329 184 42.1879
2 330 609 141.2297
2 331 744 167.7277
2 332 165 38.7553
2 333 216 53.8378
2 334 47 9.6345
2 335 345 77.9700
2 336 20 3.4341
2 337 48 18.3521
2 338 45 10.8387
2 339 315 71.6248
2 340 108 23.9990
2 341 85 19.0431
2 342 46 11.0734
2 343 18 4.2331
2 344 1656 407.6939
2 345 629 145.7457
2 347 373 88.5028
2 348 4 1.0013
2 351 1194 298.9016
2 352 708 164.3229
2 353 60 15.7276
2 354 966 217.4016
2 355 59 15.7109
2 356 2 0.4911
2 357 12 2.8675
2 358 1561 355.1938
2 359 170 39.2549
2 360 40 8.9218
2 361 18 3.8181
2 362 26 7.7186
2 363 166 38.0278
2 365 137 32.6564
2 366 574 135.9687
2 367 63 15.5370
2 368 84 18.6640
2 369 2492 552.5576
2 370 56 13.6288
2 371 11 2.7786
2 372 46 10.1590
2 373 1956 483.4592
2 374 65 14.7188
2 375 2978 890.2671
2 376 54 11.4911
2 377 431 98.4828
2 378 109 24.3201
2 379 191 44.8985
2 380 425 99.8452
2 381 457 107.7152
2 382 1052 262.2483
2 383 767 173.0581
3 0 1 0.1872
3 1 153 35.9828
3 2 93 21.3542
3 3 4 0.8181
3 4 899 245.1659
3 5 503 114.2491
3 6 2 0.3037
3 7 120 24.2828
3 9 11 2.1680
3 10 121 26.2975
3 11 38 12.8265
3 12 183 30.6450
3 13 1002 250.0919
3 14 279 56.9454
3 15 403 115.8297
3 16 129 27.6659
3 17 2934 621.3851
3 18 1090 342.2929
3 19 354 82.5907
3 20 1 0.2580
3 21 1598 320.7731
3 22 1061 339.9357
3 23 37 6.5132
3 24 14 2.9489
3 25 91 21.2135
3 26 147 34.2177
3 27 70 16.1227
3 28 40 8.9100
3 29 19 4.2388
3 31 573 99.4005
3 32 154 28.2577
3 33 68 12.4908
3 34 40 10.3293
3 35 234 52.1210
3 36 1 0.2433
3 37 1192 305.4760
3 38 174 46.4492
3 39 18 3.6212
3 40 437 104.8644
3 41 7 1.5645
3 42 19 3.8707
3 43 70 15.3811
3 44 6 1.1161
3 45 6 1.4168
3 47 3 0.6272
3 48 369 67.3063
3 49 465 167.9294
3 50 192 43.7914
3 51 120 25.6929
3 52 201 40.2700
3 53 29 5.6597
3 54 934 218.1911
3 55 77 18.0981
3 56 287 68.0596
3 57 93 21.7067
3 58 491 111.1869
3 59 76 15.9376
3 60 22 5.0406
3 61 6238 1349.0287
3 62 128 27.1835
3 63 8 1.6708
3 64 126 27.4307
3 65 25 5.5259
3 66 928 216.5903
3 67 1215 375.3275
3 69 413 100.0336
3 70 69 22.0255
3 71 15 3.1509
3 72 4 0.8684
3 73 66 9.9721
3 74 207 46.5874
3 75 39 6.5859
3 76 12 2.5821
3 77 1 0.1933
3 78 164 37.5845
3 79 80 18.7652
3 80 56 20.2348
3 81 635 163.9282
3 82 1 0.2581
3 83 123 31.6034
3 84 42 8.0208
3 85 1 0.4609
3 86 446 93.6138
3 87 97 23.2282
3 89 913 215.8498
3 90 75 16.1053
3 91 1234 333.7051
3 92 125 31.2061
3 93 151 35.9632
3 94 456 100.6704
3 95 28 5.0489
3 96 4429 1012.8540
3 97 19 4.5259
3 98 34 7.8278
3 99 49 10.6873
3 100 762 176.7985
3 101 43 10.5141
3 102 1535 395.1038
3 103 14 3.3736
3 104 59 12.0625
3 105 326 65.9409
3 106 41 8.0867
3 107 504 157.9757
3 108 9 2.0496
3 109 175 37.8418
3 110 1080 323.4452
3 111 18 4.2126
3 112 33 7.1246
3 113 6 1.2814
3 114 737 197.2151
3 115 11 2.4165
3 116 125 24.9021
3 117 518 113.6863
3 118 740 130.9897
3 119 670 211.7726
3 120 41 7.7685
3 121 80 14.1263
3 122 60 18.9374
3 123 14 3.0877
3 124 26 4.8336
3 125 14 3.4014
3 126 389 98.3705
3 128 742 168.7969
3 129 2 0.3979
3 130 180 38.7784
3 131 25 4.6690
3 132 124 29.1590
3 133 26 5.2376
3 134 8 1.8088
3 135 8 1.8248
3 136 1011 268.8350
3 137 33 7.0356
3 138 78 17.9527
3 140 27 5.1301
3 141 333 74.0404
3 142 940 221.8576
3 143 130 28.5531
3 144 505 126.0233
3 145 165 51.9386
3 146 21 4.5197
3 147 3219 697.4908
3 148 206 45.1284
3 149 1384 433.7503
3 150 53 24.2529
3 151 243 55.9221
3 152 181 40.5177
3 153 1458 338.5752
3 154 137 60.6931
3 155 175 42.0804
3 156 169 33.1418
3 157 252 60.1599
3 158 31 7.1293
3 159 350 82.0200
3 160 35 7.3730
3 161 98 22.3527
3 163 250 42.1292
3 164 649 137.2396
3 165 349 69.2720
3 166 467 119.8250
3 167 5969 1393.2521
3 168 4093 957.4399
3 169 1083 226.3972
3 170 215 71.3490
3 171 10 2.1508
3 172 105 31.2466
3 173 147 32.5181
3 174 47 10.7149
3 175 1 0.2192
3 176 438 98.4397
3 177 391 93.0393
3 178 663 140.0048
3 179 154 31.1337
3 180 388 88.6661
3 181 1 0.2013
3 182 20 4.3957
3 183 8 1.6097
3 184 342 89.6528
3 185 107 23.4316
3 186 900 253.5200
3 187 1 0.2061
3 188 61 13.4760
3 189 366 118.5219
3 190 79 16.6476
3 191 134 30.9698
3 192 1938 976.9395
3 193 23 7.8469
3 194 345 92.6372
3 195 54 11.1385
3 196 1 0.2463
3 197 273 71.1741
3 198 34 6.4651
3 199 37 7.8949
3 200 662 123.4636
3 201 61 13.5785
3 202 52 15.3640
3 203 24 5.3546
3 204 78 17.9617
3 205 82 35.6041
3 206 153 46.3808
3 207 219 64.3214
3 208 7 1.2569
3 209 548 123.6601
3 210 63 14.3866
3 211 396 70.5241
3 212 1 0.1659
3 213 73 15.7181
3 214 1321 436.4744
3 215 127 25.7409
3 216 7 1.2263
3 217 116 30.4487
3 218 203 57.1694
3 219 68 14.8401
3 220 208 39.1005
3 221 13 3.1295
3 222 18 4.1894
3 223 29 5.7854
3 224 8619 2062.3041
3 225 289 64.7645
3 226 1504 331.4523
3 228 56 21.5857
3 229 189 34.9026
3 230 222 43.2563
3 231 22 4.9362
3 232 574 216.9701
3 233 3469 1124.4046
3 234 68 13.7263
3 236 31 6.5744
3 237 170 54.9812
3 239 65 16.0705
3 240 606 154.3995
3 241 2 0.4780
3 242 5 1.2748
3 243 8 1.4648
3 244 24 5.5470
3 245 57 13.0700
3 246 417 116.3033
3 247 5 1.0651
3 248 45 9.0246
3 249 294 69.7842
3 250 2085 521.2678
3 251 13 2.4712
3 252 831 229.1580
3 253 388 70.6494
3 254 45 10.9316
3 255 3 0.5181
3 257 404 87.1785
3 258 56 18.6992
3 259 69 15.2470
3 260 116 46.3357
3 261 3 0.6796
3 262 12406 2941.0721
3 263 51 11.0048
3 264 391 89.1146
3 265 707 187.7249
3 266 682 191.4891
3 267 82 18.8570
3 268 72 22.0061
3 269 4 0.6643
3 270 1126 280.0273
3 271 106 26.2353
3 272 277 63.5813
3 273 13 2.7540
3 274 125 29.9793
3 275 2050 485.3899
3 276 94 17.8359
3 277 77 19.9173
3 278 39 8.4787
3 279 689 160.7979
3 280 3 0.6522
3 281 146 30.8579
3 282 13 2.6123
3 283 49 18.4814
3 285 49 10.8549
3 286 89 21.5235
3 287 8 1.8657
3 288 2429 780.8523
3 289 47 10.1043
3 290 4 0.8803
3 291 105 38.0240
3 293 958 223.9010
3 294 111 32.0395
3 295 197 55.2298
3 296 75 17.3022
3 297 213 58.9501
3 298 416 139.2822
3 299 139 26.6420
3 300 67 13.2659
3 301 4 0.7352
3 302 62 18.8160
3 303 1657 454.2170
3 304 1468 477.0637
3 305 142 45.8781
3 306 537 111.4760
3 307 44 9.0675
3 308 4 0.7747
3 309 13 2.7955
3 310 101 24.9747
3 311 4 0.8973
3 312 1435 425.2528
3 313 40 8.4844
3 314 13 2.1480
3 315 3 0.6327
3 316 109 31.8665
3 317 23 4.2684
3 318 1 0.1623
3 319 263 46.4670
3 320 216 41.9562
3 321 31 5.4656
3 322 41 8.5899
3 323 10 1.8031
3 324 150 29.2394
3 325 232 40.7826
3 326 5 1.2435
3 327 153 39.5376
3 328 1 0.1093
3 329 182 41.4285
3 330 1704 469.9690
3 331 114 23.4244
3 332 55 11.8422
3 333 9 1.7693
3 334 362 70.0512
3 335 25 5.2832
3 336 112 27.9764
3 337 1513 392.4824
3 338 17 3.6051
3 339 419 83.7999
3 340 24 5.3264
3 341 11 3.0374
3 343 148 26.0359
3 344 81 16.6144
3 345 25 5.1252
3 346 84 15.6461
3 347 2 0.4377
3 348 83 18.8304
3 349 5441 1451.3509
3 350 376 100.2097
3 351 98 18.3775
3 352 100 18.0384
3 353 15 4.3294
3 354 26 5.6047
3 355 993 211.8647
3 356 26 4.0828
3 357 4724 1152.3325
3 358 132 40.6544
3 359 157 82.3003
3 360 280 73.6097
3 361 251 46.1012
3 362 6 1.4421
3 363 399 86.7916
3 364 97 23.1773
3 365 1201 311.6531
3 366 13 2.9117
3 368 1288 331.4007
3 369 88 20.4363
3 370 1791 383.9986
3 371 10 2.4215
3 372 689 140.3936
3 373 2 0.3813
3 374 18 4.3039
3 375 20 4.4816
3 376 1053 231.7453
3 377 643 171.1902
3 378 86 17.2744
3 379 237 58.6296
3 380 99 22.5605
3 381 79 18.3948
3 382 15 2.8647
3 383 74 17.8300
4 0 954 242.5162
4 1 93 19.6781
4 2 115 24.7832
4 3 40 9.3446
4 4 223 48.0157
4 5 223 47.1740
4 6 2 0.4291
4 7 49 10.3603
4 8 44 14.9367
4 9 611 140.6278
4 10 145 36.1593
4 11 1404 339.0325
4 12 1285 292.7430
4 13 225 50.4519
4 14 379 81.9425
4 15 117 24.2345
4 16 2 0.4129
4 17 835 206.4938
4 18 249 66.2423
4 19 127 30.4864
4 20 12 2.5202
4 21 76 28.1474
4 22 45 7.7727
4 23 404 87.2680
4 24 516 114.2275
4 25 128 25.7307
4 26 2052 633.4856
4 27 13 2.5341
4 28 619 132.2446
4 29 298 54.9541
4 30 30 6.4643
4 31 53 10.9085
4 32 83 17.3625
4 33 910 216.3649
4 34 348 74.1362
4 35 73 20.7710
4 36 3 0.7133
4 37 345 84.0098
4 38 31 6.7361
4 39 774 195.0933
4 40 1356 296.0950
4 41 25 5.1217
4 42 157 33.9700
4 43 195 41.0635
4 44 375 89.3354
4 45 225 50.1031
4 46 171 37.3936
4 47 76 15.7203
4 48 176 43.6389
4 49 1372 347.2399
4 50 1102 222.7546
4 51 140 33.8865
4 52 58 12.2805
4 53 279 61.2967
4 54 1313 338.5945
4 55 128 27.7411
4 56 57 14.4102
4 57 4 0.8603
4 58 2356 631.6230
4 59 47 9.6750
4 60 74 17.7402
4 61 404 93.8494
4 62 134 31.6129
4 63 112 22.0899
4 64 30 6.4443
4 65 286 60.2941
4 66 50 11.6523
4 67 68 15.8640
4 68 164 34.3856
4 69 90 21.3304
4 70 849 235.4783
4 71 70 14.9360
4 72 2221 579.1714
4 73 118 39.6254
4 74 72 14.8185
4 75 72 17.6749
4 76 22 6.2248
4 77 15 3.2677
4 78 297 80.1457
4 79 799 165.5358
4 80 6 1.1298
4 81 13 2.3645
4 82 853 261.3596
4 83 67 20.6044
4 84 697 158.9946
4 85 2937 654.7943
4 86 39 8.5349
4 87 65 13.8021
4 88 244 49.8200
4 89 124 33.4147
4 90 235 48.5061
4 91 30 6.7841
4 92 107 25.9761
4 93 156 32.8876
4 94 11474 2898.3331
4 95 624 149.1225
4 96 72 20.8237
4 97 3 0.5448
4 98 11 2.0222
4 99 374 79.0724
4 100 129 28.0752
4 101 17 3.6531
4 102 431 96.8227
4 103 116 23.6841
4 104 36 7.6642
4 105 85 18.3808
4 106 339 70.8106
4 107 1246 287.2622
4 108 100 22.3539
4 109 14 2.7751
4 110 526 139.0925
4 111 391 79.2076
4 112 27 8.7767
4 113 9 2.0778
4 114 223 49.0444
4 115 243 53.4766
4 116 331 61.2874
4 117 35 7.1352
4 118 2 0.4754
4 119 289 70.2082
4 120 6 1.4190
4 121 140 28.8468
4 122 514 114.5137
4 123 1395 329.2864
4 124 35 7.3131
4 125 652 140.2505
4 126 625 174.3448
4 127 37 8.4675
4 128 1546 481.1432
4 129 61 13.3684
4 130 63 14.6581
4 131 152 32.9212
4 132 564 130.9885
4 133 2 0.3891
4 134 88 19.1477
4 135 20 3.7857
4 136 313 70.1705
4 137 198 40.8001
4 138 161 33.2879
4 139 69 15.4832
4 140 180 47.6524
4 141 562 159.2854
4 143 208 41.2141
4 144 58 14.8363
4 145 71 17.5361
4 146 453 112.5622
4 147 2016 535.8897
4 148 304 65.9069
4 149 46 9.9846
4 150 290 64.3009
4 151 1278 346.5924
4 152 62 14.7278
4 153 63 13.7485
4 154 1332 371.0202
4 155 2 0.4381
4 156 281 55.1791
4 157 244 64.8214
4 158 117 24.9075
4 159 71 14.9355
4 160 34 6.1497
4 161 317 78.9307
4 162 171 36.0291
4 163 117 23.2490
4 164 142 31.1169
4 165 10 2.3340
4 166 1055 265.3935
4 167 184 41.2584
4 168 76 19.8796
4 169 744 179.8288
4 170 1954 497.5117
4 171 356 76.3278
4 172 8 1.6926
4 173 380 86.4738
4 174 415 92.6242
4 175 1 0.1685
4 176 344 80.1761
4 177 17 5.8640
4 178 55 11.4177
4 179 693 200.4013
4 180 674 146.1758
4 181 41 12.5330
4 182 313 66.4057
4 183 38 6.7688
4 184 847 178.9630
4 185 187 40.3878
4 186 8 1.7182
4 187 98 20.5669
4 188 94 19.1615
4 189 1585 549.2560
4 190 782 235.1217
4 191 757 175.0754
4 192 340 64.2244
4 193 38 8.0441
4 194 3115 666.3339
4 195 11960 3896.1886
4 196 293 75.1953
4 197 174 39.8800
4 198 34 8.1609
4 199 872 203.0993
4 200 90 18.8108
4 201 2407 698.8189
4 202 1283 253.8936
4 203 169 32.7318
4 204 10 2.0983
4 205 79 15.0795
4 206 2270 565.1879
4 207 98 20.5939
4 208 62 16.5594
4 209 286 62.0710
4 210 218 51.8196
4 211 30 7.5987
4 212 215 46.5006
4 213 1078 234.5028
4 214 114 26.3725
4 215 338 74.1861
4 216 151 31.5994
4 217 150 31.9230
4 218 224 47.5275
4 219 298 79.7655
4 220 509 114.0093
4 221 35 7.9635
4 222 24 4.7800
4 223 21 4.1559
4 224 3021 768.4013
4 225 57 12.4087
4 226 100 21.4469
4 227 293 64.1549
4 228 12 2.8596
4 229 122 26.3498
4 230 123 26.5272
4 231 168 39.8412
4 232 27 4.9218
4 233 60 14.5019
4 234 410 89.0699
4 235 52 12.7837
4 236 37 9.3280
4 237 233 52.3690
4 238 205 44.5459
4 239 1256 279.0758
4 240 59 13.5397
4 241 27 5.5706
4 242 2 0.4699
4 243 750 164.5409
4 244 674 148.7420
4 245 1 0.2344
4 246 47 9.5515
4 247 12 2.9415
4 248 275 64.5616
4 249 237 49.1459
4 250 40 9.3201
4 251 1040 218.1208
4 252 103 23.9946
4 253 16 3.4579
4 254 278 69.9419
4 255 263 53.1525
4 256 3 0.6652
4 257 73 21.3012
4 258 179 53.1611
4 259 72 14.3966
4 260 252 69.6792
4 261 53 11.9016
4 262 39 9.5467
4 263 50 9.2110
4 264 897 280.8734
4 265 64 16.4934
4 266 316 64.5100
4 267 302 70.9952
4 268 112 27.0479
4 269 101 20.8901
4 270 729 170.6958
4 271 1070 246.1486
4 272 33 6.8635
4 273 1433 384.2956
4 274 232 52.1590
4 275 248 51.3107
4 276 13 3.1188
4 277 53 10.1866
4 278 911 218.3559
4 279 621 174.8605
4 280 39 9.7287
4 281 279 57.8811
4 282 26 5.4347
4 283 7 1.5770
4 284 79 16.6980
4 285 428 120.5068
4 286 1488 308.6726
4 287 74 15.2453
4 288 388 98.1175
4 289 1063 273.8962
4 290 2 0.4355
4 291 336 79.5783
4 292 1274 297.8829
4 293 1540 415.4073
4 294 730 193.5341
4 295 212 44.2568
4 296 244 58.8834
4 297 416 84.9099
4 298 40 17.5029
4 299 5 1.0841
4 300 436 118.2113
4 301 11 2.7896
4 302 3 0.5972
4 303 142 31.0261
4 304 29 6.1100
4 305 2 0.4687
4 306 92 18.5065
4 307 780 210.7359
4 308 6 1.0870
4 309 189 38.6982
4 310 1078 344.1981
4 311 47 14.4781
4 312 894 197.4652
4 313 21 4.1668
4 314 539 144.9154
4 315 115 25.5804
4 316 19 4.0677
4 317 11 2.1798
4 318 155 31.3111
4 319 390 140.0354
4 320 31 6.4832
4 321 69 13.8638
4 322 457 117.7402
4 323 143 29.2447
4 324 27 7.6116
4 325 114 24.2425
4 326 996 197.7803
4 327 67 15.2999
4 328 29 5.9856
4 329 51 13.8865
4 330 404 82.6083
4 331 53 10.7630
4 332 5 1.0008
4 333 325 69.1384
4 334 58 12.2982
4 335 1398 357.2390
4 336 154 37.8997
4 337 11 2.7050
4 338 108 20.9397
4 339 483 116.1727
4 340 1048 254.8068
4 341 5 1.0783
4 342 252 68.1891
4 343 4 0.8805
4 344 107 20.8636
4 345 4 0.9382
4 346 178 37.2877
4 347 229 52.4278
4 348 18 3.4592
4 349 178 35.5307
4 350 240 76.1637
4 351 266 67.6748
4 352 22 4.6162
4 353 629 212.8642
4 354 168 38.4131
4 355 509 141.7730
4 356 17 2.9665
4 357 105 19.6982
4 358 2374 554.1188
4 359 280 71.5680
4 360 143 32.8027
4 361 4 0.7615
4 362 859 194.2428
4 363 126 27.1664
4 364 18 4.6136
4 365 376 86.3266
4 366 21 4.8431
4 367 563 123.2678
4 368 221 46.9600
4 369 1255 256.0439
4 370 692 155.0703
4 371 352 87.6185
4 372 398 87.7467
4 373 161 37.4239
4 374 120 26.9093
4 375 879 209.0418
4 376 492 118.5302
4 377 628 134.3344
4 378 149 43.6752
4 379 362 118.7087
4 380 162 37.4381
4 381 1332 294.5082
4 382 47 12.3137
4 383 144 34.4521
5 0 207 45.6131
5 1 109 30.3233
5 2 634 143.6714
5 3 36 7.8437
5 4 58 13.1520
5 5 160 36.0325
5 6 501 109.3896
5 7 68 16.9111
5 8 584 117.3202
5 9 152 37.5281
5 10 123 26.0176
5 11 110 22.6463
5 12 524 117.3859
5 13 62 12.3640
5 14 36 9.0448
5 15 79 14.2585
5 16 11 2.3528
5 17 32 7.2316
5 18 43 9.8919
5 19 1159 276.2924
5 20 13 3.3007
5 21 128 29.7626
5 22 10 2.4773
5 23 28 5.8642
5 24 1024 220.3946
5 25 29 5.4974
5 26 164 43.9301
5 27 11 2.5527
5 28 669 165.4334
5 29 358 89.5823
5 30 36 7.3914
5 31 24 4.6739
5 32 457 111.3200
5 33 57 13.4013
5 34 775 175.7336
5 35 193 42.0518
5 36 1555 371.6344
5 37 3677 993.4837
5 38 72 14.5080
5 39 84 18.1696
5 40 767 188.9863
5 41 1300 345.2556
5 42 2174 518.5455
5 43 73 16.0303
5 44 33 7.3538
5 45 116 29.1822
5 46 40 11.2578
5 47 158 31.2641
5 48 365 88.0316
5 49 346 71.5195
5 50 54 11.7687
5 51 72 14.1982
5 52 470 100.4962
5 53 938 234.0610
5 54 103 24.0695
5 55 825 179.0882
5 56 60 11.8281
5 57 99 20.4477
5 58 420 90.1770
5 60 25 5.7434
5 61 101 27.3731
5 62 121 24.9103
5 63 145 31.0952
5 65 266 59.8216
5 66 22 5.0043
5 67 124 24.5296
5 68 45 12.8617
5 69 1458 389.0159
5 70 189 40.6286
5 71 2 0.4308
5 72 1381 377.8536
5 73 14 3.3021
5 74 52 10.9208
5 75 32 7.1520
5 76 490 99.5593
5 77 425 125.2212
5 78 366 76.3644
5 79 38 10.2410
5 80 72 15.6995
5 81 387 84.6391
5 82 155 34.9662
5 83 50 9.5679
5 84 782 179.6498
5 85 922 281.6142
5 86 19 4.3955
5 87 1 0.2126
5 88 30 6.3174
5 89 291 69.2983
5 90 58 13.1221
5 92 3 0.7458
5 93 10 1.9775
5 94 129 30.9260
5 95 65 14.2378
5 96 40 7.6813
5 97 179 39.0999
5 98 835 179.3480
5 99 62 13.5184
5 100 999 303.5572
5 101 42 9.6773
5 102 30 5.5811
5 103 3 0.6148
5 105 3 0.6067
5 106 408 84.2850
5 107 23 4.0788
5 108 460 98.5485
5 109 125 28.2191
5 110 65 13.9657
5 111 78 14.7361
5 112 102 20.7739
5 113 416 83.9842
5 114 58 11.9684
5 115 62 15.7458
5 116 225 49.0881
5 117 349 88.3216
5 118 45 9.3142
5 119 1010 215.0987
5 120 422 95.1244
5 121 750 194.8615
5 122 274 60.1989
5 123 5 1.0742
5 124 417 114.5719
5 125 39 8.4807
5 127 573 159.5152
5 128 49 9.6375
5 129 48 11.0515
5 130 7 1.6784
5 131 167 39.1016
5 132 118 21.9117
5 133 278 56.1105
5 134 103 22.7727
5 135 187 40.4958
5 136 1390 317.1099
5 137 142 33.1342
5 138 1961 494.3149
5 139 41 10.9577
5 140 286 65.3540
5 141 892 255.5397
5 142 2 0.4594
5 143 73 14.6699
5 144 114 25.7079
5 145 263 52.5498
5 146 242 51.7189
5 147 4749 1047.2163
5 148 65 14.4859
5 149 1062 291.3023
5 150 117 23.1398
5 151 75 15.7576
5 152 67 18.2942
5 153 645 136.8949
5 154 64 23.9239
5 155 122 25.3992
5 156 197 49.2329
5 157 45 12.5331
5 158 158 33.4296
5 159 51 11.9406
5 160 331 73.3076
5 161 123 26.6958
5 162 85 18.7996
5 163 687 157.3826
5 164 2272 558.3079
5 165 18 3.1450
5 166 224 46.2959
5 167 47 14.8752
5 168 85 18.7606
5 169 1868 401.1531
5 170 109 23.4570
5 171 34 6.1134
5 172 821 193.0676
5 173 120 24.6600
5 174 880 221.1819
5 175 123 26.3302
5 176 187 39.3947
5 177 169 51.0976
5 178 3 0.7476
5 179 6093 1433.1991
5 180 28 5.6570
5 181 190 41.4674
5 182 496 114.4771
5 183 102 22.8700
5 184 92 20.7374
5 185 52 13.1549
5 186 297 62.9975
5 187 12461 4494.8368
5 188 2116 549.1443
5 190 271 56.1029
5 191 363 76.0534
5 192 504 107.0968
5 193 1013 361.1489
5 194 100 24.0587
5 195 248 55.9931
5 196 269 72.6321
5 197 93 18.7019
5 198 105 25.0924
5 199 26 6.0362
5 200 56 10.6546
5 201 27 5.2879
5 202 951 223.3990
5 203 183 44.9471
5 204 94 20.4927
5 205 28 5.9216
5 206 447 99.0199
5 207 27 6.2750
5 208 2728 739.4239
5 209 556 116.8059
5 210 985 216.3242
5 211 78 15.8775
5 212 46 11.5231
5 213 408 95.4342
5 214 20 4.1919
5 215 542 177.5717
5 216 1568 402.8168
5 217 30 6.0577
5 218 140 31.9638
5 219 40 10.0610
5 220 354 79.5295
5 221 133 31.7487
5 222 345 75.6581
5 223 120 25.6161
5 224 234 62.7399
5 225 242 78.6730
5 226 85 18.2840
5 227 288 60.7976
5 228 386 125.5836
5 229 217 46.0341
5 230 15 3.4037
5 231 9 2.0883
5 232 831 198.6956
5 233 42 7.9623
5 234 46 8.6436
5 235 1756 378.8667
5 236 11 2.0979
5 237 29 6.7863
5 238 43 9.0568
5 239 83 16.7204
5 240 147 30.3263
5 241 1299 285.0651
5 242 1173 337.2381
5 243 44 8.9732
5 244 220 46.5613
5 245 99 20.3990
5 246 66 13.6970
5 247 1585 422.3341
5 248 722 161.6778
5 249 225 50.5874
5 250 190 41.5634
5 251 656 189.0429
5 252 7 1.4863
5 253 13 2.8051
5 254 70 12.7263
5 255 344 72.4144
5 256 400 93.7950
5 257 338 70.3488
5 258 190 49.1411
5 259 68 13.7282
5 260 1183 304.6818
5 261 55 11.4902
5 262 125 30.3881
5 263 5482 1343.7415
5 264 1377 448.1114
5 265 33 6.9103
5 266 25 5.0871
5 267 498 105.7042
5 268 46 11.2491
5 269 153 31.5986
5 270 36 7.6294
5 271 35 7.4319
5 272 26 5.1168
5 273 28 6.0926
5 274 10 1.9973
5 275 607 140.0550
5 276 305 63.7997
5 277 20 3.9986
5 278 639 148.5663
5 279 75 15.6227
5 280 586 108.5672
5 281 99 17.3739
5 282 1668 359.6723
5 283 236 49.1091
5 284 160 36.6146
5 285 61 18.5400
5 286 546 117.0552
5 287 18 3.8529
5 288 295 85.5636
5 289 462 109.9098
5 290 1019 215.3843
5 291 826 192.6102
5 292 188 41.5009
5 293 100 21.8333
5 294 198 45.4256
5 295 63 12.5866
5 296 31 7.6330
5 297 29 6.2126
5 298 130 28.2377
5 299 549 128.3746
5 300 5 1.1103
5 301 33 6.7224
5 302 41 9.7480
5 303 13 3.9096
5 304 67 17.8327
5 305 58 10.4142
5 306 2374 656.0029
5 307 94 20.3182
5 308 116 25.6744
5 309 72 15.6125
5 310 380 101.1896
5 311 121 24.1313
5 312 11 2.1692
5 313 190 40.7779
5 314 700 147.2288
5 315 2398 551.5431
5 316 337 84.1374
5 317 100 28.3474
5 318 208 42.1303
5 319 417 107.4902
5 320 76 16.7838
5 321 790 185.6862
5 322 153 38.1498
5 323 23 4.9025
5 324 350 78.6294
5 325 437 98.4549
5 326 149 33.1448
5 327 376 83.6406
5 328 1695 455.5629
5 329 121 40.5756
5 330 3 0.7793
5 331 86 20.6773
5 332 34 6.6463
5 333 16 3.3111
5 334 2340 567.7199
5 335 628 156.2596
5 337 1738 370.4105
5 338 94 25.6492
5 339 173 37.6403
5 340 66 13.7786
5 341 152 28.9391
5 342 415 96.0579
5 343 10 2.4861
5 344 194 46.2200
5 345 67 15.5288
5 346 395 87.2981
5 347 57 11.5284
5 348 61 13.7491
5 349 1603 437.5035
5 350 54 11.3261
5 351 2107 486.4510
5 352 2122 604.2688
5 353 25 5.2149
5 354 586 140.9378
5 355 54 11.2262
5 356 39 8.4268
5 357 95 19.2969
5 358 793 230.1924
5 359 15 2.9975
5 360 290 74.1936
5 361 698 156.6068
5 362 244 50.2017
5 363 4 0.7799
5 364 109 22.9661
5 365 347 84.4125
5 366 183 39.1618
5 367 21 4.3942
5 368 434 91.0387
5 369 94 18.5181
5 371 2469 509.0190
5 372 67 13.4952
5 373 22 3.9121
5 374 145 35.8179
5 375 134 32.9447
5 376 966 195.0839
5 377 79 15.6449
5 378 34 7.0026
5 379 159 35.6584
5 380 194 40.7187
5 381 18 4.2596
5 382 36 7.2009
5 383 86 18.8513
6 0 181 38.6886
6 1 2129 542.0797
6 2 518 118.8994
6 3 27 6.4329
6 4 20 4.0310
6 5 770 193.3007
6 7 642 146.0862
6 8 111 25.0847
6 9 20 5.2802
6 10 54 13.0546
6 11 79 18.9959
6 12 478 114.9611
6 13 106 28.9195
6 14 1 0.1877
6 15 318 91.8654
6 16 46 10.8329
6 17 73 15.9051
6 18 2614 651.3674
6 19 13 2.3969
6 20 143 28.9038
6 21 7 1.6285
6 22 247 67.0144
6 23 352 80.8137
6 24 318 80.5775
6 26 52 12.1337
6 27 73 15.5579
6 28 2482 575.0797
6 29 342 93.7679
6 30 1 0.1940
6 31 4485 1052.1660
6 32 19 3.7431
6 33 2525 698.7490
6 34 92 19.2765
6 35 48 9.5232
6 36 24 4.8477
6 37 499 98.3329
6 38 26 5.7887
6 39 7 1.3631
6 40 96 17.0754
6 41 19 4.3952
6 42 13 2.8441
6 43 66 13.6497
6 44 29 6.0303
6 45 48 10.0494
6 46 614 162.3382
6 47 224 46.3026
6 48 34 8.2048
6 49 47 9.8334
6 50 24 5.1540
6 51 10337 3642.0377
6 52 390 83.7784
6 53 29 7.1750
6 54 105 22.8553
6 55 596 127.0701
6 56 3136 778.2787
6 57 27 5.5787
6 58 7 1.5928
6 59 164 40.5471
6 60 68 17.1006
6 61 23 4.0447
6 62 185 31.9576
6 63 826 181.1889
6 64 11 2.4760
6 65 5 1.0185
6 66 390 99.8787
6 67 170 40.6489
6 68 20 4.7329
6 69 179 39.7993
6 70 8 1.6522
6 71 22 4.4783
6 72 453 90.2153
6 73 274 62.8659
6 74 13 2.5722
6 75 307 68.4994
6 76 71 15.6828
6 77 5 1.1750
6 78 6 0.9657
6 79 539 127.6565
6 80 6 1.2664
6 81 192 47.8719
6 82 9 1.5138
6 84 22 5.7855
6 85 46 9.4154
6 86 35 6.9458
6 87 22 3.9821
6 88 7 1.7419
6 89 500 89.8534
6 90 174 44.2471
6 91 173 39.5441
6 92 246 65.0268
6 93 1981 474.3352
6 94 45 9.4348
6 95 12 2.4453
6 96 97 20.9876
6 98 52 12.7283
6 99 221 59.1553
6 100 31 6.1362
6 101 1088 246.1626
6 102 257 55.8716
6 103 3 0.6827
6 104 315 80.3225
6 105 85 17.9139
6 106 32 6.6520
6 107 1454 392.4516
6 108 19 4.3172
6 109 74 15.1759
6 110 337 97.1474
6 111 262 58.0930
6 112 17 3.5479
6 113 162 32.9100
6 114 579 127.2798
6 115 24 4.6906
6 116 29 6.6015
6 117 3664 928.5385
6 118 6 1.6029
6 119 50 9.6589
6 120 771 174.0766
6 121 8 1.5328
6 122 1621 382.9887
6 123 2 0.4143
6 124 143 37.3733
6 125 4135 971.1842
6 126 33 7.5534
6 128 221 52.3293
6 129 562 139.2578
6 130 2 0.4549
6 131 14 3.1236
6 132 617 157.2622
6 133 41 8.8785
6 134 118 28.8757
6 135 4099 993.2289
6 136 5 1.1254
6 137 657 197.9781
6 138 13 2.4873
6 140 240 53.0045
6 141 63 14.5641
6 142 2 0.4549
6 143 242 57.1644
6 144 8 1.8712
6 145 5 1.0429
6 146 18 4.2096
6 147 178 41.7851
6 148 46 9.4121
6 149 588 123.4227
6 150 248 55.9926
6 151 923 199.7765
6 152 589 137.7225
6 153 8 1.9439
6 154 354 81.0672
6 155 20 4.8296
6 156 10 1.9382
6 157 110 24.2266
6 158 7 1.5968
6 159 664 148.4311
6 160 1497 337.9558
6 162 207 40.9355
6 163 193 45.5514
6 164 349 80.3033
6 165 23 3.8825
6 166 262 61.7947
6 167 1472 414.8327
6 168 3 0.7697
6 169 99 19.4512
6 170 181 36.2834
6 171 201 43.8321
6 172 25 4.7789
6 173 135 23.8946
6 174 5 0.8355
6 175 409 97.4879
6 176 22 3.9165
6 177 101 21.2239
6 178 12 2.3429
6 179 1 0.2697
6 180 22 4.4705
6 181 525 127.3481
6 182 13 2.7133
6 183 376 92.2853
6 184 17 3.5056
6 185 236 49.6467
6 186 36 7.3283
6 187 16 3.4133
6 188 94 23.6872
6 189 1474 400.1554
6 190 259 61.8436
6 191 10 2.3445
6 192 1609 499.4787
6 193 25 5.4470
6 194 189 43.8690
6 195 342 83.3683
6 196 119 28.6281
6 197 96 20.1381
6 198 2 0.4811
6 199 2 0.4465
6 200 658 149.1621
6 201 84 19.9401
6 202 111 18.3993
6 203 510 109.3829
6 204 146 30.5179
6 205 19 2.6662
6 206 962 235.7723
6 207 86 19.4623
6 208 1450 401.7191
6 209 22 4.6369
6 210 2898 666.4701
6 211 134 30.4237
6 212 62 12.1712
6 213 204 45.4077
6 214 97 19.7360
6 215 259 55.9925
6 216 309 69.5336
6 217 46 9.2780
6 218 4 0.8858
6 219 928 286.6313
6 220 76 14.7527
6 221 38 7.0937
6 222 136 34.5747
6 223 1257 255.8290
6 224 3570 898.2766
6 225 53 12.2896
6 226 6 1.6595
6 227 1775 450.8216
6 228 5 0.9094
6 229 256 44.9026
6 230 1594 352.4920
6 231 181 42.5153
6 232 259 76.8530
6 233 20 4.7872
6 234 93 18.3544
6 235 245 56.1297
6 236 4 0.9183
6 237 1094 266.7396
6 238 5 1.1921
6 239 526 114.2683
6 240 19 4.3123
6 241 192 42.2412
6 242 18 4.3434
6 243 32 8.9558
6 244 133 31.5010
6 245 57 11.6261
6 246 95 23.6051
6 247 39 8.2765
6 248 1 0.2335
6 249 1027 248.9589
6 250 63 13.2485
6 251 1028 254.0130
6 252 11 2.3498
6 253 26 5.5875
6 254 225 58.2440
6 255 9163 2486.3038
6 256 12 2.3824
6 257 4438 1146.4104
6 258 85 18.8437
6 259 136 30.2920
6 260 216 47.8204
6 261 203 56.2140
6 262 153 34.4765
6 263 31 9.6134
6 264 29 5.6423
6 265 113 24.1956
6 266 12 2.8219
6 267 48 9.5761
6 268 20 4.6741
6 269 2 0.4718
6 270 17 3.6328
6 271 202 46.1693
6 272 978 217.3380
6 273 35 10.5033
6 274 87 19.0755
6 275 401 95.6393
6 276 12 2.5728
6 277 12 3.0889
6 278 136 27.9225
6 279 28 6.0523
6 280 144 37.7502
6 281 6 1.1729
6 282 1586 417.6958
6 283 361 96.6053
6 284 199 42.9227
6 285 12 2.5446
6 286 4 0.6057
6 287 131 26.6949
6 288 200 51.2419
6 289 48 8.9334
6 290 64 12.8945
6 291 19 4.3628
6 292 1120 213.8951
6 293 389 91.1117
6 294 67 13.1726
6 295 172 29.2228
6 296 10 2.2703
6 298 8 1.4568
6 299 13 3.9198
6 301 94 20.4254
6 302 460 143.0719
6 303 980 225.6404
6 304 15 3.2529
6 305 1223 279.2159
6 306 484 109.7027
6 307 303 68.8855
6 308 3 0.5387
6 309 286 61.5856
6 310 271 58.4930
6 311 1083 242.3248
6 312 1411 387.7554
6 313 232 42.2537
6 314 128 26.0595
6 315 65 12.7509
6 316 17 3.5786
6 317 111 34.7432
6 318 10 1.7850
6 319 201 41.9430
6 320 55 11.8914
6 321 215 46.4197
6 322 10 2.4193
6 323 609 140.8313
6 324 53 10.9304
6 325 2 0.4418
6 326 286 64.1187
6 327 8 1.6194
6 328 692 177.9741
6 329 1 0.2497
6 330 623 138.2345
6 331 34 6.9577
6 332 247 72.0316
6 333 381 99.5324
6 334 107 23.8899
6 335 10 2.1337
6 337 26 7.5876
6 338 14 2.4617
6 339 310 74.3808
6 340 210 57.9811
6 341 624 153.3291
6 342 1509 398.0843
6 343 19 4.9373
6 344 31 6.5254
6 345 32 7.5609
6 346 62 13.2992
6 347 38 7.4328
6 348 192 43.3378
6 349 128 30.9478
6 350 9 1.6265
6 351 107 23.9058
6 352 37 7.4169
6 353 994 218.4172
6 354 389 70.4184
6 355 12 2.4196
6 356 1599 355.6374
6 357 14 3.0171
6 358 105 31.7043
6 359 138 31.6457
6 360 3856 835.6787
6 361 124 34.8695
6 362 2 0.3814
6 363 7 1.3851
6 364 70 13.4720
6 365 2 0.3875
6 366 9 1.8749
6 367 6515 1549.8974
6 368 1021 237.3778
6 369 720 147.6102
6 370 1934 575.8139
6 371 285 65.5660
6 372 103 26.1128
6 373 1673 450.3115
6 374 2 0.4656
6 375 64 14.3354
6 376 5 1.1161
6 377 123 29.3047
6 378 29 6.2927
6 379 246 51.0902
6 380 219 39.0596
6 381 13 2.5310
6 382 82 20.3854
6 383 3 0.6754
7 0 858 226.6916
7 1 6 1.2264
7 2 48 10.0489
7 3 188 45.0988
7 4 9 1.8510
7 5 152 24.0492
7 6 1029 209.9695
7 7 88 18.9279
7 8 113 29.7463
7 9 39 6.7515
7 10 1276 255.6622
7 11 21 4.1503
7 12 422 109.7508
7 13 72 15.1332
7 14 323 71.3650
7 16 790 166.6322
7 17 119 23.3054
7 18 59 11.2342
7 19 3413 839.5095
7 20 66 16.9996
7 21 188 46.2992
7 22 133 25.3571
7 23 65 11.7663
7 24 8 1.7088
7 25 21 4.4407
7 26 642 139.9254
7 27 153 32.4977
7 28 41 7.7469
7 29 1225 306.7392
7 30 6 1.3833
7 31 8 1.7818
7 32 1919 557.8137
7 33 35 5.9058
7 34 62 12.0770
7 35 300 62.1153
7 36 157 33.5608
7 37 67 13.8118
7 38 349 74.0966
7 39 233 59.0384
7 40 345 70.9316
7 41 215 43.9485
7 42 4 0.8722
7 43 93 17.4069
7 44 1296 301.0465
7 45 5 1.0021
7 46 353 57.3952
7 47 4 0.7319
7 48 597 129.7519
7 49 242 50.9278
7 50 997 216.4789
7 51 58 12.1030
7 53 2793 681.8104
7 54 176 35.2143
7 55 49 10.5633
7 56 381 63.0016
7 57 119 28.4981
7 58 225 44.9378
7 59 48 8.9235
7 60 7 1.2445
7 61 6 1.6559
7 62 59 10.6953
7 63 196 49.8511
7 64 37 8.2281
7 65 1605 447.6680
7 66 1 0.1555
7 67 3 0.5488
7 68 448 91.4510
7 69 221 47.0982
7 71 83 17.0804
7 72 660 181.2674
7 73 12 1.7688
7 74 3 0.5891
7 75 2396 656.2805
7 76 10 2.0877
7 77 224 48.4334
7 78 178 41.0850
7 79 326 65.8170
7 80 93 19.9808
7 81 863 200.6838
7 82 2 0.2919
7 83 15 2.9692
7 84 141 24.3717
7 85 172 33.6623
7 86 534 108.5208
7 87 7 1.5378
7 88 344 53.0121
7 89 431 113.4069
7 90 224 43.1689
7 92 115 24.4795
7 93 356 73.8490
7 94 5434 1352.3864
7 95 1 0.2384
7 96 470 96.5149
7 97 1 0.1461
7 98 37 6.2852
7 99 2 0.4424
7 100 666 160.9915
7 101 4 0.6876
7 102 356 85.5009
7 103 17 2.9002
7 105 136 31.2539
7 106 238 53.5733
7 107 446 95.3199
7 108 115 25.8103
7 109 4 0.8182
7 110 83 17.5471
7 111 563 140.2856
7 112 37 7.6716
7 113 3 0.5707
7 114 97 17.5513
7 115 91 20.7795
7 116 24 5.0404
7 117 169 36.7951
7 118 574 99.6088
7 119 113 21.7946
7 120 7 1.0934
7 121 3 0.3590
7 122 118 26.6566
7 123 11 1.7896
7 124 73 17.0680
7 125 547 108.4242
7 126 10 1.3219
7 127 443 97.0200
7 129 247 58.7979
7 130 260 58.6459
7 131 552 116.4157
7 132 35 7.4739
7 133 294 67.2678
7 134 2 0.3692
7 135 91 19.8041
7 136 1220 292.5368
7 137 29 3.9773
7 138 82 18.0872
7 139 622 143.0241
7 140 527 118.4690
7 141 39 7.6955
7 142 82 13.5142
7 143 4 0.6539
7 144 422 100.2414
7 145 72 15.4081
7 146 274 50.6658
7 147 494 103.0801
7 148 57 11.2263
7 149 18 2.8105
7 150 832 215.5174
7 151 25 4.5277
7 152 55 10.8363
7 153 24 4.9113
7 154 9176 2222.6900
7 155 597 142.5762
7 156 577 113.4085
7 157 82 17.1725
7 158 1043 250.8595
7 159 3 0.6081
7 160 110 23.0583
7 161 51 10.6371
7 162 483 76.5109
7 163 472 106.1722
7 164 282 49.1199
7 165 2629 511.0954
7 166 81 19.3768
7 167 136 26.0503
7 168 29 5.2383
7 169 2810 762.4087
7 170 21 3.8188
7 171 90 21.1888
7 172 30 7.1607
7 173 482 106.9007
7 174 3 0.4456
7 175 1047 196.8619
7 176 355 102.9995
7 177 170 37.0637
7 178 4 0.7595
7 179 571 128.0432
7 180 177 37.1930
7 181 360 79.0398
7 182 112 23.0939
7 183 174 35.1822
7 185 745 175.0102
7 187 65 14.3424
7 188 20 5.1134
7 189 89 16.2633
7 190 27 4.0458
7 191 539 118.5213
7 192 12 2.5561
7 193 766 161.8373
7 195 162 36.5214
7 196 20 3.2238
7 197 816 169.5780
7 198 74 14.8315
7 200 320 91.3033
7 201 307 61.6708
7 202 418 72.6929
7 203 2 0.4354
7 204 572 150.7195
7 205 2870 716.5438
7 206 64 13.9480
7 207 9958 3234.8620
7 208 41 8.3847
7 209 40 6.4720
7 210 72 12.5963
7 211 4 0.5695
7 212 37 7.8007
7 213 2 0.5092
7 214 15 2.7504
7 215 817 205.2335
7 216 405 80.7675
7 217 18 3.7037
7 218 280 49.4104
7 219 10 1.7870
7 220 68 21.2723
7 221 217 41.9719
7 222 195 46.3169
7 224 1 0.2116
7 225 111 28.3685
7 226 134 25.4161
7 228 171 37.0753
7 229 311 81.3609
7 230 2 0.3993
7 232 7 1.2360
7 233 78 14.9809
7 234 614 127.5752
7 235 262 52.7765
7 236 71 15.0455
7 238 52 10.6453
7 239 5 1.0892
7 240 52 11.0024
7 241 176 39.8578
7 242 1112 305.7217
7 243 525 111.9719
7 244 189 43.7801
7 245 1555 394.2155
7 246 309 59.9995
7 247 116 26.4670
7 248 37 7.6518
7 249 16 3.1192
7 250 1240 307.3760
7 251 431 91.1329
7 252 646 161.7395
7 253 314 63.7697
7 254 130 28.0389
7 255 168 34.6832
7 257 82 13.2794
7 258 72 14.4250
7 259 254 49.4648
7 260 19 3.6394
7 261 113 22.7019
7 262 66 14.2380
7 263 2 0.2793
7 264 466 102.6425
7 265 491 110.9270
7 266 40 7.5700
7 267 32 5.9929
7 268 23 3.8660
7 269 75 14.2077
7 270 1447 306.7251
7 271 134 20.7156
7 272 94 21.0182
7 273 129 24.0751
7 274 7 1.3445
7 275 1774 385.5461
7 276 76 13.5714
7 277 19 4.2206
7 278 469 107.1033
7 279 73 14.0902
7 280 116 25.0501
7 281 315 52.9929
7 282 114 22.1517
7 283 380 87.3611
7 284 663 147.2232
7 285 1 0.2280
7 286 110 20.0236
7 287 177 49.6380
7 288 35 7.3567
7 289 16 3.1454
7 290 328 71.9273
7 291 338 72.9990
7 292 83 17.3601
7 293 55 10.7741
7 294 128 42.9189
7 295 170 37.2291
7 296 264 69.8091
7 297 2 0.4201
7 298 370 76.2674
7 299 1554 362.6764
7 300 55 11.5792
7 302 143 28.6091
7 303 200 40.9294
7 304 3 0.5809
7 305 821 191.3115
7 306 458 101.6437
7 307 75 16.4828
7 308 40 6.9203
7 309 14 2.7636
7 310 312 70.9615
7 311 55 11.5815
7 312 307 64.0392
7 313 1316 278.6047
7 314 367 62.1122
7 315 14 2.2817
7 316 958 219.2949
7 317 2133 486.9203
7 318 19 3.7624
7 319 4 0.8171
7 320 446 122.9773
7 321 10 1.6057
7 322 158 32.5101
7 323 201 44.9138
7 324 1907 394.8075
7 325 832 247.2494
7 326 179 46.6065
7 327 5 0.9752
7 328 338 79.0406
7 329 1015 276.5560
7 331 369 80.7042
7 332 367 75.1990
7 333 8 1.7861
7 334 8 1.9489
7 335 2 0.5447
7 336 2 0.3454
7 337 16187 5782.4389
7 338 6 1.3095
7 339 10 2.0778
7 340 179 29.8336
7 341 34 5.9799
7 342 145 27.1304
7 343 115 24.6205
7 344 10 1.8660
7 345 15 2.3581
7 346 3 0.4537
7 347 90 15.1560
7 348 153 26.5552
7 349 13 2.7278
7 350 2228 501.6717
7 351 26 4.6687
7 352 23 4.3331
7 353 209 47.6159
7 354 840 210.6200
7 355 69 12.5277
7 356 115 24.8030
7 357 956 194.9606
7 358 911 224.8004
7 359 10 2.1799
7 360 803 245.6432
7 361 548 89.8949
7 362 9 1.6867
7 363 226 45.2217
7 364 242 41.7829
7 365 909 227.8088
7 366 101 34.0673
7 367 88 16.9793
7 369 352 65.9986
7 370 3152 814.1694
7 371 53 10.1679
7 372 164 31.7632
7 373 6 1.1035
7 374 412 91.9681
7 375 18 3.4209
7 376 1 0.1812
7 377 745 174.5588
7 378 10 1.8195
7 379 1379 332.9635
7 380 112 23.2453
7 381 53 10.5324
7 382 31 6.4658
7 383 1716 401.6310
8 0 34 8.3849
8 1 750 209.6525
8 2 1080 257.4077
8 3 31 7.0086
8 4 5 0.9428
8 5 157 33.2889
8 6 389 80.4520
8 7 8 1.5125
8 8 39 8.2805
8 9 413 88.3053
8 10 87 17.5030
8 11 873 207.9765
8 12 6 0.9490
8 13 376 78.5462
8 14 467 109.5337
8 15 29 6.3190
8 16 175 42.9274
8 17 2 1.0963
8 18 23 4.4854
8 19 5 0.8753
8 20 42 7.5730
8 21 22 3.6819
8 22 32 6.1734
8 23 49 8.9477
8 24 367 90.4311
8 25 1 0.1833
8 26 9 2.1849
8 27 18 4.0879
8 28 508 123.8953
8 29 187 49.2513
8 30 3 0.6277
8 31 3 0.5734
8 32 38 7.2626
8 33 253 48.2423
8 34 209 53.1147
8 36 194 39.5705
8 37 371 83.6623
8 38 2103 456.3259
8 39 463 110.0872
8 40 95 18.2907
8 41 53 13.3615
8 42 122 33.9396
8 43 172 34.3110
8 44 183 41.7405
8 45 142 31.4135
8 46 30 6.5057
8 47 1386 339.4547
8 48 47 9.3215
8 49 13 2.4299
8 50 304 72.1406
8 51 125 22.6726
8 52 13 2.4637
8 53 216 46.2609
8 54 368 81.3442
8 55 262 65.4814
8 56 8 1.4687
8 57 1067 232.5044
8 58 205 46.7518
8 60 54 14.1005
8 61 1445 340.8000
8 62 746 181.6611
8 63 255 57.2757
8 64 1554 376.8010
8 65 148 37.9631
8 66 3205 739.3031
8 67 1364 338.4662
8 69 147 32.3448
8 70 147 37.6714
8 71 100 20.0272
8 72 8 1.5994
8 73 20 6.2131
8 74 18 3.6572
8 75 3 0.5245
8 76 48 9.5268
8 77 7 1.5337
8 78 889 235.0743
8 79 124 27.5761
8 80 1 0.1803
8 81 104 22.1852
8 83 203 41.3763
8 84 9 1.7047
8 85 117 23.3915
8 86 30 5.7771
8 87 16 3.1938
8 88 14 2.8956
8 89 500 116.0287
8 90 4782 1247.0368
8 91 3 0.9910
8 92 1186 265.0028
8 93 20 4.1978
8 94 8859 2217.6893
8 95 60 19.4968
8 96 15 2.6118
8 97 102 22.0347
8 99 164 38.2424
8 100 224 50.7199
8 101 1496 371.7292
8 102 102 25.1295
8 103 32 6.2876
8 104 192 37.6279
8 105 35 7.3066
8 106 9 1.6485
8 107 39 7.2182
8 108 2 0.4435
8 109 58 11.0904
8 110 54 14.2101
8 111 712 161.0153
8 112 17 3.2506
8 114 415 107.5719
8 115 412 92.6013
8 116 140 27.4238
8 117 63 13.2396
8 118 77 16.2577
8 119 1001 241.8036
8 120 29 5.5741
8 121 1571 374.3320
8 122 577 152.5101
8 123 6 0.9185
8 124 118 22.7014
8 125 175 32.6838
8 126 112 26.0008
8 127 31 7.8753
8 128 96 18.6276
8 129 734 157.6495
8 130 7 1.2173
8 131 15 3.6945
8 132 5 1.1078
8 133 22 4.5322
8 134 999 243.6933
8 135 703 131.9997
8 136 1 0.1860
8 137 1120 289.6399
8 138 2 0.3685
8 139 8 1.5922
8 141 1179 223.4399
8 142 136 25.5910
8 143 286 71.3425
8 144 2 0.3543
8 145 938 283.8040
8 146 20 4.8705
8 147 67 12.3726
8 148 36 7.3521
8 149 26 5.3776
8 150 66 14.0548
8 151 186 39.0453
8 152 260 60.4047
8 153 182 36.7332
8 154 165 38.3292
8 155 1252 284.0968
8 156 201 47.4848
8 157 1 0.1942
8 158 42 10.2764
8 159 348 66.1286
8 161 101 21.4069
8 162 395 82.2635
8 163 132 35.5638
8 164 177 34.9226
8 165 75 19.8569
8 166 3 0.5967
8 167 41 8.6028
8 168 120 29.8054
8 169 153 39.4731
8 170 34 6.1248
8 171 1165 258.9734
8 172 547 109.9509
8 173 773 197.5855
8 174 432 88.6090
8 175 8 1.5313
8 176 18 3.0713
8 177 455 99.3309
8 178 1086 272.8499
8 179 6 1.0989
8 180 7 1.4471
8 181 1790 429.5530
8 182 3 0.5057
8 183 3 0.6418
8 184 50 10.3287
8 185 5856 1549.5686
8 186 12411 4389.1605
8 187 10 2.1424
8 189 118 27.0085
8 190 42 9.3621
8 191 100 21.2410
8 192 375 68.4648
8 193 745 187.5864
8 194 8 1.6003
8 195 492 114.0750
8 196 4 0.8539
8 197 174 45.3755
8 198 1 0.2603
8 199 10 1.7619
8 200 59 12.5844
8 201 18 2.9810
8 202 7 1.3321
8 203 52 14.0583
8 204 21 5.5234
8 205 1368 395.6825
8 207 291 59.3926
8 208 222 56.8774
8 209 1123 265.6138
8 210 14 2.8907
8 211 502 138.7121
8 212 5636 1228.1811
8 213 32 5.5388
8 214 479 102.6466
8 215 49 10.6709
8 216 32 7.2717
8 217 3607 1002.0136
8 218 1171 284.0992
8 219 374 84.1481
8 220 50 10.3866
8 221 387 89.1098
8 222 416 70.2717
8 223 455 122.8930
8 224 569 166.3704
8 225 196 43.7750
8 226 2966 629.9496
8 227 596 134.8093
8 228 1528 353.3970
8 229 15 3.1737
8 230 7 1.2570
8 232 47 12.9422
8 233 2939 893.6486
8 234 473 133.9735
8 235 35 6.8297
8 236 6 1.1801
8 237 1529 416.2542
8 238 8 1.6318
8 239 54 10.0931
8 240 639 140.5038
8 241 37 6.9681
8 242 3 0.5710
8 243 6 1.4597
8 244 109 22.5391
8 245 141 38.9863
8 246 259 49.9654
8 247 93 17.7762
8 248 1238 319.0623
8 249 22 4.7752
8 250 114 23.2606
8 251 4 1.1846
8 252 30 6.7841
8 253 6 1.2287
8 254 42 10.4532
8 255 3 0.5922
8 256 11 2.0728
8 257 3 0.7153
8 258 7525 1813.0140
8 259 586 118.1232
8 260 22 5.5287
8 261 30 8.4205
8 262 63 14.5110
8 263 84 18.5300
8 264 27 6.0798
8 265 96 19.4796
8 266 47 9.6582
8 267 40 8.8333
8 268 9 1.6717
8 269 370 91.4233
8 270 98 22.0532
8 271 98 22.8131
8 273 226 47.6165
8 274 50 9.4453
8 276 226 45.6617
8 277 21 4.7045
8 278 475 128.7018
8 280 2272 622.0988
8 282 325 88.4116
8 283 800 192.7053
8 284 387 88.1815
8 285 29 6.3759
8 286 152 23.5190
8 287 52 9.9797
8 288 289 70.1427
8 289 879 243.2899
8 290 24 4.7145
8 291 2 0.5050
8 292 44 10.2822
8 293 200 43.5117
8 294 285 72.4088
8 295 135 29.9355
8 296 267 58.5938
8 297 3783 1036.4061
8 298 41 8.5150
8 299 1318 267.0979
8 300 136 35.5034
8 301 1 0.1264
8 303 3 0.6574
8 304 96 19.1191
8 305 468 104.5600
8 306 69 13.1365
8 307 93 19.7562
8 308 2651 731.3559
8 309 19 3.4104
8 310 65 14.5559
8 311 52 10.3272
8 312 23 4.2465
8 313 8 1.5256
8 314 73 14.2571
8 315 2 0.3781
8 316 85 24.7109
8 317 22 4.3291
8 319 662 172.2800
8 320 74 15.3549
8 321 5 1.0845
8 322 117 21.9476
8 323 1613 371.8163
8 324 1041 307.0976
8 325 55 11.5471
8 326 122 26.0432
8 328 5 1.0915
8 329 153 30.7872
8 330 20 4.1239
8 331 2 0.3463
8 332 186 39.9767
8 333 768 166.9193
8 334 23 4.7764
8 335 4 0.7565
8 336 205 40.1420
8 337 216 43.6988
8 338 85 17.3900
8 339 9 1.7566
8 340 110 25.0980
8 341 919 200.6846
8 342 6 1.1795
8 343 3 0.6259
8 345 58 11.6202
8 346 154 39.3107
8 347 97 25.5224
8 348 1176 270.0806
8 349 50 12.1044
8 351 2 0.3313
8 352 230 47.4355
8 353 62 18.1923
8 354 11 1.7900
8 355 1 0.1940
8 356 601 154.0182
8 357 631 180.2009
8 358 6 1.2512
8 359 28 5.2721
8 360 1457 301.8207
8 361 10 1.8641
8 362 18 3.2885
8 363 4 0.6704
8 364 9 1.7310
8 365 277 59.5943
8 366 7 1.7905
8 367 605 144.9109
8 368 1 0.1888
8 369 29 5.7929
8 370 60 11.8641
8 371 2 0.4402
8 373 115 23.7988
8 374 87 20.2715
8 375 174 29.2275
8 376 4 0.7397
8 377 163 39.0322
8 378 170 37.6111
8 379 61 12.7433
8 380 3925 861.5453
8 381 434 101.4508
8 382 297 66.5541
8 383 2 0.4287
9 1 69 15.4248
9 2 238 53.8270
9 3 545 131.6793
9 4 51 9.6256
9 5 160 43.9324
9 6 1 0.1983
9 7 142 29.4836
9 8 5 1.1503
9 9 32 7.3878
9 10 251 56.8846
9 11 53 11.4308
9 12 145 27.1552
9 13 255 67.0685
9 14 57 10.8166
9 15 23 5.1136
9 16 11 2.2726
9 17 163 35.9257
9 18 499 134.0884
9 19 10 2.4631
9 20 247 63.6717
9 21 7 1.4426
9 22 65 13.5933
9 23 30 5.9402
9 25 4 0.7915
9 26 532 118.7341
9 27 361 85.5943
9 28 16 2.7966
9 29 35 7.0034
9 30 476 96.2350
9 31 1435 315.1875
9 32 137 27.9142
9 33 394 101.5177
9 34 69 11.2564
9 35 143 29.5889
9 36 17 4.2449
9 37 264 55.9190
9 38 72 15.8559
9 39 117 21.4337
9 40 372 98.3951
9 41 30 5.9211
9 42 1125 301.7674
9 43 33 7.2327
9 45 22 4.6947
9 46 26 5.6945
9 47 10 2.0664
9 48 207 40.2054
9 49 3225 778.6911
9 50 9 1.7954
9 51 1453 376.8652
9 52 884 215.2847
9 53 23 4.5441
9 54 35 6.7034
9 55 15 3.1090
9 56 31 6.4271
9 57 69 13.0033
9 58 2139 518.9376
9 60 8 1.5367
9 61 1 0.2080
9 62 163 35.9446
9 63 127 23.0771
9 64 8 1.4895
9 65 13 2.9409
9 66 4 0.9365
9 68 239 60.2439
9 69 2085 474.8011
9 70 187 42.2626
9 71 7 1.2626
9 72 17 3.4040
9 73 987 255.4225
9 74 2 0.3019
9 75 83 23.0165
9 77 1398 304.5653
9 78 3 0.5975
9 79 121 26.1022
9 80 11 2.1837
9 81 298 63.0445
9 82 9397 2657.6273
9 84 41 10.3650
9 85 28 6.4872
9 86 145 35.7742
9 87 7 1.4422
9 88 328 67.6588
9 89 10 2.1920
9 90 183 42.0254
9 91 781 195.8491
9 92 99 19.9687
9 93 1578 457.1202
9 94 2 0.4442
9 95 23 4.4671
9 96 5 1.1885
9 97 65 12.6001
9 98 1166 287.2930
9 99 103 23.0623
9 100 94 19.5649
9 101 58 12.9452
9 102 1016 291.9531
9 103 187 40.4720
9 104 326 75.9582
9 105 153 32.7522
9 107 667 170.0739
9 108 38 7.0974
9 109 90 19.1790
9 110 245 62.7309
9 111 171 47.3518
9 112 134 25.7860
9 113 11 2.5303
9 114 184 35.0095
9 115 304 80.5082
9 116 29 7.0805
9 117 12 2.2043
9 118 8 1.7483
9 119 161 40.1491
9 120 4127 1164.4239
9 121 46 10.5701
9 122 174 34.2920
9 124 654 142.9090
9 125 389 96.3605
9 126 5 1.0538
9 127 725 190.7902
9 128 308 83.5903
9 129 94 21.9914
9 130 4 0.8735
9 131 362 84.1757
9 132 744 167.6882
9 133 9 1.9624
9 134 10481 2747.6160
9 135 30 11.8534
9 136 3924 1062.8143
9 137 686 175.2617
9 138 3808 971.2499
9 139 182 38.6728
9 140 2849 674.3371
9 141 169 45.0550
9 142 223 51.2727
9 143 150 31.2213
9 144 123 27.0433
9 145 15 2.8526
9 146 921 232.6908
9 147 221 55.5205
9 148 18 4.0326
9 149 132 32.2020
9 150 3286 810.6553
9 151 1 0.2343
9 152 158 34.2279
9 153 698 163.4559
9 154 48 10.6533
9 155 54 12.7528
9 156 25 4.6930
9 158 553 142.1133
9 159 113 25.3884
9 160 3477 927.2348
9 161 217 47.9210
9 162 8 1.4034
9 163 240 53.4382
9 164 7 1.6375
9 165 119 22.4464
9 166 141 30.5760
9 167 58 12.5333
9 168 276 58.8969
9 169 115 24.1957
9 170 108 24.5956
9 171 42 7.9458
9 172 53 11.6662
9 173 179 37.8166
9 175 21 3.8077
9 176 8 1.7057
9 177 497 125.0279
9 178 305 58.3075
9 179 43 9.5449
9 180 442 112.0732
9 182 1 0.1761
9 183 87 17.4524
9 184 42 11.6688
9 185 53 9.7179
9 186 145 36.4633
9 187 3610 807.8539
9 188 198 45.8712
9 190 365 79.9853
9 191 69 15.1054
9 192 110 23.5931
9 193 173 39.3157
9 194 10 2.2392
9 195 2661 637.0078
9 196 4 0.9224
9 197 678 160.3049
9 198 56 12.4105
9 199 1095 241.4975
9 200 107 24.2932
9 201 1197 307.8281
9 202 26 6.2393
9 203 1071 264.6020
9 204 2 0.4149
9 205 858 211.2218
9 206 53 13.6165
9 207 19 4.2716
9 208 2109 542.5521
9 209 38 8.2565
9 210 12 2.7672
9 211 426 90.3457
9 212 580 145.6628
9 213 16 3.2637
9 214 100 19.0608
9 215 125 24.0286
9 216 325 86.7455
9 217 91 17.4205
9 218 46 9.6652
9 219 15 2.8877
9 220 866 204.3536
9 221 22 3.8835
9 222 934 257.3175
9 223 2545 641.6965
9 224 42 8.5857
9 225 6 1.3495
9 226 35 6.0916
9 227 255 53.1594
9 228 342 78.3797
9 229 200 45.1091
9 230 202 53.5547
9 231 340 76.3633
9 232 111 27.0434
9 233 310 59.0661
9 234 325 75.2017
9 235 496 105.1403
9 236 240 51.0177
9 237 4 0.6966
9 238 220 49.9910
9 239 596 131.8134
9 240 52 9.1702
9 241 97 21.4813
9 242 252 56.6108
9 243 35 6.2932
9 244 300 78.0715
9 245 412 103.6363
9 246 450 114.3666
9 247 22 4.4004
9 248 348 71.2442
9 249 91 21.0689
9 250 37 7.6733
9 251 26 6.6728
9 252 47 10.8259
9 254 93 22.4042
9 255 928 176.7566
9 256 3593 900.3787
9 257 2587 717.0933
9 258 259 55.3498
9 259 2 0.4183
9 260 1 0.2403
9 261 14 3.0712
9 262 1430 343.4557
9 263 1451 362.2315
9 264 925 240.0707
9 265 157 40.5799
9 266 172 40.6992
9 267 91 22.1038
9 268 37 8.3722
9 269 121 25.7385
9 270 126 26.6292
9 271 168 35.3127
9 272 15 2.7516
9 273 1348 353.2748
9 274 76 21.0141
9 275 1 0.1427
9 276 16 3.1915
9 277 40 7.8183
9 278 95 21.6873
9 279 53 12.5407
9 280 842 211.7440
9 281 23 5.3363
9 282 744 199.9480
9 283 5 0.8262
9 284 175 36.7400
9 285 3472 989.8678
9 286 351 74.6815
9 287 186 41.1275
9 288 149 36.2905
9 289 159 46.9369
9 290 28 5.6702
9 291 132 24.9434
9 292 51 9.9440
9 293 101 20.6902
9 294 293 81.5476
9 295 17 3.7357
9 296 156 47.0381
9 297 285 60.5201
9 298 149 32.1273
9 299 41 7.2876
9 301 185 43.9278
9 302 322 77.8313
9 303 23 4.6780
9 305 64 14.5369
9 306 54 9.6829
9 307 14 3.2050
9 308 3062 784.4364
9 309 44 8.8882
9 310 1107 261.8018
9 311 115 19.5449
9 312 575 132.5074
9 313 113 27.8797
9 314 178 42.1156
9 315 229 53.5715
9 316 8 1.8452
9 317 47 9.4883
9 319 668 187.4566
9 320 635 160.0654
9 321 7 1.4168
9 322 8 1.9632
9 323 3 0.6036
9 324 209 52.2196
9 325 8 1.8845
9 326 229 48.9123
9 327 512 116.7695
9 328 1571 389.3354
9 329 586 138.1637
9 331 1 0.1782
9 332 93 19.0301
9 333 1172 305.0549
9 334 2 0.4415
9 335 70 16.3461
9 336 8 2.1593
9 337 190 41.1100
9 338 10 2.4476
9 339 1 0.1781
9 340 1 0.2107
9 341 3300 859.9696
9 342 356 94.6885
9 343 117 31.6701
9 344 9 1.9604
9 345 224 66.6490
9 346 135 27.2397
9 347 61 11.4688
9 348 280 58.5504
9 349 79 15.7375
9 350 104 26.0474
9 351 978 218.0692
9 353 221 46.6212
9 354 1103 348.4828
9 355 13 3.2011
9 356 1 0.2902
9 357 66 13.7342
9 358 3 0.7617
9 359 51 9.0253
9 361 95 19.9187
9 362 1316 357.4868
9 363 33 6.1332
9 364 644 158.4330
9 365 14 2.7253
9 366 374 81.9905
9 367 152 31.2430
9 368 966 292.8232
9 369 1068 243.6262
9 370 43 9.4015
9 371 52 9.7137
9 372 98 20.3671
9 373 257 56.8522
9 374 9 1.7210
9 375 27 5.1300
9 376 35 6.6691
9 377 1874 474.1765
9 378 179 38.4171
9 379 565 126.2790
9 380 36 8.5349
9 382 3 0.6435
9 383 209 45.7488
10 0 58 12.2032
10 1 1501 374.5513
10 2 584 137.1448
10 3 335 81.8956
10 4 38 7.0843
10 5 26 5.5277
10 6 3 0.6768
10 7 3253 854.5303
10 8 402 93.6069
10 9 423 93.9800
10 10 1 0.1828
10 11 209 51.7098
10 12 31 5.9874
10 13 7 1.6597
10 14 52 10.2246
10 15 129 25.7036
10 16 15 2.8113
10 17 336 83.9638
10 18 1 0.2068
10 19 7 1.4384
10 20 47 8.9993
10 21 1 0.2306
10 22 104 23.7244
10 23 93 19.1962
10 24 2 0.4603
10 25 766 209.1940
10 26 46 8.5131
10 27 137 32.4922
10 28 24 5.7507
10 29 3 0.7103
10 30 311 72.5504
10 31 27 5.2348
10 32 77 16.3708
10 33 146 37.3537
10 34 1751 398.1767
10 35 1526 376.2062
10 36 67 13.3993
10 37 12 2.7034
10 38 37 7.4490
10 39 223 52.4288
10 40 52 10.4562
10 41 687 170.6188
10 42 579 123.5073
10 43 3 0.5606
10 44 1559 424.4130
10 45 937 221.5430
10 47 186 41.6824
10 48 147 34.1427
10 49 1145 244.3821
10 50 799 195.0782
10 51 5 1.1932
10 52 38 9.2783
10 53 1 0.2123
10 54 879 237.8817
10 55 4 0.8507
10 56 386 82.2902
10 57 712 195.9149
10 58 1445 312.8457
10 59 469 107.9810
10 60 1001 238.6939
10 61 36 6.5845
10 62 824 203.9309
10 63 35 7.3128
10 64 17 3.8533
10 65 15 2.9974
10 66 123 25.7863
10 67 101 24.6580
10 68 497 104.8587
10 69 1663 431.1930
10 70 91 22.1597
10 71 461 97.8316
10 72 1178 276.6687
10 74 313 64.9495
10 75 1435 400.3888
10 76 12 2.3912
10 77 75 15.4157
10 78 329 71.7245
10 79 58 12.2811
10 80 436 96.4797
10 81 2 0.4064
10 82 10 1.5425
10 83 8 1.4993
10 84 846 208.6767
10 85 153 33.2929
10 86 34 6.3786
10 87 128 28.8258
10 88 4 0.7950
10 89 9 1.9846
10 90 78 15.8613
10 91 373 102.9131
10 92 411 93.7008
10 93 1546 384.5637
10 94 83 19.1698
10 95 5700 1709.8606
10 96 2060 570.6895
10 97 345 81.4303
10 98 67 13.7830
10 99 22 4.8178
10 100 78 17.5434
10 101 1138 284.5815
10 102 174 36.8258
10 103 5 0.8014
10 104 257 56.9816
10 105 83 20.9024
10 106 66 12.9998
10 107 200 45.1334
10 108 39 8.0703
10 109 173 43.7875
10 110 22 4.8457
10 111 152 34.2037
10 112 17 3.4323
10 113 115 25.6685
10 114 75 14.9964
10 115 5 1.1760
10 116 1 0.2632
10 117 73 17.4666
10 118 15 3.2707
10 119 33 7.0712
10 120 29 7.3378
10 121 65 12.8230
10 122 11 2.7983
10 123 6 1.5884
10 124 1686 416.7532
10 125 59 13.6915
10 126 42 8.4768
10 127 935 274.6017
10 128 83 19.6085
10 129 51 10.2820
10 130 70 14.3736
10 131 27 5.5137
10 132 46 11.5295
10 133 50 10.0697
10 134 769 166.9034
10 135 17 3.5309
10 136 22 4.1695
10 137 22 4.4868
10 138 82 17.0006
10 140 2513 614.8708
10 141 47 9.1541
10 142 71 18.1347
10 143 322 74.8518
10 144 8 1.7359
10 145 364 82.8902
10 146 695 149.1268
10 147 1041 232.6954
10 148 529 145.3937
10 149 462 112.7150
10 151 38 7.7884
10 152 193 42.5768
10 153 443 112.2798
10 154 155 38.1131
10 155 507 124.8475
10 156 45 9.5373
10 157 257 55.5320
10 158 59 13.8389
10 159 320 75.3640
10 160 15 3.1465
10 161 518 110.7235
10 162 1 0.1982
10 163 935 228.4762
10 164 22 4.6090
10 165 2361 616.2471
10 166 292 76.1762
10 167 51 12.4423
10 168 99 22.4028
10 169 32 7.8403
10 170 676 167.0787
10 171 456 102.5340
10 172 35 6.6314
10 173 81 17.4830
10 174 11 1.8109
10 175 43 8.5075
10 176 14 2.9360
10 178 17 3.0018
10 179 1428 360.5325
10 180 2 0.4715
10 181 24 5.4741
10 182 2867 897.8429
10 183 16 3.6637
10 184 56 10.2518
10 185 25 5.2187
10 187 104 25.3591
10 188 1736 414.5406
10 190 8 1.5032
10 191 50 9.7448
10 192 742 190.5476
10 193 1625 387.6785
10 194 87 18.0294
10 195 39 9.2589
10 196 42 8.4818
10 197 16 3.7419
10 198 54 10.3630
10 199 121 23.8928
10 200 61 12.1719
10 201 189 41.4283
10 202 72 14.0108
10 203 3 0.6675
10 204 11 2.1739
10 206 4 0.8580
10 207 157 31.9841
10 208 24 6.3494
10 209 223 54.3074
10 210 460 127.0782
10 211 24 4.4682
10 212 209 46.6429
10 213 162 33.2143
10 214 58 11.6996
10 215 13 2.5930
10 216 894 220.1940
10 217 3 0.6392
10 218 50 12.8380
10 219 14 4.1076
10 220 98 19.6019
10 221 63 15.9466
10 222 41 8.3065
10 223 56 12.6253
10 224 137 24.2003
10 225 118 31.4269
10 226 10 2.3001
10 227 542 136.1849
10 228 5 0.9466
10 229 1178 286.0376
10 230 305 73.1292
10 231 18 3.4102
10 232 567 150.2677
10 233 248 59.4255
10 234 206 49.2205
10 235 24 4.5633
10 236 49 10.3055
10 237 323 83.9496
10 238 572 127.5697
10 239 30 6.4147
10 240 3 0.4901
10 241 40 7.8219
10 242 66 13.0738
10 243 101 20.8078
10 244 124 29.4181
10 245 1296 320.3582
10 246 73 15.2737
10 247 93 18.5224
10 248 85 18.5927
10 249 209 49.8447
10 250 11 2.1248
10 251 158 36.2996
10 252 2 0.4004
10 253 2424 573.6921
10 254 1 0.1827
10 255 725 194.7021
10 256 222 59.5691
10 257 520 133.5434
10 258 619 151.4654
10 259 25 4.9488
10 260 1 0.2487
10 261 11 2.1572
10 262 8 2.0243
10 263 10913 2865.0796
10 264 63 13.9863
10 265 84 16.6900
10 266 439 122.5049
10 267 1097 294.2014
10 268 61 14.6801
10 269 746 161.0625
10 270 2 0.4823
10 271 2690 602.9100
10 272 24 4.9824
10 273 671 160.6173
10 274 690 162.2360
10 275 20 3.9773
10 276 32 6.7103
10 277 403 86.6141
10 278 99 22.5674
10 279 160 41.3202
10 280 7 1.4070
10 281 17 3.6906
10 282 6 1.1944
10 283 75 15.0038
10 284 5132 1543.1564
10 286 221 52.2524
10 287 97 23.9753
10 288 74 16.8721
10 289 210 41.3777
10 290 11 2.1823
10 291 36 7.5677
10 292 205 51.9696
10 293 44 7.7357
10 294 11 2.1649
10 295 279 64.0484
10 296 74 15.0401
10 297 687 168.8572
10 298 1244 256.5833
10 299 112 28.6585
10 300 115 24.0672
10 301 2 0.4314
10 302 1073 271.3846
10 303 1479 324.4903
10 304 398 91.0763
10 305 841 192.6627
10 306 443 105.2531
10 307 2701 605.1147
10 308 181 39.9666
10 309 124 25.1595
10 310 183 36.3062
10 311 41 8.0567
10 312 234 58.9888
10 314 61 12.2256
10 315 250 50.8287
10 316 28 5.1234
10 317 2263 554.5323
10 318 29 6.4964
10 319 25 5.2768
10 320 1528 362.6142
10 321 9 1.7560
10 322 30 8.0579
10 323 56 11.7740
10 324 1666 397.8858
10 325 55 11.4521
10 326 57 13.3328
10 327 1 0.2527
10 329 29 6.7274
10 330 695 172.9063
10 331 176 35.8639
10 332 5 1.0366
10 333 40 7.8437
10 334 420 115.5472
10 335 37 9.7703
10 336 2188 585.3195
10 337 132 29.0307
10 338 2884 752.7535
10 339 3909 1084.1137
10 340 3434 916.3190
10 341 889 221.6317
10 342 23 6.5100
10 343 2688 651.8584
10 344 46 11.1856
10 345 59 10.8565
10 346 897 227.6771
10 347 54 12.8797
10 348 38 7.6290
10 349 1210 272.8365
10 350 314 90.8996
10 352 6 1.1429
10 353 239 51.7252
10 354 38 7.1518
10 355 136 28.5430
10 356 44 10.6086
10 357 220 50.1191
10 358 41 8.2139
10 359 10 2.1784
10 361 169 35.9488
10 362 371 97.9115
10 363 42 8.2662
10 364 374 87.3444
10 365 1400 327.4924
10 366 2 0.4476
10 368 17 2.9899
10 369 40 8.2071
10 370 360 80.2791
10 371 795 181.4892
10 372 18 4.2566
10 373 202 47.0514
10 374 530 140.7259
10 375 1730 427.9566
10 376 150 38.0401
10 377 2562 654.8156
10 378 657 176.1022
10 379 177 47.0088
10 380 362 82.9369
10 381 38 8.7695
10 382 4 0.8367
10 383 46 9.0235
11 0 325 91.2148
11 2 88 16.7729
11 3 40 7.3733
11 4 132 25.6834
11 5 1051 252.8579
11 6 31 6.1264
11 7 160 41.1128
11 8 114 25.9190
11 9 671 152.5001
11 10 197 37.8928
11 11 488 122.0789
11 13 326 86.2514
11 14 637 135.3128
11 15 495 119.2713
11 16 49 10.2153
11 17 401 87.0771
11 18 197 39.0450
11 19 286 67.1371
11 20 79 21.4910
11 21 265 64.8786
11 22 47 12.5938
11 23 19 3.7146
11 24 120 36.9599
11 25 296 83.4235
11 26 1034 227.3118
11 27 643 151.3396
11 28 622 163.7421
11 29 21 3.7002
11 30 199 41.2997
11 31 2 0.4455
11 32 164 32.9985
11 33 105 27.6851
11 34 1402 355.7651
11 35 1147 244.7098
11 36 1623 426.7679
11 37 3 0.6520
11 38 2 0.4953
11 39 51 11.2787
11 40 7 1.3096
11 41 2209 508.6798
11 43 136 33.2048
11 44 112 22.1183
11 45 107 20.2142
11 46 737 170.5997
11 47 41 10.5662
11 48 785 194.2300
11 49 118 24.1503
11 50 1456 343.3954
11 51 26 4.7287
11 52 462 104.5827
11 54 69 13.0868
11 55 18 3.2215
11 56 267 58.6174
11 58 7 1.2725
11 59 5 0.8180
11 60 1243 335.5317
11 61 7 1.2741
11 62 38 8.1803
11 63 159 30.0713
11 64 966 230.2747
11 65 1154 289.3458
11 66 881 198.4693
11 67 36 6.6184
11 68 120 24.1382
11 69 48 8.9444
11 70 378 103.4418
11 71 159 31.4325
11 72 11 2.3054
11 73 720 164.1807
11 74 22 4.4254
11 76 49 9.7809
11 77 1057 219.6736
11 78 2 0.3213
11 79 289 67.8115
11 80 18 3.4342
11 81 226 49.4563
11 82 146 33.8403
11 83 77 19.1059
11 84 97 18.6973
11 85 74 13.8041
11 86 94 17.9765
11 87 159 28.9648
11 88 350 81.8672
11 89 1 0.1475
11 90 484 112.0416
11 91 5 1.0744
11 92 56 12.3647
11 93 33 6.7512
11 94 484 123.3689
11 95 3 0.5695
11 96 264 70.9931
11 97 76 14.7758
11 98 5641 1791.7329
11 99 965 215.1630
11 100 226 42.1783
11 101 478 115.7641
11 102 73 15.7662
11 103 67 14.0585
11 104 31 5.8156
11 105 440 101.1953
11 106 19 3.6608
11 108 291 58.1416
11 109 2839 855.6736
11 110 22 4.0848
11 111 558 145.8720
11 112 13 2.9045
11 113 8 1.4598
11 114 308 67.2831
11 116 122 30.2067
11 117 25 4.6881
11 118 11 2.0453
11 119 408 89.7030
11 120 163 31.2227
11 121 269 57.2483
11 122 33 7.5840
11 123 35 6.6120
11 124 229 52.1508
11 125 212 43.3724
11 126 276 65.4142
11 127 28 5.3288
11 128 266 64.9878
11 129 206 42.4669
11 130 106 21.2555
11 131 827 187.0261
11 132 5 0.9675
11 133 25 6.0195
11 134 1 0.2222
11 135 22 3.6207
11 136 5 0.8494
11 137 63 13.5521
11 138 72 12.5717
11 139 40 7.3426
11 140 482 129.8998
11 141 304 65.7383
11 142 150 34.0944
11 143 243 51.3289
11 144 102 20.0240
11 145 21 4.7973
11 146 7 1.5775
11 147 2009 551.9244
11 148 1061 267.1844
11 149 196 44.6026
11 150 32 6.4095
11 151 26 4.9377
11 152 14 2.9044
11 153 48 9.5536
11 154 134 26.3315
11 155 15 2.6440
11 156 28 5.3616
11 158 30 5.3542
11 159 2 0.4673
11 160 28 5.6198
11 161 76 15.3374
11 162 346 82.2709
11 163 11 2.4111
11 164 322 71.6979
11 165 607 112.1902
11 166 950 223.0311
11 167 75 19.6303
11 168 247 59.0184
11 169 8 1.8022
11 170 250 54.7012
11 171 376 94.0572
11 172 260 56.9106
11 173 36 8.2662
11 174 55 11.6891
11 175 2185 490.2835
11 176 109 21.3055
11 178 3 0.5241
11 179 79 16.0301
11 180 2711 675.0744
11 181 80 20.4741
11 182 70 14.2942
11 183 11 1.9781
11 184 51 9.8643
11 185 51 10.4613
11 186 5 0.8482
11 187 30 6.6653
11 188 4 0.7600
11 189 3386 875.4314
11 190 56 11.1246
11 191 49 10.7145
11 192 246 53.9109
11 194 49 10.0425
11 195 873 211.9597
11 196 53 10.0952
11 197 14 2.3776
11 198 2310 547.0865
11 199 18 4.1627
11 200 28 8.0163
11 201 90 19.2217
11 202 2 0.4156
11 203 692 173.3225
11 204 9 1.6502
11 205 99 21.8697
11 206 24 4.6558
11 207 20 5.2956
11 208 689 168.4621
11 209 1440 352.9766
11 210 61 12.2616
11 211 28 6.5951
11 212 541 135.8076
11 213 56 11.8573
11 214 122 21.6291
11 215 296 70.4939
11 216 343 77.0858
11 217 2 0.4042
11 218 46 10.2932
11 220 556 138.8767
11 221 3168 819.2065
11 222 89 18.6080
11 223 23 4.9343
11 224 436 113.2923
11 225 1468 369.6794
11 226 981 231.1059
11 227 3000 767.4574
11 228 8 1.5990
11 229 13 2.8462
11 230 875 189.6720
11 231 1935 464.0988
11 232 362 82.8522
11 233 4963 1453.5777
11 234 31 5.7845
11 235 724 169.5529
11 236 195 41.1993
11 237 882 202.9804
11 238 1 0.1734
11 239 189 41.6489
11 240 24 4.5435
11 241 120 23.2370
11 242 111 27.8941
11 243 77 19.2839
11 244 16 3.2568
11 245 24 5.7661
11 246 82 15.9313
11 247 4 0.7900
11 248 210 49.2259
11 249 19 4.5594
11 250 93 16.8174
11 251 7 1.8795
11 252 23 5.3007
11 253 257 65.3044
11 254 86 21.5257
11 255 1487 323.6715
11 256 71 15.7281
11 257 57 11.6016
11 258 13 2.8768
11 259 2207 531.5257
11 260 30 6.3126
11 261 87 22.3247
11 262 2324 564.3138
11 263 10 3.0618
11 264 15 3.0413
11 265 32 7.0327
11 266 73 15.5923
11 267 23 3.8273
11 268 14 2.7145
11 269 31 6.0554
11 270 156 34.2063
11 271 2427 518.9064
11 273 521 160.2553
11 274 3 0.7446
11 275 76 21.7147
11 276 37 8.1085
11 277 156 29.0381
11 278 69 15.9326
11 279 243 59.1511
11 280 375 91.1007
11 281 151 29.6487
11 282 74 14.5902
11 283 217 54.0486
11 284 164 36.1297
11 285 5 1.1899
11 286 1289 299.1447
11 287 80 16.1431
11 288 608 137.2650
11 289 81 20.8694
11 290 130 29.6353
11 291 17 3.6588
11 292 54 10.2364
11 293 1 0.2466
11 294 3412 869.3934
11 295 68 19.7701
11 296 22 4.7763
11 297 128 31.3616
11 298 80 18.2156
11 299 15 3.3018
11 301 18 3.5234
11 302 443 107.2523
11 303 40 7.6165
11 304 5432 1476.0046
11 305 31 6.3360
11 306 758 169.0647
11 307 297 73.9035
11 308 1102 284.5097
11 309 216 46.6869
11 310 28 5.7018
11 311 2 0.4660
11 313 779 193.7247
11 314 1142 232.7182
11 315 316 79.2205
11 316 26 4.9724
11 317 125 26.0426
11 318 2 0.4031
11 319 667 138.0211
11 320 590 141.1426
11 321 501 112.4707
11 322 9 1.4087
11 323 90 17.0494
11 324 2 0.3668
11 325 54 14.8767
11 326 1052 227.6072
11 327 500 109.6189
11 328 143 29.9631
11 329 84 23.8629
11 330 188 40.3630
11 331 15 2.9101
11 332 2199 619.1597
11 333 2 0.4544
11 334 6 1.1174
11 335 18 3.6349
11 336 47 9.0063
11 337 273 69.4673
11 338 346 69.9762
11 339 71 13.2933
11 340 102 22.3434
11 341 26 4.6663
11 342 9 1.7609
11 343 2086 558.4470
11 344 589 122.7590
11 345 11718 3308.1420
11 346 901 208.8845
11 347 12 2.4016
11 348 7 1.9894
11 349 2931 742.1225
11 350 2 0.3692
11 351 232 48.1269
11 352 1 0.2492
11 353 340 80.5982
11 354 7 1.7293
11 355 763 175.4674
11 356 483 125.1104
11 357 756 193.4775
11 358 3 0.4805
11 359 641 166.5429
11 360 10 1.8665
11 361 20 3.8193
11 362 63 12.4422
11 363 2187 633.1150
11 365 156 34.0883
11 366 80 15.4284
11 367 5 0.9823
11 368 12 2.3461
11 369 1843 421.2264
11 370 118 29.3295
11 371 121 23.8412
11 372 3 0.7203
11 373 5 0.8913
11 374 91 20.6317
11 375 285 61.1408
11 376 288 71.1036
11 377 36 7.1479
11 378 196 40.3015
11 379 4486 1222.0945
11 380 16 3.2448
11 381 59 10.9845
11 382 1 0.2449
11 383 1 0.1828
12 0 108 26.5850
12 1 5 1.0127
12 2 50 9.9744
12 3 21 4.1248
12 4 28 5.1565
12 5 2303 561.2007
12 6 277 71.8452
12 7 44 11.1107
12 8 359 85.7175
12 9 19 3.3391
12 10 141 32.5176
12 11 376 86.7623
12 12 572 147.8172
12 13 61 13.5574
12 14 29 5.5323
12 16 1256 307.0941
12 17 446 92.3563
12 18 1399 369.8436
12 19 143 27.7978
12 20 131 32.2188
12 21 21 4.2487
12 22 32 6.1058
12 23 106 22.0055
12 24 8 1.5446
12 25 1107 249.3056
12 26 20 3.8871
12 27 402 109.0275
12 29 19 4.2469
12 30 18 4.4475
12 31 264 60.2976
12 32 794 214.3020
12 33 76 18.4852
12 34 589 125.5429
12 35 290 71.8044
12 36 13 3.7384
12 37 11 2.4130
12 38 143 27.8847
12 39 523 128.3423
12 40 50 11.3398
12 41 398 89.1961
12 42 1221 339.0658
12 43 4 0.8110
12 44 123 31.6162
12 45 201 41.1597
12 46 199 43.1182
12 47 119 24.1894
12 48 359 73.4125
12 49 10 2.4044
12 50 14 2.6025
12 51 15 3.4635
12 52 27 5.6636
12 53 330 81.4985
12 54 58 11.9615
12 55 207 43.3367
12 56 15 3.0581
12 57 80 17.1189
12 58 1875 470.2446
12 59 306 68.1676
12 60 207 40.5706
12 61 19 4.0673
12 62 2118 556.7026
12 63 25 5.2750
12 64 188 46.1764
12 65 9 1.9086
12 66 149 32.6543
12 67 3655 954.1060
12 68 6 1.1377
12 69 864 237.9210
12 70 34 6.8397
12 71 174 39.1609
12 72 7 1.7052
12 73 22 4.5097
12 74 111 24.0565
12 75 27 6.4221
12 76 78 15.9495
12 77 1300 335.5467
12 78 74 15.5111
12 79 6 1.3291
12 80 2 0.4333
12 81 34 6.8237
12 82 38 7.1989
12 83 146 31.7728
12 84 9 1.8443
12 85 304 68.8828
12 86 349 80.8695
12 87 773 204.5233
12 88 1458 462.4070
12 89 64 14.3880
12 90 195 43.4405
12 91 25 5.3145
12 92 20 4.7331
12 93 74 17.3745
12 94 10 2.6727
12 95 2040 492.7417
12 96 124 29.8147
12 97 176 35.4176
12 98 33 7.8401
12 99 147 27.9541
12 100 973 279.6746
12 101 47 12.4823
12 102 1361 304.2496
12 103 13 2.5603
12 104 37 7.5834
12 105 1001 252.1259
12 106 70 16.5172
12 107 185 38.5175
12 109 365 100.3541
12 110 88 18.2605
12 111 97 24.4261
12 112 8 1.9849
12 113 52 10.4298
12 114 41 9.8323
12 115 237 53.8865
12 116 750 169.1859
12 117 5 0.9240
12 118 1157 290.1427
12 119 315 66.2359
12 120 714 143.4887
12 121 11 2.5782
12 122 246 61.8189
12 123 1231 320.1183
12 124 2796 759.4346
12 125 98 21.0533
12 126 1483 343.7807
12 127 141 33.5802
12 128 7 1.2098
12 129 69 16.7997
12 130 15 2.7751
12 131 94 21.9037
12 132 19 3.8631
12 133 67 13.8293
12 134 2029 532.6708
12 135 49 9.4969
12 136 49 9.3546
12 137 1148 280.2065
12 138 1007 254.3141
12 139 2392 639.1759
12 140 180 39.4682
12 141 2258 582.2911
12 142 227 44.4122
12 143 1 0.2429
12 144 66 12.5624
12 145 58 11.0358
12 146 64 13.0543
12 147 58 11.9866
12 149 19 3.7757
12 150 67 15.9657
12 151 1676 455.0417
12 152 207 40.2784
12 153 2 0.3083
12 154 29 6.6702
12 155 3139 784.9407
12 156 40 8.1834
12 157 29 6.0978
12 158 320 74.8094
12 159 467 96.5238
12 160 20 4.3280
12 161 1961 473.4632
12 162 1 0.1757
12 163 1 0.1497
12 165 3977 1012.7446
12 166 10 1.9049
12 167 68 14.7392
12 168 31 9.9589
12 169 1536 369.6308
12 170 58 11.3506
12 171 1062 224.7270
12 172 52 10.1623
12 173 379 93.1833
12 174 1622 395.6285
12 175 470 111.3593
12 176 499 122.1439
12 177 24 5.9854
12 178 1 0.1800
12 179 141 29.2968
12 180 1459 333.8918
12 181 15 3.6753
12 182 823 197.2572
12 183 425 96.3738
12 184 1 0.2543
12 185 10 2.3058
12 186 368 80.3999
12 187 26 7.1812
12 188 261 58.2097
12 189 1941 488.5007
12 190 3 0.7030
12 191 122 23.2772
12 192 116 25.6762
12 193 26 5.4089
12 194 396 104.8817
12 195 630 144.5540
12 196 1069 273.4800
12 197 8 1.5441
12 198 2560 632.5576
12 199 87 17.2911
12 200 2253 641.1636
12 201 74 13.5123
12 202 173 36.9375
12 203 6 1.1454
12 204 54 10.5241
12 205 3 0.6148
12 206 7 1.6843
12 207 1880 436.8768
12 208 2428 719.5824
12 209 251 59.7739
12 210 581 130.1537
12 211 106 21.3224
12 212 309 92.0120
12 213 182 36.4686
12 214 86 17.6307
12 215 72 17.0777
12 216 113 23.3456
12 217 150 34.4234
12 218 81 21.9574
12 219 135 28.6808
12 221 4658 1386.6079
12 222 146 36.2264
12 223 223 52.4790
12 224 7 1.6687
12 225 82 20.4088
12 226 6 1.1319
12 227 150 32.1221
12 228 33 7.5460
12 229 84 18.9274
12 230 172 41.8119
12 231 123 31.1002
12 232 22 4.2199
12 233 19 5.0733
12 234 7 1.2020
12 235 279 65.3620
12 236 244 57.1914
12 237 100 19.8656
12 238 31 6.6142
12 239 254 59.9882
12 240 619 142.4542
12 241 20 4.2873
12 242 277 55.7381
12 243 1286 285.8017
12 245 50 9.4499
12 246 1298 316.7833
12 247 93 20.3511
12 248 79 20.5372
12 249 792 187.3072
12 250 32 6.7835
12 251 114 26.9769
12 252 701 171.5952
12 253 58 14.6733
12 254 51 12.3067
12 255 1235 292.1350
12 256 21 4.1649
12 257 41 7.8720
12 258 35 6.8591
12 259 45 8.7113
12 260 11 2.0140
12 261 717 171.1031
12 262 431 91.1713
12 263 245 55.9765
12 264 240 50.9318
12 265 720 167.9776
12 266 411 88.9249
12 267 44 10.5531
12 268 59 11.7339
12 269 51 11.6929
12 270 54 10.7922
12 271 268 58.6829
12 272 440 102.5672
12 273 13 3.2249
12 274 56 10.7224
12 275 8 2.0033
12 276 10 1.7730
12 277 177 33.6953
12 278 1327 341.7063
12 279 908 246.4294
12 280 1933 466.8755
12 281 1 0.2659
12 282 1 0.2904
12 283 260 63.5348
12 284 608 159.9622
12 285 148 25.9917
12 287 1378 361.5408
12 288 61 12.1001
12 289 63 15.7067
12 290 51 12.0934
12 291 96 20.3494
12 292 90 19.5566
12 293 1189 269.8167
12 294 120 27.9044
12 295 629 164.1810
12 296 4 1.0745
12 297 20 4.6044
12 298 234 59.7350
12 299 42 9.0535
12 300 968 243.9980
12 301 34 6.4496
12 302 31 7.9400
12 303 26 5.4412
12 304 14 2.9468
12 305 6 1.0485
12 306 3880 1047.8294
12 307 296 73.2703
12 308 1310 350.8300
12 309 1 0.2203
12 310 83 17.2012
12 311 1288 350.3671
12 312 1317 325.4221
12 313 4 0.8280
12 314 756 176.0648
12 315 25 6.3329
12 316 5641 1464.3201
12 317 183 42.4167
12 318 37 7.5232
12 319 430 105.7049
12 320 270 64.6322
12 321 6 1.4210
12 322 42 9.4039
12 323 85 17.1527
12 324 140 31.1127
12 325 5 0.9929
12 326 123 25.1862
12 327 36 10.7171
12 328 226 53.2733
12 329 1914 454.1401
12 330 72 13.8576
12 331 1222 311.9505
12 332 239 55.0546
12 333 363 100.7284
12 334 455 94.2364
12 335 83 21.2673
12 336 82 17.3958
12 337 1274 352.7026
12 338 277 64.4822
12 339 815 219.4681
12 340 1359 322.6546
12 341 12 1.9540
12 342 17 3.5721
12 343 64 13.7975
12 345 2496 710.2501
12 347 21 4.7470
12 348 188 39.6802
12 349 3323 842.0950
12 350 376 84.4505
12 351 37 8.0754
12 353 18 3.6194
12 354 80 21.0640
12 355 153 35.1815
12 356 5 1.2595
12 357 47 9.8148
12 358 626 133.3653
12 359 30 5.8535
12 360 32 6.3896
12 361 17 3.4935
12 362 120 25.5232
12 363 22 4.4733
12 364 92 18.1058
12 365 1 0.1520
12 366 794 195.9935
12 367 132 25.0193
12 368 18 3.4593
12 369 396 114.8606
12 370 19 3.8260
12 371 3 0.6024
12 372 481 101.1848
12 373 9 1.9883
12 374 43 8.7001
12 375 68 17.5593
12 376 76 16.6423
12 377 48 11.0857
12 379 1128 276.5983
12 380 312 77.7308
12 381 1317 358.6231
12 382 145 33.2671
12 383 305 62.5822
13 0 83 18.8244
13 1 485 146.2584
13 2 138 47.1774
13 3 82 16.7459
13 4 777 188.0461
13 5 378 96.0954
13 6 3386 929.1846
13 7 4 0.6281
13 8 55 11.7574
13 9 471 107.2200
13 10 4175 1002.5340
13 11 71 19.7781
13 12 1739 391.6530
13 13 95 20.7946
13 14 42 8.9634
13 15 1644 378.6762
13 16 94 17.6625
13 17 26 5.1887
13 18 325 83.5680
13 19 184 42.7876
13 20 79 21.0560
13 21 268 60.9630
13 22 12 2.2498
13 23 56 15.5320
13 24 19 5.0113
13 25 27 5.3629
13 26 64 16.4519
13 27 68 14.2112
13 28 192 44.2374
13 29 508 128.3541
13 30 46 8.7695
13 31 98 19.7190
13 32 173 35.1099
13 33 45 11.4999
13 34 1335 319.1758
13 35 88 20.0830
13 36 1254 322.3007
13 37 12 2.4480
13 38 47 9.8045
13 39 276 61.3503
13 40 222 71.3652
13 41 1098 300.3899
13 42 42 11.1626
13 43 129 29.0628
13 44 950 245.0072
13 45 652 149.8575
13 46 752 197.7570
13 47 206 47.3913
13 48 107 23.2104
13 49 113 23.3934
13 50 104 29.8418
13 51 28 7.5634
13 52 33 5.9528
13 53 53 10.9305
13 54 1268 309.3598
13 55 34 6.5798
13 56 17 3.9023
13 57 2657 681.3060
13 58 247 62.6426
13 59 50 10.6954
13 60 644 169.4141
13 61 322 68.6979
13 62 19 3.4876
13 63 692 150.1167
13 64 112 24.3680
13 66 62 17.6199
13 67 23 5.6619
13 68 26 4.8735
13 69 976 255.7395
13 70 206 46.3987
13 71 4214 975.5608
13 72 35 6.8853
13 73 514 121.2576
13 74 20 4.4456
13 75 78 16.3380
13 76 381 85.6789
13 77 104 24.0020
13 78 336 92.9826
13 79 472 102.7912
13 80 4 0.8469
13 81 13 2.2516
13 82 27 8.2087
13 83 290 55.7476
13 84 21 4.0786
13 85 11 1.9207
13 86 288 78.2408
13 87 99 27.9775
13 88 218 54.4727
13 89 1329 314.9412
13 90 173 35.5880
13 91 95 23.3060
13 92 3070 771.2320
13 93 70 13.5166
13 94 1030 241.7471
13 95 207 43.9948
13 96 88 18.5688
13 97 177 35.0883
13 98 162 42.7935
13 99 353 75.7941
13 101 9 1.5807
13 102 33 6.6676
13 103 64 12.0849
13 104 1794 427.6037
13 105 390 92.7834
13 106 70 16.0477
13 107 8 1.4732
13 108 110 23.8112
13 109 1278 360.6090
13 110 107 24.4743
13 111 124 27.2025
13 112 48 11.5169
13 113 39 9.3845
13 114 3008 802.6349
13 115 1781 465.4380
13 116 136 26.5172
13 117 5 1.3407
13 118 87 16.8093
13 120 582 143.1273
13 121 296 64.5120
13 122 9 1.6359
13 123 24 6.3040
13 124 282 61.6610
13 125 35 7.3435
13 126 96 24.7319
13 127 300 73.3189
13 128 462 111.9644
13 129 101 20.8261
13 130 63 11.5528
13 131 8 1.5649
13 132 3077 847.6393
13 133 13 2.3073
13 134 32 6.5414
13 135 7 1.3989
13 136 1041 215.9709
13 137 124 31.7955
13 138 33 6.4469
13 139 48 10.5278
13 140 8 1.4344
13 141 81 18.2505
13 142 611 131.4269
13 143 802 306.6348
13 144 46 9.5121
13 145 54 12.0066
13 146 205 45.2254
13 147 29 6.8849
13 148 93 23.8190
13 149 62 14.3183
13 150 601 154.7586
13 151 112 26.8356
13 152 111 23.6905
13 153 23 5.8515
13 154 55 14.3178
13 155 12 2.4132
13 156 46 8.9186
13 157 7428 1800.3230
13 158 5 0.8117
13 159 1810 487.7916
13 160 627 147.2201
13 161 196 39.6337
13 162 81 15.0947
13 163 56 11.4868
13 164 9 2.3700
13 165 169 35.0707
13 166 19 4.4372
13 167 183 43.0246
13 168 332 76.4913
13 169 15 5.1624
13 170 176 34.5598
13 171 9 1.6834
13 172 88 18.0931
13 173 13 2.1243
13 174 47 10.7977
13 175 110 25.5170
13 176 570 133.0059
13 177 603 141.6990
13 178 1935 447.5701
13 179 6 1.2080
13 180 896 224.6511
13 181 193 37.0937
13 182 37 10.9601
13 184 90 17.2631
13 185 12 2.2274
13 186 7 1.4728
13 187 886 212.4913
13 188 3180 708.9721
13 189 238 45.8926
13 190 120 33.5512
13 191 58 13.3898
13 192 531 138.2857
13 193 736 258.8154
13 194 34 7.4482
13 195 1992 464.8589
13 196 2 0.2195
13 197 106 22.1943
13 198 39 8.7789
13 199 556 148.6864
13 200 52 10.1637
13 201 230 52.7689
13 202 197 46.5400
13 203 490 123.2263
13 204 44 10.7867
13 205 1968 501.3994
13 206 463 107.7905
13 207 810 203.2942
13 208 106 20.7860
13 209 69 15.9671
13 210 452 106.9704
13 211 104 23.2216
13 212 40 12.7731
13 213 9 1.7183
13 214 136 27.1183
13 215 924 216.6297
13 216 59 11.5504
13 217 7 2.1138
13 218 888 190.3685
13 219 992 202.4565
13 220 253 66.5746
13 221 134 30.0757
13 222 41 10.5200
13 223 224 49.9796
13 224 41 8.6627
13 225 305 69.1143
13 226 25 5.5894
13 227 35 7.4475
13 228 43 8.8314
13 229 21 4.3901
13 230 1821 647.6503
13 231 14 2.4524
13 232 61 16.0746
13 233 9 1.9968
13 234 28 6.4167
13 235 824 207.4414
13 236 38 8.7354
13 237 106 22.5846
13 238 58 11.4730
13 239 105 22.8778
13 240 11 2.1186
13 241 20 3.8545
13 242 61 11.6353
13 243 1459 363.4548
13 244 14 3.0581
13 245 136 26.9151
13 246 627 131.0632
13 247 38 7.9375
13 248 2518 618.8663
13 249 1785 559.9616
13 250 2 0.4466
13 251 2438 671.8213
13 252 140 29.8383
13 253 46 11.1451
13 254 497 113.9477
13 255 84 20.8265
13 256 115 21.0850
13 257 10 1.4692
13 258 455 94.1702
13 259 565 125.7018
13 260 745 179.9951
13 261 74 15.4889
13 262 134 26.9712
13 263 579 124.4899
13 264 252 50.7280
13 265 81 15.0381
13 266 518 189.8351
13 267 37 7.6148
13 268 27 5.7907
13 269 851 200.6627
13 270 14 2.8228
13 271 808 234.8510
13 272 2489 636.4460
13 273 33 7.5471
13 274 60 15.9676
13 275 2 0.3806
13 276 14 2.8293
13 277 4 0.7797
13 278 214 49.1205
13 279 2401 643.6065
13 280 2035 533.5755
13 281 1068 322.9496
13 282 59 11.9040
13 283 4 0.7947
13 284 19 4.0435
13 285 2831 751.3177
13 286 35 9.9096
13 287 260 67.4211
13 288 36 10.5975
13 289 41 9.0849
13 290 39 7.9683
13 291 86 16.7942
13 292 25 6.8105
13 293 1040 265.9197
13 294 50 10.1723
13 295 60 12.5050
13 296 3 0.6107
13 297 139 34.1521
13 298 356 87.6477
13 299 25 4.6794
13 300 8 1.5570
13 301 21 4.3309
13 302 2 0.4727
13 303 100 23.8177
13 304 82 17.1727
13 305 368 84.1836
13 306 733 171.6561
13 307 8 1.4101
13 308 42 8.2568
13 309 193 49.8847
13 310 1621 464.9078
13 311 596 148.7085
13 312 28 6.1171
13 313 13 2.6028
13 314 718 185.2016
13 315 1875 429.4227
13 316 694 163.1562
13 317 2 0.3784
13 318 2806 691.0430
13 319 48 11.1521
13 320 2 0.4545
13 321 5 1.1041
13 322 1741 363.4315
13 323 148 33.5053
13 324 627 149.6562
13 325 14 2.6965
13 326 1156 319.2729
13 327 41 10.0527
13 328 153 31.5575
13 329 26 5.0277
13 330 16 3.5768
13 331 148 28.8210
13 332 25 5.2045
13 333 100 22.2600
13 334 19 3.5175
13 335 662 153.2407
13 336 4016 1226.0593
13 337 75 16.5257
13 338 267 73.1598
13 339 27 5.3953
13 340 455 97.8282
13 341 76 14.1346
13 342 464 97.8439
13 343 50 9.9545
13 344 79 17.4821
13 345 2708 726.5278
13 346 24 5.4179
13 347 78 17.7687
13 348 54 13.5730
13 349 7 1.4776
13 350 14 2.6069
13 351 40 8.2345
13 352 31 5.6001
13 353 463 124.6112
13 354 25 4.3978
13 355 251 53.3221
13 356 213 47.3771
13 357 318 71.6044
13 358 52 12.9028
13 359 551 125.9474
13 360 996 245.2862
13 361 534 120.4104
13 362 5 0.9955
13 363 1126 321.6025
13 364 138 29.7018
13 365 20 3.7270
13 366 277 60.4987
13 367 143 31.8390
13 368 175 36.7108
13 369 38 9.5283
13 370 179 39.5072
13 371 41 12.0120
13 372 59 17.7093
13 373 188 38.3474
13 374 360 82.1906
13 375 58 11.3815
13 376 384 82.0966
13 377 166 38.7414
13 378 43 9.1958
13 380 34 9.9884
13 381 101 24.7355
13 382 6 1.1404
13 383 16 3.0915
14 0 99 26.2106
14 1 44 10.7898
14 2 482 115.9954
14 3 2350 595.5860
14 5 363 84.1647
14 6 234 57.4758
14 7 2 0.3150
14 8 5 0.9991
14 9 9 1.5944
14 10 369 84.4202
14 11 461 119.4735
14 12 66 12.2736
14 13 55 11.2966
14 14 172 37.2149
14 15 21 4.2729
14 16 1484 376.5225
14 17 509 111.7702
14 18 2242 571.4133
14 19 89 15.4919
14 20 32 6.8418
14 21 2 0.5540
14 22 15 4.9892
14 23 83 19.7641
14 24 109 22.9413
14 25 22 5.9711
14 26 1954 473.5141
14 27 1031 239.5202
14 28 806 188.1589
14 29 49 11.7619
14 30 2580 694.4715
14 31 4663 1324.6021
14 32 20 5.6281
14 33 73 15.7553
14 34 28 5.2499
14 35 122 23.2597
14 36 233 46.9194
14 37 1550 402.7229
14 38 12 2.5095
14 39 11 2.2554
14 40 63 14.2654
14 41 86 16.3742
14 42 52 9.9392
14 43 1863 505.5151
14 44 4 0.8070
14 45 1420 349.0680
14 46 43 8.7181
14 47 58 11.5135
14 48 2232 542.4170
14 49 108 21.6000
14 50 17 3.4137
14 51 920 221.6022
14 52 13 2.7910
14 54 243 51.2607
14 55 2 0.4562
14 56 82 20.5147
14 57 1973 445.8441
14 58 688 171.4827
14 59 84 18.3255
14 60 65 12.5410
14 61 42 9.8516
14 62 276 53.8797
14 63 106 26.3691
14 64 451 89.1626
14 65 10 2.1205
14 66 9 1.9416
14 67 2582 692.9728
14 69 18 3.0563
14 70 27 6.2478
14 71 195 39.2845
14 73 191 44.2318
14 74 403 95.1431
14 75 8 1.5481
14 76 290 62.3712
14 77 548 133.3921
14 78 17 3.5923
14 79 85 14.0912
14 80 118 26.1390
14 81 32 6.3667
14 82 12 2.3777
14 83 45 10.1087
14 84 1849 494.9575
14 85 77 21.3884
14 86 20 3.8633
14 87 58 12.0057
14 88 70 17.2265
14 89 27 5.9248
14 90 145 37.8118
14 91 248 47.3942
14 92 135 30.9980
14 93 365 96.3612
14 94 24 5.8803
14 95 1 0.2414
14 96 728 207.2540
14 97 21 4.3517
14 98 338 79.4091
14 99 1082 242.3797
14 100 12 3.3608
14 102 6 1.3938
14 103 1218 310.9178
14 104 784 166.2000
14 105 2 0.3851
14 106 35 7.0608
14 107 64 14.0567
14 108 43 8.6425
14 109 320 71.5395
14 110 133 28.0784
14 111 2 0.3910
14 112 175 34.2470
14 113 20 4.5596
14 114 20 6.9488
14 116 15 3.4405
14 117 44 9.0420
14 118 292 61.0250
14 119 22 4.1072
14 120 2 0.3279
14 121 21 3.9250
14 122 461 106.4403
14 123 62 12.2699
14 124 20 4.3962
14 125 23 4.5133
14 126 64 13.4898
14 127 26 6.4503
14 128 291 63.5689
14 129 113 25.1709
14 130 6 1.3115
14 131 146 29.8866
14 132 9 1.9335
14 133 23 4.3972
14 134 43 8.9857
14 135 7590 1854.0061
14 136 41 7.9401
14 137 111 23.2506
14 138 24 4.8791
14 139 322 69.5327
14 140 15 2.4963
14 141 8 1.7229
14 142 46 11.0550
14 144 30 5.3195
14 145 487 126.0585
14 146 656 140.9157
14 147 63 14.0801
14 148 22 4.1038
14 149 79 17.6686
14 151 364 91.5015
14 152 22 4.9817
14 153 31 8.1164
14 154 1 0.1937
14 155 60 13.2724
14 156 2 0.4348
14 157 625 131.3885
14 158 124 27.3035
14 159 1432 305.0101
14 160 6 1.3035
14 161 103 22.5672
14 162 1383 335.4803
14 163 49 10.5493
14 165 1701 401.0548
14 166 44 8.4862
14 167 97 23.1893
14 168 23 5.6263
14 169 45 11.4729
14 170 1499 400.9653
14 171 608 183.3355
14 172 450 113.8449
14 173 781 181.9411
14 174 24 5.4485
14 175 7 1.3746
14 176 51 11.2776
14 177 5 1.0489
14 179 1010 265.5258
14 180 20 4.1275
14 181 14 2.7101
14 182 18 4.1378
14 183 48 11.2111
14 184 6 1.1034
14 185 67 13.4399
14 186 24 4.0166
14 187 2 0.3240
14 188 1 0.2388
14 189 1876 450.5831
14 190 126 29.5511
14 191 41 7.7601
14 192 189 37.8040
14 193 284 61.2997
14 194 50 10.5578
14 195 207 45.1261
14 196 73 14.1833
14 197 711 163.3769
14 198 25 4.4623
14 199 115 22.7438
14 200 169 37.4115
14 201 1409 351.9978
14 202 19 5.5168
14 203 635 137.9475
14 204 873 206.4569
14 205 6 1.0764
14 206 84 18.4657
14 207 102 19.2021
14 208 3 0.5238
14 209 934 231.4414
14 210 380 80.3749
14 211 11 2.2339
14 212 4865 1625.4841
14 213 1859 464.0789
14 214 37 8.9555
14 215 367 84.0669
14 216 1769 404.4941
14 217 610 143.6264
14 218 93 19.3314
14 219 67 12.6538
14 221 55 12.7272
14 222 26 4.9063
14 223 256 58.5853
14 224 98 19.0366
14 225 102 19.4928
14 226 4656 1033.6733
14 227 409 82.6784
14 228 1071 321.5981
14 229 9 1.9831
14 230 56 11.1610
14 231 144 31.9185
14 232 1343 347.3089
14 233 69 14.9517
14 234 699 159.6324
14 235 44 10.1241
14 236 47 8.4725
14 237 72 14.6990
14 238 877 200.1840
14 239 259 62.0107
14 240 16 4.0115
14 241 27 6.4207
14 242 597 172.7951
14 243 358 89.2818
14 244 193 41.8405
14 245 612 161.6369
14 246 4 0.6314
14 247 1 0.2725
14 248 754 180.2372
14 249 92 18.1219
14 250 34 9.5839
14 251 305 60.7493
14 252 1267 288.0378
14 253 6 0.8143
14 254 1511 320.5431
14 255 4180 1127.3430
14 256 1526 347.1023
14 257 13 3.0116
14 258 14 4.3702
14 259 45 9.7504
14 261 299 57.7554
14 262 117 27.2773
14 263 1371 379.0643
14 264 5 1.0173
14 265 1168 292.7033
14 267 28 5.3750
14 268 55 11.3951
14 269 3 0.5650
14 270 35 8.8844
14 271 8 1.4767
14 273 80 19.4916
14 274 4 0.5531
14 275 200 43.7605
14 276 10 2.1716
14 277 348 85.7966
14 278 171 35.7989
14 279 25 5.5091
14 280 160 36.7824
14 281 60 12.1513
14 282 7 1.5861
14 283 126 29.0275
14 284 182 36.7676
14 285 5 0.9528
14 286 222 43.8621
14 287 1129 321.0682
14 288 356 68.8061
14 289 96 23.6461
14 290 12 2.2302
14 291 153 32.8944
14 292 12 3.1526
14 293 3 0.6599
14 294 432 92.1424
14 295 36 9.7622
14 297 3 0.5656
14 298 35 8.3237
14 299 1164 265.5086
14 300 45 8.7559
14 301 169 37.3633
14 302 34 6.7582
14 303 2262 571.9117
14 304 621 125.9875
14 305 63 13.9306
14 306 364 80.9802
14 307 1611 376.0074
14 308 283 63.3322
14 309 685 182.1514
14 310 625 151.1846
14 312 16 3.0327
14 313 172 37.2443
14 314 11 2.5343
14 315 543 142.5321
14 316 1625 599.4076
14 317 49 10.6982
14 318 2420 690.5289
14 319 283 76.8173
14 320 5 0.9095
14 321 4874 1364.4319
14 322 33 7.1762
14 323 1587 409.4921
14 324 1173 291.2766
14 325 105 22.9801
14 326 2 0.4218
14 327 299 71.5777
14 329 60 12.6774
14 330 1395 318.7886
14 331 94 27.9725
14 332 1550 378.3929
14 333 236 61.4525
14 334 36 6.8962
14 335 127 26.0587
14 336 46 9.3949
14 337 37 8.4241
14 339 71 14.0330
14 341 3 0.6172
14 342 802 185.2387
14 343 630 145.3294
14 344 256 57.2069
14 345 1388 373.6912
14 346 3123 887.9765
14 347 1521 457.5284
14 348 1 0.1625
14 349 81 19.9866
14 350 12 3.2193
14 351 173 34.2737
14 352 189 44.1377
14 353 139 42.2522
14 354 277 81.4726
14 355 28 7.7520
14 356 14 2.4879
14 357 316 78.2989
14 358 216 48.4881
14 359 363 69.5222
14 360 4 0.7825
14 361 430 94.2765
14 363 69 13.6712
14 364 41 9.0831
14 365 60 13.8856
14 366 11 3.3445
14 367 31 7.4280
14 368 3133 657.0031
14 369 9 1.7585
14 370 219 48.0266
14 371 110 37.4882
14 372 75 13.6397
14 373 527 169.8808
14 374 50 9.3570
14 375 2237 515.9306
14 376 720 184.6591
14 377 63 14.1288
14 378 1298 333.5219
14 379 9 2.2625
14 380 104 24.5760
14 381 60 13.8441
14 383 343 80.8043
15 0 4373 1159.4762
15 1 486 127.8013
15 2 109 23.0709
15 3 367 71.5850
15 4 8 1.5204
15 5 13 2.3191
15 6 159 30.9369
15 7 44 10.3763
15 8 3106 630.5976
15 9 4 1.2170
15 10 143 29.2307
15 11 304 78.2748
15 12 120 20.2253
15 13 309 58.8990
15 14 1187 422.7469
15 15 230 53.4595
15 16 496 183.8967
15 17 52 11.9208
15 18 23 6.6597
15 19 86 22.0697
15 20 189 57.0446
15 21 24 8.0658
15 22 2487 698.6999
15 23 205 49.9512
15 25 57 12.8998
15 26 2884 630.2378
15 27 27 4.5336
15 28 476 91.1387
15 29 9 1.8866
15 31 3 0.3708
15 32 32 6.3083
15 33 79 21.7583
15 35 333 78.5670
15 36 490 89.4273
15 37 796 165.1167
15 38 333 74.5262
15 39 188 41.2317
15 40 61 13.8756
15 42 366 87.8470
15 43 55 11.5761
15 44 128 29.4990
15 45 23 7.2562
15 46 27 5.7885
15 47 206 53.1521
15 48 3 0.8111
15 49 566 116.7555
15 50 970 274.4119
15 51 272 53.8543
15 52 175 41.7594
15 53 3 0.4598
15 54 63 14.3384
15 56 5 0.9906
15 57 649 226.7705
15 58 1284 474.4438
15 59 22 3.7412
15 60 38 9.1617
15 61 16 2.7843
15 62 2755 1030.2238
15 63 42 6.7592
15 64 18 3.6533
15 65 82 29.5753
15 66 3 0.4652
15 67 6 0.7506
15 68 103 21.7081
15 69 5951 1614.3194
15 70 346 72.5871
15 71 16 3.4017
15 72 4 0.7523
15 73 12 2.4547
15 74 908 184.2292
15 75 1170 273.8940
15 76 926 257.9216
15 77 38 8.8629
15 78 49 9.0648
15 79 58 14.1370
15 80 144 26.4572
15 81 252 52.7276
15 82 451 88.9465
15 83 3565 752.9262
15 85 145 32.4611
15 86 132 45.0226
15 87 2243 760.4229
15 88 245 62.6281
15 89 10 1.8495
15 90 3 0.6037
15 91 420 85.8130
15 92 348 66.4516
15 93 240 59.6539
15 94 158 30.9596
15 95 272 56.7133
15 96 111 22.7795
15 97 331 67.2944
15 98 191 41.8972
15 99 2997 997.2698
15 100 38 10.1593
15 101 71 15.1183
15 102 110 21.9608
15 103 822 202.9840
15 104 745 199.9232
15 105 5 0.8403
15 106 30 8.8000
15 107 5 1.0475
15 108 47 9.9622
15 109 110 20.0807
15 110 43 7.5270
15 111 1039 254.9772
15 112 1278 308.7148
15 113 70 12.6904
15 114 319 70.9569
15 115 112 24.2190
15 116 3 0.5034
15 117 3 0.4069
15 118 255 65.3115
15 119 342 90.0919
15 120 68 14.1471
15 121 1189 254.6108
15 122 91 24.1948
15 123 278 56.0731
15 124 22 4.2970
15 125 629 220.1471
15 126 287 69.4868
15 128 29 5.5058
15 129 131 32.8037
15 130 1316 392.4537
15 131 30 10.6573
15 132 202 43.3964
15 133 3942 1078.5157
15 134 7 1.0912
15 135 1166 245.2345
15 136 325 68.9933
15 137 209 49.6591
15 138 6 1.3894
15 139 24 7.6850
15 140 938 229.7135
15 141 1722 435.6950
15 142 11 2.0997
15 143 21 4.5001
15 144 508 147.6026
15 145 475 94.7462
15 146 1586 444.9686
15 147 466 106.7372
15 148 194 45.1594
15 149 235 43.3745
15 150 59 12.3351
15 151 54 10.6959
15 152 51 11.9517
15 153 163 33.1242
15 154 94 25.0306
15 155 325 59.1821
15 156 102 22.1923
15 157 211 47.5669
15 158 917 333.8821
15 159 47 14.9536
15 160 36 7.0511
15 161 966 362.5827
15 162 1164 266.3869
15 163 54 10.3416
15 164 20 2.7021
15 165 271 54.2153
15 166 292 60.9217
15 167 3129 870.2731
15 168 153 27.8500
15 169 934 232.4681
15 170 1941 461.6436
15 171 1156 306.9718
15 172 33 10.4429
15 173 6 1.1915
15 174 2189 557.6265
15 175 3 0.6091
15 176 96 19.0753
15 177 5542 1315.0748
15 178 428 88.1223
15 179 45 11.6681
15 180 82 16.2240
15 181 696 142.9466
15 182 903 280.3825
15 183 83 16.1712
15 184 673 135.4941
15 185 2 0.3427
15 186 41 17.4666
15 187 1431 274.4158
15 188 111 24.6486
15 189 82 14.9783
15 190 296 63.6549
15 191 23 5.1607
15 192 224 42.8264
15 193 267 48.1322
15 194 28 6.1622
15 195 31 8.2399
15 196 2115 585.2896
15 197 24 5.8264
15 198 3 0.3981
15 199 435 112.7225
15 200 797 145.1811
15 201 523 107.8215
15 202 448 86.0357
15 203 204 40.0818
15 204 82 15.0201
15 205 26 4.1615
15 206 35 8.3232
15 207 123 26.4413
15 208 310 66.5016
15 209 37 7.6768
15 210 576 117.5793
15 211 141 29.6825
15 212 713 148.2928
15 213 3460 721.4997
15 214 50 10.3715
15 215 20 3.6203
15 216 9 1.4006
15 217 4 0.8553
15 218 401 75.5751
15 219 303 61.0393
15 220 22 5.3597
15 221 173 39.5771
15 222 64 14.4569
15 223 1037 234.2586
15 224 11 2.9694
15 225 9 1.4833
15 226 45 8.2848
15 227 103 22.4907
15 228 428 86.1321
15 229 282 60.3862
15 230 1 0.1465
15 231 24 5.3748
15 232 259 50.6767
15 233 320 65.1744
15 234 6 1.0594
15 235 505 99.3563
15 236 1170 301.7655
15 237 60 10.5634
15 238 3 0.5559
15 239 79 14.2109
15 240 102 20.2192
15 241 22 3.0010
15 242 32 6.2221
15 243 23 4.2636
15 244 4 0.6357
15 245 482 102.8820
15 246 2 0.2818
15 247 29 5.3571
15 248 103 31.7695
15 249 27 9.2949
15 250 1819 441.3848
15 251 174 42.5535
15 252 328 67.0295
15 253 14 2.9971
15 254 189 43.9626
15 255 315 61.5715
15 256 77 14.4225
15 257 11 3.0789
15 258 607 178.9716
15 259 18 3.9957
15 260 37 6.7114
15 261 134 27.7668
15 262 7 0.7811
15 263 60 11.4245
15 264 8 1.4825
15 265 235 48.5971
15 266 145 34.9285
15 267 54 12.2321
15 268 1343 264.5976
15 269 690 172.6826
15 270 39 9.9025
15 271 633 131.3464
15 272 339 70.4499
15 273 22 4.1268
15 274 53 16.7761
15 275 6 1.1860
15 276 33 7.5460
15 277 5 0.7437
15 278 7 1.2305
15 279 1 0.1823
15 280 204 45.8892
15 281 829 272.9802
15 282 198 38.6619
15 283 72 22.5117
15 284 8 1.2285
15 285 37 7.4727
15 286 6 1.2597
15 287 242 53.1447
15 288 188 48.1564
15 289 26 8.5766
15 290 8 1.6615
15 291 869 178.4596
15 292 123 34.9473
15 293 51 19.4576
15 294 6 3.2094
15 295 31 5.8992
15 296 245 41.4601
15 297 63 12.7428
15 298 84 19.4539
15 299 1479 339.1485
15 300 18 2.5141
15 301 499 104.7735
15 302 41 9.7915
15 303 475 93.4272
15 304 123 26.1308
15 305 47 7.2488
15 307 2278 549.4515
15 308 460 142.7278
15 309 113 25.3974
15 310 752 152.8725
15 311 151 27.8815
15 312 126 24.7189
15 313 8 2.5790
15 314 304 56.8529
15 315 51 12.0257
15 316 883 384.6965
15 317 149 31.5226
15 318 62 13.3612
15 319 1032 297.9814
15 320 102 20.2043
15 321 484 172.8367
15 322 50 9.0597
15 323 134 24.1275
15 324 83 24.7970
15 325 216 40.0858
15 326 929 291.2282
15 327 296 55.9416
15 328 277 60.6280
15 329 246 51.9875
15 330 179 47.9503
15 331 165 52.3474
15 332 88 15.9885
15 333 190 67.5829
15 334 220 45.2784
15 335 55 10.7080
15 336 42 11.8744
15 337 684 223.0205
15 338 21 4.8296
15 339 447 91.2276
15 341 54 13.4622
15 342 5 0.7683
15 343 360 72.5140
15 344 18 2.4137
15 346 233 39.8689
15 348 1412 297.3647
15 349 389 83.2271
15 350 17 2.8045
15 351 118 23.0160
15 352 2135 445.1646
15 353 120 24.2822
15 354 34 6.2612
15 355 126 27.3661
15 356 7378 1716.4859
15 357 773 157.3348
15 358 256 49.3379
15 359 1911 400.2999
15 360 208 47.6045
15 361 2152 704.1172
15 362 121 23.0139
15 363 195 36.8685
15 364 63 12.7940
15 365 54 7.8633
15 366 139 26.2820
15 367 94 20.3772
15 368 40 10.1993
15 369 115 25.0144
15 370 251 63.8784
15 371 49 13.1649
15 372 301 119.2144
15 373 104 20.1194
15 374 32 13.4274
15 375 466 163.9505
15 376 10 2.4314
15 377 230 75.6320
15 378 355 93.2971
15 380 48 10.2274
15 381 162 31.3882
15 382 25 5.9492
15 383 193 45.1982
16 0 11 1.8202
16 1 200 43.9211
16 2 80 17.8917
16 3 761 162.1440
16 4 110 26.1030
16 5 1130 255.7560
16 6 108 26.8872
16 7 9 2.3511
16 8 51 11.7373
16 9 34 6.4974
16 10 322 79.0388
16 11 953 253.8023
16 12 86 17.9110
16 13 1 0.2038
16 15 150 34.9140
16 16 22 4.2573
16 17 22 4.0657
16 19 597 135.1996
16 20 3624 915.0582
16 21 90 17.8259
16 22 49 10.1378
16 23 498 121.9699
16 24 45 10.2127
16 25 70 15.9743
16 26 25 5.9331
16 27 1112 281.7419
16 28 2734 703.7371
16 29 591 159.9740
16 30 3166 853.4866
16 32 195 39.6260
16 33 21 3.9429
16 34 237 58.6384
16 35 584 136.3067
16 36 22 4.1989
16 37 68 14.1451
16 38 578 137.2051
16 39 9 1.8890
16 40 72 15.3949
16 41 581 114.0284
16 42 20 4.4357
16 43 1317 376.6277
16 44 6 1.4411
16 46 2328 608.2525
16 47 196 47.8161
16 48 178 39.7185
16 49 43 8.9279
16 50 3 0.8277
16 51 46 11.9816
16 52 201 47.0763
16 53 22 3.9263
16 54 549 130.3720
16 55 409 100.3624
16 56 427 92.9929
16 58 577 119.0694
16 59 94 18.4695
16 60 162 35.2529
16 61 549 125.7304
16 62 114 26.8618
16 63 2 0.2274
16 64 32 8.2611
16 65 30 5.5804
16 66 2837 772.1246
16 67 19 4.2959
16 68 1051 281.6818
16 69 1 0.2296
16 70 2505 534.3207
16 71 281 66.4089
16 72 190 47.6333
16 73 78 17.8719
16 74 1569 383.8952
16 75 157 45.4083
16 76 45 10.2073
16 77 54 11.7849
16 78 933 240.1682
16 79 72 14.9563
16 80 14 2.6125
16 81 3 0.6458
16 82 58 11.3792
16 83 71 13.8568
16 84 2401 693.0659
16 85 70 14.8856
16 86 387 76.2009
16 88 205 44.8173
16 89 602 141.0755
16 90 1 0.2003
16 91 11 2.3020
16 92 118 23.6601
16 93 1394 293.0676
16 94 335 65.4679
16 95 36 6.9207
16 96 113 27.6120
16 97 313 75.5673
16 98 323 76.9370
16 100 899 225.8006
16 101 23 5.3152
16 102 828 205.0913
16 103 227 48.2645
16 104 41 8.2315
16 105 883 228.1651
16 106 514 115.5530
16 107 7 1.5035
16 108 81 20.4374
16 109 248 53.0655
16 110 4 0.7528
16 111 2777 679.6066
16 112 30 5.7745
16 113 4 0.7136
16 114 7 1.4603
16 115 3 0.5671
16 116 24 5.3169
16 117 295 66.1438
16 118 19 3.8067
16 119 3738 1013.0693
16 120 52 12.8491
16 121 255 52.5696
16 122 4421 1194.8476
16 123 22 4.6902
16 124 371 83.7973
16 125 761 174.5515
16 126 1220 318.9202
16 127 11 2.7147
16 128 1 0.1896
16 129 35 7.3221
16 130 1658 341.7024
16 131 3 0.6719
16 133 1105 253.1833
16 134 109 22.2003
16 136 989 253.7617
16 137 65 14.2775
16 138 106 19.4899
16 139 20 4.4824
16 140 11 1.9324
16 141 20 3.6089
16 142 5454 1452.6184
16 143 2 0.4241
16 144 2 0.3643
16 146 20 3.7495
16 147 179 36.3179
16 148 8 1.5963
16 149 36 8.6954
16 150 162 34.4071
16 151 4 0.8355
16 152 807 220.2540
16 153 2 0.3945
16 154 74 20.1509
16 155 560 145.4908
16 156 207 47.0256
16 157 1007 240.8444
16 159 16 2.8646
16 160 14 3.3083
16 161 18 3.1609
16 162 159 39.3538
16 163 85 20.5048
16 164 8 1.4717
16 166 1899 464.4776
16 167 19 3.8728
16 169 64 12.1422
16 170 101 24.6170
16 171 627 188.1538
16 172 4021 1027.9003
16 173 102 20.4805
16 174 41 9.0936
16 175 5 0.9350
16 176 115 22.7153
16 177 823 203.4278
16 178 1736 430.6134
16 179 3151 742.2418
16 180 1 0.2287
16 181 1 0.1874
16 183 36 6.6516
16 184 2518 674.5636
16 185 41 9.2104
16 187 61 13.1756
16 188 67 12.8061
16 189 43 12.8965
16 190 272 57.5644
16 191 20 3.4038
16 192 1024 256.9565
16 193 113 23.7456
16 195 7 1.3080
16 196 2 0.3484
16 197 790 219.8554
16 198 343 79.7013
16 199 6 1.2209
16 200 24 4.7569
16 201 45 9.1630
16 202 4 0.8544
16 203 903 209.8035
16 204 769 156.7957
16 205 65 11.1932
16 206 1302 304.8137
16 207 3 0.6321
16 208 11 2.2634
16 209 142 28.1857
16 210 66 17.2258
16 211 5 1.0020
16 212 1205 246.8226
16 213 36 7.2200
16 214 73 16.8185
16 215 51 10.0894
16 216 500 123.0927
16 217 34 6.9539
16 218 62 13.0769
16 219 352 105.8375
16 220 44 9.7312
16 223 12326 3270.0274
16 224 42 9.1688
16 225 12 2.6666
16 226 829 194.3948
16 227 6 1.2033
16 228 2032 499.9685
16 229 48 9.8039
16 230 117 26.6147
16 231 2257 531.7967
16 232 261 60.1628
16 233 274 53.7917
16 234 22 4.3430
16 235 3 0.6339
16 236 4 0.9129
16 237 1623 382.1255
16 238 12 2.7264
16 239 16 5.3340
16 240 22 4.7034
16 241 153 28.5245
16 242 1880 491.0198
16 243 1428 369.0916
16 244 9 1.7649
16 245 151 39.7451
16 246 27 5.6209
16 247 1 0.1985
16 248 59 14.8410
16 249 15 2.7190
16 250 72 15.0442
16 251 68 12.8479
16 252 53 12.7422
16 253 7 1.3115
16 255 5 1.1573
16 256 164 32.3566
16 257 362 76.2160
16 258 401 97.1598
16 261 64 11.8188
16 262 730 180.7309
16 263 7099 2066.3198
16 264 374 95.3278
16 265 75 17.3426
16 266 1 0.2315
16 267 236 62.0809
16 268 331 90.4872
16 269 207 46.5758
16 271 84 19.3377
16 272 14 2.8064
16 273 10 1.9944
16 275 906 230.2195
16 276 21 4.4646
16 277 22 4.2072
16 278 222 54.1496
16 279 108 24.4011
16 280 2907 680.9402
16 281 76 15.7043
16 282 966 204.5953
16 283 6 1.5394
16 284 44 8.5992
16 285 9 1.8669
16 286 136 32.9565
16 287 7 1.2616
16 288 702 162.5859
16 289 89 16.2223
16 290 10 1.8711
16 291 300 66.2657
16 292 9 2.2401
16 293 35 8.6628
16 294 167 38.1377
16 295 22 4.5937
16 296 46 11.4939
16 297 53 12.1147
16 299 38 10.5792
16 300 35 6.9704
16 302 154 32.5316
16 304 263 52.1899
16 305 122 24.1942
16 306 68 14.7642
16 307 237 47.3971
16 308 16 3.3416
16 309 2250 559.9514
16 310 16 3.3729
16 311 150 36.9318
16 312 48 10.2220
16 314 18 3.7841
16 316 56 11.3119
16 317 7 1.3849
16 318 891 221.3026
16 319 2 0.4965
16 320 20 3.9479
16 321 119 24.3703
16 322 1 0.2720
16 323 140 32.9627
16 325 57 11.9531
16 327 1 0.1803
16 328 705 179.6213
16 329 149 31.9023
16 330 342 76.6151
16 331 52 12.0496
16 332 633 204.4532
16 333 167 36.5241
16 334 64 14.4076
16 335 709 217.1566
16 336 1316 308.2577
16 337 2610 718.3853
16 339 60 12.8008
16 340 38 8.1377
16 341 6 1.5180
16 342 5 0.9183
16 343 49 10.8163
16 344 1 0.1975
16 345 70 14.7964
16 346 339 69.7258
16 347 85 16.0453
16 348 1 0.2360
16 349 83 15.7893
16 350 1510 380.8648
16 352 237 56.5662
16 353 262 52.3603
16 354 1 0.2477
16 355 158 37.0148
16 356 37 7.4982
16 357 49 10.2105
16 358 2 0.4256
16 359 237 49.6825
16 360 242 48.6493
16 361 591 141.2639
16 362 397 87.9295
16 363 8 1.5361
16 364 46 9.7824
16 365 120 29.3335
16 366 313 63.1803
16 367 20 3.8511
16 368 66 17.2586
16 369 5 0.8717
16 370 894 205.7335
16 371 2969 782.8439
16 373 178 38.6728
16 374 35 6.0504
16 375 4 0.5752
16 376 3 0.5704
16 377 15 2.8238
16 378 33 7.1912
16 379 43 8.9529
16 380 1 0.1944
16 381 20 4.1553
16 382 15 3.1490
16 383 1 0.2361
17 0 247 48.9761
17 2 1703 420.8599
17 3 355 86.6672
17 4 34 7.0217
17 5 109 23.4436
17 6 1107 310.7721
17 7 115 32.0496
17 8 9 1.5707
17 9 76 14.4213
17 10 375 70.6660
17 11 60 13.0691
17 12 83 22.3378
17 13 6 1.0535
17 14 2028 596.1670
17 15 48 9.2971
17 16 611 161.9614
17 17 789 155.8030
17 18 41 7.9245
17 19 463 110.1946
17 20 489 109.5972
17 21 11 2.1279
17 22 333 65.6228
17 23 488 102.0726
17 24 2284 490.9650
17 25 2970 717.1837
17 26 38 9.9810
17 27 135 43.2680
17 28 17 3.6900
17 30 122 27.5038
17 31 49 9.5083
17 32 99 20.2393
17 33 20 4.1544
17 34 84 15.7237
17 35 29 5.7700
17 36 2918 743.7399
17 37 328 95.2836
17 38 917 211.7528
17 39 10 1.9445
17 40 67 15.7461
17 41 8 2.5951
17 42 2201 520.4250
17 43 506 110.3727
17 44 15 3.5793
17 46 24 4.6227
17 47 469 101.6564
17 48 11 2.1190
17 49 102 19.7829
17 50 84 16.8466
17 51 141 30.6624
17 52 29 5.9861
17 53 3 0.7147
17 54 1166 298.2702
17 55 34 6.5095
17 56 19 4.6462
17 57 1824 466.3863
17 58 156 37.0377
17 59 654 162.5552
17 60 1 0.1837
17 61 22 5.2664
17 62 28 5.9232
17 63 197 37.7239
17 64 149 34.4924
17 65 20 3.8032
17 66 107 20.9791
17 67 5198 1519.0503
17 68 79 15.9318
17 69 76 14.6546
17 70 24 6.0811
17 71 878 202.2681
17 72 113 23.3099
17 73 227 61.9333
17 74 57 11.5988
17 75 2 0.4316
17 76 61 11.8430
17 77 53 11.9371
17 78 210 40.2813
17 79 21 4.0924
17 80 4 0.8082
17 81 42 10.0263
17 82 417 90.1770
17 83 1005 306.0633
17 84 126 24.3571
17 85 64 12.2317
17 86 2 0.4126
17 87 25 5.3976
17 88 345 69.0366
17 89 27 6.0010
17 90 2578 634.6586
17 91 119 27.9833
17 93 271 63.1830
17 94 38 7.7133
17 95 4 0.7949
17 96 13 2.3309
17 97 296 69.7489
17 98 13 2.8424
17 99 69 14.5375
17 100 1723 453.0490
17 101 1093 260.4435
17 102 590 135.9601
17 103 154 29.2178
17 105 27 5.1831
17 106 415 83.0704
17 107 663 147.8428
17 108 7 1.2594
17 109 298 58.4552
17 110 41 8.9859
17 111 705 158.1302
17 112 16 3.3789
17 113 266 52.7268
17 114 19 5.7112
17 115 360 88.7987
17 116 116 27.2390
17 117 38 7.3907
17 118 496 118.7878
17 119 16 2.8539
17 120 2071 523.5815
17 121 104 23.1827
17 122 19 3.6564
17 123 2 0.3916
17 124 3754 1529.2433
17 126 507 123.3537
17 127 11 1.9294
17 128 42 8.7069
17 129 26 6.0722
17 130 14 2.8950
17 131 49 10.7074
17 132 29 5.8262
17 133 2106 500.1351
17 134 930 188.9966
17 135 1961 538.5728
17 136 28 6.3083
17 137 134 31.0454
17 138 140 27.9520
17 139 6 1.1776
17 140 71 15.3914
17 141 1 0.1745
17 142 966 243.2150
17 143 85 17.8724
17 144 5 0.8896
17 145 91 18.5415
17 146 153 31.8301
17 148 124 27.3343
17 149 2055 548.6431
17 150 137 29.0888
17 151 325 68.3235
17 152 44 8.2242
17 153 209 46.3604
17 154 27 4.9949
17 155 165 37.3600
17 156 104 23.0192
17 157 753 195.9145
17 158 110 22.2722
17 159 980 245.1090
17 160 104 23.8737
17 161 354 79.6497
17 162 20 3.9393
17 163 4608 1262.8191
17 164 3 0.6445
17 165 38 9.3691
17 166 59 11.6237
17 167 90 25.4255
17 168 7207 1888.5901
17 169 201 52.4676
17 170 4 0.8230
17 171 1115 307.5182
17 172 108 21.0188
17 173 30 6.6543
17 174 1089 280.7462
17 175 548 147.4856
17 176 2 0.4084
17 177 87 17.6360
17 178 70 13.1953
17 179 687 161.7924
17 180 134 31.2328
17 181 97 18.9771
17 182 22 4.9922
17 183 66 13.7485
17 184 3611 837.5954
17 185 128 24.4223
17 186 20 4.3167
17 187 20 4.5160
17 188 208 39.9101
17 189 219 41.9925
17 190 1 0.1832
17 191 68 14.7688
17 193 101 22.4011
17 194 2 0.2996
17 195 328 77.6879
17 196 59 12.1550
17 197 3693 972.5736
17 198 3 0.6850
17 199 20 4.3375
17 200 61 11.4420
17 201 81 18.3341
17 202 48 10.3172
17 203 134 29.7218
17 204 54 12.9588
17 205 39 10.1052
17 206 28 5.5557
17 207 30 5.7211
17 208 53 11.1885
17 209 5 1.1343
17 210 854 172.1822
17 211 16 3.2447
17 212 37 7.0853
17 213 870 227.6022
17 214 70 17.4950
17 215 1 0.2323
17 216 213 46.3122
17 217 208 49.2871
17 218 55 10.5666
17 219 10 2.0325
17 220 687 182.4231
17 221 132 26.7641
17 222 383 88.6693
17 223 61 13.7039
17 224 98 20.7950
17 225 109 23.3170
17 226 161 34.8573
17 227 7 1.6909
17 228 1 0.1999
17 229 8 1.5727
17 230 16 3.1822
17 231 174 34.8851
17 232 45 10.1082
17 233 191 54.5912
17 234 73 13.4333
17 235 77 18.4504
17 236 219 44.9535
17 237 102 20.3937
17 238 2 0.3943
17 239 249 55.6116
17 240 167 37.4421
17 241 407 101.5287
17 242 35 8.2751
17 243 433 96.3561
17 244 100 23.1050
17 245 2143 520.4393
17 246 441 89.1911
17 247 235 47.5648
17 248 1569 407.2611
17 249 8 1.8232
17 250 4520 1276.5945
17 251 458 103.2996
17 252 14 3.1518
17 253 1219 306.7503
17 254 122 24.9229
17 255 728 174.5795
17 256 2 0.4217
17 257 76 14.4500
17 258 1 0.2505
17 259 55 11.4764
17 260 166 35.8723
17 261 5 1.1247
17 262 1730 442.6075
17 263 2 0.3522
17 264 477 149.1372
17 265 56 11.2110
17 266 271 89.4256
17 267 291 63.7110
17 268 755 148.4371
17 270 73 15.4626
17 271 1 0.2185
17 272 703 179.7735
17 273 464 95.3726
17 274 59 11.8027
17 275 239 53.3589
17 276 74 15.6760
17 277 31 6.4797
17 278 1830 468.6483
17 279 2400 637.6959
17 280 20 3.7690
17 281 125 28.6628
17 282 17 2.9719
17 283 1030 242.0751
17 284 140 33.1994
17 285 291 70.4957
17 286 396 100.5297
17 287 361 82.0509
17 288 169 32.1542
17 289 35 8.3056
17 290 13 2.7392
17 291 135 24.9744
17 292 274 54.1600
17 293 93 17.8674
17 294 21 4.7083
17 295 200 41.9330
17 296 28 6.1249
17 297 133 28.8370
17 298 567 159.5419
17 299 123 43.5672
17 300 599 144.8203
17 301 17 3.3140
17 302 66 15.3583
17 303 15 2.8278
17 304 2 0.4073
17 305 2984 749.1251
17 306 193 42.5859
17 307 94 18.5298
17 308 202 48.0730
17 309 1730 441.8965
17 310 64 12.4977
17 311 1117 273.9229
17 312 474 122.3341
17 313 119 22.9543
17 314 12 2.6043
17 315 4 0.7662
17 316 19 4.0101
17 317 67 12.4956
17 318 299 77.9303
17 319 65 12.4241
17 321 237 50.3652
17 322 89 19.9519
17 323 1719 370.4576
17 324 365 77.9365
17 325 93 17.9359
17 327 547 106.8848
17 328 33 6.2901
17 329 95 24.7071
17 330 107 21.8552
17 331 12 2.6388
17 332 709 159.2251
17 333 21 5.0645
17 334 79 13.9189
17 335 923 234.1090
17 336 530 123.3333
17 337 644 124.5900
17 338 48 10.9743
17 339 10 2.2318
17 341 364 82.1018
17 342 75 14.2954
17 343 59 11.8007
17 344 128 22.8054
17 345 37 7.0653
17 346 1697 381.2338
17 347 49 9.7812
17 348 50 11.0229
17 349 35 7.1701
17 350 245 49.4885
17 351 3606 911.3810
17 352 37 8.7749
17 353 238 52.1344
17 355 472 101.5137
17 356 167 32.9161
17 357 127 24.4197
17 358 13 2.4209
17 359 25 4.7349
17 360 7676 1884.2351
17 361 3036 797.6077
17 362 81 15.6079
17 363 82 15.5438
17 364 13 2.7614
17 365 50 9.4702
17 366 51 10.4433
17 367 36 8.0380
17 368 8 1.6428
17 369 748 191.3147
17 370 47 9.0170
17 371 134 28.6737
17 372 187 35.8338
17 373 593 133.8577
17 375 230 46.3371
17 376 13 2.9554
17 377 25 6.0355
17 378 121 35.1122
17 379 94 17.6891
17 380 79 14.9302
17 381 148 30.7403
17 382 147 28.7257
17 383 262 60.1329
18 0 14 2.5769
18 1 100 19.1214
18 2 38 6.7120
18 3 15 3.9166
18 4 14 3.2020
18 5 22 4.4387
18 7 3 0.7246
18 8 1 0.1922
18 9 113 26.5140
18 10 394 96.7462
18 11 2340 600.7078
18 12 121 29.4271
18 13 1292 312.0483
18 14 20 4.4624
18 15 283 56.1591
18 16 44 8.9502
18 17 80 14.9055
18 18 103 20.6547
18 19 193 47.8039
18 20 48 11.4071
18 21 1235 348.7830
18 22 160 39.3463
18 23 44 9.0661
18 24 326 70.5042
18 25 1955 493.2011
18 26 42 8.4563
18 27 6 1.1654
18 28 104 20.2153
18 29 104 19.7851
18 30 1583 438.5101
18 31 1 0.1753
18 32 94 22.9264
18 33 962 197.6819
18 34 3925 1006.8978
18 35 30 5.9572
18 36 4242 1236.3770
18 37 105 20.6095
18 38 3788 1121.6048
18 39 6 1.1332
18 40 147 32.0366
18 41 30 5.5417
18 42 3 0.6909
18 43 1130 287.7565
18 44 280 60.5686
18 45 2460 655.3130
18 46 82 20.3251
18 47 994 245.6811
18 48 77 15.9635
18 49 2 0.4190
18 50 8 1.5283
18 51 45 12.7632
18 52 2010 469.9497
18 53 607 119.7624
18 54 56 11.2520
18 55 82 16.8006
18 56 422 94.0020
18 57 15 2.9103
18 58 96 18.6508
18 60 30 7.3496
18 61 13 2.8276
18 62 27 5.2023
18 63 16 3.0289
18 64 118 26.8558
18 65 1279 339.0050
18 66 6 1.2734
18 67 3 0.4894
18 68 6 1.3217
18 69 41 10.5438
18 70 216 43.0831
18 71 612 134.7670
18 72 723 161.8410
18 73 63 12.5339
18 74 133 30.6987
18 75 86 24.4667
18 76 13 2.9322
18 77 1083 299.1105
18 78 10 2.5276
18 79 52 17.9689
18 80 43 8.2622
18 81 2 0.4159
18 82 13 4.2881
18 83 318 70.9947
18 84 668 148.0810
18 85 11 1.8635
18 86 327 73.6348
18 87 106 22.6804
18 88 137 31.1836
18 89 103 21.8053
18 90 92 19.4536
18 91 1152 221.3197
18 92 41 9.2985
18 93 2 0.4447
18 94 31 7.0762
18 95 204 46.8646
18 96 113 23.9572
18 97 5961 1696.5729
18 98 148 30.3203
18 99 43 10.0463
18 100 7 1.3678
18 101 45 9.7221
18 102 41 8.3266
18 103 35 7.2870
18 104 820 204.7773
18 105 24 4.7461
18 106 5333 1301.0500
18 107 34 7.2786
18 108 33 7.2925
18 109 70 13.5426
18 110 29 8.3219
18 111 64 11.7229
18 112 26 5.6921
18 113 123 25.4045
18 114 2553 652.6642
18 115 45 9.3497
18 116 451 93.8857
18 117 7 1.1522
18 118 14 2.9467
18 119 830 194.3424
18 120 4 0.7307
18 121 8 2.0591
18 122 109 25.8630
18 123 362 81.7317
18 125 186 40.9205
18 126 58 11.2228
18 127 61 15.4480
18 128 14 2.8927
18 129 41 8.7688
18 130 39 8.7800
18 131 40 8.1701
18 132 56 11.4884
18 133 5746 1392.0862
18 134 22 4.4293
18 135 24 4.4856
18 136 26 5.5478
18 137 4 0.8014
18 138 65 15.2500
18 139 86 16.3291
18 140 528 116.5329
18 141 64 13.7860
18 142 1 0.2072
18 143 59 13.7259
18 144 3657 931.1829
18 145 67 14.0009
18 146 8 1.5081
18 147 505 125.4608
18 148 62 12.0621
18 149 2 0.3603
18 150 155 30.2244
18 151 1233 402.2867
18 152 697 169.2744
18 153 116 24.7736
18 154 1066 259.7206
18 156 58 14.6272
18 157 5 0.9437
18 158 236 52.9743
18 159 1479 397.2849
18 160 30 5.8507
18 161 1 0.2686
18 162 157 56.0394
18 163 5 0.8697
18 164 45 8.4338
18 165 5 1.0104
18 166 1196 296.0290
18 167 1010 196.4348
18 168 2 0.4365
18 169 2508 609.2471
18 170 65 15.5515
18 171 181 41.3180
18 172 3 0.4870
18 173 4740 1342.5639
18 174 7 1.3214
18 175 405 89.3562
18 176 123 34.8792
18 177 58 14.4612
18 178 40 7.6698
18 179 332 87.0276
18 180 1409 342.7075
18 181 203 50.3047
18 182 2 0.4529
18 183 127 27.3330
18 184 141 32.2007
18 185 54 10.6613
18 186 37 7.0542
18 187 69 14.8371
18 188 41 7.7111
18 189 85 16.7554
18 190 661 187.4610
18 191 46 9.2003
18 192 156 31.9999
18 193 35 7.5176
18 194 2533 534.7941
18 195 39 8.5583
18 196 80 19.5129
18 197 1 0.2703
18 198 296 75.4624
18 199 68 15.3160
18 200 286 55.7742
18 201 564 140.5098
18 202 238 59.8803
18 203 4513 1229.5310
18 204 179 42.3477
18 205 93 23.0425
18 206 187 41.3213
18 207 792 207.9165
18 208 40 9.5488
18 209 868 188.5807
18 210 8 1.6457
18 211 143 33.1492
18 212 9 2.1051
18 213 169 35.3524
18 214 2139 596.2681
18 215 2 0.3243
18 216 1305 340.8789
18 217 146 31.7626
18 218 323 87.8007
18 219 379 79.1380
18 220 91 19.1252
18 221 129 29.2933
18 222 86 20.5228
18 223 6 1.4182
18 224 88 19.1620
18 225 865 215.4439
18 226 147 31.3244
18 227 11 2.5952
18 228 15 3.3344
18 229 228 55.3943
18 230 28 5.5535
18 231 25 5.1586
18 232 228 51.4716
18 233 8 1.7046
18 234 2315 637.8512
18 235 1148 332.1668
18 236 54 16.6297
18 237 238 46.6207
18 238 90 17.7583
18 239 3 0.7953
18 240 357 70.9768
18 241 4 0.7992
18 242 54 12.8095
18 243 73 15.5603
18 244 3491 937.3188
18 245 10 2.7484
18 246 6 1.1582
18 248 36 7.0443
18 249 72 15.5889
18 250 133 27.4152
18 251 29 8.3858
18 252 113 22.9061
18 253 28 5.7173
18 254 1 0.1802
18 255 971 202.7069
18 256 14 2.8378
18 257 258 50.4154
18 258 245 51.0633
18 259 19 3.5235
18 260 34 7.9069
18 261 1071 263.0405
18 262 49 9.1113
18 263 1188 300.1141
18 264 21 4.4140
18 265 2091 463.6462
18 266 72 20.3435
18 267 239 64.7352
18 268 1912 502.4847
18 269 4 0.9514
18 270 146 30.8050
18 271 17 2.9842
18 272 296 67.7354
18 273 12 2.4405
18 274 188 42.2135
18 275 344 85.4224
18 276 72 15.6193
18 277 140 33.9670
18 278 3 0.4846
18 279 2831 723.6595
18 280 5 1.0563
18 281 37 7.5610
18 282 106 20.3846
18 283 1163 237.9529
18 284 1302 317.8743
18 285 40 7.6265
18 286 3161 847.9585
18 287 59 13.2999
18 288 17 4.1131
18 289 125 25.4221
18 290 429 98.3155
18 291 33 6.2092
18 292 109 23.6573
18 293 147 32.1924
18 294 10 1.9562
18 295 235 57.4376
18 296 1 0.1829
18 297 6 1.1577
18 298 100 20.6092
18 299 37 7.5522
18 300 721 162.7498
18 301 1 0.2991
18 302 259 53.5099
18 303 8 1.5389
18 304 1923 487.4833
18 305 141 27.3447
18 306 14 2.8819
18 307 5 0.9026
18 308 1 0.1746
18 309 22 4.8118
18 310 107 22.8765
18 311 524 146.8643
18 312 24 4.5609
18 313 197 38.4941
18 314 85 15.2713
18 315 17 3.1102
18 316 3 0.6058
18 317 684 166.9058
18 318 20 4.7216
18 319 1667 397.2659
18 320 3102 771.4369
18 321 637 146.5233
18 322 67 12.9023
18 323 512 126.4334
18 324 5 0.9127
18 325 112 21.1887
18 326 3 0.6814
18 327 4 0.6578
18 328 407 110.8075
18 329 19 4.3779
18 330 34 6.7922
18 331 11 2.1641
18 332 89 22.9194
18 333 70 13.8346
18 334 69 16.0612
18 335 812 183.8245
18 336 1565 372.9052
18 337 16 3.3403
18 338 382 82.2325
18 339 28 7.6538
18 340 50 10.1841
18 341 1540 368.0913
18 342 19 3.8087
18 343 597 182.1775
18 344 24 4.9628
18 345 2 0.3831
18 346 313 71.6985
18 348 98 21.5331
18 349 36 7.6312
18 350 1 1.3682
18 351 4 0.8285
18 352 10 1.9207
18 353 7 1.3933
18 354 68 16.2306
18 355 365 83.7776
18 356 214 44.4183
18 357 14 3.1023
18 358 131 26.0950
18 359 113 24.7815
18 360 22 4.1475
18 361 299 77.7640
18 362 56 11.3182
18 364 100 23.2884
18 365 59 11.8378
18 366 1859 467.3443
18 367 189 48.6714
18 368 1113 260.7824
18 370 525 109.0494
18 371 132 29.6352
18 372 5 0.9986
18 373 11 1.9851
18 374 48 8.8708
18 375 1108 220.9620
18 376 11 1.9024
18 377 34 6.3170
18 378 55 11.2113
18 379 1768 448.7474
18 380 5 1.4323
18 381 19 3.9462
18 382 109 23.1927
18 383 58 12.4670
19 0 123 24.1656
19 1 53 7.3365
19 2 756 190.9182
19 3 96 19.0037
19 4 208 34.0823
19 5 236 43.5538
19 6 1159 311.7511
19 7 124 22.9513
19 8 240 61.3108
19 9 1053 209.3168
19 10 12 1.7167
19 11 1420 366.0425
19 12 88 14.7305
19 13 218 35.3718
19 14 86 16.6573
19 15 2408 520.9809
19 16 28 7.0342
19 17 105 22.6789
19 18 44 6.2582
19 19 95 16.1457
19 20 2474 620.9863
19 21 100 23.7881
19 22 1302 400.7397
19 23 51 8.8470
19 24 42 6.8982
19 25 17 3.1933
19 26 20 2.9914
19 27 20 3.9456
19 28 903 176.5571
19 29 505 106.7396
19 30 311 69.8154
19 31 5 1.7540
19 32 499 98.3410
19 33 84 21.5019
19 34 445 101.3403
19 35 58 11.8354
19 36 29 4.6086
19 37 48 12.3350
19 38 5 0.8914
19 39 29 4.7732
19 40 96 18.3828
19 41 10 1.4317
19 42 294 54.7827
19 43 153 32.7072
19 44 853 265.9600
19 45 464 84.9065
19 46 972 278.8517
19 47 137 38.6613
19 48 1939 544.6277
19 49 3992 1053.6577
19 50 291 56.7341
19 51 139 23.6214
19 52 18 2.6600
19 53 49 13.1147
19 54 76 13.5588
19 55 18 2.7101
19 56 75 13.4196
19 57 3 0.3939
19 58 98 29.6739
19 59 1213 334.8408
19 60 24 3.4961
19 61 582 117.0456
19 62 4669 1589.2300
19 63 468 121.1592
19 64 96 20.1677
19 65 24 3.5564
19 66 197 30.6395
19 67 86 21.4873
19 68 1154 322.9819
19 69 24 5.4738
19 70 5 0.8348
19 71 150 29.7033
19 72 51 7.9352
19 73 271 80.0943
19 74 1576 355.2842
19 75 79 16.2262
19 76 103 17.3397
19 77 117 27.4398
19 78 33 4.9956
19 79 171 35.1832
19 80 1012 196.7611
19 81 23 3.8135
19 82 78 13.0258
19 83 364 80.7171
19 84 80 15.3910
19 85 13 1.9785
19 86 210 34.5540
19 87 1219 285.2559
19 88 386 105.6279
19 89 622 156.7387
19 90 53 8.1142
19 91 437 135.5199
19 92 1453 382.0433
19 93 10 2.0302
19 94 704 147.1644
19 95 32 4.9660
19 96 17 2.6503
19 97 3 0.5261
19 98 66 17.8014
19 99 57 12.4711
19 100 447 98.6080
19 101 344 88.5614
19 102 3913 977.5075
19 103 51 11.5779
19 104 208 53.6963
19 105 478 111.1355
19 106 639 145.6235
19 107 51 8.7150
19 108 41 6.6593
19 109 693 134.9726
19 110 481 104.6593
19 111 38 6.3223
19 112 857 159.6563
19 113 80 19.1667
19 114 130 33.4165
19 115 10 1.2519
19 116 13 2.1407
19 117 750 183.4341
19 118 1728 368.5937
19 119 51 8.5723
19 120 34 9.5484
19 121 210 38.5140
19 122 202 44.7771
19 123 45 7.6731
19 124 57 17.4805
19 125 94 14.6624
19 126 1284 307.5959
19 127 867 200.0060
19 128 5241 1193.2586
19 129 14 2.1888
19 130 25 4.9743
19 131 2450 638.3870
19 132 2 0.3582
19 133 2460 656.1717
19 134 41 5.9466
19 135 28 7.9448
19 136 164 39.8130
19 137 201 48.2047
19 138 983 265.1476
19 139 139 25.3304
19 140 963 271.2659
19 141 34 5.0560
19 142 33 4.5873
19 143 480 96.0397
19 145 66 14.4663
19 146 26 4.4579
19 147 77 13.3360
19 148 155 25.6612
19 149 16 2.2845
19 150 1310 289.9847
19 151 134 27.3027
19 152 3100 1052.6092
19 153 28 4.0030
19 154 871 176.0001
19 155 45 9.4848
19 156 331 82.7578
19 157 627 121.4742
19 158 282 54.8289
19 159 19 4.9883
19 160 106 19.4575
19 161 4 0.9846
19 162 73 10.9003
19 163 16 4.3109
19 164 12 1.6273
19 165 236 41.6039
19 166 200 35.9171
19 167 41 10.0901
19 168 81 17.0047
19 169 388 84.7711
19 170 62 10.8956
19 171 965 243.5407
19 172 22 3.6357
19 173 17 2.4935
19 174 793 195.4604
19 175 56 9.9845
19 176 76 15.9094
19 177 41 6.3147
19 178 1254 336.1411
19 179 1200 353.3699
19 180 101 15.7489
19 181 56 9.7649
19 182 18 3.4378
19 183 40 8.5667
19 184 17 2.4846
19 185 25 3.2103
19 187 1 0.1786
19 188 266 65.2157
19 189 87 17.0758
19 190 44 10.0071
19 191 33 5.6290
19 192 121 19.7971
19 193 12 1.7487
19 194 11 1.4727
19 195 1734 366.1886
19 196 81 14.6989
19 197 161 42.2200
19 198 9 1.5880
19 199 25 3.7435
19 200 446 93.1999
19 201 86 16.0605
19 202 17 2.5665
19 203 61 10.4806
19 204 132 33.3997
19 205 3 0.4701
19 206 3 0.4212
19 207 49 7.5418
19 208 55 8.6166
19 209 31 4.6468
19 210 88 20.3254
19 211 15 1.9123
19 212 655 141.9680
19 213 9 2.5038
19 214 276 65.4343
19 215 136 28.6603
19 216 97 18.1349
19 217 684 230.5381
19 218 70 18.5145
19 219 627 99.2427
19 220 1289 364.3723
19 221 2964 888.7270
19 222 170 29.6428
19 223 63 10.1990
19 224 12 2.3127
19 225 72 13.2330
19 226 190 31.1238
19 227 505 121.2422
19 228 105 25.9572
19 229 498 99.2778
19 230 56 9.9021
19 232 19 5.3224
19 233 96 16.7456
19 234 1331 298.8079
19 235 1087 266.0910
19 236 89 14.8499
19 237 91 15.9604
19 238 47 6.5801
19 239 1 0.1815
19 240 44 8.0776
19 241 201 41.3250
19 242 15 2.5614
19 243 41 6.7605
19 244 315 50.6997
19 245 12 1.8273
19 246 91 17.5063
19 247 488 94.3385
19 248 48 8.9380
19 249 262 54.6322
19 250 2019 513.0729
19 251 80 15.1489
19 252 627 179.6083
19 253 154 30.6419
19 254 492 148.9247
19 255 2079 460.1011
19 256 2 0.3784
19 257 11 1.6879
19 258 9 1.6334
19 259 219 35.9251
19 260 1447 464.4986
19 261 6 1.3862
19 262 207 38.1074
19 263 26 3.5606
19 264 93 16.7767
19 265 246 63.2121
19 266 354 82.3958
19 267 23 6.5869
19 268 20 2.8828
19 269 267 46.1159
19 270 1630 455.6215
19 271 676 156.3614
19 272 61 11.6927
19 273 1585 359.0723
19 274 12 1.9464
19 275 173 35.9479
19 276 916 220.8768
19 277 83 11.6862
19 278 14 2.1719
19 279 252 66.1618
19 280 118 31.8554
19 281 319 103.5589
19 282 106 17.6330
19 283 270 84.1873
19 284 6 0.8277
19 285 14 2.0767
19 286 73 12.2339
19 287 49 7.6900
19 288 769 211.9651
19 289 910 532.5681
19 290 26 4.1687
19 291 403 87.0488
19 292 10 2.9192
19 293 774 170.8489
19 294 7 1.2933
19 295 950 229.3216
19 296 853 212.6691
19 297 196 40.1273
19 298 53 8.6278
19 299 1289 259.8892
19 300 2481 617.0141
19 301 5 0.7479
19 302 133 20.4515
19 303 105 22.6154
19 304 155 39.3222
19 305 5613 1864.2058
19 306 3274 888.1351
19 307 1060 247.6388
19 308 35 9.9258
19 309 103 23.2059
19 310 1825 453.6458
19 311 145 25.0856
19 312 465 102.3214
19 313 57 9.7504
19 314 406 84.8839
19 315 188 27.7757
19 316 98 20.1961
19 317 36 5.5883
19 318 25 4.0215
19 319 854 187.5476
19 320 57 8.6964
19 321 4 0.6227
19 322 17 2.7804
19 323 9 1.3804
19 324 234 44.6575
19 325 50 7.7455
19 326 128 21.5416
19 327 252 51.4488
19 328 345 71.3142
19 329 42 8.2982
19 330 20 5.9978
19 331 59 9.6488
19 332 32 4.7157
19 333 731 182.3088
19 334 98 16.0520
19 335 28 7.0227
19 336 165 35.9590
19 337 86 20.8531
19 338 2 0.2406
19 339 580 138.8289
19 340 170 37.3591
19 341 327 74.5644
19 342 547 100.8225
19 343 137 29.3577
19 344 18 5.3417
19 345 17 2.7668
19 346 83 13.5598
19 347 4 0.6137
19 348 129 24.4121
19 349 308 71.6192
19 350 721 135.1377
19 351 112 19.2029
19 352 41 9.5386
19 353 122 29.3259
19 354 106 16.1735
19 355 1113 219.9877
19 356 64 12.4322
19 357 166 26.3910
19 358 81 12.5805
19 359 56 11.9306
19 360 168 45.4444
19 361 282 64.8895
19 362 114 19.5688
19 363 330 70.2585
19 364 55 8.8393
19 365 41 9.6447
19 366 5558 1510.3251
19 367 163 33.7127
19 368 1475 415.8709
19 369 66 17.0738
19 370 76 45.5611
19 371 72 12.9061
19 372 7 1.0128
19 373 21 2.8366
19 374 1109 266.3207
19 375 30 8.8769
19 376 135 29.3929
19 377 56 8.7527
19 378 1 0.2123
19 379 272 59.8553
19 380 26 6.4564
19 381 508 115.2977
19 382 220 42.2347
19 383 3017 727.5708
20 1 5 1.1085
20 3 20 4.5170
20 4 44 10.9184
20 5 25 5.0612
20 6 310 70.5174
20 7 407 109.8934
20 8 6 1.6315
20 10 69 15.9773
20 11 20 4.4617
20 12 2 0.4880
20 13 1 0.1495
20 14 66 15.2753
20 15 43 9.9068
20 16 337 79.9250
20 18 209 58.5245
20 19 764 196.4613
20 20 26 5.7027
20 21 7 1.4385
20 23 19 4.6560
20 24 1 0.1487
20 25 7 1.4186
20 26 18 4.2367
20 27 17 4.6346
20 28 134 34.2503
20 29 34 8.2468
20 30 50 12.2375
20 31 480 124.3818
20 32 818 185.5214
20 33 50 12.0592
20 35 15 3.9084
20 36 67 16.2294
20 37 5 1.1558
20 38 2 0.4197
20 40 2 0.4072
20 41 15 3.4245
20 42 441 123.6642
20 43 226 52.9925
20 44 42 11.9735
20 45 16 2.8642
20 46 5 1.5828
20 47 589 136.7066
20 48 11 2.6674
20 49 208 48.7870
20 51 102 20.2821
20 52 16 3.6431
20 53 19 3.9569
20 55 83 18.9476
20 56 3 0.7129
20 57 4 0.7446
20 58 1 0.2457
20 59 3 0.6400
20 60 11 2.4771
20 61 132 36.2676
20 62 43 9.6581
20 63 1 0.2398
20 64 4 1.2695
20 65 30 7.2560
20 67 17 5.3555
20 68 4 0.6349
20 69 3 0.6639
20 70 14 3.3861
20 71 5 0.9885
20 72 179 44.7152
20 73 8 1.5193
20 74 60 13.4573
20 75 110 24.4043
20 76 3 0.7129
20 77 3 0.6445
20 78 147 35.5042
20 79 6 1.3836
20 80 7 1.1484
20 82 5 1.2128
20 83 7 1.3160
20 85 13 4.2511
20 86 36 8.3389
20 87 7 2.0969
20 88 93 20.8978
20 89 25 4.7072
20 95 17 3.2355
20 96 5 1.6765
20 97 25 7.5456
20 98 109 25.5758
20 99 32 8.3337
20 100 42 9.6566
20 101 14 3.0365
20 103 57 13.0863
20 104 1 0.4120
20 105 8 1.7090
20 106 2 0.3239
20 107 13 2.9266
20 108 20 6.8835
20 109 1809 486.6901
20 110 29 7.7284
20 112 2 0.2523
20 113 5 1.2384
20 114 1 0.2231
20 115 2 0.4417
20 116 153 40.5377
20 117 2 0.3404
20 118 360 89.7471
20 121 2 0.4289
20 122 87 20.5197
20 124 15 4.1024
20 126 36 7.8478
20 127 1 0.2589
20 128 94 22.1573
20 129 389 108.0281
20 130 4 0.7962
20 131 8 1.6291
20 132 11 2.6135
20 133 43 9.3288
20 135 69 16.3806
20 136 149 32.6432
20 138 35 8.4208
20 139 41 9.1732
20 140 3 0.6351
20 141 7 1.5805
20 142 4 1.0365
20 143 39 8.0429
20 144 9 1.9076
20 145 298 92.2468
20 146 21 4.7033
20 147 166 39.3353
20 148 11 3.1857
20 149 1 0.2525
20 150 155 44.2196
20 151 2 0.4372
20 152 21 5.1387
20 153 13 3.3003
20 154 27 6.8380
20 156 9 1.8554
20 158 28 6.4284
20 161 8 2.2218
20 163 5 1.2520
20 164 100 22.8445
20 165 143 33.4534
20 166 16 3.6483
20 167 27 6.7831
20 168 6 0.7924
20 169 150 42.4611
20 170 36 7.5895
20 171 4 1.2147
20 172 3 0.5556
20 174 98 21.4441
20 175 335 76.0846
20 176 13 3.5091
20 177 25 6.5160
20 178 27 6.8114
20 180 21 4.7122
20 181 79 18.1812
20 182 20 4.4115
20 183 4 0.8257
20 184 44 9.1075
20 185 14 3.3671
20 186 11 2.3366
20 187 236 65.2684
20 189 52 11.3365
20 190 24 6.3493
20 191 12 2.3588
20 192 7 1.5883
20 193 4 0.7851
20 196 74 16.8708
20 197 14 3.2207
20 199 18 4.2774
20 200 6 1.4632
20 201 3 0.6037
20 202 1 0.2169
20 203 1 0.1699
20 204 87 19.2787
20 205 36 8.8000
20 206 3 0.5910
20 208 88 20.7401
20 210 125 29.7647
20 211 139 32.5756
20 212 3 0.6983
20 213 143 42.6808
20 214 15 4.3045
20 215 32 8.0429
20 216 7 2.2795
20 217 18 6.8306
20 218 8 1.7956
20 219 14 3.1184
20 220 1 0.1781
20 221 2 0.2541
20 222 3 0.5082
20 223 28 6.2408
20 224 12 3.3546
20 225 334 81.0987
20 226 3 0.7996
20 227 48 10.2747
20 228 10 2.5387
20 229 27 6.7189
20 230 12 3.1009
20 231 43 9.8980
20 232 14 3.2179
20 233 10 2.5503
20 234 2 0.4474
20 236 13 2.5104
20 237 9 2.0227
20 238 19 4.6775
20 239 17 4.4996
20 240 7 1.4259
20 241 7 2.2920
20 242 13 2.4066
20 243 1 0.2310
20 244 17 5.0891
20 245 178 41.1553
20 246 4 0.9983
20 247 2 0.4591
20 248 65 18.5300
20 249 6 1.3484
20 250 155 35.3040
20 251 17 3.9031
20 252 6 1.1686
20 253 26 6.4164
20 254 213 48.8103
20 255 37 10.8950
20 256 7 1.5279
20 257 122 36.3928
20 258 60 13.3530
20 259 31 6.8462
20 260 3 0.5931
20 261 207 56.4219
20 262 1 0.1243
20 263 4 0.7873
20 264 73 16.3116
20 266 8 1.8731
20 267 89 25.6568
20 268 4 0.7280
20 269 8 1.8619
20 270 1 0.1921
20 271 6 1.3758
20 272 20 4.5324
20 273 26 5.4085
20 274 333 94.7461
20 275 143 36.7928
20 276 1 0.2340
20 277 1 0.1662
20 278 6 1.4616
20 279 248 53.3956
20 280 6 1.1287
20 282 361 106.5642
20 283 23 5.2461
20 284 8 1.6862
20 285 6 1.2662
20 286 39 10.4300
20 287 6 1.2826
20 288 17 3.1066
20 290 11 2.5435
20 292 423 114.3341
20 294 14 2.9798
20 295 21 6.9714
20 296 117 26.7617
20 297 14 2.7465
20 298 1 0.1429
20 299 17 3.9073
20 300 46 11.2893
20 301 2 0.5126
20 302 18 4.1062
20 303 1 0.2188
20 304 15 3.3453
20 305 697 150.9975
20 306 5 1.0583
20 307 338 78.4270
20 308 2 0.3540
20 309 138 44.1020
20 311 1 0.2325
20 312 24 5.5347
20 313 57 14.5470
20 314 263 79.5112
20 315 15 3.4235
20 317 244 67.8031
20 318 284 64.5574
20 319 2 0.4665
20 320 132 26.2673
20 321 5 0.9850
20 322 10 2.5997
20 324 28 6.2417
20 325 13 3.0266
20 326 32 9.5118
20 327 20 5.0921
20 328 13 4.9259
20 329 124 30.7594
20 330 6 1.4496
20 331 47 12.2144
20 332 588 135.7798
20 333 18 6.2164
20 334 51 12.7274
20 335 52 10.8033
20 336 35 10.9186
20 337 54 14.3073
20 338 93 20.7446
20 339 28 6.8157
20 340 35 11.6224
20 341 32 6.9603
20 342 8 1.9110
20 343 241 59.9881
20 344 8 2.4682
20 345 39 9.0425
20 347 88 20.0298
20 349 29 6.0771
20 350 1 0.2289
20 351 2601 645.7784
20 352 383 98.9493
20 353 31 7.5740
20 355 5 1.1871
20 357 2 0.3640
20 358 3 0.5583
20 359 161 40.0291
20 360 221 62.7119
20 361 3 0.4806
20 362 50 11.5289
20 363 16 4.2820
20 364 14 3.0002
20 365 2 0.4089
20 366 1 0.2342
20 367 17 3.5585
20 368 42 9.9815
20 369 5 0.9462
20 370 184 59.3868
20 371 23 5.1260
20 372 36 8.8738
20 375 1 0.2338
20 376 13 2.9147
20 378 5 1.2287
20 379 23 5.2658
20 380 18 5.3746
20 381 2 0.4254
20 383 215 46.5760
21 0 82 17.9408
21 1 87 20.2197
21 3 157 35.4641
21 5 41 7.7282
21 6 41 9.1575
21 7 3 0.5721
21 8 539 122.4535
21 9 111 24.4695
21 10 3 0.6612
21 11 56 12.5783
21 12 39 8.9135
21 13 5 1.3781
21 14 7 2.1912
21 15 322 101.9568
21 16 9 2.1326
21 17 5 1.0387
21 18 9 2.0729
21 19 1 0.2317
21 20 2 0.4782
21 21 24 6.3686
21 22 23 5.0028
21 24 30 6.1416
21 25 2 0.4634
21 26 4 0.8580
21 27 1 0.2667
21 29 6 1.2451
21 30 77 18.4267
21 31 829 197.5688
21 33 112 29.0884
21 34 25 5.8326
21 35 2 0.4774
21 36 23 5.0974
21 37 101 21.6523
21 38 3 0.7878
21 39 47 9.9251
21 41 5 1.7469
21 42 226 60.8378
21 43 10 2.0186
21 44 52 11.6846
21 45 9 1.6329
21 46 129 31.2355
21 47 14 3.7525
21 48 13 3.1808
21 49 5 0.9504
21 50 72 18.7945
21 51 65 18.9351
21 52 1 0.2727
21 54 350 107.8114
21 55 10 2.8023
21 56 6 1.2956
21 57 14 3.8309
21 58 195 59.7057
21 59 161 35.2290
21 60 99 26.2127
21 61 91 27.1749
21 63 27 6.1732
21 64 6 1.4500
21 65 1 0.1906
21 66 73 14.7996
21 67 47 11.1055
21 68 14 3.2095
21 69 3 0.6429
21 70 260 75.3624
21 72 486 112.0925
21 73 20 4.0253
21 75 2 0.5216
21 76 1 0.1969
21 77 27 5.7624
21 79 18 4.1516
21 80 14 2.7406
21 81 31 6.9033
21 82 50 9.5240
21 84 32 6.6323
21 86 6 0.9955
21 87 6 1.2812
21 88 13 2.7467
21 89 378 94.9593
21 90 2 0.4237
21 91 5 1.1503
21 92 7 1.4845
21 93 20 4.6068
21 95 12 2.5035
21 96 3 0.6528
21 97 13 3.0442
21 99 11 2.5854
21 100 296 97.0720
21 101 16 4.7994
21 102 20 6.3169
21 103 14 3.3741
21 104 3 1.5122
21 105 23 4.0875
21 106 183 48.8711
21 107 1 0.1821
21 108 41 10.3088
21 109 10 2.1576
21 110 19 4.1048
21 111 9 1.8412
21 112 74 21.0835
21 114 23 4.9441
21 115 8 1.7895
21 116 38 13.1557
21 117 11 2.3770
21 118 38 8.1595
21 120 37 8.2078
21 121 23 4.7737
21 122 50 9.8284
21 123 2 0.4657
21 124 12 4.4795
21 125 10 3.5375
21 126 11 2.2594
21 127 8 1.5627
21 129 14 3.1925
21 130 61 17.2803
21 131 127 32.7344
21 132 7 1.9894
21 134 184 47.0320
21 135 118 32.5124
21 136 84 19.4557
21 137 501 110.4773
21 138 231 53.6117
21 139 288 63.1886
21 140 21 4.4517
21 141 8 1.8479
21 142 35 7.5273
21 143 104 22.8673
21 145 7 1.4574
21 146 13 2.7534
21 147 9 2.0338
21 148 1 0.1692
21 150 13 2.7261
21 151 282 70.5142
21 152 15 3.3597
21 154 9 1.9274
21 155 18 4.8703
21 156 9 1.9615
21 157 166 38.2811
21 158 148 37.6990
21 159 48 11.8016
21 160 250 69.8297
21 161 48 10.9122
21 162 20 4.4019
21 163 155 52.7213
21 164 58 14.7170
21 165 42 11.3351
21 166 10 2.1690
21 167 19 4.0977
21 168 72 16.7961
21 171 104 22.4015
21 172 5 0.8300
21 173 9 1.8511
21 175 14 3.5529
21 176 30 8.1298
21 177 2 0.5002
21 178 11 2.3382
21 179 13 2.8942
21 181 532 123.9860
21 183 8 1.6739
21 184 233 62.2977
21 185 1 0.2030
21 186 47 12.3148
21 187 25 6.5382
21 188 83 21.8381
21 189 4 0.7296
21 190 24 5.9575
21 191 41 10.1743
21 192 198 59.4727
21 193 30 6.7766
21 194 42 9.7032
21 195 4 0.8217
21 196 16 3.7399
21 197 2 0.4473
21 198 2 0.4743
21 199 1 0.2867
21 200 186 56.6743
21 201 60 13.2248
21 202 122 27.8112
21 203 52 11.0718
21 204 2 0.4076
21 205 95 20.3444
21 206 93 22.9280
21 207 1 0.4924
21 208 102 21.9247
21 209 5 1.4462
21 210 999 250.9179
21 213 1 0.1963
21 214 38 7.9099
21 215 39 11.6067
21 219 13 2.7494
21 220 59 12.8341
21 221 12 2.3964
21 224 70 15.5205
21 225 262 58.7680
21 226 40 11.1027
21 227 93 20.5695
21 228 5 0.9737
21 231 8 1.5675
21 232 16 3.2608
21 234 27 5.3206
21 235 5 1.1675
21 236 16 3.4593
21 237 4 0.8246
21 239 9 1.7710
21 240 12 2.9471
21 243 12 2.9856
21 246 35 7.8884
21 247 5 0.9846
21 248 17 3.5244
21 249 15 3.0560
21 250 13 4.2706
21 251 1138 282.3298
21 252 3 0.7524
21 254 54 14.1010
21 255 22 4.7361
21 257 1148 315.1579
21 258 12 3.8130
21 259 3 0.6760
21 260 14 3.9519
21 261 8 1.7188
21 262 2 0.4789
21 263 4 1.1463
21 264 36 8.2934
21 265 1 0.2568
21 266 1 0.1372
21 268 22 5.2317
21 269 181 51.3806
21 270 12 2.4178
21 272 35 7.7693
21 273 6 1.4440
21 274 35 8.8767
21 275 8 1.8951
21 276 78 17.0822
21 277 1 0.1667
21 278 18 4.0781
21 280 36 7.7185
21 281 42 8.5485
21 282 1362 322.0052
21 283 1 0.1944
21 284 5 1.1131
21 285 81 19.9405
21 286 26 6.5790
21 287 21 4.2195
21 290 15 3.3860
21 291 2 0.4792
21 292 25 5.5591
21 293 1 0.2411
21 294 2 0.3957
21 296 53 11.4740
21 297 2 0.4184
21 298 4 0.8272
21 299 11 2.9922
21 300 10 2.4428
21 301 14 3.6494
21 302 2 0.4365
21 305 80 18.7599
21 306 2 0.3627
21 307 1 0.2357
21 308 14 2.6283
21 309 65 14.8550
21 310 12 2.4692
21 311 57 11.8307
21 312 4 0.8270
21 313 4 0.8836
21 315 36 12.2686
21 317 22 5.1988
21 318 11 3.6383
21 319 131 33.8526
21 321 1 0.2038
21 322 19 4.2520
21 323 38 8.9671
21 324 105 27.4023
21 325 4 0.7844
21 326 9 1.7201
21 327 2053 560.6239
21 329 27 6.3621
21 330 15 3.2411
21 331 8 1.7090
21 332 9 1.9436
21 334 5 1.0670
21 335 16 3.8020
21 336 10 3.0747
21 337 35 7.9991
21 338 92 20.8859
21 339 3 0.4384
21 340 1 0.2015
21 341 83 20.1785
21 342 15 3.2531
21 343 14 4.4463
21 344 9 2.0271
21 345 2 0.4222
21 346 45 9.5350
21 347 11 2.3542
21 349 103 26.8347
21 350 24 10.2894
21 351 98 23.2321
21 352 4 0.7849
21 353 4 1.3335
21 354 1 0.2007
21 355 9 2.0004
21 356 11 2.1084
21 357 50 12.2196
21 358 52 11.9974
21 359 15 3.2125
21 360 5 1.1815
21 361 39 8.6017
21 363 20 4.7418
21 364 6 1.1125
21 365 12 4.3195
21 367 226 51.8907
21 368 892 208.4277
21 369 329 77.7866
21 371 2 0.4033
21 373 638 152.8193
21 374 22 5.2197
21 375 209 55.8213
21 376 6 1.7247
21 377 16 3.1639
21 378 48 10.4379
21 379 31 6.6616
21 380 111 21.6284
21 381 68 26.7850
21 382 18 4.2470
21 383 10 2.2557
22 0 1 0.2271
22 1 17 4.3992
22 2 287 67.1225
22 3 24 5.2396
22 4 24 5.1734
22 5 22 4.6482
22 6 250 56.3209
22 7 2 0.3766
22 8 13 3.0485
22 9 138 41.3713
22 10 72 15.4563
22 12 20 5.2173
22 13 1 0.2733
22 14 1 0.2775
22 18 28 7.2146
22 19 5 1.7274
22 21 39 8.0589
22 22 20 4.1668
22 23 1 0.1901
22 25 4 0.8939
22 26 2 0.4580
22 27 20 4.4641
22 28 11 2.4559
22 29 19 3.7025
22 32 4 1.0811
22 33 10 1.8781
22 34 17 4.3278
22 35 12 2.7658
22 36 17 3.9088
22 39 121 25.9217
22 40 5 1.0267
22 42 40 7.9459
22 43 8 1.7652
22 44 506 136.8004
22 45 1 0.2152
22 47 1 0.1960
22 48 7 1.8758
22 49 1 0.2063
22 50 51 12.3230
22 51 4 1.2570
22 52 732 197.2702
22 53 81 20.4751
22 54 52 11.7134
22 56 47 13.3333
22 57 129 28.6509
22 58 7 2.2760
22 59 4 0.6541
22 60 3 0.6146
22 62 53 11.4167
22 63 6 1.2560
22 65 7 1.4812
22 67 1 0.2407
22 68 317 73.9716
22 69 939 204.1222
22 70 11 2.7593
22 72 205 47.3317
22 73 22 6.6314
22 74 3 0.6319
22 75 1 0.2105
22 76 1 0.1894
22 77 9 1.6485
22 78 85 18.3237
22 79 9 1.8622
22 80 4 0.9101
22 81 23 5.1297
22 82 12 2.2533
22 83 1 0.2361
22 84 333 102.1318
22 85 126 37.3787
22 86 7 1.6287
22 87 207 53.4691
22 88 7 1.4336
22 90 3 0.5755
22 91 2 0.5422
22 93 14 2.8669
22 95 10 2.2161
22 96 3 0.8640
22 97 13 3.6870
22 98 4 0.8483
22 99 81 18.0712
22 100 38 8.5382
22 101 41 9.1212
22 102 1 0.1074
22 104 8 1.7696
22 106 1 0.2437
22 107 809 211.5234
22 108 3 0.5286
22 109 23 5.0540
22 110 139 34.3461
22 111 14 3.4467
22 113 14 2.7048
22 114 2 0.4337
22 115 19 4.5165
22 116 9 1.9086
22 117 9 1.8289
22 118 1213 352.3891
22 120 1 0.1299
22 121 230 53.1719
22 123 6 1.7704
22 125 150 40.0665
22 126 6 1.3110
22 127 106 21.2061
22 128 100 38.2482
22 130 137 36.2773
22 131 111 23.7205
22 132 52 11.1706
22 133 88 19.4254
22 134 3 0.6726
22 136 3 0.6421
22 137 30 6.5212
22 138 6 1.5150
22 139 54 11.0598
22 140 480 104.2744
22 141 11 2.8214
22 142 1 0.1121
22 143 8 1.6486
22 144 20 4.5471
22 145 6 1.9250
22 146 3 0.6000
22 147 53 11.3134
22 148 19 4.6110
22 149 3 0.6460
22 150 110 24.2388
22 151 65 13.8293
22 153 2 0.4066
22 154 178 38.4164
22 155 71 15.2993
22 156 10 2.2221
22 157 10 1.8910
22 158 316 81.2929
22 159 339 85.1487
22 160 1 0.2218
22 161 1 0.2073
22 162 8 1.6176
22 163 15 3.4431
22 166 27 5.3825
22 167 19 4.2595
22 168 60 13.6667
22 169 56 12.4915
22 171 9 2.0744
22 172 68 15.8503
22 173 16 4.3499
22 174 159 35.0206
22 175 7 1.4655
22 176 9 2.6992
22 177 54 12.1124
22 178 255 54.8508
22 179 222 50.1483
22 180 98 28.1278
22 181 4 0.7889
22 182 220 51.1540
22 183 2 0.4866
22 184 208 82.4389
22 185 96 21.6288
22 186 37 7.7776
22 188 7 1.6497
22 191 2 0.4396
22 192 27 8.3951
22 193 195 43.1128
22 194 20 4.2720
22 195 17 3.7055
22 196 9 1.9442
22 198 27 7.0784
22 199 20 5.5824
22 200 7 1.7008
22 202 54 11.2406
22 203 1 0.2006
22 204 18 4.0586
22 205 20 4.5330
22 206 25 7.5860
22 207 6 1.7901
22 208 54 11.0179
22 209 5 1.0467
22 210 14 2.8505
22 211 42 8.9523
22 212 8 1.6818
22 213 19 3.9759
22 214 70 14.8786
22 215 150 32.4282
22 216 1 0.2289
22 218 17 3.9001
22 219 88 20.4788
22 220 5 1.3910
22 221 510 119.7300
22 224 1 0.1078
22 225 99 26.5569
22 227 6 1.3145
22 228 267 60.2533
22 229 2 0.4196
22 230 22 4.6543
22 231 2 0.4068
22 232 1 0.2287
22 233 165 48.5648
22 234 301 65.6394
22 235 66 15.7412
22 236 58 17.1522
22 237 1 0.1448
22 238 223 48.1395
22 239 9 1.9763
22 240 18 3.4913
22 241 3 0.6230
22 242 7 2.1654
22 243 1 0.1746
22 244 38 8.2206
22 245 31 6.7539
22 246 2 0.4122
22 248 18 3.3563
22 249 1 0.3367
22 250 65 19.5164
22 251 1 0.2862
22 253 119 38.6740
22 254 2 0.2697
22 257 1 0.1912
22 258 4 0.8096
22 259 85 18.3779
22 260 9 1.8133
22 261 22 4.7652
22 263 49 12.1731
22 264 27 7.1034
22 265 5 1.0534
22 266 4 0.6987
22 267 2 0.3940
22 268 5 1.1104
22 269 25 6.3872
22 271 47 10.3790
22 272 18 4.6648
22 273 4 1.0882
22 274 18 4.0453
22 275 145 29.8205
22 277 595 160.0203
22 278 24 5.2089
22 279 25 6.4951
22 280 23 6.5809
22 281 26 5.2434
22 282 5 1.0262
22 284 3 0.6850
22 285 1 0.4099
22 286 102 24.3408
22 287 43 9.9274
22 288 3 0.7176
22 289 13 2.4987
22 290 30 6.2383
22 292 6 1.4234
22 293 387 84.5787
22 294 36 7.9481
22 295 35 8.8084
22 296 49 10.7805
22 297 22 5.6332
22 298 9 1.8721
22 299 3 0.6374
22 300 9 2.5540
22 301 7 1.6845
22 302 67 14.4830
22 303 5 1.1137
22 304 11 2.1862
22 306 1 0.1267
22 307 8 1.7679
22 308 28 5.7814
22 311 14 2.7380
22 312 7 1.5783
22 313 57 12.7631
22 314 2 0.4136
22 316 121 26.0180
22 317 30 8.2119
22 318 25 6.8711
22 319 7 1.9954
22 320 175 40.3295
22 321 13 2.7915
22 322 11 2.4736
22 323 1 0.1114
22 324 17 3.5973
22 325 7 1.4456
22 326 226 49.3294
22 327 39 7.9020
22 328 41 9.3535
22 329 3 0.6366
22 330 72 16.5010
22 331 8 1.9642
22 332 1 0.1557
22 334 71 20.8142
22 335 1011 279.8337
22 336 3 0.8586
22 337 77 16.5191
22 338 16 3.5928
22 339 7 0.8979
22 340 9 2.4589
22 341 47 10.1612
22 342 7 1.4411
22 343 4 0.8707
22 344 80 18.7421
22 345 10 2.1663
22 346 18 3.8890
22 347 149 32.3366
22 348 11 2.7749
22 349 29 5.6029
22 350 64 15.8362
22 351 47 9.6220
22 352 2 0.3909
22 353 2 0.4447
22 354 143 41.3217
22 355 10 2.4380
22 356 19 4.3252
22 357 15 3.1427
22 358 13 2.9781
22 359 31 6.9210
22 360 2 0.3862
22 361 2 0.4302
22 362 12 3.7428
22 363 134 29.1057
22 364 185 52.1886
22 365 10 2.4714
22 366 16 3.9670
22 367 20 5.6892
22 368 5 1.0905
22 369 1 0.1559
22 370 51 9.6724
22 371 181 42.4894
22 372 4 1.0468
22 373 2172 618.8328
22 374 48 12.0950
22 376 242 53.2775
22 377 161 34.7167
22 378 61 16.3371
22 379 19 4.3284
22 380 115 29.4793
22 381 256 83.4313
22 382 4 0.8767
22 383 416 96.2045
23 0 26 5.6954
23 1 36 7.6982
23 2 3 0.5929
23 3 3 0.6680
23 4 244 50.7477
23 5 46 10.6081
23 6 94 31.1952
23 7 9 2.3576
23 8 9 1.7430
23 9 13 2.6973
23 10 16 4.5374
23 11 10 2.2046
23 12 18 3.5197
23 13 4 1.4977
23 14 9 1.8626
23 15 10 2.1705
23 16 9 2.5565
23 17 232 57.9889
23 18 4 1.0242
23 19 30 6.2078
23 20 208 46.1700
23 21 2 0.4534
23 22 2 0.3635
23 23 5 0.9604
23 24 6 1.4509
23 25 192 38.3651
23 26 334 72.5298
23 27 80 25.4550
23 29 344 85.1499
23 30 5 1.4162
23 32 10 2.9473
23 33 19 4.0365
23 34 1 0.1836
23 35 23 3.9734
23 36 2 0.2853
23 37 61 13.1662
23 38 43 8.5125
23 39 1 0.1375
23 40 139 54.8333
23 41 93 19.4832
23 42 4 0.9199
23 43 44 9.4967
23 44 75 25.5863
23 45 6 1.3170
23 46 18 4.5603
23 47 8 1.5165
23 48 244 71.7475
23 49 12 3.6410
23 50 117 22.9686
23 51 45 9.3866
23 52 18 5.4755
23 53 44 9.3685
23 54 34 10.1570
23 55 24 5.0309
23 56 5 1.7530
23 57 112 33.7896
23 58 4 0.9093
23 59 8 1.6940
23 61 16 2.9748
23 62 3 0.9124
23 64 59 14.9493
23 65 10 1.9701
23 66 19 7.1559
23 67 47 12.4473
23 68 1 0.2162
23 69 29 6.1871
23 70 2 0.5193
23 71 4 0.8756
23 72 66 14.0031
23 73 57 12.3821
23 74 7 1.4226
23 75 1 0.3903
23 76 75 17.3184
23 77 1 0.1824
23 78 4 1.1630
23 79 12 3.8835
23 80 17 3.7162
23 81 38 7.7296
23 82 7 1.5915
23 84 14 2.7277
23 85 16 3.4417
23 86 15 3.8685
23 87 3 1.1845
23 88 20 7.1524
23 90 35 7.3175
23 91 280 57.9736
23 92 49 10.9411
23 93 11 2.1886
23 94 4 0.8460
23 95 83 22.7038
23 96 21 4.4035
23 97 1189 283.1567
23 98 43 8.9930
23 99 14 3.0019
23 100 41 9.6526
23 101 51 10.9930
23 102 5 0.9077
23 103 57 15.9353
23 104 18 3.9910
23 105 7 1.2768
23 106 63 13.1242
23 107 7 1.6440
23 108 56 11.9797
23 109 24 6.2203
23 110 183 60.0035
23 111 9 2.0213
23 112 5 0.9921
23 113 120 34.8896
23 115 5 1.6150
23 116 31 7.6281
23 117 2 0.4577
23 118 33 7.5767
23 119 11 3.0238
23 120 161 32.5684
23 121 65 20.3651
23 122 21 4.1258
23 123 6 1.2515
23 125 15 3.1687
23 126 27 5.8256
23 127 20 4.2039
23 128 416 91.7400
23 129 21 4.8834
23 130 24 4.9794
23 131 81 22.6886
23 132 21 6.4706
23 133 53 10.5714
23 134 19 4.5045
23 135 30 7.0262
23 136 5 0.9888
23 137 51 10.6904
23 139 16 5.0984
23 140 5 1.4165
23 141 13 2.7815
23 142 21 4.5317
23 143 40 11.2381
23 144 15 3.3943
23 145 5 0.9181
23 146 11 2.8084
23 147 39 7.8147
23 148 4 1.7483
23 149 255 81.7473
23 150 21 5.0893
23 151 64 18.9325
23 152 536 156.0295
23 153 28 5.5685
23 154 169 49.4177
23 155 26 6.2254
23 156 9 3.0999
23 157 13 4.4013
23 159 1 0.1576
23 160 121 25.9341
23 162 35 7.5598
23 163 28 7.3460
23 164 68 18.5335
23 165 11 2.3277
23 166 29 7.9401
23 167 29 9.4356
23 168 33 7.2454
23 169 44 8.4983
23 170 12 3.0918
23 171 92 18.3053
23 172 4 1.2408
23 173 5 1.3954
23 174 31 6.7406
23 175 12 2.1389
23 176 7 1.6246
23 177 15 2.5582
23 178 5 2.2961
23 180 112 24.3960
23 181 5 1.6387
23 182 22 4.7398
23 183 10 2.2560
23 185 3 0.5993
23 186 4 0.6858
23 187 36 8.0197
23 188 12 2.5725
23 189 42 11.2389
23 190 11 2.2865
23 191 169 49.8538
23 192 6 2.1397
23 193 3 0.5648
23 194 4 0.8638
23 195 14 3.0780
23 196 114 76.2442
23 197 47 10.4643
23 198 5 1.1669
23 199 42 12.1179
23 200 4 0.8577
23 201 10 2.0661
23 202 49 9.5882
23 204 5 1.1358
23 205 2155 599.3267
23 206 41 9.0235
23 207 54 13.1961
23 208 112 34.2210
23 209 117 25.3797
23 210 135 29.0481
23 211 8 1.6548
23 212 17 3.7952
23 213 5 1.5156
23 214 102 24.5638
23 215 16 3.5183
23 216 6 1.2270
23 217 19 4.1533
23 218 15 3.4145
23 219 712 181.3437
23 220 65 13.7388
23 221 5 0.9545
23 222 30 9.7675
23 223 14 2.7845
23 224 918 200.5378
23 225 12 2.8046
23 226 24 5.1019
23 227 3 0.6027
23 228 2 0.5579
23 229 1 0.2255
23 230 1 0.2056
23 231 29 6.6173
23 232 4 0.8025
23 234 3 0.6116
23 235 28 5.4979
23 236 17 2.9279
23 238 2 0.3584
23 239 9 1.6482
23 240 5 1.1093
23 242 65 15.3988
23 243 74 16.7472
23 245 63 13.1006
23 247 23 6.1725
23 248 1 0.1901
23 251 10 1.8784
23 253 1 0.2645
23 254 12 2.7689
23 255 141 29.9983
23 256 45 9.6008
23 257 121 26.1854
23 258 20 5.4324
23 259 15 2.8276
23 260 19 4.7334
23 261 3 0.5492
23 263 21 5.0865
23 264 8 2.3022
23 265 29 5.8141
23 266 84 19.7660
23 267 2 0.3710
23 268 11 2.4752
23 269 8 2.0405
23 270 16 3.2407
23 271 840 199.5135
23 272 7 1.3734
23 273 80 17.7861
23 274 24 4.7835
23 275 40 8.3248
23 276 10 2.3756
23 277 388 96.8987
23 278 5 1.8071
23 279 33 13.1287
23 280 3 0.4237
23 281 4 1.2381
23 282 15 3.4785
23 283 143 31.6294
23 284 36 9.9381
23 285 66 15.7522
23 286 9 2.0936
23 287 8 1.8821
23 288 5 1.0116
23 290 12 3.2851
23 291 20 5.6455
23 292 94 20.0427
23 293 8 2.3000
23 294 36 11.5704
23 295 2 0.2990
23 296 8 3.2290
23 297 5 1.1786
23 298 17 4.5706
23 299 13 2.7253
23 300 75 19.6141
23 301 15 3.7103
23 302 26 4.8032
23 303 6 1.2446
23 304 3 0.4935
23 305 102 33.2366
23 306 143 29.5205
23 307 1 0.1101
23 308 18 3.6242
23 309 5 1.1856
23 311 9 1.9163
23 313 33 11.8835
23 314 6 1.2511
23 315 76 16.7892
23 316 22 7.5011
23 317 64 14.3779
23 318 10 2.0567
23 319 1 0.2895
23 320 354 70.5027
23 322 243 73.9656
23 324 32 6.9736
23 325 14 3.5478
23 326 34 7.7573
23 327 9 1.7699
23 328 36 7.9400
23 329 40 10.3393
23 330 1 0.1920
23 331 15 3.4112
23 332 240 50.3621
23 333 9 2.2980
23 334 19 3.9409
23 335 99 19.7301
23 336 25 5.0157
23 338 4 0.8575
23 339 8 2.7118
23 340 1 0.1709
23 341 1 0.1454
23 342 3 0.7890
23 344 73 16.4275
23 345 82 17.6688
23 346 67 14.8348
23 347 68 14.2740
23 348 27 5.1084
23 349 9 1.8716
23 351 16 3.3153
23 352 3 0.6531
23 353 13 2.6711
23 354 62 11.9917
23 355 17 3.4850
23 356 129 28.3582
23 357 45 12.0737
23 358 2531 659.0142
23 360 19 3.8565
23 361 31 7.6106
23 362 38 8.5125
23 363 10 2.1620
23 364 17 3.9921
23 365 13 3.7061
23 366 388 81.0018
23 367 53 10.6538
23 368 14 3.2433
23 370 27 8.1737
23 371 5 0.9747
23 372 185 80.6113
23 374 30 6.3074
23 375 47 10.0818
23 376 11 2.2334
23 377 40 8.5928
23 378 6 1.7773
23 379 3 0.5602
23 381 4 0.7184
23 382 105 22.5243
23 383 69 13.9394
24 0 51 11.1321
24 1 3 0.5856
24 2 186 43.5257
24 3 85 19.5726
24 4 1 0.2028
24 5 92 21.5548
24 6 16 3.6039
24 7 36 8.0765
24 8 4 0.8615
24 10 912 228.4404
24 11 19 3.8958
24 12 9 1.9448
24 13 8 1.7565
24 14 19 5.8854
24 15 397 91.7633
24 16 50 10.7927
24 19 28 5.7248
24 20 30 11.1759
24 22 198 49.5437
24 23 1 0.2481
24 24 38 8.1567
24 25 1 0.2347
24 26 12 2.5854
24 27 12 2.6385
24 30 2 0.4302
24 31 1 0.1938
24 32 46 10.8779
24 33 78 18.3785
24 34 17 3.6458
24 35 46 10.8513
24 36 7 1.5952
24 37 267 61.9425
24 38 6 1.0546
24 39 117 28.1768
24 41 481 136.9982
24 42 153 37.8252
24 43 404 94.4676
24 44 1 0.1879
24 45 68 17.4984
24 46 4 0.8743
24 47 676 197.3723
24 48 59 12.1964
24 50 2 0.4091
24 51 19 4.6291
24 52 65 15.5879
24 53 39 10.0770
24 54 10 2.3111
24 55 6 1.2403
24 57 399 104.1876
24 58 11 2.5556
24 60 27 7.8719
24 61 16 3.7652
24 62 1 0.2007
24 63 43 10.2022
24 64 9 2.0097
24 66 62 15.0374
24 67 33 8.1874
24 68 9 1.9676
24 69 1 0.2218
24 70 1 0.3035
24 71 8 1.6339
24 72 45 8.2304
24 73 1 0.2453
24 74 1 0.2546
24 76 18 3.6459
24 78 55 12.7161
24 79 1 0.2573
24 81 1 0.2099
24 83 94 19.4179
24 84 48 11.8607
24 86 42 9.4147
24 87 58 14.5548
24 88 22 6.1775
24 89 2 0.4107
24 90 36 8.6044
24 91 20 4.3625
24 92 35 8.1633
24 93 6 1.2409
24 96 63 13.6041
24 97 16 4.2908
24 98 18 4.3778
24 99 7 1.4497
24 100 38 8.2417
24 101 1 0.2723
24 103 18 4.0220
24 104 79 18.0266
24 105 74 20.0554
24 106 478 115.2833
24 107 12 2.3553
24 108 41 10.2824
24 109 5 0.9786
24 110 1 0.2475
24 112 70 14.2174
24 113 14 3.5113
24 114 9 2.3637
24 115 11 2.8578
24 117 59 13.8158
24 118 2 0.8091
24 119 24 5.4801
24 120 2 0.4395
24 121 27 5.9488
24 122 130 45.9012
24 123 14 3.0773
24 124 39 9.1595
24 126 3 0.5695
24 127 96 20.2183
24 129 1 0.2182
24 130 23 5.6015
24 131 1 0.2621
24 133 53 12.0487
24 134 46 10.7566
24 135 301 69.1638
24 136 25 5.2617
24 137 24 5.2443
24 138 127 34.2595
24 139 398 99.7973
24 141 62 14.4750
24 143 24 5.8480
24 144 1 0.2327
24 145 73 20.1736
24 146 716 179.1073
24 147 326 79.2298
24 148 34 7.8846
24 150 37 8.0359
24 152 4 0.9133
24 153 14 3.2754
24 154 16 3.2113
24 155 117 26.4447
24 157 7 1.7757
24 158 163 35.4226
24 159 5 1.1151
24 161 94 21.2409
24 162 46 11.3197
24 163 31 7.1899
24 164 5 1.5164
24 165 16 3.8716
24 166 7 1.4864
24 167 68 15.2681
24 168 2 0.4439
24 170 2 0.4615
24 172 4 0.9511
24 173 75 17.0680
24 174 1 0.1722
24 175 85 19.2658
24 177 6 1.3373
24 178 5 1.2718
24 180 3 0.5147
24 181 27 7.5706
24 182 50 11.1795
24 183 59 23.4635
24 184 53 11.3046
24 185 37 12.5210
24 186 3 0.6108
24 187 5 1.2629
24 188 15 3.3212
24 189 108 24.1827
24 190 189 52.9655
24 191 126 31.9400
24 192 136 31.5495
24 193 21 4.6096
24 194 3 0.5498
24 195 26 6.0062
24 196 11 2.7056
24 197 3 0.5717
24 198 86 18.0903
24 199 143 33.1228
24 201 12 2.8276
24 202 11 2.5383
24 203 17 4.0168
24 204 148 39.2784
24 206 11 2.2036
24 208 93 22.3026
24 209 52 12.0268
24 210 2 0.5274
24 211 18 4.1207
24 212 44 9.3694
24 213 116 28.4778
24 214 9 2.1412
24 215 10 2.0982
24 216 23 4.9035
24 217 1 0.1862
24 218 51 11.4085
24 219 424 96.6271
24 220 7 1.5576
24 221 2 0.4263
24 222 27 6.4006
24 223 1073 318.5343
24 224 28 6.7208
24 225 588 137.5216
24 227 9 1.8269
24 228 3 0.6516
24 229 13 2.7564
24 230 7 1.5897
24 231 24 6.1295
24 232 344 79.2459
24 233 42 12.3493
24 234 6 1.4380
24 235 1 0.2231
24 236 20 4.2021
24 237 187 38.0309
24 238 48 10.7806
24 240 48 10.8662
24 241 9 1.7463
24 242 8 1.8154
24 243 2 0.5248
24 244 33 8.1850
24 245 11 2.5110
24 246 147 34.4586
24 247 22 4.7249
24 248 8 1.9990
24 249 676 165.4267
24 251 1 0.2498
24 252 250 59.1549
24 253 11 2.1525
24 254 1 0.2544
24 255 16 3.3256
24 257 91 19.8961
24 258 9 1.9898
24 259 35 7.7956
24 262 15 3.3992
24 263 32 7.3216
24 264 75 17.5973
24 265 52 12.1274
24 266 241 59.3713
24 268 23 4.7143
24 269 68 18.2856
24 270 1 0.1822
24 271 3 0.6181
24 272 2 0.9507
24 273 46 8.8243
24 274 3 0.6953
24 275 86 23.4192
24 276 18 3.9059
24 277 5 1.1832
24 278 132 33.2147
24 280 2 0.4246
24 281 46 11.3633
24 282 23 4.9683
24 283 451 105.5338
24 284 60 17.2622
24 285 140 45.7312
24 287 16 3.2193
24 289 11 2.2785
24 290 11 2.7422
24 291 26 6.7065
24 292 125 29.0285
24 294 39 9.6764
24 296 119 26.2325
24 297 4 0.8279
24 298 1 0.2417
24 299 34 7.1648
24 300 40 8.6431
24 301 7 1.7048
24 303 35 7.5735
24 304 18 3.9811
24 306 3 0.6318
24 307 16 3.5442
24 308 2 0.3787
24 309 1 0.2919
24 311 315 69.7957
24 313 102 24.3733
24 314 19 3.7920
24 315 89 20.9259
24 316 20 4.2357
24 317 89 21.9236
24 318 6 1.3784
24 319 1 0.2484
24 320 1 0.2524
24 321 131 47.2760
24 322 8 1.7343
24 323 1 0.1680
24 324 107 24.7406
24 325 30 6.7627
24 326 63 16.7189
24 327 2 0.4589
24 328 7 1.7451
24 330 44 9.7547
24 331 39 8.5788
24 332 322 85.0561
24 333 132 29.0426
24 334 6 1.3247
24 335 14 3.0984
24 336 36 8.4494
24 337 4 0.6907
24 338 136 30.2814
24 339 3 0.6053
24 341 4 0.8899
24 342 22 8.5602
24 343 21 6.1291
24 344 12 2.6807
24 345 37 7.3769
24 346 877 220.4680
24 347 9 1.9601
24 348 1 0.2548
24 351 29 7.4992
24 353 70 17.9125
24 354 18 4.3100
24 355 264 59.2333
24 356 28 6.2253
24 358 211 62.1000
24 359 101 22.3277
24 360 1 0.1719
24 362 8 2.6656
24 363 6 1.8942
24 364 7 1.9025
24 365 39 8.7088
24 366 1 0.1993
24 367 513 196.5292
24 368 5 1.1684
24 369 119 27.5002
24 370 4 0.8079
24 371 6 1.1788
24 372 1 0.2506
24 373 1 0.1086
24 375 4 0.9036
24 376 9 1.8570
24 378 68 14.9691
24 379 12 2.6645
24 382 54 12.6574
24 383 3 0.7179
25 1 14 3.3238
25 2 1 0.2182
25 3 16 3.4640
25 4 50 11.0495
25 6 1 0.2172
25 7 216 53.8508
25 8 26 4.6024
25 10 1 0.1346
25 11 27 7.7679
25 12 15 2.6358
25 13 28 6.3085
25 14 2 0.3997
25 15 63 19.5866
25 16 135 29.2654
25 17 5 0.9276
25 20 338 86.5164
25 21 63 12.7315
25 23 313 69.6960
25 24 58 14.0226
25 25 28 5.7941
25 26 3 0.6507
25 27 2 0.4874
25 29 135 30.0247
25 31 4 0.9812
25 32 239 56.3099
25 33 214 50.5215
25 34 38 8.7428
25 35 28 6.5136
25 36 5 1.4417
25 37 15 3.2287
25 39 1 0.1908
25 40 20 4.4061
25 41 6 1.2122
25 42 95 21.8999
25 43 52 10.8017
25 45 5 1.0833
25 47 54 14.2289
25 48 1 0.1620
25 49 1 0.2420
25 53 4 0.8759
25 54 26 7.1267
25 55 73 20.5632
25 56 1 0.2237
25 58 250 57.2651
25 59 6 0.9683
25 60 39 8.6222
25 61 5 1.2623
25 62 17 3.8465
25 63 19 8.6052
25 64 9 1.9013
25 65 13 2.8249
25 66 21 4.7313
25 67 121 25.1075
25 68 8 1.8928
25 71 3 0.6516
25 73 105 25.1306
25 74 4 0.8501
25 75 202 48.8180
25 77 1 0.2109
25 80 3 0.6936
25 82 81 17.4019
25 86 658 150.3364
25 87 7 1.5117
25 88 1 0.2519
25 89 96 23.0435
25 90 39 10.2146
25 91 5 1.1402
25 92 11 1.9774
25 93 13 2.6033
25 94 192 42.3886
25 96 13 2.4295
25 97 220 51.6581
25 98 18 3.9107
25 99 23 5.0793
25 101 8 1.8889
25 102 10 1.9553
25 103 259 56.2404
25 105 9 1.7184
25 106 148 33.2843
25 107 79 18.8905
25 108 1 0.2061
25 110 10 2.3973
25 111 624 189.9017
25 112 94 25.1110
25 113 10 2.0643
25 114 4 0.9686
25 115 359 86.3848
25 116 13 2.7196
25 117 7 1.9876
25 118 2 0.2365
25 120 9 1.8536
25 121 15 3.7686
25 122 22 4.2558
25 124 56 11.8659
25 125 15 3.0661
25 126 1 0.1862
25 127 5 1.1108
25 128 180 49.7189
25 130 29 6.8409
25 131 6 1.0741
25 132 10 2.0161
25 133 2 0.3925
25 134 99 21.3403
25 135 28 5.7088
25 136 199 46.8623
25 138 16 3.0148
25 139 169 38.7052
25 140 4 0.8854
25 141 5 0.8488
25 142 43 8.4323
25 143 18 3.7654
25 144 22 5.2063
25 145 13 2.5581
25 146 4 0.8980
25 147 26 5.8222
25 148 20 5.0914
25 149 1 0.1548
25 150 21 4.8553
25 151 125 30.8621
25 152 112 27.0209
25 153 19 4.1085
25 156 49 12.0007
25 157 20 4.8774
25 158 2 0.5255
25 159 56 12.2178
25 160 138 32.6624
25 161 22 5.0430
25 162 24 4.5934
25 163 216 53.2207
25 164 1012 275.2035
25 165 135 30.1568
25 166 73 16.4975
25 167 38 8.9952
25 168 55 12.7717
25 169 2 0.4236
25 171 125 44.0712
25 172 3 0.9280
25 174 8 1.6272
25 177 44 10.8029
25 178 253 65.6853
25 179 7 1.5115
25 180 2 0.5890
25 181 4 0.9648
25 182 102 24.3896
25 184 113 23.9353
25 185 1 0.1759
25 186 55 12.2634
25 187 16 3.3334
25 188 41 9.4605
25 189 63 14.4264
25 192 22 6.8930
25 193 7 1.4487
25 195 4 0.6475
25 197 103 26.5088
25 198 4 0.9164
25 199 113 25.8537
25 200 6 1.3167
25 203 13 2.9901
25 204 14 2.6490
25 205 81 19.2454
25 206 4 0.9253
25 208 190 53.8353
25 209 23 5.3920
25 210 71 17.8801
25 211 166 46.6306
25 213 31 6.5201
25 214 20 4.8299
25 215 376 92.2152
25 216 45 11.0954
25 217 8 1.6963
25 220 58 13.1476
25 221 39 8.8423
25 225 40 9.2529
25 227 20 3.7503
25 228 5 1.0309
25 229 11 2.5333
25 230 13 2.9567
25 231 256 71.5666
25 233 81 20.7855
25 235 80 17.2917
25 236 76 17.1549
25 237 161 43.8642
25 238 6 1.2836
25 239 44 9.6054
25 240 2 0.5132
25 241 12 2.5557
25 242 789 160.9644
25 244 48 11.3466
25 246 19 4.1882
25 247 20 4.1088
25 248 63 13.6820
25 249 150 33.8403
25 250 113 27.3390
25 251 460 100.1697
25 252 36 7.6350
25 253 22 4.0802
25 256 50 9.1511
25 257 5 1.0631
25 260 390 88.5322
25 261 163 36.7526
25 263 72 15.5240
25 265 36 8.5639
25 266 13 3.2492
25 269 46 10.2088
25 270 42 8.6786
25 271 66 15.9222
25 272 46 11.3973
25 273 7 1.0402
25 274 66 14.8440
25 276 25 5.9375
25 277 16 3.8309
25 278 3 0.5168
25 279 55 12.7231
25 283 35 7.8978
25 286 28 5.7948
25 287 105 23.7620
25 288 154 32.0384
25 290 10 2.2542
25 291 102 23.2493
25 293 510 163.2081
25 294 41 9.2252
25 295 16 3.2524
25 299 38 9.0168
25 300 7 1.5750
25 301 359 82.1332
25 302 215 43.6718
25 303 59 12.1545
25 304 19 4.7969
25 305 32 7.2075
25 306 166 39.6708
25 309 3 0.6715
25 310 419 95.4053
25 312 36 8.1173
25 314 1 0.1633
25 315 42 10.7842
25 316 3 0.5690
25 318 12 2.5809
25 320 78 18.6459
25 321 41 9.4140
25 322 1 0.2107
25 323 110 27.8316
25 324 13 3.7430
25 325 56 13.2070
25 326 7 1.6398
25 327 24 5.2081
25 328 120 31.8923
25 330 15 3.1780
25 331 118 31.0698
25 332 6 1.3906
25 333 206 65.0278
25 334 2 0.3105
25 335 11 2.6147
25 336 81 20.0243
25 337 440 138.3345
25 340 1 0.2314
25 344 11 2.2513
25 346 22 4.9918
25 347 39 8.6754
25 348 2 0.4553
25 349 84 22.9100
25 350 1 0.2241
25 351 121 27.7833
25 352 55 12.9515
25 353 1 0.1945
25 354 1 0.1072
25 356 70 15.1108
25 357 23 5.3344
25 358 807 194.2177
25 359 1122 421.7643
25 360 172 38.5233
25 361 3 0.7183
25 364 93 28.5060
25 365 21 3.8408
25 367 9 2.0598
25 368 45 10.1591
25 370 7 1.4200
25 371 1 0.2132
25 372 3 0.7164
25 373 24 5.5849
25 375 8 1.6435
25 377 1 0.2518
25 381 1 0.2318
25 382 13 2.7112
25 383 35 8.3342
26 0 39 8.3963
26 1 1 0.2197
26 2 14 3.6804
26 3 1 0.2200
26 4 37 8.3412
26 6 2 0.4111
26 7 4 1.1453
26 8 17 3.2169
26 11 56 12.3378
26 12 515 115.9671
26 13 5 0.9329
26 14 41 9.4686
26 15 129 34.6956
26 16 68 15.1584
26 17 46 10.3148
26 20 84 18.6968
26 24 1 0.1750
26 25 3 0.4263
26 26 25 5.1416
26 27 312 76.6408
26 28 26 5.9167
26 29 165 37.6169
26 30 16 4.2320
26 31 7 1.6034
26 32 1 0.1204
26 33 18 4.1453
26 34 15 3.4443
26 36 68 14.3225
26 37 425 124.2207
26 38 2 0.3993
26 39 42 11.7504
26 40 63 13.6600
26 41 127 27.3546
26 42 39 9.1019
26 43 7 1.5168
26 44 24 4.7235
26 45 56 11.4414
26 46 120 27.5452
26 48 118 26.4623
26 49 22 4.6768
26 50 7 1.4717
26 51 115 26.0640
26 54 93 20.9290
26 57 22 5.7327
26 58 3 0.6860
26 60 34 7.3430
26 61 15 3.2199
26 62 6 1.2633
26 63 4 0.8422
26 64 17 3.4963
26 65 10 1.8312
26 66 1 0.1940
26 68 28 6.1175
26 69 260 57.5408
26 70 65 17.0985
26 71 12 2.8417
26 72 2 0.3312
26 74 10 2.1381
26 76 224 71.1405
26 77 14 3.1782
26 79 172 40.1631
26 80 17 3.6758
26 81 101 22.5589
26 82 1 0.1941
26 83 23 4.5415
26 84 44 9.4978
26 86 1 0.1987
26 87 48 10.5136
26 88 50 10.9817
26 89 5 1.1456
26 90 135 30.4039
26 91 5 1.2058
26 92 47 9.5676
26 93 666 149.0227
26 94 31 6.3158
26 95 84 19.9748
26 96 2 0.4194
26 97 164 42.1898
26 100 26 5.2639
26 101 33 7.9929
26 102 8 1.7036
26 103 1 0.2388
26 104 12 2.2077
26 105 250 77.5868
26 106 84 19.6348
26 107 73 17.1336
26 108 2 0.4419
26 109 2 0.5281
26 110 8 1.4940
26 111 1 0.2420
26 112 2 0.5218
26 116 728 185.8576
26 118 52 11.7267
26 119 1 0.1927
26 120 143 34.4464
26 121 60 14.6787
26 122 103 22.8968
26 123 1 0.2489
26 124 6 1.4482
26 125 7 2.0434
26 126 5 1.1164
26 128 31 6.7738
26 129 13 2.7550
26 130 1 0.1782
26 133 214 48.9880
26 134 88 22.2134
26 135 3 0.6069
26 136 237 65.0520
26 137 41 8.7247
26 138 11 2.4619
26 139 11 2.5786
26 140 29 10.1967
26 142 97 21.8907
26 145 33 7.7079
26 147 32 7.1507
26 148 56 11.9958
26 149 36 7.8627
26 151 118 26.7434
26 152 15 3.8327
26 153 347 79.0278
26 155 3 0.8679
26 156 45 10.9675
26 157 65 16.1338
26 159 41 10.3771
26 160 63 13.1758
26 162 24 5.1440
26 165 7 1.4820
26 166 101 22.7933
26 167 58 12.2677
26 168 4 1.0785
26 169 239 75.3688
26 170 11 2.4835
26 171 58 14.5883
26 172 4 0.8132
26 173 115 28.8703
26 174 2 0.4406
26 176 225 51.3300
26 177 3 0.6271
26 178 191 45.9054
26 179 80 18.2873
26 181 8 1.8248
26 183 35 7.2829
26 185 99 24.9431
26 186 351 81.6229
26 187 25 5.4253
26 188 38 8.1656
26 189 11 2.6391
26 190 27 6.1160
26 191 28 5.3902
26 192 265 59.4189
26 193 4 0.9422
26 194 55 13.1498
26 196 1 0.1953
26 197 5 1.0929
26 198 317 72.5175
26 199 42 9.3362
26 200 512 128.4586
26 202 72 16.5822
26 203 2 0.3765
26 204 14 2.9506
26 205 44 9.6113
26 206 769 265.6342
26 207 11 2.8226
26 208 30 6.6389
26 209 20 4.7133
26 211 372 82.7627
26 212 5 0.8104
26 213 4 0.7756
26 214 8 2.1695
26 215 6 1.3265
26 216 24 5.7362
26 217 29 5.8729
26 220 8 1.8962
26 221 5 1.0999
26 222 1 0.1873
26 223 42 9.7834
26 224 4 0.8154
26 226 1 0.1915
26 227 168 38.0735
26 228 322 102.2612
26 230 26 5.6158
26 231 3 0.7033
26 233 44 11.3874
26 235 16 3.7799
26 236 20 4.4372
26 237 82 18.2594
26 239 155 35.2945
26 240 29 6.2331
26 241 374 85.9715
26 242 43 10.9141
26 244 30 7.9066
26 245 8 1.9077
26 247 20 3.9428
26 248 31 6.4841
26 249 19 4.2701
26 250 18 4.0225
26 251 98 23.7575
26 252 43 10.1853
26 254 111 25.4161
26 256 9 2.2481
26 257 27 6.4389
26 258 62 13.5511
26 259 227 59.5190
26 260 4 0.8821
26 262 1 0.2330
26 263 32 7.5806
26 265 588 173.6534
26 266 27 6.0791
26 268 1 0.2228
26 269 1 0.1933
26 270 42 9.5508
26 272 140 35.1914
26 273 22 5.0271
26 274 11 3.0548
26 276 890 285.3018
26 277 38 8.5012
26 280 149 41.4234
26 281 13 3.1768
26 283 170 37.5399
26 284 59 14.1322
26 285 30 5.6855
26 288 66 15.2626
26 290 179 42.5000
26 291 1 0.2148
26 292 15 3.3847
26 293 64 14.7644
26 295 7 1.5229
26 297 24 5.0707
26 298 21 4.6658
26 299 33 7.2390
26 300 1 0.2132
26 301 3 0.5925
26 302 10 2.3424
26 303 21 5.0118
26 304 28 5.7516
26 305 1 0.1676
26 307 15 3.3054
26 308 15 3.0951
26 309 146 37.2882
26 310 24 5.1104
26 311 4 0.9421
26 315 34 8.2665
26 317 40 9.7082
26 318 1 0.2555
26 319 3 0.6796
26 320 22 5.0266
26 322 1 0.2299
26 323 29 7.3449
26 324 1 0.2198
26 325 59 15.3969
26 327 13 2.7235
26 328 17 3.8812
26 330 24 5.2351
26 331 27 8.1246
26 332 15 3.3986
26 333 136 28.0787
26 334 149 44.2580
26 336 33 9.0533
26 337 1 0.2354
26 338 10 2.4920
26 340 4 0.7449
26 341 144 35.3748
26 342 5 1.1375
26 343 184 44.1436
26 344 2 0.4359
26 345 30 6.7928
26 347 42 10.3496
26 348 30 6.4519
26 349 140 33.8380
26 351 44 10.5842
26 353 42 8.8220
26 355 1 0.1781
26 358 5 1.1620
26 360 5 1.0422
26 361 901 212.1720
26 362 23 5.5040
26 363 23 5.6874
26 364 35 8.1407
26 365 31 7.5961
26 367 12 3.6899
26 368 52 12.0238
26 369 72 17.1365
26 370 43 10.4662
26 371 100 22.8317
26 372 11 2.7021
26 373 49 10.8301
26 374 2 0.4774
26 375 14 2.8707
26 376 58 13.4006
26 377 34 8.0535
26 379 1 0.1883
26 380 161 35.9137
26 381 1 0.2240
26 382 31 7.2134
26 383 255 81.0594
27 2 116 33.4823
27 3 65 17.0647
27 4 13 2.6700
27 5 22 4.6364
27 6 3 0.9168
27 7 13 2.9609
27 8 45 9.6880
27 9 88 22.7159
27 10 176 59.0226
27 11 2 0.3642
27 12 46 9.1702
27 13 4 0.8112
27 14 5 1.0795
27 16 3 0.6447
27 18 200 45.9070
27 19 1 0.1924
27 20 1 0.1584
27 22 34 7.6594
27 23 311 70.2320
27 25 4 0.8193
27 26 2 0.3465
27 27 9 2.2835
27 28 60 16.8035
27 29 6 1.1963
27 30 9 1.8637
27 33 8 1.3741
27 35 4 0.9259
27 36 6 1.1748
27 39 5 1.2651
27 40 37 7.3700
27 41 62 13.9252
27 43 102 43.2985
27 44 3 0.6350
27 45 824 239.2297
27 46 47 9.4782
27 47 28 5.2805
27 48 5 1.2518
27 49 15 3.7251
27 50 53 12.0603
27 51 10 1.9283
27 52 208 46.6730
27 53 12 1.9210
27 54 18 4.3397
27 55 42 8.6372
27 57 450 132.8991
27 58 3 0.6286
27 59 5 1.3667
27 61 55 12.6521
27 62 77 18.4826
27 63 528 148.3972
27 64 28 7.2875
27 66 43 9.4521
27 67 9 2.4426
27 68 18 3.7911
27 69 679 195.4114
27 70 19 3.7780
27 72 17 4.2231
27 73 41 8.7082
27 74 3 0.6455
27 75 6 0.9395
27 76 34 7.9034
27 77 309 81.6378
27 78 52 12.2564
27 79 80 17.5230
27 80 15 3.4311
27 81 1 0.2851
27 82 1 0.4366
27 83 1 0.2310
27 85 37 8.5886
27 86 22 4.1125
27 87 2 0.4439
27 88 151 32.7506
27 89 68 16.9749
27 90 115 24.6718
27 91 31 6.7091
27 92 19 4.6078
27 93 34 7.2242
27 95 2 0.3857
27 96 3 0.5527
27 98 7 1.2613
27 99 9 1.7491
27 100 22 4.3979
27 101 486 136.3355
27 103 54 12.4348
27 104 78 18.0195
27 105 192 44.5927
27 106 20 4.7115
27 107 17 3.5316
27 108 7 1.4292
27 110 47 9.9721
27 111 7 1.6165
27 113 68 15.9946
27 114 15 3.3427
27 115 125 28.8596
27 116 42 10.0319
27 117 13 2.4161
27 119 8 1.7728
27 121 21 4.4982
27 122 13 2.8105
27 124 5 0.8745
27 125 210 45.1990
27 126 67 18.9739
27 127 3 0.9588
27 128 123 25.9962
27 129 76 18.0668
27 130 80 16.2647
27 131 100 23.1779
27 132 1 0.1964
27 133 37 7.6078
27 134 4 0.7529
27 135 70 14.8768
27 136 23 4.8872
27 137 12 2.8496
27 138 3 0.6082
27 140 6 1.3547
27 141 1 0.2180
27 142 46 10.4805
27 143 22 5.8435
27 144 2 0.3094
27 145 18 3.6868
27 146 311 69.5083
27 147 73 16.2579
27 148 1350 350.0551
27 149 17 3.9925
27 151 35 7.7186
27 152 54 11.3948
27 153 65 15.1134
27 154 152 42.7865
27 156 1 0.1729
27 157 5 1.2071
27 158 52 15.4348
27 159 1 0.2152
27 160 5 1.2419
27 161 3 0.6817
27 163 1 0.1711
27 164 4 0.7907
27 165 76 16.2082
27 166 10 2.1403
27 167 6 1.1083
27 168 28 6.0471
27 169 26 5.4982
27 170 3 0.8914
27 171 2 0.5230
27 173 7 1.6212
27 174 25 5.7080
27 175 1 0.2136
27 176 25 5.8014
27 177 279 64.8836
27 178 25 6.2848
27 179 66 14.7816
27 180 18 4.2006
27 181 2 0.3046
27 182 52 16.5565
27 183 1 0.1555
27 185 2 0.3606
27 186 216 45.1331
27 188 56 11.6615
27 189 19 3.2838
27 191 1 0.2372
27 192 3 0.6867
27 194 275 60.0974
27 195 180 44.9406
27 196 16 3.7479
27 197 12 2.9607
27 198 94 20.4663
27 199 56 12.0409
27 200 11 2.4075
27 201 9 1.6311
27 202 29 6.2806
27 203 8 1.5450
27 204 16 3.5836
27 205 36 7.5210
27 207 55 12.0243
27 208 23 4.7236
27 209 18 3.1442
27 210 10 2.2487
27 211 18 3.8083
27 213 6 1.2663
27 214 663 153.9291
27 215 12 3.1562
27 216 40 7.9005
27 217 2 0.2494
27 218 146 35.4422
27 220 178 38.9702
27 221 20 4.3296
27 222 1 0.1726
27 223 8 1.8703
27 224 9 1.6697
27 225 5 0.9962
27 227 1 0.1305
27 228 53 12.0245
27 229 1 0.2395
27 230 1 0.2294
27 231 103 40.6982
27 232 7 1.5292
27 233 78 17.8103
27 234 1 0.1846
27 235 21 4.4260
27 236 3 0.4771
27 237 16 5.4077
27 239 1 0.2456
27 240 21 4.8811
27 241 32 7.0225
27 242 71 19.3268
27 243 48 9.5089
27 244 111 23.2341
27 245 24 4.4426
27 246 70 15.8730
27 247 5 2.0488
27 248 13 2.8298
27 249 43 9.3702
27 250 113 26.5541
27 251 21 4.8276
27 252 3 0.6366
27 253 44 11.0013
27 254 44 9.2036
27 255 24 4.8917
27 256 50 11.6091
27 257 18 3.5786
27 258 5 0.8513
27 259 734 181.8205
27 261 4 1.1554
27 262 42 9.0482
27 263 94 20.4469
27 265 21 4.6224
27 266 13 2.5429
27 267 10 2.1060
27 268 91 19.2055
27 270 8 1.5578
27 271 96 22.0235
27 272 7 1.6087
27 273 102 22.8588
27 274 49 10.5456
27 275 6 1.2617
27 276 14 3.0574
27 278 39 9.1595
27 279 5 1.2936
27 280 54 13.1532
27 281 39 10.8204
27 282 43 9.1033
27 283 107 22.5039
27 284 18 3.9810
27 285 53 10.1329
27 286 1 0.2383
27 287 13 2.1766
27 289 92 18.7587
27 291 28 6.3633
27 292 68 13.3879
27 293 1 0.1982
27 295 30 6.7922
27 296 50 10.8897
27 297 58 11.6438
27 298 50 10.9541
27 299 6 1.3714
27 301 3 0.9610
27 302 6 1.2444
27 303 50 10.3403
27 304 17 9.4431
27 305 102 24.3540
27 306 239 73.3425
27 307 11 2.7665
27 308 380 86.3760
27 309 1 0.2372
27 310 15 4.3260
27 312 3 0.6117
27 313 21 4.7426
27 314 41 12.3602
27 315 121 23.7421
27 319 1 0.2051
27 320 6 1.2109
27 321 21 5.3198
27 322 28 8.2784
27 323 20 3.7926
27 324 48 11.2719
27 326 173 37.5270
27 327 29 6.5477
27 328 46 10.3924
27 329 16 4.3657
27 330 5 1.0108
27 331 73 23.1667
27 333 9 1.7579
27 334 15 2.7169
27 335 33 7.1279
27 336 1036 310.0906
27 337 4 0.8683
27 338 9 2.3003
27 339 13 3.4629
27 340 3 0.4511
27 341 9 1.9601
27 342 46 10.2929
27 343 62 14.4823
27 344 1 0.2315
27 345 5 1.0873
27 346 18 4.0494
27 347 6 1.1186
27 351 8 2.1211
27 352 16 3.2397
27 353 71 15.3034
27 354 12 2.5116
27 355 115 25.9466
27 358 21 6.5920
27 359 97 23.0545
27 360 7 1.4591
27 361 28 6.3830
27 362 156 45.5693
27 363 399 132.7614
27 365 10 2.3130
27 366 35 7.6252
27 367 27 5.9476
27 368 5 1.2366
27 369 1 0.1944
27 371 6 1.4404
27 373 164 46.6695
27 374 18 3.3625
27 375 23 5.4715
27 376 2 0.3423
27 377 2 0.4976
27 378 28 6.3777
27 379 14 2.8026
27 380 1 0.1513
27 381 33 6.6428
27 382 171 36.4227
27 383 88 17.9601
28 1 4 0.5642
28 2 14 3.4705
28 3 26 5.8656
28 5 4 0.7258
28 7 69 16.8016
28 8 1 0.2569
28 9 115 34.9037
28 11 221 54.4650
28 12 5 0.9389
28 13 8 1.8042
28 15 269 61.9536
28 16 54 14.2346
28 18 4 0.9843
28 19 5 1.1714
28 22 35 8.6552
28 25 6 1.4498
28 26 10 2.3269
28 27 9 2.4079
28 29 8 1.8455
28 30 14 3.3235
28 31 10 2.1071
28 32 52 11.3269
28 34 109 25.9633
28 35 2 0.4677
28 36 4 1.4725
28 37 1 0.2051
28 38 341 104.5757
28 39 12 2.5772
28 40 105 24.6969
28 41 41 8.8980
28 42 1 0.1290
28 43 121 28.7834
28 44 4 0.9446
28 45 5 1.1647
28 46 62 14.9385
28 47 12 2.5752
28 48 35 7.9778
28 49 78 28.8367
28 50 180 44.9873
28 51 20 4.6891
28 52 321 75.6084
28 53 99 21.6858
28 55 6 1.3836
28 56 128 25.4197
28 57 545 131.4292
28 58 67 16.1838
28 59 239 66.0216
28 60 3 0.5087
28 61 12 2.7433
28 63 5 1.0978
28 64 12 2.5383
28 65 1 0.2148
28 67 29 6.8713
28 69 5 0.9353
28 70 9 2.3902
28 71 9 1.7550
28 72 31 6.3628
28 73 44 8.5304
28 74 13 3.4677
28 75 1 0.1973
28 76 1 0.1761
28 78 64 14.5501
28 79 6 1.3793
28 80 12 2.7756
28 81 14 4.9715
28 82 86 19.4673
28 83 22 5.5983
28 84 37 7.6638
28 85 87 19.6127
28 86 2 0.3401
28 87 75 15.0502
28 88 50 10.7173
28 89 19 6.1693
28 90 54 11.9741
28 91 146 35.2671
28 92 839 208.0745
28 93 1 0.2157
28 94 53 11.0671
28 96 92 22.9191
28 97 6 1.1994
28 98 92 20.9120
28 101 304 69.2960
28 105 5 0.9374
28 106 4 0.6984
28 108 49 11.7504
28 109 19 4.5814
28 110 97 21.6584
28 112 6 1.6773
28 113 16 2.9135
28 115 6 1.3473
28 116 44 8.7627
28 117 11 2.2291
28 118 652 154.1506
28 119 4 0.8216
28 120 98 23.6779
28 121 4 0.8878
28 122 23 4.8887
28 123 3 0.4685
28 124 4 0.7061
28 125 31 7.9240
28 126 267 90.4134
28 127 23 5.2598
28 129 107 36.2530
28 130 27 5.7389
28 131 4 0.6386
28 133 2 0.3092
28 134 14 2.5043
28 135 23 5.7198
28 136 10 2.5594
28 137 448 132.6384
28 138 29 7.2934
28 139 137 30.3896
28 140 12 2.7623
28 141 215 55.2647
28 142 81 18.3462
28 143 18 4.1158
28 144 24 4.2045
28 147 36 10.4610
28 149 9 2.0596
28 150 28 5.8428
28 151 8 2.2365
28 153 183 47.7765
28 154 17 4.2008
28 156 1 0.2475
28 157 2 0.3927
28 158 12 2.7618
28 159 65 14.2628
28 161 22 2.7254
28 163 8 1.7375
28 164 1 0.1960
28 165 3 0.6564
28 166 29 6.2673
28 167 11 2.5198
28 169 29 6.0620
28 170 264 62.2782
28 171 1 0.2083
28 173 3 0.6144
28 174 2 0.3406
28 175 313 68.8988
28 176 42 9.1147
28 177 13 3.6315
28 178 50 11.5272
28 179 34 7.4428
28 180 8 1.7575
28 182 9 2.9621
28 183 4 0.7321
28 184 55 13.1568
28 187 35 7.4902
28 189 128 32.3098
28 191 4 0.7899
28 192 17 4.6493
28 193 49 12.3206
28 194 7 1.3307
28 198 36 8.1594
28 199 93 20.2709
28 200 95 23.0489
28 202 7 1.1948
28 203 33 7.0863
28 204 3 0.6765
28 205 26 6.3899
28 206 2 0.4736
28 207 20 5.0172
28 208 17 2.6994
28 211 75 18.2008
28 212 139 31.6473
28 213 1 0.2578
28 214 178 40.3353
28 215 17 3.2713
28 216 49 13.5127
28 218 2 0.6710
28 219 2 0.4319
28 220 16 3.3720
28 221 157 34.6466
28 222 42 9.3422
28 223 3 1.0307
28 224 45 12.7218
28 225 9 1.9383
28 226 79 20.6403
28 227 44 9.8568
28 228 44 8.8441
28 229 94 22.2267
28 230 41 11.1087
28 232 74 18.0429
28 233 31 6.1034
28 234 26 6.0435
28 235 182 41.5175
28 236 2 0.3520
28 238 34 7.9474
28 239 12 2.9632
28 240 8 1.6575
28 241 1 0.2366
28 242 102 23.5663
28 243 101 20.8967
28 244 14 3.0130
28 245 2 0.5082
28 246 279 62.2957
28 247 19 4.1315
28 248 64 19.1467
28 249 134 40.0882
28 251 91 19.4193
28 252 143 34.1622
28 253 478 110.4525
28 254 11 2.5433
28 256 7 1.2338
28 259 17 3.8984
28 261 11 2.0798
28 262 686 189.8074
28 263 59 14.3031
28 265 4 0.7393
28 266 1 0.1674
28 268 7 1.5380
28 269 6 1.9987
28 270 2 0.3212
28 271 127 38.5473
28 272 31 7.3356
28 273 29 5.4866
28 274 90 15.4329
28 275 43 17.3758
28 276 49 12.2021
28 277 55 12.2301
28 280 43 10.2037
28 281 1 0.2191
28 282 11 2.8656
28 283 44 10.2962
28 284 20 4.0774
28 285 151 36.2320
28 286 16 4.0126
28 287 19 3.1808
28 289 87 21.3797
28 291 90 21.6310
28 293 17 3.3313
28 294 105 21.0770
28 295 72 17.3041
28 296 297 66.3885
28 297 13 2.7757
28 298 3 0.7080
28 300 141 33.7889
28 302 12 2.2240
28 303 19 3.2687
28 304 53 12.7658
28 305 4 0.9553
28 308 84 20.7723
28 309 2 0.3249
28 310 25 5.9142
28 311 32 7.6103
28 312 41 9.1639
28 313 8 1.4849
28 314 19 2.7833
28 315 255 59.0010
28 317 1 0.2099
28 319 98 23.0794
28 320 15 3.1323
28 321 5 1.1865
28 322 1 0.1281
28 323 7 1.2788
28 324 79 23.8593
28 325 4 0.9825
28 330 287 63.8349
28 332 44 10.5911
28 333 60 13.1907
28 334 20 3.9835
28 335 1 0.3683
28 336 33 5.7681
28 337 2 0.5084
28 338 21 4.0847
28 340 1 0.2234
28 341 97 19.8923
28 342 35 7.4309
28 345 3 0.6423
28 347 258 62.3104
28 348 680 259.7074
28 349 1 0.3556
28 350 4 0.8829
28 351 7 1.5499
28 352 195 61.7874
28 353 156 25.6544
28 354 2 0.4697
28 355 63 18.6401
28 356 1 0.1621
28 357 48 7.1742
28 358 90 22.1616
28 359 153 37.0721
28 360 4 0.5829
28 361 2 0.4967
28 362 12 2.7285
28 364 37 10.1598
28 366 41 8.8491
28 367 373 114.4541
28 368 1 0.0690
28 369 80 19.5924
28 370 18 6.3565
28 372 1 0.2303
28 374 3 0.7354
28 375 10 2.1922
28 376 452 121.1231
28 377 96 23.8262
28 378 11 2.4818
28 379 3 0.7387
28 380 36 10.6631
28 381 2 0.3790
28 382 18 4.4350
28 383 19 4.1933
29 0 68 13.4871
29 2 11 1.8111
29 3 46 9.1329
29 4 16 6.4359
29 6 8 2.2242
29 7 7 1.5703
29 9 61 13.8448
29 10 48 11.6355
29 11 82 18.2061
29 13 228 48.2628
29 14 15 2.7470
29 16 12 2.5956
29 17 6 1.0616
29 18 5 1.1430
29 19 45 7.8121
29 20 12 2.7548
29 21 36 7.5837
29 22 9 1.9434
29 24 1 0.1629
29 25 43 9.1730
29 26 1 0.0577
29 27 2 0.3992
29 28 6 1.2258
29 29 157 35.4629
29 30 156 26.2123
29 31 59 14.9627
29 32 31 6.0439
29 33 317 110.2309
29 34 48 11.0809
29 35 178 53.1483
29 36 5 1.0711
29 37 13 2.5341
29 38 96 20.6854
29 39 50 9.2263
29 40 67 12.3648
29 41 8 1.5534
29 42 25 5.4433
29 43 328 74.2865
29 44 1 0.1538
29 46 4 1.2992
29 47 74 24.4227
29 48 126 32.6951
29 50 23 4.8971
29 52 64 22.4013
29 53 13 2.7451
29 54 2 0.3691
29 55 15 2.5727
29 56 61 14.0033
29 57 12 2.7727
29 58 10 2.6235
29 59 53 15.5794
29 61 14 2.2383
29 62 17 2.6609
29 63 11 2.2157
29 64 103 21.3807
29 65 4 0.8360
29 66 37 8.3453
29 67 5 0.8808
29 68 8 1.4897
29 69 89 20.3365
29 70 51 11.0512
29 71 44 9.6456
29 72 417 98.0500
29 73 14 2.8375
29 75 785 333.2880
29 76 89 20.1833
29 77 50 16.9924
29 78 9 2.5726
29 79 1 0.1280
29 80 3 0.7356
29 81 20 5.5602
29 83 17 3.7057
29 84 60 17.4015
29 85 9 1.6485
29 86 39 5.9914
29 87 175 37.7416
29 88 9 1.9108
29 89 22 5.0948
29 90 24 5.0291
29 91 2 0.2448
29 92 19 4.3637
29 93 12 2.3263
29 94 64 13.3827
29 95 39 8.5466
29 96 1 0.2403
29 97 29 5.3975
29 98 87 20.3607
29 99 58 12.8095
29 100 28 5.4564
29 101 379 103.4724
29 102 15 3.5168
29 103 88 17.7925
29 104 4 1.0881
29 105 31 7.2940
29 107 2 0.6359
29 109 46 8.4200
29 110 11 2.1528
29 111 4 0.7999
29 113 18 4.1640
29 114 50 11.0173
29 115 82 18.8737
29 116 2 0.4334
29 117 182 38.8966
29 119 134 34.2912
29 120 15 3.3014
29 122 125 33.4370
29 123 26 5.3047
29 124 8 1.6889
29 125 16 3.0038
29 126 194 41.9630
29 129 30 7.5621
29 130 6 0.8392
29 131 31 9.0540
29 132 6 1.2852
29 133 21 4.6124
29 134 15 3.4960
29 135 28 6.2902
29 136 152 34.5350
29 137 9 1.8058
29 138 30 7.1628
29 139 7 1.5272
29 140 75 14.9940
29 142 351 96.3742
29 143 2 0.4689
29 146 10 1.9238
29 147 39 8.3158
29 148 9 1.7258
29 150 3 0.9229
29 152 11 1.6421
29 153 254 54.1880
29 154 33 7.8511
29 155 86 18.7336
29 157 14 2.1313
29 158 6 1.0780
29 159 2 0.3991
29 160 85 20.8117
29 161 51 14.0361
29 162 211 49.9494
29 163 32 6.3428
29 164 10 1.8747
29 166 42 8.8210
29 167 252 54.4321
29 168 56 11.4083
29 169 57 10.5785
29 170 41 8.6261
29 171 613 270.5838
29 172 27 5.0270
29 173 22 4.9740
29 175 7 1.5237
29 177 16 3.3777
29 178 5 0.9979
29 180 73 15.1121
29 181 125 24.8029
29 182 97 21.4732
29 183 1 0.2561
29 184 1 0.1832
29 187 394 79.0013
29 188 12 3.1761
29 189 35 8.1358
29 190 22 5.4229
29 191 12 3.0065
29 192 12 2.5098
29 193 6 1.0573
29 194 199 60.0974
29 195 1 0.1784
29 196 1 0.1676
29 197 29 6.6181
29 198 86 19.0343
29 199 4 0.9417
29 200 53 10.8149
29 202 35 7.3571
29 205 7 2.1170
29 206 1 0.2138
29 207 36 6.8355
29 208 7 0.9858
29 209 127 30.0930
29 210 16 3.4836
29 211 256 57.0139
29 212 190 39.2949
29 213 11 2.3885
29 214 109 25.2997
29 215 14 3.3188
29 216 3 0.6234
29 217 27 5.6913
29 218 156 40.9526
29 220 4 1.0471
29 221 343 77.7011
29 224 30 6.6611
29 225 63 12.0706
29 226 62 27.1650
29 227 2 0.3562
29 228 92 25.2646
29 229 53 11.9289
29 230 4 0.9898
29 231 23 4.9091
29 232 2 0.3143
29 233 117 26.5553
29 234 9 1.9783
29 235 21 4.5675
29 237 11 2.0962
29 238 16 3.4531
29 239 1 0.2560
29 240 27 6.2578
29 241 1 0.1878
29 243 21 4.6340
29 244 142 29.9075
29 245 2 0.2380
29 246 8 1.7179
29 247 47 10.3427
29 248 13 2.9765
29 250 15 3.7487
29 251 261 70.4726
29 252 490 121.6622
29 253 4 0.8673
29 254 60 12.5703
29 255 1 0.2332
29 256 112 29.7873
29 257 210 46.3175
29 258 505 139.6272
29 259 161 35.7983
29 260 56 12.4228
29 261 157 34.6169
29 262 110 22.0714
29 263 47 7.8620
29 264 46 9.3929
29 265 16 3.3839
29 266 2 0.5238
29 267 5 0.9568
29 268 36 8.1941
29 269 32 7.5094
29 270 18 3.9300
29 271 18 5.2010
29 272 1 0.1612
29 273 40 8.1784
29 274 1 0.1720
29 275 18 3.7873
29 277 58 17.2074
29 278 15 4.7922
29 280 51 9.8455
29 283 33 7.0266
29 285 8 1.7794
29 286 11 2.1068
29 287 5 1.0085
29 288 21 4.3439
29 291 27 6.0064
29 293 3 0.5754
29 294 5 1.6889
29 296 20 4.3807
29 298 5 0.6696
29 299 23 4.2388
29 300 15 2.6302
29 302 25 5.3399
29 304 343 77.9035
29 305 15 3.4767
29 306 290 103.2916
29 307 46 8.4572
29 308 317 79.5942
29 309 2 0.3117
29 310 3 0.5865
29 311 35 6.6827
29 312 3 0.7068
29 313 2 0.4877
29 314 51 14.6074
29 315 2 0.6709
29 316 1 0.2134
29 317 91 18.5962
29 319 5 1.0623
29 320 10 1.7133
29 321 63 14.6340
29 322 23 5.8673
29 325 37 7.7268
29 326 45 6.9284
29 327 99 20.7425
29 328 2 0.2795
29 329 1 0.1372
29 330 16 3.2920
29 331 1 0.2112
29 333 33 6.8938
29 334 197 44.6387
29 335 2 0.3719
29 336 36 8.4418
29 337 4 0.7947
29 338 10 2.6509
29 339 2 0.2526
29 340 32 6.9849
29 341 6 1.1837
29 342 2 0.5452
29 343 4 0.4988
29 344 33 7.5329
29 345 22 4.7402
29 346 24 5.0474
29 348 56 11.2744
29 349 29 5.9571
29 350 139 35.4034
29 351 56 11.1766
29 352 124 23.4213
29 353 28 6.2809
29 354 1 0.1650
29 356 1 0.1863
29 357 2 0.4365
29 358 25 5.8409
29 359 41 10.8356
29 360 10 2.2540
29 361 26 4.6037
29 362 14 3.0147
29 363 17 7.5865
29 364 6 1.4067
29 365 3 0.6181
29 366 23 3.8888
29 367 17 3.6870
29 369 20 4.5181
29 370 68 13.5838
29 372 15 3.2089
29 373 17 3.7171
29 374 17 3.7415
29 375 124 27.1942
29 376 476 106.4964
29 378 24 5.4063
29 379 5 1.0399
29 381 14 2.9934
29 382 4 1.1016
29 383 1 0.2127
30 0 44 9.8868
30 1 2 0.2357
30 2 421 140.5894
30 3 16 4.1918
30 4 81 43.1460
30 5 3 0.9532
30 6 13 3.0933
30 7 46 10.5912
30 8 12 2.3090
30 9 34 7.8956
30 10 39 8.0628
30 11 286 80.9131
30 12 114 23.4935
30 13 43 9.8442
30 14 12 3.1631
30 15 14 2.9258
30 16 56 14.4614
30 17 157 39.0229
30 18 176 59.0142
30 19 61 14.6862
30 20 10 2.0442
30 21 46 11.2808
30 22 151 49.0654
30 23 69 16.9325
30 24 25 5.2635
30 25 3 0.7092
30 26 19 5.9104
30 27 14 3.0817
30 28 28 6.0801
30 31 1 0.1881
30 33 31 6.0699
30 34 1 0.1999
30 35 6 1.3294
30 36 238 54.9248
30 37 9 1.9476
30 38 1 0.1531
30 39 3 0.5871
30 40 5 1.0039
30 41 45 10.9149
30 42 66 14.4167
30 43 1 0.1547
30 44 38 9.0011
30 45 1 0.1703
30 46 7 1.6205
30 47 12 2.1832
30 48 15 4.0185
30 49 33 7.8543
30 50 8 1.8566
30 51 24 4.5018
30 52 3 0.6499
30 55 14 3.3766
30 56 101 19.3496
30 57 5 1.4954
30 58 3 0.6903
30 59 29 5.8227
30 60 47 9.8653
30 61 22 7.5485
30 62 6 1.9459
30 63 15 3.0259
30 64 15 3.2975
30 65 2 0.4914
30 67 315 75.9379
30 68 4 0.7316
30 69 5 0.8586
30 70 36 7.7895
30 71 3 0.6799
30 72 384 88.3803
30 73 2 0.2582
30 74 93 26.1868
30 75 2 0.4334
30 76 70 19.0518
30 77 7 1.7803
30 78 53 12.3380
30 79 36 8.3736
30 80 61 13.4707
30 81 17 3.8842
30 82 1 0.2003
30 84 132 25.7263
30 85 12 3.6465
30 86 3 0.6869
30 87 41 8.9038
30 88 4 0.8044
30 90 44 9.1386
30 91 12 2.2053
30 93 4 0.8560
30 94 1 0.3010
30 95 259 78.8578
30 96 2 0.4370
30 97 83 29.4252
30 98 5 1.0826
30 99 344 91.4762
30 100 180 42.5954
30 103 8 1.7123
30 104 15 3.1333
30 105 10 2.3984
30 107 3 0.5970
30 108 20 6.4230
30 109 17 3.3845
30 111 135 31.7038
30 112 239 53.3201
30 113 1 0.1850
30 114 7 1.1440
30 115 26 5.5318
30 118 23 4.5770
30 119 4 0.5993
30 122 3 0.5121
30 124 12 2.7215
30 125 17 3.4316
30 126 53 9.7779
30 127 19 4.0500
30 128 1 0.1367
30 130 1 0.2872
30 131 60 13.6192
30 133 454 118.6158
30 134 3 1.4613
30 135 7 1.6905
30 137 2 0.4397
30 138 29 6.5306
30 139 15 2.7456
30 140 2 0.1638
30 141 57 11.9503
30 142 21 4.0523
30 143 105 20.5469
30 144 3 0.6786
30 145 24 4.3584
30 146 4 0.8219
30 147 7 1.5069
30 148 22 5.0073
30 149 94 19.4744
30 150 29 6.2790
30 151 8 1.8331
30 153 187 42.1703
30 154 27 5.0745
30 155 4 0.6624
30 156 19 4.0418
30 159 66 15.9222
30 160 20 7.0235
30 161 473 140.0409
30 162 2 0.3359
30 163 22 3.6390
30 164 49 14.1131
30 165 20 4.6137
30 166 28 6.2466
30 167 32 8.0307
30 168 43 9.4207
30 170 30 4.9781
30 171 52 17.1015
30 172 13 2.8470
30 175 331 89.1861
30 176 24 5.3691
30 177 5 0.9573
30 178 16 3.5598
30 180 16 3.7521
30 181 61 14.0607
30 182 354 108.4487
30 183 9 1.5504
30 184 6 1.2227
30 185 5 1.5357
30 188 11 3.1250
30 190 3 0.5392
30 191 30 6.2403
30 192 5 0.8498
30 193 113 33.2463
30 194 65 14.3301
30 195 9 1.5457
30 197 979 248.5009
30 198 17 3.2161
30 199 25 4.2793
30 200 9 1.5920
30 201 1 0.1710
30 202 55 18.0832
30 203 27 5.8315
30 204 8 1.7954
30 205 180 43.9862
30 206 17 3.3878
30 207 10 1.8422
30 208 12 2.9490
30 209 806 184.5329
30 210 413 99.9162
30 211 16 3.6355
30 212 53 9.9603
30 213 2 0.4005
30 215 22 3.7767
30 216 2 0.4609
30 217 2 0.5352
30 218 25 5.1968
30 219 9 2.0092
30 220 50 11.4695
30 221 1 0.2150
30 222 4 0.6814
30 225 63 11.5247
30 226 46 9.6691
30 227 9 1.9991
30 228 29 5.7755
30 229 90 17.0497
30 230 3 0.4806
30 233 217 67.6911
30 234 45 13.5804
30 235 66 13.7109
30 236 6 1.2874
30 237 42 8.7962
30 240 6 1.5563
30 241 46 10.8289
30 243 122 29.6791
30 244 40 8.6162
30 245 138 32.5449
30 246 20 4.5235
30 247 157 37.7740
30 248 19 2.9780
30 249 24 5.8622
30 250 263 60.3319
30 251 1 0.0890
30 252 65 15.1177
30 253 1 0.1793
30 254 4 0.7457
30 255 13 3.0418
30 256 3 0.7793
30 257 8 1.4051
30 258 1 0.1785
30 259 19 4.3701
30 260 4 0.8226
30 261 1 0.1300
30 262 56 15.1370
30 263 83 20.3996
30 264 32 7.4641
30 265 53 14.8963
30 266 3 0.6963
30 267 4 0.7971
30 268 1 0.2409
30 269 38 8.3309
30 270 11 1.4703
30 272 36 8.1315
30 273 32 7.2263
30 274 13 2.7378
30 275 15 2.7665
30 276 2 0.4631
30 278 27 4.9595
30 279 1 0.1472
30 280 10 2.0424
30 281 61 12.8445
30 283 3 0.6661
30 284 1 0.2258
30 285 11 2.5810
30 286 77 18.2712
30 287 11 2.6954
30 288 93 27.0355
30 289 11 1.8496
30 290 1 0.0879
30 291 50 13.1865
30 292 82 18.7255
30 293 1 0.2082
30 294 165 39.5899
30 295 145 33.9943
30 296 115 25.7869
30 297 5 0.8327
30 298 1 0.2156
30 299 93 20.3973
30 300 2 0.4877
30 301 200 50.4187
30 302 174 41.8549
30 303 140 44.0432
30 304 31 6.6777
30 305 4 0.6786
30 306 6 1.1952
30 307 8 2.3199
30 308 45 9.4175
30 309 11 2.1514
30 310 59 11.6304
30 312 6 1.3506
30 313 87 19.2674
30 317 215 54.1240
30 319 20 4.0898
30 320 92 30.1875
30 321 128 25.5022
30 322 19 7.2050
30 323 27 5.8046
30 324 72 15.3938
30 326 99 19.3964
30 327 22 4.6080
30 328 11 2.0799
30 329 49 11.7150
30 330 9 1.8270
30 331 70 19.4409
30 332 9 2.2192
30 334 355 128.8117
30 336 3 0.5646
30 337 9 2.0460
30 338 80 18.1880
30 339 1 0.2556
30 341 4 0.8654
30 342 78 18.4968
30 344 8 1.6693
30 345 58 14.5278
30 346 1 0.4956
30 347 9 1.7522
30 348 32 7.5409
30 349 141 32.2085
30 350 53 8.7453
30 351 8 1.8632
30 352 3 0.6136
30 354 39 8.6685
30 355 196 39.8953
30 358 27 8.9252
30 359 10 1.9941
30 360 13 3.1844
30 361 93 15.7211
30 364 13 2.7907
30 365 3 0.5498
30 366 37 9.0706
30 367 3 0.5820
30 368 2 0.7396
30 369 1 0.1775
30 370 5 0.9368
30 371 1 0.2255
30 374 7 1.6639
30 375 59 12.7390
30 376 106 22.5021
30 377 102 22.8516
30 378 8 1.5467
30 379 262 73.3374
30 380 9 2.2858
30 382 26 6.1586
30 383 122 28.7580
31 1 17 4.8202
31 2 71 15.6679
31 3 96 26.0277
31 4 45 11.5315
31 5 68 15.8231
31 6 130 31.0097
31 7 70 16.6178
31 8 16 3.7424
31 9 1 0.2492
31 10 6 1.2209
31 11 12 2.7281
31 12 5 1.2200
31 13 22 4.2699
31 14 12 2.8873
31 15 12 3.3186
31 16 49 11.3348
31 17 591 149.7195
31 19 5 1.0583
31 20 50 13.0221
31 22 90 36.4610
31 23 6 1.3247
31 24 8 1.6728
31 25 63 14.8784
31 26 7 1.8794
31 28 3 0.5852
31 29 126 37.8076
31 30 8 1.5629
31 31 474 99.9523
31 32 4 0.7214
31 33 5 2.0442
31 34 8 1.7223
31 36 54 13.8662
31 37 4 0.8396
31 38 93 21.5492
31 39 15 3.8083
31 40 3 0.4873
31 41 21 5.7762
31 42 35 7.8633
31 43 52 14.2196
31 45 14 2.9599
31 46 124 29.4793
31 47 1 0.5427
31 48 98 24.4738
31 50 36 9.0223
31 51 63 15.5147
31 52 334 91.4449
31 53 7 1.5236
31 55 28 6.1195
31 56 50 14.3854
31 57 1 0.2691
31 58 26 5.7039
31 59 43 9.1923
31 60 1 0.1877
31 62 4 0.9180
31 63 46 10.4727
31 64 152 36.6692
31 65 38 8.9357
31 66 25 5.4987
31 67 2 0.3725
31 68 39 10.4683
31 69 4 0.8796
31 70 163 40.6339
31 71 2 0.5657
31 72 2 0.5432
31 75 24 5.5246
31 76 93 20.9854
31 77 27 5.9516
31 78 7 1.6043
31 80 22 4.1811
31 81 5 0.9707
31 82 3 0.5841
31 83 8 1.3933
31 84 1 0.0697
31 85 23 4.8018
31 87 3 0.7728
31 88 200 59.3875
31 91 17 3.9431
31 92 15 5.1109
31 94 19 3.6666
31 95 5 1.1213
31 96 216 47.6035
31 97 30 6.1601
31 98 2 0.5865
31 99 3 0.8242
31 100 19 4.4026
31 101 72 16.7085
31 102 6 1.3419
31 103 94 20.5906
31 104 23 4.9825
31 105 407 91.5719
31 106 6 1.3437
31 108 29 7.6861
31 109 14 3.7812
31 110 28 6.4177
31 111 1 0.1688
31 113 1 0.1401
31 114 2 0.5199
31 115 80 19.3536
31 116 23 5.6353
31 117 25 5.5211
31 118 16 4.9734
31 119 1 0.2339
31 121 4 0.8068
31 122 9 2.0798
31 123 1 0.2177
31 124 5 1.0939
31 125 43 9.3663
31 127 2 0.3583
31 128 18 4.2590
31 129 101 19.1852
31 130 57 12.6246
31 131 28 6.5839
31 132 8 1.5376
31 133 48 10.9869
31 134 26 4.8894
31 135 51 11.4287
31 136 22 4.9108
31 137 22 5.8517
31 138 82 19.1817
31 139 8 1.7724
31 140 15 3.3896
31 141 26 5.8049
31 142 8 1.6862
31 143 41 9.0297
31 144 26 6.1504
31 146 29 7.3404
31 147 6 1.1719
31 148 6 1.3610
31 149 21 4.8787
31 151 52 13.0451
31 152 98 23.3632
31 153 132 31.4881
31 154 1 0.1811
31 155 88 20.0992
31 156 110 24.9984
31 158 14 4.3873
31 160 49 14.5083
31 162 6 1.2277
31 163 1 0.1369
31 164 8 1.5271
31 165 5 1.8345
31 167 17 3.9723
31 168 89 28.7151
31 169 3 0.6589
31 170 60 17.5154
31 171 40 9.4968
31 173 77 17.1231
31 174 8 2.1543
31 175 81 39.6864
31 176 1 0.1421
31 178 4 1.0915
31 182 42 8.6935
31 184 10 2.3094
31 185 73 17.2280
31 186 8 1.9212
31 188 468 114.5548
31 189 28 6.7985
31 190 167 37.3100
31 191 2 0.3454
31 193 23 4.1028
31 195 173 45.1861
31 197 9 2.1564
31 198 43 16.0071
31 199 11 3.8557
31 201 17 3.4212
31 203 115 25.7635
31 204 7 1.5525
31 205 4 0.9118
31 206 31 8.8364
31 207 23 5.0514
31 208 10 2.4045
31 209 9 1.8164
31 210 6 1.3670
31 211 115 26.8435
31 212 8 1.5994
31 213 306 75.0315
31 214 1 0.1861
31 215 1 0.2593
31 216 9 1.9981
31 217 124 35.2149
31 218 7 1.3932
31 219 1 0.1770
31 220 10 2.3345
31 221 8 1.8248
31 222 6 1.1733
31 224 4 0.8697
31 225 3 0.7477
31 226 7 1.6073
31 229 494 143.0443
31 230 27 5.8481
31 232 31 7.1834
31 235 17 4.0170
31 236 4 1.1541
31 237 4 0.9954
31 238 30 6.6185
31 239 40 8.2997
31 240 5 1.0257
31 241 7 1.2966
31 243 46 11.5203
31 244 79 17.0746
31 245 89 20.6316
31 246 8 1.7969
31 247 14 3.0506
31 249 48 12.7469
31 250 197 58.2451
31 251 19 5.3939
31 253 13 3.2798
31 254 1 0.2248
31 255 206 46.9464
31 256 2 0.7451
31 257 24 4.5844
31 258 129 29.9655
31 259 11 2.3979
31 260 226 55.5845
31 261 2 0.4706
31 262 14 2.8975
31 263 9 2.2346
31 265 2 0.4773
31 266 39 8.4309
31 267 11 2.6350
31 268 10 2.3173
31 269 160 39.5822
31 270 3 0.7540
31 271 167 39.5950
31 273 14 3.2074
31 274 97 22.9115
31 275 6 1.3714
31 276 459 99.5984
31 279 186 45.4905
31 280 117 27.1147
31 281 124 27.5417
31 282 2 0.4910
31 283 1 0.2040
31 284 2 0.5176
31 285 9 2.6061
31 286 63 20.7892
31 287 127 26.0524
31 288 2 0.3433
31 289 2 0.4343
31 290 1 0.1213
31 291 54 12.1709
31 293 115 36.1623
31 294 14 3.2760
31 295 12 2.1983
31 296 14 3.4879
31 297 342 100.4231
31 298 57 13.2178
31 299 16 8.6977
31 300 31 7.1588
31 301 116 25.3497
31 302 17 3.7155
31 303 126 33.5530
31 304 43 11.0800
31 305 2 0.4297
31 306 14 3.1211
31 307 8 1.5333
31 308 169 58.1633
31 310 68 21.4631
31 311 111 27.9163
31 312 20 4.7483
31 313 9 2.2930
31 314 52 12.2348
31 315 5 1.2147
31 316 9 1.9748
31 318 215 49.9155
31 319 4 0.9543
31 321 5 1.0987
31 322 31 7.2478
31 323 3 0.5515
31 324 95 29.7274
31 325 118 31.8849
31 326 77 23.2820
31 327 20 4.1818
31 329 13 3.0325
31 330 203 71.1291
31 332 78 19.6011
31 334 72 16.0490
31 335 24 5.2327
31 336 5 1.0193
31 337 344 81.8295
31 338 6 1.0297
31 339 37 7.8065
31 340 40 9.4776
31 341 25 5.4359
31 342 16 3.4024
31 343 14 3.4934
31 344 18 4.9835
31 345 24 4.7429
31 346 4 0.6990
31 347 19 5.9077
31 348 110 24.1199
31 349 41 9.9922
31 350 34 8.0394
31 351 23 8.9424
31 352 6 1.8069
31 353 23 4.7317
31 354 477 134.6329
31 356 43 9.0694
31 357 218 58.6666
31 358 109 23.5345
31 359 86 18.9399
31 360 1 0.2071
31 361 30 6.8883
31 362 10 1.7910
31 363 7 1.5524
31 364 11 2.5681
31 365 1 0.2421
31 367 1 0.2292
31 368 74 16.5493
31 369 1 0.6199
31 370 96 24.4352
31 371 11 2.0404
31 375 585 138.5296
31 376 52 11.5927
31 377 4 0.7887
31 378 23 4.8463
31 381 22 5.2213
31 382 14 3.1762
31 383 3 0.6195
32 0 1 0.2324
32 1 10 2.2531
32 2 5 0.9843
32 3 1 0.1739
32 4 3 0.6127
32 5 55 19.1027
32 6 1 0.4327
32 7 3 0.6704
32 8 27 6.2120
32 9 27 5.5170
32 10 35 8.1155
32 11 1 0.2135
32 13 23 6.0556
32 14 91 21.1157
32 15 9 2.0929
32 18 58 12.5610
32 19 452 103.9314
32 20 28 8.0257
32 23 15 2.4136
32 24 44 9.9936
32 25 51 11.7764
32 27 1 0.2263
32 28 34 7.7219
32 29 903 223.4154
32 30 1 0.2401
32 32 7 1.5803
32 33 57 11.1237
32 34 2 0.4060
32 35 47 10.5105
32 36 2 0.6795
32 37 18 3.5383
32 38 1 0.2100
32 39 12 2.4157
32 40 1 0.1913
32 41 18 3.8139
32 42 84 18.5594
32 43 87 43.6140
32 44 63 14.3566
32 45 6 1.9389
32 46 47 9.3348
32 47 25 6.3136
32 48 8 1.9187
32 49 33 8.0709
32 50 19 4.1070
32 51 1 0.1629
32 52 14 2.6666
32 53 16 3.7139
32 54 18 3.9341
32 55 2 0.4572
32 56 7 1.4837
32 57 1 0.1817
32 58 22 4.7755
32 59 8 1.6567
32 60 9 1.6485
32 61 4 0.7920
32 62 13 3.5576
32 63 53 11.5157
32 64 78 12.8719
32 65 2 0.2759
32 66 238 54.1826
32 67 4 0.9293
32 68 4 0.8244
32 69 27 6.4176
32 70 198 52.7534
32 71 199 57.7940
32 72 94 22.2311
32 74 22 3.9361
32 75 2 0.4331
32 77 17 3.5113
32 78 8 1.6748
32 79 12 2.6647
32 81 36 8.0472
32 82 447 100.4082
32 83 1 0.2339
32 85 67 17.2242
32 87 9 1.6594
32 88 59 13.2506
32 89 2 0.4620
32 90 511 186.1141
32 91 137 38.3260
32 92 102 23.4864
32 94 15 3.6841
32 95 91 24.4358
32 97 31 6.8735
32 99 10 2.2201
32 100 96 21.3961
32 101 72 19.6887
32 102 21 4.8508
32 103 9 2.1056
32 105 76 17.5534
32 106 1 0.1602
32 107 154 33.5846
32 109 40 8.9285
32 110 2 0.4409
32 112 1 0.2837
32 113 50 9.1884
32 114 2 0.5285
32 115 4 0.5797
32 116 2 0.3353
32 117 67 14.7561
32 119 8 1.8001
32 120 4 0.8817
32 121 100 21.8926
32 122 132 27.5389
32 123 1 0.1960
32 124 173 37.6455
32 125 1 0.2507
32 126 3 0.6113
32 128 21 4.0302
32 129 92 19.9448
32 130 22 4.5848
32 132 97 21.5619
32 133 10 3.3077
32 134 43 8.4499
32 136 4 0.8889
32 137 13 4.5780
32 139 151 36.0537
32 140 2 0.3337
32 141 21 4.5914
32 142 20 4.8629
32 143 5 0.9704
32 144 43 11.0713
32 145 5 1.1598
32 146 3 0.7833
32 147 1 0.1447
32 149 160 35.9384
32 150 20 4.2496
32 152 23 5.2966
32 153 94 20.1333
32 155 4 0.9652
32 156 58 12.4101
32 157 20 4.4354
32 158 2 0.4644
32 160 4 0.9306
32 161 26 5.3306
32 165 5 1.0764
32 166 101 22.2180
32 167 89 19.9860
32 168 2 0.3220
32 169 30 6.7707
32 171 18 4.0508
32 172 1 0.2521
32 173 38 8.0711
32 174 7 1.3627
32 175 75 17.0203
32 176 12 2.6947
32 177 97 20.3994
32 178 6 1.8491
32 180 73 19.1456
32 181 30 5.7002
32 182 21 4.4818
32 183 15 3.8468
32 184 4 0.9013
32 185 2 0.4107
32 186 103 23.7041
32 188 4 0.8958
32 189 9 3.3076
32 190 54 12.4302
32 191 46 10.0417
32 193 1 0.2314
32 194 2 0.3825
32 195 5 1.6041
32 196 2 0.4483
32 197 4 0.9255
32 198 1 0.1317
32 199 1 0.2345
32 200 29 6.8853
32 201 4 0.4020
32 202 23 3.9590
32 203 11 2.0703
32 204 3 0.7095
32 205 247 95.9488
32 206 6 1.6138
32 207 7 1.3535
32 208 85 18.0463
32 209 115 28.1055
32 210 357 79.0402
32 211 202 43.9486
32 212 7 1.4905
32 215 8 1.4943
32 216 20 4.0790
32 217 5 0.9139
32 218 41 9.0040
32 219 79 18.7251
32 220 24 5.3423
32 221 339 87.5294
32 222 9 1.9011
32 223 30 6.8086
32 224 9 1.7973
32 225 13 4.3565
32 226 23 5.2105
32 227 6 1.2201
32 228 1 0.1655
32 231 58 12.7061
32 232 47 9.9635
32 233 30 8.2068
32 234 79 24.5041
32 235 100 21.2768
32 236 7 1.5667
32 237 4 0.7870
32 238 1 0.1843
32 239 79 15.2094
32 240 4 0.8109
32 241 14 2.7672
32 242 3 0.9731
32 244 18 3.8025
32 245 23 5.1199
32 246 52 10.9452
32 247 6 1.0123
32 248 341 93.7128
32 249 1 0.2389
32 250 21 4.4969
32 251 18 6.1341
32 252 6 1.0083
32 253 15 2.7608
32 254 33 6.3312
32 256 14 3.3256
32 257 3 0.3997
32 258 107 23.4949
32 260 2 0.5061
32 261 10 1.9798
32 262 35 7.4150
32 263 45 14.6510
32 264 3 0.9342
32 265 19 4.9270
32 266 2 0.3618
32 267 158 38.7171
32 269 59 11.8371
32 270 33 7.8226
32 271 6 1.4087
32 272 27 5.0492
32 273 20 4.3139
32 274 3 0.9789
32 275 9 1.9793
32 276 566 154.8344
32 277 431 97.2145
32 279 10 2.0188
32 280 33 6.9768
32 281 5 1.1024
32 282 7 1.7044
32 283 680 257.3853
32 284 3 0.5060
32 285 35 7.1991
32 286 18 2.7285
32 287 68 15.0659
32 288 42 8.6667
32 289 127 27.8694
32 290 5 1.5411
32 292 35 7.6259
32 293 2 0.4706
32 294 64 18.7838
32 295 23 5.7883
32 296 1 0.2104
32 297 76 16.7801
32 298 1 0.2268
32 300 103 22.5927
32 301 6 1.1416
32 302 1 0.2139
32 303 228 53.5550
32 304 14 3.1447
32 305 41 9.0876
32 307 42 9.2018
32 308 1 0.2361
32 310 36 7.8285
32 311 2 0.4226
32 312 37 8.7419
32 313 6 1.3157
32 314 3 0.7608
32 315 1 0.2518
32 316 30 6.6486
32 317 26 6.5372
32 318 16 5.2840
32 319 1 0.2066
32 321 12 2.5595
32 322 63 14.0802
32 323 22 6.7577
32 324 2 0.3836
32 325 132 31.5935
32 328 5 1.1504
32 329 30 5.5646
32 331 2 0.2445
32 332 9 1.8706
32 333 87 27.7914
32 335 21 3.8262
32 336 4 0.7310
32 337 123 28.0773
32 338 217 64.3206
32 339 200 45.2703
32 340 41 9.1262
32 341 74 16.9423
32 342 2 0.4807
32 343 6 1.1260
32 344 34 7.5818
32 345 2 0.4758
32 346 99 22.3367
32 347 16 4.2658
32 348 62 13.8338
32 349 4 0.8206
32 350 17 7.9310
32 351 5 1.1785
32 352 4 1.3579
32 353 5 1.1086
32 354 19 3.2064
32 355 36 7.2650
32 356 3 0.5998
32 358 6 1.0644
32 359 11 2.3608
32 360 25 4.6292
32 361 3 0.5661
32 362 8 1.4931
32 363 32 7.4073
32 364 39 11.4445
32 365 234 53.8986
32 366 13 5.0419
32 367 83 17.9618
32 368 18 3.6151
32 370 2 0.4247
32 372 1 0.2239
32 373 43 10.2237
32 374 67 15.9531
32 375 68 14.9673
32 376 150 31.9897
32 377 29 6.8890
32 378 342 96.0499
32 380 1 0.2263
32 383 39 9.1633
33 0 13 2.9087
33 1 73 18.3359
33 2 152 44.0396
33 3 66 15.1561
33 4 3 0.6296
33 5 35 6.8085
33 7 69 16.1965
33 8 3 0.5795
33 9 106 25.1427
33 10 342 82.9252
33 11 5 1.0363
33 12 15 2.8579
33 13 192 52.6953
33 15 22 5.2050
33 16 121 28.4540
33 17 68 14.7871
33 18 4 0.7379
33 19 9 2.0189
33 20 31 7.2241
33 21 36 8.1108
33 22 1024 268.2768
33 23 55 10.4128
33 24 72 15.2467
33 25 30 9.9539
33 26 4 0.7273
33 28 445 108.8072
33 29 5 1.0492
33 30 48 11.1492
33 31 1 0.1687
33 32 186 44.1718
33 33 12 2.5840
33 34 26 7.4042
33 35 53 17.4903
33 36 14 3.3823
33 38 124 28.1218
33 41 13 3.4520
33 42 21 4.5810
33 43 1 0.1404
33 44 29 5.2978
33 45 3 0.6615
33 46 48 11.7193
33 47 2 0.2732
33 48 44 10.4095
33 49 20 4.1841
33 50 69 13.9668
33 51 2 0.5167
33 53 40 12.6912
33 54 10 2.2977
33 55 7 1.3618
33 57 4 0.9691
33 59 24 5.7226
33 60 11 2.0947
33 61 79 15.4501
33 62 3 0.5878
33 64 59 12.3751
33 66 25 6.0964
33 67 231 51.4854
33 68 64 19.9317
33 69 204 60.3981
33 70 6 1.4546
33 71 2 0.3586
33 72 6 1.2561
33 75 119 25.8703
33 76 16 3.0606
33 77 9 2.1107
33 78 1 0.1958
33 79 7 1.4679
33 80 44 9.6336
33 81 18 4.1708
33 82 3 0.4648
33 83 2 0.3954
33 84 2 0.4043
33 86 9 1.9355
33 87 55 12.6373
33 88 20 4.8863
33 89 2 0.4247
33 90 3 0.6151
33 91 4 0.7851
33 92 40 9.8804
33 93 1 0.1815
33 96 39 9.2214
33 97 38 7.9315
33 98 23 5.2786
33 100 2 0.4626
33 101 16 3.3434
33 102 14 3.1301
33 104 15 3.3374
33 105 18 3.8942
33 106 2 0.4451
33 107 3 0.7069
33 108 31 6.9920
33 109 77 31.5405
33 110 6 1.3127
33 111 2 0.4061
33 115 7 1.5174
33 116 89 20.3779
33 117 1 0.1908
33 118 24 4.5764
33 119 80 18.0940
33 120 1 0.1957
33 122 127 32.8102
33 123 4 0.7914
33 125 62 14.7586
33 126 5 1.4341
33 128 1 0.1931
33 129 1 0.1869
33 130 92 21.3636
33 131 11 2.4435
33 133 2 0.3981
33 134 868 195.9348
33 135 26 5.3012
33 137 4 0.7115
33 138 1 0.2378
33 139 2 0.4246
33 140 74 17.3227
33 141 32 6.9758
33 143 21 4.2656
33 144 101 28.8992
33 145 312 86.4875
33 147 11 2.2692
33 148 8 1.7200
33 149 28 7.0611
33 150 1 0.1499
33 151 52 10.5316
33 152 9 1.5093
33 153 140 31.9769
33 154 530 132.7669
33 155 1 0.1923
33 157 7 1.3679
33 158 3 0.4520
33 159 59 16.9822
33 160 5 0.8490
33 161 4 0.8559
33 163 22 5.2455
33 164 15 3.5770
33 165 2 0.4793
33 166 13 2.8687
33 167 6 1.6294
33 168 6 1.4983
33 169 7 1.6158
33 170 1 0.2217
33 171 2 0.4214
33 172 3 0.7915
33 173 28 6.5473
33 174 13 2.6061
33 175 5 1.0945
33 176 12 2.6593
33 177 11 2.1907
33 178 63 14.7462
33 179 30 5.5350
33 180 37 7.8884
33 182 11 2.3050
33 183 16 4.6876
33 184 2 0.4632
33 185 66 15.2464
33 186 31 5.6217
33 187 46 10.5624
33 188 5 0.9754
33 189 2 0.3045
33 190 330 76.2238
33 191 5 1.0970
33 192 60 13.4737
33 193 7 1.6391
33 194 45 10.1534
33 196 158 61.4029
33 198 18 4.0697
33 199 3 0.6147
33 200 3 0.5865
33 201 12 2.4567
33 202 28 6.5134
33 203 47 11.5085
33 204 4 1.1908
33 205 17 3.8661
33 206 4 0.6534
33 207 3 0.7086
33 208 50 9.1037
33 209 53 10.5841
33 210 51 11.9867
33 211 34 7.5149
33 212 20 3.6865
33 214 7 1.5282
33 215 79 29.7589
33 216 10 2.1409
33 218 35 7.6774
33 220 6 1.2937
33 221 90 23.3999
33 222 13 2.7119
33 223 58 11.3609
33 224 2 0.4809
33 225 13 2.8104
33 227 2 0.3367
33 228 34 8.6192
33 232 178 42.6480
33 233 30 7.9629
33 234 2 0.4624
33 235 57 12.8094
33 236 24 5.3359
33 237 3 0.7033
33 238 59 12.9647
33 240 170 37.6838
33 241 105 28.4245
33 242 31 9.5890
33 243 1 0.2217
33 244 9 2.1387
33 245 33 7.9823
33 246 15 3.7333
33 247 15 2.7923
33 248 57 16.2791
33 249 2 0.4506
33 250 4 0.8668
33 251 52 10.9745
33 252 33 6.9745
33 253 53 12.5331
33 255 37 12.2018
33 256 13 2.9729
33 257 13 2.5001
33 259 12 2.5030
33 260 12 2.7759
33 261 2 0.4622
33 263 14 3.3858
33 264 6 1.0827
33 265 10 2.7314
33 266 40 8.2376
33 268 188 41.7362
33 270 2 0.6955
33 271 35 7.8594
33 273 1 0.1471
33 274 17 5.0166
33 275 28 5.7128
33 276 185 50.7432
33 277 20 3.5644
33 278 5 1.1378
33 280 3 0.6004
33 281 1 0.2759
33 282 69 15.5421
33 283 253 91.1149
33 284 2 0.4395
33 285 3 0.6342
33 286 31 6.6280
33 288 4 0.7149
33 289 2 0.4068
33 290 3 0.8514
33 291 139 31.6473
33 292 1 0.3651
33 293 31 7.9655
33 294 25 4.7955
33 295 1 0.1983
33 297 28 6.4027
33 298 2 0.4134
33 299 66 21.2648
33 300 46 10.2441
33 301 327 102.5332
33 302 34 7.5621
33 303 23 4.4473
33 304 6 1.2291
33 305 10 1.8660
33 306 360 120.7129
33 307 198 48.3185
33 308 2 0.3582
33 309 238 94.7630
33 310 58 10.2236
33 311 87 16.9874
33 313 8 2.3345
33 315 26 5.4405
33 316 132 28.7838
33 317 13 2.2173
33 318 87 18.1448
33 319 11 2.1164
33 320 5 1.1335
33 322 3 0.6040
33 323 23 5.0114
33 324 17 3.7081
33 325 75 17.0410
33 326 161 41.2144
33 327 160 34.5248
33 328 16 5.1040
33 329 113 21.0011
33 330 84 19.2001
33 333 11 2.2582
33 334 1 0.1715
33 337 99 22.8262
33 338 6 1.3077
33 339 22 12.4114
33 340 1 0.1298
33 341 4 0.6387
33 342 9 2.0085
33 343 21 4.5735
33 345 21 6.2306
33 346 42 13.2101
33 347 42 8.7481
33 348 3 0.5709
33 349 2 0.2520
33 350 13 3.3525
33 351 31 5.9506
33 354 5 1.2159
33 355 1 0.3838
33 356 12 2.2380
33 358 150 52.3198
33 359 5 1.1891
33 360 5 0.9245
33 361 3 0.6705
33 362 250 53.4366
33 364 9 1.7934
33 365 65 15.2080
33 366 5 1.1666
33 367 18 3.5724
33 368 110 24.4172
33 369 1 0.1648
33 371 11 2.3473
33 372 4 0.7815
33 373 1 0.2125
33 374 152 33.3349
33 375 1 0.1662
33 376 15 3.1225
33 379 1 0.2852
33 380 264 59.1693
33 381 32 7.3726
34 0 19 4.6759
34 1 44 9.5903
34 3 31 6.6034
34 4 25 5.4296
34 6 34 7.3996
34 7 42 9.4480
34 8 127 32.7776
34 10 1 0.2117
34 11 3 0.5799
34 12 8 1.7211
34 13 8 1.7202
34 14 110 25.1958
34 15 1 0.1615
34 16 56 11.0513
34 17 10 3.7002
34 18 5 0.9790
34 19 19 3.9033
34 20 23 4.7536
34 21 12 2.5562
34 22 15 3.1062
34 24 13 2.9098
34 25 27 5.4758
34 27 13 2.8367
34 28 6 1.2642
34 29 1 0.1130
34 30 3 0.6425
34 31 57 13.4471
34 32 48 12.8074
34 33 3 0.6246
34 34 16 3.2465
34 35 1 0.1503
34 36 7 1.4389
34 38 1 0.1104
34 39 44 9.0874
34 40 1 0.2063
34 41 6 1.1646
34 42 24 7.1274
34 43 80 16.0142
34 44 13 2.1900
34 45 17 3.2538
34 46 55 10.3540
34 47 31 6.8387
34 48 18 3.4081
34 49 5 1.1863
34 50 12 2.0044
34 51 1 0.1617
34 52 8 1.8658
34 54 19 3.9962
34 55 2 0.4955
34 57 7 1.7977
34 58 23 4.6381
34 60 20 4.8480
34 61 9 1.2841
34 63 11 2.4453
34 65 270 91.2537
34 66 40 9.7137
34 67 12 3.2785
34 68 26 6.6398
34 69 4 0.6182
34 70 21 4.4796
34 71 2 0.3389
34 74 119 26.5656
34 75 174 43.7693
34 76 4 0.9706
34 78 63 12.6398
34 79 35 6.8688
34 80 148 52.0099
34 81 160 47.9492
34 82 21 4.8622
34 84 115 33.1330
34 85 16 3.5533
34 86 1 0.1997
34 87 2 0.3622
34 88 1 0.1721
34 89 2 0.4051
34 90 10 3.5288
34 91 2 0.3866
34 92 203 61.7329
34 94 99 29.8598
34 95 46 11.3193
34 96 3 0.4487
34 97 40 8.2545
34 98 8 1.7173
34 99 9 2.0081
34 100 1 0.2100
34 101 365 82.6611
34 102 2 0.3719
34 103 39 11.2608
34 104 14 2.6808
34 105 9 1.9196
34 106 62 14.2678
34 108 151 42.1375
34 109 12 2.5351
34 110 5 1.4425
34 111 17 4.1334
34 112 5 1.1036
34 114 1 0.3568
34 115 30 8.8546
34 116 3 0.9800
34 117 294 108.1874
34 118 1 0.1816
34 119 39 11.4013
34 120 133 29.3577
34 122 786 177.7059
34 123 16 3.2271
34 124 35 7.1291
34 125 96 21.3770
34 126 5 1.1185
34 127 34 7.5977
34 128 177 41.5278
34 129 27 6.0863
34 131 29 5.9590
34 132 42 8.7615
34 133 4 0.7316
34 134 141 30.0118
34 135 1 0.1264
34 137 28 7.3706
34 138 100 24.8640
34 139 13 2.3594
34 140 32 6.6038
34 141 114 23.3420
34 142 126 26.6309
34 143 4 0.8736
34 144 17 3.4321
34 146 69 25.4742
34 147 1 0.2751
34 148 48 9.6760
34 149 11 2.7999
34 150 16 3.7331
34 151 1 0.1862
34 152 23 6.6055
34 153 2 0.3840
34 155 56 11.2415
34 156 3 0.5499
34 157 1 0.2159
34 158 20 4.6237
34 159 52 12.6696
34 160 16 3.4305
34 161 2 0.3541
34 162 22 4.7449
34 163 16 3.3312
34 164 18 3.3913
34 166 429 95.8597
34 167 44 8.8341
34 168 114 24.9776
34 169 1 0.0884
34 170 38 7.4923
34 172 37 8.2286
34 173 5 0.8428
34 174 12 2.6717
34 175 1 0.1707
34 176 4 0.8585
34 177 33 7.0340
34 178 413 126.4687
34 179 19 4.8918
34 180 1 0.1672
34 181 11 2.4081
34 182 12 1.6385
34 183 55 11.6118
34 185 72 18.9612
34 186 26 6.8205
34 187 23 4.4395
34 188 37 9.7610
34 190 50 11.1127
34 192 82 18.1571
34 193 134 28.7776
34 194 8 1.1337
34 195 7 1.4381
34 196 26 5.5822
34 198 2 0.4598
34 199 59 10.3201
34 201 11 3.0009
34 203 19 5.0830
34 204 172 49.1788
34 205 5 1.0114
34 206 46 9.7705
34 207 70 11.9195
34 208 16 3.3696
34 209 37 9.1610
34 210 1 0.1885
34 211 4 0.7569
34 212 3 0.5484
34 213 64 14.4531
34 214 7 1.2929
34 215 28 5.0350
34 216 2 0.4867
34 217 16 3.1626
34 218 52 17.7750
34 219 1 0.1978
34 220 6 1.6391
34 221 18 7.5996
34 222 2 0.3119
34 223 14 4.9258
34 224 4 1.7168
34 225 130 28.1218
34 227 42 8.3379
34 228 141 49.7748
34 229 32 6.6518
34 230 3 1.0652
34 231 17 3.7120
34 232 2 0.4966
34 233 21 3.9664
34 234 23 4.5691
34 235 13 2.6054
34 236 96 19.0546
34 239 558 183.1647
34 241 37 8.3961
34 242 7 1.1612
34 243 21 4.4268
34 245 16 3.9107
34 246 26 5.9656
34 247 12 2.2805
34 248 23 9.2370
34 249 9 1.7812
34 250 54 11.2567
34 251 11 1.6694
34 252 18 4.3392
34 253 6 1.1882
34 254 25 5.3309
34 255 9 1.9122
34 256 3 0.6091
34 259 383 92.4861
34 260 119 24.5430
34 261 259 63.8121
34 262 3 0.6405
34 263 36 7.6915
34 264 65 14.0420
34 265 1 0.2531
34 266 12 2.6136
34 268 154 93.2906
34 269 19 3.9321
34 270 14 2.4761
34 271 160 51.6736
34 273 5 0.8656
34 274 297 65.7770
34 275 413 94.1947
34 276 12 2.0724
34 277 51 12.0740
34 278 38 8.4973
34 280 8 1.6929
34 281 22 3.7290
34 284 2 0.3669
34 285 18 4.2597
34 286 44 10.3560
34 287 4 0.7082
34 288 68 15.3377
34 289 2 0.5349
34 290 140 32.4196
34 291 17 3.7463
34 292 1 0.1656
34 293 54 13.6257
34 294 3 1.2420
34 296 154 32.0000
34 298 7 1.1393
34 299 29 5.9112
34 300 2 0.3959
34 301 19 4.0350
34 302 1 0.2142
34 304 2 0.3940
34 306 1 0.3336
34 307 69 14.4620
34 308 46 10.7415
34 309 195 64.9672
34 310 2 0.4276
34 311 76 15.0503
34 313 8 1.5859
34 315 2 0.3927
34 316 71 15.3660
34 317 115 28.2046
34 318 203 48.8143
34 319 134 32.9808
34 321 4 0.9124
34 322 13 3.0090
34 323 2 0.5091
34 324 37 12.5491
34 325 2 0.3043
34 326 13 3.2212
34 327 7 1.2166
34 328 19 7.7785
34 329 12 3.2851
34 330 9 1.9875
34 332 29 6.9078
34 333 22 4.8099
34 334 2 0.3303
34 335 41 11.0324
34 336 28 5.6600
34 337 189 40.9977
34 338 18 4.6799
34 339 7 1.2533
34 341 22 4.4731
34 342 55 12.7963
34 343 15 3.0903
34 344 3 0.6725
34 345 86 17.1163
34 346 1 0.1270
34 348 24 4.5876
34 349 31 6.8183
34 350 6 1.3632
34 351 15 3.2632
34 352 67 13.1734
34 353 32 7.2298
34 354 36 7.6762
34 355 227 49.2583
34 356 68 13.6157
34 357 14 2.5047
34 358 12 2.5828
34 359 18 4.7423
34 360 34 7.1726
34 362 2 0.3004
34 363 2 0.5919
34 364 1 0.2162
34 365 49 10.3174
34 366 9 2.1936
34 368 26 5.1783
34 369 2 0.4103
34 370 3 1.0027
34 371 8 1.5055
34 372 15 4.0124
34 373 13 3.4992
34 374 4 1.1902
34 375 1 0.2278
34 376 17 3.5684
34 379 21 4.4177
34 380 14 3.0873
34 381 1 0.2389
34 382 6 1.6170
34 383 20 4.6853
35 0 8 1.5624
35 1 25 5.5390
35 2 15 3.1390
35 3 26 6.0921
35 4 25 5.8152
35 5 2 0.4973
35 6 18 3.9174
35 8 7 1.3244
35 9 8 1.7932
35 11 391 85.8598
35 13 2 0.4160
35 14 2 0.4033
35 15 34 7.3108
35 16 33 7.1063
35 17 20 5.3714
35 18 47 10.1013
35 19 126 29.7933
35 20 3 0.8732
35 21 1 0.3419
35 22 1 0.1904
35 23 28 6.4078
35 24 6 1.3947
35 25 29 5.1940
35 26 97 26.6130
35 27 9 1.4498
35 28 49 11.6788
35 29 10 2.3148
35 30 13 2.7618
35 33 12 3.2472
35 34 148 39.1222
35 35 14 3.9792
35 36 21 5.6413
35 37 2 0.3355
35 38 188 55.1175
35 39 2 0.5208
35 40 4 0.7085
35 41 208 47.4108
35 42 14 3.5401
35 43 2 0.3244
35 44 6 1.2190
35 46 392 101.2359
35 47 81 26.0411
35 49 33 7.6958
35 50 1 0.0310
35 51 14 3.3969
35 52 5 1.2391
35 53 40 9.0262
35 54 9 1.8255
35 58 77 21.6336
35 59 5 0.9890
35 60 2 0.3287
35 61 80 17.7975
35 62 165 34.4558
35 63 7 1.5643
35 64 4 0.8088
35 66 4 0.7672
35 67 4 0.8975
35 68 55 12.3417
35 70 1 0.0825
35 71 11 2.3836
35 72 2 0.4647
35 74 1 0.2651
35 75 124 37.7459
35 76 7 1.7446
35 77 2 0.4149
35 78 18 3.3975
35 79 30 6.3807
35 80 35 9.6309
35 81 81 18.2653
35 82 1 0.1910
35 84 14 3.4837
35 85 14 3.2090
35 86 6 1.2485
35 87 19 4.2633
35 88 24 7.6417
35 90 1 0.1334
35 91 17 3.5179
35 92 46 12.7654
35 93 19 4.3787
35 94 9 1.7886
35 97 7 1.2645
35 98 61 17.0007
35 99 1 0.1951
35 100 12 2.4879
35 101 6 1.1604
35 102 58 17.1739
35 103 289 60.5526
35 104 109 29.6627
35 105 15 3.2263
35 106 4 1.1276
35 107 18 4.2750
35 108 4 0.8085
35 110 38 8.4686
35 111 13 2.9487
35 112 56 13.5032
35 113 7 1.1707
35 115 5 1.0096
35 116 34 10.0022
35 117 45 8.3756
35 118 486 134.1529
35 119 98 25.1453
35 120 16 3.4087
35 121 19 3.8418
35 122 33 7.4888
35 123 6 0.8561
35 124 35 8.1848
35 125 18 4.4547
35 126 5 0.9755
35 127 45 15.1939
35 129 9 1.8798
35 130 8 1.4286
35 131 76 15.5503
35 132 11 2.0335
35 133 2 0.4550
35 134 6 1.3020
35 135 11 2.5662
35 136 34 8.1417
35 139 3 0.6597
35 140 67 16.6100
35 141 110 29.1203
35 144 67 18.9861
35 145 4 0.6722
35 146 168 39.6196
35 147 28 6.4373
35 150 1 0.1224
35 151 19 3.6793
35 152 84 20.6062
35 153 126 25.9369
35 154 27 6.0813
35 155 15 3.6393
35 157 34 7.5332
35 158 12 2.4234
35 159 3 0.6540
35 160 21 4.5029
35 161 9 2.1829
35 162 61 11.8919
35 163 177 37.7583
35 164 33 5.4244
35 165 5 1.1602
35 166 3 0.4854
35 167 36 7.9361
35 170 4 1.0598
35 171 89 20.8876
35 172 21 5.0355
35 173 3 0.6087
35 174 28 7.0469
35 175 3 0.5136
35 176 7 1.4703
35 177 244 85.9432
35 178 68 16.2687
35 180 33 7.2239
35 181 3 0.5405
35 182 45 11.5526
35 183 9 1.8437
35 184 13 2.4134
35 185 9 1.7026
35 187 5 0.7415
35 188 1 0.2170
35 190 24 4.7118
35 191 36 7.6689
35 193 101 24.5507
35 194 3 0.6168
35 196 38 7.9293
35 197 9 1.9443
35 199 50 14.9138
35 200 3 0.5951
35 201 77 17.9772
35 203 57 13.4419
35 204 16 3.1539
35 205 10 2.3123
35 206 253 69.8333
35 207 6 1.5379
35 208 10 1.9234
35 209 1 0.2798
35 210 42 8.8489
35 211 27 5.6238
35 212 3 0.6143
35 214 16 2.9341
35 215 427 121.2602
35 216 9 1.7213
35 217 4 0.8275
35 218 26 7.1248
35 219 19 3.8427
35 221 66 14.8196
35 222 1 0.2056
35 224 51 11.6243
35 225 4 0.6681
35 228 5 1.0801
35 229 117 26.3362
35 230 4 0.8923
35 232 19 5.4206
35 233 62 17.3722
35 234 23 7.8065
35 235 1 0.1866
35 236 28 6.4307
35 237 16 3.6378
35 238 16 3.9989
35 239 6 1.2850
35 240 22 4.6903
35 242 3 0.6679
35 243 4 0.9094
35 244 4 0.4606
35 245 18 3.6515
35 246 7 1.3054
35 247 11 2.0980
35 248 12 2.4552
35 249 20 3.8088
35 250 27 7.3696
35 251 17 3.9343
35 252 9 2.0945
35 253 7 1.4003
35 254 60 13.8924
35 255 2 0.4689
35 256 7 1.4665
35 258 4 0.9035
35 259 21 4.6600
35 260 17 4.0369
35 261 11 1.8048
35 262 118 27.9089
35 263 29 5.9129
35 264 16 3.1755
35 265 1 0.0723
35 266 111 25.6079
35 267 56 19.4370
35 268 8 1.2953
35 270 26 5.2460
35 272 9 1.9308
35 273 63 16.7210
35 274 11 2.2257
35 275 143 32.1776
35 276 24 4.9208
35 277 57 12.1910
35 279 63 15.1794
35 280 89 27.3785
35 281 16 3.9807
35 282 7 1.6424
35 284 56 13.8132
35 285 3 0.6535
35 286 12 2.6656
35 287 25 6.2636
35 288 5 0.9569
35 289 4 0.8859
35 290 4 0.7978
35 292 4 0.7755
35 293 351 147.2522
35 294 1 0.1348
35 295 4 0.9381
35 296 15 5.0152
35 298 97 21.8396
35 299 58 13.4275
35 300 36 13.5071
35 302 7 1.2480
35 303 31 7.2507
35 304 9 2.4705
35 305 194 50.7484
35 306 309 73.8777
35 307 26 5.7968
35 308 2 0.3579
35 309 10 2.3515
35 310 6 1.3177
35 311 189 43.2042
35 312 25 8.8684
35 313 152 37.5274
35 314 5 0.7128
35 315 223 50.0208
35 316 169 47.8170
35 317 46 9.8662
35 319 15 4.3647
35 320 13 3.1166
35 321 18 4.1269
35 322 10 2.3707
35 323 10 2.3368
35 324 177 45.3515
35 326 40 8.6753
35 328 13 2.7344
35 329 4 0.7811
35 330 6 1.0654
35 331 10 1.8472
35 332 39 10.1264
35 333 103 23.0476
35 334 64 15.3311
35 335 223 48.8059
35 336 1 0.3688
35 337 1 0.1394
35 338 14 3.5027
35 339 74 16.4026
35 340 4 1.5399
35 342 19 4.5878
35 343 50 9.8343
35 344 144 38.5817
35 345 4 0.7110
35 346 95 21.2671
35 347 139 38.2743
35 348 75 18.7173
35 349 4 0.8625
35 350 52 14.0328
35 352 14 3.0867
35 353 45 11.4927
35 354 1 0.1217
35 355 157 34.4005
35 356 54 9.4325
35 357 32 7.2126
35 358 4 0.7554
35 359 100 22.9441
35 361 4 0.7445
35 362 50 11.1382
35 363 2 0.4189
35 364 1 0.1961
35 365 255 63.7204
35 366 79 37.2519
35 367 32 7.3803
35 368 2 0.3502
35 369 86 18.0980
35 371 11 2.5007
35 372 2 0.5751
35 373 13 3.2579
35 374 97 20.7319
35 376 2 0.4653
35 377 110 27.8195
35 379 85 20.8764
35 381 35 8.6780
35 382 34 7.0944
35 383 42 8.7794
36 0 7 1.3832
36 1 50 9.8604
36 3 32 6.6424
36 4 165 45.5446
36 5 1 0.2087
36 6 1 0.1960
36 7 53 19.9400
36 8 3 0.8606
36 9 2 0.3564
36 10 2 0.3996
36 11 6 0.9662
36 12 26 5.4597
36 13 33 9.2534
36 14 2 0.3567
36 15 2 0.4216
36 16 44 13.9695
36 17 3 0.8463
36 18 47 9.2250
36 21 3 0.5473
36 22 302 61.3334
36 23 12 3.2244
36 24 6 1.1311
36 25 40 13.9680
36 26 31 7.4579
36 28 119 22.7619
36 29 21 4.7066
36 30 15 3.2672
36 31 2 0.4288
36 32 154 39.4400
36 34 11 1.9392
36 35 20 4.5142
36 36 29 8.3745
36 38 21 3.8907
36 40 32 5.6115
36 41 13 2.1200
36 42 130 25.5579
36 43 34 6.9649
36 44 7 1.8139
36 45 7 0.9657
36 46 6 1.1474
36 47 27 6.7519
36 50 25 4.4345
36 51 20 3.9667
36 52 26 5.5432
36 53 22 9.5975
36 54 1 0.1836
36 55 33 6.7279
36 56 381 72.8618
36 57 15 4.6006
36 58 33 6.7166
36 59 196 48.5678
36 61 15 2.8489
36 62 11 2.1738
36 63 54 13.4754
36 64 52 9.9492
36 65 6 1.3557
36 66 5 0.6806
36 67 9 1.9582
36 69 25 4.9514
36 70 1 0.2581
36 72 7 2.2496
36 73 7 1.4978
36 76 1 0.2622
36 78 9 1.6344
36 79 51 13.4047
36 80 143 40.0889
36 82 125 25.5685
36 83 131 27.5313
36 84 8 1.6624
36 85 17 8.9903
36 91 10 1.8255
36 93 51 9.8318
36 94 28 5.4173
36 95 22 5.7402
36 96 6 1.1586
36 97 9 1.5904
36 98 118 35.1041
36 99 43 13.4903
36 100 9 2.2045
36 101 82 18.8296
36 102 4 0.7779
36 103 78 20.0120
36 106 17 4.0579
36 108 48 9.6300
36 109 1 0.2349
36 110 21 3.9820
36 111 23 4.7000
36 112 10 2.9691
36 113 14 2.7711
36 114 251 55.4629
36 117 3 0.5761
36 118 8 1.4995
36 121 34 6.4195
36 123 26 5.9328
36 124 1 0.2315
36 125 37 7.6712
36 126 5 0.8876
36 128 8 1.7057
36 129 1 0.1390
36 130 15 4.4765
36 134 38 9.9141
36 135 37 7.6070
36 136 6 1.3809
36 137 1 0.1687
36 138 6 1.2513
36 139 177 41.1151
36 140 14 2.1998
36 141 3 0.5839
36 142 41 11.0245
36 143 1 0.2018
36 144 9 1.6898
36 146 20 3.9054
36 147 2 0.4256
36 148 8 1.5374
36 149 8 1.8919
36 150 2 0.4671
36 151 1 0.1431
36 152 7 2.3858
36 154 1 0.1729
36 157 28 6.6124
36 158 156 30.3017
36 159 37 11.6782
36 160 12 2.8564
36 161 15 3.1131
36 162 2 0.3874
36 163 1 0.2191
36 164 21 4.4320
36 165 7 2.6572
36 166 14 3.3911
36 167 4 0.8501
36 168 1 0.2531
36 169 13 2.9062
36 170 22 4.8140
36 171 31 6.5255
36 172 32 7.9879
36 173 3 0.5624
36 174 52 11.0040
36 175 1 0.1876
36 176 4 0.6665
36 177 4 0.8659
36 178 9 1.8373
36 179 3 0.7775
36 180 10 1.5694
36 181 5 1.0300
36 182 165 37.6179
36 183 56 10.7042
36 184 19 5.4104
36 185 9 1.6063
36 186 16 3.6332
36 187 99 39.4584
36 189 7 1.5091
36 190 174 36.9607
36 191 48 9.8469
36 192 26 5.1147
36 194 1 0.1174
36 195 22 5.5014
36 196 4 1.0306
36 197 124 23.7281
36 199 5 1.0627
36 200 8 1.6832
36 201 27 5.7749
36 202 108 43.8477
36 203 1 0.2183
36 204 88 18.4686
36 205 13 2.0443
36 207 3 0.4906
36 208 3 0.6015
36 209 12 2.6648
36 210 8 1.7762
36 211 32 6.3454
36 212 23 7.6587
36 213 4 0.9975
36 214 4 0.6010
36 215 4 0.3540
36 216 3 0.5983
36 217 42 8.4513
36 218 1 0.2400
36 219 5 1.1053
36 220 37 9.5646
36 221 4 0.2837
36 222 63 11.6512
36 223 34 10.4851
36 224 4 0.6876
36 227 3 0.7626
36 229 5 0.7657
36 230 14 2.6340
36 231 258 53.0236
36 232 1 0.1854
36 233 74 25.5819
36 234 22 5.4840
36 235 17 3.3959
36 236 14 3.0083
36 238 71 20.1130
36 239 5 1.3177
36 240 15 3.1273
36 242 8 1.6644
36 244 48 16.8533
36 245 18 3.3273
36 246 32 5.3042
36 247 60 12.2401
36 248 22 6.0213
36 250 48 12.2623
36 252 29 5.4147
36 253 393 85.1235
36 254 1 0.1745
36 255 8 1.8200
36 257 269 145.1173
36 258 61 12.7583
36 259 1 0.4426
36 260 2 0.4247
36 262 17 4.5655
36 263 16 2.9223
36 264 33 7.2563
36 265 5 1.0218
36 266 5 1.0711
36 267 7 1.3648
36 268 64 13.8667
36 270 5 1.1617
36 271 15 3.9029
36 272 28 8.1394
36 273 96 24.5760
36 274 89 17.6265
36 275 8 1.6500
36 276 70 13.6466
36 277 260 76.9052
36 279 121 28.6911
36 280 25 4.6158
36 281 4 1.3568
36 282 4 0.6687
36 284 273 55.1691
36 285 25 4.7920
36 286 1 0.1530
36 287 20 4.1866
36 288 171 32.4569
36 289 57 15.5468
36 290 11 2.5920
36 291 15 2.9416
36 292 44 12.5515
36 293 3 0.3627
36 294 13 2.4323
36 296 15 2.5607
36 298 2 0.3009
36 299 28 5.6629
36 301 163 34.7500
36 302 242 52.8964
36 303 3 0.6150
36 304 36 7.1630
36 305 154 33.8297
36 306 19 3.0894
36 307 23 8.5623
36 308 4 0.8850
36 309 3 0.4988
36 310 16 2.9310
36 311 25 5.9028
36 312 6 1.1459
36 313 898 302.5772
36 314 54 10.9729
36 315 2 0.4491
36 316 23 4.1051
36 317 43 10.0799
36 318 92 18.2488
36 319 7 1.3412
36 320 12 2.1475
36 322 104 28.4729
36 323 79 17.0284
36 324 20 7.4491
36 325 13 4.2844
36 326 3 0.3945
36 327 30 6.3131
36 329 99 20.8487
36 330 32 6.2050
36 333 23 5.9532
36 334 5 0.8724
36 336 56 13.4313
36 337 94 20.9615
36 339 44 10.9335
36 340 61 13.0166
36 342 78 16.1095
36 343 22 5.1262
36 344 4 0.7098
36 345 15 2.1808
36 346 323 139.8015
36 348 1 0.1992
36 349 14 3.3346
36 350 98 22.1747
36 351 3 0.4677
36 353 1 0.1818
36 354 488 126.0948
36 355 29 7.2063
36 356 3 0.7538
36 359 255 52.7881
36 360 6 1.1149
36 361 65 13.7981
36 362 28 6.8106
36 363 10 2.5591
36 364 1 0.2304
36 366 31 8.6134
36 367 18 3.9320
36 369 81 28.1870
36 370 1 1.5000
36 371 6 1.3010
36 372 10 3.4208
36 373 88 19.1409
36 374 26 4.6813
36 375 3 0.5820
36 377 9 1.7368
36 379 1 0.2698
36 380 34 9.1775
36 381 7 1.3544
36 382 12 2.6100
37 0 1 0.2251
37 1 66 13.7515
37 2 35 8.7309
37 3 37 8.4407
37 4 36 7.3697
37 5 82 17.9790
37 6 54 11.9003
37 7 16 3.4035
37 8 64 18.1508
37 9 39 9.0780
37 10 63 15.0322
37 11 3 0.5550
37 12 7 2.1591
37 13 7 1.2858
37 14 8 1.6793
37 15 15 2.5981
37 16 40 8.9949
37 17 1 0.2028
37 18 41 7.5650
37 19 122 25.0540
37 20 43 8.8442
37 21 20 3.9463
37 22 15 3.3597
37 23 29 9.0831
37 24 5 0.8517
37 26 383 127.9186
37 27 5 0.9505
37 28 17 3.5889
37 29 1 0.2142
37 30 131 61.5961
37 31 10 2.0953
37 32 24 7.3097
37 33 16 3.1231
37 34 6 1.4243
37 35 29 7.3206
37 36 19 3.8379
37 37 174 55.2706
37 38 71 12.9768
37 39 74 17.6200
37 40 21 4.1839
37 41 1 0.2111
37 42 42 8.5514
37 43 32 10.4670
37 44 1 0.1790
37 45 34 6.3692
37 46 24 9.3172
37 47 10 2.0105
37 48 1 0.1213
37 49 7 1.0750
37 50 16 2.7844
37 51 35 8.0923
37 52 34 10.2417
37 53 77 23.6130
37 54 11 2.0286
37 55 38 11.4143
37 56 75 16.1670
37 58 30 7.2475
37 59 58 21.4361
37 60 7 1.0031
37 61 43 7.8527
37 62 3 0.5207
37 63 1 0.2098
37 64 5 0.6115
37 65 7 1.3352
37 66 10 3.4481
37 67 74 16.4953
37 68 42 16.5683
37 70 11 2.5784
37 71 54 11.4480
37 72 21 4.1298
37 73 14 3.8906
37 74 4 0.7429
37 75 13 2.4398
37 76 31 5.3001
37 77 9 1.7296
37 78 118 52.5064
37 79 3 0.4249
37 81 6 1.1593
37 82 12 2.3430
37 83 86 34.6493
37 84 12 3.1659
37 85 12 4.7182
37 86 2 0.4277
37 89 6 1.5050
37 90 8 1.1934
37 91 7 1.2624
37 93 12 2.2872
37 94 1 0.1362
37 95 100 27.1047
37 97 71 15.8632
37 98 1 0.5215
37 99 3 0.5155
37 100 76 27.5128
37 101 1 0.1392
37 102 59 21.9094
37 103 5 0.9444
37 104 16 3.3438
37 105 106 40.7084
37 107 18 3.2570
37 109 1 0.1781
37 110 54 14.0471
37 111 4 0.7012
37 112 31 7.7098
37 113 46 8.2997
37 114 1 0.1859
37 116 26 7.0582
37 117 72 12.9102
37 118 3 0.8049
37 119 41 7.2580
37 121 72 16.9508
37 123 19 4.2433
37 124 91 21.8372
37 125 26 4.2949
37 126 8 2.0808
37 127 41 8.7807
37 128 239 81.4095
37 129 10 2.1986
37 130 161 34.4737
37 131 20 4.1638
37 132 113 22.9957
37 135 126 35.1211
37 136 19 5.1094
37 137 3 0.5189
37 138 122 23.9482
37 140 7 1.4308
37 141 20 5.9772
37 144 55 20.0672
37 145 8 1.6027
37 147 26 5.5076
37 148 44 8.6238
37 153 1 0.1565
37 154 45 9.8901
37 155 14 2.9819
37 156 21 4.5366
37 157 26 6.2987
37 158 92 16.7465
37 159 1 0.2179
37 160 133 36.8374
37 161 39 8.6030
37 162 15 3.3484
37 163 56 11.0488
37 164 15 2.5452
37 165 38 8.0673
37 166 16 2.9266
37 167 24 5.2807
37 168 83 16.3559
37 169 7 1.2650
37 170 2 0.4375
37 171 13 3.5826
37 172 38 7.9995
37 173 53 9.7307
37 174 46 11.5005
37 175 3 0.5325
37 176 43 12.0904
37 177 99 20.6808
37 178 6 1.2465
37 179 32 6.3877
37 180 8 1.3908
37 181 240 57.0415
37 182 23 7.8519
37 183 13 2.7106
37 184 3 0.5428
37 185 6 1.1276
37 186 66 13.6954
37 187 3 0.5881
37 188 25 4.7179
37 189 8 1.8032
37 190 22 4.4675
37 191 12 2.2707
37 194 30 8.5014
37 195 3 0.5648
37 196 26 5.3792
37 197 20 13.9022
37 198 13 2.9259
37 201 19 3.4791
37 202 1 0.4072
37 203 8 1.7105
37 204 36 6.3217
37 205 31 6.7059
37 206 5 1.1079
37 207 17 3.7274
37 208 123 25.2425
37 209 20 4.0259
37 210 1 0.0115
37 212 1 0.2213
37 214 133 27.9504
37 215 1 0.2682
37 217 175 37.0782
37 218 139 27.2968
37 219 75 16.4551
37 220 13 2.5133
37 221 6 1.2961
37 224 75 27.0738
37 225 155 27.7116
37 226 7 1.3627
37 227 54 11.9348
37 228 4 0.7591
37 230 22 5.2471
37 232 22 6.0600
37 233 58 11.7200
37 234 365 77.0630
37 235 3 0.6377
37 236 6 1.1924
37 237 5 1.0258
37 238 30 7.6898
37 239 4 1.0677
37 240 28 5.4292
37 241 6 1.3791
37 242 7 1.3660
37 243 3 0.5060
37 245 19 9.1800
37 246 1 0.2108
37 247 18 2.9124
37 248 15 3.5861
37 249 3 0.6241
37 250 11 3.3564
37 251 1 0.1441
37 252 11 2.0487
37 253 23 4.5239
37 254 3 0.6858
37 256 46 11.5436
37 257 51 11.2775
37 258 23 4.6467
37 259 6 0.9235
37 260 1 0.4083
37 262 11 2.2830
37 263 7 2.4174
37 264 2 0.5557
37 265 51 10.8494
37 266 23 5.1763
37 267 29 5.7661
37 268 13 2.7142
37 269 8 1.7666
37 270 13 2.5536
37 271 48 8.9987
37 272 54 14.9163
37 273 13 3.8375
37 274 3 0.5527
37 275 56 12.8895
37 276 7 1.7000
37 277 4 0.6833
37 278 9 1.7058
37 279 332 68.6463
37 280 1 0.3417
37 281 12 2.4416
37 282 49 10.3560
37 284 2 0.4343
37 285 29 9.1465
37 286 15 3.7567
37 287 153 48.3634
37 288 5 1.4008
37 289 30 5.9256
37 290 1 1.5000
37 291 1 0.1733
37 292 102 20.9955
37 293 2 0.3816
37 294 1 0.0954
37 295 4 0.7201
37 296 40 9.6271
37 297 4 1.2213
37 298 151 37.0903
37 300 27 5.6658
37 301 13 3.5459
37 302 15 3.9558
37 304 23 4.9448
37 305 12 2.0894
37 307 35 10.0856
37 308 37 9.0712
37 310 28 7.0754
37 311 27 5.9054
37 314 1 0.1580
37 315 49 11.2450
37 316 19 4.1804
37 317 13 2.3954
37 318 14 3.0695
37 319 6 1.1860
37 320 8 1.4984
37 321 25 6.1432
37 322 102 46.9517
37 324 2 0.3603
37 326 32 6.2505
37 327 12 1.8894
37 329 16 3.1118
37 330 95 19.8261
37 331 12 2.2259
37 333 9 2.0928
37 334 27 5.8822
37 336 21 4.2701
37 337 3 0.6665
37 338 18 5.3366
37 339 122 24.7242
37 340 8 1.0957
37 341 29 9.2192
37 343 94 27.9110
37 344 27 6.0667
37 345 110 21.7940
37 346 39 7.7530
37 347 1 0.2032
37 348 45 12.3763
37 349 2 0.5481
37 350 30 7.5450
37 351 7 1.6637
37 352 28 5.7378
37 353 17 3.3835
37 354 116 35.0262
37 355 2 0.3742
37 357 18 3.0121
37 358 113 34.2409
37 359 43 8.1187
37 360 6 0.9177
37 361 5 1.3631
37 364 13 2.0771
37 365 6 1.4608
37 366 36 8.6454
37 367 2 0.4449
37 368 20 3.8695
37 369 7 1.4099
37 370 40 13.3180
37 371 2 0.3133
37 372 138 27.7845
37 373 35 8.9569
37 374 32 6.4345
37 375 5 1.1692
37 377 47 14.8536
37 378 21 4.2106
37 379 3 0.5954
37 380 789 191.9426
37 381 275 86.9458
37 382 8 1.5524
38 0 2 0.3715
38 2 34 6.7165
38 4 2 0.3129
38 6 29 9.8035
38 7 16 3.1202
38 8 16 2.1701
38 9 40 7.9712
38 10 5 0.9999
38 11 9 1.6135
38 12 58 13.1426
38 13 77 17.1523
38 14 7 1.2277
38 15 2 0.3582
38 16 5 0.9015
38 17 114 26.0844
38 18 17 2.9106
38 19 9 3.7211
38 20 10 2.6622
38 21 126 29.5823
38 23 24 6.4106
38 24 186 45.2570
38 25 34 8.7236
38 26 121 27.7948
38 28 65 12.5530
38 29 1 0.1619
38 30 186 61.4641
38 31 38 12.7301
38 32 20 3.6965
38 33 40 20.9523
38 35 47 10.7599
38 38 4 0.7671
38 39 2 0.3721
38 40 9 2.2362
38 41 7 0.7781
38 43 23 10.5363
38 44 16 3.7520
38 45 2 0.4096
38 46 2 0.3798
38 47 1 0.0347
38 48 2 0.0565
38 49 40 7.2946
38 50 33 8.8112
38 51 43 9.3988
38 53 5 0.7793
38 54 20 6.7446
38 55 23 4.0320
38 56 1 0.1987
38 58 32 6.9337
38 59 122 27.8379
38 60 24 4.6717
38 61 37 6.7591
38 62 2 0.3750
38 63 6 1.0177
38 64 42 17.2968
38 65 9 1.5584
38 66 11 1.4251
38 67 82 18.7772
38 68 21 4.0461
38 69 26 6.0148
38 70 344 136.4518
38 71 14 2.6942
38 73 28 5.0863
38 74 9 1.7188
38 75 49 15.3016
38 76 1 0.1636
38 78 1 0.0349
38 79 75 15.1925
38 80 184 51.7694
38 81 12 2.1500
38 82 21 3.7298
38 83 64 14.6968
38 85 1 0.3261
38 86 26 5.5183
38 87 12 2.9284
38 88 225 46.8050
38 89 2 0.4833
38 90 49 15.6680
38 91 34 10.6191
38 93 123 18.7273
38 94 16 4.1587
38 95 29 17.7739
38 96 4 0.9269
38 97 196 39.2650
38 98 22 4.4716
38 99 7 1.2503
38 100 9 0.2862
38 101 28 5.9227
38 102 3 0.4321
38 103 19 4.7215
38 104 8 1.4191
38 105 50 8.5105
38 108 93 20.6067
38 109 5 0.3547
38 110 20 8.0773
38 112 17 2.9058
38 114 3 1.0855
38 115 134 26.0817
38 116 143 28.3105
38 117 76 20.6418
38 118 76 14.0906
38 119 6 1.1424
38 120 3 0.6155
38 121 2 0.7324
38 122 27 4.7524
38 123 5 0.4322
38 124 8 1.2229
38 125 45 8.1857
38 126 8 0.9010
38 127 9 1.6124
38 130 1 0.1235
38 131 231 49.9736
38 132 3 0.5739
38 133 65 11.9675
38 134 44 9.4131
38 138 157 36.0844
38 139 106 20.9655
38 140 10 1.9249
38 141 136 26.6177
38 142 1 0.1885
38 144 30 8.9665
38 145 19 3.6995
38 146 15 3.0621
38 147 49 9.6242
38 148 28 4.6321
38 149 21 3.8437
38 150 36 7.4626
38 151 68 13.2013
38 152 177 43.4237
38 153 55 11.1041
38 155 46 8.1718
38 156 2 0.3994
38 157 28 5.2846
38 158 137 39.4411
38 159 44 9.4982
38 160 1 0.0780
38 162 12 2.8522
38 163 3 0.2128
38 164 1 0.1507
38 165 3 0.5485
38 167 222 54.7455
38 168 14 2.1270
38 169 48 9.3060
38 170 28 5.1906
38 171 55 8.7129
38 172 2 0.3220
38 173 45 6.8718
38 174 19 4.1855
38 175 2 0.3851
38 176 62 16.3751
38 177 40 10.3948
38 179 11 1.7821
38 181 52 9.6923
38 182 2 0.3140
38 183 42 15.4290
38 185 5 0.8723
38 186 17 2.8839
38 187 30 5.9509
38 188 30 4.0894
38 189 76 12.9421
38 190 15 3.7347
38 191 42 12.3572
38 192 70 14.5710
38 193 105 36.5148
38 194 4 0.7767
38 195 45 6.5506
38 196 74 19.2650
38 197 87 22.8877
38 198 2 0.2797
38 199 6 1.0876
38 201 75 25.8695
38 202 13 3.1440
38 203 2 0.4013
38 204 13 3.1119
38 205 1 0.1644
38 206 16 2.9484
38 207 26 6.4794
38 208 39 10.7039
38 209 4 0.8619
38 210 10 2.1836
38 211 9 1.8139
38 212 4 0.5696
38 213 6 1.3316
38 214 1 0.1326
38 215 9 1.5394
38 216 39 7.5037
38 217 28 9.1761
38 218 26 4.3936
38 219 230 59.5971
38 220 3 0.4774
38 222 3 0.5094
38 224 6 1.2729
38 225 2 0.3611
38 226 142 29.4169
38 227 33 10.8676
38 228 17 2.9252
38 229 3 0.5918
38 230 137 40.1566
38 231 29 6.4695
38 232 2 0.2879
38 233 4 0.6546
38 234 15 6.5943
38 235 29 4.8554
38 236 34 13.2757
38 237 32 13.1317
38 239 47 7.9422
38 240 11 1.9388
38 242 38 9.9162
38 243 1 0.1842
38 245 4 1.3835
38 246 264 86.1250
38 247 18 3.1425
38 249 43 8.7217
38 250 115 83.5052
38 251 3 0.2834
38 252 7 1.5069
38 253 12 1.6817
38 254 57 18.1616
38 255 1 0.1788
38 256 33 6.4621
38 257 72 20.7986
38 258 17 6.5238
38 259 5 0.6741
38 260 30 7.1875
38 261 30 4.9603
38 263 34 8.0169
38 264 63 22.1050
38 265 77 16.4908
38 267 1 0.1945
38 268 67 16.4286
38 269 12 1.9750
38 270 15 2.8410
38 271 1 0.1388
38 272 5 0.8851
38 273 156 65.7452
38 274 15 2.8050
38 276 18 7.4870
38 277 82 24.7014
38 278 22 5.6981
38 280 2 0.6851
38 281 32 5.9642
38 282 45 11.3689
38 283 32 7.0651
38 284 2 0.3391
38 285 26 5.5200
38 286 2 0.7590
38 288 112 30.8266
38 289 74 21.1475
38 291 20 3.4972
38 292 52 10.2083
38 293 2 0.6496
38 294 11 1.5169
38 295 6 0.0010
38 296 76 18.7284
38 298 10 1.6285
38 299 11 1.9876
38 300 2 0.3948
38 301 19 4.3951
38 302 57 12.8370
38 303 17 3.4969
38 305 28 10.8083
38 306 12 2.0591
38 307 8 0.1801
38 308 22 4.6842
38 309 92 32.7997
38 310 16 3.0123
38 311 59 10.8993
38 312 9 0.9895
38 313 1 0.1553
38 314 17 5.3089
38 315 69 15.5180
38 316 32 4.8136
38 317 12 2.1943
38 318 56 9.5794
38 319 14 2.5390
38 320 6 1.2383
38 322 44 12.1574
38 323 3 0.6301
38 324 6 1.0143
38 325 10 2.6499
38 326 14 3.1505
38 327 3 0.5899
38 328 36 6.7046
38 329 6 0.7125
38 331 15 3.3535
38 332 4 1.1508
38 333 11 2.1466
38 334 9 1.8080
38 335 29 6.6548
38 336 2 0.3857
38 337 8 1.1544
38 339 12 2.5935
38 340 30 8.3428
38 342 31 5.5885
38 343 9 1.8861
38 344 15 2.7998
38 345 18 4.7837
38 346 1 0.1608
38 347 34 6.5435
38 348 2 0.3556
38 349 27 6.0840
38 350 15 2.8358
38 351 35 13.0039
38 352 4 0.5510
38 353 59 13.5383
38 354 21 3.4645
38 355 93 22.7529
38 356 2 0.2921
38 357 13 2.5168
38 359 5 0.9711
38 360 16 3.1666
38 361 31 8.1409
38 362 2 0.3448
38 363 113 33.4277
38 364 9 1.7608
38 365 3 0.4014
38 366 33 5.8758
38 367 13 1.8811
38 368 9 2.3403
38 369 133 24.7220
38 370 106 19.8908
38 371 14 2.2943
38 373 15 2.6754
38 374 1 0.0040
38 375 67 24.9680
38 376 2 0.4194
38 377 3 0.6766
38 378 14 4.8773
38 379 21 4.8923
38 380 33 10.4580
38 381 1 0.2619
38 382 26 4.5782
38 383 7 1.5001
39 0 100 20.2941
39 1 65 10.3369
39 2 2 0.2637
39 3 22 3.2933
39 4 109 44.4253
39 5 3 0.4568
39 6 21 3.5922
39 7 154 102.5123
39 8 86 11.9329
39 9 19 4.9805
39 10 36 7.6159
39 11 9 0.4939
39 12 5 0.4707
39 13 4 0.6834
39 14 118 40.9220
39 15 15 4.2041
39 18 90 17.3400
39 19 12 1.1603
39 20 73 14.6481
39 21 30 6.7153
39 23 49 3.2183
39 24 54 10.1017
39 25 7 1.7204
39 26 31 5.0988
39 27 117 27.6417
39 28 25 2.0975
39 30 21 6.1279
39 31 6 0.9560
39 32 56 10.5091
39 33 33 5.4311
39 35 20 3.3148
39 36 59 12.8836
39 37 6 0.8033
39 38 22 3.0840
39 40 4 0.7295
39 41 13 1.7839
39 42 8 1.6514
39 44 19 4.1657
39 45 22 5.4192
39 47 15 2.4847
39 48 47 1.5290
39 49 1 0.1106
39 50 43 7.8223
39 51 216 42.0025
39 52 11 1.3238
39 53 5 0.5428
39 54 139 42.7681
39 55 123 22.2160
39 56 10 1.4174
39 58 26 3.9723
39 59 3 0.8796
39 60 1 0.0505
39 61 51 6.7465
39 62 2 0.4014
39 64 15 1.8764
39 65 13 1.9693
39 66 160 48.7088
39 68 33 5.2775
39 69 62 11.0956
39 70 28 8.0419
39 71 16 2.8321
39 72 173 46.0517
39 73 5 0.6776
39 75 1 0.0968
39 76 8 0.8959
39 78 6 0.8987
39 80 193 42.3711
39 81 7 0.8893
39 82 22 6.5169
39 83 50 8.9841
39 84 12 4.0986
39 85 38 6.6334
39 86 19 2.7079
39 87 65 36.1132
39 88 1 0.1885
39 90 1 0.1774
39 91 346 95.4498
39 92 64 13.6707
39 93 52 13.3233
39 94 7 1.0701
39 95 15 1.7295
39 96 56 12.5093
39 97 37 16.7453
39 98 14 2.1037
39 99 19 4.9339
39 100 20 3.7746
39 101 21 4.2417
39 102 23 5.7912
39 103 20 9.0171
39 104 1 0.1599
39 105 1 0.0476
39 106 12 2.3137
39 107 13 2.7227
39 109 46 16.7810
39 110 4 0.8585
39 111 1 0.0951
39 112 28 6.6615
39 115 23 4.1416
39 116 16 5.4428
39 117 8 1.0448
39 118 32 10.6379
39 119 53 10.0910
39 121 8 1.1300
39 122 28 4.7329
39 123 29 5.0744
39 124 1 0.2083
39 125 61 22.5892
39 126 34 6.6429
39 127 8 1.8173
39 128 3 0.5662
39 129 5 0.8187
39 130 1 0.0854
39 131 13 2.7783
39 133 93 22.2891
39 134 2 0.2934
39 135 24 3.6563
39 136 15 2.3999
39 139 7 1.6578
39 140 2 0.6619
39 141 72 23.6899
39 142 14 2.1315
39 144 18 3.9076
39 145 35 9.1638
39 146 83 19.0549
39 147 4 0.8483
39 148 1 0.2605
39 149 32 4.7228
39 150 9 1.5097
39 151 79 16.8913
39 152 26 3.8951
39 153 4 0.6146
39 154 1 0.0116
39 155 118 27.4237
39 156 36 7.9317
39 157 2 0.4477
39 158 5 0.8846
39 159 65 12.5768
39 160 172 32.2611
39 161 12 1.9738
39 163 7 1.5098
39 164 12 1.8501
39 165 12 1.6250
39 166 57 8.0625
39 167 8 1.1181
39 168 32 14.5686
39 169 4 0.5906
39 170 63 11.2167
39 172 9 1.0241
39 173 20 3.0039
39 174 11 1.7325
39 175 20 2.3714
39 176 38 5.7741
39 177 2 0.3772
39 178 8 7.0903
39 179 73 13.3365
39 180 2 0.0096
39 181 55 13.1897
39 182 3 0.7779
39 183 13 1.7201
39 184 20 4.4393
39 185 23 3.2355
39 187 4 0.5443
39 188 22 31.4560
39 189 70 17.2836
39 190 39 13.7312
39 191 13 1.9607
39 192 2 0.2128
39 193 10 2.2090
39 194 63 10.3700
39 195 46 8.4404
39 196 8 1.6197
39 198 31 6.8850
39 199 5 0.4181
39 200 16 4.4813
39 201 13 1.9178
39 202 33 5.6964
39 203 136 43.9449
39 204 15 3.7654
39 205 39 9.8079
39 206 7 1.0133
39 207 30 5.3009
39 208 152 32.5733
39 209 2 0.2280
39 210 19 2.1642
39 211 3 0.0585
39 212 20 4.9932
39 213 4 0.4982
39 214 7 0.7236
39 215 33 7.6983
39 216 2 0.2404
39 217 19 2.9099
39 218 1 0.0439
39 220 20 5.4430
39 221 46 8.2362
39 223 5 0.9494
39 224 100 32.2103
39 226 9 1.4963
39 228 76 19.0782
39 229 6 4.5397
39 230 2 0.3047
39 231 154 51.2801
39 232 3 0.4724
39 234 10 1.2236
39 235 43 6.9009
39 236 7 1.4215
39 237 101 34.3853
39 238 5 0.8968
39 240 26 3.9682
39 241 10 1.7946
39 242 7 0.8723
39 243 2 0.1379
39 244 34 6.9800
39 246 9 1.5606
39 247 34 5.7415
39 248 4 0.6629
39 250 3 0.6028
39 252 33 7.0872
39 253 3 0.3465
39 254 12 1.8727
39 255 88 22.1224
39 256 83 18.4772
39 257 17 2.9908
39 258 12 1.2682
39 259 4 0.5637
39 260 7 1.1793
39 261 14 2.4801
39 262 7 1.1159
39 263 4 0.4096
39 264 11 1.3410
39 265 5 0.3790
39 266 25 4.1281
39 268 45 14.0145
39 269 46 20.3270
39 272 6 1.1676
39 273 36 9.5040
39 274 2 0.3979
39 275 4 0.5038
39 276 47 9.3060
39 277 3 0.7653
39 278 1 0.0771
39 279 10 1.3261
39 281 30 8.6256
39 283 23 7.5309
39 284 25 5.7441
39 285 17 2.7689
39 286 154 27.9723
39 288 1 0.1273
39 289 5 1.1984
39 291 14 2.3164
39 292 1 0.2420
39 293 66 14.7099
39 294 21 2.8443
39 295 26 3.5386
39 296 45 11.9508
39 297 2 0.3526
39 298 67 25.2053
39 300 5 0.7476
39 301 2 0.2546
39 303 73 16.8636
39 304 15 2.3540
39 306 18 3.1753
39 307 114 36.9562
39 308 28 4.3315
39 309 27 4.2928
39 311 11 1.9842
39 312 51 11.6878
39 313 17 3.5528
39 314 34 13.0537
39 315 2 0.3057
39 317 7 1.7798
39 318 19 13.8917
39 319 27 6.4651
39 322 42 8.0847
39 323 4 0.5029
39 324 103 22.4830
39 325 1 0.0204
39 326 157 46.6372
39 328 17 2.9834
39 329 1 0.0230
39 330 189 51.7236
39 331 27 4.0906
39 333 10 2.1987
39 334 8 1.3528
39 335 31 6.8819
39 336 183 44.7642
39 337 12 1.8622
39 339 5 0.6642
39 341 9 1.5907
39 343 4 0.8451
39 344 1 0.0590
39 346 30 9.3341
39 348 27 4.4892
39 349 394 136.3845
39 350 2 0.2773
39 351 15 1.0331
39 352 31 10.4292
39 353 1 0.1183
39 354 17 5.8337
39 355 33 11.5243
39 356 12 1.1697
39 357 55 23.1138
39 358 57 10.0106
39 359 43 9.4256
39 360 74 29.5284
39 361 19 4.1366
39 362 10 3.8734
39 363 65 14.0044
39 364 3 0.3398
39 365 19 2.2646
39 366 7 0.2482
39 367 40 7.9151
39 368 201 61.4692
39 369 11 1.3902
39 370 47 6.8270
39 371 22 2.7532
39 373 7 0.9735
39 374 26 3.6587
39 375 21 12.6334
39 377 25 3.4029
39 378 2 0.3322
39 379 115 25.1021
39 380 2 0.2668
39 381 61 12.8021
39 382 58 23.7279
39 383 10 1.4961
