# layer expert count weight_sum
0 0 1090 374.8348
0 1 63 11.7939
0 2 2890 693.5416
0 3 18 3.9452
0 4 242 81.2748
0 5 391 104.3264
0 6 28 5.1370
0 7 153 33.8051
0 8 282 58.0101
0 9 392 135.3568
0 10 246 53.5602
0 11 776 159.5050
0 12 208 54.0829
0 14 182 36.5629
0 15 368 70.7626
0 16 25 4.5110
0 17 401 86.4467
0 18 552 116.8295
0 19 128 29.4369
0 20 160 30.1255
0 21 347 70.4150
0 22 178 41.4274
0 23 1 0.2481
0 24 183 35.0210
0 25 404 76.4027
0 26 100 18.8784
0 27 150 31.1142
0 28 1301 316.9405
0 29 421 80.7525
0 30 856 183.6503
0 31 164 33.8401
0 32 121 27.8010
0 33 201 39.3991
0 34 96 18.4574
0 35 2214 603.9144
0 36 682 171.8337
0 37 18 3.6996
0 38 465 104.2020
0 39 2302 555.5173
0 40 749 247.1900
0 41 913 224.5028
0 42 84 19.2131
0 43 389 76.2074
0 44 744 158.3534
0 45 135 30.4396
0 46 151 27.3054
0 47 118 23.6251
0 48 151 39.3814
0 49 356 73.2489
0 51 42 7.8878
0 52 6 1.3797
0 53 136 25.0848
0 54 56 10.8808
0 55 175 36.1881
0 56 309 61.2357
0 57 12 2.1615
0 58 186 38.1496
0 59 165 32.9218
0 60 65 12.8400
0 61 267 79.3079
0 62 79 16.5142
0 63 48 9.4097
0 64 302 83.3013
0 65 102 20.9861
0 66 45 9.4660
0 67 491 160.7063
0 68 365 67.9441
0 69 932 224.5249
0 70 196 29.9000
0 71 469 101.7054
0 72 815 162.9402
0 73 652 169.5678
0 74 254 55.7222
0 75 120 24.5005
0 76 2 0.3638
0 77 30 10.0306
0 78 450 87.2419
0 81 272 56.0045
0 82 170 32.9651
0 83 36 8.2514
0 84 152 34.7387
0 85 333 84.5101
0 86 773 172.9760
0 87 81 15.1236
0 88 368 68.2244
0 89 379 69.8774
0 90 33 5.9463
0 91 5 0.9729
0 92 187 39.5224
0 94 745 202.6590
0 95 67 15.2133
0 96 40 13.7115
0 97 977 200.3897
0 98 79 26.5787
0 99 64 13.7035
0 100 64 13.8714
0 101 916 333.8375
0 102 864 153.3833
0 103 1 0.2957
0 104 336 93.9188
0 105 1500 323.6148
0 106 234 42.0512
0 107 449 81.4492
0 108 259 48.1349
0 109 234 53.0591
0 110 467 198.7529
0 111 487 129.6875
0 112 332 108.9923
0 113 272 57.2755
0 114 81 14.8293
0 115 435 112.1674
0 116 1138 238.7009
0 117 201 53.2289
0 118 476 97.8887
0 119 230 42.2196
0 120 224 44.8586
0 121 45 8.2278
0 123 14 2.8484
0 124 262 49.2353
0 125 95 18.4526
0 126 304 66.4903
0 127 271 64.9171
0 128 211 76.6408
0 129 122 20.3028
0 130 2546 774.6652
0 131 714 163.9044
0 132 147 25.7649
0 133 620 122.0010
0 134 120 43.4668
0 135 279 52.3665
0 136 665 218.7697
0 137 1 0.1922
0 138 1627 394.7992
0 139 20 4.5390
0 140 208 51.6559
0 141 417 105.1779
0 142 406 117.4081
0 143 613 152.4522
0 144 94 22.8366
0 145 851 245.7668
0 146 221 45.2385
0 147 231 57.0786
0 148 355 75.5044
0 149 600 144.4027
0 150 39 6.8617
0 151 69 14.8289
0 152 406 98.9225
0 153 174 36.1121
0 154 1495 424.8220
0 155 364 118.7428
0 156 648 143.0939
0 157 254 59.2879
0 158 312 65.2465
0 159 1353 377.0011
0 160 116 23.4189
0 161 770 145.4176
0 162 294 70.1054
0 163 146 29.7538
0 164 535 100.2047
0 165 91 22.1197
0 166 77 15.0749
0 167 511 127.5444
0 168 422 87.3849
0 169 598 203.7156
0 170 123 38.4299
0 171 285 55.5432
0 172 201 50.5307
0 173 267 70.3445
0 174 233 90.5046
0 175 259 52.7480
0 176 595 114.6050
0 177 193 36.7125
0 178 96 18.8703
0 179 5 1.0434
0 180 1105 201.9927
0 181 441 97.6489
0 182 38 8.2336
0 183 693 275.1142
0 184 323 60.7080
0 185 259 53.5967
0 186 109 22.1699
0 187 156 32.3968
0 188 884 303.6456
0 189 362 69.5177
0 190 24 3.6351
0 191 220 44.9865
0 192 175 33.5288
0 193 211 61.5490
0 194 230 53.9806
0 195 146 28.6038
0 196 118 26.3456
0 197 264 56.1220
0 198 444 101.4457
0 199 31 4.3376
0 200 54 9.0656
0 201 186 68.2500
0 203 229 79.7203
0 204 96 20.1678
0 205 1544 467.1260
0 206 22 5.7765
0 207 251 55.9266
0 208 817 166.0242
0 209 173 39.4021
0 210 44 10.2079
0 211 159 27.5554
0 212 21 4.4465
0 213 289 87.9105
0 214 121 25.6485
0 215 543 111.2874
0 216 256 68.5768
0 217 180 31.6816
0 219 175 28.5832
0 220 355 70.6410
0 221 10 1.7272
0 222 428 86.4336
0 223 87 16.2830
0 224 114 18.7483
0 225 1135 353.0709
0 226 57 12.2981
0 227 111 22.5737
0 228 206 41.5008
0 229 794 202.0081
0 230 177 35.8661
0 231 261 52.1569
0 232 250 78.8736
0 233 1 0.2067
0 234 935 242.2562
0 235 7 1.2908
0 236 155 28.7691
0 237 1574 455.6204
0 238 489 138.5201
0 239 73 11.0468
0 240 12 2.2679
0 241 788 263.3493
0 242 1104 267.9858
0 243 5 0.7562
0 244 22 4.5760
0 245 1092 193.7982
0 246 128 24.4358
0 247 15 3.6700
0 248 203 51.7446
0 249 3 0.5889
0 250 126 22.8368
0 251 728 238.0511
0 252 272 48.3769
0 253 562 129.8053
0 254 8 1.5627
0 255 82 14.9744
0 256 297 69.2299
0 257 65 14.4817
0 258 6 1.4607
0 259 412 74.4333
0 260 546 152.1985
0 261 235 61.0608
0 262 692 236.3844
0 263 697 274.0446
0 264 98 19.1747
0 265 9 1.8892
0 266 624 137.6022
0 267 516 223.9539
0 268 823 356.6252
0 269 585 129.0548
0 270 32 9.6610
0 271 323 63.9416
0 272 74 13.9453
0 273 100 17.7907
0 274 199 56.0267
0 275 708 243.8158
0 276 1006 284.7618
0 277 8 2.5234
0 278 103 23.4049
0 279 255 47.6133
0 280 550 112.6853
0 281 121 29.1032
0 282 640 133.8295
0 283 235 54.8316
0 284 604 126.5563
0 285 554 139.1884
0 286 370 94.3815
0 287 162 33.1069
0 288 397 78.4857
0 289 268 84.5439
0 290 687 215.0483
0 291 243 47.2121
0 292 4 0.7521
0 293 533 120.9140
0 294 221 44.0765
0 295 447 144.2440
0 296 662 167.5029
0 297 327 68.7401
0 298 9 1.7734
0 299 902 188.2030
0 300 933 243.5589
0 301 231 48.7092
0 302 155 54.8066
0 303 142 26.5433
0 304 183 62.8278
0 305 748 150.8056
0 306 160 38.2513
0 307 225 43.5864
0 308 362 73.4970
0 309 139 24.9810
0 310 1086 383.2816
0 311 377 74.9943
0 312 146 27.9891
0 313 1 0.2028
0 314 290 55.2695
0 315 66 14.2886
0 316 250 45.0624
0 317 861 217.4432
0 318 168 64.4025
0 319 129 24.3758
0 320 294 57.4650
0 321 432 88.9330
0 322 493 184.0553
0 323 4774 1588.9331
0 324 50 9.6790
0 325 176 40.4987
0 326 456 88.8644
0 327 164 32.1041
0 328 302 67.2755
0 329 377 152.7333
0 330 308 72.1479
0 331 659 140.9651
0 332 252 50.8520
0 333 124 28.5511
0 334 157 31.6758
0 335 26 5.7345
0 336 61 11.8240
0 337 510 107.5087
0 338 313 63.0512
0 339 86 15.9966
0 340 69 19.3822
0 341 1579 483.2300
0 342 335 67.9961
0 343 856 211.2253
0 344 3 0.5803
0 345 313 58.5288
0 346 262 46.7521
0 347 91 55.2684
0 348 441 90.8293
0 349 277 52.1656
0 350 397 76.8409
0 351 514 130.8745
0 352 767 171.0426
0 353 424 80.3621
0 354 784 147.9619
0 355 867 179.1431
0 356 119 23.8472
0 357 433 112.7128
0 358 94 20.3591
0 359 176 30.9883
0 360 65 13.0171
0 361 369 86.3789
0 362 205 81.3696
0 363 532 106.4627
0 364 472 98.5460
0 365 91 15.2806
0 366 1315 280.7576
0 367 467 98.0764
0 368 175 36.2552
0 369 163 39.9939
0 370 493 97.7323
0 371 191 38.9799
0 372 101 16.1553
0 374 129 27.3337
0 375 105 19.4101
0 376 83 16.8652
0 377 115 21.5672
0 378 669 234.9363
0 379 137 45.6215
0 380 119 23.6267
0 381 345 71.2067
0 382 167 28.9682
0 383 179 37.3671
1 0 1902 586.9052
1 1 163 34.1291
1 2 171 38.9126
1 3 77 17.0624
1 4 523 124.5942
1 5 1976 470.3312
1 6 185 42.4690
1 7 435 102.6379
1 8 97 24.2704
1 9 13 3.0348
1 10 670 163.7751
1 11 1169 437.5424
1 12 179 56.7486
1 13 78 19.0451
1 14 513 165.8358
1 15 658 141.8719
1 16 1 0.2440
1 17 6 0.9485
1 18 27 5.4933
1 19 630 153.8428
1 20 347 115.1633
1 21 244 41.9741
1 22 424 99.8128
1 23 437 96.6571
1 24 301 70.5176
1 25 131 28.1143
1 26 948 217.2570
1 27 22 5.0531
1 28 220 48.6770
1 29 4 0.9156
1 30 482 102.9451
1 31 64 13.2908
1 32 69 14.9226
1 33 400 89.4176
1 34 180 39.0654
1 35 399 85.8728
1 36 64 14.0048
1 37 39 8.1100
1 38 465 105.5549
1 39 378 87.9491
1 41 131 28.0317
1 42 114 24.3919
1 43 77 15.0638
1 44 33 7.2501
1 45 590 187.1931
1 46 116 24.7908
1 47 378 90.4803
1 48 120 25.9829
1 49 245 61.3095
1 50 67 14.9243
1 51 430 99.3286
1 52 223 44.4599
1 53 251 50.8469
1 54 615 135.5230
1 55 59 11.7983
1 56 186 66.2982
1 57 389 85.8522
1 58 4 0.7906
1 59 266 62.3019
1 60 99 18.4672
1 61 624 130.8998
1 62 186 67.1344
1 63 466 101.0432
1 64 211 52.4992
1 65 117 25.4844
1 66 629 186.7567
1 67 1120 294.7975
1 68 147 45.3158
1 69 87 19.4937
1 70 142 32.0789
1 71 244 54.2670
1 72 102 25.1204
1 73 452 109.3463
1 75 1630 692.3501
1 76 45 10.7906
1 77 151 32.1613
1 78 3 0.6481
1 79 1 0.2668
1 80 154 33.2966
1 81 57 12.3734
1 82 292 65.3299
1 83 40 7.9403
1 84 400 84.9162
1 85 1501 288.3146
1 86 39 7.5034
1 87 228 80.2356
1 88 1304 314.2601
1 89 104 23.7732
1 90 170 41.0850
1 91 226 61.8609
1 92 296 72.4762
1 93 1061 237.2249
1 94 94 18.5063
1 95 257 53.4031
1 96 17 3.4112
1 97 387 90.9321
1 98 743 238.1768
1 99 82 17.3033
1 100 317 69.9228
1 101 32 9.1604
1 102 8 1.6738
1 103 236 51.7491
1 104 300 81.5560
1 105 253 55.0899
1 106 1419 326.9033
1 107 318 67.1072
1 108 547 155.6517
1 109 1010 235.3125
1 110 2599 780.7655
1 111 91 20.3208
1 112 472 104.8726
1 113 228 69.8073
1 114 136 44.5425
1 115 129 28.6984
1 116 25 5.8703
1 117 375 83.3886
1 118 178 39.3498
1 119 66 17.9629
1 120 418 103.1229
1 121 439 96.9095
1 122 962 218.1857
1 123 91 21.6597
1 124 21 6.3863
1 125 579 117.9417
1 126 236 53.5712
1 127 478 124.4396
1 128 295 64.3855
1 129 450 114.0821
1 130 302 81.7766
1 131 354 93.6584
1 132 1 0.2057
1 133 404 120.4395
1 134 1169 315.8658
1 135 839 204.4369
1 136 131 29.9360
1 137 76 21.8705
1 138 465 106.6847
1 140 23 6.4288
1 141 269 61.6058
1 142 74 18.0948
1 143 81 18.4232
1 144 246 58.1282
1 145 56 10.7173
1 146 431 98.2011
1 147 586 126.4614
1 148 635 184.1525
1 149 120 30.5321
1 150 152 37.4272
1 151 143 49.4885
1 152 111 24.5175
1 153 8 2.2732
1 154 107 23.4850
1 155 693 171.4762
1 156 462 108.3273
1 157 204 61.7074
1 158 707 211.9592
1 159 1187 298.2485
1 160 614 133.9413
1 161 378 84.3050
1 162 246 57.6649
1 163 405 86.7778
1 164 149 39.8568
1 165 86 19.1105
1 166 875 208.7981
1 167 111 23.5278
1 168 230 63.4438
1 169 84 16.9514
1 170 142 30.6889
1 171 90 19.8426
1 172 196 41.5001
1 173 1052 307.3010
1 174 29 6.4673
1 175 200 44.2570
1 176 479 113.9374
1 177 479 143.7437
1 178 146 31.7670
1 179 202 37.2299
1 180 755 181.5039
1 181 84 17.3454
1 182 135 27.6795
1 183 129 35.1976
1 184 313 65.9178
1 185 804 177.0241
1 186 706 173.9719
1 187 410 87.3692
1 188 494 177.5030
1 189 12 2.5357
1 190 136 30.2576
1 191 298 90.6237
1 192 205 62.8470
1 193 3480 1091.8617
1 194 219 52.3228
1 195 515 111.8669
1 196 8 1.8579
1 197 62 13.5570
1 198 303 71.0055
1 199 283 51.9382
1 200 414 100.2581
1 201 17 3.7744
1 202 152 34.3412
1 203 300 65.3527
1 204 25 5.8946
1 206 654 149.1798
1 207 53 13.2809
1 208 207 41.8460
1 209 187 39.6178
1 210 63 13.9163
1 211 172 36.3463
1 212 487 109.5342
1 213 1331 302.8826
1 214 241 65.3599
1 215 450 102.5351
1 216 106 20.9192
1 217 611 172.4933
1 218 114 29.5098
1 219 427 116.3971
1 220 158 35.7464
1 221 135 27.6093
1 222 388 85.7300
1 223 120 28.0865
1 224 733 186.9431
1 225 2 0.4347
1 226 50 10.7070
1 227 492 113.7763
1 228 488 110.6025
1 229 322 73.9562
1 230 344 71.6707
1 231 95 22.6315
1 232 237 51.6283
1 233 91 19.8734
1 234 272 58.2534
1 235 147 31.5982
1 236 1397 298.1540
1 237 83 20.7623
1 238 38 8.4651
1 239 134 29.4505
1 240 642 205.6642
1 241 229 50.8233
1 242 340 76.1727
1 243 54 11.8462
1 244 369 122.4987
1 245 64 13.8001
1 246 273 58.7360
1 247 427 107.0807
1 248 585 139.9034
1 249 5 1.8562
1 250 14 4.5818
1 251 874 284.9583
1 252 350 72.7780
1 253 263 65.3434
1 254 826 192.8386
1 255 169 38.2489
1 256 138 28.9500
1 257 84 18.3216
1 258 121 27.1108
1 259 1547 400.3418
1 260 1051 240.5460
1 261 13 2.3238
1 262 78 17.2549
1 263 555 122.4746
1 264 5 1.2244
1 265 833 231.2166
1 266 219 47.9758
1 267 342 72.2078
1 268 119 26.3503
1 269 73 15.8763
1 270 336 87.6821
1 271 572 133.2193
1 272 164 34.0865
1 273 75 16.5175
1 274 228 52.5499
1 275 402 88.2746
1 276 4 1.3429
1 277 65 13.8571
1 278 55 12.0998
1 279 318 73.2738
1 280 558 121.7324
1 281 149 31.8713
1 282 52 11.8056
1 283 2420 620.7398
1 284 533 112.9398
1 285 228 43.4628
1 286 29 6.6252
1 287 92 19.8168
1 288 70 14.6675
1 289 56 14.2030
1 290 274 57.0270
1 291 35 6.7856
1 292 443 135.6241
1 293 454 105.3235
1 294 190 42.5362
1 295 208 42.7594
1 296 387 85.9003
1 297 252 62.0540
1 298 133 28.5004
1 299 171 39.9151
1 300 120 22.5544
1 301 248 56.2171
1 302 254 55.8778
1 303 65 14.7644
1 304 106 22.7667
1 305 154 34.3272
1 306 915 284.0885
1 307 221 68.6992
1 308 6 1.3176
1 309 1 0.2522
1 310 309 66.2393
1 311 105 22.2587
1 312 107 24.4310
1 313 764 172.0957
1 314 287 57.8984
1 315 30 6.8995
1 316 1203 321.9563
1 317 84 20.6819
1 318 3147 795.8469
1 319 627 139.5308
1 320 260 56.4036
1 321 214 43.5904
1 322 1197 268.7339
1 323 688 154.3359
1 324 566 132.7663
1 325 136 28.0376
1 326 158 33.6967
1 327 156 32.5880
1 328 225 50.8829
1 329 225 60.2498
1 330 432 97.1471
1 331 107 20.2604
1 332 259 54.0988
1 333 430 98.6433
1 334 137 29.0177
1 335 2 0.3480
1 336 310 94.4205
1 337 432 99.8943
1 338 56 12.1541
1 339 327 79.4197
1 340 3467 803.3182
1 341 843 313.2064
1 342 171 38.0749
1 343 130 31.7962
1 344 309 65.6146
1 345 103 21.9583
1 346 62 14.4109
1 347 54 11.8728
1 348 11 2.3787
1 349 1106 318.0741
1 350 318 67.9051
1 353 165 33.4608
1 354 62 13.2180
1 355 38 8.7298
1 356 413 86.8481
1 357 35 6.0672
1 358 63 13.4670
1 359 30 5.8346
1 360 893 198.1405
1 361 3773 1028.7631
1 362 282 62.8293
1 363 37 8.2290
1 364 152 32.5501
1 365 170 42.9500
1 366 241 51.2499
1 367 2 0.4363
1 368 304 68.6055
1 369 633 155.5349
1 370 321 69.4969
1 371 2129 481.8680
1 372 118 28.4260
1 373 823 228.4584
1 374 16 3.8046
1 375 299 82.7609
1 376 144 35.7141
1 377 946 241.6276
1 378 796 181.0355
1 379 359 118.0281
1 380 296 70.7292
1 381 393 71.0605
1 382 27 9.9395
1 383 39 8.0126
2 0 12 2.7513
2 1 2325 561.1517
2 2 727 165.4677
2 3 186 48.9362
2 4 154 35.9818
2 5 1 0.2240
2 6 137 32.4288
2 7 595 139.0014
2 8 1951 437.6317
2 9 838 219.6869
2 10 475 134.3835
2 11 72 18.5819
2 12 346 73.8766
2 13 67 13.2844
2 14 12 2.6107
2 15 274 76.0850
2 16 181 41.0723
2 17 7 1.7087
2 18 119 26.2093
2 19 90 20.7929
2 20 360 86.9568
2 21 66 14.7634
2 22 6 1.5433
2 23 234 54.6949
2 24 156 31.6021
2 25 229 51.2363
2 26 207 41.9530
2 27 1768 414.1870
2 29 115 26.0721
2 30 855 194.5289
2 31 521 112.9415
2 32 152 35.7030
2 33 506 119.9668
2 34 62 14.1080
2 35 4176 1101.4143
2 36 5 1.1318
2 37 30 6.3001
2 39 166 33.2135
2 40 188 43.6159
2 41 1094 271.6011
2 42 514 135.5346
2 43 13 2.8188
2 44 13 3.0356
2 45 278 54.7022
2 46 170 32.1967
2 47 256 61.8003
2 48 214 49.8305
2 49 180 50.0293
2 50 144 52.4413
2 51 30 6.0555
2 52 187 33.4165
2 53 664 180.3787
2 54 115 23.9905
2 56 148 44.6380
2 57 30 6.3895
2 58 3318 796.6493
2 59 193 44.4470
2 60 79 16.4183
2 61 1 0.1729
2 62 35 7.1221
2 63 85 17.5755
2 64 200 51.4882
2 65 134 29.7733
2 66 165 38.1458
2 67 614 148.4329
2 68 1212 288.2614
2 69 960 215.6463
2 70 9 2.1741
2 71 94 18.3259
2 72 37 8.1824
2 73 119 27.2060
2 74 908 203.9351
2 75 18 3.9963
2 76 333 77.1960
2 77 509 122.7905
2 78 73 15.7720
2 79 2430 554.6595
2 80 72 15.0774
2 81 142 31.3786
2 82 533 127.5634
2 83 246 59.4678
2 84 62 12.3168
2 85 9 1.7688
2 86 49 11.2254
2 87 754 216.5814
2 88 290 67.2241
2 89 100 29.3342
2 90 60 15.4194
2 91 2352 515.3295
2 92 230 58.0374
2 93 372 80.6447
2 94 48 11.3146
2 95 219 50.5243
2 96 2212 530.1049
2 97 81 18.0829
2 98 217 49.4908
2 99 288 61.4192
2 100 101 21.1005
2 101 152 35.0247
2 102 807 237.2375
2 103 119 26.9597
2 104 443 106.5922
2 105 5275 1430.0739
2 106 79 18.1371
2 107 51 10.9217
2 108 183 44.6492
2 109 135 39.9746
2 110 83 18.7713
2 111 364 78.8587
2 112 232 47.3833
2 113 23 5.5697
2 114 179 64.2038
2 115 568 155.1168
2 116 102 16.8027
2 117 35 7.2313
2 118 351 78.7783
2 119 215 47.0015
2 120 674 152.4428
2 121 310 104.0785
2 122 26 5.7354
2 123 186 43.2788
2 124 86 26.9121
2 125 804 218.5831
2 126 181 36.9200
2 127 18 4.2607
2 128 730 157.0190
2 129 37 5.9481
2 130 186 64.5353
2 131 795 180.3310
2 132 770 185.0718
2 133 73 15.4055
2 134 485 131.8815
2 135 405 124.6758
2 136 318 84.3840
2 137 7 1.6022
2 138 114 26.9752
2 139 867 180.0332
2 140 384 86.8580
2 141 490 161.3478
2 142 544 156.5200
2 143 5 0.9904
2 144 484 111.6158
2 145 163 35.0937
2 146 21 4.5103
2 147 2348 578.4031
2 148 110 25.4551
2 149 1 0.2151
2 150 73 15.2931
2 151 1667 390.6423
2 152 734 222.4976
2 153 654 149.8817
2 154 40 7.0687
2 155 28 5.4445
2 156 275 59.6341
2 157 66 14.4730
2 158 736 183.4384
2 159 1 0.1506
2 160 433 97.5512
2 161 22 4.4689
2 162 3 0.6659
2 163 1776 483.4515
2 165 154 34.3089
2 166 1463 408.3981
2 167 155 33.2319
2 168 44 8.6560
2 169 4 0.8128
2 170 113 36.5945
2 171 2 0.4493
2 172 694 227.4890
2 173 21 5.1639
2 174 102 33.7562
2 175 235 52.1732
2 176 78 18.1007
2 177 660 160.9258
2 178 329 89.4914
2 179 92 19.7883
2 180 23 5.1802
2 181 299 69.7896
2 182 4 1.0683
2 183 224 50.6278
2 184 40 9.0201
2 185 840 192.0788
2 186 99 20.8404
2 187 461 99.3540
2 188 4 0.8333
2 189 491 112.5029
2 190 25 6.0587
2 191 44 9.6762
2 192 47 10.1765
2 193 67 15.5348
2 194 393 98.5137
2 195 56 15.6460
2 196 252 56.9864
2 197 4 0.9745
2 198 23 5.1768
2 199 1201 308.6674
2 200 743 241.8611
2 201 147 31.8227
2 202 157 35.1379
2 203 371 98.3869
2 204 257 52.0621
2 205 53 13.2909
2 206 348 80.6588
2 207 162 34.4039
2 208 12 2.5947
2 209 259 62.6191
2 210 387 110.5204
2 211 4 0.8260
2 212 410 90.2332
2 213 948 219.6067
2 214 137 37.2032
2 215 338 75.1564
2 216 1714 515.4375
2 217 285 72.8062
2 218 2 0.3852
2 219 157 29.8629
2 220 178 32.2946
2 221 10 2.4070
2 222 146 42.3652
2 223 164 55.7009
2 224 467 132.6781
2 225 17 3.9266
2 226 457 109.4440
2 227 25 4.8478
2 228 159 41.7990
2 229 79 17.3062
2 230 178 38.0599
2 231 44 9.6372
2 232 158 39.3889
2 233 308 126.1346
2 234 867 221.5059
2 235 31 6.4095
2 236 3 0.7560
2 238 199 45.2821
2 239 88 20.6958
2 240 63 14.8335
2 241 659 158.3111
2 242 1103 397.6838
2 243 65 16.7324
2 244 31 6.4944
2 245 6 0.7780
2 246 263 73.2560
2 247 101 20.5133
2 248 18 3.5248
2 249 30 5.2877
2 250 65 13.5983
2 251 5 1.0072
2 252 311 67.9889
2 253 64 13.9069
2 254 345 82.2458
2 255 330 71.7638
2 256 510 135.7204
2 257 31 5.8015
2 258 2 0.4528
2 259 1 0.2309
2 260 251 72.0090
2 261 234 49.0255
2 262 1311 283.4078
2 263 51 12.1004
2 264 38 7.6660
2 265 197 41.5508
2 266 43 9.0785
2 267 23 5.7364
2 268 156 26.8860
2 269 103 25.7516
2 270 640 150.7750
2 271 177 50.1926
2 272 36 7.9044
2 273 104 23.7045
2 274 11 3.1811
2 275 21 5.4836
2 276 58 12.7449
2 277 79 15.5772
2 278 984 281.8295
2 279 262 97.3440
2 280 224 49.3672
2 281 585 136.3435
2 282 76 17.0103
2 283 321 92.3425
2 284 202 40.3648
2 285 18 3.7910
2 286 410 112.5676
2 287 10 2.4787
2 288 35 7.1328
2 289 1853 433.2595
2 290 392 94.1009
2 291 777 180.2511
2 292 7 1.5729
2 293 252 76.0376
2 294 17 3.7243
2 295 32 7.3526
2 296 758 172.7439
2 297 412 98.0796
2 298 844 215.3042
2 299 106 27.9505
2 300 21 4.9107
2 301 434 95.4044
2 302 197 43.3564
2 303 35 8.1237
2 304 116 20.0917
2 305 462 150.4782
2 306 81 17.2791
2 307 147 49.7016
2 308 712 164.9217
2 309 14 2.8683
2 311 198 44.9447
2 312 11 2.4094
2 313 1 0.2185
2 314 211 53.3819
2 315 452 85.3843
2 316 1622 529.4139
2 317 145 31.6162
2 318 14 2.9351
2 319 36 7.5655
2 320 1230 267.6030
2 321 136 30.0544
2 322 178 38.6567
2 323 1214 279.8114
2 324 393 100.9483
2 325 2 0.5214
2 326 195 42.0137
2 327 3790 1228.6978
2 328 1194 277.2091
2 329 130 28.2568
2 330 832 188.1945
2 331 123 26.2714
2 332 848 199.3438
2 333 252 56.7418
2 334 38 7.6043
2 335 341 73.5538
2 336 33 5.7108
2 337 201 80.2697
2 338 69 15.6883
2 339 79 17.4522
2 340 41 8.7332
2 341 16 3.4570
2 342 44 9.6914
2 343 13 2.9913
2 344 1087 259.5868
2 345 273 63.7919
2 347 647 149.7473
2 348 4 1.0013
2 349 4 0.8476
2 351 821 211.5131
2 352 1328 282.2912
2 353 80 20.3793
2 354 796 177.4466
2 355 107 26.8440
2 357 77 20.5990
2 358 1497 334.3303
2 359 95 20.6058
2 360 51 11.1712
2 361 10 2.0107
2 362 123 34.1704
2 363 70 15.4373
2 365 127 28.4031
2 366 165 37.7370
2 367 42 10.4182
2 368 73 15.8494
2 369 2240 498.9015
2 370 22 5.0986
2 371 1 0.2678
2 372 11 2.4479
2 373 1266 313.1045
2 374 37 7.9162
2 375 3010 955.0999
2 376 105 21.2875
2 377 391 92.0954
2 378 60 12.6202
2 379 11 2.5423
2 380 612 142.3311
2 381 74 15.1209
2 382 906 218.8584
2 383 817 175.7053
3 0 11 2.1207
3 1 303 68.5209
3 2 107 25.5559
3 3 70 11.7797
3 4 200 46.4284
3 5 789 174.8640
3 6 4 0.7178
3 7 168 30.2811
3 8 3 0.5962
3 9 78 14.4916
3 10 126 24.3473
3 11 183 66.6525
3 12 540 86.4060
3 13 818 195.6818
3 14 57 12.3868
3 15 460 146.5548
3 16 108 19.5424
3 17 164 31.2245
3 18 959 287.1605
3 19 123 25.7586
3 20 3 0.8125
3 21 1841 352.7292
3 22 203 51.8079
3 23 111 19.0525
3 24 10 2.3249
3 25 22 4.6760
3 26 184 41.4132
3 27 6 1.2983
3 28 19 3.9528
3 29 31 6.4288
3 30 2 0.4013
3 31 151 24.3609
3 32 50 9.0417
3 33 74 13.9902
3 34 179 47.7714
3 35 320 65.4037
3 37 3089 754.9922
3 38 153 39.6126
3 39 107 22.8901
3 40 675 162.7566
3 41 3 0.7585
3 42 185 38.4376
3 43 27 4.8660
3 44 15 2.3798
3 45 30 6.8361
3 46 18 3.7869
3 47 33 6.7327
3 48 202 38.2154
3 49 533 161.8460
3 50 29 5.7836
3 51 34 7.5105
3 52 134 26.9450
3 53 62 10.8624
3 54 314 67.3868
3 55 100 23.0494
3 56 373 95.5496
3 57 20 4.5124
3 58 96 20.6103
3 59 42 8.9483
3 60 15 3.4272
3 61 2638 526.2509
3 62 664 141.4069
3 63 13 2.5178
3 64 126 26.8690
3 65 53 10.6185
3 66 431 91.4910
3 67 1234 409.6496
3 68 8 1.6369
3 69 253 59.7538
3 70 115 34.9561
3 71 13 2.5041
3 72 1 0.1274
3 73 97 15.7310
3 74 161 35.5625
3 75 55 8.9927
3 76 11 2.0960
3 77 3 0.5531
3 78 259 58.9846
3 79 53 11.8394
3 80 181 78.0061
3 81 406 103.5204
3 82 2 0.4106
3 83 72 23.5397
3 84 218 38.4434
3 85 6 1.9381
3 86 289 57.4093
3 87 287 75.2640
3 89 306 67.1444
3 90 161 34.7496
3 91 1348 419.2452
3 92 247 65.5809
3 93 116 27.4694
3 94 145 26.7229
3 95 55 10.2903
3 96 6089 1395.4160
3 97 11 2.5903
3 98 406 82.4670
3 99 122 26.3146
3 100 309 65.0768
3 101 10 2.0745
3 102 1059 262.1888
3 103 30 7.5395
3 104 47 7.7489
3 105 106 20.8425
3 106 123 23.2859
3 107 966 278.4778
3 108 17 3.0282
3 109 269 58.0554
3 110 677 198.7733
3 111 99 22.7080
3 112 64 14.7239
3 113 9 1.8976
3 114 658 160.2556
3 115 6 1.3709
3 116 48 9.7260
3 117 736 152.5983
3 118 557 94.2032
3 119 498 122.7550
3 120 36 5.7194
3 121 76 15.2689
3 122 146 41.4834
3 123 30 6.2428
3 124 78 14.0983
3 125 9 1.8322
3 126 262 61.8238
3 128 159 35.9600
3 129 18 3.8266
3 130 308 63.5641
3 131 30 5.4700
3 132 231 54.0299
3 133 16 3.1467
3 134 29 6.2898
3 135 7 1.4831
3 136 682 173.0556
3 137 115 23.1958
3 138 84 17.9547
3 140 87 17.4697
3 141 192 39.0122
3 142 34 7.6779
3 143 240 45.0896
3 144 278 73.8781
3 145 75 21.5180
3 146 40 8.2476
3 147 3401 706.1052
3 148 334 63.9137
3 149 1665 472.5908
3 150 169 76.4033
3 151 316 68.7744
3 152 116 22.9498
3 153 1408 318.9988
3 154 277 110.9068
3 155 97 31.5810
3 156 205 42.5450
3 157 296 68.9352
3 158 59 12.8178
3 159 309 72.4895
3 160 128 25.6608
3 161 1035 250.0423
3 162 1 0.1643
3 163 532 90.8504
3 164 425 81.8142
3 165 287 53.9918
3 166 299 78.9729
3 167 140 27.4982
3 168 506 107.7872
3 169 462 85.7206
3 170 128 39.8397
3 171 4 0.8870
3 172 159 51.9216
3 173 859 190.6216
3 174 5 1.0634
3 175 3 0.6307
3 176 358 75.8507
3 177 318 70.5410
3 178 189 37.8913
3 179 83 16.2197
3 180 254 59.1790
3 181 4 1.0395
3 182 154 31.2947
3 183 10 1.8550
3 184 464 115.9656
3 185 44 9.3519
3 186 405 100.2904
3 187 4 0.7117
3 188 254 50.9946
3 189 313 84.1182
3 190 159 32.2364
3 191 125 27.5049
3 192 1701 874.1665
3 193 130 39.4430
3 194 428 114.3970
3 195 59 11.5188
3 197 140 33.6376
3 198 136 27.8332
3 199 28 5.6384
3 200 330 65.9819
3 201 56 12.3873
3 202 137 41.7599
3 203 5 1.1124
3 204 116 25.1605
3 205 214 89.1657
3 206 104 29.8556
3 207 379 110.2407
3 208 4 0.5047
3 209 636 176.0044
3 210 97 23.4141
3 211 104 18.0050
3 212 21 3.8350
3 213 71 11.4924
3 214 2067 678.0555
3 215 146 26.7126
3 216 5 0.8620
3 217 102 26.7834
3 218 476 126.8388
3 219 69 14.8382
3 220 222 39.9442
3 221 1 0.2321
3 222 201 52.8037
3 223 14 2.6052
3 224 11013 2829.0166
3 225 40 8.7834
3 226 29 5.2466
3 227 4 0.9615
3 228 145 49.4182
3 229 197 35.8360
3 230 277 56.3720
3 231 82 16.5082
3 232 745 271.4334
3 233 2576 790.8989
3 234 73 14.1696
3 235 14 3.3068
3 236 84 18.3222
3 237 209 54.2281
3 239 174 47.5428
3 240 679 170.7237
3 242 1 0.1857
3 243 31 6.0579
3 244 4 0.6218
3 245 32 6.7698
3 246 466 111.8500
3 247 34 7.9756
3 248 25 4.8897
3 249 541 129.3768
3 250 766 181.2883
3 251 123 29.1908
3 252 868 244.3212
3 253 319 56.4566
3 254 124 35.3926
3 257 396 90.1387
3 258 105 29.8469
3 259 260 57.7325
3 260 160 65.6015
3 261 3 0.5421
3 262 14491 3640.5877
3 263 27 5.7931
3 264 502 112.4076
3 265 661 177.6238
3 266 716 187.9254
3 267 592 167.8839
3 268 190 62.0315
3 269 7 1.2543
3 270 573 127.6170
3 271 152 39.6547
3 272 95 19.6202
3 273 21 3.9580
3 274 272 67.9309
3 275 370 83.6766
3 276 117 22.9343
3 277 97 22.4580
3 278 43 7.7892
3 279 242 57.4399
3 281 45 9.7605
3 282 109 23.2407
3 283 117 50.8697
3 284 1 0.2498
3 285 82 16.7435
3 286 3 0.7212
3 287 5 1.0607
3 288 1813 538.8809
3 289 160 31.8549
3 290 13 2.7849
3 291 253 79.0544
3 293 973 219.4062
3 294 112 29.0293
3 295 173 44.4836
3 296 23 5.1451
3 297 280 69.7814
3 298 48 10.5263
3 299 213 40.8971
3 300 248 47.9666
3 301 46 9.2744
3 302 29 8.0932
3 303 830 205.9770
3 304 1555 478.9653
3 305 188 61.7783
3 306 299 57.9124
3 307 300 66.4021
3 308 4 0.7806
3 309 170 39.9122
3 310 27 6.3769
3 311 43 9.1579
3 312 1388 435.4059
3 313 11 1.9015
3 314 60 11.0256
3 315 5 1.0946
3 316 113 30.5103
3 317 512 101.1572
3 318 21 3.7809
3 319 287 50.6180
3 320 242 47.6347
3 321 97 17.4043
3 322 10 1.9017
3 323 110 18.7820
3 324 232 42.5758
3 325 288 53.1357
3 326 167 36.5997
3 327 303 74.2122
3 328 10 2.0051
3 329 226 47.6142
3 330 1295 342.5887
3 331 80 15.6197
3 332 127 32.2544
3 333 14 3.9083
3 334 243 41.7699
3 335 60 11.8414
3 336 34 10.2894
3 337 762 179.1243
3 338 58 11.9239
3 339 293 60.1140
3 340 38 8.0427
3 341 15 4.8588
3 342 23 5.0117
3 343 196 32.7102
3 344 75 13.9496
3 345 13 2.5061
3 346 104 18.8887
3 347 22 4.2280
3 348 78 16.5077
3 349 7478 2063.6500
3 350 431 102.2706
3 351 61 11.4896
3 352 93 16.5238
3 353 82 28.1719
3 354 37 7.2322
3 355 997 196.1193
3 356 66 9.1503
3 357 1182 260.4423
3 358 293 94.7285
3 359 140 54.5998
3 360 377 104.9507
3 361 155 26.7217
3 362 90 18.5403
3 363 198 37.5238
3 364 86 20.8135
3 365 925 249.5372
3 366 82 18.7950
3 367 6 1.1077
3 368 333 79.5826
3 369 6 1.2906
3 370 1357 276.1152
3 371 3 0.6029
3 372 867 169.4839
3 373 11 2.0704
3 374 70 14.1326
3 375 4 0.7208
3 376 500 101.9537
3 377 376 83.6344
3 378 223 41.0634
3 379 97 21.5484
3 380 42 8.4662
3 381 219 53.7150
3 382 181 35.7059
3 383 34 5.5955
4 0 1272 303.8062
4 1 49 10.2094
4 2 44 8.6809
4 3 85 19.2933
4 4 94 19.3041
4 5 830 177.1044
4 6 2 0.3519
4 7 92 20.0394
4 8 153 56.9414
4 9 720 169.5719
4 10 72 17.8962
4 11 526 124.1171
4 12 569 128.1788
4 13 214 47.7915
4 14 327 71.3124
4 15 83 17.7456
4 16 18 3.6228
4 17 536 140.3890
4 18 428 127.9328
4 19 142 34.7300
4 20 16 3.3956
4 21 167 63.1537
4 22 231 44.7309
4 23 760 178.6592
4 24 349 74.9917
4 25 187 37.7574
4 26 1642 520.4375
4 27 1 0.2290
4 28 761 167.3977
4 29 496 102.4225
4 30 52 12.3667
4 31 40 8.4151
4 32 564 123.5550
4 33 718 169.8431
4 34 206 44.5835
4 35 215 65.6736
4 36 8 1.4636
4 37 332 80.1920
4 38 83 18.5359
4 39 670 175.4954
4 40 277 61.0282
4 41 17 3.2812
4 42 138 29.2430
4 43 234 50.8793
4 44 315 72.2069
4 45 218 46.3733
4 46 186 40.8015
4 47 73 14.1583
4 48 237 55.7953
4 49 1529 383.4480
4 50 1092 229.1725
4 51 158 37.7686
4 52 73 15.6366
4 53 154 31.6472
4 54 1299 339.9775
4 55 234 49.9996
4 56 123 30.0653
4 57 14 3.2831
4 58 1508 398.0139
4 59 40 8.7444
4 60 82 20.3122
4 61 255 66.5367
4 62 221 53.8692
4 63 268 61.8571
4 64 52 11.1758
4 65 275 60.4342
4 66 65 14.2566
4 67 43 9.6557
4 68 166 35.1767
4 69 137 32.0526
4 70 633 178.3339
4 71 101 21.7075
4 72 1614 432.6239
4 73 165 52.3901
4 74 46 10.6389
4 75 247 71.8993
4 76 24 6.2682
4 77 71 16.9747
4 78 149 37.3093
4 79 121 27.8314
4 80 2 0.4646
4 81 8 1.6726
4 82 684 199.2446
4 83 168 55.7159
4 84 300 63.0007
4 85 2296 530.5043
4 86 64 13.3351
4 87 69 16.1341
4 88 389 81.4147
4 89 130 36.5975
4 90 192 38.1474
4 91 35 7.9099
4 92 136 32.6234
4 93 20 3.8658
4 94 4226 980.6573
4 95 1332 350.5805
4 96 87 25.0757
4 97 3 0.4782
4 98 11 2.2119
4 99 141 28.1742
4 100 106 22.2556
4 101 22 4.6248
4 102 587 127.4994
4 103 120 22.9356
4 104 76 17.4704
4 105 73 16.6158
4 106 466 99.5447
4 107 806 187.3167
4 108 70 15.5040
4 109 42 8.8372
4 110 535 145.4011
4 111 102 22.0845
4 112 177 44.9169
4 113 17 3.8441
4 114 127 27.6080
4 115 149 30.4197
4 116 84 15.5845
4 117 26 4.8724
4 118 8 1.6852
4 119 328 82.3346
4 120 9 2.1362
4 121 265 52.5651
4 122 271 56.0560
4 123 928 223.8385
4 124 150 32.7306
4 125 622 133.7272
4 126 136 34.7406
4 127 76 16.5973
4 128 1451 411.7173
4 129 73 15.4778
4 130 58 13.5448
4 131 205 44.4577
4 132 924 260.7936
4 133 10 2.1249
4 134 46 10.4563
4 135 227 49.0061
4 136 462 97.0862
4 137 283 62.4518
4 138 123 24.6650
4 139 222 53.7935
4 140 646 172.6077
4 141 539 140.1371
4 143 155 31.3033
4 144 120 29.6287
4 145 156 37.9781
4 146 374 93.2357
4 147 1412 393.5601
4 148 341 73.2728
4 149 79 15.9497
4 150 375 83.6764
4 151 1308 384.7129
4 152 120 27.4289
4 153 64 14.4563
4 154 767 229.3826
4 155 2 0.4034
4 156 359 71.9170
4 157 284 78.0734
4 158 76 16.9121
4 159 28 5.2893
4 160 26 4.6649
4 161 417 101.9856
4 162 48 9.4935
4 163 140 28.8782
4 164 183 37.5456
4 165 30 7.4665
4 166 1458 369.2932
4 167 142 31.4142
4 168 69 16.6100
4 169 717 173.0795
4 170 1652 430.1532
4 171 392 85.6525
4 172 16 3.2531
4 173 431 93.8640
4 174 305 81.6390
4 175 18 2.7077
4 176 307 79.4822
4 177 34 10.3305
4 178 14 2.8313
4 179 503 129.2571
4 180 110 26.5639
4 181 108 33.3137
4 182 43 9.5023
4 183 7 1.0688
4 184 425 86.3799
4 185 393 85.3012
4 186 24 4.9145
4 187 30 6.3738
4 188 115 24.2127
4 189 1307 454.7659
4 190 849 300.6823
4 191 2225 521.2132
4 192 1227 228.7162
4 193 82 14.3118
4 194 1963 437.5844
4 195 6150 1735.3111
4 196 565 151.1012
4 197 123 27.5434
4 198 80 21.0367
4 199 552 122.7969
4 200 103 21.3168
4 201 2232 712.2660
4 202 127 26.5566
4 203 386 74.8932
4 204 6 1.3803
4 205 84 17.1670
4 206 2050 489.5221
4 207 284 63.2322
4 208 132 37.3466
4 209 279 58.4145
4 210 361 87.9661
4 211 75 19.3166
4 212 139 28.8162
4 213 695 142.9428
4 214 190 43.6489
4 215 172 36.5413
4 216 120 25.4143
4 217 53 11.3624
4 218 196 40.0021
4 219 558 154.3504
4 220 647 150.5051
4 221 84 19.3143
4 222 74 15.6174
4 223 37 7.4811
4 224 2561 639.4360
4 225 70 16.3105
4 226 9 2.0292
4 227 276 60.7608
4 228 32 7.2258
4 229 132 23.3601
4 230 249 53.3932
4 231 177 47.7856
4 232 46 9.0221
4 233 18 3.6518
4 234 310 66.1998
4 235 33 7.4271
4 236 29 7.2798
4 237 206 45.1740
4 238 231 50.3741
4 239 445 97.6240
4 240 114 25.2131
4 241 64 13.6038
4 242 2 0.4605
4 243 443 95.3778
4 244 281 57.8390
4 245 1 0.1423
4 246 71 14.1927
4 247 3 0.6521
4 248 403 94.1849
4 249 178 35.6144
4 250 63 13.9916
4 251 426 87.7697
4 252 30 6.6263
4 253 100 22.4041
4 254 537 146.0980
4 255 97 18.5693
4 256 3 0.7507
4 257 160 48.2234
4 258 210 72.8829
4 259 147 31.0747
4 260 587 169.8794
4 261 47 9.9397
4 262 18 4.2832
4 263 172 33.6203
4 264 1095 355.4761
4 265 100 25.4344
4 266 169 35.9247
4 267 193 45.9770
4 268 122 27.2908
4 269 74 15.5702
4 270 298 70.2238
4 271 204 46.9489
4 272 59 11.6525
4 273 1716 484.5300
4 274 172 38.6720
4 275 34 7.3562
4 276 89 22.8375
4 277 18 3.3995
4 278 1821 466.2807
4 279 827 232.4604
4 280 70 18.4400
4 281 129 28.8940
4 282 100 21.5423
4 283 11 2.8359
4 284 46 9.7673
4 285 539 145.9220
4 286 2246 479.3767
4 287 66 13.2096
4 288 491 125.7121
4 289 1315 329.0822
4 290 6 1.2540
4 291 448 105.2688
4 292 1666 405.0211
4 293 1296 388.8348
4 294 699 183.3486
4 295 104 20.7011
4 296 202 49.3188
4 297 319 65.6400
4 298 51 21.3420
4 299 13 2.9206
4 300 500 135.5844
4 301 79 19.1344
4 302 44 8.4587
4 303 20 4.5910
4 304 44 9.5931
4 305 6 1.4606
4 306 205 41.8316
4 307 673 178.6583
4 308 14 2.4086
4 309 66 10.8127
4 310 1037 336.0022
4 311 142 49.7927
4 312 556 121.0075
4 313 24 5.3247
4 314 323 81.0951
4 315 268 56.4632
4 316 309 69.7932
4 317 15 2.8379
4 318 146 28.8006
4 319 553 223.2681
4 320 7 1.4984
4 321 207 44.0260
4 322 446 124.6034
4 323 126 26.3115
4 324 11 2.7831
4 325 218 46.5343
4 326 407 86.6716
4 327 138 30.7366
4 328 24 4.6129
4 329 43 11.5099
4 330 334 74.8066
4 331 7 1.1469
4 332 12 1.9553
4 333 390 80.8629
4 334 200 41.7748
4 335 1269 356.4081
4 336 278 68.8916
4 337 26 6.1648
4 338 78 14.3961
4 339 1027 258.6705
4 340 456 111.7838
4 341 56 12.4953
4 342 499 155.7800
4 343 4 0.9132
4 344 75 14.1790
4 346 201 43.1917
4 347 433 103.0824
4 348 29 5.7962
4 349 150 27.1347
4 350 388 140.9294
4 351 213 52.4611
4 352 35 7.0447
4 353 648 215.0819
4 354 228 59.0368
4 355 266 71.9174
4 356 13 2.6437
4 357 1501 315.9363
4 358 1843 439.4816
4 359 304 86.3999
4 360 281 63.6886
4 361 74 12.1771
4 362 590 129.6648
4 363 205 42.6779
4 364 11 3.6364
4 365 202 44.5936
4 366 4 0.8196
4 367 852 184.4677
4 368 231 50.4585
4 369 91 18.4279
4 370 1065 243.5419
4 371 404 98.3342
4 372 252 56.5436
4 373 287 67.9053
4 374 26 4.6147
4 375 343 78.3137
4 376 1156 273.5126
4 377 435 95.5747
4 378 228 74.4078
4 379 581 196.7937
4 380 61 13.8416
4 381 599 129.3679
4 382 154 41.5407
4 383 309 72.6803
5 0 101 21.8035
5 1 310 89.2309
5 2 407 91.0960
5 3 21 4.2605
5 4 84 17.9919
5 5 121 27.1401
5 6 301 71.8812
5 7 213 56.9328
5 8 1996 462.2650
5 9 228 55.2561
5 10 143 30.7727
5 11 18 3.6558
5 12 68 15.4027
5 13 78 15.4965
5 14 18 4.5575
5 15 20 3.7309
5 16 9 1.9179
5 17 109 23.2470
5 18 34 7.7582
5 19 592 139.0067
5 20 16 4.0127
5 21 92 21.1716
5 22 5 1.2451
5 24 384 84.4970
5 25 9 1.7900
5 26 416 109.4535
5 27 28 6.5347
5 28 704 173.8110
5 29 319 77.3838
5 30 69 14.2471
5 31 140 29.4894
5 32 410 105.5971
5 33 43 10.5257
5 34 1350 313.7598
5 35 178 39.2314
5 36 949 237.4788
5 37 2463 675.1392
5 38 74 15.0721
5 39 57 12.4214
5 40 1066 261.7815
5 41 1340 362.7892
5 42 2610 618.0573
5 43 68 16.6598
5 44 90 20.4940
5 45 287 64.5244
5 46 62 16.2490
5 47 84 17.5254
5 48 407 104.5907
5 49 225 48.8751
5 50 157 36.4261
5 51 233 48.4380
5 52 796 174.0152
5 53 915 250.2420
5 54 350 92.6525
5 55 401 87.8234
5 56 73 13.5753
5 57 483 104.5690
5 58 344 76.2248
5 60 97 21.0551
5 61 154 44.8401
5 62 88 18.6794
5 63 243 54.3460
5 65 472 110.7612
5 66 107 28.0343
5 67 111 23.6567
5 68 142 41.4701
5 69 1166 300.0272
5 70 224 50.0383
5 72 1318 367.8711
5 73 23 5.6033
5 74 100 20.8692
5 75 31 5.6760
5 76 41 8.8237
5 77 348 100.0876
5 78 674 139.2062
5 79 203 61.0608
5 80 85 17.3445
5 81 641 154.0654
5 82 253 66.2491
5 83 170 37.3141
5 84 654 153.9784
5 85 862 317.0214
5 86 184 55.7166
5 87 3 0.7532
5 88 9 1.9546
5 89 115 26.0282
5 90 70 15.0791
5 91 1 0.2383
5 92 20 4.1651
5 93 40 7.9512
5 94 140 33.9107
5 95 18 4.2317
5 96 20 3.9500
5 97 122 25.8052
5 98 183 41.3297
5 99 51 12.3511
5 100 1032 309.2436
5 101 11 2.4267
5 102 54 9.5988
5 103 3 0.6238
5 104 2 0.3107
5 105 23 4.7697
5 106 170 34.3365
5 107 18 3.9772
5 108 84 17.8630
5 109 85 18.9774
5 110 27 5.4976
5 111 31 6.1431
5 112 271 54.1041
5 113 690 136.6179
5 114 70 14.3267
5 115 42 10.4346
5 116 248 57.1398
5 117 634 164.3891
5 118 57 11.8137
5 119 1814 390.7304
5 120 144 30.8176
5 121 758 204.1300
5 122 352 75.2966
5 123 13 2.8498
5 124 215 54.2931
5 125 48 10.7661
5 126 3 0.6423
5 127 631 175.9142
5 128 48 10.0540
5 129 20 4.7087
5 130 52 12.3800
5 131 200 45.4982
5 132 156 31.8029
5 133 291 58.5909
5 134 61 13.0327
5 135 56 11.7085
5 136 502 115.4821
5 137 93 21.5573
5 138 1350 347.3170
5 139 135 37.6677
5 140 19 4.1761
5 141 1186 327.4701
5 143 80 16.7393
5 144 397 105.3671
5 145 247 48.6197
5 146 256 56.5758
5 147 1144 244.4001
5 148 62 15.1305
5 149 654 177.9150
5 150 95 18.3082
5 151 18 3.9142
5 152 143 40.0852
5 153 752 157.2403
5 154 154 52.2566
5 155 293 62.8415
5 156 354 96.7401
5 157 255 73.9514
5 158 93 20.0048
5 159 90 21.0988
5 160 281 62.1142
5 161 15 3.0595
5 162 68 14.9365
5 163 446 99.0516
5 164 1729 435.9688
5 165 22 4.7010
5 166 402 84.9655
5 167 58 17.7310
5 168 86 18.9009
5 169 617 130.8494
5 170 57 12.3758
5 171 11 2.1890
5 172 127 26.9537
5 173 98 21.5376
5 174 632 163.3614
5 175 87 17.1692
5 176 130 26.6654
5 177 238 67.9965
5 178 20 4.8195
5 179 8086 2034.3413
5 180 55 12.2850
5 181 133 29.0522
5 182 482 114.2502
5 183 21 4.8881
5 184 204 45.1443
5 185 163 46.5613
5 186 201 41.8961
5 187 4526 1217.2968
5 188 1817 493.5104
5 190 178 37.9510
5 191 284 59.3579
5 192 248 54.1000
5 193 758 278.8062
5 194 79 20.1732
5 195 250 57.7570
5 196 262 60.8504
5 197 128 25.9894
5 198 734 189.1894
5 199 32 7.2842
5 200 125 24.7072
5 201 31 6.5288
5 202 754 181.5849
5 203 576 136.7545
5 204 65 14.2385
5 205 16 3.3076
5 206 133 30.5262
5 207 17 4.0790
5 208 2413 691.9006
5 209 466 94.6400
5 210 798 168.6477
5 211 82 17.2820
5 212 31 7.7543
5 213 730 179.4112
5 214 17 3.1267
5 215 523 173.1994
5 216 2371 633.9396
5 217 69 13.8729
5 218 120 27.4875
5 219 187 48.3308
5 220 196 46.5524
5 221 145 38.6802
5 222 147 32.6718
5 223 275 70.5763
5 224 117 33.3105
5 225 351 93.8133
5 226 98 21.5168
5 227 127 25.8072
5 228 522 169.5086
5 229 232 49.1160
5 230 18 4.0018
5 231 178 48.3112
5 232 1324 349.2288
5 233 24 4.4453
5 234 178 36.0099
5 235 2073 486.7991
5 237 53 11.5350
5 238 76 15.7237
5 239 254 56.9953
5 240 80 16.2079
5 241 10 1.8751
5 242 507 140.1227
5 243 26 5.3967
5 244 22 4.2939
5 245 40 8.2144
5 246 42 8.6937
5 247 929 241.6560
5 248 369 80.2704
5 249 176 35.9826
5 250 153 34.6979
5 251 356 99.2941
5 252 30 5.9607
5 253 35 7.1031
5 254 16 3.2205
5 255 263 55.8069
5 256 218 52.4891
5 257 244 49.1305
5 258 171 45.5196
5 259 133 27.1252
5 260 881 228.4633
5 261 63 12.5900
5 262 85 20.0515
5 263 4173 1017.1226
5 264 1641 529.1676
5 265 49 10.4838
5 266 13 2.8275
5 267 136 30.4655
5 268 25 6.5644
5 269 111 22.4537
5 270 26 5.3210
5 271 178 38.3711
5 272 23 4.4269
5 273 27 5.3980
5 274 17 3.6129
5 275 415 100.2981
5 276 157 33.1477
5 277 55 11.3800
5 278 1138 275.9019
5 279 19 3.9843
5 280 35 6.9182
5 281 40 7.6626
5 282 1326 324.8445
5 283 241 67.5889
5 284 146 33.1523
5 285 217 69.7008
5 286 864 207.5109
5 287 61 13.1320
5 288 502 147.4977
5 289 513 123.4693
5 290 57 11.9988
5 291 271 66.3045
5 292 62 13.4247
5 293 1213 330.1910
5 294 273 61.9551
5 295 91 18.7348
5 296 5 1.2380
5 297 7 1.5664
5 298 79 17.9557
5 299 333 74.0105
5 300 9 1.9759
5 301 30 6.3867
5 302 57 13.7335
5 303 38 9.6594
5 304 153 38.5280
5 305 12 2.4604
5 306 1918 599.6171
5 307 26 5.3609
5 308 324 70.7396
5 309 66 14.8323
5 310 251 67.9480
5 311 70 15.3991
5 312 23 4.8051
5 313 185 39.9218
5 314 858 185.6525
5 315 1357 305.9737
5 316 308 78.4016
5 317 347 98.0737
5 318 141 29.1048
5 319 921 243.5536
5 320 98 21.9424
5 321 520 132.8873
5 322 828 228.2455
5 323 32 6.7624
5 324 130 29.6253
5 325 318 69.4949
5 326 186 42.4677
5 327 258 56.7614
5 328 797 189.2621
5 329 164 48.7703
5 331 103 25.0491
5 332 26 5.3020
5 333 30 6.5125
5 334 368 86.3284
5 335 244 64.8359
5 337 3331 814.3218
5 338 263 79.1691
5 339 210 42.3095
5 340 12 2.6263
5 341 218 44.9714
5 342 303 73.2718
5 343 1 0.2147
5 344 344 83.6160
5 345 90 20.9768
5 346 80 17.1436
5 347 82 16.6980
5 348 31 6.4746
5 349 1074 262.5268
5 350 207 49.6078
5 351 682 164.7567
5 352 2820 797.2868
5 353 77 15.9089
5 354 703 173.5198
5 355 62 13.1866
5 356 25 5.3306
5 357 95 18.9319
5 358 774 236.0502
5 359 41 9.4582
5 360 148 39.6331
5 361 1286 284.0242
5 362 54 11.6220
5 363 142 32.1566
5 364 116 23.4185
5 365 272 70.6011
5 366 205 45.4117
5 367 23 5.1583
5 368 134 37.1418
5 369 12 2.3696
5 371 470 103.6153
5 372 55 11.2365
5 373 28 5.3950
5 374 314 84.3027
5 375 278 67.0621
5 376 1244 264.9741
5 377 3 0.6342
5 378 47 9.7713
5 379 3169 776.2425
5 380 118 24.4586
5 381 3 0.7404
5 382 30 5.8051
5 383 102 22.5444
6 0 101 22.4907
6 1 1111 276.7961
6 2 427 96.9320
6 3 117 29.7415
6 4 14 2.9697
6 5 1254 318.8268
6 7 60 14.9472
6 8 363 85.0078
6 9 5 1.1697
6 10 48 10.6536
6 11 158 37.7579
6 12 255 71.7910
6 13 35 8.4795
6 14 1 0.1741
6 15 338 91.2294
6 16 6 1.4070
6 17 2257 587.3366
6 18 1702 437.9570
6 19 8 1.6370
6 20 405 85.6820
6 21 18 3.6490
6 22 253 67.6924
6 23 432 107.5239
6 24 338 81.7244
6 25 3 0.5679
6 26 34 7.7039
6 27 70 15.7066
6 28 1916 437.2812
6 29 325 84.1037
6 30 1 0.2920
6 31 5506 1341.2533
6 32 5 1.0257
6 33 903 251.7926
6 34 98 20.6697
6 35 78 16.4353
6 36 19 4.1108
6 37 271 56.3302
6 38 19 4.3671
6 39 66 13.3918
6 40 76 16.0116
6 41 20 4.2069
6 42 2 0.3472
6 43 22 4.8724
6 44 159 38.0922
6 45 21 4.1161
6 46 808 228.4056
6 47 253 54.8492
6 48 17 3.2648
6 49 43 9.6559
6 50 53 11.6453
6 51 960 214.4910
6 52 277 59.1084
6 53 180 51.7034
6 54 236 55.0368
6 55 227 49.5647
6 56 1716 426.0000
6 57 29 6.2957
6 58 40 8.9017
6 59 167 42.4643
6 60 21 5.3308
6 61 3 0.4987
6 62 86 17.9848
6 63 304 70.0759
6 64 6 1.4884
6 65 6 1.3078
6 66 285 66.5765
6 67 221 53.7099
6 68 41 10.3066
6 69 198 43.9121
6 70 6 1.1819
6 71 42 9.0236
6 72 83 18.1132
6 73 712 171.3502
6 74 13 2.7730
6 75 84 18.3284
6 76 139 30.5014
6 77 16 3.3728
6 78 18 3.4872
6 79 915 223.4469
6 80 19 3.7838
6 81 130 34.3921
6 82 64 13.2307
6 83 10 1.8480
6 84 69 20.3166
6 85 82 16.9064
6 86 9 1.8756
6 87 8 1.5064
6 88 2 0.4303
6 89 38 8.4679
6 90 169 43.0979
6 91 1056 268.7195
6 92 158 43.6405
6 93 1780 421.5978
6 94 50 11.3848
6 95 13 2.7385
6 96 81 17.4289
6 97 11 2.5517
6 98 168 42.6842
6 99 357 102.0308
6 100 216 47.0871
6 101 790 193.6209
6 102 424 95.7263
6 103 7 1.5794
6 104 205 58.0975
6 105 37 7.8882
6 106 29 6.4765
6 107 1749 482.2299
6 108 22 4.7001
6 109 39 8.2682
6 110 283 88.3811
6 111 107 22.6343
6 112 157 38.5070
6 113 111 25.3663
6 114 221 46.0913
6 115 39 7.6153
6 116 17 3.8208
6 117 3754 952.8141
6 118 11 2.5906
6 119 44 9.3734
6 120 1147 263.6834
6 121 15 3.0416
6 122 2059 513.9702
6 123 6 1.4388
6 124 137 34.6146
6 125 7661 1897.6110
6 126 33 6.5996
6 128 340 77.6530
6 129 572 137.1343
6 130 10 2.3392
6 131 31 7.2925
6 132 465 118.0011
6 133 29 6.6124
6 134 112 23.2660
6 135 898 214.7650
6 137 366 105.2049
6 138 14 2.9145
6 140 1629 431.2989
6 141 86 20.4043
6 142 2 0.5020
6 143 26 5.9373
6 145 39 8.5719
6 146 17 4.0338
6 147 140 34.8238
6 148 48 10.3844
6 149 469 104.2255
6 150 241 60.2342
6 151 629 139.5534
6 152 583 137.7984
6 153 8 2.0462
6 154 185 42.5325
6 155 26 6.2534
6 156 9 2.0487
6 157 57 12.3283
6 158 19 4.3547
6 159 29 6.4874
6 160 2318 565.7321
6 161 7 1.8450
6 162 5 1.0991
6 163 174 41.9729
6 164 127 28.4702
6 165 17 3.2985
6 166 213 54.3964
6 167 1546 438.8788
6 168 2 0.5305
6 169 45 9.9122
6 170 211 43.5051
6 171 346 76.4394
6 172 17 3.6851
6 173 158 34.1392
6 174 1515 361.6349
6 175 797 200.5214
6 176 17 3.1648
6 177 54 11.8978
6 178 11 2.1576
6 179 3 0.7256
6 180 47 9.5425
6 181 443 104.0962
6 182 128 26.5131
6 183 566 144.8455
6 184 1740 424.9099
6 185 358 75.6834
6 186 4 0.7448
6 187 51 11.1585
6 188 53 12.3758
6 189 2498 698.6201
6 190 144 34.3108
6 191 44 10.5936
6 192 1128 321.7831
6 193 24 5.4408
6 194 279 65.9037
6 195 238 60.2479
6 196 197 47.9628
6 197 138 30.1963
6 198 7 1.6426
6 199 19 3.9209
6 200 996 255.1092
6 201 127 34.2551
6 202 23 4.4648
6 203 422 92.7998
6 204 94 19.7862
6 205 17 3.3501
6 206 577 148.1102
6 207 71 15.7785
6 208 2068 600.4810
6 209 45 9.6804
6 210 529 121.8348
6 211 191 45.7749
6 212 22 4.5248
6 213 87 18.2295
6 214 155 34.0921
6 215 110 23.1896
6 216 247 56.3429
6 217 24 5.0376
6 218 16 3.7745
6 219 895 322.4117
6 220 21 4.2076
6 221 124 25.4577
6 222 98 25.1632
6 223 162 35.2595
6 224 691 177.0856
6 225 46 10.7966
6 226 12 2.7742
6 227 1526 392.2314
6 228 132 28.4201
6 229 294 63.0728
6 230 176 39.1325
6 231 141 32.7538
6 232 246 78.5347
6 233 143 37.6638
6 234 136 27.3203
6 235 230 52.2486
6 236 5 1.0828
6 237 821 198.1988
6 238 1 0.2028
6 239 288 63.5643
6 240 33 8.3826
6 241 58 12.7119
6 242 45 11.4744
6 243 35 9.7715
6 244 60 13.4806
6 245 31 6.5748
6 246 187 46.7964
6 247 124 25.9843
6 248 1 0.2371
6 249 926 235.7567
6 250 256 55.9597
6 251 820 201.3202
6 252 14 3.3413
6 253 20 3.9573
6 254 521 146.6453
6 255 3783 950.7200
6 256 47 10.1843
6 257 3572 1026.1328
6 258 135 30.8710
6 259 89 19.5847
6 260 305 72.5748
6 261 154 34.9292
6 262 94 20.4547
6 263 83 24.6923
6 264 39 7.9592
6 265 56 11.7990
6 266 92 21.6743
6 267 56 11.5352
6 268 19 4.5586
6 269 1 0.1982
6 270 37 7.8269
6 271 33 7.4950
6 272 1932 452.1544
6 273 89 28.7781
6 274 44 9.4495
6 275 557 126.7988
6 276 14 2.6551
6 277 90 24.3801
6 278 86 17.2812
6 279 241 64.7418
6 280 86 23.6017
6 281 14 2.9788
6 282 2149 604.0826
6 283 606 165.5813
6 284 124 26.2926
6 285 49 11.1852
6 286 41 8.5201
6 287 101 20.6436
6 288 64 15.2588
6 289 37 7.0915
6 290 64 14.3645
6 291 25 5.7451
6 292 823 181.3228
6 293 123 28.5087
6 294 119 24.4600
6 295 99 20.5358
6 296 11 2.3224
6 297 11 2.5846
6 298 62 13.4375
6 299 18 5.8495
6 300 2 0.3964
6 301 123 35.7303
6 302 224 76.3822
6 303 1400 317.8831
6 304 2 0.4237
6 305 371 83.9717
6 306 444 103.8349
6 307 83 18.9899
6 308 10 2.1171
6 309 1036 230.4488
6 310 168 35.2444
6 311 598 141.2804
6 312 1697 469.8484
6 313 15 3.0958
6 314 113 24.0114
6 315 30 6.3249
6 316 16 3.3625
6 317 90 26.2319
6 318 16 3.5050
6 319 54 11.3329
6 320 34 7.0450
6 321 129 27.9314
6 322 25 5.5233
6 323 1823 449.5947
6 324 146 31.5793
6 325 9 1.9677
6 326 777 173.2000
6 327 27 5.3617
6 328 404 103.5206
6 329 72 17.1423
6 330 386 92.0562
6 331 28 5.7885
6 332 207 59.8951
6 333 609 169.5167
6 334 177 39.9015
6 335 5 0.9917
6 337 24 7.1113
6 338 9 1.9812
6 339 205 55.4070
6 340 201 55.1366
6 341 430 101.7921
6 342 1754 474.9707
6 343 77 22.8902
6 344 28 6.1100
6 345 16 3.7645
6 346 151 38.1141
6 347 52 10.0647
6 348 68 15.3466
6 349 179 44.4636
6 350 10 2.0351
6 351 261 59.2585
6 352 37 7.4467
6 353 1244 268.5908
6 354 280 64.1217
6 355 7 1.4051
6 356 948 224.8433
6 357 19 4.1136
6 358 221 72.9675
6 359 96 21.5004
6 360 8167 2042.8409
6 361 233 67.0913
6 362 1 0.1717
6 363 18 3.5817
6 364 166 35.8452
6 365 27 6.0552
6 366 12 2.5175
6 367 2919 686.3986
6 368 423 100.2343
6 369 595 143.2544
6 370 1666 486.9789
6 371 264 54.8749
6 372 24 6.0535
6 373 475 121.6311
6 374 3 0.6755
6 375 23 5.9615
6 376 51 11.7142
6 377 53 12.0711
6 378 39 8.6809
6 379 88 18.6678
6 380 153 32.1209
6 381 14 3.0296
6 382 179 43.6189
6 383 15 3.2479
7 0 890 235.6279
7 1 18 3.3947
7 2 79 16.3210
7 3 25 5.2954
7 4 7 1.2814
7 5 220 39.2136
7 6 762 154.5614
7 7 97 21.1525
7 8 195 51.8777
7 9 10 2.0342
7 10 501 111.9542
7 11 4 0.9595
7 12 478 127.6100
7 13 121 23.5317
7 14 143 28.9519
7 15 1 0.1872
7 16 656 135.9880
7 17 33 6.4381
7 18 115 21.8453
7 19 1279 307.2344
7 20 146 33.7057
7 21 289 72.2891
7 22 87 15.8802
7 23 96 17.9071
7 24 12 2.6802
7 25 13 2.6486
7 26 204 44.8576
7 27 137 28.5764
7 28 5 0.9127
7 29 2258 559.6965
7 30 2 0.4698
7 31 14 2.7914
7 32 1461 427.2018
7 33 58 11.5185
7 34 59 11.1955
7 35 165 30.9407
7 36 101 21.2372
7 37 45 8.7720
7 38 121 23.7082
7 39 419 108.4153
7 40 240 48.6828
7 41 165 32.4389
7 42 4 0.7976
7 43 156 30.2475
7 44 1079 242.3443
7 45 102 21.1258
7 46 165 29.2950
7 47 2 0.4335
7 48 187 39.2681
7 49 169 36.9856
7 50 714 163.1217
7 51 60 12.2292
7 52 1 0.1422
7 53 1817 434.7557
7 54 135 25.9344
7 55 89 17.3854
7 56 50 7.9254
7 57 78 17.0826
7 58 627 151.5780
7 59 63 12.4681
7 60 8 1.4235
7 61 86 17.9573
7 62 189 35.0253
7 63 234 69.3040
7 64 13 2.7221
7 65 1521 413.7089
7 66 12 1.8499
7 67 22 3.7810
7 68 257 53.5345
7 69 123 24.5244
7 70 1 0.2059
7 71 38 7.5940
7 72 530 142.9060
7 73 743 140.4638
7 74 1 0.1837
7 75 2362 660.9394
7 76 3 0.6508
7 77 186 39.9030
7 78 96 22.1022
7 79 144 30.0611
7 80 31 6.6512
7 81 1374 327.3256
7 82 9 1.7491
7 83 4 0.9211
7 84 504 97.4989
7 85 191 36.6245
7 86 415 78.9924
7 87 7 1.4591
7 88 616 101.7611
7 89 1856 521.2321
7 90 338 68.4222
7 91 31 5.0196
7 92 29 6.3387
7 93 1544 365.8997
7 94 3335 853.6505
7 95 5 1.0777
7 96 102 20.7938
7 97 1 0.2062
7 98 62 10.0629
7 100 823 197.7583
7 101 2 0.4047
7 102 310 74.9992
7 103 31 5.5639
7 104 4 0.8797
7 105 157 33.6612
7 106 441 103.8198
7 107 427 94.1789
7 108 143 31.8656
7 109 23 4.4910
7 110 57 12.0412
7 111 165 42.5223
7 112 23 4.7873
7 113 53 11.5400
7 114 2583 547.5004
7 115 99 22.2069
7 116 30 6.1669
7 117 124 26.0233
7 118 3217 672.9306
7 119 5 0.8470
7 120 47 8.5221
7 121 5 0.8441
7 122 671 191.5616
7 123 27 4.1087
7 124 169 44.7170
7 125 373 78.9545
7 126 3 0.4839
7 127 383 78.9439
7 128 1 0.1833
7 129 179 38.8334
7 130 251 55.2950
7 131 960 213.0969
7 132 73 15.6218
7 133 243 58.8891
7 134 8 1.5871
7 135 5 0.9323
7 136 545 137.2022
7 137 85 14.7502
7 138 74 16.1448
7 139 434 98.7825
7 140 170 38.6926
7 141 10 1.8405
7 142 10 1.4051
7 143 39 6.8363
7 144 398 92.4899
7 145 32 7.1204
7 146 71 14.4117
7 147 163 34.6099
7 148 259 49.7480
7 149 50 7.6369
7 150 1042 284.3930
7 151 28 5.0008
7 152 76 16.9483
7 153 110 21.0675
7 154 6502 1624.3301
7 155 443 99.9349
7 156 492 100.3708
7 157 31 6.8350
7 158 1472 385.1955
7 160 66 12.7269
7 161 35 7.3994
7 162 413 67.6182
7 163 499 118.6227
7 164 126 25.1886
7 165 106 20.5827
7 166 234 56.4640
7 167 447 99.9014
7 168 369 62.6415
7 169 2191 613.3712
7 170 62 10.6086
7 171 108 25.5495
7 172 70 15.5942
7 173 651 151.6615
7 175 221 39.5879
7 176 348 96.3093
7 177 258 54.4122
7 179 722 179.7525
7 180 172 36.3087
7 181 458 110.5829
7 182 225 48.8249
7 183 165 34.0160
7 184 3 0.5471
7 185 855 199.6082
7 186 4 0.7658
7 187 246 56.0988
7 188 13 3.1812
7 189 75 14.1525
7 190 71 12.7518
7 191 494 104.1571
7 192 29 5.7993
7 193 3039 671.2910
7 195 153 33.9927
7 196 69 11.5562
7 197 38 8.6285
7 198 67 12.6034
7 200 450 117.3751
7 201 575 113.8544
7 202 101 20.5256
7 203 2 0.4249
7 204 390 96.2497
7 205 1694 438.2111
7 206 120 25.7102
7 207 11283 4726.9511
7 208 209 41.9822
7 209 14 2.3538
7 210 66 12.4377
7 211 3 0.4922
7 212 33 6.7653
7 213 7 1.9545
7 214 33 5.7410
7 215 2735 684.8154
7 216 32 5.9699
7 217 73 15.1286
7 218 179 30.7255
7 219 5 0.9321
7 220 71 21.0946
7 221 155 30.8409
7 222 13 2.7005
7 223 7 1.4118
7 224 12 2.7160
7 225 200 52.9133
7 226 72 14.5572
7 227 1 0.2149
7 228 286 56.8551
7 229 283 73.9957
7 230 27 6.0592
7 232 21 3.8312
7 233 75 14.6630
7 234 157 34.8775
7 235 282 65.5718
7 236 103 23.5394
7 238 45 9.4385
7 239 1 0.1697
7 240 153 35.0747
7 241 90 19.2638
7 242 1266 347.6682
7 243 539 103.1913
7 244 174 37.1329
7 245 1694 426.3203
7 246 70 12.0658
7 247 523 120.4258
7 248 20 3.6087
7 249 49 11.2733
7 250 905 213.0236
7 251 478 101.9386
7 252 413 101.6822
7 253 242 47.9205
7 254 294 89.8486
7 255 197 38.6132
7 257 68 12.3837
7 258 57 10.3581
7 259 313 65.2972
7 260 20 4.1456
7 261 44 9.4993
7 262 110 22.2012
7 263 5 0.8250
7 264 228 50.6037
7 265 367 80.4872
7 266 170 40.6547
7 267 16 3.3733
7 268 7 1.4123
7 269 9 2.0023
7 270 599 135.9288
7 271 77 12.9921
7 272 89 19.4015
7 273 78 14.9565
7 274 6 1.1802
7 275 2591 585.1636
7 276 17 3.4505
7 277 183 39.1463
7 278 289 61.5787
7 279 204 37.6043
7 280 130 26.4776
7 281 162 34.6213
7 282 19 3.7690
7 283 388 107.2516
7 284 337 74.8464
7 285 1 0.2029
7 286 43 8.1906
7 287 399 102.3958
7 288 42 8.8138
7 289 39 7.8341
7 290 223 45.2170
7 291 296 59.8850
7 292 123 27.0689
7 293 83 15.4853
7 294 263 92.4063
7 295 416 100.2065
7 296 556 155.6897
7 298 142 29.8057
7 299 1591 366.1790
7 300 19 4.3576
7 301 1 0.2562
7 302 160 31.8465
7 303 99 20.2874
7 304 18 3.7407
7 305 752 169.2189
7 306 500 113.3603
7 307 57 11.7492
7 308 3 0.5493
7 309 28 5.4618
7 310 195 44.4541
7 311 80 18.3552
7 312 281 61.5032
7 313 469 98.7685
7 314 570 90.8867
7 315 19 2.8119
7 316 575 136.0596
7 317 2244 491.9696
7 318 78 14.6444
7 319 4 0.6600
7 320 413 108.2889
7 321 4 0.7751
7 322 136 27.2595
7 323 182 42.3492
7 324 3561 800.6976
7 325 761 220.5718
7 326 134 33.9687
7 327 2 0.4299
7 328 430 97.9583
7 329 760 189.0940
7 330 17 3.2125
7 331 145 28.8856
7 332 75 14.0866
7 333 1 0.2040
7 334 15 3.4907
7 335 31 7.3201
7 336 5 0.7827
7 337 2450 480.0108
7 338 12 2.3310
7 339 79 15.0539
7 340 199 41.0576
7 341 19 3.2357
7 342 105 20.4898
7 343 54 11.7553
7 344 24 4.7559
7 345 1 0.1961
7 346 45 9.0699
7 347 52 8.2383
7 348 107 19.6388
7 349 12 2.4570
7 350 720 187.3819
7 351 48 8.0674
7 352 17 3.6528
7 353 354 87.1677
7 354 266 59.6944
7 355 104 16.7468
7 356 33 6.8056
7 357 805 171.9385
7 358 892 219.8913
7 359 11 2.4080
7 360 573 178.5587
7 361 80 13.9326
7 362 4 0.6933
7 363 94 20.0523
7 364 50 9.9377
7 365 793 194.8090
7 366 441 134.9432
7 367 44 9.3249
7 369 25 5.1998
7 370 2777 706.4432
7 371 56 11.5399
7 372 155 26.5403
7 373 12 2.2323
7 374 195 42.2628
7 375 45 8.7696
7 377 844 207.3927
7 378 8 1.6542
7 379 1500 408.3873
7 380 89 18.2415
7 381 133 23.9285
7 382 162 26.3438
7 383 1536 360.2981
8 0 108 25.7230
8 1 945 272.5382
8 2 1224 288.7365
8 3 13 2.5958
8 4 12 1.9917
8 5 284 70.4484
8 6 120 25.1662
8 7 21 4.0142
8 8 90 17.1908
8 9 647 145.5080
8 10 25 4.8155
8 11 658 145.5293
8 12 22 3.8863
8 13 362 78.7341
8 14 484 108.4109
8 15 9 1.7590
8 16 686 160.1014
8 17 35 8.9740
8 18 50 9.6922
8 19 9 1.7112
8 20 7 1.9535
8 21 37 6.6605
8 22 782 189.7148
8 23 24 4.2518
8 24 475 119.9741
8 25 24 4.3020
8 26 18 4.3725
8 27 64 14.4189
8 28 317 92.7270
8 29 184 49.7638
8 31 2 0.3261
8 32 12 2.4210
8 33 5 0.8717
8 34 163 42.4996
8 36 165 35.6624
8 37 575 121.3496
8 38 10 1.9874
8 39 714 168.0422
8 40 35 6.4620
8 41 189 55.4054
8 42 370 115.4075
8 43 316 60.6930
8 44 137 33.5536
8 45 331 83.2040
8 46 31 6.0324
8 47 1497 380.3180
8 48 33 6.4489
8 49 70 14.2780
8 50 61 12.7649
8 51 93 16.8028
8 52 2 0.3421
8 53 105 20.8017
8 54 400 88.9792
8 55 252 63.3844
8 56 51 9.3423
8 57 497 112.2838
8 58 179 42.5886
8 60 70 19.0447
8 61 1244 302.1306
8 62 363 78.9453
8 63 252 55.9317
8 64 1410 334.6360
8 65 88 22.2094
8 66 3340 805.0255
8 67 311 73.3849
8 69 2 0.3794
8 70 44 10.7962
8 71 89 17.7595
8 72 2 0.3974
8 73 45 13.7688
8 74 23 5.1763
8 76 21 3.8758
8 77 64 13.1126
8 78 1405 414.7379
8 79 183 41.5238
8 80 3 0.6250
8 81 61 13.2191
8 82 1 0.2125
8 83 43 8.3444
8 84 11 2.0381
8 85 66 12.4314
8 86 4 0.9318
8 87 50 10.2031
8 88 5 0.9668
8 89 35 7.8192
8 90 1854 452.4633
8 91 38 10.3802
8 92 473 106.7286
8 94 8125 2095.0329
8 95 166 48.5514
8 96 10 1.5157
8 97 150 34.0100
8 98 1 0.1765
8 99 550 140.4028
8 100 108 23.3138
8 101 1160 288.2787
8 102 168 45.2381
8 103 27 4.9915
8 104 250 49.6021
8 105 81 17.0623
8 106 10 2.1793
8 107 25 4.7679
8 108 4 0.8890
8 109 56 11.6750
8 110 28 5.8442
8 111 1050 265.9380
8 112 51 10.1776
8 113 34 6.2413
8 114 324 85.4538
8 115 686 162.8242
8 116 76 13.7454
8 117 151 32.0780
8 118 109 21.7650
8 119 341 91.3878
8 120 8 1.8007
8 121 1011 316.8500
8 122 164 46.2933
8 123 19 3.2055
8 124 114 21.9564
8 125 177 34.2747
8 126 7 1.5358
8 127 147 36.9052
8 128 13 2.2540
8 129 782 165.3808
8 130 21 3.8078
8 131 8 1.8145
8 132 7 1.7505
8 133 41 9.2007
8 134 808 194.8442
8 135 469 93.4243
8 136 8 1.4674
8 137 1997 516.2260
8 138 11 1.7945
8 139 152 28.2661
8 140 7 1.2585
8 141 266 52.9795
8 142 239 44.0104
8 143 88 22.8495
8 144 2 0.3524
8 145 642 212.5119
8 146 28 6.6218
8 147 23 4.7899
8 148 10 1.8726
8 149 242 47.7023
8 150 51 9.3501
8 151 57 11.3789
8 152 186 44.7412
8 153 39 8.2973
8 154 426 103.6078
8 155 38 7.9608
8 156 430 99.1904
8 157 2 0.3640
8 158 109 30.3713
8 159 162 32.5891
8 160 13 2.4651
8 161 103 20.3779
8 162 80 15.3068
8 163 195 55.5723
8 164 3467 771.8772
8 165 171 48.3493
8 166 3 0.5883
8 167 67 13.2613
8 168 154 37.8914
8 169 180 55.9960
8 170 5 0.7903
8 171 1116 255.8477
8 172 319 70.7022
8 173 1161 326.7889
8 174 250 49.6905
8 175 10 1.7713
8 176 1 0.2013
8 177 256 54.7412
8 178 924 226.4224
8 179 157 31.8390
8 180 9 1.6252
8 181 2197 569.2309
8 182 1 0.1660
8 183 2 0.4661
8 184 113 22.4642
8 185 4573 1260.7821
8 186 6168 1794.3814
8 187 10 1.9617
8 189 71 15.0109
8 190 153 37.0038
8 191 36 6.8806
8 192 4443 1104.0404
8 193 1024 254.1080
8 195 713 170.7181
8 196 1 0.2148
8 197 154 34.0844
8 198 55 13.2683
8 199 23 4.2269
8 200 208 54.7181
8 201 13 2.5522
8 202 39 8.6694
8 203 53 13.1201
8 204 62 15.9383
8 205 1516 464.7839
8 206 6 1.3832
8 207 20 3.6405
8 208 315 73.8245
8 209 897 216.8232
8 210 33 7.3524
8 211 193 52.4585
8 212 2190 453.4426
8 213 94 18.0336
8 214 197 41.2873
8 215 39 9.7857
8 216 72 15.5715
8 217 3431 945.6579
8 218 672 165.4579
8 219 307 71.5006
8 220 137 31.2279
8 221 1343 337.5248
8 222 183 31.8410
8 223 241 67.7013
8 224 675 187.8636
8 225 275 70.7412
8 226 3115 780.7601
8 227 462 100.4899
8 228 34 6.6279
8 229 194 51.0602
8 230 14 2.6403
8 231 16 3.1071
8 232 167 46.7539
8 233 2214 670.0869
8 234 743 211.3873
8 235 34 6.8722
8 236 5 0.8225
8 237 1580 434.0978
8 238 19 4.3516
8 239 10 1.7274
8 240 96 20.3787
8 241 17 2.6771
8 242 24 4.5280
8 243 12 2.2533
8 244 44 9.0476
8 245 248 74.9534
8 246 929 195.6826
8 247 15 2.5183
8 248 498 114.3044
8 249 27 5.9577
8 250 136 27.5242
8 251 5 1.3554
8 252 3 0.6476
8 253 4 0.8393
8 254 103 28.8543
8 255 2 0.3728
8 256 136 28.6388
8 257 12 3.1003
8 258 2574 594.6999
8 259 5 0.9330
8 260 34 7.8152
8 261 33 7.9978
8 262 80 18.2665
8 263 105 22.1462
8 264 2 0.5231
8 265 73 15.4025
8 266 4 0.8115
8 267 11 2.2667
8 268 5 1.2268
8 269 388 95.4203
8 270 107 23.3273
8 271 61 14.0995
8 272 3 0.4488
8 273 65 12.5053
8 274 179 34.3119
8 276 119 24.1376
8 277 29 6.6001
8 278 629 144.3887
8 279 7 1.4992
8 280 2376 685.6181
8 282 490 140.8119
8 283 562 137.5510
8 284 20 4.6623
8 285 30 5.9491
8 286 88 14.6463
8 287 36 6.9530
8 288 269 66.0727
8 289 703 204.6286
8 290 38 7.0075
8 291 12 3.4939
8 292 29 6.4572
8 293 87 18.2375
8 294 270 75.2145
8 295 315 71.1612
8 296 874 215.5791
8 297 1440 324.9838
8 298 19 4.4503
8 299 363 70.0914
8 300 43 13.1078
8 301 162 43.3827
8 303 18 3.7915
8 304 928 228.4458
8 305 556 123.5177
8 306 92 20.2144
8 307 343 75.3855
8 308 2039 578.1979
8 309 13 2.2298
8 310 132 30.3210
8 311 23 4.3229
8 312 16 3.0299
8 313 19 2.9659
8 314 82 15.5871
8 315 10 2.0267
8 316 162 49.4718
8 317 35 6.3026
8 318 3 0.6025
8 319 906 242.1431
8 320 30 6.0933
8 321 6 1.4193
8 322 38 7.2724
8 323 2593 631.6357
8 324 1770 488.5202
8 325 8 1.8162
8 326 43 8.5487
8 328 43 9.1035
8 329 135 27.0646
8 330 57 11.1910
8 331 29 5.1421
8 332 274 68.5701
8 333 401 87.3129
8 334 14 2.9326
8 335 4 0.8021
8 336 90 17.6126
8 337 233 45.8826
8 338 43 8.9878
8 339 4 0.8126
8 340 87 19.3395
8 341 118 26.2392
8 342 11 2.3118
8 343 3 0.6629
8 344 1 0.2350
8 345 32 5.9663
8 346 119 31.4660
8 347 308 78.5427
8 348 993 227.8295
8 349 52 11.8226
8 350 1 0.2087
8 352 3680 941.2085
8 353 31 7.9553
8 354 9 1.5492
8 356 568 143.8054
8 357 333 82.8906
8 358 6 1.2744
8 359 52 9.9192
8 360 559 135.9459
8 361 42 7.9083
8 362 61 15.9981
8 363 2 0.4237
8 364 7 1.4997
8 365 44 9.4746
8 366 5 1.3135
8 367 516 118.2925
8 369 33 6.0146
8 370 147 30.8844
8 371 24 5.6545
8 373 60 12.4902
8 374 105 24.1460
8 375 144 24.6612
8 376 824 203.1316
8 377 12 2.6122
8 378 255 56.9395
8 379 84 17.7600
8 380 3790 828.0173
8 381 317 70.9925
8 382 319 72.6328
8 383 1 0.2177
9 1 119 24.9706
9 2 574 125.9163
9 3 479 115.6585
9 4 128 23.1651
9 5 241 71.3844
9 6 27 5.5108
9 7 45 9.2359
9 8 3 0.7245
9 9 111 23.2875
9 10 237 47.0791
9 11 58 11.5641
9 12 97 16.6364
9 13 123 28.5083
9 14 53 9.6066
9 15 24 5.5558
9 16 12 2.2352
9 17 106 21.0709
9 18 271 64.9299
9 20 454 113.1925
9 21 17 3.5324
9 22 2127 544.2376
9 23 17 3.3381
9 25 4 0.6772
9 26 582 135.0850
9 27 46 9.3089
9 28 421 87.6613
9 29 163 34.4117
9 30 336 63.6690
9 31 643 142.7417
9 32 76 13.4752
9 33 1147 301.9072
9 34 27 4.6460
9 35 224 44.6631
9 36 10 2.0254
9 37 208 46.8452
9 38 55 11.8210
9 39 62 12.0668
9 40 188 46.9204
9 41 66 13.0009
9 42 2571 732.6447
9 43 13 2.6598
9 45 40 7.5646
9 46 90 18.0214
9 47 14 2.8401
9 48 7 1.2995
9 49 783 219.1669
9 50 359 79.1083
9 51 505 115.3969
9 52 504 105.1294
9 53 35 7.0108
9 54 16 3.1726
9 55 28 5.3916
9 56 66 13.5725
9 57 17 2.8797
9 58 486 112.2070
9 60 1 0.1991
9 61 8 1.4832
9 62 151 34.7563
9 63 73 12.2082
9 64 14 2.4959
9 65 21 3.8775
9 66 13 2.7282
9 68 23 4.9572
9 69 1214 270.4483
9 70 241 51.3384
9 72 30 6.8567
9 73 387 83.0944
9 74 3 0.3879
9 75 136 37.6059
9 77 1858 491.7099
9 78 1 0.2402
9 79 2758 681.3567
9 80 11 2.1331
9 81 163 38.2805
9 82 6479 1931.1157
9 84 32 7.1697
9 85 8 1.7504
9 86 83 18.7614
9 87 14 3.0547
9 88 495 105.3472
9 89 26 4.8055
9 90 218 53.9152
9 91 802 204.6754
9 92 81 15.9091
9 93 2370 662.1683
9 94 1 0.2244
9 95 70 12.7275
9 96 7 1.5952
9 97 50 9.1091
9 98 1601 417.8263
9 99 3 0.8017
9 100 139 29.6229
9 101 52 14.5136
9 102 1298 410.1748
9 103 269 54.9690
9 104 244 54.6409
9 105 126 23.6349
9 107 346 85.7500
9 108 54 9.9782
9 109 1 0.2601
9 110 665 168.4352
9 111 108 27.5601
9 112 296 56.1484
9 113 5 1.0924
9 114 123 21.1832
9 115 400 110.9402
9 116 55 12.8055
9 117 20 3.5676
9 118 9 1.6773
9 119 733 187.6717
9 120 4304 1205.7041
9 121 104 26.7925
9 122 145 27.7522
9 124 9 1.5961
9 125 493 122.1655
9 126 9 1.8560
9 127 862 238.3382
9 128 225 58.6095
9 129 143 24.7615
9 130 2 0.3577
9 131 494 125.0885
9 132 1487 344.7726
9 133 32 6.0290
9 134 728 152.3042
9 135 96 31.5408
9 136 1527 352.6021
9 137 772 185.2548
9 138 1545 363.6496
9 139 688 157.8772
9 140 2734 641.6619
9 141 237 62.6486
9 142 234 54.1989
9 143 22 4.0315
9 144 142 32.3860
9 145 22 3.7788
9 146 364 87.6214
9 147 332 74.5354
9 148 41 9.5345
9 149 178 43.2121
9 150 487 100.2283
9 151 6 1.1192
9 152 250 53.2651
9 153 438 101.2998
9 154 55 12.6894
9 155 119 25.5340
9 156 203 46.0156
9 158 192 51.2767
9 159 17 3.4615
9 160 2316 643.8775
9 161 125 26.7487
9 162 10 1.9588
9 163 24 5.3002
9 164 21 4.9966
9 165 43 7.6977
9 166 153 30.5078
9 167 162 34.5406
9 168 2004 514.9399
9 169 130 25.1255
9 170 164 39.7375
9 171 9 1.6668
9 172 28 5.8618
9 173 215 43.1722
9 174 1 0.1813
9 175 6 1.1040
9 176 9 2.0789
9 177 334 75.2635
9 178 174 30.3503
9 179 25 5.0901
9 180 387 100.4663
9 181 34 7.5134
9 182 1 0.1835
9 183 91 19.1671
9 184 170 49.1698
9 185 44 7.8840
9 186 46 8.3065
9 187 5848 1375.3492
9 188 242 59.5471
9 190 498 114.0591
9 191 102 23.1307
9 192 144 28.4452
9 193 22 5.1091
9 195 2038 474.8415
9 196 2 0.4051
9 197 786 184.3736
9 198 193 41.9336
9 199 585 128.9022
9 200 167 43.7529
9 201 1248 332.5477
9 202 23 4.4715
9 203 107 22.3501
9 204 17 3.3414
9 205 763 192.8757
9 206 295 75.6460
9 207 8 1.5605
9 208 1690 446.8560
9 209 3 0.6550
9 210 2 0.4168
9 211 240 49.1215
9 212 535 131.4880
9 213 6 1.1163
9 214 65 13.0569
9 215 122 21.4534
9 216 256 68.8599
9 217 77 14.8886
9 218 24 4.5462
9 219 60 11.2323
9 220 35 6.7533
9 221 36 7.1662
9 222 282 79.1197
9 223 872 199.4709
9 224 55 10.6757
9 225 2 0.3618
9 226 25 4.2166
9 227 332 70.3123
9 228 244 51.9660
9 229 162 35.9715
9 230 257 71.7642
9 231 305 64.5301
9 232 101 21.2865
9 233 21 3.9169
9 234 198 42.2914
9 235 126 26.9312
9 236 27 4.7028
9 237 2 0.3442
9 238 111 24.0217
9 239 725 159.3275
9 240 44 7.0484
9 241 88 20.0702
9 242 3230 925.1206
9 243 2 0.4147
9 244 687 175.0662
9 245 291 73.3853
9 246 818 213.1917
9 247 50 9.9348
9 248 170 33.2298
9 249 274 72.1994
9 250 96 19.1220
9 251 57 13.8857
9 252 23 5.1283
9 254 14 2.9352
9 255 486 90.6459
9 256 5663 1511.1375
9 257 3646 1054.2816
9 258 518 115.5270
9 259 59 13.6344
9 260 33 9.1160
9 261 18 3.8204
9 262 1712 425.6837
9 263 2843 671.5778
9 264 666 141.1744
9 265 458 120.8777
9 266 580 122.4439
9 267 42 8.7318
9 268 23 4.9183
9 269 74 15.3864
9 270 55 10.9107
9 271 36 7.3498
9 272 18 3.2193
9 273 977 250.1209
9 274 148 39.5013
9 275 3 0.4712
9 276 96 18.6214
9 277 67 12.3922
9 278 43 9.7472
9 279 46 9.8689
9 280 140 30.2480
9 281 29 6.3932
9 282 618 161.8890
9 283 5 0.8262
9 284 33 6.2615
9 285 2393 618.0988
9 286 461 92.5056
9 287 90 19.1167
9 288 327 89.1074
9 289 115 32.8767
9 290 51 9.9187
9 291 253 47.9774
9 292 62 11.0920
9 293 20 3.6642
9 294 59 14.2361
9 296 175 51.3836
9 297 500 115.0557
9 298 178 38.6154
9 299 49 9.0671
9 301 8 1.8815
9 302 312 68.7139
9 303 35 7.2068
9 305 20 4.0721
9 306 33 6.0682
9 307 3 0.5747
9 308 1718 427.0942
9 309 34 6.9822
9 310 975 237.0024
9 311 278 44.7464
9 312 243 50.7796
9 313 73 17.1232
9 314 346 81.6328
9 315 200 53.0369
9 316 9 1.8019
9 317 58 11.2534
9 318 16 3.5141
9 319 656 178.0888
9 320 743 181.4338
9 321 198 42.0311
9 322 71 16.8398
9 323 6 1.3905
9 324 490 127.4000
9 325 2 0.4419
9 326 274 59.9149
9 327 301 70.4606
9 328 1363 327.5830
9 329 935 218.1038
9 331 21 5.3189
9 332 32 6.0279
9 333 1133 323.9478
9 334 2 0.4133
9 335 329 107.7163
9 336 7 1.6354
9 337 288 61.9103
9 338 55 12.1573
9 339 40 7.9160
9 340 5 0.9196
9 341 39 6.8595
9 342 601 168.8409
9 343 127 32.8660
9 344 206 51.1313
9 345 280 71.3667
9 346 106 19.7794
9 347 31 5.0708
9 348 172 34.1602
9 349 179 42.9921
9 350 140 33.3171
9 351 878 185.2791
9 353 241 55.7990
9 354 389 100.6225
9 355 8 1.8720
9 357 127 26.7347
9 358 14 3.0636
9 359 30 5.6618
9 360 3 0.4901
9 361 186 41.9064
9 362 2211 617.0690
9 363 13 2.4277
9 364 528 128.3976
9 365 44 8.3639
9 366 334 72.5196
9 367 18 3.7036
9 368 660 178.5882
9 369 61 12.6866
9 370 15 3.0866
9 371 56 10.7890
9 372 17 3.0553
9 373 108 25.2203
9 374 19 3.4257
9 375 2 0.3537
9 376 57 9.6886
9 377 2207 558.9725
9 378 470 120.3561
9 379 662 152.8139
9 380 13 2.8459
9 381 1 0.1279
9 383 245 53.2989
10 0 18 3.6450
10 1 602 142.0096
10 2 512 123.0801
10 3 28 5.9663
10 4 29 5.4161
10 5 13 3.1556
10 6 6 1.1933
10 7 4211 1118.2818
10 8 285 63.0286
10 9 102 21.7708
10 10 2 0.3543
10 11 378 97.1096
10 12 27 5.1203
10 13 5 1.0818
10 14 57 10.2565
10 15 74 13.8347
10 16 22 3.8487
10 17 142 33.0115
10 18 1 0.1789
10 19 15 3.6319
10 20 140 25.3614
10 22 131 31.2226
10 23 377 78.9784
10 24 3 0.6984
10 25 1178 333.4044
10 26 40 7.7696
10 27 194 46.2068
10 29 6 1.3185
10 30 139 29.3024
10 31 7 1.2267
10 32 83 16.4851
10 33 41 9.7569
10 34 1396 312.6932
10 35 1575 368.7463
10 36 33 6.2509
10 37 30 6.2419
10 38 44 8.4668
10 39 276 64.8698
10 40 32 5.9613
10 41 1379 369.0386
10 42 592 121.9636
10 43 1 0.1346
10 44 612 159.9863
10 45 485 119.0812
10 47 237 54.7767
10 48 71 16.2545
10 49 1938 443.5637
10 50 244 52.9473
10 51 16 3.6646
10 52 57 13.1779
10 54 880 216.8534
10 56 217 45.3761
10 57 714 197.5078
10 58 2649 583.9530
10 59 547 135.8687
10 60 792 172.3349
10 61 52 9.6311
10 62 606 149.0211
10 63 30 6.4059
10 64 22 5.1526
10 65 14 2.7731
10 66 64 13.4094
10 67 306 72.5475
10 68 61 12.1112
10 69 1434 408.3850
10 70 160 40.6682
10 71 795 172.4469
10 72 1006 229.0420
10 74 253 52.6232
10 75 557 141.1179
10 76 31 6.1908
10 77 99 17.5951
10 78 216 42.9368
10 79 55 10.9471
10 80 306 68.9131
10 81 1 0.1694
10 82 22 3.7016
10 83 7 1.3347
10 84 168 43.3225
10 85 171 36.2246
10 86 38 7.3701
10 87 237 55.5267
10 88 5 0.9815
10 89 15 3.1797
10 90 24 4.5146
10 91 87 21.2774
10 92 1289 302.2684
10 93 1471 364.1721
10 94 361 89.4554
10 95 2986 851.1120
10 96 2200 640.6264
10 97 44 9.4686
10 98 45 8.8705
10 99 56 12.6132
10 100 30 6.0390
10 101 715 178.0660
10 102 63 13.5517
10 103 6 1.1371
10 104 130 26.5986
10 105 2 0.4511
10 106 33 6.1815
10 107 99 21.7236
10 108 81 16.0235
10 109 204 52.7352
10 110 23 4.5994
10 111 68 13.3055
10 112 2 0.3335
10 113 71 14.2399
10 114 61 12.5057
10 115 2 0.3982
10 117 37 8.2737
10 118 3 0.5305
10 119 11 2.1336
10 120 141 36.1430
10 121 127 24.9988
10 122 3 0.7251
10 123 49 13.1393
10 124 354 84.6756
10 125 120 28.1770
10 126 71 13.8877
10 127 708 207.6318
10 128 97 20.7548
10 129 111 20.7942
10 130 66 13.0795
10 131 3 0.5935
10 132 52 14.9180
10 133 7 1.6370
10 134 614 133.3266
10 135 4 0.7615
10 136 89 19.1993
10 137 17 3.5354
10 138 50 9.7127
10 139 2 0.5631
10 140 3765 970.0934
10 141 34 6.3708
10 142 187 49.3210
10 143 312 68.9066
10 144 6 1.0800
10 145 2211 552.4231
10 146 67 12.9658
10 147 1417 309.3427
10 148 408 107.6452
10 149 692 170.7363
10 150 4 0.9093
10 151 305 72.4177
10 152 150 32.5285
10 153 146 35.9684
10 154 268 62.7204
10 155 234 53.3571
10 156 64 13.2443
10 157 685 157.2292
10 158 103 25.4172
10 159 304 71.3900
10 160 84 16.2642
10 161 286 59.2960
10 162 4 0.8522
10 163 626 143.0491
10 164 46 8.3933
10 165 420 100.7640
10 166 289 74.1326
10 167 107 25.8383
10 168 94 20.0879
10 169 152 43.3058
10 170 881 227.4571
10 171 240 55.7240
10 172 29 5.3724
10 173 120 26.1484
10 174 10 1.7213
10 175 6 1.1858
10 176 4 0.8047
10 178 24 4.5390
10 179 1723 451.3096
10 180 11 2.3072
10 181 20 5.1337
10 182 1594 454.0966
10 183 24 5.0687
10 184 70 12.1632
10 185 21 4.4412
10 187 18 4.0687
10 188 1834 467.1609
10 189 1 0.2253
10 190 3 0.4751
10 191 42 7.8486
10 192 618 157.4934
10 193 152 31.5568
10 194 78 15.6888
10 196 50 10.2101
10 197 11 2.4227
10 198 18 3.4486
10 199 91 16.8069
10 200 82 15.7551
10 201 123 26.9314
10 202 67 12.4386
10 203 6 1.2092
10 204 29 5.6966
10 206 4 0.6791
10 207 105 20.8657
10 208 15 3.9973
10 209 159 38.4341
10 210 331 91.3286
10 211 10 1.7052
10 212 19 3.6370
10 213 78 15.8966
10 214 8 1.2841
10 215 17 3.4026
10 216 745 193.3235
10 218 47 9.7629
10 219 47 14.4569
10 220 87 16.8327
10 221 19 4.3884
10 222 46 8.1978
10 223 57 12.9802
10 224 267 46.3347
10 225 45 10.3265
10 226 10 2.0103
10 227 107 25.8584
10 228 31 5.7650
10 229 1001 226.5005
10 230 167 38.5501
10 231 9 1.8081
10 232 147 34.3712
10 233 152 34.6346
10 234 122 29.8695
10 235 40 8.6213
10 236 30 5.9133
10 237 2183 578.0852
10 238 321 75.6218
10 239 11 2.2697
10 240 16 2.9979
10 241 27 4.9224
10 242 39 8.1119
10 243 109 21.9059
10 244 18 4.3037
10 245 1038 263.1304
10 246 54 10.5816
10 247 40 7.9641
10 248 222 49.1306
10 249 13 2.8259
10 250 10 1.7207
10 251 267 60.2240
10 252 29 6.3942
10 253 164 35.3263
10 254 135 27.8105
10 255 892 230.0937
10 256 462 126.8760
10 257 504 134.0383
10 258 558 138.9397
10 259 22 4.0035
10 261 172 37.0186
10 262 39 10.3773
10 263 9938 2772.8332
10 264 102 24.7749
10 265 13 2.5764
10 266 371 108.3389
10 267 1242 309.4340
10 268 75 18.4816
10 269 586 121.8385
10 271 2607 655.9089
10 272 34 6.3940
10 273 495 114.1569
10 274 217 47.0373
10 275 36 7.0566
10 276 4 0.7808
10 277 427 100.5589
10 278 130 31.6954
10 279 482 127.6300
10 280 28 5.6376
10 281 8 1.5583
10 282 26 5.2312
10 283 46 9.3268
10 284 3598 1020.7006
10 285 5 1.2115
10 286 145 33.9952
10 287 96 23.3962
10 288 128 28.1973
10 289 148 26.6307
10 290 31 5.6890
10 291 121 24.5285
10 292 187 46.9052
10 293 74 12.6362
10 294 20 3.7704
10 295 149 33.3417
10 296 194 41.1592
10 297 1270 331.6214
10 298 117 26.5948
10 299 99 26.9540
10 300 125 24.5767
10 301 4 0.6876
10 302 568 154.8415
10 303 1627 338.9108
10 304 469 109.9057
10 305 711 167.1503
10 306 95 19.4696
10 307 2195 487.7181
10 308 51 11.2957
10 309 142 26.3130
10 310 213 40.4704
10 311 40 7.6679
10 312 37 7.9325
10 313 5 1.0392
10 314 84 17.1536
10 315 86 16.8683
10 316 96 17.4112
10 317 570 129.9449
10 318 320 86.3220
10 319 3 0.7053
10 320 1163 275.7438
10 321 263 60.7871
10 322 25 6.7280
10 323 130 25.7613
10 324 1116 251.3995
10 325 21 3.9265
10 326 111 27.2774
10 327 7 1.5504
10 328 4 0.8799
10 329 41 9.0076
10 330 488 117.9678
10 331 73 14.0878
10 332 1 0.2424
10 333 54 11.1325
10 334 53 11.6727
10 335 52 13.3485
10 336 3282 930.4838
10 337 297 67.2183
10 338 2170 564.3715
10 339 4705 1292.9285
10 340 4295 1054.6427
10 341 507 119.1799
10 342 42 11.4936
10 343 3146 791.1131
10 344 149 41.5097
10 345 24 4.1599
10 346 863 212.9973
10 347 35 8.0574
10 348 19 3.5461
10 349 225 50.2781
10 350 58 13.5395
10 351 4 0.9000
10 352 82 19.0727
10 353 316 77.3076
10 354 39 6.9472
10 355 87 17.9563
10 356 44 9.9904
10 357 2 0.4751
10 358 24 4.6337
10 359 12 2.6964
10 361 271 56.2155
10 362 263 69.3638
10 363 28 5.3206
10 364 229 53.5869
10 365 198 40.9691
10 367 5 0.9143
10 368 13 2.2846
10 369 71 14.2034
10 370 55 12.5124
10 371 208 41.6901
10 372 54 13.6683
10 373 147 32.7037
10 374 500 135.0502
10 375 2566 670.4524
10 376 147 35.8110
10 377 2280 591.5779
10 378 410 101.4668
10 379 41 10.3648
10 380 165 37.9107
10 381 41 9.5456
10 382 10 2.3983
10 383 113 20.9786
11 0 788 235.9746
11 2 39 7.8950
11 3 6 1.1044
11 4 93 19.9338
11 5 553 122.6879
11 6 77 15.3732
11 7 241 61.4908
11 8 29 6.2195
11 9 457 101.1911
11 10 102 21.2779
11 11 348 82.9459
11 13 1887 518.8222
11 14 380 78.4245
11 15 186 44.3169
11 16 236 55.0053
11 17 192 43.9391
11 18 223 44.2995
11 19 145 31.9000
11 20 365 94.5352
11 21 142 32.9032
11 22 239 65.2375
11 23 14 2.8134
11 24 123 36.7441
11 25 123 32.9533
11 26 1141 259.4416
11 27 388 94.5950
11 28 254 60.2110
11 29 12 2.1767
11 30 147 29.6395
11 31 12 2.4445
11 32 344 80.4447
11 33 25 6.2929
11 34 400 92.3489
11 35 1974 433.7979
11 36 1621 428.6320
11 37 4 0.9317
11 38 5 1.2623
11 39 35 8.1008
11 40 9 1.7516
11 41 258 58.6338
11 43 89 21.2952
11 44 41 8.1589
11 45 14 2.7382
11 46 985 236.0481
11 47 76 18.0232
11 48 742 193.5658
11 49 66 13.9245
11 50 2816 695.8747
11 51 18 3.1145
11 52 585 138.3987
11 54 34 6.4055
11 55 31 5.7200
11 56 220 48.3681
11 58 2 0.3415
11 59 13 2.7577
11 60 1072 261.0783
11 61 2 0.3580
11 62 3 0.6686
11 63 82 15.2468
11 64 1255 298.4716
11 65 1041 256.6526
11 66 1694 404.7066
11 67 24 4.4657
11 68 94 17.7204
11 69 16 2.9088
11 70 319 84.0808
11 71 34 5.9454
11 72 24 5.9523
11 73 740 168.0311
11 74 22 4.2024
11 75 1 0.1768
11 76 39 8.2673
11 77 1561 347.5035
11 78 2 0.3854
11 79 143 31.5632
11 80 40 8.2144
11 81 181 39.8646
11 82 105 23.7856
11 83 108 29.0849
11 84 130 24.9779
11 85 16 3.1529
11 86 35 6.3333
11 87 39 7.8006
11 88 126 24.9881
11 89 18 3.4412
11 90 304 70.9190
11 91 4 0.8800
11 92 105 22.6757
11 93 32 6.3997
11 94 206 52.1036
11 95 15 2.8074
11 96 226 60.4484
11 97 112 21.5960
11 98 2508 710.8105
11 99 698 163.1129
11 100 24 4.4034
11 101 223 50.6998
11 102 2756 732.6051
11 103 35 6.9410
11 104 7 1.2380
11 105 519 116.8514
11 106 10 1.8854
11 108 245 48.4247
11 109 1600 497.9581
11 110 34 6.3017
11 111 1027 274.5032
11 112 26 5.4865
11 113 28 5.3053
11 114 774 183.4927
11 116 120 28.9586
11 117 20 3.8117
11 118 23 4.5887
11 119 451 107.5837
11 120 96 17.8457
11 121 364 77.0241
11 122 86 18.0835
11 123 11 1.9948
11 124 165 34.6688
11 125 261 52.9597
11 126 327 77.8618
11 127 9 1.6453
11 128 292 64.9871
11 129 84 16.2745
11 130 76 15.9254
11 131 136 29.9480
11 132 26 5.6499
11 133 8 1.6930
11 135 48 8.2649
11 136 13 2.4721
11 137 1 0.2122
11 138 112 19.0566
11 139 7 1.1666
11 140 129 34.9226
11 141 259 56.6994
11 142 166 38.2871
11 143 124 27.2041
11 144 87 17.6743
11 145 1 0.1909
11 146 15 3.7033
11 147 2897 807.7526
11 148 577 132.2153
11 149 9 1.9959
11 150 48 9.8618
11 151 24 4.5618
11 152 37 7.8680
11 153 3 0.5962
11 154 393 80.2714
11 155 68 14.5038
11 156 33 6.4648
11 158 19 3.3129
11 160 53 9.8235
11 161 23 4.1759
11 162 85 19.6881
11 163 24 4.8481
11 164 127 29.5306
11 165 376 70.4356
11 166 511 122.5244
11 167 67 17.7547
11 168 106 22.7495
11 169 8 1.5425
11 170 395 89.0390
11 171 291 72.3286
11 172 236 51.8784
11 173 101 24.2446
11 174 100 21.2009
11 175 2494 610.9514
11 176 103 20.0869
11 177 4 0.8123
11 178 2 0.3348
11 179 77 14.9930
11 180 2432 613.1132
11 181 58 16.2769
11 182 62 12.5535
11 183 8 1.5490
11 184 98 19.6347
11 185 23 4.6214
11 186 12 2.4525
11 187 15 3.4091
11 188 6 1.2510
11 189 3661 955.9293
11 190 43 8.5684
11 191 61 13.6850
11 192 259 60.2019
11 194 60 11.6934
11 195 491 126.8714
11 196 38 7.7637
11 197 11 1.9695
11 198 1900 444.0620
11 200 32 9.3025
11 201 68 14.5754
11 202 2 0.4526
11 203 732 182.8125
11 204 2 0.3391
11 205 52 11.1713
11 206 17 3.1993
11 207 60 14.4736
11 208 680 180.2676
11 209 1489 358.8956
11 210 12 2.3125
11 211 27 5.7951
11 212 547 141.9503
11 213 37 7.6213
11 214 150 25.8201
11 215 600 141.3840
11 216 357 79.8846
11 217 38 7.5178
11 218 37 7.8746
11 219 1 0.2117
11 220 419 101.6746
11 221 2664 651.7345
11 222 7 1.2695
11 223 27 5.6848
11 224 708 178.6582
11 225 1643 444.8249
11 226 743 184.4878
11 227 2955 805.8981
11 229 8 1.7422
11 230 827 197.4998
11 231 1754 410.8747
11 232 32 6.9961
11 233 331 81.6612
11 234 51 9.4659
11 235 121 25.7027
11 236 163 33.3439
11 237 251 59.5572
11 239 38 8.6109
11 240 15 2.7038
11 241 49 8.9939
11 242 253 65.4661
11 243 212 55.8156
11 244 22 4.1517
11 245 54 11.6243
11 246 27 5.0639
11 247 436 94.7605
11 248 39 8.5674
11 249 28 6.6962
11 250 46 8.7431
11 251 6 1.3983
11 252 119 33.7117
11 253 82 19.3218
11 254 105 25.0094
11 255 1483 356.2803
11 256 101 23.2439
11 257 36 6.8823
11 258 16 3.4969
11 259 1867 454.0293
11 260 76 16.2594
11 261 113 30.3499
11 262 495 108.8656
11 263 10 3.1181
11 264 28 5.2209
11 265 38 8.5678
11 266 56 12.7633
11 267 5 0.8338
11 268 7 1.6443
11 269 51 9.9333
11 270 82 17.0994
11 271 1293 268.9660
11 273 774 230.9605
11 274 8 1.9073
11 275 100 27.9408
11 276 5 1.1332
11 277 127 24.4361
11 278 195 44.7775
11 279 67 15.9314
11 280 307 80.7708
11 281 73 12.8917
11 282 44 8.6761
11 283 11 2.6585
11 284 192 47.2800
11 285 23 6.1234
11 286 831 171.4800
11 287 63 13.4959
11 288 580 130.5630
11 289 71 16.8517
11 290 248 54.9578
11 291 17 3.4109
11 292 63 12.5532
11 293 1 0.2104
11 294 2915 728.5586
11 295 84 23.7601
11 296 2 0.4247
11 297 310 79.2007
11 298 98 23.7766
11 299 1 0.2019
11 301 32 6.0680
11 302 827 215.5289
11 303 34 6.4266
11 304 3984 1036.7920
11 305 22 4.1869
11 306 857 187.2637
11 307 155 35.7309
11 308 959 243.4558
11 309 208 50.6177
11 310 14 3.3050
11 311 11 2.0499
11 312 1 0.2641
11 313 768 196.9622
11 314 1127 232.2390
11 315 437 111.9128
11 316 15 2.6511
11 317 81 16.7469
11 318 6 1.2328
11 319 542 117.2596
11 320 410 101.3223
11 321 875 205.8510
11 322 4 0.8062
11 323 123 24.7999
11 324 26 5.1794
11 325 45 11.9348
11 326 534 112.2746
11 327 88 23.2460
11 328 896 218.9801
11 329 152 40.1944
11 330 36 7.6211
11 331 39 7.2952
11 332 1519 432.5467
11 333 1 0.1837
11 334 10 2.3299
11 335 10 1.9286
11 336 23 4.1713
11 337 419 108.2081
11 338 772 163.1063
11 339 209 42.5504
11 340 3 0.6310
11 341 36 7.5861
11 343 1356 372.4545
11 344 102 19.5579
11 345 7758 2271.6105
11 346 1096 276.7009
11 347 27 5.4669
11 348 30 7.9697
11 349 3982 1088.7500
11 351 265 57.6332
11 353 153 36.7328
11 354 4 0.8574
11 355 1062 244.9138
11 356 553 142.7383
11 357 179 41.3913
11 358 4 0.6756
11 359 1152 282.7723
11 360 15 2.8248
11 361 6 1.2539
11 362 92 16.6201
11 363 466 121.6217
11 365 192 42.4091
11 366 44 8.0742
11 367 14 3.4242
11 368 8 1.4726
11 369 5091 1330.9378
11 370 86 20.5681
11 371 117 24.0681
11 373 9 1.6117
11 374 119 27.7854
11 375 232 49.9459
11 376 39 8.1470
11 377 34 6.6137
11 378 138 26.6879
11 379 3703 1023.7441
11 380 24 4.7267
11 381 48 8.8965
11 382 43 10.7556
11 383 2 0.4088
12 0 184 47.2896
12 1 26 5.9199
12 2 4 0.8209
12 3 16 2.9211
12 4 33 6.6731
12 5 3899 947.9516
12 6 163 41.2574
12 7 36 9.3652
12 8 88 19.8015
12 9 82 16.1063
12 10 45 10.6460
12 11 441 105.6849
12 12 702 176.4369
12 13 68 14.8739
12 14 103 25.1184
12 16 1445 356.0992
12 17 194 40.0024
12 18 1638 441.7887
12 19 48 8.8485
12 20 268 69.2757
12 21 51 11.1169
12 22 10 1.8257
12 23 137 30.1126
12 24 8 1.3797
12 25 607 131.6152
12 26 27 4.7756
12 27 410 108.8448
12 28 3 0.6845
12 29 60 14.2217
12 30 21 5.0627
12 31 21 4.2943
12 32 586 150.3694
12 33 264 66.7047
12 34 942 197.7202
12 35 235 55.5436
12 36 12 3.5175
12 37 15 3.3749
12 38 91 18.1081
12 39 126 29.0662
12 40 135 32.3592
12 41 163 38.3417
12 42 1670 486.5742
12 43 6 1.2173
12 44 195 50.2361
12 45 83 16.9807
12 46 179 39.5687
12 47 88 17.5052
12 48 228 45.4140
12 49 11 2.5007
12 50 27 5.1199
12 51 21 4.8046
12 52 19 3.6832
12 53 588 151.5822
12 54 123 28.7858
12 55 309 73.4488
12 56 2 0.4236
12 57 152 35.0233
12 58 2079 533.5153
12 59 221 46.6574
12 60 99 17.2230
12 61 5 1.0419
12 62 1457 362.2878
12 63 45 8.7418
12 64 152 40.4769
12 65 5 1.0896
12 66 128 29.0874
12 67 3474 919.7576
12 68 1 0.1407
12 69 643 161.1967
12 70 24 4.5652
12 71 211 51.4968
12 72 19 4.4659
12 73 10 2.1274
12 74 80 16.9617
12 75 86 22.0250
12 76 29 5.6318
12 77 3118 860.2565
12 78 50 10.1102
12 79 8 1.7440
12 81 20 3.7757
12 82 28 5.3644
12 83 158 38.3174
12 84 9 1.7472
12 85 62 13.6527
12 86 239 56.2084
12 87 768 195.1194
12 88 1592 493.0549
12 89 48 9.9092
12 90 3738 1082.5149
12 91 33 7.0424
12 92 14 3.0159
12 93 37 8.9533
12 94 18 5.2541
12 95 611 133.6332
12 96 95 22.4395
12 97 117 22.7768
12 98 8 1.7638
12 99 93 17.2435
12 100 455 124.1998
12 101 72 18.6879
12 102 1391 327.8670
12 103 93 20.9417
12 104 17 3.1990
12 105 1075 271.5077
12 106 138 32.6526
12 107 70 13.6186
12 109 403 123.0941
12 110 215 44.7229
12 111 138 37.4635
12 112 11 2.7146
12 113 78 16.6274
12 114 19 4.0886
12 115 73 16.2351
12 116 587 131.8388
12 117 8 1.4976
12 118 344 86.4737
12 119 154 31.4141
12 120 410 80.4058
12 121 9 1.9109
12 122 150 41.9743
12 123 1214 308.2822
12 124 577 128.5565
12 125 190 41.1694
12 126 1549 366.2822
12 127 525 128.3168
12 128 31 7.3589
12 129 41 10.6252
12 130 5 0.8980
12 131 57 13.4877
12 132 61 12.9532
12 133 90 20.6520
12 134 2089 539.6482
12 135 20 3.5997
12 136 74 13.7357
12 137 1170 291.5672
12 138 855 222.4955
12 139 2349 574.9245
12 140 144 29.6902
12 141 1038 267.7224
12 142 122 22.2909
12 143 2 0.4689
12 144 75 13.6696
12 145 145 27.5074
12 146 47 9.5055
12 147 33 6.5260
12 148 5 1.1134
12 149 33 6.3034
12 150 219 53.9210
12 151 1196 330.4240
12 152 129 24.8376
12 153 2 0.3083
12 154 26 6.0534
12 155 2641 657.4601
12 156 116 23.4973
12 157 67 13.4100
12 158 175 42.8657
12 159 705 144.9846
12 160 13 2.8209
12 161 146 31.7942
12 163 9 1.8733
12 165 2825 707.4333
12 166 16 2.8584
12 167 65 17.9689
12 168 83 21.9229
12 169 1526 368.5097
12 170 18 3.5042
12 171 486 101.2937
12 172 25 4.8205
12 173 164 37.1089
12 174 778 187.6834
12 175 374 84.2442
12 176 447 110.0635
12 177 10 2.2231
12 178 4 0.8385
12 179 105 21.9796
12 180 2081 476.2283
12 181 20 5.2428
12 182 435 102.3263
12 183 206 41.6113
12 184 2 0.4062
12 185 41 9.8778
12 186 222 49.1580
12 187 18 4.9365
12 188 9 1.8491
12 189 2299 604.5933
12 190 2 0.4433
12 191 107 19.9031
12 192 175 44.5026
12 193 52 10.3751
12 194 114 26.7557
12 195 897 201.3462
12 196 781 192.2222
12 197 10 1.8655
12 198 1936 472.0220
12 199 25 4.6015
12 200 2001 547.9936
12 201 95 16.9511
12 202 244 53.5977
12 203 4 0.7401
12 204 26 4.8853
12 205 38 7.8489
12 206 41 10.1704
12 207 1898 439.9933
12 208 2591 719.1130
12 209 271 67.9592
12 210 417 93.3221
12 211 175 34.5701
12 212 399 123.9710
12 213 148 29.6864
12 214 26 4.9056
12 215 146 33.7754
12 216 139 28.5394
12 217 297 70.3148
12 218 254 63.2898
12 219 141 30.4992
12 220 1 0.2099
12 221 3046 904.5813
12 222 56 12.5795
12 223 349 88.3419
12 224 9 2.0058
12 225 53 12.2418
12 226 6 0.9875
12 227 253 50.0608
12 228 39 9.1570
12 229 113 28.7337
12 230 79 18.7184
12 231 81 20.9711
12 232 18 3.6077
12 233 41 10.3691
12 234 10 1.7086
12 235 275 63.3554
12 236 332 78.6968
12 237 126 23.7985
12 238 49 9.6177
12 239 220 50.3483
12 240 525 121.6642
12 241 2 0.5635
12 242 43 8.4388
12 243 540 115.6973
12 245 33 6.4979
12 246 1238 301.7356
12 247 139 30.1409
12 248 69 17.4092
12 249 672 161.7815
12 250 5 0.9637
12 251 162 40.0898
12 252 143 31.8167
12 253 44 10.7761
12 254 50 11.2173
12 255 688 159.5207
12 256 15 2.9869
12 257 35 6.7599
12 258 57 12.0096
12 259 25 4.6684
12 260 16 3.0653
12 261 840 195.8985
12 262 359 77.4542
12 263 191 47.8140
12 264 6 1.0873
12 265 620 147.1618
12 266 265 56.8677
12 267 184 48.9783
12 268 58 11.5286
12 269 96 21.7098
12 270 70 14.1127
12 271 361 79.1025
12 272 761 193.3145
12 273 40 9.8174
12 274 11 1.9065
12 275 18 4.6260
12 276 43 7.8499
12 277 195 35.6515
12 278 1166 308.5052
12 279 1002 286.6640
12 280 2637 691.9563
12 281 2 0.4672
12 282 9 2.3704
12 283 389 102.4811
12 284 1161 301.5565
12 285 155 27.4391
12 286 3 0.7117
12 287 917 243.5403
12 288 28 5.0415
12 289 52 12.6106
12 290 18 4.4770
12 291 204 42.0744
12 292 142 30.9497
12 293 656 144.9513
12 294 97 21.8623
12 295 807 214.3587
12 296 3 0.7305
12 297 9 2.0510
12 298 166 41.0823
12 299 52 11.0898
12 300 266 59.8456
12 301 42 7.4322
12 302 106 27.4075
12 303 12 2.5876
12 304 24 4.8579
12 305 3 0.5871
12 306 4303 1188.4326
12 307 181 45.3528
12 308 1511 395.2601
12 309 1 0.1711
12 310 61 12.6157
12 311 1289 343.0237
12 312 404 94.2376
12 313 5 0.9917
12 314 488 111.0238
12 315 5 1.0743
12 316 2195 511.3712
12 317 277 60.0120
12 318 67 13.3077
12 319 375 88.9301
12 320 35 7.7473
12 321 35 8.9790
12 322 75 16.1694
12 323 14 2.7742
12 324 163 34.5983
12 325 3 0.5263
12 326 198 38.2201
12 327 28 7.0503
12 328 435 102.9762
12 329 1623 387.7305
12 330 60 11.3792
12 331 610 154.4891
12 332 149 35.5685
12 333 156 34.5872
12 334 337 69.3125
12 335 223 61.8129
12 336 71 15.8185
12 337 548 134.9789
12 338 320 73.7908
12 339 654 181.5354
12 340 1471 336.6419
12 341 7 1.1929
12 342 7 1.4226
12 343 97 20.6893
12 344 6 1.2446
12 345 847 232.0404
12 346 6 0.8812
12 347 4 0.8985
12 348 106 22.8104
12 349 1518 367.9414
12 350 371 86.6561
12 351 5 1.0480
12 352 1 0.2441
12 353 21 4.0546
12 354 100 26.9721
12 355 17 3.6117
12 356 6 1.4808
12 357 61 13.3451
12 358 856 191.1550
12 359 11 2.2242
12 360 35 6.9329
12 361 38 8.0656
12 362 283 67.5196
12 363 26 4.4805
12 364 32 6.2395
12 366 751 187.4811
12 367 131 25.2509
12 368 14 2.8584
12 369 235 67.9063
12 370 28 5.8332
12 371 77 15.2828
12 372 317 64.0323
12 373 16 3.2426
12 374 29 5.3534
12 375 3 0.6684
12 376 120 25.6541
12 377 13 2.8132
12 379 1448 376.5891
12 380 93 22.1394
12 381 1923 524.7938
12 382 88 20.3462
12 383 212 41.8359
13 0 166 38.6187
13 1 824 257.2955
13 2 35 10.6462
13 3 57 11.7410
13 4 747 180.1663
13 5 124 30.1165
13 6 2920 799.9278
13 7 5 0.8413
13 8 154 37.8457
13 9 236 53.6330
13 10 3059 730.4826
13 11 234 63.8200
13 12 891 197.3179
13 13 235 54.8007
13 14 9 1.8415
13 15 1818 432.1435
13 16 69 12.7990
13 17 21 3.7754
13 18 326 80.8653
13 19 289 73.5912
13 20 177 44.4451
13 21 94 22.2261
13 22 26 5.1264
13 23 209 60.9796
13 24 87 25.6384
13 25 18 3.0344
13 26 207 52.7355
13 27 84 18.2106
13 28 83 17.8093
13 29 142 32.7362
13 30 56 10.9191
13 31 80 16.2292
13 32 68 13.9649
13 33 126 34.3407
13 34 2134 541.9189
13 35 83 17.8795
13 36 642 151.9586
13 37 82 17.2218
13 38 33 7.5984
13 39 246 59.6974
13 40 126 39.4795
13 41 319 78.9688
13 42 87 22.6297
13 43 82 18.0604
13 44 906 237.9463
13 45 506 113.5921
13 46 949 254.1699
13 47 167 38.6826
13 48 35 7.3870
13 49 395 87.1482
13 50 242 74.8128
13 51 23 6.4124
13 52 23 3.9325
13 53 111 23.5105
13 54 1694 431.5692
13 55 50 10.2090
13 56 61 14.2088
13 57 2970 807.0800
13 58 283 71.3622
13 59 45 9.9335
13 60 183 48.1155
13 61 378 81.7047
13 62 8 1.4518
13 63 1230 262.5982
13 64 205 49.4044
13 66 59 17.9362
13 67 18 4.2731
13 68 17 3.2460
13 69 494 127.6144
13 70 131 26.6364
13 71 5619 1324.1816
13 72 18 3.4829
13 73 384 87.1598
13 74 31 6.5034
13 75 72 15.3896
13 76 337 78.7781
13 77 86 20.4003
13 78 453 123.1119
13 79 93 19.3203
13 80 5 0.8544
13 81 18 3.2357
13 82 64 21.9042
13 83 282 52.1716
13 84 21 4.3988
13 85 8 1.5361
13 86 175 47.8091
13 87 107 30.8712
13 88 289 69.3086
13 89 580 134.9598
13 90 108 21.6296
13 91 80 19.3373
13 92 2870 747.7156
13 93 55 10.7312
13 94 1566 379.6279
13 95 210 44.2721
13 96 68 13.5871
13 97 232 45.3756
13 98 140 34.4674
13 99 235 53.3201
13 100 2 0.3408
13 101 20 4.2967
13 102 47 9.4368
13 103 63 11.4526
13 104 2462 597.9916
13 105 416 97.7158
13 106 39 9.3370
13 107 7 1.2263
13 108 28 5.5535
13 109 1053 292.5904
13 110 65 14.4814
13 111 58 14.6357
13 112 146 37.8660
13 113 13 3.0791
13 114 1965 500.2397
13 115 1539 417.0597
13 116 160 30.1141
13 117 6 1.3611
13 118 26 4.7517
13 120 502 124.4261
13 121 255 55.3636
13 122 50 11.2681
13 123 52 12.5518
13 124 186 41.3234
13 125 28 5.8566
13 126 76 18.9398
13 127 330 82.5148
13 128 735 175.0060
13 129 64 13.1912
13 130 17 3.1085
13 131 21 4.5733
13 132 3477 1009.9266
13 133 5 1.0091
13 134 34 6.3732
13 135 3 0.5589
13 136 558 113.4707
13 137 284 73.4773
13 138 14 2.6906
13 139 25 4.8641
13 140 15 2.7492
13 141 187 43.9490
13 142 217 44.4986
13 143 516 196.8475
13 144 24 4.4203
13 145 64 12.9338
13 146 32 6.6071
13 147 11 2.3458
13 148 112 27.2662
13 149 76 17.4694
13 150 277 68.7777
13 151 158 36.6687
13 152 90 19.2061
13 153 46 9.8380
13 154 178 43.6352
13 155 26 5.4011
13 156 34 6.3800
13 157 6309 1498.7227
13 158 1 0.0592
13 159 1796 476.9055
13 160 406 91.2070
13 161 403 82.8660
13 162 128 23.4407
13 163 12 2.4256
13 164 18 4.6079
13 165 175 35.8737
13 166 65 16.3680
13 167 154 34.4840
13 168 267 61.3194
13 169 53 15.8793
13 170 129 23.8528
13 171 17 3.1742
13 172 231 48.7243
13 173 4 0.7368
13 174 34 8.2362
13 175 94 21.0941
13 176 551 121.1765
13 177 399 90.6720
13 178 798 172.6820
13 179 119 23.5376
13 180 481 124.5343
13 181 35 7.0109
13 182 30 9.6382
13 184 104 21.1995
13 185 23 4.1030
13 186 3 0.5835
13 187 767 187.2506
13 188 2120 467.8240
13 189 97 17.7120
13 190 152 43.3085
13 191 43 9.7040
13 192 410 109.2721
13 193 702 239.4479
13 194 22 4.6870
13 195 1382 328.5251
13 196 2 0.2526
13 197 177 38.6864
13 198 33 8.1474
13 199 488 126.2950
13 200 58 11.5991
13 201 400 98.1341
13 202 81 17.6803
13 203 556 134.4568
13 204 52 12.7465
13 205 988 243.3710
13 206 716 174.4104
13 207 789 191.9356
13 208 57 11.1917
13 209 57 12.3158
13 210 1495 405.7243
13 211 64 13.1596
13 212 178 52.6306
13 213 6 1.0747
13 214 85 17.3279
13 215 483 111.4281
13 216 67 13.6700
13 217 10 3.0601
13 218 571 115.3646
13 219 574 116.0268
13 220 494 133.7800
13 221 88 19.8839
13 222 33 8.7340
13 223 295 67.0916
13 224 70 15.0226
13 225 270 61.2537
13 226 82 20.3992
13 227 35 6.8408
13 228 43 8.1566
13 229 36 6.4697
13 230 1445 508.3982
13 231 25 4.2522
13 232 233 60.5430
13 233 5 0.9823
13 234 18 4.1932
13 235 647 173.7419
13 236 9 1.9648
13 237 160 37.7326
13 238 46 8.7839
13 239 2 0.3604
13 240 6 1.1729
13 241 30 6.1926
13 242 38 6.5268
13 243 1837 468.1061
13 244 22 4.5380
13 245 252 53.4318
13 246 530 112.3821
13 247 64 13.8380
13 248 2391 576.5226
13 249 1021 320.3059
13 250 4 0.9635
13 251 1205 325.3085
13 252 108 21.8112
13 253 124 30.6857
13 254 408 88.7044
13 255 61 14.4192
13 256 83 15.2162
13 257 6 0.9569
13 258 585 119.9041
13 259 445 93.9845
13 260 525 124.0477
13 261 130 29.0776
13 262 54 10.6772
13 263 565 121.5920
13 264 250 49.4338
13 265 105 19.4938
13 266 297 101.3184
13 267 36 7.8563
13 268 4 0.8423
13 269 602 139.8454
13 270 31 5.9133
13 271 513 140.3093
13 272 2562 658.0639
13 273 34 7.4757
13 274 113 28.9237
13 275 2 0.3976
13 276 40 7.7112
13 277 2 0.4156
13 278 122 28.3434
13 279 1740 466.7939
13 280 1438 367.5508
13 281 1479 442.1998
13 282 11 2.0357
13 283 36 8.8604
13 284 7 1.5598
13 285 1889 503.4872
13 286 89 25.3989
13 287 428 116.3955
13 288 18 5.0949
13 289 3 0.5539
13 290 86 18.9355
13 291 33 6.1788
13 292 26 6.7896
13 293 809 205.7899
13 294 53 10.5723
13 295 105 24.2462
13 296 5 1.0660
13 297 225 55.8679
13 298 328 77.3472
13 299 45 8.5626
13 300 41 8.4210
13 301 20 4.2052
13 302 1 0.2186
13 303 138 32.6134
13 304 35 7.4168
13 305 137 30.9253
13 306 391 87.6685
13 307 9 1.7935
13 308 29 5.3453
13 309 302 77.8086
13 310 1230 349.5151
13 311 366 90.8213
13 312 53 12.1410
13 313 170 41.7159
13 314 483 124.0670
13 315 647 145.2258
13 316 728 175.7178
13 317 1 0.2024
13 318 3477 863.2785
13 319 52 8.9810
13 320 7 1.7110
13 321 4 0.7835
13 322 1407 292.0656
13 323 61 13.9220
13 324 743 180.9657
13 325 9 1.8344
13 326 1164 318.2278
13 327 129 31.9894
13 328 116 22.8769
13 329 31 6.0800
13 330 7 1.4175
13 331 119 22.3043
13 332 28 5.3345
13 333 140 31.9489
13 334 18 2.9439
13 335 456 106.6802
13 336 2741 839.3259
13 337 41 9.9119
13 338 177 48.0945
13 339 44 8.4891
13 340 358 78.0404
13 341 29 5.1812
13 342 300 60.4857
13 343 1 0.1591
13 344 193 50.1744
13 345 1441 371.7386
13 346 45 10.8528
13 347 49 11.6177
13 348 49 12.3944
13 349 6 1.2734
13 350 7 1.2907
13 351 37 7.0744
13 352 100 22.4546
13 353 571 159.3224
13 354 11 1.8211
13 355 98 20.1993
13 356 120 26.9753
13 357 99 20.5640
13 358 124 26.9155
13 359 248 56.2135
13 360 1297 320.8805
13 361 609 135.1900
13 362 4 0.7053
13 363 483 130.1733
13 364 112 24.1002
13 365 11 2.0769
13 366 318 69.0568
13 367 145 36.2787
13 368 207 42.5382
13 369 85 21.1857
13 370 153 33.2871
13 371 122 34.3662
13 372 118 36.9753
13 373 53 10.4226
13 374 213 47.2417
13 375 42 7.4765
13 376 286 61.2589
13 377 135 32.0067
13 378 6 1.3365
13 380 18 4.7600
13 381 64 19.5503
13 382 2 0.3837
13 383 45 8.3662
14 0 52 13.6196
14 1 62 14.8415
14 2 694 166.2960
14 3 3253 846.6083
14 4 1 0.1399
14 5 354 83.6888
14 6 357 90.1007
14 7 1 0.1187
14 8 4 0.7075
14 9 16 2.8205
14 10 352 80.8177
14 11 113 28.9847
14 12 12 2.1724
14 13 37 7.2366
14 14 243 51.4934
14 16 1385 366.7510
14 17 624 140.3690
14 18 1508 367.0108
14 19 138 24.4955
14 20 59 13.4225
14 21 4 1.0120
14 22 25 7.6931
14 23 117 25.8226
14 24 21 4.1275
14 25 101 27.2178
14 26 1727 425.8026
14 27 588 126.1170
14 28 479 111.6972
14 29 105 26.1015
14 30 756 182.5664
14 31 3504 997.7813
14 32 35 8.6777
14 33 81 16.9899
14 34 16 2.7148
14 35 27 5.3760
14 36 305 60.9617
14 37 1107 287.7857
14 38 5 1.1100
14 39 5 1.1138
14 40 46 10.2236
14 41 52 9.2406
14 42 39 7.2499
14 43 830 210.1038
14 44 16 2.7541
14 45 1028 253.0140
14 46 80 19.0211
14 47 39 8.1427
14 48 1722 418.6893
14 49 43 7.5734
14 50 20 3.7763
14 51 1475 368.1254
14 52 9 1.9067
14 53 1 0.1717
14 55 1 0.2121
14 56 23 5.6985
14 57 1464 327.8577
14 58 114 27.9085
14 59 46 10.3384
14 60 75 13.8566
14 61 81 21.3568
14 62 111 20.3897
14 63 242 63.2528
14 64 1031 202.8664
14 65 10 2.2289
14 66 6 1.5251
14 67 2269 603.2308
14 68 4 0.9469
14 69 55 10.3787
14 70 37 8.3286
14 71 339 70.6304
14 72 19 4.5936
14 73 112 24.2090
14 74 267 61.7257
14 75 6 1.2687
14 76 227 46.7301
14 77 380 92.2428
14 78 37 7.9591
14 79 191 30.5787
14 80 15 3.2482
14 81 22 4.2704
14 82 10 1.8867
14 83 147 35.0923
14 84 2093 584.4932
14 85 271 78.2839
14 86 25 4.5446
14 87 27 5.8556
14 88 76 18.8251
14 89 11 2.4693
14 90 138 35.1498
14 91 109 20.0120
14 92 107 26.2072
14 93 500 132.0048
14 94 24 5.8123
14 95 14 2.9101
14 96 504 144.3159
14 97 52 11.4122
14 98 221 49.6537
14 99 871 190.4148
14 100 15 4.0943
14 102 15 3.5020
14 103 780 195.7103
14 104 98 19.5341
14 106 64 12.6270
14 107 43 8.8999
14 108 86 17.1170
14 109 233 53.5216
14 110 12 2.3745
14 111 2 0.3252
14 112 3 0.5905
14 113 70 16.9432
14 114 8 3.1432
14 115 1 0.1420
14 116 8 1.8022
14 117 30 5.7901
14 118 42 8.2710
14 119 39 6.7671
14 120 3 0.5768
14 121 39 7.2388
14 122 532 124.6151
14 123 44 8.2424
14 124 6 1.2121
14 125 22 3.8900
14 126 92 21.0409
14 127 43 10.1774
14 128 214 45.9638
14 129 380 87.1969
14 130 38 7.4835
14 131 11 1.7100
14 132 24 5.1600
14 133 4 0.6459
14 134 114 26.9113
14 135 7993 1952.8185
14 136 20 3.5824
14 137 24 4.6980
14 138 36 7.4224
14 139 1248 280.1716
14 140 30 4.9975
14 141 6 1.2899
14 142 76 17.4360
14 144 24 4.0086
14 145 309 71.9293
14 146 461 96.2923
14 147 54 12.1912
14 148 35 7.0153
14 149 108 24.5944
14 151 172 39.6885
14 152 17 3.4483
14 153 116 30.2920
14 154 6 1.1428
14 155 79 17.4838
14 156 3 0.6361
14 157 480 100.8160
14 158 158 35.1473
14 159 179 38.4547
14 160 25 5.7527
14 161 100 20.8764
14 162 1721 406.8426
14 163 24 5.1749
14 164 2 0.3924
14 165 3694 957.0483
14 166 23 4.2997
14 167 115 26.8634
14 168 19 4.3372
14 169 22 6.5573
14 170 1513 414.4680
14 171 375 126.0848
14 172 1963 544.6511
14 173 492 116.3759
14 174 8 1.7545
14 175 6 1.1474
14 176 6 1.1882
14 177 4 0.8897
14 179 662 169.0399
14 180 74 16.4208
14 181 16 3.2214
14 182 3 0.6713
14 183 224 54.3807
14 184 3 0.5741
14 185 61 11.2491
14 186 24 4.2735
14 187 16 2.6880
14 188 2 0.6509
14 189 582 131.5142
14 190 131 30.5041
14 191 33 6.0083
14 192 46 9.7096
14 193 1804 446.5458
14 194 19 3.7286
14 195 135 29.2245
14 196 60 11.2021
14 197 454 105.8281
14 198 22 3.6727
14 199 42 8.4178
14 200 50 9.9632
14 201 1241 311.5475
14 202 18 4.6855
14 203 315 65.7923
14 204 845 193.6684
14 205 14 2.4390
14 206 28 5.8634
14 207 90 16.6415
14 208 2 0.3323
14 209 381 93.5247
14 210 503 102.7029
14 211 11 2.4333
14 212 3688 1170.9052
14 213 934 217.0163
14 214 68 17.5054
14 215 641 151.9860
14 216 1155 257.8406
14 217 749 174.2850
14 218 37 6.8073
14 219 77 14.4014
14 221 94 20.5364
14 222 133 26.6233
14 223 234 53.2854
14 224 72 13.6699
14 225 143 27.4545
14 226 6661 1491.0463
14 227 120 22.1268
14 228 1381 411.0854
14 229 8 1.7028
14 230 19 3.8845
14 231 43 8.9271
14 232 1100 269.0968
14 233 146 37.8980
14 234 621 141.0466
14 235 38 8.5302
14 236 27 4.4649
14 237 27 5.5940
14 238 343 74.1718
14 239 232 52.6111
14 240 84 22.9628
14 241 44 10.0710
14 242 1240 378.4700
14 243 190 45.7867
14 244 348 79.7887
14 245 1607 423.3760
14 247 4 0.7441
14 248 460 104.9338
14 249 72 14.2579
14 250 74 20.4868
14 251 284 57.4176
14 252 894 200.5832
14 253 9 1.3169
14 254 936 195.6140
14 255 4201 1155.7861
14 256 604 133.8843
14 257 15 2.9720
14 258 22 6.1676
14 259 9 1.8196
14 261 284 52.1842
14 262 40 9.4601
14 263 1280 348.3092
14 265 1607 437.9018
14 267 73 13.1723
14 268 58 11.6949
14 269 5 1.0537
14 270 28 6.6204
14 271 1 0.2166
14 272 2 0.3038
14 273 25 5.5815
14 274 7 0.9525
14 275 45 9.0196
14 276 13 2.5645
14 277 294 80.7429
14 278 27 5.1344
14 279 43 11.6749
14 280 14 3.2645
14 281 65 12.0863
14 282 40 9.2234
14 283 207 52.0124
14 284 66 12.4198
14 285 7 1.3288
14 286 160 29.9797
14 287 404 104.6636
14 288 317 58.7710
14 289 68 16.3178
14 290 141 30.2383
14 291 363 78.4553
14 292 11 2.5060
14 294 251 50.5939
14 295 38 9.2131
14 297 27 4.9120
14 298 23 4.1129
14 299 892 201.6047
14 300 27 5.0057
14 301 158 34.6011
14 302 32 6.0059
14 303 2509 662.5158
14 304 653 130.0927
14 305 53 12.2587
14 306 392 83.4842
14 307 22 4.3497
14 308 332 67.9823
14 309 116 27.8511
14 310 486 120.1862
14 311 1 0.3445
14 312 12 2.1676
14 313 3 0.6132
14 314 17 3.4616
14 315 276 72.6471
14 316 1173 438.9779
14 317 136 31.4209
14 318 2686 788.8604
14 319 89 17.8277
14 320 7 1.1952
14 321 3822 1072.9903
14 322 52 11.3825
14 323 1247 315.4418
14 324 1299 319.6680
14 325 81 18.7929
14 326 1 0.1336
14 327 175 40.7331
14 329 18 3.3234
14 330 361 74.9418
14 331 78 22.2184
14 332 1814 439.5598
14 333 172 41.4941
14 334 44 8.1025
14 335 84 16.5473
14 336 16 2.8757
14 337 7 1.4978
14 339 158 32.0695
14 340 1 0.1927
14 341 2 0.3010
14 342 438 96.8363
14 343 618 146.3130
14 344 150 33.3299
14 345 1543 395.2313
14 346 2227 638.2933
14 347 569 156.6062
14 349 29 6.8427
14 350 31 7.7592
14 351 167 30.9906
14 352 349 86.7421
14 353 214 66.4697
14 354 313 93.2984
14 355 49 13.9704
14 356 4 0.7209
14 357 149 35.5327
14 358 239 51.2613
14 359 486 92.9319
14 360 2 0.3153
14 361 375 80.6460
14 363 49 9.2065
14 364 37 7.7498
14 365 127 30.8180
14 366 18 4.1569
14 367 79 21.2203
14 368 1142 225.8898
14 369 11 1.8548
14 370 105 22.7265
14 371 148 55.0835
14 372 107 18.5725
14 373 361 115.7850
14 374 37 6.5093
14 375 1570 350.4969
14 376 550 133.9337
14 377 62 14.2921
14 378 1105 293.2839
14 379 19 4.1729
14 380 524 132.1201
14 381 133 31.1167
14 382 1 0.2064
14 383 184 44.1752
15 0 2488 648.3415
15 1 286 72.9207
15 2 76 13.5212
15 3 376 65.9947
15 4 1 0.2163
15 5 26 4.7447
15 6 205 39.5784
15 7 123 27.7579
15 8 3107 616.3566
15 9 8 1.8780
15 10 94 17.7646
15 11 104 33.4174
15 12 53 8.1859
15 13 458 84.5396
15 14 1164 400.8809
15 15 274 63.8481
15 16 488 185.5786
15 17 106 25.6739
15 18 60 16.2438
15 19 162 39.4698
15 20 753 232.0707
15 21 69 20.4464
15 22 1676 483.4915
15 23 361 83.1693
15 25 241 57.8941
15 26 2820 572.1033
15 27 90 16.5381
15 28 565 109.2919
15 29 19 6.0679
15 31 3 0.3934
15 32 45 8.3892
15 33 127 29.8793
15 34 1 0.1077
15 35 579 174.5865
15 36 360 67.0955
15 37 367 70.7467
15 38 310 65.6583
15 39 125 30.8607
15 40 73 15.3743
15 42 300 71.6612
15 43 43 7.4777
15 44 108 27.8065
15 45 106 32.2053
15 46 53 10.1109
15 47 456 130.1397
15 48 4 1.2247
15 49 194 35.5712
15 50 945 268.8186
15 51 211 37.8075
15 52 249 66.0660
15 53 7 1.2485
15 54 114 34.7512
15 55 1 0.1736
15 56 4 0.5566
15 57 482 175.5437
15 58 1450 550.1856
15 59 33 6.1035
15 60 71 18.0144
15 61 30 4.7949
15 62 1633 597.4119
15 63 39 6.6192
15 64 8 1.3540
15 65 264 93.6607
15 66 2 0.3180
15 67 9 1.4523
15 68 70 12.0210
15 69 3538 895.9619
15 70 71 12.7665
15 71 15 2.6903
15 72 4 0.5545
15 73 16 2.2647
15 74 733 143.8639
15 75 490 124.8743
15 76 801 233.0037
15 77 38 8.6526
15 78 127 23.2424
15 79 106 25.4906
15 80 289 53.4379
15 81 80 15.7247
15 82 582 108.8041
15 83 3320 660.8012
15 85 58 11.6752
15 86 210 71.8843
15 87 1638 547.9068
15 88 77 20.1558
15 89 56 10.3869
15 90 28 5.4245
15 91 451 86.2948
15 92 484 94.6219
15 93 129 32.8573
15 94 55 9.7022
15 95 180 33.7669
15 96 67 14.3361
15 97 65 11.6930
15 98 150 27.8446
15 99 1879 641.5580
15 100 63 18.4712
15 101 64 12.3584
15 102 187 38.8427
15 103 858 211.2046
15 104 380 102.4759
15 105 36 5.6855
15 106 110 27.9376
15 107 12 2.0044
15 108 9 1.7176
15 109 42 7.2620
15 110 51 7.9669
15 111 458 119.9935
15 112 1219 276.4411
15 113 58 9.9849
15 114 506 149.5928
15 115 87 17.7226
15 116 1 0.1875
15 117 38 6.6778
15 118 143 40.1429
15 119 275 66.3521
15 120 58 11.0019
15 121 477 93.7055
15 122 65 21.9632
15 123 335 63.6113
15 124 25 4.7491
15 125 454 160.7451
15 126 214 50.7733
15 128 13 2.0726
15 129 419 103.3056
15 130 1395 435.2822
15 131 159 54.8992
15 132 223 52.9602
15 133 4704 1329.8984
15 134 7 1.1403
15 135 764 142.4212
15 136 309 62.4895
15 137 78 18.5172
15 138 31 7.2616
15 139 66 19.9742
15 140 921 221.2035
15 141 2142 576.0841
15 142 58 10.7457
15 143 27 5.3278
15 144 503 150.7151
15 145 486 90.6191
15 146 911 276.5084
15 147 171 36.4958
15 148 361 83.7304
15 149 288 52.0304
15 150 50 9.2481
15 151 11 1.8940
15 152 115 31.4468
15 153 128 22.5819
15 154 87 24.1634
15 155 151 24.7870
15 156 88 18.4137
15 157 189 37.3829
15 158 729 275.3352
15 159 65 18.7931
15 160 52 12.8461
15 161 912 322.1414
15 162 584 121.4433
15 163 62 11.0973
15 164 13 1.8009
15 165 505 98.4354
15 166 31 5.6598
15 167 2891 845.1708
15 168 280 50.2892
15 169 1079 285.5964
15 170 2099 497.5428
15 171 1142 321.9221
15 172 34 11.3582
15 173 1 0.1129
15 174 1357 341.1487
15 175 2 0.3620
15 176 87 18.0433
15 177 669 122.2025
15 178 245 58.6110
15 179 51 17.2196
15 180 146 32.8167
15 181 205 34.7829
15 182 893 255.9339
15 183 98 18.0790
15 184 540 99.0404
15 185 7 1.1108
15 186 168 67.0287
15 187 773 155.2764
15 188 117 28.9575
15 189 56 9.7707
15 190 169 35.0061
15 191 1 0.1127
15 192 70 11.3883
15 193 133 22.7524
15 194 59 14.4401
15 195 37 8.6837
15 196 780 178.2820
15 197 22 5.3465
15 198 9 1.1251
15 199 585 157.1349
15 200 1127 213.0200
15 201 273 60.2330
15 202 235 42.6972
15 203 136 24.8894
15 204 92 16.4145
15 205 34 5.2842
15 206 17 3.6602
15 207 182 40.3511
15 208 132 26.2144
15 209 29 5.4699
15 210 156 28.2028
15 211 119 34.3150
15 212 385 77.3350
15 213 2540 497.6674
15 214 82 19.9930
15 215 131 25.3020
15 216 67 11.5558
15 217 16 3.2223
15 218 222 37.5623
15 219 369 73.8675
15 220 77 19.7138
15 221 417 96.5184
15 222 77 17.8773
15 223 662 146.9253
15 224 23 5.5269
15 225 2 0.2316
15 226 51 9.1027
15 227 40 7.7604
15 228 740 145.3871
15 229 194 37.1199
15 230 1 0.2847
15 231 9 1.5209
15 232 347 67.7909
15 233 214 42.3564
15 234 9 1.2881
15 235 1104 213.5784
15 236 668 154.9782
15 237 50 8.4516
15 238 3 0.3737
15 239 104 19.4466
15 240 19 3.3459
15 241 18 2.6699
15 242 43 8.5484
15 243 109 20.7319
15 244 8 1.2207
15 245 412 90.5172
15 246 3 0.4477
15 247 4 0.7235
15 248 122 40.1356
15 249 103 40.9207
15 250 1624 392.3453
15 251 77 15.8505
15 252 86 15.2959
15 253 5 0.7863
15 254 174 39.0261
15 255 224 47.3178
15 256 26 4.1865
15 257 7 1.6556
15 258 145 40.4494
15 260 24 4.2412
15 261 167 31.0285
15 262 18 2.3751
15 263 47 7.6673
15 264 2 0.2744
15 265 92 17.3025
15 266 68 13.7603
15 267 51 12.9729
15 268 493 88.5416
15 269 661 166.7700
15 270 90 24.2654
15 271 646 129.1747
15 272 201 37.5865
15 273 25 4.4224
15 274 138 46.0527
15 275 13 2.5804
15 276 86 18.9489
15 278 13 2.0169
15 280 132 31.8926
15 281 595 210.1987
15 282 281 53.1624
15 283 104 36.1062
15 284 24 4.0716
15 285 57 10.6428
15 286 2 0.4019
15 287 331 68.5588
15 288 164 32.1979
15 289 41 13.9382
15 291 616 121.0802
15 292 123 28.3646
15 293 79 29.3121
15 294 13 5.5816
15 295 26 4.6111
15 296 159 25.9712
15 297 118 22.9068
15 298 41 9.8657
15 299 3302 847.5763
15 300 27 3.8753
15 301 350 70.3669
15 302 132 30.4459
15 303 839 166.7256
15 304 259 52.2853
15 305 72 11.5130
15 307 2099 501.5443
15 308 244 75.5597
15 309 100 27.6210
15 310 503 91.6959
15 311 77 13.3721
15 312 206 41.0197
15 313 79 26.5340
15 314 148 27.2779
15 315 10 1.7735
15 316 712 336.0367
15 317 86 17.8369
15 318 69 13.8303
15 319 944 272.1948
15 320 198 37.6583
15 321 555 210.7360
15 322 71 12.2393
15 323 41 6.2640
15 324 182 55.4767
15 325 159 27.2069
15 326 1122 378.6718
15 327 168 29.8024
15 328 224 45.0968
15 329 79 16.0658
15 330 159 36.0106
15 331 175 55.6891
15 332 111 18.3875
15 333 81 24.0334
15 334 521 107.8151
15 335 107 21.3313
15 336 92 29.2819
15 337 717 227.4367
15 338 51 13.2086
15 339 262 47.4443
15 340 3 0.3493
15 341 215 55.3336
15 342 6 0.8765
15 343 192 36.1389
15 344 11 1.5057
15 345 5 0.6865
15 346 211 36.3338
15 348 920 179.0262
15 349 450 93.2746
15 350 67 12.2706
15 351 211 39.0764
15 352 2198 449.1682
15 353 46 8.2908
15 354 39 6.5526
15 355 216 62.1733
15 356 10686 2680.6412
15 357 849 160.7407
15 358 362 64.3849
15 359 1009 194.4604
15 360 177 45.6715
15 361 1778 573.3559
15 362 331 60.1043
15 363 173 30.9929
15 364 27 5.0218
15 365 78 11.2774
15 366 115 20.3296
15 367 119 33.3362
15 368 99 31.7230
15 369 38 6.7617
15 370 367 113.0390
15 371 63 14.3412
15 372 426 182.4000
15 373 145 28.9904
15 374 47 15.6859
15 375 441 146.3029
15 376 8 2.1054
15 377 358 120.2444
15 378 219 59.7606
15 379 1 0.1522
15 380 85 16.8789
15 381 239 45.0052
15 382 66 13.3911
15 383 357 83.5456
16 0 31 5.5480
16 1 307 73.0838
16 2 21 4.3792
16 3 640 132.6552
16 4 149 38.6834
16 5 805 188.2835
16 6 89 22.3038
16 7 5 0.8903
16 8 41 8.6812
16 9 18 3.2727
16 10 361 88.9356
16 11 1125 302.4135
16 12 34 6.8999
16 13 22 4.7537
16 15 60 12.8191
16 16 10 1.8512
16 17 16 2.9521
16 18 1 0.1726
16 19 697 159.4498
16 20 2598 651.1877
16 21 80 15.1627
16 22 44 8.7812
16 23 228 52.0065
16 24 59 14.9195
16 25 127 27.8094
16 26 16 3.2773
16 27 954 243.4937
16 28 2139 551.6886
16 29 868 236.0773
16 30 2969 831.3722
16 31 25 5.8341
16 32 138 26.9410
16 33 14 2.5390
16 34 544 135.9327
16 35 372 79.4098
16 36 2 0.3982
16 37 27 5.0525
16 38 177 40.1538
16 39 15 3.0601
16 40 91 20.6214
16 41 476 89.9894
16 42 4 0.6827
16 43 1129 325.3903
16 46 2725 710.7620
16 47 156 38.5026
16 48 177 42.5914
16 49 28 4.9629
16 50 7 1.8647
16 51 64 15.7431
16 52 167 35.9960
16 53 4 0.7355
16 54 651 159.4166
16 55 583 154.4316
16 56 666 148.5207
16 58 198 38.4537
16 59 134 25.5103
16 60 219 48.6817
16 61 333 73.8897
16 62 166 41.2504
16 63 7 0.9873
16 64 35 7.4959
16 65 22 4.0456
16 66 3350 880.1569
16 67 7 1.4831
16 68 1200 315.6620
16 70 2428 509.7835
16 71 220 50.5309
16 72 100 26.1053
16 73 68 15.1623
16 74 1902 473.5255
16 75 60 15.6586
16 76 5 0.9441
16 77 22 4.9277
16 78 552 140.1619
16 79 19 3.7025
16 82 67 12.4269
16 83 19 3.4544
16 84 1705 453.3122
16 85 98 24.8803
16 86 723 138.9839
16 87 1 0.1416
16 88 191 44.5036
16 89 561 137.9344
16 90 5 1.1425
16 91 9 1.8097
16 92 6 1.1651
16 93 1469 294.4765
16 94 188 35.2057
16 95 52 9.7969
16 96 83 23.1100
16 97 189 44.7555
16 98 266 64.0382
16 99 2 0.4218
16 100 792 202.6125
16 101 37 8.6923
16 102 941 239.7362
16 103 156 37.8243
16 104 35 6.6827
16 105 285 74.3677
16 106 197 43.6476
16 107 3 0.6468
16 108 132 35.2226
16 109 388 81.9510
16 110 33 6.1846
16 111 3678 915.9989
16 112 4 0.7222
16 114 3 0.6860
16 116 34 7.1182
16 117 197 43.3978
16 118 7 1.2477
16 119 4038 1112.2619
16 120 67 16.8754
16 121 182 34.3759
16 122 6024 1691.6252
16 123 21 4.5004
16 124 518 118.1037
16 125 2 0.3882
16 126 764 193.9820
16 127 9 2.3677
16 129 100 21.2931
16 130 1905 386.5489
16 131 7 1.7393
16 132 16 3.5070
16 133 1524 363.9639
16 134 142 28.5011
16 136 1090 282.7703
16 137 47 10.8319
16 138 59 11.4237
16 139 9 1.9992
16 140 10 1.5545
16 141 15 2.6628
16 142 4270 1160.8234
16 144 2 0.3804
16 146 18 3.3761
16 147 218 43.6112
16 148 5 0.9722
16 149 3 0.6821
16 150 13 2.8432
16 151 1 0.1885
16 152 339 81.0019
16 154 112 27.6458
16 155 323 80.6435
16 156 67 15.3758
16 157 394 90.4675
16 158 11 2.1151
16 159 4 0.6736
16 160 32 6.5323
16 161 11 2.2164
16 162 116 29.3463
16 163 63 15.7490
16 166 1292 308.0760
16 167 4 0.7513
16 168 3 0.5564
16 169 64 11.8272
16 170 50 10.5624
16 171 122 35.0057
16 172 3169 826.6604
16 173 73 15.3223
16 174 18 4.0070
16 175 2 0.3428
16 176 104 23.0884
16 177 1235 317.5207
16 178 1606 388.6651
16 179 3104 739.5779
16 180 8 1.8633
16 181 8 1.5332
16 182 2 0.4374
16 183 44 8.4220
16 184 2280 596.8737
16 185 126 27.3773
16 186 2 0.6363
16 187 109 25.5741
16 188 18 3.4124
16 189 174 52.9141
16 190 105 25.4230
16 191 62 12.2985
16 192 505 120.1339
16 193 15 2.7525
16 194 3 0.5976
16 195 8 1.4884
16 196 4 0.6425
16 197 229 59.8721
16 198 843 202.0454
16 199 3 0.6332
16 200 24 4.8336
16 201 45 8.6467
16 202 13 2.4589
16 203 716 165.6899
16 204 354 68.4814
16 205 34 6.2441
16 206 1969 473.4612
16 208 16 3.8246
16 209 323 62.0243
16 210 54 13.4510
16 211 4 0.8083
16 212 1796 373.1563
16 213 45 8.0959
16 214 298 72.1776
16 215 36 7.1540
16 216 441 112.5675
16 217 100 20.0031
16 218 91 19.6653
16 219 596 179.6795
16 220 19 4.3872
16 221 4 0.8298
16 223 8248 2219.0039
16 225 2 0.4037
16 226 702 164.0322
16 227 4 0.7257
16 228 5274 1366.9041
16 229 34 6.7361
16 230 26 5.8438
16 231 737 156.4273
16 232 203 45.3959
16 233 296 54.8482
16 234 30 5.9317
16 236 1 0.2047
16 237 995 238.8678
16 238 13 2.8727
16 239 11 3.5276
16 240 52 10.1804
16 241 148 26.8064
16 242 865 217.3371
16 243 750 185.0878
16 244 8 1.5278
16 245 114 31.0508
16 246 62 12.0605
16 247 3 0.5936
16 248 156 38.2444
16 249 7 1.2009
16 250 140 27.6480
16 251 49 8.9438
16 252 64 15.6499
16 253 14 2.3875
16 255 16 3.5584
16 256 99 22.5929
16 257 289 56.4111
16 258 66 14.5060
16 259 2 0.3427
16 261 109 19.9473
16 262 374 97.6859
16 263 2403 635.4310
16 264 206 52.7614
16 265 1433 372.1456
16 266 3 0.7180
16 267 313 82.1583
16 268 1916 557.4415
16 269 151 34.8984
16 271 37 7.8309
16 272 5 1.1568
16 273 5 0.9000
16 275 112 26.0000
16 276 7 1.3085
16 277 31 6.1637
16 278 94 22.5136
16 279 91 20.4913
16 280 3562 880.4748
16 281 99 21.3790
16 282 571 127.1943
16 284 17 3.1195
16 285 17 3.1098
16 286 157 37.1045
16 287 7 1.2939
16 288 595 146.0992
16 289 30 5.3304
16 290 31 6.3500
16 291 64 12.8815
16 292 4 0.8148
16 293 14 3.9911
16 294 26 6.2622
16 295 65 12.8216
16 296 206 53.3337
16 297 43 9.2591
16 299 34 10.2803
16 300 20 3.7267
16 301 36 7.4675
16 302 30 5.9062
16 304 254 47.8230
16 305 115 22.2095
16 306 127 30.7121
16 307 76 14.9629
16 308 21 4.8691
16 309 1028 244.6767
16 310 19 3.4551
16 311 70 17.1120
16 312 33 7.0315
16 314 18 3.9034
16 316 2 0.3721
16 317 4 0.8650
16 318 230 55.7460
16 319 2 0.3790
16 320 38 7.5799
16 321 37 7.5414
16 323 140 33.7754
16 324 7 1.2791
16 325 7 1.5233
16 327 9 2.0416
16 328 535 134.4713
16 329 673 177.3579
16 330 519 111.4996
16 331 13 2.8616
16 332 766 235.0999
16 333 4 0.8009
16 334 34 7.9112
16 335 936 278.1366
16 336 1349 314.9129
16 337 2175 613.3117
16 338 1 0.2558
16 339 118 25.1679
16 340 5 0.9781
16 341 10 2.5871
16 343 47 10.6855
16 344 3 0.5370
16 345 57 11.4136
16 346 147 28.7668
16 347 104 20.7405
16 348 1 0.1811
16 349 72 13.5257
16 350 1452 366.7031
16 352 203 47.9561
16 353 88 16.6259
16 355 239 57.1243
16 356 20 4.6410
16 357 43 8.7360
16 358 1 0.2155
16 359 73 14.5144
16 360 68 12.8513
16 361 105 25.3587
16 362 33 7.2164
16 363 29 5.2298
16 364 65 14.0890
16 365 15 3.4134
16 366 345 67.8556
16 367 1 0.1580
16 368 104 23.3026
16 369 26 4.4698
16 370 458 106.6506
16 371 1297 316.1839
16 373 175 38.1864
16 374 115 19.6921
16 375 3 0.3565
16 376 9 1.5727
16 377 38 8.1479
16 378 23 4.5964
16 379 11 2.2679
16 380 27 5.1069
16 381 18 3.5795
16 382 5 1.0347
16 383 1 0.2305
17 0 285 54.7931
17 2 1053 257.6250
17 3 417 98.9337
17 4 20 3.9824
17 5 18 3.5414
17 6 458 125.0788
17 7 74 19.3347
17 8 6 1.1042
17 9 88 16.7245
17 10 289 53.2777
17 11 41 8.5252
17 12 212 57.1857
17 13 14 2.7689
17 14 944 267.3809
17 15 53 10.1715
17 16 231 58.9360
17 17 974 188.6054
17 18 37 6.9728
17 19 321 77.1586
17 20 285 63.4206
17 21 4 0.7946
17 22 255 49.7704
17 23 731 151.3827
17 24 3220 683.2559
17 25 4442 1120.8565
17 26 75 19.6003
17 27 222 73.1803
17 28 33 8.6381
17 29 3 0.5127
17 30 91 21.2163
17 31 50 9.2470
17 32 62 12.6562
17 33 2 0.4196
17 34 89 16.9399
17 35 45 8.5611
17 36 2517 639.2354
17 37 74 20.2659
17 38 1059 249.6111
17 39 13 2.4210
17 40 94 24.3527
17 41 39 11.5620
17 42 2268 530.2856
17 43 487 109.7254
17 44 11 2.4631
17 45 6 1.1930
17 46 3 0.5991
17 47 482 106.2183
17 48 42 9.5241
17 49 39 6.9848
17 50 60 11.9323
17 51 126 27.8381
17 52 45 9.4115
17 53 335 84.3292
17 54 1418 387.0759
17 55 2 0.3983
17 56 13 3.1658
17 57 639 152.9424
17 58 173 41.3460
17 59 853 225.0394
17 60 2 0.3442
17 61 25 5.9966
17 62 49 10.3704
17 63 50 9.5855
17 64 1784 466.7847
17 65 3 0.6667
17 66 68 13.1817
17 67 3471 976.5497
17 68 97 19.7883
17 69 103 19.9785
17 70 13 2.9018
17 71 506 113.2472
17 72 82 16.5389
17 73 249 67.6894
17 74 74 15.6563
17 75 13 3.0047
17 76 7 1.2779
17 77 29 6.2380
17 78 164 31.1244
17 79 40 7.6611
17 80 4 0.7708
17 81 8 1.6614
17 82 232 47.3385
17 83 735 225.7401
17 84 219 44.1125
17 85 25 4.7129
17 86 6 1.0756
17 87 17 3.5684
17 88 556 110.6406
17 89 85 21.0260
17 90 2206 546.7905
17 91 75 14.5399
17 92 1 0.1680
17 93 555 133.5999
17 94 29 5.5834
17 95 18 3.3723
17 96 22 4.0259
17 97 727 181.4250
17 98 7 1.4880
17 99 60 13.2987
17 100 672 173.0371
17 101 1678 400.7088
17 102 196 43.5575
17 103 115 22.4528
17 104 1 0.1630
17 105 29 5.6524
17 106 306 57.4223
17 107 196 44.4716
17 108 7 1.2874
17 109 187 36.9126
17 110 130 31.2018
17 111 253 53.4097
17 112 46 9.2916
17 113 269 52.6829
17 114 12 3.5971
17 115 111 26.4113
17 116 212 53.0115
17 117 71 13.8171
17 118 138 30.1392
17 119 5 0.8849
17 120 1826 459.6442
17 121 107 22.8326
17 122 673 168.1937
17 123 2 0.4405
17 124 3248 1381.5076
17 125 1 0.1928
17 126 973 248.4144
17 127 11 2.2283
17 128 19 3.6913
17 129 6 1.1665
17 130 33 7.0694
17 131 34 7.3240
17 132 12 2.2406
17 133 2347 597.2924
17 134 750 148.6801
17 135 1927 544.7676
17 136 35 9.0545
17 137 50 10.8974
17 138 110 21.5014
17 139 10 1.9081
17 140 9 1.8884
17 141 12 2.5003
17 142 698 178.4713
17 143 65 13.5525
17 144 7 1.4044
17 145 215 44.2128
17 146 145 28.4387
17 148 106 23.9036
17 149 2338 646.9104
17 150 38 7.9290
17 151 314 64.8589
17 152 51 9.6686
17 153 150 32.6655
17 154 51 9.7256
17 155 39 8.2281
17 156 47 11.7481
17 157 414 96.0998
17 158 144 28.7109
17 159 1007 249.5065
17 160 96 24.7570
17 161 273 60.1673
17 162 39 7.6043
17 163 4051 1137.6350
17 164 1 0.2257
17 165 97 24.9581
17 166 23 5.4062
17 167 57 16.8793
17 168 4353 1111.2440
17 169 77 19.1445
17 170 3 0.6783
17 171 2243 638.9111
17 172 172 33.5014
17 173 82 19.7127
17 174 1178 304.3629
17 175 652 180.8007
17 176 15 3.0760
17 177 58 10.7114
17 178 95 17.4364
17 179 894 216.4441
17 180 237 56.8373
17 181 30 5.8329
17 182 17 3.9062
17 183 42 8.4491
17 184 4960 1198.9534
17 185 78 15.2113
17 186 11 2.3106
17 187 18 3.9929
17 188 140 26.3129
17 189 321 61.8318
17 190 1 0.1601
17 191 13 2.7804
17 193 147 32.2908
17 194 4 0.7647
17 195 202 46.0220
17 196 37 7.5531
17 197 1016 234.8846
17 198 1 0.2066
17 199 18 3.9976
17 200 53 9.9176
17 201 74 17.1880
17 202 37 8.2544
17 203 81 18.5557
17 204 70 16.9750
17 205 71 19.8305
17 206 5 0.9733
17 207 16 3.0128
17 208 5 1.2223
17 209 18 4.4934
17 210 321 61.3268
17 211 22 4.1208
17 212 58 10.7943
17 213 778 208.9160
17 214 156 38.9216
17 215 7 1.4743
17 216 11 2.5851
17 217 167 39.2818
17 218 7 1.3716
17 219 1 0.1396
17 220 518 135.7867
17 221 23 4.5939
17 222 205 48.1682
17 223 73 16.6229
17 224 86 17.9496
17 225 201 41.7968
17 226 153 32.0616
17 227 12 2.5683
17 229 6 1.2000
17 230 18 3.3973
17 231 265 51.8245
17 232 107 24.7078
17 233 222 63.8282
17 234 114 21.5298
17 235 97 24.0914
17 236 295 62.6506
17 237 174 36.0618
17 238 5 1.0489
17 239 333 76.4763
17 240 207 47.9477
17 241 278 71.4654
17 242 12 2.6445
17 243 277 60.0410
17 244 89 19.9016
17 245 1338 321.1586
17 246 164 32.0248
17 247 103 19.7807
17 248 1689 435.3886
17 249 4 0.9449
17 250 3944 1090.0065
17 251 328 76.4045
17 252 36 7.3353
17 253 472 118.8672
17 254 25 4.7448
17 255 873 212.8972
17 256 3 0.6673
17 257 107 20.5013
17 258 49 11.2062
17 259 47 10.0435
17 260 90 19.3199
17 261 3 0.6571
17 262 954 238.8423
17 263 9 1.6904
17 264 651 208.2565
17 265 76 14.8816
17 266 472 167.4981
17 267 186 40.1633
17 268 409 79.3083
17 270 213 50.1582
17 272 1080 292.9864
17 273 624 142.4325
17 274 129 28.6878
17 275 106 22.8444
17 276 36 8.7757
17 277 71 15.9201
17 278 1928 509.2854
17 279 740 182.6268
17 280 30 5.6981
17 281 28 6.1293
17 282 14 2.4531
17 283 1814 436.9959
17 284 117 27.6392
17 285 54 12.3881
17 286 439 112.7565
17 287 279 62.6280
17 288 187 34.9610
17 289 46 10.6530
17 290 27 5.8147
17 291 119 22.1783
17 292 244 47.6343
17 293 60 11.7283
17 294 6 1.3634
17 295 115 25.1495
17 296 26 5.9381
17 297 132 27.9552
17 298 223 60.0537
17 299 141 49.9108
17 300 314 72.3291
17 301 9 1.6546
17 302 154 33.8926
17 303 23 4.5620
17 304 2 0.4285
17 305 1552 373.0809
17 306 22 4.5094
17 307 143 28.6976
17 308 41 8.9127
17 309 1853 468.3392
17 310 39 6.7926
17 311 536 129.3361
17 312 374 97.2700
17 313 115 22.4070
17 314 13 2.7561
17 315 6 1.1850
17 316 26 5.4590
17 317 109 20.1656
17 318 43 10.9278
17 319 36 6.6614
17 321 116 23.4581
17 322 119 29.3362
17 323 547 118.2790
17 324 354 81.4052
17 325 80 14.6668
17 326 1 0.2199
17 327 455 87.0740
17 328 58 10.9600
17 329 73 17.9247
17 330 50 9.6493
17 331 27 5.4386
17 332 703 160.2593
17 333 86 21.8807
17 334 59 10.1663
17 335 631 154.9203
17 336 183 41.8497
17 337 610 117.0719
17 338 21 4.5564
17 339 11 2.2660
17 341 80 17.4059
17 342 184 34.3537
17 343 79 15.4192
17 344 181 32.8452
17 345 16 2.8322
17 346 1250 275.0241
17 347 59 12.1628
17 348 340 79.4487
17 349 12 2.2949
17 350 214 44.1706
17 351 2388 590.5655
17 352 41 9.6829
17 353 189 40.8739
17 355 318 69.5661
17 356 553 108.0469
17 357 126 23.6584
17 358 61 13.7090
17 359 46 8.6803
17 360 7444 1876.2317
17 361 2802 747.0370
17 362 90 17.1049
17 363 68 13.1528
17 364 29 6.5568
17 365 113 21.7155
17 366 6 1.1594
17 367 28 5.7891
17 368 3 0.5554
17 369 374 96.7608
17 370 67 12.9440
17 371 136 28.0465
17 372 133 26.0731
17 373 542 118.6836
17 375 285 57.7481
17 376 4 0.9147
17 377 49 11.7201
17 378 109 32.7488
17 379 110 20.4173
17 380 88 15.7137
17 381 171 38.2916
17 382 291 55.0951
17 383 347 83.4049
18 0 20 3.5296
18 1 125 22.3240
18 2 22 3.6645
18 3 27 7.0072
18 4 2 0.4198
18 5 24 4.2312
18 9 35 8.0343
18 10 657 157.6726
18 11 2770 717.9979
18 12 105 26.9936
18 13 1444 351.9080
18 14 13 3.0404
18 15 103 18.9055
18 16 64 12.8311
18 17 172 32.5952
18 18 62 12.0784
18 19 204 51.6320
18 20 59 14.1302
18 21 571 138.8293
18 22 69 16.4925
18 23 47 9.3076
18 24 397 92.0487
18 25 857 195.9089
18 26 33 5.9608
18 27 8 1.5085
18 28 81 14.4999
18 29 116 21.7731
18 30 1480 423.2124
18 31 2 0.3602
18 32 52 12.2041
18 33 192 36.8995
18 34 6137 1665.6414
18 35 41 7.8516
18 36 3995 1147.4893
18 37 74 13.8693
18 38 3273 954.1755
18 39 14 2.3628
18 40 146 30.7647
18 41 31 5.6627
18 42 7 1.5148
18 43 504 115.9586
18 44 104 20.3031
18 45 1851 473.3052
18 46 187 49.8408
18 47 227 55.7972
18 48 111 21.0621
18 49 1 0.1269
18 50 7 1.4235
18 51 61 16.8803
18 52 1569 364.5078
18 53 381 70.0014
18 54 2075 532.5490
18 55 73 13.9346
18 56 368 80.9407
18 57 24 4.0451
18 58 82 14.5518
18 60 63 14.3374
18 61 10 2.1588
18 62 8 1.3321
18 63 15 2.6661
18 64 485 107.5300
18 65 1429 381.5252
18 66 7 1.5486
18 67 5 0.7934
18 68 4 0.8723
18 69 60 13.1921
18 70 164 30.1999
18 71 497 114.0142
18 72 453 97.9229
18 73 11 2.0199
18 74 113 26.2573
18 75 80 21.9953
18 76 81 19.6613
18 77 1195 321.2525
18 78 53 12.1561
18 79 143 46.9061
18 80 41 7.3665
18 82 10 3.0882
18 83 10 2.0179
18 84 266 55.7072
18 85 12 2.0433
18 86 592 133.5007
18 87 7 1.3059
18 88 72 16.9573
18 89 27 5.0339
18 90 28 5.7348
18 91 1734 332.8895
18 92 35 7.3346
18 93 2 0.4449
18 94 27 5.8824
18 95 242 58.3638
18 96 102 21.2503
18 97 5848 1703.2992
18 98 147 29.6146
18 99 26 6.1092
18 100 5 0.9678
18 101 27 5.7065
18 102 53 9.5626
18 103 29 5.2250
18 104 978 246.9103
18 105 29 5.5578
18 106 6503 1767.6805
18 107 28 5.8873
18 108 51 10.6089
18 109 74 13.5696
18 110 17 5.0560
18 111 78 14.0886
18 112 62 14.2598
18 113 179 38.1231
18 114 1746 438.5112
18 115 57 10.6519
18 116 162 31.7397
18 117 4 0.6828
18 118 6 1.3113
18 119 474 110.5535
18 120 21 3.8348
18 121 58 13.9786
18 122 1 0.2386
18 123 684 155.3649
18 124 4 0.7333
18 125 191 40.7887
18 126 79 13.9184
18 127 20 5.0761
18 128 22 3.9025
18 129 18 3.4159
18 130 8 1.7730
18 131 22 3.9537
18 132 42 9.7547
18 133 5551 1361.8400
18 134 9 1.7518
18 135 35 6.7842
18 136 7 1.5375
18 138 209 53.5979
18 139 72 12.7374
18 140 198 47.5880
18 141 58 14.3828
18 143 89 18.7521
18 144 2652 658.5849
18 145 83 18.5673
18 146 10 1.5337
18 147 471 117.0707
18 148 86 17.3714
18 149 2 0.3183
18 150 73 13.0431
18 151 330 106.1575
18 152 1074 268.7592
18 153 55 13.1080
18 154 690 175.0709
18 155 9 1.7622
18 156 203 53.4279
18 157 23 4.3316
18 158 15 2.7501
18 159 1684 458.0181
18 160 32 5.5390
18 161 3 1.0073
18 162 126 46.3308
18 163 5 0.8169
18 164 116 23.4646
18 165 27 5.2951
18 166 588 135.6220
18 167 1383 260.1618
18 168 5 1.0447
18 169 1463 345.4916
18 170 54 14.1818
18 171 192 42.9532
18 172 2 0.3647
18 173 3515 996.9933
18 174 7 1.3073
18 175 532 125.4420
18 176 440 140.0412
18 177 59 11.9743
18 178 32 5.6694
18 179 179 48.1404
18 180 498 107.2626
18 181 130 30.5750
18 182 36 7.9307
18 183 166 35.8894
18 184 45 8.7757
18 185 97 17.2105
18 186 43 8.4450
18 187 96 26.2251
18 188 28 5.4596
18 189 121 23.2550
18 190 205 50.9361
18 191 75 14.9504
18 192 4 0.7897
18 193 11 2.5101
18 194 1531 308.5169
18 195 71 15.7242
18 196 91 21.4608
18 198 217 54.8426
18 199 37 8.3063
18 200 99 18.2042
18 201 772 191.3691
18 202 120 28.9509
18 203 1626 390.4856
18 204 141 31.8913
18 205 24 5.1044
18 206 258 54.8333
18 207 1312 365.8247
18 208 41 9.7325
18 209 89 17.8373
18 210 26 4.9169
18 211 47 10.1685
18 212 6 1.3656
18 213 1 0.1949
18 214 2058 577.6271
18 215 6 1.0684
18 216 1108 288.0803
18 217 249 55.9775
18 218 72 17.4953
18 219 290 61.7879
18 220 52 10.1785
18 221 122 30.6997
18 222 113 26.9593
18 223 1 0.2015
18 224 107 23.9042
18 225 668 163.1128
18 226 113 23.0958
18 227 15 3.7248
18 229 145 35.2142
18 230 14 2.8584
18 231 32 6.6695
18 232 327 69.7683
18 233 12 2.7663
18 234 2316 634.6973
18 235 1085 313.2634
18 236 18 5.6633
18 237 235 42.6379
18 238 252 58.1373
18 239 2 0.4213
18 240 98 18.3806
18 241 26 5.3579
18 242 35 7.9910
18 243 92 19.9919
18 244 3147 846.2793
18 245 12 3.9990
18 246 1 0.1754
18 247 8 1.4597
18 248 50 9.3161
18 249 93 17.8804
18 250 169 32.5303
18 251 17 5.1637
18 252 84 15.7270
18 253 24 4.9234
18 254 2 0.3446
18 255 542 105.7599
18 256 10 1.9608
18 257 300 55.8693
18 258 124 25.8750
18 259 11 2.0459
18 260 9 1.7852
18 261 916 221.3177
18 262 31 5.6215
18 263 1308 320.8245
18 264 12 2.7377
18 265 1719 367.8713
18 266 124 34.4511
18 267 194 52.0262
18 268 1503 394.5623
18 270 36 7.2438
18 271 10 1.7861
18 272 292 70.3990
18 273 2 0.2695
18 274 196 44.7764
18 275 388 99.6949
18 276 62 13.2778
18 277 355 89.5494
18 278 3 0.5629
18 279 2575 651.3186
18 280 9 1.9895
18 281 28 4.9759
18 282 82 15.2245
18 283 1391 283.6828
18 284 829 197.5143
18 285 9 1.3547
18 286 3016 793.3388
18 287 101 25.5442
18 288 5 1.0014
18 289 183 35.2726
18 290 94 19.0089
18 291 18 3.3898
18 292 130 29.9931
18 293 49 10.3459
18 294 49 9.8340
18 295 223 52.7381
18 296 113 25.2421
18 297 1 0.1991
18 298 119 22.7970
18 299 41 8.3675
18 300 370 85.0070
18 301 66 17.6160
18 302 344 72.9388
18 303 5 0.9240
18 304 985 250.7209
18 305 182 34.8850
18 306 3 0.6386
18 307 2 0.4259
18 309 15 3.3080
18 310 91 20.3261
18 311 343 92.3561
18 312 22 3.6424
18 313 87 15.3731
18 314 89 15.4528
18 315 14 2.4263
18 316 8 1.4905
18 317 281 68.4719
18 318 25 5.9837
18 319 997 223.6451
18 320 1909 462.2194
18 321 1602 373.1241
18 322 181 32.6889
18 323 118 26.5613
18 324 5 0.8711
18 325 108 20.2731
18 326 3 0.6606
18 327 1 0.1278
18 328 149 39.4996
18 329 23 5.3926
18 330 47 8.9022
18 331 3 0.5582
18 332 281 76.7207
18 333 44 7.6819
18 334 19 4.1319
18 335 98 21.2283
18 336 1347 317.5603
18 337 373 81.8596
18 338 334 73.9216
18 339 65 16.1271
18 340 15 2.7542
18 341 780 181.1299
18 342 6 1.2609
18 343 1607 485.0302
18 344 37 7.4565
18 345 6 1.0816
18 346 419 98.6739
18 347 2 0.2841
18 348 85 18.8156
18 349 6 1.2632
18 350 2 1.5376
18 351 3 0.5125
18 352 29 4.9654
18 353 2 0.2921
18 354 80 17.5885
18 355 171 38.0883
18 356 7 1.2919
18 357 9 1.9628
18 358 95 17.9932
18 359 197 43.0283
18 360 64 11.6014
18 361 250 63.4876
18 362 124 24.3878
18 363 3 0.5948
18 364 62 14.0177
18 365 101 18.1505
18 366 1652 415.7198
18 367 88 21.9135
18 368 540 119.2652
18 370 202 40.0243
18 371 189 43.6899
18 372 3 0.4837
18 373 14 2.5098
18 374 56 9.6516
18 375 1249 240.5252
18 376 22 3.8026
18 377 26 5.3392
18 378 112 25.4600
18 379 1478 366.5805
18 380 13 2.8301
18 381 4 0.7837
18 382 130 27.4973
18 383 11 2.0778
19 0 121 22.7149
19 1 89 11.8826
19 2 798 207.3987
19 3 43 6.9804
19 4 104 16.0081
19 5 96 17.5128
19 6 764 213.1406
19 7 62 10.5158
19 8 441 127.4079
19 9 333 62.4420
19 10 11 1.3431
19 11 744 185.4876
19 12 52 8.5956
19 13 45 6.6001
19 14 96 21.4361
19 15 2345 505.8628
19 16 88 31.4641
19 17 202 44.4089
19 18 22 3.2872
19 19 31 4.9128
19 20 2375 593.3680
19 21 16 3.7515
19 22 1100 323.0667
19 23 16 2.4909
19 24 19 2.3789
19 25 35 4.6777
19 26 14 2.0482
19 27 40 7.6837
19 28 938 195.8391
19 29 231 46.1794
19 30 247 51.9849
19 31 6 1.7004
19 32 479 94.3144
19 33 77 20.2467
19 34 412 97.7564
19 35 159 36.4880
19 36 16 2.3456
19 37 191 50.8248
19 38 18 2.5274
19 39 45 6.4549
19 40 178 36.6852
19 41 3 0.4721
19 42 236 50.7897
19 43 287 55.9427
19 44 487 153.1065
19 45 696 147.6876
19 46 766 200.1752
19 47 309 86.9119
19 48 1608 457.8140
19 49 2574 665.2882
19 50 270 47.5641
19 51 182 41.5022
19 52 10 1.4160
19 53 144 40.9635
19 54 93 14.4848
19 55 1 0.1531
19 56 98 18.6871
19 57 3 0.3524
19 58 194 55.2081
19 59 737 187.4299
19 60 17 2.5387
19 61 332 66.9510
19 62 3016 1050.1542
19 63 381 100.5051
19 64 125 25.6952
19 65 22 3.1027
19 66 126 20.9477
19 67 237 61.4079
19 68 914 245.6023
19 69 21 4.2352
19 70 23 3.6050
19 71 79 14.3858
19 72 23 3.1758
19 73 93 26.1929
19 74 844 175.5609
19 75 39 8.0231
19 76 34 5.5963
19 77 74 16.7072
19 78 39 5.6925
19 79 103 21.2493
19 80 1041 207.1024
19 81 29 5.6137
19 82 76 11.7558
19 83 513 116.5928
19 84 80 15.5686
19 85 12 2.0074
19 86 173 24.8268
19 87 702 154.7892
19 88 319 87.5602
19 89 784 197.6407
19 90 26 3.9606
19 91 163 53.5208
19 92 1448 374.5623
19 93 25 5.2517
19 94 535 123.3907
19 95 35 5.3014
19 96 26 3.5627
19 98 149 37.5266
19 99 280 55.9050
19 100 241 49.3737
19 101 483 123.2512
19 102 2310 546.8509
19 103 203 56.0059
19 104 196 50.4608
19 105 194 47.7676
19 106 437 99.7900
19 107 24 3.6961
19 108 16 2.0656
19 109 1105 234.7903
19 110 393 80.3894
19 111 41 6.3039
19 112 653 107.9713
19 113 81 22.4777
19 114 132 38.8483
19 115 25 3.0474
19 116 9 1.7212
19 117 822 204.9091
19 118 1669 367.3569
19 119 19 2.8835
19 120 91 23.2092
19 121 277 52.4958
19 122 207 46.4140
19 123 51 8.6684
19 124 147 46.2737
19 125 104 15.5824
19 126 530 119.7486
19 127 484 108.6475
19 128 3004 656.2025
19 129 18 2.5847
19 130 26 5.2869
19 131 2799 745.7636
19 132 2 0.1922
19 133 2016 538.5397
19 134 29 4.6791
19 135 69 18.5716
19 136 153 36.4125
19 137 293 69.9720
19 138 549 122.9814
19 139 46 7.0321
19 140 719 189.3981
19 141 33 5.1016
19 142 22 3.1300
19 143 575 121.4046
19 145 63 11.2144
19 146 26 5.1910
19 147 89 18.0134
19 148 106 17.2257
19 149 19 2.8148
19 150 1384 317.5563
19 151 36 6.4069
19 152 2707 998.8534
19 153 18 2.6511
19 154 512 102.4083
19 155 100 23.5464
19 156 225 52.1920
19 157 1202 254.3668
19 158 403 81.0649
19 159 74 18.7105
19 160 204 42.0565
19 161 4 0.9486
19 162 99 14.3748
19 163 33 8.1301
19 164 15 2.0818
19 165 1398 323.4642
19 166 301 59.4769
19 167 113 29.9080
19 168 155 35.9323
19 169 676 150.6840
19 170 52 8.5393
19 171 904 219.7825
19 172 31 5.4532
19 173 9 1.2775
19 174 676 165.4490
19 175 41 10.0008
19 176 69 13.7947
19 177 93 15.1947
19 178 1371 356.9139
19 179 522 130.8285
19 180 87 12.3757
19 181 27 4.4532
19 182 33 5.8247
19 183 138 31.7985
19 184 19 2.9221
19 185 51 6.3861
19 187 1 0.1481
19 188 276 61.5456
19 189 111 28.8429
19 190 127 32.7000
19 191 32 4.7400
19 192 90 16.1420
19 193 11 1.6761
19 194 8 1.1798
19 195 2392 539.2132
19 196 95 19.7872
19 197 93 22.9847
19 198 9 1.4337
19 199 50 7.8281
19 200 468 102.9274
19 201 134 34.7857
19 202 24 3.3786
19 203 42 6.5161
19 204 220 48.3189
19 205 4 0.7354
19 206 1 0.1052
19 207 55 7.7875
19 208 39 5.6199
19 209 47 7.5590
19 210 119 37.4193
19 211 5 0.4588
19 212 847 196.6773
19 213 14 3.4860
19 214 238 58.2777
19 215 131 27.3309
19 216 316 61.5065
19 217 618 222.3295
19 218 196 48.5263
19 219 532 81.7592
19 220 1549 457.5216
19 221 3040 974.4955
19 222 86 13.8589
19 223 101 16.6761
19 224 7 0.7285
19 225 30 5.5008
19 226 184 27.6407
19 227 672 155.9524
19 228 232 57.9137
19 229 281 54.6815
19 230 10 2.4207
19 232 35 9.2537
19 233 138 27.3182
19 234 1455 330.7804
19 235 942 230.1963
19 236 41 6.6093
19 237 36 5.8435
19 238 28 3.4930
19 239 2 0.2723
19 240 26 4.4636
19 241 71 14.1013
19 242 2 0.2989
19 243 53 8.7518
19 244 204 34.7356
19 245 13 2.0844
19 246 36 7.1835
19 247 182 35.3097
19 248 52 9.7449
19 249 216 44.9395
19 250 2170 582.1541
19 251 62 10.3225
19 252 475 134.4418
19 253 264 55.2469
19 254 296 78.8781
19 255 1644 361.2537
19 256 12 1.5821
19 257 21 3.2700
19 258 41 13.2982
19 259 131 20.8828
19 260 1659 507.1535
19 261 20 3.5274
19 262 348 74.9287
19 263 36 4.7047
19 264 96 16.9576
19 265 1229 297.0753
19 266 330 76.2386
19 267 7 1.6561
19 268 12 1.8728
19 269 337 62.1381
19 270 828 220.8633
19 271 817 196.6250
19 272 108 21.1713
19 273 497 107.4801
19 274 14 2.2138
19 275 171 40.5381
19 276 315 74.7499
19 277 42 6.4947
19 278 16 2.8681
19 279 208 57.2570
19 280 186 55.4515
19 281 421 141.5567
19 282 80 13.2786
19 283 358 106.6513
19 284 11 1.8689
19 285 11 1.7342
19 286 11 1.7050
19 287 75 11.2371
19 288 864 249.8560
19 289 825 479.7178
19 290 30 4.2379
19 291 604 140.7963
19 292 24 4.9103
19 293 494 112.3240
19 294 3 0.5133
19 295 1075 267.3603
19 296 730 208.1583
19 297 64 10.4268
19 298 65 10.1374
19 299 770 148.6255
19 300 1388 321.0689
19 301 8 1.1921
19 302 153 25.5009
19 303 94 20.6268
19 304 329 87.8119
19 305 3769 1272.4145
19 306 2853 780.4686
19 307 1185 293.6776
19 308 39 12.1693
19 309 189 43.0722
19 310 2091 527.8834
19 311 177 32.1413
19 312 416 91.3624
19 313 85 21.8179
19 314 471 99.2566
19 315 257 37.1271
19 316 257 54.4714
19 317 29 3.9990
19 318 12 1.8975
19 319 691 168.2284
19 320 68 9.4687
19 321 2 0.2145
19 322 38 8.2622
19 323 4 0.6637
19 324 322 66.9397
19 325 49 7.1603
19 326 149 24.1231
19 327 83 15.8973
19 328 454 100.4057
19 329 214 41.0027
19 330 49 11.5427
19 331 36 5.1458
19 332 16 2.1697
19 333 557 146.8878
19 334 64 11.2102
19 335 40 9.2297
19 336 21 3.2455
19 337 176 51.4100
19 338 2 0.3004
19 339 673 152.0433
19 340 90 20.1577
19 341 341 87.6521
19 342 322 57.4288
19 343 191 41.6544
19 344 44 13.4941
19 345 5 0.8693
19 346 37 5.3387
19 347 3 0.3891
19 348 249 50.9657
19 349 134 29.4257
19 350 643 112.8894
19 351 144 32.3997
19 352 180 37.8670
19 353 173 47.1192
19 354 93 13.0638
19 355 438 80.9397
19 356 24 4.7178
19 357 147 20.3955
19 358 43 6.6101
19 359 75 16.1619
19 360 300 81.7973
19 361 101 23.9004
19 362 145 22.2732
19 363 142 26.1655
19 364 33 4.2071
19 365 93 23.9327
19 366 4404 1198.5807
19 367 225 48.3128
19 368 1101 281.7187
19 369 75 20.8995
19 370 77 48.7246
19 371 85 15.7096
19 372 3 0.3981
19 373 70 8.9142
19 374 899 215.5243
19 375 41 13.3014
19 376 373 85.9523
19 377 22 3.3076
19 378 2 0.3233
19 379 314 78.2652
19 380 83 21.3647
19 381 631 138.2113
19 382 391 81.5750
19 383 1967 477.1967
20 0 2 0.4173
20 1 2 0.3303
20 3 22 5.3213
20 4 75 19.5176
20 6 118 25.4434
20 7 504 135.5577
20 8 7 2.0439
20 10 13 3.5010
20 11 2 0.3789
20 12 1 0.3388
20 13 11 2.0719
20 14 52 11.3359
20 15 2 0.3443
20 16 71 15.3059
20 18 185 47.5005
20 19 450 110.0189
20 20 1 0.1784
20 21 5 0.9352
20 23 18 4.6001
20 24 10 1.6995
20 25 6 1.2793
20 26 34 7.8209
20 27 23 5.8603
20 28 172 37.9403
20 29 20 4.9989
20 30 35 7.6098
20 31 143 34.6825
20 32 613 124.9503
20 33 14 3.4763
20 34 4 0.9322
20 35 42 10.4215
20 36 4 0.7585
20 37 9 2.1113
20 38 3 0.6605
20 39 1 0.1511
20 40 15 3.0637
20 41 8 2.3626
20 42 461 133.0791
20 43 258 59.8958
20 44 38 10.4115
20 45 13 2.2607
20 46 8 2.1796
20 47 324 72.2226
20 48 24 6.1796
20 49 27 5.9135
20 50 3 0.5610
20 51 90 18.7282
20 52 2 0.3700
20 53 10 1.8635
20 55 10 2.1328
20 59 15 3.1926
20 60 5 1.0062
20 61 36 8.6819
20 62 14 2.8700
20 63 3 0.6470
20 64 10 2.8754
20 65 26 5.5340
20 66 1 0.2029
20 67 9 2.6475
20 68 20 3.6033
20 69 5 0.8851
20 70 18 3.7093
20 71 6 1.2196
20 72 57 13.5564
20 74 42 8.1827
20 75 37 8.0360
20 76 6 1.2255
20 78 213 54.6196
20 79 7 1.4955
20 80 1 0.1411
20 82 1 0.1941
20 83 12 2.1044
20 85 23 7.7615
20 86 24 4.9504
20 87 10 2.5921
20 88 7 1.3927
20 89 5 0.8533
20 90 2 0.3890
20 93 1 0.1965
20 95 5 0.8563
20 96 4 0.9749
20 97 32 9.2264
20 98 7 1.4476
20 99 7 1.6083
20 100 4 0.7961
20 101 15 2.6962
20 103 32 7.5315
20 104 3 0.6366
20 105 3 0.7043
20 107 11 2.3126
20 108 40 11.8419
20 109 1656 459.9329
20 110 24 5.7978
20 111 2 0.2710
20 113 3 0.6562
20 114 1 0.1890
20 115 1 0.2275
20 116 1 0.1093
20 117 4 0.9177
20 118 91 19.6839
20 122 73 16.3980
20 124 30 7.5074
20 126 18 4.9947
20 127 1 0.1540
20 128 4 0.8492
20 129 337 82.1485
20 130 2 0.3872
20 131 15 2.7663
20 132 32 7.6374
20 133 42 8.5712
20 135 12 3.3225
20 136 20 3.7730
20 138 22 5.0525
20 139 2 0.4401
20 140 1 0.3307
20 141 1 0.2089
20 142 6 1.5663
20 143 2 0.4675
20 144 14 2.9590
20 145 305 95.6530
20 146 4 0.7485
20 147 59 13.2389
20 148 19 6.3832
20 150 188 50.3798
20 152 8 1.6853
20 153 19 4.5178
20 154 3 0.7941
20 155 1 0.1830
20 156 146 38.5953
20 158 8 1.5160
20 161 7 1.8416
20 162 2 0.4353
20 163 12 3.5273
20 164 339 79.0040
20 165 32 6.9062
20 167 5 1.2455
20 169 195 52.9029
20 170 23 4.9431
20 172 3 0.6724
20 174 61 10.8521
20 175 10 2.3760
20 176 18 5.2323
20 177 10 2.0931
20 178 18 4.9221
20 180 17 3.3356
20 181 2 0.3304
20 182 1 0.2059
20 183 123 29.9690
20 184 7 1.3420
20 185 12 2.6276
20 186 4 0.7924
20 187 178 46.2712
20 188 1 0.1408
20 189 30 6.2176
20 190 12 3.4014
20 191 1 0.1048
20 192 20 4.2671
20 193 2 0.3896
20 194 16 2.9297
20 196 86 17.5411
20 199 6 1.0886
20 201 65 17.7639
20 202 9 2.1375
20 204 14 2.8813
20 205 4 1.0272
20 206 18 4.5544
20 207 2 0.3459
20 208 8 1.7733
20 210 140 32.8737
20 211 22 5.0272
20 212 1 0.1517
20 213 2 0.4773
20 214 16 4.2016
20 215 39 8.5637
20 216 7 1.7831
20 217 27 7.8920
20 218 36 7.3610
20 219 5 0.9298
20 220 22 5.0458
20 221 3 0.5274
20 222 2 0.3780
20 223 39 8.5430
20 224 13 3.6826
20 225 154 37.1165
20 226 1 0.3508
20 227 52 10.2336
20 228 48 10.4987
20 229 10 2.8012
20 230 6 1.7106
20 231 1 0.2355
20 233 14 3.1419
20 236 4 0.8487
20 237 3 0.6298
20 238 14 3.0398
20 239 5 1.1166
20 240 2 0.4258
20 241 5 1.5927
20 242 7 1.0777
20 243 1 0.2277
20 244 1 0.2891
20 245 30 6.7877
20 246 6 1.2154
20 248 61 17.9529
20 250 16 3.0441
20 251 3 0.6875
20 253 28 6.3757
20 254 8 1.6959
20 255 1 0.1601
20 256 1 0.1999
20 257 82 20.9308
20 258 25 5.3868
20 259 15 3.3108
20 260 2 0.2484
20 261 354 90.1347
20 262 3 0.5037
20 263 13 2.6367
20 264 6 1.1951
20 265 8 1.9261
20 266 9 2.1895
20 267 36 10.0757
20 269 2 0.4550
20 271 8 1.7709
20 272 28 6.5332
20 273 12 2.4971
20 274 429 113.4032
20 275 144 36.0737
20 276 7 1.8821
20 277 1 0.1840
20 278 90 28.6132
20 279 180 37.9446
20 281 3 0.4450
20 282 217 65.4150
20 283 102 21.1844
20 284 2 0.3702
20 286 40 9.5661
20 287 24 6.5416
20 288 3 0.4239
20 289 3 0.5898
20 290 70 16.3297
20 291 1 0.2084
20 292 515 122.1567
20 294 3 0.6599
20 295 25 7.4628
20 296 26 5.0132
20 297 13 2.4514
20 298 1 0.2375
20 299 15 3.6527
20 301 1 0.1591
20 302 3 0.5459
20 303 1 0.1641
20 304 6 1.9151
20 305 53 10.0720
20 306 6 1.1214
20 307 131 28.7815
20 309 186 61.5155
20 310 1 0.2378
20 312 30 5.5676
20 313 16 3.9951
20 314 299 94.4710
20 315 5 0.8914
20 317 304 90.1087
20 318 31 6.3262
20 319 5 1.1156
20 320 145 28.7251
20 321 10 1.6935
20 322 25 7.3248
20 323 1 0.1518
20 324 13 2.3182
20 325 3 0.5117
20 326 31 9.3239
20 327 24 5.6212
20 328 18 5.9493
20 329 57 14.4489
20 331 55 13.0569
20 332 113 25.3439
20 333 40 11.5458
20 334 24 4.5506
20 335 34 6.1208
20 336 33 10.4138
20 337 20 4.0229
20 338 117 24.5685
20 339 3 0.6819
20 340 44 14.1065
20 341 61 14.7131
20 342 1 0.1984
20 343 43 9.5705
20 344 9 1.7090
20 345 22 4.6186
20 347 12 2.4367
20 348 6 1.2901
20 349 6 1.1273
20 350 1 0.1659
20 351 1607 360.5212
20 352 98 24.4008
20 353 43 10.7070
20 355 11 2.8021
20 357 7 1.5441
20 359 761 216.2291
20 360 235 68.2982
20 361 3 0.5362
20 362 14 3.1901
20 363 7 1.7254
20 364 4 0.7802
20 367 8 1.4761
20 368 2 0.4414
20 369 3 0.4962
20 370 207 62.3045
20 371 13 2.7998
20 372 20 4.6099
20 373 1 0.1543
20 374 17 3.3408
20 376 26 5.8241
20 378 8 1.8051
20 379 13 2.9277
20 380 19 4.7568
20 381 7 1.3387
20 382 1 0.0966
20 383 41 8.4381
21 0 15 3.0774
21 1 27 5.8497
21 2 3 0.6688
21 3 46 10.4423
21 5 49 8.5159
21 6 13 2.8565
21 7 7 1.3199
21 8 84 18.2273
21 9 21 4.9703
21 10 6 1.8560
21 11 31 7.1309
21 12 16 2.7954
21 13 8 2.2150
21 14 2 0.4925
21 15 449 136.3881
21 16 5 1.0252
21 17 1 0.1561
21 18 8 1.7648
21 20 18 3.5141
21 21 27 6.7008
21 22 80 19.4383
21 23 4 1.0792
21 24 150 35.5173
21 26 8 2.1860
21 27 1 0.2732
21 28 1 0.2005
21 29 10 2.1512
21 30 56 13.2687
21 31 329 72.2929
21 33 28 6.5869
21 34 13 3.0941
21 35 3 0.7755
21 36 20 4.6883
21 37 19 3.7824
21 39 8 1.6584
21 40 11 2.6883
21 41 7 2.0657
21 42 191 48.5678
21 43 2 0.3632
21 44 56 11.3477
21 45 7 1.3106
21 46 2 0.2808
21 47 18 4.3817
21 48 28 6.4268
21 49 2 0.3451
21 50 48 12.4640
21 51 50 13.2636
21 54 304 86.7450
21 55 11 2.5830
21 56 4 1.7088
21 57 2 0.4394
21 58 47 12.7914
21 59 147 33.1889
21 60 16 4.1222
21 61 75 22.4641
21 63 8 1.7116
21 64 1 0.2190
21 65 9 2.3746
21 66 46 9.3770
21 67 23 5.3518
21 68 3 0.6186
21 69 5 0.9395
21 70 167 43.0138
21 72 168 38.2839
21 73 6 1.1912
21 75 1 0.2035
21 77 23 5.3629
21 78 6 1.3011
21 79 16 3.2401
21 80 5 1.1284
21 81 19 3.9807
21 82 43 7.8110
21 84 42 9.3699
21 85 2 0.4430
21 86 3 0.5759
21 88 8 1.8791
21 89 253 60.1633
21 90 6 0.9014
21 92 1 0.2078
21 93 17 3.4351
21 95 23 4.8452
21 96 5 0.9153
21 97 9 2.5814
21 99 1 0.2335
21 100 129 40.6808
21 101 10 2.3396
21 102 25 9.2357
21 103 29 5.7350
21 104 5 1.9093
21 105 21 3.7540
21 106 69 16.4581
21 107 8 1.6667
21 108 18 3.8806
21 109 6 1.1183
21 110 21 4.8588
21 111 7 1.2811
21 112 57 18.3149
21 114 33 6.9550
21 115 119 34.3048
21 116 33 11.7809
21 117 3 0.6097
21 118 49 10.5119
21 120 21 5.5020
21 121 89 26.1424
21 122 16 2.5316
21 123 2 0.4096
21 124 19 6.8493
21 125 8 2.5596
21 126 17 3.3394
21 127 7 1.4164
21 129 6 1.3195
21 130 93 21.8849
21 131 42 9.9707
21 132 9 2.0049
21 134 93 22.3059
21 135 127 34.1633
21 136 20 4.6010
21 137 255 54.8910
21 138 27 5.9609
21 139 111 21.9431
21 140 14 2.9324
21 141 65 15.6795
21 142 40 8.2948
21 143 48 10.0328
21 145 8 1.3836
21 146 16 3.2162
21 147 4 0.6624
21 148 1 0.2013
21 150 6 1.2319
21 151 77 18.5452
21 152 3 0.6479
21 155 16 3.9255
21 156 2 0.3898
21 157 21 4.3327
21 158 41 10.3434
21 159 20 3.7421
21 160 239 67.0999
21 161 43 9.6208
21 162 5 1.1400
21 163 435 143.2555
21 164 29 7.6682
21 165 90 26.9085
21 166 3 0.6227
21 167 3 0.6821
21 168 10 2.0875
21 169 1 0.2391
21 171 94 19.6137
21 172 7 1.4256
21 173 16 3.1779
21 176 32 8.7429
21 178 1 0.1818
21 179 14 2.5792
21 181 200 43.8315
21 182 1 0.2456
21 183 5 1.0051
21 184 917 266.2023
21 185 12 3.6308
21 186 22 4.8654
21 187 52 15.7478
21 188 178 47.6130
21 189 3 0.5058
21 190 18 4.6228
21 191 24 4.7110
21 192 206 58.9884
21 193 8 1.6133
21 194 10 1.9448
21 195 1 0.3299
21 196 4 0.9425
21 197 12 2.8454
21 198 2 0.3863
21 200 152 48.6210
21 201 17 3.4389
21 202 8 1.6274
21 203 5 1.0357
21 204 7 1.5194
21 205 56 11.9108
21 206 26 6.1887
21 208 211 44.4417
21 209 2 0.6093
21 210 593 145.7428
21 211 2 0.2721
21 213 1 0.1829
21 214 44 8.2995
21 215 65 20.9695
21 218 7 1.2395
21 219 71 15.5554
21 220 65 13.1388
21 221 3 0.5278
21 223 4 0.7859
21 224 84 18.6119
21 225 197 39.8298
21 226 44 11.6779
21 227 94 20.7655
21 228 16 3.3929
21 229 7 1.5406
21 231 5 1.1468
21 232 5 1.0033
21 234 1 0.1693
21 235 2 0.4437
21 236 13 3.5297
21 237 5 1.7360
21 238 1 0.1661
21 239 11 2.3730
21 240 19 4.1152
21 243 23 6.0905
21 245 4 0.7587
21 246 2 0.4177
21 247 10 2.2042
21 248 8 1.4776
21 249 4 0.6927
21 250 32 9.2796
21 251 424 99.0997
21 252 20 4.9716
21 254 17 4.6266
21 255 19 4.0965
21 256 1 0.1879
21 257 817 229.1460
21 258 8 3.0066
21 260 20 5.1252
21 261 6 1.2260
21 263 14 4.4279
21 264 68 15.2030
21 265 1 0.2782
21 266 1 0.2248
21 267 2 0.3867
21 268 4 0.8952
21 269 296 83.4592
21 270 17 3.0474
21 271 1 0.1344
21 272 17 3.6910
21 274 32 8.2900
21 275 5 1.2727
21 276 64 12.1333
21 278 16 3.7992
21 280 24 4.6586
21 281 55 11.7911
21 282 295 63.4237
21 283 1 0.1751
21 284 2 0.3568
21 285 86 19.4359
21 286 9 2.0679
21 287 1 0.1243
21 289 1 0.2158
21 290 7 1.3015
21 291 2 0.4021
21 292 36 7.7721
21 293 1 0.2193
21 296 61 13.0361
21 297 4 0.7225
21 299 13 3.5252
21 300 17 4.2633
21 301 18 4.0962
21 302 1 0.2159
21 304 4 0.9039
21 305 28 6.4205
21 308 6 1.0857
21 309 17 3.6434
21 310 10 2.0249
21 311 16 3.1459
21 312 10 3.1661
21 313 5 0.9186
21 315 41 13.5524
21 317 1 0.2130
21 318 25 7.5545
21 319 50 10.8121
21 320 2 0.2779
21 321 2 0.4124
21 322 10 2.0347
21 324 274 77.9661
21 325 2 0.2869
21 326 1 0.1738
21 327 1588 395.6982
21 329 192 46.9013
21 330 27 4.7439
21 331 9 1.8982
21 332 6 1.2946
21 334 62 14.6513
21 335 25 5.6437
21 336 11 3.6161
21 337 126 29.1677
21 338 9 1.7025
21 340 1 0.2155
21 341 96 21.5868
21 342 3 0.6515
21 343 6 1.8541
21 344 1 0.1113
21 345 2 0.3775
21 346 18 3.5119
21 347 16 3.6972
21 349 100 23.6824
21 350 18 7.5064
21 351 56 14.2135
21 352 13 2.6560
21 353 18 4.1431
21 354 1 0.2137
21 355 14 3.6144
21 356 6 1.2444
21 357 25 6.1084
21 358 95 23.0188
21 359 1 0.1317
21 360 1 0.2301
21 361 11 2.0557
21 363 1 0.2374
21 364 4 0.6308
21 365 10 3.2043
21 367 92 19.2524
21 368 583 124.1413
21 369 87 18.8159
21 370 1 0.1868
21 371 9 2.6721
21 373 358 83.4608
21 374 6 1.3941
21 375 22 5.0612
21 376 3 0.5936
21 377 8 1.2809
21 378 7 1.3738
21 379 29 5.6772
21 380 124 24.1838
21 381 64 26.6761
21 382 33 8.4309
21 383 2 0.3023
22 0 2 0.5823
22 1 7 1.6182
22 2 52 11.6798
22 3 29 5.9872
22 4 35 7.2666
22 5 30 5.8838
22 6 203 47.4710
22 8 8 1.8111
22 9 145 44.2964
22 10 23 4.5910
22 12 29 7.8356
22 13 11 2.5377
22 16 1 0.2019
22 17 2 0.4091
22 18 18 4.7250
22 19 5 1.3746
22 21 4 0.7686
22 22 7 1.3213
22 23 10 2.8588
22 24 1 0.2446
22 25 2 0.4739
22 26 10 2.1182
22 27 55 11.9491
22 28 29 7.1782
22 29 13 2.5097
22 32 9 2.3387
22 33 9 1.6206
22 34 28 6.9817
22 35 1 0.1731
22 36 66 16.6230
22 38 3 0.5780
22 39 63 12.7070
22 41 2 0.2376
22 42 70 13.8603
22 44 370 104.9273
22 46 1 0.2363
22 48 9 2.3048
22 50 50 11.6576
22 51 3 0.8873
22 52 15 2.5885
22 53 148 37.4396
22 54 8 1.6196
22 55 1 0.2224
22 56 2 0.7279
22 57 77 16.3886
22 58 13 4.3764
22 59 5 0.7106
22 60 7 1.6165
22 62 47 9.6782
22 63 9 2.0355
22 65 3 0.6007
22 67 105 23.6124
22 68 160 35.1031
22 69 377 77.4860
22 70 20 4.7451
22 72 266 58.7185
22 73 17 4.6871
22 74 11 2.2165
22 75 1 0.2085
22 77 12 2.7439
22 78 40 8.1591
22 79 5 1.0361
22 81 13 2.5436
22 82 19 3.7188
22 83 7 1.4065
22 84 357 110.0069
22 85 99 26.5094
22 86 8 1.7620
22 87 331 92.8913
22 88 3 0.5739
22 90 3 0.8267
22 91 11 2.9104
22 93 19 3.6619
22 95 8 2.0492
22 96 3 0.9054
22 97 8 2.1631
22 99 46 10.1550
22 100 17 3.2000
22 101 5 1.0550
22 102 1 0.1953
22 104 1 0.1999
22 107 481 117.7388
22 108 4 0.8794
22 109 17 3.6779
22 110 74 19.8908
22 111 1 0.3571
22 113 16 2.9985
22 114 13 2.5461
22 115 21 4.5758
22 116 11 2.1637
22 117 16 3.3214
22 118 365 102.2947
22 120 5 0.9759
22 121 94 20.5958
22 123 7 1.8210
22 125 65 17.8583
22 126 16 3.7715
22 127 278 55.2870
22 128 121 43.9164
22 129 2 0.6122
22 130 30 6.6134
22 131 121 25.7819
22 132 37 7.7391
22 133 72 14.9805
22 136 10 2.5853
22 137 3 0.6621
22 138 4 1.0621
22 139 29 5.7055
22 140 108 22.0151
22 141 38 9.9358
22 143 2 0.4168
22 144 13 2.7201
22 145 12 3.5794
22 146 4 1.0500
22 147 41 8.2086
22 148 11 2.3482
22 149 2 0.5349
22 150 26 5.2285
22 151 74 15.5422
22 152 8 1.8152
22 154 197 39.7925
22 155 86 20.4641
22 157 10 2.2664
22 158 418 113.8159
22 159 80 17.4191
22 160 11 3.0561
22 161 1 0.2532
22 162 3 0.6496
22 163 7 1.3867
22 166 18 3.3868
22 167 5 1.0729
22 168 10 2.0448
22 169 18 3.8014
22 171 9 2.0658
22 172 52 13.1700
22 173 55 16.1804
22 174 33 7.1481
22 175 3 0.6070
22 176 18 4.3000
22 177 27 6.0704
22 178 79 16.2896
22 179 100 22.1199
22 180 64 19.4948
22 181 1 0.1668
22 182 59 13.7618
22 184 227 82.8408
22 185 50 10.2738
22 186 5 1.0575
22 190 1 0.2151
22 192 31 10.1358
22 193 43 9.2477
22 194 1 0.2240
22 195 5 1.1916
22 196 10 2.0943
22 198 14 2.6637
22 199 21 6.1914
22 200 6 1.9232
22 201 1 0.2189
22 202 57 12.3190
22 203 4 0.8091
22 204 5 0.9913
22 205 16 3.5434
22 206 32 8.8182
22 207 12 3.3787
22 208 23 4.8089
22 209 5 1.3301
22 210 69 13.9944
22 211 6 1.2286
22 213 24 5.1774
22 214 28 5.6796
22 215 88 18.1644
22 216 4 1.1375
22 217 1 0.1911
22 218 6 1.3362
22 219 71 16.7633
22 220 3 0.8399
22 221 178 39.5268
22 225 126 35.3845
22 226 2 0.4831
22 227 4 0.6464
22 228 136 29.0604
22 229 4 0.7561
22 230 13 2.6651
22 231 2 0.3153
22 232 6 0.9884
22 233 142 40.3937
22 234 202 43.2920
22 235 98 22.3552
22 236 110 33.2577
22 237 1 0.1519
22 238 91 18.8147
22 239 20 4.5463
22 240 1 0.2278
22 241 18 4.5399
22 242 16 4.6620
22 244 7 1.6590
22 245 22 4.3100
22 246 6 1.3014
22 248 6 1.0076
22 249 2 0.5984
22 250 343 107.2266
22 253 73 22.5351
22 254 3 0.6924
22 255 2 0.4128
22 257 16 3.4985
22 259 281 68.6860
22 260 7 1.5021
22 261 43 9.6534
22 263 55 11.5770
22 264 5 1.1708
22 265 5 1.0362
22 266 21 4.6419
22 267 6 1.5369
22 268 70 14.5743
22 269 8 1.7108
22 271 40 8.2546
22 272 33 8.4939
22 273 5 1.1891
22 274 35 8.4447
22 275 13 2.4418
22 277 603 166.1752
22 278 51 11.6012
22 279 35 10.7924
22 280 21 5.9833
22 281 12 2.5013
22 282 2 0.3824
22 284 13 2.6274
22 285 1 0.2228
22 286 15 3.9559
22 287 28 5.4078
22 288 1 0.1743
22 289 13 2.7409
22 290 7 1.1223
22 292 1 0.2664
22 293 49 10.0260
22 294 23 5.1730
22 295 39 9.9605
22 296 116 24.2545
22 297 1 0.1436
22 298 7 1.1673
22 299 3 0.7725
22 300 6 1.6994
22 301 5 1.2783
22 302 3 0.5758
22 303 1 0.2003
22 304 13 2.2441
22 306 3 0.4424
22 307 15 2.6386
22 308 8 1.6441
22 312 4 0.7673
22 313 89 19.4890
22 314 8 1.6340
22 316 79 16.3515
22 317 15 3.6398
22 318 9 2.4520
22 319 7 1.8838
22 320 156 33.0825
22 321 3 0.6121
22 322 24 5.1440
22 324 7 1.5088
22 326 49 10.7882
22 327 29 6.0554
22 328 68 14.8108
22 329 2 0.4555
22 330 43 10.1423
22 331 2 0.4678
22 333 1 0.1967
22 334 137 37.8822
22 335 535 134.0396
22 336 2 0.4891
22 337 94 19.2713
22 338 24 5.8072
22 339 11 1.5694
22 340 15 4.1328
22 341 6 1.3381
22 342 1 0.1316
22 343 1 0.1952
22 344 46 10.5360
22 345 21 3.9130
22 346 5 1.0190
22 347 48 9.6732
22 348 16 4.3123
22 349 11 2.2217
22 350 120 30.4239
22 351 29 5.5966
22 352 2 0.6703
22 353 4 0.8269
22 354 350 98.6457
22 355 3 0.6808
22 356 11 2.1723
22 357 3 0.5959
22 358 8 1.5112
22 359 14 3.0457
22 360 4 1.0398
22 362 10 2.9836
22 363 71 14.6239
22 364 263 85.4237
22 365 7 1.7094
22 366 10 2.9846
22 367 26 6.6091
22 369 1 0.1829
22 370 24 4.3201
22 371 279 70.0237
22 372 9 2.3796
22 373 1104 294.3486
22 374 26 6.1236
22 375 1 0.2369
22 376 237 53.5787
22 377 81 17.0602
22 378 1 0.2946
22 379 15 2.9673
22 380 30 7.4494
22 381 356 114.6336
22 382 5 1.0075
22 383 116 25.6519
23 0 24 4.6491
23 1 14 2.4684
23 2 4 0.8354
23 3 3 0.4614
23 4 64 11.7234
23 5 14 2.6549
23 6 63 20.2405
23 7 4 0.8270
23 8 4 0.6971
23 9 6 1.2663
23 10 10 2.2670
23 11 10 2.2134
23 12 12 2.5191
23 13 5 1.4592
23 14 10 2.0249
23 15 17 4.2603
23 16 55 12.7387
23 17 80 16.3017
23 18 8 1.8075
23 19 11 1.9809
23 20 111 23.2675
23 22 1 0.1911
23 23 4 0.7209
23 24 21 6.6375
23 25 84 16.8734
23 26 147 28.9928
23 27 131 42.1932
23 28 5 0.8274
23 29 117 26.5811
23 30 6 1.6058
23 32 9 2.1361
23 33 50 9.9219
23 34 10 1.7731
23 35 27 5.1000
23 36 5 1.0576
23 37 82 17.6172
23 38 7 1.2095
23 40 120 45.1394
23 41 43 8.5564
23 42 1 0.1564
23 43 25 4.8562
23 44 10 3.8837
23 45 8 1.5857
23 46 43 8.2015
23 47 17 3.1564
23 48 326 95.5809
23 49 11 3.7470
23 50 169 30.9490
23 51 36 6.9895
23 52 13 4.2433
23 53 2 0.3975
23 54 22 5.0918
23 55 27 5.3295
23 57 124 38.1763
23 59 12 2.1597
23 61 13 2.5274
23 62 6 2.2726
23 63 3 0.5305
23 64 34 7.8622
23 66 25 8.0325
23 67 46 11.0331
23 68 39 9.5389
23 69 10 1.8725
23 71 3 0.5994
23 72 40 7.5497
23 73 41 7.3823
23 74 2 0.3612
23 75 5 1.6088
23 76 24 5.5223
23 77 1 0.2009
23 78 4 1.3796
23 79 11 3.5554
23 80 32 6.0822
23 81 2 0.3610
23 82 4 0.8150
23 84 26 5.2446
23 85 26 5.1229
23 86 11 2.9473
23 87 6 1.7181
23 88 28 9.0283
23 89 2 0.3455
23 90 39 7.0624
23 91 61 12.2591
23 92 48 11.5223
23 93 27 5.5751
23 94 1 0.2701
23 95 86 25.3347
23 96 37 7.1520
23 97 517 117.6980
23 98 7 1.3983
23 99 1 0.1192
23 100 32 6.8996
23 101 24 5.1083
23 102 3 0.4730
23 103 38 9.1091
23 104 3 0.6012
23 105 2 0.3254
23 106 117 24.3229
23 107 4 0.7405
23 108 74 13.9729
23 109 7 2.2648
23 110 214 67.4486
23 112 2 0.8162
23 113 148 45.7441
23 115 13 3.0336
23 116 26 6.0600
23 117 1 0.1583
23 118 9 2.0923
23 119 15 4.3273
23 120 70 13.5300
23 121 44 14.1591
23 122 10 1.7982
23 123 6 1.0247
23 125 6 1.7184
23 126 20 5.4111
23 127 14 2.9739
23 128 182 37.2990
23 129 24 5.6681
23 130 9 1.6459
23 131 75 18.4821
23 132 14 4.1682
23 133 13 3.0567
23 134 11 2.6536
23 135 24 5.4224
23 136 2 0.3653
23 137 22 4.0349
23 139 24 7.0641
23 140 2 0.6062
23 141 16 2.9481
23 142 15 2.8462
23 143 23 6.2106
23 144 7 1.5682
23 145 3 0.6392
23 146 36 10.5508
23 147 119 26.8317
23 148 17 6.3143
23 149 201 64.6334
23 150 23 5.9234
23 151 51 12.9479
23 152 265 83.7919
23 153 37 5.9265
23 154 165 50.6285
23 155 48 12.0169
23 156 21 5.7703
23 157 13 3.6192
23 159 2 0.5393
23 160 47 10.8900
23 162 26 6.0821
23 163 41 10.9234
23 164 30 7.4745
23 165 6 1.4044
23 166 19 4.9572
23 167 34 10.0965
23 168 9 1.9540
23 169 1 0.1696
23 170 11 2.3141
23 171 56 10.5658
23 172 7 2.4270
23 173 4 0.6230
23 174 12 2.0913
23 175 7 1.4290
23 176 25 4.7279
23 177 67 11.7950
23 178 1 0.4872
23 179 5 1.2172
23 180 35 6.9751
23 181 2 0.5199
23 182 10 1.9686
23 183 17 3.7247
23 185 22 4.1549
23 186 19 3.8971
23 187 12 2.7600
23 188 46 12.0792
23 189 84 23.0644
23 190 63 15.8305
23 191 138 38.3381
23 192 8 2.4741
23 193 5 1.2564
23 195 49 10.2116
23 196 24 15.9078
23 197 46 9.6675
23 198 4 1.0094
23 199 9 2.3528
23 200 4 0.6989
23 201 10 1.8236
23 202 43 8.7000
23 204 4 0.7378
23 205 1143 313.4881
23 206 15 3.0704
23 207 26 7.8276
23 208 205 59.0692
23 209 34 7.0416
23 210 23 4.2677
23 211 12 2.1367
23 212 6 1.4645
23 213 8 2.3450
23 214 33 5.7314
23 215 29 6.3511
23 216 17 3.9296
23 217 4 0.8348
23 218 17 4.7694
23 219 174 38.0903
23 220 61 12.0488
23 221 1 0.2316
23 222 32 10.3167
23 223 2 0.3846
23 224 464 95.6767
23 225 7 1.9948
23 226 4 0.6308
23 227 1 0.1579
23 230 7 1.7679
23 231 16 3.5432
23 232 5 0.8954
23 234 3 0.5425
23 235 14 2.9279
23 236 8 1.2750
23 237 3 0.7586
23 238 1 0.1393
23 239 3 0.4208
23 240 2 0.3907
23 242 49 14.8761
23 243 33 6.7516
23 245 117 23.7244
23 247 16 3.2418
23 248 1 0.1078
23 249 1 0.1423
23 251 13 2.3078
23 254 16 5.3483
23 255 90 18.3573
23 256 19 3.8452
23 257 53 10.6867
23 258 13 4.0117
23 259 4 0.8139
23 260 7 1.8347
23 261 5 0.8202
23 262 3 0.4947
23 263 9 1.5909
23 264 9 2.4507
23 265 26 4.8380
23 266 960 258.9314
23 267 10 2.6979
23 268 6 1.2136
23 269 11 2.8993
23 270 9 1.7784
23 271 142 30.3139
23 272 12 2.4409
23 273 44 9.2128
23 274 21 4.7053
23 275 8 1.6865
23 276 16 3.0438
23 277 423 112.5487
23 278 2 0.6939
23 279 20 8.2287
23 280 1 0.1117
23 281 4 1.4725
23 282 24 5.2835
23 283 226 52.1441
23 284 13 2.8783
23 285 22 4.3447
23 286 6 1.5079
23 287 11 2.6341
23 288 8 1.3510
23 290 11 2.6528
23 291 25 6.7385
23 292 24 4.6075
23 293 6 1.8826
23 294 66 18.1643
23 295 9 1.5678
23 296 24 8.0478
23 297 3 0.5344
23 298 22 6.2170
23 299 3 0.4328
23 300 35 8.1181
23 301 24 6.5347
23 302 4 0.6812
23 304 8 1.7934
23 305 437 159.8820
23 306 14 2.6689
23 307 1 0.1465
23 308 9 1.8477
23 309 10 1.7823
23 311 5 0.9937
23 312 9 2.4044
23 313 48 17.3986
23 314 3 0.6636
23 315 28 5.5239
23 316 31 9.5530
23 317 43 10.9208
23 318 6 1.1519
23 319 4 1.6537
23 320 255 46.3776
23 322 193 58.3806
23 324 8 1.3949
23 325 9 2.3066
23 326 21 4.3517
23 328 4 0.8656
23 329 16 3.7755
23 331 28 6.2452
23 332 96 18.9230
23 333 24 5.8671
23 334 38 8.1218
23 335 2 0.3518
23 336 2 0.3682
23 337 3 0.4008
23 338 9 2.1166
23 339 14 4.7892
23 341 2 0.2921
23 342 1 0.2389
23 343 5 1.8252
23 344 26 7.9602
23 345 36 7.4897
23 346 19 4.0699
23 347 13 2.4970
23 348 33 7.1264
23 349 12 2.5451
23 350 1 0.3689
23 351 6 1.1268
23 352 1 0.1768
23 353 2 0.3218
23 354 37 6.6310
23 355 16 3.2550
23 356 132 28.5592
23 357 24 5.2877
23 358 1208 281.7616
23 360 26 5.0373
23 361 28 5.5644
23 362 51 10.6280
23 363 43 9.8041
23 364 12 2.8772
23 365 14 4.3365
23 366 98 17.8655
23 367 18 3.4260
23 368 11 2.7008
23 370 40 11.2507
23 372 125 49.0214
23 374 39 7.6205
23 375 18 3.7378
23 376 1 0.1810
23 377 9 2.3933
23 378 5 1.3445
23 381 6 1.2712
23 382 37 7.5852
23 383 14 2.8591
24 0 14 3.2276
24 1 1 0.1565
24 2 94 21.1647
24 3 37 8.2207
24 4 3 0.7320
24 5 45 9.8038
24 6 18 4.2782
24 7 54 11.8467
24 8 10 2.2776
24 10 486 114.4011
24 11 53 10.5065
24 12 1 0.1520
24 13 2 0.3840
24 14 6 2.2391
24 15 99 21.0918
24 16 135 30.2469
24 19 15 2.9052
24 20 24 9.6033
24 22 301 68.3728
24 24 20 4.0082
24 26 1 0.1441
24 27 2 0.4457
24 28 11 2.2598
24 30 10 2.3806
24 32 39 8.4207
24 33 47 11.3723
24 35 17 3.5834
24 36 14 4.0684
24 37 205 45.8258
24 38 6 1.0123
24 39 32 7.5987
24 41 69 17.1746
24 42 17 3.6079
24 43 70 15.9172
24 45 15 3.2800
24 46 3 0.8677
24 47 387 115.9930
24 48 59 11.3493
24 50 13 2.6390
24 52 34 7.5791
24 53 20 4.1720
24 54 31 6.4325
24 55 2 0.4783
24 57 305 79.7893
24 58 3 0.6277
24 60 19 5.2990
24 61 4 0.8351
24 63 14 2.6844
24 64 8 1.6394
24 66 405 94.8883
24 67 4 0.6631
24 68 30 6.6859
24 70 1 0.4289
24 72 49 9.1217
24 73 62 19.9603
24 76 2 0.6242
24 78 24 5.1171
24 79 10 2.3001
24 80 1 0.2453
24 81 1 0.1734
24 82 6 1.1492
24 83 10 2.0282
24 84 27 6.1082
24 86 53 11.1335
24 87 77 17.8745
24 88 10 3.1505
24 91 27 6.3403
24 92 82 18.9613
24 93 2 0.3682
24 96 33 6.8324
24 97 5 1.2868
24 98 9 2.0525
24 99 5 1.0188
24 100 21 4.0742
24 101 15 3.8603
24 103 27 6.2005
24 104 53 11.7621
24 105 76 22.9495
24 106 204 45.8116
24 107 30 5.8617
24 108 14 3.0964
24 109 22 5.2773
24 110 4 0.8496
24 112 68 13.7170
24 113 13 2.5733
24 114 5 1.2857
24 115 12 2.4893
24 117 27 5.8727
24 118 5 1.6162
24 119 15 3.4390
24 120 1 0.1516
24 121 28 5.6864
24 122 195 64.6883
24 123 10 2.4871
24 124 21 4.4439
24 125 1 0.1365
24 126 10 1.6661
24 127 73 15.8871
24 130 7 1.7561
24 132 31 7.4207
24 133 13 2.9457
24 134 63 14.3831
24 135 178 36.2557
24 136 12 2.6552
24 138 166 43.1225
24 139 202 49.9537
24 140 2 0.4466
24 141 44 10.2593
24 143 5 1.1293
24 145 28 7.4104
24 146 321 77.5473
24 147 88 21.8618
24 149 1 0.1913
24 150 4 0.9477
24 152 5 1.0270
24 153 50 10.2533
24 154 12 2.6744
24 155 34 7.1018
24 157 18 5.3682
24 158 115 24.5293
24 160 1 0.1714
24 161 47 9.9684
24 162 27 6.9295
24 163 5 0.9725
24 164 7 1.7327
24 165 9 2.1009
24 166 9 2.2659
24 167 33 7.2224
24 168 6 1.2612
24 169 3 0.6669
24 170 2 0.5406
24 171 2 0.3748
24 173 16 3.2367
24 174 2 0.3625
24 175 12 2.3830
24 177 34 6.8257
24 178 38 8.2031
24 179 1 0.2058
24 180 2 0.3934
24 181 24 6.2495
24 182 12 2.3149
24 183 76 30.0207
24 184 19 4.0684
24 185 36 10.7965
24 186 1 0.1882
24 187 7 1.7876
24 188 13 2.8811
24 189 72 19.8844
24 190 95 22.7658
24 191 22 4.3554
24 192 46 9.9204
24 193 10 1.9992
24 194 1 0.1792
24 195 2 0.3634
24 196 19 4.3750
24 197 3 0.6485
24 198 15 2.8364
24 199 26 6.3239
24 200 6 1.3554
24 201 4 0.6742
24 202 21 4.4597
24 203 8 1.9267
24 204 122 32.9815
24 206 3 0.6748
24 208 29 6.9089
24 209 22 5.0197
24 210 1 0.2352
24 211 14 2.6147
24 212 4 0.7891
24 213 41 9.2337
24 214 38 8.6250
24 215 3 0.5794
24 216 18 3.7933
24 218 26 5.8020
24 219 175 36.5549
24 221 1 0.1317
24 222 12 2.6110
24 223 440 121.3933
24 224 22 5.2687
24 225 412 91.6176
24 227 4 0.8828
24 228 2 0.2690
24 229 10 2.1396
24 230 6 1.2305
24 231 47 9.7606
24 232 196 44.1495
24 233 197 69.1380
24 236 36 7.2679
24 237 58 11.9263
24 238 36 7.3146
24 240 31 6.7605
24 241 2 0.3605
24 242 3 0.5334
24 243 1 0.2068
24 244 39 10.0898
24 245 3 0.5851
24 246 105 23.2378
24 247 3 0.7764
24 249 249 54.5937
24 250 1 0.2946
24 252 830 251.1564
24 253 12 2.5390
24 254 6 0.7710
24 255 21 4.1260
24 257 12 2.5496
24 258 5 1.0306
24 259 13 2.7378
24 260 1 0.1801
24 261 4 0.6654
24 262 29 6.9435
24 263 46 10.1928
24 264 50 10.6791
24 265 12 2.6115
24 266 65 14.7529
24 268 14 2.9458
24 269 34 9.4081
24 270 1 0.2092
24 271 10 2.1022
24 272 6 1.6987
24 273 50 10.0018
24 275 303 85.0625
24 276 10 2.0128
24 277 5 1.0497
24 278 162 42.5110
24 280 1 0.2206
24 281 31 7.5718
24 283 98 20.9034
24 284 39 12.5418
24 285 84 25.8427
24 287 42 8.2816
24 289 15 2.6599
24 290 27 6.7458
24 291 11 2.3428
24 292 31 6.9883
24 293 1 0.2154
24 294 24 5.7743
24 296 36 7.4348
24 297 26 6.5882
24 298 3 0.6554
24 299 31 6.4368
24 300 10 1.9368
24 302 3 0.7281
24 303 2 0.3799
24 304 78 17.6322
24 306 7 1.4506
24 307 20 3.9558
24 308 1 0.1709
24 309 3 0.6455
24 311 98 20.1611
24 313 116 35.2443
24 314 13 2.4581
24 315 124 27.0860
24 316 24 4.8139
24 317 47 10.9966
24 320 2 0.4206
24 321 381 140.2031
24 322 21 3.8690
24 323 11 3.1356
24 324 66 15.4209
24 325 7 1.8982
24 326 198 56.2384
24 328 4 0.9507
24 330 11 2.1742
24 331 41 8.1642
24 332 64 13.6952
24 333 105 21.3722
24 334 1 0.2172
24 335 5 0.8762
24 336 10 2.0960
24 337 80 18.2089
24 338 154 33.2428
24 341 4 0.8239
24 342 15 6.2028
24 343 24 6.4020
24 344 1 0.1838
24 345 30 6.5874
24 346 731 182.8624
24 347 7 1.5507
24 348 39 10.1237
24 351 4 0.8230
24 352 1 0.2651
24 353 43 10.8384
24 354 1 0.2331
24 355 65 13.6558
24 356 5 1.0897
24 358 183 56.0105
24 359 68 14.5597
24 361 1 0.2412
24 362 11 3.4375
24 363 9 2.6012
24 364 9 2.2014
24 365 7 1.6572
24 367 159 54.5995
24 368 5 1.2152
24 369 37 8.1403
24 373 3 0.5724
24 375 4 0.9644
24 377 5 1.3939
24 378 6 1.1807
24 379 12 2.3529
24 380 56 13.1335
24 382 1 0.2353
24 383 25 6.4888
25 0 1 0.1682
25 1 14 3.4994
25 2 1 0.1738
25 3 15 3.6946
25 4 67 13.6522
25 7 293 72.8012
25 8 4 0.8064
25 9 1 0.1687
25 11 20 5.5235
25 13 21 4.3436
25 14 3 0.6555
25 15 89 27.0807
25 16 128 26.4312
25 17 7 1.4164
25 18 5 1.1021
25 20 157 39.2879
25 21 126 27.7307
25 23 126 26.4617
25 24 5 0.9950
25 25 3 0.6707
25 29 54 11.1222
25 31 2 0.3474
25 32 118 26.4618
25 33 133 30.8158
25 34 23 4.8280
25 35 1 0.2224
25 36 4 0.9196
25 37 19 4.2601
25 38 2 0.4436
25 40 8 1.3548
25 41 32 6.2038
25 42 29 6.2769
25 43 114 21.2481
25 45 3 0.5587
25 47 17 3.8868
25 53 2 0.2999
25 54 9 2.3216
25 55 50 14.0258
25 56 5 1.1547
25 58 86 18.9007
25 60 5 1.0231
25 61 2 0.3861
25 62 26 4.8926
25 63 22 10.1019
25 64 9 1.9620
25 65 1 0.1874
25 66 19 3.9931
25 67 31 5.3190
25 68 10 2.4127
25 71 9 1.7500
25 72 5 0.9205
25 73 38 8.1238
25 74 9 1.8027
25 75 38 9.4346
25 76 2 0.3294
25 80 12 2.1529
25 81 1 0.1455
25 82 37 7.1160
25 83 10 1.8893
25 86 346 75.4823
25 87 3 0.4525
25 89 14 2.9883
25 90 7 1.3257
25 91 3 0.5605
25 92 50 11.9813
25 93 3 0.6042
25 94 193 47.2675
25 96 10 2.1199
25 97 260 53.7049
25 98 7 1.6265
25 99 25 6.0463
25 101 2 0.4201
25 102 10 2.1005
25 103 186 38.5512
25 105 11 2.5813
25 106 65 14.6268
25 107 58 13.0105
25 108 4 0.6347
25 110 6 1.5136
25 111 252 69.7390
25 112 83 19.5712
25 113 17 3.5095
25 114 9 1.9491
25 115 61 13.6718
25 116 5 0.9563
25 117 1 0.3302
25 118 7 1.1010
25 120 22 4.6257
25 121 20 4.7050
25 122 15 2.5820
25 123 1 0.2146
25 124 31 6.1308
25 125 6 1.0394
25 127 3 0.6918
25 128 306 79.7273
25 129 3 0.7255
25 130 25 5.7908
25 131 20 3.3458
25 132 4 0.8765
25 133 6 1.0964
25 134 164 32.3703
25 135 43 9.1308
25 136 91 20.7193
25 138 8 1.6486
25 139 37 7.8616
25 140 5 0.9294
25 141 1 0.1729
25 142 8 1.5533
25 143 8 1.3371
25 144 8 1.7798
25 145 14 2.8906
25 146 10 2.1857
25 147 9 1.8900
25 148 14 2.8133
25 149 8 1.3895
25 150 25 5.7974
25 151 40 8.9527
25 152 14 2.9812
25 153 13 2.6145
25 156 18 4.3723
25 157 11 2.4133
25 158 5 0.9466
25 159 20 5.4162
25 160 109 22.9317
25 161 63 12.9342
25 162 14 2.6201
25 163 103 21.7622
25 164 113 23.8814
25 165 86 17.7971
25 166 15 2.8986
25 167 7 1.4935
25 168 30 6.5922
25 169 1 0.1733
25 171 617 257.7707
25 174 27 5.7817
25 177 12 2.8998
25 178 137 32.3312
25 179 15 3.7275
25 180 42 11.4743
25 181 4 0.6835
25 182 43 10.0737
25 184 55 11.2280
25 185 12 2.5131
25 186 30 6.0914
25 187 27 5.5827
25 188 9 1.8669
25 189 38 7.7670
25 190 1 0.2153
25 192 23 6.8530
25 193 40 9.7618
25 194 1 0.1480
25 195 2 0.3730
25 197 128 36.6861
25 199 56 12.4927
25 200 4 0.7867
25 203 4 0.6637
25 204 14 2.7076
25 205 17 4.1417
25 206 4 0.7660
25 208 382 101.5539
25 209 5 1.2590
25 210 57 13.2016
25 211 80 21.5752
25 213 7 1.4170
25 214 19 3.6425
25 215 72 16.4498
25 217 4 0.9500
25 218 1 0.2165
25 220 31 5.4761
25 221 26 5.9462
25 223 1 0.2561
25 224 11 2.1022
25 225 23 5.3379
25 226 1 0.1154
25 227 14 2.0822
25 228 6 1.2223
25 229 9 2.1642
25 230 3 0.5542
25 231 184 50.9306
25 232 3 0.6955
25 233 89 24.4787
25 234 1 0.1415
25 235 41 8.2197
25 237 198 52.3102
25 239 26 5.1507
25 241 3 0.5483
25 242 422 82.7286
25 244 18 4.2838
25 246 31 6.6132
25 247 53 10.2950
25 248 25 6.2202
25 249 25 5.4033
25 250 28 6.3990
25 251 306 62.1785
25 252 59 11.3636
25 253 23 4.1229
25 256 4 0.9102
25 257 8 1.6815
25 260 251 53.7927
25 261 165 36.5656
25 263 39 8.7518
25 265 35 7.4296
25 266 8 1.8478
25 269 43 8.9457
25 270 13 2.4538
25 271 31 7.3490
25 272 31 7.7435
25 273 25 5.3922
25 274 15 3.2099
25 276 4 0.8715
25 277 17 3.4335
25 279 53 11.8209
25 283 27 6.0397
25 285 2 0.4131
25 286 46 8.8737
25 287 32 6.1431
25 288 139 28.4122
25 289 1 0.1622
25 290 4 0.9561
25 291 57 11.7832
25 293 260 84.9422
25 294 8 1.5769
25 295 5 1.1647
25 299 13 3.4664
25 300 10 2.3532
25 301 125 27.3699
25 302 152 30.4600
25 303 112 21.9937
25 304 15 4.3261
25 306 63 14.7865
25 307 1 0.2440
25 309 1 0.2592
25 310 134 27.4546
25 311 7 1.7527
25 312 21 5.0902
25 314 15 2.7652
25 315 24 6.3415
25 316 3 0.6945
25 318 21 4.0891
25 319 5 0.9040
25 320 1 0.2247
25 321 109 29.5300
25 322 3 0.3654
25 323 12 2.7499
25 324 6 1.7134
25 325 21 4.7422
25 326 3 0.5322
25 327 17 3.3925
25 328 111 28.3101
25 330 9 2.0162
25 331 159 45.6597
25 332 1 0.2348
25 333 214 64.0052
25 334 1 0.2203
25 335 1 0.2323
25 336 19 4.5577
25 337 385 125.5155
25 340 29 8.8080
25 342 1 0.2067
25 344 1 0.1429
25 347 483 113.3234
25 348 14 2.6063
25 349 9 2.0633
25 350 11 2.0798
25 351 53 11.1010
25 352 21 4.3457
25 353 1 0.1435
25 354 3 0.4896
25 356 26 4.8619
25 357 11 2.4774
25 358 229 53.0232
25 359 730 281.2858
25 360 43 9.5668
25 361 1 0.2121
25 363 1 0.1920
25 364 161 41.9434
25 365 16 2.6704
25 368 4 0.9247
25 370 6 1.1441
25 371 10 2.7186
25 372 3 0.7322
25 374 2 0.5089
25 375 21 3.8153
25 382 12 2.4102
25 383 56 11.0951
26 0 47 8.9936
26 1 3 0.6229
26 2 15 3.6780
26 3 9 2.0649
26 4 74 15.4170
26 5 1 0.1402
26 6 2 0.2910
26 7 4 0.9398
26 8 15 3.1097
26 11 20 4.2047
26 12 116 23.5376
26 14 19 3.8407
26 15 73 22.1758
26 16 46 9.7260
26 17 49 10.4129
26 20 33 6.4769
26 22 1 0.1406
26 25 1 0.1526
26 26 31 6.2273
26 27 1033 336.5798
26 28 37 8.0234
26 29 29 6.0965
26 30 40 9.6331
26 31 6 1.3311
26 32 7 1.4773
26 33 8 1.8077
26 34 11 2.2769
26 36 69 14.6591
26 37 111 30.6404
26 38 4 0.6030
26 39 6 1.6966
26 40 50 9.7350
26 41 57 11.3591
26 42 8 1.9761
26 43 9 1.8554
26 44 34 7.1674
26 45 15 2.9909
26 46 21 4.3647
26 47 1 0.2282
26 48 43 9.3882
26 49 18 3.7269
26 50 9 1.7952
26 51 14 2.8394
26 54 35 7.4151
26 57 26 6.6813
26 60 5 1.1093
26 61 9 1.9155
26 62 30 6.3376
26 63 3 0.6702
26 64 4 0.7057
26 65 1 0.1730
26 66 2 0.4342
26 68 4 0.8007
26 69 41 8.1797
26 70 63 17.8458
26 71 15 2.9758
26 72 2 0.3996
26 74 7 1.5674
26 75 1 0.1956
26 76 89 25.5909
26 77 34 6.8786
26 79 10 1.8648
26 80 33 6.3204
26 81 18 3.6765
26 82 1 0.1677
26 83 48 9.9798
26 84 6 1.1405
26 86 4 0.7794
26 87 45 8.9395
26 88 16 2.9539
26 89 6 1.3212
26 90 28 6.1590
26 91 6 1.2763
26 92 52 9.5555
26 93 385 78.8175
26 94 5 0.9691
26 95 13 2.7820
26 97 191 46.1434
26 98 2 0.3751
26 100 5 0.9062
26 101 68 16.9931
26 102 9 1.7496
26 103 3 0.7043
26 104 12 2.5197
26 105 524 163.7973
26 106 74 17.1037
26 107 31 6.5921
26 109 16 4.0642
26 110 5 0.8757
26 112 12 3.3046
26 113 2 0.3626
26 115 4 0.7351
26 116 482 117.3349
26 118 15 2.7973
26 120 544 153.8459
26 121 8 1.5419
26 122 58 10.9966
26 123 9 1.6803
26 124 2 0.5406
26 125 11 3.0970
26 126 2 0.3121
26 128 27 5.1060
26 129 2 0.3458
26 130 1 0.1547
26 133 70 15.3962
26 134 118 27.2827
26 135 8 1.4143
26 136 177 46.2686
26 137 49 9.8280
26 138 10 2.0205
26 139 13 3.1100
26 140 12 3.8875
26 142 81 17.0854
26 145 5 1.1240
26 147 9 2.0692
26 148 19 3.5635
26 149 47 9.6474
26 151 13 2.8654
26 152 7 1.5860
26 153 232 48.8035
26 155 2 0.5241
26 156 6 1.2857
26 157 32 7.4315
26 160 52 11.2775
26 162 22 4.5565
26 163 1 0.1645
26 164 1 0.2063
26 165 6 1.5332
26 166 25 5.2720
26 167 26 5.0001
26 168 5 1.0763
26 169 165 46.6472
26 170 6 1.6658
26 171 15 3.0608
26 172 1 0.1617
26 173 80 19.6050
26 174 314 89.2841
26 176 23 4.5766
26 177 3 0.6843
26 178 41 9.6008
26 179 139 29.6803
26 181 3 0.5333
26 183 21 4.9137
26 184 4 0.6557
26 185 136 37.0518
26 186 204 45.4353
26 187 23 4.2527
26 188 95 22.8114
26 189 1 0.2010
26 190 20 4.1302
26 191 27 5.0541
26 192 81 16.6150
26 193 2 0.4538
26 194 62 16.8899
26 195 4 1.0567
26 197 10 2.0147
26 198 128 28.0051
26 199 82 17.9848
26 200 76 17.2635
26 202 11 2.5302
26 203 1 0.2145
26 204 10 2.3076
26 205 32 6.5792
26 206 402 147.9536
26 207 5 1.2436
26 208 9 1.7552
26 209 27 6.1242
26 211 49 9.9895
26 212 7 1.3201
26 213 4 0.7837
26 214 3 0.6420
26 215 7 1.5524
26 216 7 1.8477
26 217 17 3.4409
26 220 2 0.2955
26 221 26 5.2843
26 223 23 4.9740
26 224 6 1.1414
26 227 129 27.7815
26 228 234 75.6910
26 230 33 6.5966
26 231 4 0.8848
26 233 32 8.1804
26 235 76 20.5975
26 236 8 1.7299
26 237 68 13.7481
26 238 1 0.2085
26 239 55 11.3395
26 240 1 0.1637
26 241 93 19.3285
26 242 15 3.7789
26 244 10 2.3435
26 247 10 2.1026
26 249 16 3.3020
26 250 26 5.8782
26 251 36 7.5117
26 252 20 4.2381
26 254 111 23.5845
26 256 27 6.2876
26 257 8 1.7330
26 258 6 1.1869
26 259 287 76.2764
26 262 2 0.4368
26 263 2 0.4320
26 265 258 69.4804
26 266 16 3.4896
26 267 112 32.3900
26 268 9 2.3987
26 269 3 0.6393
26 270 13 2.8370
26 272 19 4.2646
26 273 6 1.2506
26 274 6 1.5581
26 276 35 7.8118
26 277 37 7.5020
26 279 3 0.6790
26 280 20 4.8847
26 281 36 8.9114
26 283 103 20.3285
26 284 6 1.1679
26 285 14 2.9134
26 288 20 4.2351
26 289 4 1.0566
26 290 32 7.2736
26 292 1 0.2570
26 293 15 2.9405
26 295 28 6.1602
26 297 32 6.1356
26 299 55 11.7301
26 300 1 0.2002
26 302 5 0.9069
26 303 6 1.3004
26 304 25 4.9445
26 307 8 1.6248
26 308 7 1.4844
26 309 234 58.3956
26 310 7 1.4134
26 311 1 0.2488
26 314 4 0.8057
26 315 3 0.6634
26 317 5 1.1762
26 320 5 1.1304
26 323 39 9.9489
26 324 1 0.2791
26 325 96 23.4860
26 327 11 1.9182
26 328 22 4.6979
26 330 9 1.8531
26 331 26 6.1733
26 332 2 0.3216
26 333 80 16.0757
26 334 170 44.3523
26 336 27 6.9976
26 338 1 0.1739
26 340 45 11.0812
26 341 100 23.2968
26 342 4 0.8322
26 343 67 16.6009
26 345 117 25.9115
26 347 18 4.2177
26 348 14 2.9346
26 349 18 4.1360
26 351 41 9.0910
26 352 2 0.4770
26 353 72 14.4320
26 357 12 2.6475
26 358 23 5.5220
26 360 14 2.7105
26 361 251 54.4774
26 362 11 2.2383
26 363 11 2.0594
26 364 1 0.2413
26 365 33 7.0534
26 366 2 0.4758
26 367 9 2.5175
26 368 36 7.8215
26 369 50 10.2808
26 370 22 5.3102
26 371 29 6.3511
26 372 7 1.8587
26 373 17 3.8710
26 374 2 0.3607
26 375 3 0.6094
26 376 48 10.1604
26 377 20 5.4850
26 379 3 0.5787
26 380 112 22.5790
26 382 125 32.9548
26 383 166 51.0011
27 2 11 3.8533
27 3 25 6.8595
27 4 30 6.4139
27 5 33 6.9965
27 6 2 0.4800
27 7 4 0.8569
27 8 2 0.3353
27 9 9 2.3275
27 10 229 78.0211
27 11 3 0.7190
27 12 42 8.9547
27 14 2 0.4748
27 16 11 1.9753
27 18 85 18.3668
27 19 2 0.3840
27 22 29 6.5059
27 23 65 14.7401
27 24 1 0.1550
27 25 2 0.4541
27 26 1 0.1465
27 27 19 4.3859
27 28 57 16.4522
27 29 8 1.7498
27 30 5 0.9242
27 31 6 1.2267
27 32 1 0.1795
27 33 13 3.1026
27 36 8 1.6017
27 37 3 0.4788
27 39 1 0.1555
27 40 20 3.6922
27 41 42 8.6543
27 43 235 99.9598
27 44 4 0.6130
27 45 26 5.1269
27 46 15 3.0278
27 47 30 5.6432
27 48 6 1.9080
27 49 9 2.2923
27 50 12 2.7186
27 51 10 1.7866
27 52 34 7.4455
27 53 37 8.2052
27 54 33 7.7007
27 55 101 22.0018
27 57 253 78.5677
27 58 2 0.4512
27 59 11 2.4147
27 61 24 5.0281
27 62 27 6.0057
27 63 270 68.6566
27 64 19 4.9205
27 66 15 3.0498
27 67 6 1.1815
27 68 35 9.3377
27 69 74 18.3212
27 70 29 6.1086
27 72 19 4.4873
27 73 2 0.3012
27 74 1 0.2191
27 76 11 2.3235
27 77 308 83.6187
27 78 13 2.9264
27 79 77 16.2089
27 80 4 0.7998
27 81 2 0.3124
27 82 4 1.2144
27 84 40 9.8095
27 85 18 3.6097
27 86 82 16.4433
27 88 117 24.3418
27 89 18 3.4208
27 90 99 20.8468
27 91 8 1.3313
27 92 7 1.4164
27 93 52 11.2894
27 95 1 0.1699
27 96 106 24.9883
27 98 19 4.3255
27 99 8 1.6263
27 100 30 5.8810
27 101 224 63.8264
27 102 3 0.6705
27 103 18 3.7172
27 104 60 13.9133
27 105 52 12.2494
27 106 17 4.0101
27 107 37 7.6724
27 108 1 0.2191
27 109 6 1.6855
27 110 13 2.1016
27 113 90 23.1780
27 114 22 4.4582
27 115 183 40.6016
27 116 3 0.4992
27 117 23 4.5506
27 119 5 0.9002
27 120 8 1.3898
27 121 6 1.2776
27 122 15 3.1327
27 124 16 3.1822
27 125 95 18.9200
27 126 40 9.2298
27 127 3 0.6193
27 128 85 17.8588
27 129 131 31.1153
27 130 23 4.1301
27 131 19 3.9583
27 133 13 2.3728
27 134 7 1.2147
27 135 58 12.7701
27 136 13 2.5610
27 137 9 2.2107
27 140 14 2.5865
27 142 15 3.7607
27 143 24 5.3842
27 144 2 0.5153
27 145 12 2.0666
27 146 124 25.7090
27 147 25 5.3141
27 148 440 111.1588
27 149 9 2.0777
27 151 53 11.2402
27 152 74 15.2400
27 153 54 17.2029
27 154 214 53.6581
27 156 2 1.3491
27 157 1 0.2323
27 158 20 5.3417
27 160 2 0.4548
27 163 8 2.0205
27 164 16 2.9388
27 165 76 16.0620
27 166 7 1.4529
27 167 5 1.0575
27 168 58 12.4816
27 169 8 2.0009
27 171 3 0.6402
27 173 1 0.2174
27 174 28 6.5352
27 175 7 1.3375
27 176 72 16.4221
27 177 67 15.8813
27 178 20 4.1031
27 179 17 3.4811
27 180 13 2.6202
27 181 2 0.3498
27 182 47 13.3316
27 183 6 1.5292
27 184 7 1.6109
27 186 110 22.9271
27 188 32 6.6002
27 189 14 3.0113
27 190 1 0.1429
27 191 1 0.1627
27 194 74 14.8369
27 195 3 0.6242
27 196 1 0.1754
27 197 20 4.2369
27 198 24 4.7046
27 199 7 1.5887
27 200 23 5.5305
27 201 12 1.9160
27 202 14 2.6913
27 204 27 5.7009
27 205 15 3.5417
27 207 158 35.5386
27 208 26 5.5881
27 209 15 2.5753
27 210 5 1.0856
27 211 4 0.9527
27 214 233 52.7670
27 215 5 1.1485
27 216 30 5.9413
27 217 14 2.8363
27 218 23 5.4042
27 220 48 9.8080
27 221 22 4.6951
27 222 4 0.6926
27 223 2 0.5734
27 224 27 6.3297
27 225 29 6.7182
27 226 2 0.3686
27 228 2 0.4049
27 230 2 0.4371
27 231 139 54.7965
27 232 4 0.6913
27 233 53 11.3276
27 234 2 0.2860
27 235 22 4.3204
27 236 7 1.1605
27 237 12 4.0305
27 238 1 0.1080
27 240 10 2.1588
27 241 44 9.8881
27 242 83 24.2399
27 243 24 4.6137
27 244 43 8.8516
27 245 12 2.1971
27 246 25 5.0921
27 247 6 2.0787
27 248 15 3.2480
27 249 24 5.1911
27 250 75 17.3502
27 251 8 1.6738
27 253 32 7.2325
27 254 16 2.9701
27 255 6 1.1508
27 256 144 32.5178
27 257 46 9.9198
27 258 6 1.0206
27 259 178 42.1736
27 261 1 0.3726
27 262 40 9.2999
27 263 89 17.4735
27 265 44 9.6610
27 266 12 2.7060
27 267 38 10.6637
27 268 78 16.6371
27 270 13 2.0876
27 271 67 14.2367
27 272 7 1.4951
27 273 35 7.2876
27 274 67 12.9871
27 275 1 0.1875
27 276 8 1.4951
27 277 2 0.3379
27 278 18 3.6386
27 279 56 11.5196
27 280 47 10.7790
27 281 43 11.8296
27 282 19 3.5364
27 283 82 16.8423
27 284 4 0.9035
27 285 150 37.6770
27 287 5 0.9552
27 288 1 0.1696
27 289 58 11.3457
27 291 24 5.0788
27 292 92 19.4496
27 294 2 0.5945
27 295 4 0.7225
27 296 51 11.3891
27 297 49 9.8209
27 298 19 3.7702
27 299 8 1.5315
27 301 2 0.7380
27 302 6 1.3731
27 303 31 6.0859
27 304 17 8.1239
27 305 19 4.1297
27 306 218 71.8882
27 307 1 0.2070
27 308 196 43.0886
27 310 7 1.3679
27 312 4 0.7710
27 313 9 1.9776
27 314 24 7.0216
27 315 54 10.2599
27 320 7 1.3595
27 321 14 3.8044
27 322 45 12.6199
27 323 1 0.2318
27 324 28 7.7159
27 325 10 2.6189
27 326 32 6.8800
27 327 15 3.2003
27 328 22 5.3522
27 329 4 0.8914
27 331 67 20.0504
27 333 4 0.8829
27 335 15 2.4423
27 336 880 258.0262
27 337 6 1.3269
27 338 27 8.6727
27 339 16 3.7496
27 341 7 1.4256
27 342 12 2.4109
27 343 53 11.8162
27 344 1 0.1729
27 345 5 0.8566
27 346 13 3.0379
27 347 4 0.7182
27 350 8 2.4546
27 351 6 1.4309
27 352 10 1.9667
27 353 64 14.2176
27 354 6 1.1863
27 355 52 12.2100
27 358 31 10.0235
27 359 32 7.0398
27 360 6 1.0263
27 361 14 3.1522
27 362 229 69.3547
27 363 347 121.8296
27 365 14 3.6207
27 366 8 1.6816
27 367 7 1.4611
27 369 1 0.2438
27 371 8 1.6559
27 373 172 49.9769
27 374 25 4.2276
27 375 8 2.4413
27 376 3 0.4758
27 377 2 0.7835
27 378 20 3.6031
27 379 1 0.2394
27 380 1 0.1745
27 381 3 0.4720
27 382 160 33.0548
27 383 159 35.5061
28 2 7 1.6219
28 3 13 3.0378
28 7 12 2.4043
28 8 5 1.3016
28 9 92 25.0623
28 10 1 0.2153
28 11 60 15.7180
28 12 6 1.3775
28 13 2 0.4611
28 15 65 13.6847
28 16 11 2.7640
28 18 5 1.0703
28 19 7 1.6113
28 22 15 3.7495
28 25 4 0.9290
28 26 15 3.2661
28 27 11 1.9994
28 29 5 0.9826
28 30 13 2.9777
28 31 4 0.8813
28 32 44 9.3138
28 34 35 8.3772
28 35 3 0.6693
28 36 7 1.4843
28 38 72 18.0542
28 39 11 2.5938
28 40 75 16.1801
28 41 20 3.9531
28 43 102 23.7541
28 44 15 2.9379
28 45 2 0.5858
28 46 18 3.6416
28 47 6 1.1996
28 48 13 3.1566
28 49 88 33.6811
28 50 16 3.9769
28 51 17 3.4422
28 52 87 18.4216
28 53 19 4.2185
28 55 5 1.2246
28 56 106 19.6279
28 57 365 84.3718
28 58 11 2.5218
28 59 184 46.5619
28 60 39 12.8888
28 61 3 0.5024
28 63 4 1.0885
28 64 27 5.2540
28 69 2 0.3055
28 70 6 1.2444
28 71 9 1.7986
28 72 21 3.9925
28 73 32 6.7409
28 74 7 1.1505
28 76 2 0.4686
28 78 33 7.3902
28 79 7 1.4017
28 80 63 14.2940
28 81 7 2.6469
28 82 56 11.2282
28 83 32 12.6637
28 84 16 3.0645
28 85 50 10.7561
28 87 15 2.4190
28 88 25 5.0080
28 89 19 5.5808
28 90 22 4.5117
28 91 35 8.8251
28 92 416 94.4086
28 93 24 5.0735
28 94 69 16.4026
28 96 43 10.5106
28 97 6 1.9660
28 98 308 84.0910
28 101 297 68.1990
28 105 7 1.1756
28 108 83 16.5521
28 109 32 7.4366
28 110 104 23.4639
28 111 3 0.6476
28 112 1 0.4379
28 113 17 3.0642
28 116 18 3.5551
28 117 1 0.2442
28 118 373 83.4344
28 119 8 1.7319
28 120 2 0.4332
28 122 8 1.5659
28 123 5 0.8366
28 125 25 5.8940
28 126 239 87.1201
28 127 65 15.6618
28 128 4 0.9778
28 129 104 41.0390
28 130 43 8.2606
28 131 1 0.2046
28 133 1 0.2166
28 135 14 3.3657
28 136 1 0.2250
28 137 233 73.3877
28 138 1 0.2467
28 139 10 2.5544
28 140 9 1.5826
28 141 70 17.0145
28 142 4 0.7523
28 143 63 17.7142
28 144 12 2.0764
28 146 2 0.4256
28 147 41 11.1372
28 149 2 0.3671
28 150 15 4.0415
28 151 1 0.1850
28 153 255 71.1145
28 154 6 1.3087
28 157 1 0.2318
28 158 13 2.1623
28 159 34 7.2063
28 161 2 0.3583
28 162 6 1.0240
28 163 13 3.6915
28 165 1 0.0773
28 166 4 0.7174
28 167 2 0.4941
28 169 11 2.0890
28 170 167 38.5409
28 171 3 0.6459
28 172 1 0.1980
28 173 7 1.4986
28 174 1 0.2028
28 175 74 16.3121
28 176 10 1.8948
28 177 14 4.7720
28 178 42 8.2735
28 179 7 1.3245
28 180 20 3.8946
28 182 17 4.7836
28 184 12 2.7854
28 185 3 0.4215
28 186 1 0.2253
28 187 4 0.8831
28 188 2 0.3132
28 189 8 1.5750
28 190 8 1.6811
28 192 30 7.7164
28 193 21 4.8055
28 194 4 0.8514
28 196 4 0.7977
28 197 3 0.5454
28 198 5 1.2255
28 199 36 7.4967
28 200 126 28.8403
28 202 2 0.3252
28 203 33 6.3878
28 204 2 0.3368
28 205 5 1.3754
28 206 2 0.4037
28 207 10 2.7073
28 208 4 0.7258
28 210 2 0.4327
28 211 70 16.7614
28 212 85 19.0014
28 213 8 1.7772
28 214 50 9.6927
28 215 13 2.2697
28 216 11 5.1563
28 218 3 0.8544
28 219 3 0.6909
28 220 8 1.4990
28 221 54 10.7003
28 222 10 2.0423
28 223 7 2.6438
28 224 26 6.1379
28 225 5 1.2380
28 226 286 82.7455
28 227 13 2.7615
28 228 20 4.3650
28 229 6 1.1319
28 230 28 6.4515
28 232 102 25.5858
28 233 9 1.6490
28 234 10 2.4399
28 235 43 9.2707
28 238 10 2.3842
28 239 1 0.2473
28 240 1 0.2424
28 242 20 4.1576
28 243 128 24.5577
28 244 1 0.3175
28 246 206 44.3135
28 247 9 1.8116
28 248 19 4.7640
28 249 194 57.6033
28 251 54 11.0047
28 252 108 24.4609
28 253 130 27.1297
28 254 32 7.1069
28 257 7 1.5923
28 258 1 0.1474
28 259 20 3.7447
28 261 13 2.4700
28 262 317 86.3392
28 263 19 4.8429
28 266 5 1.0295
28 268 6 1.1045
28 269 19 4.6233
28 270 4 0.5887
28 271 141 41.2940
28 272 4 0.9288
28 273 6 1.1733
28 274 40 7.1648
28 275 73 30.5069
28 276 10 3.2656
28 277 14 3.2008
28 280 3 0.7232
28 281 1 0.1985
28 283 9 2.1345
28 284 3 0.5573
28 285 50 10.2038
28 286 1 0.2770
28 287 12 1.9798
28 289 35 8.2123
28 291 23 5.0491
28 293 2 0.3358
28 294 73 13.5909
28 295 48 11.2949
28 296 305 67.1892
28 297 22 4.3935
28 299 1 0.1876
28 300 79 15.7101
28 302 12 2.3587
28 303 19 3.4330
28 304 22 5.2719
28 305 2 0.4882
28 307 1 0.1682
28 308 15 3.3627
28 309 1 0.1631
28 310 9 1.9087
28 311 20 4.5582
28 312 5 0.8933
28 313 2 0.4746
28 314 48 10.2467
28 315 443 145.3585
28 316 4 0.5652
28 317 2 0.3452
28 319 18 3.7004
28 320 25 4.3614
28 321 6 1.2155
28 322 15 3.6795
28 323 18 2.9607
28 324 63 20.4183
28 325 4 0.9540
28 327 1 0.1735
28 329 1 0.2199
28 330 133 28.5339
28 331 7 1.4945
28 332 38 8.0457
28 333 146 34.0798
28 334 7 1.3562
28 336 51 10.4240
28 337 7 1.6013
28 338 22 4.4057
28 341 154 33.6236
28 342 17 4.2220
28 344 2 0.5135
28 345 1 0.0905
28 347 108 31.1068
28 348 37 7.1214
28 349 1 0.3555
28 350 30 7.3643
28 351 7 1.3209
28 352 136 36.1919
28 353 58 9.3031
28 355 78 20.9538
28 357 6 1.0509
28 358 13 3.0613
28 359 75 17.5348
28 360 8 1.5996
28 361 4 1.0971
28 364 7 1.3304
28 366 10 2.0216
28 367 223 77.9834
28 368 1 0.1902
28 369 16 3.8071
28 370 15 5.6527
28 375 10 1.9015
28 376 267 78.4672
28 377 83 19.6311
28 378 3 0.6410
28 379 10 2.0284
28 380 40 12.7704
28 382 15 3.1396
28 383 16 2.9480
29 0 20 3.8514
29 3 18 2.9658
29 4 10 4.0504
29 6 9 2.1030
29 7 3 0.5402
29 8 1 0.1250
29 9 112 28.2957
29 10 52 12.2243
29 11 28 5.0135
29 12 1 0.1590
29 13 151 31.3777
29 14 4 0.8044
29 16 28 5.6782
29 17 8 1.2173
29 18 12 2.3156
29 19 20 3.5271
29 20 2 0.7194
29 21 39 7.9358
29 22 2 0.3990
29 25 17 3.0089
29 27 15 2.9768
29 28 1 0.1547
29 29 42 8.8481
29 30 33 5.4177
29 31 3 0.6486
29 32 6 1.0576
29 33 285 102.0330
29 34 16 3.3741
29 35 253 66.6242
29 36 3 0.4177
29 37 2 0.3668
29 38 9 1.6867
29 39 31 5.6326
29 40 37 6.5895
29 41 82 15.5133
29 42 14 2.3565
29 43 158 34.7472
29 45 7 1.2586
29 46 1 0.2332
29 47 201 63.8030
29 48 72 22.7794
29 49 1 0.2228
29 50 18 3.8315
29 52 29 11.1282
29 54 3 0.4420
29 56 21 4.4067
29 58 11 2.0674
29 59 64 19.0509
29 61 14 2.2520
29 62 3 1.0085
29 63 3 0.7052
29 64 106 19.5195
29 66 6 1.2075
29 67 3 0.5673
29 68 12 2.3321
29 69 132 29.7830
29 70 33 7.0772
29 71 15 3.0393
29 72 450 104.4692
29 73 12 2.0816
29 75 276 101.1430
29 76 69 17.0410
29 77 39 12.0197
29 78 9 2.4611
29 79 1 0.1970
29 80 20 4.1000
29 81 7 1.3419
29 83 3 0.6284
29 84 84 28.0639
29 85 17 2.7324
29 86 8 1.4469
29 87 59 11.8181
29 88 7 1.3348
29 89 4 0.9050
29 90 29 5.2529
29 92 2 0.4516
29 93 9 1.6359
29 94 36 6.8872
29 95 40 9.3645
29 96 2 0.4106
29 97 34 7.1776
29 98 15 3.1689
29 99 52 10.5947
29 100 8 1.4440
29 101 450 134.0169
29 102 6 1.2868
29 103 48 8.8150
29 104 6 1.6321
29 105 40 8.9467
29 106 1 0.1151
29 107 3 0.5356
29 109 28 5.9638
29 110 16 2.6155
29 111 21 3.5640
29 112 2 0.5012
29 113 2 0.3963
29 114 10 1.8734
29 115 17 3.6838
29 117 67 12.6071
29 118 1 0.2227
29 119 110 26.4835
29 120 7 1.4584
29 122 390 115.0936
29 123 16 3.4742
29 124 9 1.6915
29 125 7 1.5252
29 126 24 4.4986
29 129 11 2.8940
29 130 8 1.7743
29 131 41 11.0211
29 132 6 1.2750
29 133 3 0.5379
29 134 6 1.4534
29 135 7 1.4094
29 136 20 4.1703
29 137 6 1.1952
29 139 12 2.5543
29 140 27 4.2877
29 141 5 1.1334
29 142 83 20.4631
29 143 1 0.1643
29 146 2 0.3200
29 147 10 2.0526
29 148 4 0.8570
29 150 3 1.4182
29 151 1 0.1909
29 152 8 1.2325
29 153 69 14.3265
29 154 15 3.4747
29 155 37 7.1855
29 157 10 1.3744
29 158 19 3.0462
29 160 69 17.1921
29 161 52 14.1066
29 162 55 11.7690
29 163 8 1.6474
29 164 1 0.2493
29 166 21 4.0870
29 167 142 29.4364
29 168 16 3.1428
29 169 9 1.6247
29 170 8 1.8737
29 171 337 155.6104
29 172 41 7.1435
29 173 28 5.4020
29 175 8 1.5769
29 176 77 17.8648
29 178 2 0.2950
29 180 7 1.4027
29 181 72 13.1528
29 182 48 9.1277
29 183 2 0.4246
29 187 607 122.8586
29 188 11 2.9707
29 189 5 0.9690
29 190 6 2.3026
29 191 30 7.5943
29 192 10 2.1109
29 193 2 0.4221
29 194 134 43.2131
29 195 18 3.8602
29 197 4 0.9785
29 198 34 6.5952
29 199 20 5.2879
29 200 23 4.8584
29 202 16 4.0094
29 203 2 0.2826
29 205 17 3.8255
29 206 3 0.8918
29 207 11 1.8258
29 208 4 0.7783
29 209 17 2.8693
29 210 26 5.3673
29 211 56 11.7026
29 212 92 18.1042
29 213 3 0.6181
29 214 16 3.8528
29 215 14 2.7234
29 217 37 7.2229
29 218 59 14.9727
29 220 2 0.5137
29 221 202 43.1252
29 224 8 1.6147
29 225 27 4.5286
29 226 89 36.5985
29 227 5 0.8788
29 228 35 7.5969
29 229 5 1.1171
29 231 20 3.7630
29 232 2 0.3568
29 233 39 7.9328
29 234 8 1.9007
29 237 1 0.1828
29 238 5 0.7518
29 239 5 1.2867
29 240 15 2.9891
29 241 1 0.1880
29 243 5 0.9327
29 244 47 8.6269
29 245 3 0.8164
29 246 1 0.1856
29 247 17 3.8026
29 248 3 0.7015
29 251 51 14.1885
29 252 128 30.8949
29 253 5 1.1306
29 254 32 6.4774
29 255 1 0.2828
29 256 82 22.2081
29 257 49 11.5246
29 258 278 74.1950
29 259 55 10.9331
29 260 17 3.6376
29 261 43 8.1743
29 262 39 7.5913
29 263 7 1.9416
29 264 33 5.6018
29 265 43 8.5343
29 266 4 1.4640
29 267 4 0.7516
29 268 7 1.5959
29 269 25 6.4873
29 270 7 1.3678
29 271 5 1.0284
29 273 26 5.2473
29 274 2 0.3854
29 275 54 14.1354
29 277 46 14.4491
29 278 12 3.8429
29 280 103 19.5304
29 283 16 3.6616
29 285 21 4.4210
29 286 9 1.7344
29 287 4 0.6050
29 288 23 4.7591
29 291 10 1.9651
29 293 3 0.6281
29 294 7 2.5205
29 296 3 0.5191
29 298 1 0.1061
29 299 1 0.2355
29 300 14 2.2032
29 302 19 3.5252
29 304 33 6.8075
29 305 10 2.0937
29 306 249 92.9368
29 307 14 2.6328
29 308 217 53.0711
29 309 1 0.2051
29 310 6 1.4980
29 311 15 2.4294
29 313 1 0.1868
29 314 35 9.6752
29 315 8 1.6666
29 316 2 0.4434
29 317 6 1.0840
29 318 1 0.2018
29 319 43 12.0796
29 320 10 1.9900
29 321 11 2.5597
29 322 15 2.9830
29 324 2 0.3380
29 325 14 5.1044
29 326 7 1.1211
29 327 27 5.6238
29 329 3 0.6695
29 330 7 1.7355
29 333 12 2.1825
29 334 60 13.4465
29 338 3 0.7028
29 340 19 3.9862
29 341 3 0.5773
29 342 3 0.4431
29 343 3 0.5988
29 344 36 7.0534
29 345 8 1.4735
29 346 15 3.6104
29 347 4 0.7701
29 348 31 5.6548
29 349 1 0.1151
29 350 87 18.0565
29 351 49 8.9419
29 352 46 8.7614
29 353 8 1.5314
29 354 2 0.3523
29 358 7 1.9863
29 359 12 2.8922
29 360 2 0.3743
29 361 4 0.6866
29 362 6 1.3914
29 363 13 5.7874
29 364 4 0.7796
29 365 5 0.8054
29 366 2 0.2439
29 367 22 5.1544
29 369 9 1.6758
29 370 15 2.7060
29 372 6 0.9172
29 373 23 4.6479
29 374 8 1.0930
29 375 40 7.7993
29 376 316 70.1399
29 378 16 3.4660
29 379 2 0.3968
29 381 9 1.6475
29 382 3 0.8993
30 0 6 1.1973
30 2 176 49.6530
30 3 18 4.1814
30 4 67 33.2415
30 5 3 0.6056
30 6 6 1.3972
30 7 9 1.6412
30 8 16 3.2681
30 9 20 4.3560
30 10 2 0.3864
30 11 177 47.4050
30 12 146 31.9520
30 13 25 5.7623
30 14 7 1.5492
30 15 6 0.8894
30 16 79 20.9620
30 17 59 13.9814
30 18 239 73.2534
30 19 15 3.7129
30 20 9 2.1048
30 21 13 2.5754
30 22 233 84.1944
30 23 46 8.7227
30 24 2 0.6409
30 25 2 0.3017
30 26 6 1.1294
30 27 13 2.8396
30 28 13 2.6053
30 33 19 3.7655
30 34 4 0.7433
30 35 7 1.0913
30 36 81 17.2943
30 37 2 0.3096
30 38 1 0.1573
30 39 1 0.1567
30 40 1 0.2225
30 41 27 5.5052
30 42 41 8.6290
30 43 3 0.6273
30 44 11 2.8069
30 45 10 1.8862
30 46 1 0.2350
30 47 12 1.6044
30 48 25 6.7416
30 49 22 5.0753
30 50 52 11.1245
30 51 11 1.9796
30 55 14 3.3750
30 56 69 11.2782
30 57 16 4.0739
30 58 3 0.5923
30 59 62 12.4447
30 60 7 1.3526
30 61 9 1.9362
30 62 1 0.1698
30 63 16 3.2359
30 64 11 2.3592
30 65 1 0.2209
30 67 114 24.9273
30 68 5 0.9536
30 69 9 1.6226
30 70 14 3.0219
30 71 24 4.0406
30 72 77 17.1256
30 73 14 2.3029
30 74 50 14.0815
30 75 1 0.1107
30 76 33 7.6669
30 77 1 0.5505
30 78 22 5.6867
30 79 13 2.4503
30 80 13 2.0675
30 81 16 3.2259
30 82 3 0.4107
30 84 61 10.9752
30 85 13 4.0471
30 86 2 0.3250
30 87 19 5.3496
30 88 11 2.1798
30 90 15 2.9633
30 91 14 2.2370
30 94 10 1.4641
30 95 150 46.0573
30 96 14 2.8743
30 97 130 48.2716
30 98 2 0.3905
30 99 95 23.0352
30 100 101 21.4464
30 103 4 1.1589
30 104 12 2.5909
30 105 16 3.4018
30 106 1 0.1300
30 107 3 0.5255
30 108 12 3.9213
30 109 20 4.0545
30 111 35 7.9840
30 112 119 24.7700
30 113 12 1.9261
30 114 2 0.2610
30 115 16 3.1897
30 116 1 0.2303
30 118 6 0.9335
30 122 5 1.0206
30 124 3 0.5922
30 125 25 4.6936
30 126 8 1.2142
30 127 10 2.1256
30 129 5 0.6729
30 130 2 0.4695
30 131 13 2.7527
30 133 85 21.8923
30 134 2 1.3044
30 135 2 0.3018
30 138 22 5.0799
30 139 2 0.2482
30 140 7 1.5914
30 141 26 7.0200
30 142 24 4.7005
30 143 59 10.4942
30 144 4 0.6782
30 145 17 2.5837
30 146 29 4.6567
30 147 3 0.4727
30 148 19 3.5620
30 149 61 11.8346
30 150 7 1.2829
30 151 9 1.9332
30 153 80 17.3916
30 154 7 1.4593
30 156 14 3.0631
30 159 9 1.8476
30 160 26 5.7134
30 161 178 43.8959
30 162 7 1.1891
30 163 2 0.2320
30 164 19 3.7422
30 165 9 2.2785
30 166 1 0.2295
30 167 9 2.0625
30 168 15 2.8833
30 170 30 6.1375
30 171 25 6.1525
30 172 6 1.4750
30 173 3 0.3533
30 175 475 152.0564
30 176 6 0.9574
30 177 3 0.5513
30 178 6 1.2529
30 179 8 1.1697
30 181 8 1.7830
30 182 63 15.3836
30 183 3 0.6037
30 184 4 0.8510
30 185 5 1.4496
30 188 14 3.5599
30 190 5 1.1380
30 191 22 4.7316
30 192 4 0.7460
30 193 36 8.6618
30 194 61 12.1021
30 197 321 76.4089
30 198 9 1.7975
30 199 12 1.8512
30 200 2 0.3021
30 201 9 1.4116
30 202 75 26.8588
30 203 18 3.7802
30 204 3 0.4839
30 205 29 6.0568
30 206 25 5.3049
30 207 15 2.6794
30 208 4 0.7639
30 209 424 96.0995
30 210 113 24.3056
30 211 11 2.2661
30 212 43 8.1345
30 213 1 0.2200
30 215 9 1.7037
30 217 6 1.5646
30 218 6 1.0158
30 220 35 8.0768
30 222 4 0.6968
30 225 26 4.5255
30 226 37 8.3096
30 228 1 0.1528
30 229 132 25.2749
30 230 4 0.8013
30 231 6 1.9545
30 233 295 94.0531
30 234 43 12.9981
30 235 44 8.4759
30 236 56 16.0715
30 237 8 1.1341
30 240 9 2.2566
30 241 18 4.2211
30 242 4 0.8199
30 243 31 6.8645
30 245 79 18.4331
30 246 12 2.5283
30 247 44 9.7242
30 248 11 2.4915
30 249 32 7.6826
30 250 67 13.8954
30 252 87 17.6336
30 254 1 0.1371
30 255 20 4.0280
30 256 7 1.9556
30 257 2 0.2522
30 259 12 2.7561
30 260 3 0.6270
30 261 2 0.4280
30 262 46 11.8708
30 263 70 21.3886
30 264 21 4.4742
30 265 30 7.7600
30 266 3 0.5927
30 267 14 2.7455
30 269 17 3.4975
30 270 1 0.2288
30 272 3 0.7168
30 273 17 3.3392
30 274 9 1.7280
30 275 1 0.1712
30 278 8 1.2722
30 279 2 0.4649
30 280 33 6.1029
30 281 73 14.4785
30 284 6 1.1954
30 285 44 10.4727
30 286 37 7.9168
30 287 5 1.3794
30 288 53 15.0433
30 289 9 1.5701
30 290 7 1.2144
30 291 39 8.6971
30 292 27 5.8560
30 294 8 1.8281
30 295 89 17.6839
30 296 51 9.6179
30 299 26 5.3249
30 300 16 3.9019
30 301 104 24.5871
30 302 86 20.1781
30 303 59 19.3581
30 304 50 9.3030
30 305 2 0.2729
30 306 5 1.2897
30 307 14 3.6177
30 308 35 7.7735
30 309 12 1.9897
30 310 42 7.4255
30 312 2 0.4212
30 313 37 7.6522
30 316 1 0.2176
30 317 93 23.1344
30 319 28 5.4982
30 320 69 23.4129
30 321 75 14.9260
30 322 16 6.0520
30 323 8 1.4295
30 324 70 12.6058
30 326 37 6.9249
30 327 25 5.3727
30 328 11 2.3903
30 329 62 14.3602
30 330 8 1.3408
30 331 101 24.2581
30 332 6 1.6157
30 334 339 120.4254
30 335 5 1.2647
30 336 17 4.0236
30 337 6 1.1068
30 338 7 1.5151
30 339 1 0.1228
30 341 6 1.3460
30 342 12 2.3147
30 344 4 0.6597
30 346 4 1.2447
30 347 9 1.9589
30 348 9 2.5526
30 349 22 4.7086
30 350 11 1.6084
30 351 4 0.9205
30 352 36 7.5733
30 354 3 0.5534
30 355 53 9.3190
30 356 61 14.5204
30 358 36 12.7964
30 359 4 0.7032
30 360 3 0.7318
30 361 21 3.2802
30 366 12 2.5371
30 367 2 0.3993
30 368 4 1.1085
30 370 2 0.4220
30 374 1 0.2552
30 375 13 2.2827
30 376 82 16.2063
30 377 101 21.3750
30 378 13 3.2832
30 379 321 109.8993
30 380 8 1.7404
30 382 12 2.6109
30 383 68 15.6163
31 1 2 0.3567
31 2 115 25.0117
31 3 75 22.0056
31 4 20 4.0940
31 5 107 26.7403
31 6 69 16.6084
31 7 17 3.4175
31 8 29 6.7402
31 10 9 2.0962
31 11 18 3.6906
31 13 26 5.0599
31 14 18 4.0007
31 15 4 0.7363
31 16 11 2.1947
31 17 229 56.0316
31 20 6 1.2731
31 22 62 24.9855
31 24 13 3.7771
31 25 48 9.6899
31 26 6 1.5453
31 28 2 0.3874
31 29 72 24.0258
31 30 1 0.2256
31 31 178 35.1024
31 32 4 0.7689
31 34 11 2.5112
31 36 37 8.4150
31 37 2 0.5111
31 38 51 10.9936
31 39 71 15.3448
31 40 1 0.1397
31 41 34 10.5029
31 42 10 1.7652
31 43 6 1.7221
31 45 10 2.4542
31 46 15 3.2864
31 47 6 1.4236
31 48 151 38.3808
31 50 16 3.6544
31 51 1 0.1788
31 52 81 18.1504
31 53 4 0.9055
31 55 6 1.4522
31 56 65 16.1413
31 57 2 0.3982
31 58 12 2.4464
31 59 45 9.9084
31 60 2 0.3054
31 62 1 0.1937
31 63 5 1.1889
31 64 190 46.9113
31 65 1 0.2283
31 66 57 14.0766
31 68 37 9.7018
31 69 6 1.1970
31 70 45 9.3384
31 71 12 3.2855
31 72 1 0.2155
31 75 12 3.1783
31 76 126 29.3869
31 77 18 4.0371
31 78 3 0.5166
31 79 1 0.2331
31 80 10 1.6483
31 81 15 3.0356
31 82 1 0.2102
31 83 7 1.2555
31 84 1 0.1833
31 85 29 5.5375
31 87 1 0.2110
31 88 50 12.7749
31 90 1 0.3811
31 91 25 7.4557
31 92 19 6.1966
31 94 13 2.7907
31 95 2 0.4170
31 96 284 65.8674
31 97 23 3.8150
31 98 6 2.0711
31 99 4 0.7565
31 100 7 1.5282
31 101 53 11.5848
31 103 161 33.6936
31 104 25 6.1100
31 105 121 26.3078
31 106 2 0.4056
31 108 11 3.1013
31 109 5 1.0882
31 110 11 2.4788
31 111 3 0.4926
31 113 3 0.6972
31 115 111 27.5535
31 116 14 3.3342
31 117 2 0.4463
31 118 12 2.8461
31 120 3 0.7038
31 121 6 1.3924
31 122 9 2.0810
31 123 1 0.2209
31 124 1 0.1473
31 125 13 2.9268
31 127 1 0.2022
31 128 1 0.2076
31 129 24 4.8229
31 130 66 13.5285
31 131 15 3.4304
31 132 7 1.2021
31 133 44 9.4673
31 134 22 4.0493
31 135 34 8.0340
31 137 46 11.8736
31 138 27 5.1892
31 139 2 0.3206
31 140 3 0.6637
31 141 6 1.2896
31 143 26 6.2197
31 144 82 19.0939
31 146 6 1.2706
31 147 9 1.7905
31 148 4 0.8386
31 149 5 1.0489
31 151 13 3.1842
31 152 13 2.6970
31 153 38 8.4010
31 155 44 9.0338
31 156 25 5.6471
31 157 2 0.6534
31 158 19 5.0025
31 160 161 51.2594
31 162 6 1.1275
31 164 14 2.6328
31 165 7 1.6745
31 167 14 2.9856
31 168 92 35.0920
31 169 2 0.3841
31 170 12 2.7886
31 171 11 2.0815
31 173 21 4.4221
31 174 4 1.0030
31 175 65 33.9188
31 178 2 0.4415
31 182 43 7.1076
31 184 50 12.9915
31 185 77 17.5009
31 186 2 0.3709
31 188 369 95.9967
31 189 3 0.6601
31 190 49 10.6423
31 191 222 63.8495
31 192 1 0.2864
31 193 7 1.1216
31 195 38 10.0715
31 197 2 0.4398
31 198 28 10.1066
31 199 11 2.9665
31 202 2 1.0219
31 203 83 17.9996
31 204 2 0.3088
31 205 1 0.2271
31 206 20 4.3826
31 207 6 1.0610
31 208 8 2.2155
31 209 1 0.1969
31 210 10 2.1394
31 211 33 7.3937
31 212 7 1.4562
31 213 86 19.2983
31 214 1 0.1286
31 216 6 1.1292
31 217 58 15.0726
31 218 4 0.7509
31 220 1 0.1741
31 221 18 4.0170
31 222 10 1.9387
31 223 7 3.2074
31 225 6 1.6597
31 226 8 1.7819
31 227 1 0.1554
31 229 161 43.5736
31 230 20 5.9950
31 232 9 1.6214
31 235 3 0.9634
31 236 15 4.0829
31 237 5 1.3080
31 239 2 0.3352
31 241 4 0.6444
31 243 6 1.2316
31 244 18 3.8813
31 245 87 18.1239
31 246 2 0.3184
31 247 14 2.6777
31 249 30 5.9091
31 250 2 0.3808
31 251 8 1.5373
31 253 1 0.2834
31 255 90 19.5671
31 256 1 0.2818
31 257 25 5.8746
31 258 61 13.9591
31 259 17 3.0842
31 260 42 9.7430
31 261 5 1.1001
31 262 29 7.1093
31 263 13 3.2856
31 264 1 0.3205
31 266 22 4.7084
31 267 7 1.4526
31 268 2 0.2832
31 269 5 1.2058
31 270 9 2.2308
31 271 69 15.1022
31 272 1 0.1756
31 273 1 0.1846
31 274 48 15.6207
31 275 5 0.8579
31 276 213 49.6542
31 279 53 12.5472
31 280 54 12.3398
31 281 63 13.5161
31 283 2 0.2921
31 284 1 0.2508
31 285 4 1.2415
31 286 100 33.6577
31 287 49 9.4804
31 289 36 10.1619
31 290 16 3.2565
31 291 21 4.2400
31 293 89 26.1033
31 294 6 1.2959
31 295 16 2.9870
31 296 4 1.2083
31 297 12 3.3100
31 298 1 0.2319
31 299 16 6.1950
31 300 4 0.6086
31 301 18 3.3062
31 302 27 6.1871
31 303 49 13.1678
31 304 44 11.4631
31 306 2 0.4411
31 307 1 0.1847
31 308 171 64.2779
31 310 23 9.5222
31 311 12 2.7057
31 312 9 2.1318
31 313 2 0.4956
31 314 2 0.4169
31 316 3 0.5228
31 317 2 0.4230
31 318 82 18.1941
31 319 13 2.8788
31 321 2 0.3918
31 322 6 1.1809
31 323 3 0.5221
31 324 80 23.1492
31 325 62 17.2670
31 326 12 2.8077
31 327 7 1.6597
31 329 8 1.7377
31 330 200 72.2804
31 332 59 14.7421
31 333 1 0.2106
31 334 25 5.4638
31 335 7 1.8304
31 336 4 0.8837
31 337 101 22.7932
31 338 1 0.2009
31 339 7 1.0253
31 340 29 6.1554
31 341 15 3.2368
31 342 25 5.1489
31 343 13 2.5989
31 344 7 1.7504
31 345 27 4.7301
31 346 8 1.7019
31 347 33 10.7398
31 348 66 13.1694
31 349 26 6.5638
31 350 103 26.2889
31 351 14 4.5710
31 352 3 0.9589
31 353 16 3.2392
31 354 217 56.6501
31 356 38 8.0196
31 357 110 29.1478
31 358 28 5.5515
31 359 52 9.8798
31 361 13 2.9879
31 362 22 4.3417
31 363 6 1.0107
31 364 1 0.8266
31 368 47 10.9032
31 369 3 1.1962
31 370 12 2.5703
31 371 1 0.3151
31 375 271 62.2560
31 376 2 0.7359
31 378 11 2.4130
31 381 1 0.2285
31 382 4 0.7652
31 383 5 0.9203
32 0 6 1.7140
32 1 1 0.1897
32 2 2 0.3047
32 3 3 0.6310
32 5 45 15.8086
32 6 5 1.3110
32 8 21 4.4939
32 9 5 0.7138
32 10 5 1.1637
32 11 2 0.3184
32 13 19 6.3232
32 14 37 7.3711
32 15 8 1.5751
32 18 24 4.0629
32 19 194 42.8183
32 20 18 3.9919
32 22 1 0.2115
32 23 5 1.5803
32 24 16 3.7403
32 25 1 0.2316
32 26 1 0.2478
32 27 3 0.4768
32 28 22 4.9169
32 29 181 41.8611
32 30 4 0.7268
32 31 1 0.1519
32 32 2 0.4225
32 33 22 4.8088
32 35 30 6.1139
32 36 1 0.1500
32 37 10 2.1205
32 39 13 2.7296
32 40 1 0.2369
32 41 50 14.9332
32 42 18 3.7022
32 43 65 39.4917
32 44 21 4.4953
32 45 9 2.7132
32 46 17 3.0176
32 47 10 2.2780
32 48 5 0.8572
32 49 11 2.1449
32 50 3 0.5805
32 52 7 1.2161
32 53 37 8.4783
32 54 44 11.0723
32 56 3 0.5422
32 58 5 1.0070
32 59 17 3.7820
32 60 1 0.1523
32 61 5 1.2257
32 63 25 5.4396
32 64 4 0.7794
32 65 15 3.9140
32 66 36 7.5028
32 68 8 1.7974
32 69 2 0.5271
32 70 66 17.7353
32 71 135 46.0160
32 72 33 9.3245
32 74 1 0.2178
32 75 13 4.3297
32 77 3 0.5343
32 78 1 0.2253
32 79 5 1.0201
32 81 26 5.4854
32 82 326 69.2977
32 83 4 1.2351
32 85 7 1.9038
32 87 25 4.9715
32 88 16 3.1481
32 89 5 0.9507
32 90 219 84.5912
32 91 120 34.8307
32 92 90 20.8011
32 94 4 0.9189
32 97 18 3.9641
32 100 18 3.3073
32 101 38 9.9471
32 102 18 3.5039
32 103 1 0.3156
32 105 124 34.5177
32 107 92 19.5322
32 109 10 2.1397
32 110 3 0.5084
32 112 6 1.7443
32 113 24 4.0438
32 114 1 0.2631
32 115 13 3.1493
32 117 22 4.4292
32 118 1 0.1355
32 120 12 2.6027
32 121 38 8.2820
32 122 66 12.3235
32 123 6 1.1441
32 124 86 16.7791
32 126 6 1.2027
32 128 25 5.3701
32 129 48 9.7337
32 130 7 1.5620
32 132 59 11.9883
32 133 14 4.0747
32 134 20 3.7409
32 135 5 1.4884
32 136 6 1.1032
32 137 11 3.9235
32 139 91 21.5084
32 140 1 0.1528
32 141 10 2.0640
32 144 8 1.4940
32 145 3 0.5037
32 146 3 0.6100
32 148 2 0.2930
32 149 110 24.1232
32 150 26 4.7114
32 152 11 2.6433
32 153 88 19.3569
32 155 7 1.5074
32 156 31 6.5634
32 157 8 1.6179
32 158 3 0.6110
32 160 5 0.9117
32 161 10 2.1272
32 163 4 0.8516
32 164 1 0.1989
32 166 16 3.2453
32 167 22 4.6588
32 168 4 0.8986
32 169 6 1.1743
32 172 10 1.9666
32 173 26 5.5809
32 174 8 1.4571
32 175 28 4.9595
32 176 1 0.1393
32 177 49 9.3948
32 178 20 5.1928
32 180 40 10.1189
32 181 3 0.7520
32 182 11 2.3248
32 183 10 2.2008
32 184 1 0.1387
32 185 2 0.2780
32 186 115 28.4591
32 187 2 0.6992
32 188 1 0.2123
32 189 4 1.1149
32 190 72 16.3465
32 191 29 6.1014
32 194 5 0.9631
32 195 3 1.3983
32 198 1 0.1669
32 200 13 3.4638
32 202 4 0.8198
32 203 9 1.5866
32 204 2 0.5562
32 205 128 51.1010
32 206 27 6.3031
32 207 3 0.6726
32 208 44 8.8606
32 209 54 11.6754
32 210 167 35.3443
32 211 11 2.3480
32 217 2 0.3007
32 218 11 2.5694
32 219 4 0.8080
32 220 8 2.0214
32 221 121 29.5436
32 222 8 2.1133
32 223 12 2.4048
32 224 2 0.3894
32 226 35 6.8982
32 228 6 1.3254
32 231 37 8.1783
32 232 28 5.3438
32 233 10 2.6768
32 234 45 11.9660
32 235 83 17.3011
32 236 5 1.0323
32 237 1 0.3209
32 238 4 0.8635
32 239 36 7.0229
32 240 37 8.2195
32 241 21 4.2270
32 242 17 3.7449
32 243 1 0.6120
32 244 9 1.5895
32 245 2 0.3565
32 246 101 19.9577
32 247 4 0.8324
32 248 290 76.0238
32 250 3 0.5101
32 251 27 8.8853
32 252 5 1.3638
32 253 34 7.2268
32 254 13 2.7922
32 255 2 0.3998
32 256 5 1.0716
32 257 3 0.5991
32 258 50 10.7716
32 260 3 0.7510
32 261 12 2.8281
32 263 23 5.7225
32 264 2 0.7045
32 265 8 1.9044
32 266 1 0.1431
32 267 38 11.0180
32 268 1 0.1708
32 269 23 4.8844
32 270 23 5.4145
32 271 7 1.5067
32 272 5 0.9438
32 273 11 2.4177
32 274 2 0.5011
32 275 13 2.4211
32 276 238 68.5287
32 277 63 13.4728
32 279 15 3.3598
32 280 28 6.5567
32 281 18 3.6057
32 282 3 0.6077
32 283 93 22.6874
32 284 1 0.1219
32 285 4 0.6924
32 287 42 9.0800
32 288 32 6.2243
32 289 59 12.0394
32 290 4 1.0064
32 292 3 0.5270
32 294 17 4.8942
32 295 38 9.0382
32 296 2 0.3264
32 297 7 1.4715
32 299 3 0.8885
32 300 39 7.9165
32 301 2 0.5197
32 302 8 2.1357
32 303 272 61.6461
32 304 2 0.5737
32 305 16 3.4863
32 307 4 0.8617
32 308 1 0.1522
32 309 1 0.1690
32 310 3 0.5516
32 311 1 0.1207
32 312 29 6.4616
32 313 4 0.8249
32 314 178 58.1646
32 315 1 0.2496
32 316 5 0.9796
32 318 16 5.8190
32 321 8 1.7811
32 322 21 3.8931
32 323 16 5.3852
32 325 178 40.2370
32 327 3 0.5806
32 329 22 5.0642
32 332 6 2.1500
32 333 75 25.3385
32 335 30 5.6505
32 336 2 0.3290
32 337 35 8.0414
32 338 275 94.6117
32 339 59 11.9532
32 340 66 14.9458
32 341 9 1.9704
32 342 2 0.4558
32 343 2 0.2113
32 344 15 2.6371
32 346 36 7.4952
32 347 6 2.1135
32 348 10 1.9680
32 349 10 1.6575
32 350 11 5.1909
32 351 6 1.5029
32 352 5 1.8494
32 353 1 0.1918
32 354 13 2.3636
32 355 51 10.1088
32 356 5 1.1065
32 359 3 0.5219
32 360 9 1.7643
32 361 1 0.1546
32 362 7 1.2785
32 363 82 24.0107
32 364 55 13.9413
32 365 47 9.9012
32 366 14 5.2099
32 367 34 6.5586
32 368 28 5.1130
32 370 1 0.1918
32 372 1 0.1785
32 373 43 10.1755
32 374 110 26.8713
32 376 51 9.7974
32 377 3 0.5685
32 378 353 101.8920
32 379 1 0.2071
32 381 3 0.6079
32 382 9 1.5576
32 383 12 2.2411
33 0 3 0.5300
33 1 66 17.4923
33 2 140 43.1207
33 3 142 32.6237
33 5 23 4.0799
33 7 38 8.2846
33 9 69 15.6221
33 10 56 12.5437
33 11 5 0.8947
33 12 1 0.1722
33 13 1 0.1857
33 14 1 0.3339
33 15 25 5.2422
33 16 88 19.2112
33 17 18 3.5993
33 18 1 0.1393
33 19 13 2.8228
33 20 15 2.8624
33 21 8 1.5436
33 22 113 28.1351
33 23 68 12.7002
33 24 14 2.3877
33 25 13 3.3871
33 26 1 0.1868
33 28 120 28.1057
33 29 8 1.6136
33 30 23 5.0201
33 31 3 0.6315
33 32 12 2.5551
33 34 16 4.1434
33 35 32 9.8374
33 36 8 1.8514
33 37 4 0.6822
33 38 42 9.9670
33 40 4 0.9595
33 41 3 0.5531
33 42 2 0.4070
33 43 1 0.1518
33 44 3 0.5885
33 46 9 2.0117
33 47 1 0.1814
33 48 33 6.4902
33 49 12 2.3949
33 50 20 3.8276
33 51 1 0.2360
33 53 22 7.7934
33 54 11 2.4959
33 55 12 2.0546
33 56 1 0.2251
33 59 8 1.9790
33 60 10 2.0060
33 61 16 3.0476
33 62 4 0.8074
33 64 39 8.1983
33 66 6 1.4432
33 67 68 14.9670
33 68 37 13.4618
33 69 248 78.7980
33 70 4 0.9716
33 71 3 0.4572
33 72 4 1.0100
33 74 2 0.3298
33 75 59 12.6494
33 76 17 3.9435
33 77 15 4.0634
33 78 1 0.1253
33 79 6 1.3621
33 80 29 5.8744
33 81 25 5.4746
33 82 3 0.3969
33 84 6 0.9693
33 86 4 0.9313
33 87 10 1.8472
33 88 4 0.9465
33 90 3 0.5754
33 91 3 0.5964
33 92 9 1.7445
33 93 4 0.9840
33 95 2 0.3647
33 96 36 8.2797
33 97 16 2.5096
33 98 23 5.4060
33 100 6 1.1286
33 101 31 7.1671
33 102 12 2.9821
33 104 1 0.2378
33 105 7 1.2959
33 107 2 0.6527
33 108 19 4.4133
33 109 188 83.1974
33 111 1 0.1456
33 113 1 0.1927
33 115 4 0.9141
33 116 15 3.1858
33 117 1 0.1815
33 118 13 2.5678
33 119 49 9.5386
33 120 2 0.8318
33 121 2 0.3744
33 122 130 33.8961
33 123 21 4.3569
33 125 35 9.2887
33 126 9 2.0464
33 127 3 0.9228
33 129 2 0.3151
33 130 14 3.1718
33 131 7 1.5079
33 133 1 0.2288
33 134 335 72.9580
33 137 9 2.5572
33 138 1 0.2773
33 139 3 0.6076
33 140 17 4.5947
33 141 9 1.7959
33 143 33 9.0269
33 144 11 2.6748
33 145 33 7.8025
33 147 11 2.6275
33 148 2 0.4380
33 149 5 2.3351
33 150 3 0.4443
33 151 73 12.6829
33 153 64 13.5445
33 154 352 84.2267
33 157 46 15.1932
33 158 1 0.1497
33 159 69 20.5470
33 160 1 0.1917
33 161 1 0.1225
33 162 1 0.2036
33 163 3 0.5394
33 164 12 2.3714
33 166 4 0.8291
33 167 24 7.5207
33 168 7 1.9359
33 170 1 0.1255
33 171 5 1.7826
33 173 23 5.4140
33 174 16 3.3790
33 175 12 2.0750
33 176 15 2.5528
33 177 11 2.1972
33 178 17 3.6544
33 179 22 3.6943
33 180 6 1.1451
33 181 1 0.2009
33 182 13 2.9643
33 183 18 5.0369
33 184 3 0.4412
33 185 13 2.3473
33 186 50 9.7932
33 187 35 6.8852
33 188 2 0.3688
33 189 11 2.0730
33 190 213 48.5518
33 191 10 1.9028
33 192 14 3.7200
33 193 4 0.8254
33 194 39 9.2252
33 196 35 13.5846
33 198 8 1.3899
33 199 5 0.9655
33 201 12 2.7901
33 202 9 1.6501
33 203 12 2.5141
33 204 6 1.4128
33 205 4 0.6967
33 206 5 1.0363
33 208 24 4.1194
33 209 8 1.6954
33 210 91 19.9009
33 211 7 1.4158
33 212 24 4.8512
33 214 15 2.8102
33 215 74 29.9812
33 216 8 2.0231
33 218 28 5.4991
33 219 2 0.4298
33 220 7 1.8313
33 221 14 3.0979
33 222 3 0.5714
33 223 40 7.7551
33 224 1 0.1743
33 225 6 1.0076
33 226 1 0.1749
33 227 10 1.6247
33 228 53 10.9228
33 232 86 20.2969
33 233 20 3.8115
33 235 46 9.9863
33 237 5 0.9671
33 238 14 2.7509
33 240 42 8.8625
33 241 92 28.9466
33 242 23 7.5940
33 243 3 0.5614
33 244 279 77.6833
33 245 12 2.6964
33 246 9 2.0252
33 247 7 1.4659
33 248 28 8.6785
33 249 2 0.3394
33 251 30 6.2102
33 252 50 11.6914
33 253 6 0.9176
33 254 1 0.1793
33 255 13 4.1503
33 256 3 0.5894
33 257 6 1.2143
33 258 2 0.3972
33 260 3 0.6937
33 261 8 1.8322
33 263 3 0.6137
33 264 6 1.8894
33 266 64 12.0879
33 268 52 10.1491
33 270 5 1.3276
33 271 1 0.2262
33 273 3 0.4949
33 274 44 12.3110
33 275 9 1.7719
33 276 29 7.4118
33 277 30 5.5311
33 279 1 0.2305
33 280 4 0.6763
33 281 6 1.4204
33 282 48 10.8470
33 283 183 66.0242
33 284 8 1.4649
33 286 21 4.2781
33 288 5 1.2113
33 290 4 0.9739
33 291 5 1.0439
33 293 6 1.3117
33 294 7 1.5948
33 295 12 3.1035
33 297 4 0.7244
33 298 1 0.2238
33 299 37 12.3574
33 300 32 5.8185
33 301 138 35.5357
33 302 14 2.9172
33 303 6 1.6822
33 304 2 0.3221
33 305 21 4.4244
33 306 16 3.0961
33 307 130 30.8682
33 308 5 0.8754
33 309 171 72.2238
33 310 33 5.6037
33 311 91 19.5496
33 312 3 0.4284
33 313 9 2.7073
33 315 4 0.7547
33 316 31 6.0770
33 317 35 6.6012
33 318 59 11.9534
33 319 1 0.2115
33 320 3 0.4517
33 322 5 1.1711
33 323 2 0.3821
33 324 4 0.8436
33 325 25 5.0039
33 326 43 12.2961
33 327 54 10.4984
33 328 6 1.5099
33 329 88 15.0995
33 330 5 1.1851
33 331 1 0.2150
33 333 16 2.5676
33 337 60 12.1382
33 338 14 2.6059
33 339 15 9.3290
33 340 19 4.1342
33 341 6 1.1714
33 342 4 0.8121
33 343 27 6.5323
33 345 35 11.2657
33 346 19 5.9523
33 347 11 2.3240
33 349 3 0.5578
33 350 19 5.8266
33 351 22 4.1382
33 352 1 0.1874
33 354 2 0.3229
33 355 4 0.9924
33 356 16 2.6870
33 357 1 0.2214
33 358 120 44.0332
33 359 34 7.7299
33 360 7 1.2209
33 362 100 17.5585
33 365 12 2.7730
33 366 1 0.0524
33 367 13 2.7360
33 368 16 3.0272
33 369 1 0.2034
33 371 8 1.5548
33 372 6 1.2019
33 373 3 0.7000
33 374 13 2.4044
33 376 3 0.6324
33 380 98 20.1327
33 381 8 1.4143
33 382 3 0.5261
34 0 10 2.9099
34 1 5 1.2531
34 3 45 10.5513
34 4 20 4.6682
34 6 12 2.4879
34 7 31 7.1015
34 8 31 8.3436
34 9 8 2.4711
34 12 6 1.1330
34 15 4 0.7516
34 16 12 2.2691
34 17 8 3.1281
34 18 10 2.5506
34 19 15 2.9660
34 20 15 2.9343
34 21 1 0.2144
34 22 12 2.0220
34 24 12 2.2726
34 26 8 1.5456
34 27 4 0.6559
34 28 5 1.0767
34 31 31 7.3280
34 32 18 4.7099
34 34 42 8.6544
34 35 2 0.3998
34 36 2 0.4041
34 39 9 1.6395
34 40 8 1.9214
34 42 16 3.9016
34 43 47 8.7951
34 44 14 2.3307
34 45 18 3.2218
34 46 6 1.2881
34 47 10 1.8665
34 48 118 23.2618
34 49 4 0.8645
34 50 11 2.6764
34 52 9 1.9912
34 54 18 3.7134
34 55 6 1.6138
34 56 1 0.2174
34 58 11 1.9322
34 60 7 1.5572
34 61 8 1.3109
34 63 8 1.3555
34 64 1 0.2121
34 65 145 45.7842
34 66 8 1.4874
34 67 7 1.8168
34 68 17 4.7779
34 69 2 0.2421
34 70 11 2.1106
34 71 1 0.1361
34 73 1 0.1386
34 74 43 9.0762
34 75 99 24.3215
34 76 1 0.1470
34 78 10 1.7715
34 79 4 0.7011
34 80 141 52.0760
34 81 87 23.0667
34 82 25 5.9979
34 83 1 0.2905
34 84 48 13.4311
34 85 4 0.6671
34 88 2 0.3528
34 89 2 0.3356
34 90 1 0.3480
34 91 1 0.1682
34 92 104 29.0810
34 94 54 15.6314
34 95 8 1.4607
34 96 3 0.3686
34 97 45 8.9769
34 99 1 0.2726
34 100 6 2.0894
34 101 41 8.0276
34 103 58 16.4430
34 104 14 2.6310
34 105 2 0.3326
34 106 42 8.3918
34 108 89 32.0834
34 109 1 0.1723
34 110 2 0.3652
34 111 6 1.1603
34 112 24 4.4807
34 114 1 0.4127
34 115 4 0.7314
34 116 3 0.8947
34 117 213 83.5320
34 118 9 1.8613
34 119 35 11.1063
34 122 327 70.3483
34 123 5 1.2222
34 124 2 0.3756
34 125 36 7.9459
34 126 4 0.8347
34 127 34 8.0736
34 128 6 1.2429
34 129 7 1.9317
34 131 24 5.1028
34 132 13 2.5672
34 134 51 9.4250
34 137 9 2.4051
34 138 81 19.6296
34 139 2 0.2776
34 140 32 6.4680
34 141 64 12.5499
34 142 35 6.6815
34 143 1 0.1147
34 144 5 0.9888
34 146 37 14.9935
34 147 8 2.2311
34 148 42 8.7392
34 149 13 3.6260
34 150 8 1.6431
34 152 14 5.4515
34 153 2 0.3453
34 154 2 0.4740
34 155 24 4.3284
34 156 1 0.1877
34 158 13 2.4699
34 159 12 3.0909
34 160 4 0.9430
34 161 8 1.4963
34 162 2 0.2916
34 163 2 0.3436
34 164 46 14.4677
34 166 193 40.1480
34 167 100 23.2191
34 168 29 5.7715
34 170 7 1.1000
34 171 12 2.0220
34 172 19 4.1613
34 174 1 0.1539
34 175 2 0.3512
34 176 1 0.2331
34 177 12 2.5330
34 178 28 5.7852
34 179 2 0.5108
34 180 1 0.1455
34 181 11 1.9952
34 182 2 0.3871
34 183 68 14.3748
34 185 41 9.2318
34 186 45 10.3616
34 187 54 11.7285
34 188 31 7.4680
34 189 1 0.2750
34 190 15 2.9186
34 192 16 3.1675
34 193 24 4.9530
34 195 2 0.2635
34 196 6 1.2775
34 198 3 0.6037
34 199 16 2.6532
34 200 1 0.1578
34 201 3 0.7351
34 203 18 4.9233
34 204 133 36.2698
34 205 7 1.3188
34 206 11 2.5403
34 207 3 0.5788
34 208 3 0.4916
34 209 31 8.0618
34 210 8 1.6371
34 211 3 0.7003
34 213 10 2.0625
34 214 9 1.7803
34 215 32 5.9489
34 216 1 0.3151
34 217 1 0.1550
34 218 33 12.2876
34 220 1 0.1916
34 221 12 4.8880
34 223 19 6.4506
34 225 79 16.2925
34 227 9 1.6739
34 228 192 66.7481
34 229 16 3.0027
34 230 8 3.7131
34 231 3 0.6498
34 232 27 8.2026
34 233 16 3.1624
34 234 8 1.9128
34 235 8 1.8027
34 236 32 6.3940
34 237 6 0.9000
34 239 298 107.1287
34 241 17 3.5050
34 242 14 2.0133
34 243 6 0.9975
34 244 6 1.2229
34 245 10 2.5482
34 246 29 8.0287
34 247 4 0.7201
34 248 17 4.2793
34 249 17 3.1338
34 250 23 4.3495
34 251 4 0.6957
34 252 9 1.9354
34 253 4 0.7761
34 254 2 0.3836
34 255 1 0.1606
34 256 15 2.9468
34 258 11 1.9197
34 259 74 16.0571
34 260 17 3.2208
34 261 105 23.7040
34 262 5 1.0108
34 263 19 3.7588
34 264 8 1.4931
34 266 2 0.3730
34 268 39 24.1666
34 269 19 4.9674
34 270 20 3.4443
34 271 4 0.7318
34 273 1 0.2314
34 274 65 13.1210
34 275 64 13.8382
34 277 15 3.3967
34 278 17 3.3612
34 280 6 1.4036
34 281 21 4.0446
34 282 1 0.1533
34 285 9 2.1404
34 286 3 0.5940
34 287 1 0.2172
34 288 52 12.9216
34 289 1 0.2460
34 290 74 14.5897
34 293 12 3.1650
34 294 1 0.2128
34 296 86 16.8023
34 297 1 0.2005
34 298 4 0.5938
34 299 11 2.8982
34 301 15 3.1809
34 304 1 0.2171
34 306 3 1.2425
34 307 36 7.1916
34 308 22 5.3720
34 309 98 33.6195
34 311 7 1.4022
34 312 7 1.3295
34 313 5 0.9865
34 316 20 3.7626
34 317 154 39.0698
34 318 41 10.1213
34 319 167 38.5226
34 321 11 2.4227
34 322 1 0.2288
34 324 37 11.8023
34 325 3 0.5437
34 326 9 2.3008
34 328 16 5.7271
34 329 8 1.6993
34 331 1 0.0987
34 332 6 1.5761
34 333 3 0.9357
34 334 6 1.1186
34 335 9 1.9360
34 336 14 2.9546
34 337 90 17.9468
34 338 14 2.9788
34 339 4 0.7119
34 340 1 0.1878
34 341 26 5.3139
34 342 65 14.7317
34 343 2 0.3943
34 345 49 8.6766
34 348 23 4.1255
34 349 7 1.3011
34 350 1 0.2080
34 352 46 8.7411
34 353 14 2.5659
34 354 3 0.5848
34 355 50 10.1166
34 356 43 8.5992
34 357 13 2.6043
34 358 8 1.5094
34 359 7 1.6651
34 360 10 1.8713
34 363 2 0.4813
34 365 51 10.9078
34 366 20 4.5700
34 368 6 2.0907
34 369 5 1.1074
34 370 4 1.1588
34 371 29 5.4559
34 372 4 0.8877
34 373 16 4.0631
34 374 4 0.7110
34 376 12 2.6003
34 379 37 8.7470
34 380 10 1.8707
34 381 9 3.2920
34 382 7 2.2126
34 383 2 0.5121
35 0 19 3.4466
35 1 7 1.4281
35 2 11 2.2327
35 3 5 1.8427
35 4 16 4.1083
35 5 3 0.9911
35 7 1 0.1325
35 8 2 0.4336
35 9 27 7.9765
35 11 66 13.4156
35 12 7 1.3713
35 13 3 0.7581
35 15 6 1.1315
35 16 4 0.7738
35 17 21 5.5802
35 18 9 1.5792
35 19 16 4.2225
35 20 9 2.8850
35 21 1 0.1835
35 22 1 0.2314
35 23 4 0.9032
35 24 2 0.4734
35 25 53 11.5298
35 26 12 2.2793
35 28 2 0.4849
35 29 4 0.8541
35 30 5 0.9643
35 33 2 0.4598
35 34 61 13.5985
35 35 2 0.7403
35 36 22 6.7257
35 37 12 2.4274
35 38 45 12.3981
35 39 2 0.3757
35 41 46 9.2066
35 42 19 4.8029
35 46 200 53.2355
35 47 16 5.5627
35 49 17 3.7025
35 51 7 1.3694
35 52 9 2.5666
35 53 32 7.7892
35 54 10 1.8100
35 58 39 12.3289
35 59 2 0.3323
35 60 8 1.3864
35 61 20 4.0519
35 62 9 1.5358
35 63 8 1.9914
35 66 1 0.1287
35 67 2 0.3518
35 68 7 1.3488
35 71 1 0.2374
35 72 2 0.4986
35 75 153 47.6648
35 76 4 0.8420
35 77 20 4.5155
35 79 9 2.1861
35 80 10 2.6054
35 81 1 0.1926
35 84 18 4.1820
35 85 5 1.1856
35 86 15 4.5199
35 87 10 2.2619
35 88 13 4.5538
35 89 1 0.2124
35 91 1 0.2085
35 92 14 4.3917
35 93 9 1.7995
35 94 4 0.7799
35 96 1 0.1140
35 97 5 1.2082
35 98 25 6.4690
35 100 4 0.7352
35 102 32 10.5213
35 103 144 28.4901
35 104 30 7.5197
35 105 1 0.1545
35 106 8 2.1664
35 107 5 1.2921
35 108 4 0.7951
35 110 4 0.7486
35 111 5 1.0356
35 112 30 7.8888
35 113 1 0.1650
35 115 8 1.3563
35 116 36 10.5151
35 117 10 1.5938
35 118 234 60.3584
35 119 125 35.1233
35 120 28 5.8658
35 121 6 1.2569
35 122 6 1.2239
35 123 1 0.1662
35 124 15 2.7776
35 125 4 0.8427
35 126 4 0.7879
35 127 53 17.8915
35 128 2 0.5544
35 130 5 0.9917
35 131 24 4.7777
35 132 9 1.7359
35 133 6 1.2664
35 134 4 0.9947
35 135 13 3.0052
35 136 11 2.3070
35 139 1 0.2602
35 140 32 7.4928
35 141 75 19.7414
35 144 33 10.6520
35 145 6 1.4859
35 146 56 12.3225
35 147 5 1.6697
35 149 1 0.1876
35 151 7 1.2346
35 152 32 7.5538
35 153 79 15.4302
35 154 23 5.1023
35 155 46 11.4028
35 157 13 2.7845
35 158 5 1.1478
35 159 32 7.8264
35 160 4 0.7861
35 161 9 1.6679
35 162 80 15.8049
35 163 32 6.5403
35 164 24 3.6177
35 166 8 1.4534
35 167 1 0.1512
35 168 1 0.1846
35 169 1 0.2344
35 170 1 0.1824
35 171 37 8.4855
35 172 3 0.6808
35 174 6 1.1467
35 175 2 0.4773
35 176 16 4.0124
35 177 97 35.8195
35 178 20 4.6040
35 180 33 6.6134
35 182 22 5.4657
35 184 2 0.3655
35 185 3 0.5053
35 187 3 0.4392
35 190 11 2.1718
35 191 19 3.6378
35 193 127 32.4061
35 194 7 1.2850
35 196 2 0.4459
35 197 4 0.7541
35 198 2 0.4440
35 199 68 19.9019
35 200 6 1.1644
35 201 4 0.6756
35 202 1 0.1487
35 203 16 3.8266
35 204 8 1.5980
35 205 27 6.6011
35 206 64 20.1001
35 207 1 0.1783
35 208 1 0.2032
35 209 1 0.2005
35 210 24 4.8518
35 211 17 3.8523
35 212 5 0.9761
35 213 17 4.9299
35 214 1 0.2109
35 215 223 64.5626
35 216 6 1.1622
35 217 1 0.1718
35 218 22 5.3824
35 219 7 1.3716
35 220 1 0.1957
35 221 21 4.9050
35 223 3 0.7126
35 224 17 3.7267
35 225 7 1.3459
35 227 1 0.0679
35 228 1 0.1281
35 229 26 4.8711
35 230 4 0.7977
35 232 2 0.3385
35 233 22 5.8504
35 234 13 4.4855
35 235 5 1.0830
35 236 7 1.2396
35 237 3 0.6602
35 238 5 1.1286
35 239 2 0.4055
35 240 44 9.6023
35 241 1 0.1776
35 242 1 0.1894
35 243 7 1.7552
35 245 1 0.1700
35 246 11 3.3642
35 247 5 1.2036
35 248 4 0.8314
35 250 8 2.9689
35 251 11 2.4461
35 252 5 1.0178
35 253 15 2.6236
35 254 7 1.6411
35 258 5 1.1926
35 259 5 0.9453
35 261 17 3.0192
35 262 60 13.4460
35 263 12 2.1724
35 264 12 2.2468
35 266 102 25.5181
35 267 41 15.9810
35 268 9 1.5206
35 270 22 4.2113
35 272 9 2.0689
35 273 23 6.0958
35 274 2 0.4418
35 275 16 3.4297
35 276 12 2.2034
35 277 9 1.9147
35 279 10 1.9718
35 280 5 0.8023
35 281 22 6.4875
35 282 6 1.2316
35 284 37 7.6164
35 286 8 1.5215
35 287 6 1.0914
35 289 9 2.1339
35 290 1 0.1531
35 292 4 0.9013
35 293 141 62.1001
35 294 1 0.1828
35 295 2 0.4253
35 296 12 3.1648
35 298 15 3.4069
35 299 19 4.4947
35 300 18 6.5392
35 303 32 7.5466
35 304 9 3.2806
35 305 52 12.2504
35 306 381 95.6868
35 307 9 1.8937
35 308 8 1.5627
35 309 1 0.2418
35 310 1 0.1049
35 311 9 1.6503
35 312 20 6.5799
35 313 58 12.9568
35 314 4 0.6523
35 315 114 24.5760
35 317 1 0.1356
35 318 2 0.3557
35 320 5 1.0207
35 321 3 0.8583
35 322 3 0.5748
35 323 1 0.1849
35 324 86 19.1112
35 326 45 9.9876
35 328 13 2.7906
35 329 2 0.3623
35 330 14 2.7143
35 332 36 9.2728
35 333 60 13.0751
35 334 22 5.3999
35 335 17 3.4103
35 336 11 2.6234
35 337 5 1.2647
35 338 15 3.3930
35 339 21 4.4723
35 340 4 0.9408
35 341 5 1.4344
35 343 7 1.4693
35 344 64 15.5996
35 346 12 2.8612
35 347 35 9.5677
35 348 45 11.1530
35 349 2 0.3001
35 350 67 17.6605
35 352 28 8.2193
35 353 6 1.1576
35 354 16 4.2630
35 355 64 12.3398
35 356 91 16.3544
35 357 6 1.4241
35 358 3 0.3705
35 359 40 8.7555
35 361 4 0.6104
35 362 5 0.9089
35 363 9 1.9651
35 365 78 17.1814
35 366 47 21.9554
35 367 4 0.6860
35 369 29 5.3703
35 370 3 0.5412
35 371 9 1.9538
35 373 14 3.4706
35 374 5 1.0383
35 376 2 0.3603
35 377 58 13.2682
35 378 6 2.5700
35 379 5 0.9857
35 380 1 0.2356
35 381 4 0.8518
35 382 15 2.7808
35 383 27 5.5704
36 0 3 0.4550
36 1 47 8.6771
36 2 2 0.4243
36 3 9 2.3513
36 4 69 19.4553
36 6 5 1.7796
36 7 3 0.5953
36 8 1 0.2208
36 11 2 0.2997
36 12 10 2.1811
36 13 10 2.4268
36 15 2 0.5344
36 16 10 1.7781
36 17 6 1.8649
36 21 4 0.8353
36 22 145 28.6177
36 23 24 8.1549
36 24 3 0.5546
36 25 3 0.7024
36 26 27 7.7086
36 28 89 17.4846
36 29 15 3.7188
36 30 3 0.4596
36 32 7 1.6085
36 34 10 1.9710
36 35 11 1.8281
36 36 20 5.8676
36 40 12 2.4862
36 41 9 1.8298
36 42 30 5.6967
36 43 11 2.3418
36 44 3 1.0434
36 45 16 2.7167
36 46 3 0.5208
36 47 8 2.1348
36 50 9 1.8922
36 51 15 2.8208
36 52 10 2.4749
36 53 10 4.7428
36 55 12 2.7139
36 56 84 13.7775
36 57 5 1.2027
36 58 11 2.2439
36 59 152 40.0730
36 60 6 1.8658
36 61 1 0.2148
36 62 1 0.0658
36 63 7 1.7015
36 64 13 2.3740
36 65 2 0.3706
36 66 3 0.3576
36 67 2 0.5179
36 69 19 3.8436
36 70 12 3.4837
36 71 1 0.1052
36 72 2 0.5859
36 73 7 1.6306
36 76 11 2.7691
36 78 5 0.6456
36 79 7 1.1358
36 80 153 39.5804
36 82 85 16.5231
36 83 15 2.9251
36 84 8 1.7131
36 85 15 7.8133
36 91 6 1.0393
36 93 5 0.9452
36 94 8 1.6404
36 95 6 1.6137
36 98 31 8.1115
36 99 71 26.1439
36 100 8 1.1733
36 101 12 2.3904
36 102 4 0.8825
36 103 17 4.5924
36 104 4 0.7670
36 106 12 3.7689
36 108 4 0.6167
36 110 3 0.2338
36 111 13 2.4957
36 112 3 0.7310
36 113 3 0.7321
36 114 83 16.8890
36 116 1 0.1199
36 121 27 4.9941
36 123 5 1.6582
36 125 6 0.9426
36 129 4 0.9707
36 130 9 2.4932
36 134 19 6.0802
36 135 15 2.7032
36 137 2 0.3117
36 138 3 0.3889
36 139 1 0.1425
36 140 2 0.3899
36 141 9 2.9012
36 142 6 1.3520
36 143 1 0.0784
36 144 2 0.3327
36 146 1 0.4078
36 147 1 0.3726
36 148 1 0.1728
36 149 3 0.5601
36 150 2 0.3988
36 152 9 2.8247
36 153 1 0.1724
36 154 3 0.4801
36 157 10 2.0058
36 158 108 20.7321
36 159 21 5.6034
36 160 11 2.1293
36 161 4 0.8067
36 162 6 1.0105
36 164 2 0.3607
36 165 25 6.3676
36 166 11 3.0254
36 167 1 0.2596
36 168 1 0.1331
36 169 17 3.5973
36 170 9 2.0047
36 171 13 3.1389
36 172 36 7.8776
36 173 5 0.8537
36 174 17 3.4178
36 175 1 0.1689
36 176 25 6.2844
36 177 4 0.7217
36 178 1 0.0016
36 179 1 0.2979
36 180 3 1.1170
36 181 1 0.0016
36 182 44 9.9648
36 183 8 1.4166
36 184 19 5.1695
36 185 4 0.6798
36 186 1 0.0454
36 187 59 29.7151
36 190 18 3.5880
36 192 30 6.6738
36 194 8 2.9628
36 195 7 1.7808
36 196 4 1.2687
36 197 29 5.6506
36 201 13 2.5374
36 202 27 11.9272
36 203 1 0.1498
36 204 36 7.5604
36 205 6 1.0791
36 208 3 0.5516
36 209 3 0.7783
36 210 11 2.9736
36 211 15 2.5633
36 212 32 9.8397
36 213 1 0.3690
36 214 15 2.5283
36 215 6 1.3303
36 217 6 1.1318
36 220 16 4.3448
36 221 5 0.4290
36 222 32 5.5688
36 223 14 3.9521
36 224 1 0.1205
36 225 6 1.7931
36 227 1 0.1103
36 229 6 1.2798
36 230 3 0.3129
36 231 86 16.7715
36 233 105 34.8005
36 234 6 1.6703
36 236 15 3.4179
36 238 22 4.2210
36 239 1 0.2173
36 240 5 0.8306
36 241 1 0.2020
36 242 8 2.1396
36 244 42 16.5563
36 245 5 1.0743
36 246 4 0.6976
36 247 15 3.0570
36 248 13 3.3834
36 250 15 4.3988
36 252 13 2.3342
36 253 101 20.4660
36 254 1 0.1988
36 257 111 60.9839
36 258 6 1.3694
36 259 2 0.7052
36 262 6 1.4107
36 263 1 0.1675
36 264 4 0.7298
36 265 13 2.3708
36 266 4 0.6825
36 267 1 0.2758
36 268 41 8.8285
36 270 2 0.1902
36 271 5 2.1241
36 272 28 8.8171
36 273 35 8.9286
36 274 25 4.7990
36 276 2 0.3371
36 277 89 25.9981
36 279 44 11.8555
36 280 15 2.7260
36 281 1 0.1894
36 282 3 0.6391
36 283 5 1.0598
36 284 65 12.0930
36 285 8 1.4718
36 286 1 0.1516
36 287 9 2.1349
36 288 37 5.9344
36 289 30 8.2918
36 291 1 0.1619
36 292 5 0.8902
36 293 19 3.0129
36 294 2 0.6471
36 296 5 1.0030
36 299 17 3.4224
36 300 1 0.1282
36 301 191 40.1061
36 302 173 43.0679
36 303 2 0.3516
36 304 12 2.3054
36 305 91 18.6690
36 306 29 7.4839
36 307 43 14.1938
36 308 3 0.6693
36 310 1 0.1603
36 311 2 0.3582
36 312 3 0.5640
36 313 235 77.0681
36 314 67 13.8308
36 316 17 3.0495
36 317 29 5.7569
36 318 30 5.6116
36 319 2 0.2159
36 322 176 48.4937
36 323 43 8.8309
36 324 1 0.4412
36 325 2 0.6517
36 327 13 2.9225
36 329 7 1.7168
36 330 1 0.1692
36 332 1 0.1218
36 333 12 2.8004
36 336 22 5.0366
36 337 27 7.0063
36 338 1 0.2195
36 339 38 10.5986
36 340 10 2.2869
36 342 72 13.1891
36 343 15 2.9692
36 344 1 0.1298
36 345 1 0.2063
36 346 75 32.6022
36 349 11 2.5938
36 350 30 6.6877
36 353 14 2.9850
36 354 141 34.4516
36 355 14 2.6051
36 356 5 1.0440
36 359 81 15.2816
36 360 1 0.0906
36 361 23 5.0161
36 362 3 0.6444
36 363 47 14.8150
36 364 3 0.6000
36 365 2 0.3223
36 366 31 6.8590
36 367 16 3.2755
36 369 17 5.1256
36 371 16 3.4699
36 372 17 5.3626
36 373 34 9.8340
36 374 41 7.6544
36 377 3 0.5232
36 378 2 0.6763
36 380 5 1.1667
36 381 22 3.9892
36 382 8 1.4906
37 0 1 0.1890
37 1 12 2.5473
37 2 2 0.0000
37 3 7 1.7770
37 4 19 3.9657
37 5 9 2.1051
37 6 18 4.2080
37 7 8 2.3623
37 8 17 2.7310
37 9 21 6.4073
37 10 11 2.6274
37 11 5 0.9653
37 12 7 2.0348
37 13 14 3.0855
37 14 5 1.1085
37 15 45 10.7563
37 16 6 1.3581
37 18 14 3.6242
37 19 16 3.2032
37 20 6 1.0865
37 21 12 2.1670
37 22 9 1.5703
37 23 4 0.8545
37 26 95 29.3530
37 27 1 0.2304
37 28 6 1.3113
37 29 1 0.1432
37 30 41 18.8479
37 31 7 1.5524
37 32 33 9.4420
37 33 20 4.0512
37 34 7 1.2738
37 35 11 1.7275
37 36 5 1.2446
37 37 42 12.3841
37 38 18 3.4265
37 39 17 3.6755
37 40 1 0.1972
37 42 10 3.0643
37 43 33 10.7169
37 44 4 0.7089
37 45 5 0.7946
37 46 7 2.8702
37 49 1 0.1780
37 50 6 0.9243
37 51 4 0.8211
37 53 26 10.2314
37 54 2 0.3546
37 55 35 9.8782
37 56 18 5.4833
37 58 11 2.2796
37 59 2 0.3403
37 60 4 0.9145
37 61 5 0.8346
37 64 4 0.6807
37 65 4 0.8026
37 66 3 0.7524
37 67 6 1.2282
37 68 36 15.4130
37 69 6 1.0482
37 70 11 2.5244
37 71 40 9.0272
37 72 12 2.1738
37 73 19 4.5701
37 74 9 1.8621
37 75 7 1.1396
37 76 11 1.8369
37 77 14 3.6343
37 78 27 11.3344
37 79 2 0.3941
37 82 1 0.1885
37 83 15 4.5761
37 84 3 0.7422
37 85 5 2.1295
37 86 1 0.1678
37 89 4 0.6136
37 90 2 0.3271
37 91 1 0.1499
37 92 1 0.1542
37 93 3 0.5666
37 94 2 0.3687
37 95 12 2.6801
37 97 16 3.5687
37 98 3 0.9799
37 100 8 2.9034
37 102 10 2.2725
37 104 5 0.8098
37 105 47 17.0602
37 107 8 1.5050
37 110 5 1.0631
37 112 21 5.9731
37 113 4 0.7952
37 115 9 2.0248
37 116 9 2.6596
37 117 12 2.1989
37 118 4 1.5880
37 119 31 5.4934
37 121 7 2.1086
37 123 11 3.2242
37 124 11 2.4922
37 125 6 0.7939
37 126 23 5.3284
37 127 6 2.1119
37 128 35 11.3710
37 129 2 0.5380
37 130 57 13.0724
37 131 8 1.4916
37 132 13 2.4780
37 135 34 9.2934
37 136 12 3.9396
37 137 9 1.5343
37 138 48 10.4127
37 140 2 0.2992
37 141 4 1.2077
37 142 1 0.2157
37 143 1 0.1280
37 144 7 3.1348
37 145 3 0.5943
37 147 2 0.3440
37 148 15 3.5350
37 151 2 0.3402
37 154 2 0.3731
37 155 2 0.3843
37 156 28 6.5418
37 157 34 9.3036
37 158 11 2.0135
37 160 26 6.1300
37 161 10 2.0074
37 162 10 2.1899
37 163 29 5.8085
37 164 1 0.1718
37 165 7 1.4374
37 166 11 2.2068
37 167 45 11.3304
37 168 10 2.0494
37 169 6 0.9063
37 170 23 6.0324
37 171 5 1.5308
37 172 45 8.5896
37 173 8 1.3352
37 174 17 3.3860
37 176 25 7.7474
37 177 70 15.1162
37 178 5 0.6733
37 179 18 3.6824
37 180 6 1.1868
37 181 187 43.1045
37 182 26 8.0651
37 184 1 0.2034
37 186 13 2.9173
37 187 33 8.5645
37 188 56 12.6301
37 190 6 1.2024
37 191 1 0.2147
37 192 6 1.4986
37 194 8 2.0833
37 195 1 0.0903
37 197 3 1.7291
37 198 13 3.1649
37 201 11 2.0402
37 202 1 0.1919
37 203 1 0.1118
37 204 17 3.2718
37 205 2 0.3547
37 207 4 0.6956
37 208 15 2.6095
37 209 11 2.1639
37 212 5 1.7610
37 214 100 21.5577
37 215 2 0.4778
37 217 26 4.4777
37 218 81 19.3947
37 219 35 6.9129
37 220 6 1.0054
37 223 1 0.1971
37 224 4 0.7865
37 225 137 26.8168
37 227 16 3.4550
37 228 2 0.4431
37 230 21 5.0480
37 232 16 4.1581
37 233 12 2.4767
37 234 67 13.6970
37 236 1 0.2083
37 237 4 0.7098
37 238 16 4.5547
37 239 7 1.8778
37 240 54 11.9473
37 241 7 1.3802
37 243 1 0.2431
37 245 12 6.7254
37 246 8 1.6425
37 247 2 0.3520
37 248 9 2.1094
37 249 1 0.1480
37 250 8 2.4858
37 251 1 0.1926
37 252 6 1.2122
37 253 8 2.0335
37 254 2 0.8256
37 255 2 0.4189
37 256 198 57.0643
37 257 2 0.2807
37 258 2 0.4173
37 259 7 1.4943
37 260 3 0.8361
37 262 4 0.9345
37 263 11 3.4952
37 264 6 1.3510
37 265 3 0.6550
37 266 2 0.3397
37 267 8 2.1928
37 268 5 1.1478
37 270 2 0.3223
37 271 2 0.3937
37 272 29 9.6790
37 273 5 2.3644
37 275 3 0.6339
37 276 7 1.6577
37 278 6 1.2166
37 279 66 12.8551
37 280 2 0.7505
37 281 8 1.7890
37 282 197 46.3993
37 284 1 0.2299
37 285 7 2.5162
37 287 182 54.7836
37 288 6 1.6758
37 289 1 0.1490
37 291 1 0.1688
37 292 17 3.5177
37 293 1 0.0085
37 294 1 0.1181
37 295 6 1.3731
37 296 16 3.3287
37 297 10 2.2537
37 298 58 13.4316
37 300 3 0.4884
37 301 3 0.7365
37 302 6 1.6866
37 303 1 0.1993
37 304 13 2.6315
37 305 4 0.6877
37 307 15 5.5426
37 308 16 4.2223
37 310 45 11.6420
37 311 1 0.1678
37 315 14 3.9343
37 316 5 0.9474
37 317 5 1.4066
37 318 2 0.2410
37 320 10 1.8031
37 321 6 1.2112
37 322 43 23.8540
37 326 14 2.6209
37 329 3 0.6236
37 330 13 2.6246
37 331 2 0.4347
37 333 4 2.2208
37 334 12 2.9299
37 336 1 0.2538
37 337 4 0.7839
37 338 5 1.0087
37 339 38 7.5105
37 340 1 0.0990
37 341 8 2.1799
37 343 23 7.3608
37 344 20 4.4205
37 345 23 3.9795
37 346 11 1.7946
37 349 5 1.1672
37 350 56 12.0281
37 351 3 0.5260
37 352 7 1.4449
37 354 1 0.2942
37 355 2 0.5396
37 357 10 1.8978
37 358 10 3.0127
37 359 111 24.3476
37 360 54 16.4615
37 363 2 0.4169
37 364 3 0.6563
37 365 6 1.2416
37 366 23 5.2482
37 367 3 0.5454
37 368 2 0.3710
37 369 11 2.1643
37 370 27 7.9685
37 371 1 0.2071
37 372 35 6.2367
37 373 7 1.8334
37 374 3 0.6462
37 375 3 0.6725
37 377 32 9.4671
37 378 4 0.7357
37 379 4 0.7477
37 380 117 25.4974
37 381 68 21.1035
37 382 1 0.1754
38 0 1 0.1796
38 1 1 0.2700
38 2 2 0.1841
38 6 42 13.0312
38 7 23 4.2410
38 8 3 0.5123
38 9 3 0.4998
38 11 1 0.1166
38 12 3 0.4223
38 13 18 4.0690
38 14 1 0.2061
38 15 4 0.8722
38 16 17 3.7593
38 17 53 12.4901
38 18 2 0.4696
38 19 5 1.9424
38 20 4 0.9921
38 21 101 19.4747
38 23 5 0.8582
38 24 28 6.7676
38 25 2 0.3747
38 26 20 4.2785
38 28 13 2.3625
38 29 9 2.1536
38 30 15 4.4382
38 31 43 11.9277
38 32 3 0.3518
38 33 18 13.0340
38 35 50 11.4242
38 37 2 0.6131
38 40 6 1.2700
38 43 9 5.1867
38 44 5 1.3150
38 46 1 0.1034
38 48 1 0.1603
38 49 7 1.3652
38 50 46 12.8948
38 51 6 1.3823
38 53 3 0.6071
38 54 13 4.7256
38 55 3 0.4966
38 56 8 1.7363
38 57 1 0.1621
38 58 5 0.5721
38 59 25 6.1333
38 60 2 0.3196
38 61 2 0.4122
38 62 29 8.9724
38 63 5 0.9023
38 64 10 5.2332
38 66 1 0.0791
38 67 23 4.2790
38 68 11 2.1549
38 69 12 2.9385
38 70 45 15.9995
38 71 12 2.4335
38 73 10 1.9359
38 74 5 0.7401
38 75 15 3.9330
38 76 1 0.3770
38 79 25 4.9119
38 80 39 11.8953
38 81 1 0.1513
38 82 2 0.0605
38 83 5 0.9525
38 84 2 0.3119
38 85 15 3.1212
38 86 14 3.1656
38 87 18 5.0954
38 88 64 14.2615
38 89 14 4.0251
38 90 6 1.5517
38 91 24 6.8357
38 93 93 16.0212
38 94 10 2.8511
38 95 5 3.2598
38 96 1 0.2048
38 97 67 19.3172
38 98 19 3.4473
38 99 3 0.3843
38 100 3 0.0000
38 101 4 1.0841
38 103 15 3.4579
38 104 1 0.1804
38 105 3 0.3146
38 108 7 1.1999
38 109 2 0.4558
38 110 7 3.6360
38 112 4 0.8234
38 113 1 0.0856
38 114 1 0.4315
38 115 18 2.6489
38 116 26 5.0434
38 117 35 8.0464
38 118 36 6.2596
38 119 10 2.1631
38 120 6 0.8266
38 121 1 1.4992
38 122 1 0.1840
38 123 1 0.6555
38 124 1 0.1819
38 125 24 4.6060
38 126 2 0.4324
38 127 2 0.3941
38 131 15 3.0508
38 133 9 1.5637
38 134 7 1.8990
38 138 23 4.0300
38 139 22 4.0414
38 140 3 0.5625
38 141 100 19.6170
38 144 15 3.8372
38 146 2 0.2987
38 147 36 6.3312
38 148 4 0.6566
38 149 4 0.5699
38 150 14 2.6923
38 151 15 2.2808
38 152 146 45.3047
38 153 11 1.9635
38 154 1 0.1477
38 155 10 2.0333
38 156 3 0.2857
38 157 6 1.3624
38 158 51 16.1852
38 159 20 4.2686
38 160 1 0.1162
38 162 23 4.7938
38 163 1 0.1957
38 164 1 0.2052
38 165 2 0.3508
38 167 16 3.8671
38 168 8 1.5340
38 169 24 4.3573
38 170 9 1.5373
38 171 22 3.5943
38 172 1 0.2119
38 173 7 0.6486
38 176 9 2.3365
38 177 14 4.2085
38 179 5 0.9243
38 181 2 0.3272
38 183 18 5.8855
38 185 2 0.2718
38 186 4 0.6854
38 187 3 0.5960
38 188 19 2.9070
38 189 7 1.1453
38 190 12 2.9700
38 191 6 1.6068
38 192 14 3.6567
38 193 23 10.8403
38 195 10 1.8714
38 196 72 17.5771
38 197 17 3.7998
38 199 4 0.6384
38 201 7 2.0308
38 202 20 4.9487
38 203 3 0.9659
38 204 20 4.4649
38 205 9 2.7119
38 206 3 0.4364
38 207 32 8.3949
38 208 57 15.5524
38 210 1 0.0972
38 211 3 0.6238
38 212 18 4.5257
38 213 3 0.6084
38 215 6 0.8065
38 216 7 1.3275
38 217 10 3.4223
38 218 6 1.0155
38 219 125 33.1990
38 220 3 0.4772
38 222 1 0.1003
38 224 9 1.5707
38 225 10 2.1251
38 226 27 5.6899
38 227 36 11.8484
38 228 3 0.4785
38 230 14 3.4903
38 231 9 2.7682
38 232 12 2.5874
38 234 16 6.7377
38 235 2 0.1944
38 236 9 2.5315
38 237 33 13.3369
38 239 11 1.4036
38 242 9 2.1867
38 243 2 0.3796
38 245 3 0.8784
38 246 86 29.7236
38 247 8 1.0466
38 249 45 8.9466
38 250 28 14.2552
38 251 2 0.2531
38 252 19 4.0658
38 253 1 0.1103
38 254 7 1.7696
38 256 15 2.3353
38 257 13 3.2277
38 258 10 5.2254
38 259 3 0.3906
38 260 6 2.7717
38 261 5 1.6723
38 263 3 0.4529
38 264 12 3.0813
38 265 20 4.9593
38 268 92 21.5680
38 269 10 2.1790
38 270 1 0.2089
38 271 4 1.0410
38 272 4 0.4845
38 273 21 10.1120
38 276 13 5.1314
38 277 19 6.0966
38 278 16 4.8405
38 280 10 2.5292
38 281 11 1.7398
38 282 6 1.3784
38 283 23 5.1019
38 285 8 2.1035
38 286 7 2.4559
38 287 3 0.4419
38 288 18 5.0171
38 289 27 6.6384
38 291 5 0.7110
38 292 6 0.9826
38 293 40 8.8999
38 295 3 0.0008
38 296 74 17.5774
38 298 10 1.8232
38 299 2 0.3592
38 301 4 0.9676
38 302 13 2.9799
38 303 8 1.9030
38 304 1 0.1584
38 305 13 2.9105
38 307 2 0.3519
38 308 2 0.4616
38 309 11 3.9532
38 311 3 0.5098
38 312 1 0.1768
38 314 5 1.3034
38 315 3 0.6092
38 316 15 2.3075
38 317 3 0.3320
38 318 74 17.0775
38 319 3 0.6124
38 320 3 0.8301
38 322 28 7.1684
38 323 1 0.7596
38 325 8 3.3594
38 326 1 0.2833
38 327 1 0.1710
38 328 3 0.7857
38 329 1 0.1254
38 331 1 0.2057
38 332 2 0.2733
38 333 3 0.4941
38 335 4 0.8713
38 336 1 0.1346
38 337 2 0.3730
38 339 6 2.7129
38 340 6 0.9968
38 342 11 2.0447
38 343 1 0.1641
38 344 3 0.5390
38 345 10 3.6827
38 347 8 1.3232
38 349 6 1.0752
38 351 8 1.0322
38 352 1 0.1250
38 353 30 8.2410
38 355 22 5.2021
38 356 5 0.8457
38 357 3 0.9743
38 359 1 0.1760
38 361 59 15.5422
38 363 52 14.7117
38 364 5 0.7442
38 366 5 0.3980
38 367 4 0.4560
38 368 5 1.4438
38 369 32 5.4826
38 370 22 4.0704
38 371 1 0.2097
38 373 5 1.4532
38 374 3 1.7256
38 375 18 4.2166
38 376 1 0.1758
38 378 20 6.0363
38 379 3 0.3666
38 380 3 1.7156
38 381 3 0.3172
38 382 10 1.4674
38 383 4 0.0096
39 0 13 2.4683
39 1 40 11.6284
39 2 3 0.4097
39 4 18 14.5281
39 5 22 4.2260
39 6 25 4.8689
39 7 17 13.0407
39 8 13 1.9469
39 9 1 0.2428
39 10 2 0.2697
39 12 15 5.1545
39 13 1 0.1767
39 14 17 3.0551
39 15 29 7.9639
39 18 86 15.9651
39 19 1 0.0438
39 20 7 1.4268
39 21 1 0.0663
39 23 7 0.5274
39 24 10 1.5320
39 25 8 2.5915
39 26 9 2.7890
39 27 25 6.3551
39 28 8 0.2550
39 30 6 2.6077
39 31 11 1.9478
39 32 11 1.5238
39 33 16 2.2004
39 35 7 1.1915
39 36 2 0.2982
39 38 3 0.3928
39 41 5 1.2342
39 42 5 1.0925
39 44 3 0.6932
39 45 2 0.9445
39 47 2 0.2713
39 48 14 1.3961
39 50 5 0.9354
39 51 6 0.9689
39 52 1 0.0928
39 54 186 54.5352
39 55 6 0.1934
39 56 3 0.3883
39 58 27 6.2745
39 59 21 5.8006
39 61 4 0.5773
39 62 1 0.0812
39 64 4 0.6535
39 65 9 2.6574
39 66 15 4.5560
39 68 5 0.8597
39 69 2 0.2498
39 70 3 0.2609
39 71 1 0.1586
39 72 15 4.1547
39 73 1 0.1620
39 75 4 1.0685
39 76 1 0.1832
39 78 8 1.8827
39 80 20 3.8624
39 81 1 0.0700
39 82 8 0.9131
39 83 15 0.8876
39 84 6 1.9355
39 85 11 3.7229
39 86 8 0.9980
39 87 13 7.6625
39 88 1 0.0973
39 91 22 5.8494
39 92 5 2.8517
39 93 15 3.1260
39 96 4 0.9485
39 97 13 3.7522
39 98 4 0.7565
39 99 14 3.7148
39 100 3 0.4192
39 101 25 7.3411
39 102 20 4.5062
39 103 4 1.5272
39 106 17 3.8377
39 107 4 1.2983
39 109 8 2.5102
39 110 1 0.1133
39 111 1 0.3571
39 112 18 4.9059
39 115 6 1.1035
39 116 5 1.4380
39 117 1 0.0015
39 118 30 10.2290
39 119 12 0.7504
39 120 1 0.0228
39 121 7 0.9826
39 122 4 0.8469
39 123 13 2.6550
39 124 1 0.1430
39 125 12 3.6252
39 126 4 1.8013
39 127 9 1.9264
39 128 1 0.1913
39 129 8 1.6442
39 131 2 0.5601
39 133 44 11.2766
39 135 17 1.9863
39 139 5 1.3064
39 140 1 0.2029
39 141 8 2.4428
39 142 3 0.3949
39 144 4 1.1770
39 145 3 0.5768
39 146 15 2.7696
39 147 2 0.3742
39 148 1 0.2506
39 149 13 1.8135
39 151 18 4.5911
39 152 34 5.7210
39 153 2 0.2085
39 155 88 20.0978
39 156 7 1.1737
39 157 2 0.5096
39 158 2 0.3792
39 159 55 11.0360
39 160 41 7.4400
39 161 3 0.4398
39 164 6 1.1486
39 166 6 1.2745
39 168 7 3.5193
39 169 3 0.4287
39 170 29 3.9884
39 172 4 1.0910
39 173 1 0.2027
39 174 3 0.3122
39 176 7 0.9424
39 178 7 7.1792
39 179 5 0.8916
39 181 9 2.0755
39 183 1 0.0955
39 184 4 0.6638
39 185 3 0.4742
39 187 4 1.0124
39 188 6 8.9114
39 189 27 7.8692
39 190 21 6.3571
39 191 15 2.6288
39 192 1 0.1441
39 194 8 1.1198
39 195 1 0.1769
39 196 3 0.6212
39 197 6 0.7332
39 198 15 2.5077
39 199 4 0.4594
39 200 4 0.5575
39 202 44 8.7820
39 203 41 11.7747
39 204 2 0.1728
39 205 6 1.2118
39 206 1 0.1325
39 207 2 0.2340
39 208 15 3.4147
39 209 2 0.3001
39 210 6 0.9962
39 211 1 0.0115
39 212 11 2.1835
39 213 6 0.9077
39 215 24 5.4772
39 218 1 0.0408
39 220 2 0.6564
39 221 21 4.2683
39 222 1 0.2290
39 223 2 0.2965
39 224 30 7.5990
39 226 2 0.2600
39 228 21 5.6834
39 229 1 0.0014
39 231 28 9.6578
39 232 3 0.7541
39 235 8 1.5490
39 236 7 1.6719
39 237 14 5.7017
39 238 5 0.6620
39 240 4 0.4719
39 241 1 0.0852
39 242 3 0.4458
39 243 1 0.2036
39 244 9 1.9133
39 246 2 0.3888
39 247 1 0.1561
39 250 3 0.4526
39 252 5 0.8745
39 254 2 0.1892
39 255 2 0.2128
39 256 13 4.0327
39 257 13 2.6049
39 258 1 0.0709
39 260 1 0.2058
39 261 8 1.6209
39 262 3 0.7951
39 263 2 0.1184
39 264 10 1.4356
39 265 1 0.1635
39 266 5 0.9133
39 268 42 14.4165
39 269 2 0.2826
39 272 4 2.0029
39 273 4 1.0723
39 274 1 0.0223
39 276 33 7.8009
39 277 11 3.0975
39 279 2 0.3085
39 281 26 7.2188
39 283 12 3.1174
39 284 22 5.8514
39 285 3 0.3424
39 286 31 5.1082
39 289 30 7.6757
39 291 8 1.0123
39 293 12 3.2861
39 294 18 2.4257
39 295 2 0.2812
39 296 7 1.4229
39 297 1 0.1965
39 298 3 0.3057
39 300 2 0.2023
39 301 2 1.1003
39 303 120 32.1313
39 304 3 0.8859
39 306 3 0.8131
39 307 31 9.2430
39 308 10 1.5019
39 309 2 0.2821
39 311 9 1.7991
39 312 7 0.9993
39 313 1 0.1196
39 314 3 0.2241
39 317 8 2.3782
39 318 13 10.4657
39 319 33 7.6848
39 322 23 4.9033
39 323 2 0.1518
39 324 2 0.3119
39 326 17 5.5370
39 328 5 0.8967
39 330 28 8.1041
39 331 1 0.0963
39 334 9 2.8530
39 335 3 0.4866
39 336 98 24.4867
39 337 12 2.0598
39 341 23 4.9874
39 343 1 0.2937
39 344 3 0.4723
39 346 38 11.3546
39 348 7 1.4099
39 349 57 15.3465
39 351 6 1.3350
39 352 32 11.9543
39 354 20 6.3210
39 355 32 10.8704
39 356 24 4.5988
39 357 9 3.3304
39 358 3 0.4031
39 359 13 4.3302
39 360 13 3.9182
39 361 9 1.4087
39 362 37 10.8699
39 363 9 1.7573
39 364 1 0.1124
39 365 6 1.0427
39 366 1 0.1315
39 367 25 4.9408
39 368 78 21.4305
39 369 2 0.3323
39 370 10 1.1418
39 371 4 0.4675
39 372 1 0.1209
39 373 4 0.5937
39 374 13 1.4929
39 375 1 0.3851
39 377 2 0.1967
39 379 49 10.8788
39 380 1 0.2364
39 381 8 1.4074
39 383 6 1.1894
