# layer expert count weight_sum
0 0 1575 631.0903
0 1 36 6.7442
0 2 1797 441.8729
0 3 6 1.2351
0 4 553 162.8965
0 5 574 160.1913
0 6 142 29.4099
0 7 695 150.6358
0 8 1120 350.8647
0 9 1025 334.8972
0 10 85 17.7110
0 11 596 119.5260
0 12 235 57.0647
0 14 328 69.2193
0 15 1009 204.2265
0 16 11 1.8415
0 17 863 184.6483
0 18 557 117.2377
0 19 142 31.2923
0 20 210 47.3018
0 21 434 96.3966
0 22 264 57.8260
0 23 4 1.0390
0 24 422 79.9713
0 25 318 58.7721
0 26 117 27.6595
0 27 494 100.3801
0 28 1182 286.6263
0 29 618 122.3051
0 30 1576 345.4306
0 31 429 86.8394
0 32 266 54.1352
0 33 188 33.7910
0 34 180 36.3467
0 35 683 178.2076
0 36 1317 274.7276
0 37 12 2.2495
0 38 694 160.8783
0 39 3083 729.8953
0 40 1099 360.9909
0 41 837 205.7348
0 42 109 35.0872
0 43 355 70.8538
0 44 697 147.0595
0 45 319 80.6710
0 46 194 36.9536
0 47 654 134.3113
0 48 148 39.5583
0 49 332 72.0369
0 51 23 4.0443
0 52 5 0.9074
0 53 158 29.9176
0 54 42 7.6847
0 55 237 48.8854
0 56 211 41.4736
0 57 23 4.3304
0 58 365 76.5299
0 59 273 58.1040
0 60 77 12.8688
0 61 140 45.2329
0 62 123 23.1274
0 63 573 113.6274
0 64 156 41.0098
0 65 191 39.5118
0 66 186 32.1199
0 67 261 85.6597
0 68 204 37.4837
0 69 443 106.3922
0 70 1032 182.3896
0 71 371 85.0257
0 72 1375 277.3292
0 73 983 266.3894
0 74 455 93.7467
0 75 170 34.1556
0 76 14 2.7685
0 77 296 94.3047
0 78 595 113.8536
0 80 1 0.3395
0 81 2729 606.8452
0 82 381 67.5606
0 83 75 15.3467
0 84 289 70.1887
0 85 201 50.6071
0 86 1139 237.4877
0 87 209 40.9250
0 88 461 79.6738
0 89 524 97.5709
0 90 60 11.3203
0 91 31 5.7571
0 92 114 24.9888
0 94 425 103.6698
0 95 230 45.7859
0 96 901 332.8639
0 97 1529 332.4668
0 98 48 17.8488
0 99 302 62.3753
0 100 38 6.0349
0 101 1171 470.0704
0 102 676 118.9113
0 104 828 231.4247
0 105 1201 261.4705
0 106 80 12.6180
0 107 481 98.1370
0 108 591 155.3603
0 109 377 104.0848
0 110 512 194.3662
0 111 482 130.9802
0 112 163 58.6711
0 113 381 76.8914
0 114 170 35.2883
0 115 367 100.4162
0 116 1892 414.3516
0 117 232 47.8663
0 118 488 96.7861
0 119 202 35.1007
0 120 244 45.9928
0 121 29 4.9908
0 123 193 38.6900
0 124 186 36.3957
0 125 243 47.1207
0 126 175 36.8658
0 127 412 92.4010
0 128 387 99.9636
0 129 791 158.9540
0 130 3389 1072.2549
0 131 1170 272.4371
0 132 63 9.9878
0 133 928 317.8870
0 134 276 99.2660
0 135 213 44.2169
0 136 683 212.0097
0 137 72 17.1917
0 138 1789 409.4153
0 139 17 4.1780
0 140 317 71.4522
0 141 319 77.8097
0 142 172 44.7092
0 143 1479 381.2461
0 144 72 17.0199
0 145 593 160.2009
0 146 304 61.9221
0 147 375 89.8671
0 148 742 163.0291
0 149 883 202.4399
0 150 103 18.5182
0 151 114 24.7934
0 152 482 106.0015
0 153 66 12.0190
0 154 1431 375.7009
0 155 133 39.1846
0 156 2716 657.3002
0 157 185 40.9359
0 158 922 196.0782
0 159 1576 409.6342
0 160 104 18.0950
0 161 1134 225.4388
0 162 149 36.0610
0 163 247 50.4075
0 164 679 131.7863
0 165 154 31.7567
0 166 580 115.6827
0 167 909 249.1510
0 168 1228 247.3855
0 169 1235 413.9543
0 170 147 47.5378
0 171 395 78.8600
0 172 1523 612.6477
0 173 306 99.4392
0 174 864 277.5665
0 175 137 28.4798
0 176 1201 229.1680
0 177 212 43.7701
0 178 252 54.5875
0 179 13 1.6546
0 180 1384 257.0501
0 181 587 127.8043
0 182 39 8.8296
0 183 2379 919.0950
0 184 309 58.5170
0 185 282 51.8134
0 186 232 48.2487
0 187 1526 305.1594
0 188 854 361.9229
0 189 732 142.2770
0 190 49 7.9380
0 191 368 71.7780
0 192 260 51.4790
0 193 310 96.1412
0 194 789 222.4851
0 195 185 38.2676
0 196 148 31.0714
0 197 781 173.2581
0 198 696 149.0085
0 199 46 7.3671
0 200 57 11.3451
0 201 126 46.2578
0 202 5 0.6680
0 203 190 59.2000
0 204 162 33.6725
0 205 1298 418.1379
0 206 171 46.9378
0 207 851 243.4025
0 208 705 145.1458
0 209 133 29.2953
0 210 57 11.5662
0 211 171 30.2824
0 212 28 5.6156
0 213 763 232.4901
0 214 170 33.5228
0 215 1172 242.8028
0 216 842 244.4556
0 217 55 9.6340
0 218 1 0.1979
0 219 248 45.0728
0 220 238 48.0255
0 221 6 1.1877
0 222 614 126.3864
0 223 203 42.0538
0 224 145 27.9094
0 225 1064 257.0669
0 226 183 39.4601
0 227 557 112.9953
0 228 230 41.9789
0 229 660 155.3084
0 230 276 64.7417
0 231 447 101.2884
0 232 1255 430.4499
0 233 44 9.5438
0 234 845 221.4500
0 235 8 1.6037
0 236 271 48.2192
0 237 697 200.4865
0 238 474 139.2534
0 239 78 11.7178
0 240 10 1.7034
0 241 465 149.4338
0 242 1047 260.2783
0 243 10 1.7205
0 244 6 1.1519
0 245 1119 199.4266
0 246 112 22.2699
0 247 68 16.4641
0 248 829 209.2201
0 250 379 79.8540
0 251 679 208.0005
0 252 228 42.0723
0 253 626 121.1629
0 254 9 2.0038
0 255 66 10.6278
0 256 396 74.2497
0 257 764 236.4779
0 258 10 2.3486
0 259 587 114.1910
0 260 1048 307.3751
0 261 356 93.9342
0 262 1159 335.4658
0 263 861 310.9964
0 264 58 11.1015
0 265 40 6.9327
0 266 887 253.2883
0 267 518 249.0080
0 268 995 390.9090
0 269 412 89.5539
0 270 22 6.6337
0 271 378 75.6070
0 272 191 40.8309
0 273 71 12.5205
0 274 272 61.7790
0 275 844 230.0496
0 276 1251 309.4764
0 277 57 21.5677
0 278 136 35.2652
0 279 264 48.8506
0 280 1153 242.6514
0 281 588 177.9038
0 282 542 116.7776
0 283 319 75.0285
0 284 1115 241.1106
0 285 500 120.8468
0 286 365 75.3482
0 287 76 15.3610
0 288 286 57.1084
0 289 1855 571.3865
0 290 422 144.6489
0 291 422 86.6683
0 292 5 1.1376
0 293 538 116.7840
0 294 331 73.3582
0 295 714 220.7633
0 296 593 153.3425
0 297 505 126.3062
0 298 23 4.1960
0 299 444 89.9720
0 300 1281 343.9449
0 301 512 115.6741
0 302 89 28.2484
0 303 196 34.0901
0 304 214 58.1196
0 305 565 120.3362
0 306 666 175.7122
0 307 390 76.3158
0 308 540 104.1997
0 309 217 38.4276
0 310 1614 506.0859
0 311 482 104.4780
0 312 370 69.2611
0 313 7 1.1411
0 314 653 125.2317
0 315 289 61.4814
0 316 184 36.1664
0 317 1137 295.5183
0 318 86 35.8179
0 319 216 39.8711
0 320 318 62.8143
0 321 1125 237.2849
0 322 882 330.7479
0 323 3946 1274.9243
0 324 216 51.9786
0 325 207 43.7012
0 326 231 42.4310
0 327 299 59.8488
0 328 400 89.7697
0 329 378 95.2291
0 330 953 245.5903
0 331 418 88.9572
0 332 127 25.3701
0 333 101 22.9270
0 334 472 97.6106
0 335 39 8.8329
0 336 185 48.2768
0 337 809 167.9953
0 338 252 57.9481
0 339 76 15.3448
0 340 95 24.6790
0 341 2060 598.5803
0 342 727 131.3219
0 343 947 200.5462
0 344 247 60.9556
0 345 296 55.8435
0 346 331 62.2040
0 347 122 48.2726
0 348 401 88.7535
0 349 309 61.3970
0 350 545 115.6163
0 351 588 159.8474
0 352 557 137.0470
0 353 398 77.2427
0 354 530 97.1358
0 355 615 133.0847
0 356 131 26.0523
0 357 247 63.2795
0 358 348 76.3153
0 359 340 62.6851
0 360 45 9.0862
0 361 552 132.1479
0 362 109 35.2332
0 363 434 89.9937
0 364 296 61.8295
0 365 94 17.8114
0 366 1901 386.5447
0 367 359 77.3390
0 368 380 80.3355
0 369 164 37.7123
0 370 846 160.3132
0 371 371 67.5025
0 372 64 10.5809
0 374 219 48.0897
0 375 173 41.4899
0 376 47 8.8625
0 377 63 10.8637
0 378 267 90.9010
0 379 130 36.6532
0 380 54 10.2232
0 381 404 90.2855
0 382 174 31.9852
0 383 150 31.4095
1 0 1088 325.1888
1 1 121 26.9447
1 2 332 75.6450
1 3 148 33.7208
1 4 305 75.1393
1 5 2754 704.6406
1 6 339 77.9254
1 7 780 185.5807
1 8 236 60.1823
1 9 3 0.7942
1 10 341 81.1297
1 11 1230 448.1343
1 12 456 141.8394
1 13 134 31.8705
1 14 326 101.9848
1 15 917 206.1367
1 16 1 0.3096
1 17 11 2.7014
1 18 133 28.3065
1 19 1230 296.7306
1 20 751 281.9987
1 21 151 29.6271
1 22 427 98.4806
1 23 367 82.8539
1 24 526 125.2931
1 25 369 80.7484
1 26 586 136.0259
1 27 64 14.2685
1 28 254 56.6529
1 29 2 0.4585
1 30 499 108.4067
1 31 52 10.3790
1 32 70 15.6682
1 33 1010 233.2124
1 34 232 55.5519
1 35 833 185.8942
1 36 66 14.7527
1 37 51 10.0726
1 38 516 116.5208
1 39 557 128.5595
1 41 161 35.3190
1 42 457 102.9533
1 43 87 16.3295
1 44 73 15.9799
1 45 547 170.3245
1 46 110 24.6360
1 47 908 218.7765
1 48 288 65.4670
1 49 935 289.0289
1 50 117 25.9550
1 51 739 168.3314
1 52 169 35.1524
1 53 1016 267.9083
1 54 732 168.3121
1 55 75 16.5598
1 56 115 42.5595
1 57 565 135.9462
1 58 6 1.6983
1 59 149 33.5098
1 60 243 63.4323
1 61 361 76.1278
1 62 104 40.8776
1 63 690 151.1731
1 64 747 197.8821
1 65 49 10.9680
1 66 378 114.6499
1 67 2094 559.4937
1 68 75 23.3956
1 69 179 40.9838
1 70 455 106.0743
1 71 500 116.9479
1 72 82 21.6661
1 73 298 70.5675
1 75 1825 738.9835
1 76 32 8.0173
1 77 157 34.1614
1 78 3 0.5919
1 79 3 0.5987
1 80 283 64.0331
1 81 75 16.4701
1 82 392 102.6424
1 83 131 28.2196
1 84 294 61.1261
1 85 1605 334.9845
1 86 21 4.9681
1 87 112 44.5231
1 88 1866 441.1081
1 89 76 19.1660
1 90 28 6.3175
1 91 324 91.2051
1 92 932 254.6037
1 93 1084 246.2818
1 94 63 12.2886
1 95 86 18.8811
1 96 45 10.8143
1 97 422 99.6358
1 98 408 126.5082
1 99 71 14.9292
1 100 1685 401.6914
1 101 20 5.6300
1 102 601 141.5437
1 103 443 99.9667
1 104 223 59.9206
1 105 359 76.8802
1 106 1990 469.2361
1 107 465 101.6161
1 108 368 105.7038
1 109 915 214.1291
1 110 2670 782.1891
1 111 295 66.4071
1 112 1373 319.2423
1 113 137 43.1499
1 114 130 37.9485
1 115 95 21.2175
1 116 262 61.7340
1 117 346 79.5308
1 118 121 26.6250
1 119 59 15.6049
1 120 362 93.4866
1 121 509 110.5023
1 122 637 149.5565
1 123 68 16.5872
1 124 24 7.3988
1 125 1375 339.8003
1 126 1471 357.2970
1 127 274 71.7300
1 128 214 46.8978
1 129 355 93.6825
1 130 329 85.9238
1 131 897 238.5296
1 132 50 12.1705
1 133 329 97.0819
1 134 1634 411.1190
1 135 1201 296.2252
1 136 157 35.3173
1 137 61 19.4693
1 138 333 74.4327
1 139 2 0.7606
1 140 51 13.0127
1 141 347 80.8916
1 142 70 16.6679
1 143 59 13.3789
1 144 495 127.7998
1 145 355 82.5734
1 146 704 160.4226
1 147 980 227.2492
1 148 356 98.9190
1 149 277 74.5204
1 150 191 48.2278
1 151 100 34.2256
1 152 21 4.6170
1 153 3 1.0526
1 154 103 23.0191
1 155 1634 411.5538
1 156 527 118.1251
1 157 485 161.6631
1 158 747 211.4672
1 159 1569 402.8883
1 160 1640 372.6022
1 161 746 171.5686
1 162 289 64.4740
1 163 520 115.4819
1 164 86 22.3120
1 165 107 23.3883
1 166 330 77.9068
1 167 144 30.6405
1 168 348 99.4860
1 169 438 94.5674
1 170 313 66.3382
1 171 96 21.7668
1 172 183 38.4218
1 173 1055 293.4777
1 174 107 25.1451
1 175 402 96.6641
1 176 590 149.9445
1 177 163 46.9194
1 178 214 46.9233
1 179 173 33.3097
1 180 1091 293.7633
1 181 127 27.7662
1 182 239 49.8818
1 183 137 31.7110
1 184 236 50.3878
1 185 505 112.1314
1 186 1104 282.1593
1 187 284 62.6187
1 188 279 98.4488
1 189 214 47.1156
1 190 218 49.7528
1 191 825 252.9005
1 192 135 40.3905
1 193 4139 1198.8427
1 194 479 112.7768
1 195 1075 250.3961
1 196 22 5.1292
1 197 263 61.9338
1 198 334 77.9900
1 199 323 66.4446
1 200 469 111.9312
1 201 25 5.6836
1 202 262 59.9229
1 203 303 66.8250
1 204 101 24.0683
1 205 6 1.8855
1 206 1173 270.6325
1 207 36 8.1840
1 208 400 90.3988
1 209 498 113.6479
1 210 77 16.9746
1 211 374 83.3669
1 212 768 170.7393
1 213 1012 231.7953
1 214 155 41.2446
1 215 486 110.9811
1 216 110 23.4653
1 217 787 219.7717
1 218 343 89.8843
1 219 585 185.8963
1 220 143 32.2490
1 221 366 85.3240
1 222 315 69.3504
1 223 710 164.4333
1 224 1281 314.4399
1 225 288 73.5080
1 226 200 45.2851
1 227 370 88.8739
1 228 1361 303.9710
1 229 601 138.9961
1 230 463 105.9087
1 231 239 56.1008
1 232 250 56.2025
1 233 106 23.5962
1 234 675 149.5045
1 235 239 54.9169
1 236 1931 434.2476
1 237 248 59.8275
1 238 430 100.2513
1 239 107 24.1292
1 240 693 227.6228
1 241 531 120.3685
1 242 664 153.2935
1 243 135 30.3202
1 244 183 66.5692
1 245 355 79.2077
1 246 269 59.7688
1 247 952 232.6493
1 248 647 151.5744
1 249 47 15.3316
1 250 67 21.9567
1 251 1042 356.3515
1 252 506 109.9861
1 253 286 68.3423
1 254 1274 294.5532
1 255 2809 716.4109
1 256 218 48.8556
1 257 132 29.3944
1 258 126 26.8617
1 259 2842 776.9301
1 260 916 214.7917
1 261 5 0.9267
1 262 322 72.6459
1 263 457 100.5091
1 264 19 4.7736
1 265 356 95.5431
1 266 858 194.7065
1 267 499 112.3164
1 268 413 96.5868
1 269 193 42.4289
1 270 416 107.2278
1 271 1406 341.2503
1 272 582 130.2086
1 273 207 48.7289
1 274 561 137.2632
1 275 676 156.1157
1 276 4 1.3429
1 277 124 28.4866
1 278 98 23.1182
1 279 428 101.5818
1 280 700 160.5020
1 281 251 60.2686
1 282 78 18.4467
1 283 1370 348.6444
1 284 469 106.6578
1 285 276 53.4255
1 286 70 15.7647
1 287 763 174.6468
1 288 98 21.5193
1 289 351 96.4680
1 290 552 117.8275
1 291 104 18.8495
1 292 316 87.7271
1 293 1156 266.8283
1 294 943 230.4144
1 295 197 42.6319
1 296 298 65.8465
1 297 1248 309.3917
1 298 109 23.7757
1 299 355 82.5937
1 300 298 59.9012
1 301 424 95.2182
1 302 192 44.5111
1 303 68 15.3889
1 304 194 41.7919
1 305 178 41.0594
1 306 965 275.1507
1 307 161 55.1915
1 308 59 16.1365
1 309 20 5.2518
1 310 773 181.0972
1 311 193 40.9241
1 312 205 45.7556
1 313 1080 251.0564
1 314 317 66.8593
1 315 53 12.2036
1 316 1084 286.6414
1 317 40 10.2367
1 318 2403 602.3044
1 319 1439 327.5448
1 320 359 80.5058
1 321 412 112.8178
1 322 1319 307.4964
1 323 1282 296.3016
1 324 946 220.1238
1 325 262 59.2469
1 326 208 47.8697
1 327 360 79.4697
1 328 381 90.3284
1 329 182 42.1575
1 330 482 108.6633
1 331 238 57.9370
1 332 401 85.0240
1 333 1175 294.0997
1 334 753 200.5465
1 335 44 10.4547
1 336 219 68.1340
1 337 341 76.9471
1 338 194 44.3585
1 339 445 106.7822
1 340 2016 469.6721
1 341 592 219.7608
1 342 255 55.5968
1 343 616 154.2515
1 344 575 123.7159
1 345 422 96.1169
1 346 395 92.7320
1 347 114 25.5753
1 348 12 2.4950
1 349 1929 573.9908
1 350 610 138.4279
1 353 595 126.0503
1 354 120 26.8167
1 355 53 11.8040
1 356 722 161.7462
1 357 58 10.6961
1 358 161 38.6400
1 359 15 2.7867
1 360 605 135.9451
1 361 3729 1000.2913
1 362 365 83.4819
1 363 143 31.0864
1 364 203 45.9110
1 365 127 32.1299
1 366 137 29.8742
1 367 2 0.4363
1 368 263 60.9216
1 369 611 154.6865
1 370 336 75.4197
1 371 1060 242.3133
1 372 316 76.9508
1 373 995 263.0457
1 374 157 40.1312
1 375 479 130.4584
1 376 535 162.0174
1 377 1233 328.5068
1 378 606 140.4194
1 379 253 85.2261
1 380 435 102.9340
1 381 549 121.1628
1 382 87 27.2059
1 383 68 15.1470
2 0 35 7.8531
2 1 1292 306.4441
2 2 762 174.1997
2 3 511 133.5600
2 4 100 22.5460
2 5 34 7.7428
2 6 637 166.1135
2 7 410 95.9037
2 8 1832 419.8929
2 9 634 160.6730
2 10 398 107.0583
2 11 29 7.1476
2 12 658 145.8952
2 13 529 117.0999
2 14 47 10.0989
2 15 205 54.9318
2 16 240 54.0055
2 17 8 1.7662
2 18 48 9.7027
2 19 127 28.9897
2 20 875 207.9462
2 21 212 49.2454
2 22 2 0.5109
2 23 438 102.8102
2 24 190 41.2786
2 25 793 179.3729
2 26 275 58.5290
2 27 1089 248.8019
2 28 96 23.0428
2 29 54 12.2398
2 30 629 142.4564
2 31 924 206.7227
2 32 405 90.5193
2 33 128 28.7750
2 34 137 30.8662
2 35 5443 1477.4682
2 36 5 1.1394
2 37 24 5.3944
2 38 5 1.4984
2 39 206 42.7267
2 40 76 16.7661
2 41 566 129.3798
2 42 1045 275.5079
2 43 42 8.9728
2 44 48 12.3169
2 45 540 117.5569
2 46 93 21.0688
2 47 333 78.3212
2 48 344 79.3264
2 49 268 79.1615
2 50 103 33.9792
2 51 61 13.1786
2 52 76 14.9684
2 53 318 84.4373
2 54 93 19.7471
2 55 2 0.4497
2 56 106 33.1389
2 57 28 6.3373
2 58 6802 1793.3689
2 59 662 156.0660
2 60 148 30.3278
2 61 85 18.3233
2 62 38 8.0757
2 63 276 67.1491
2 64 33 7.7400
2 65 189 42.6874
2 66 468 103.6670
2 67 809 193.9747
2 68 1178 286.8888
2 69 4354 986.1230
2 70 1 0.1937
2 71 234 50.9256
2 72 131 28.5312
2 73 424 93.6610
2 74 571 129.4657
2 75 511 118.9616
2 76 228 49.8632
2 77 1137 278.3065
2 78 263 58.5396
2 79 723 163.6559
2 80 52 10.9155
2 81 52 11.5572
2 82 900 204.0706
2 83 169 40.7993
2 84 127 28.6141
2 85 7 1.3594
2 86 50 11.4436
2 87 308 88.0134
2 88 660 146.3211
2 89 546 166.4430
2 90 66 15.8298
2 91 1954 412.3681
2 92 3 0.6409
2 93 285 62.3456
2 94 145 33.2171
2 95 312 70.7264
2 96 1801 428.4953
2 97 322 76.5072
2 98 190 45.3921
2 99 533 120.5743
2 100 382 81.0069
2 101 1177 333.0831
2 102 735 198.4793
2 103 353 75.6861
2 104 865 235.1024
2 105 5941 1586.6844
2 106 157 35.6844
2 107 186 41.3712
2 108 2279 641.2625
2 109 42 12.2095
2 110 182 40.7671
2 111 92 20.5887
2 112 75 15.9591
2 113 40 9.3830
2 114 220 69.6659
2 115 1433 357.9434
2 116 40 7.7921
2 117 198 44.0026
2 118 771 171.5615
2 119 833 202.1454
2 120 2677 628.0706
2 121 135 38.1265
2 122 87 19.0436
2 123 58 13.6911
2 124 81 28.2965
2 125 590 161.5603
2 126 395 88.1429
2 127 84 19.2645
2 128 530 116.0899
2 129 96 20.6124
2 130 159 60.9590
2 131 1904 443.2303
2 132 4322 1352.0716
2 133 71 15.3606
2 134 573 183.3159
2 135 489 151.2318
2 136 292 67.9377
2 137 2 0.4030
2 138 294 76.8736
2 139 1817 395.8080
2 140 360 86.5113
2 141 588 174.1414
2 142 451 126.5347
2 143 44 9.5339
2 144 442 104.8277
2 145 200 43.7311
2 146 312 66.8364
2 147 2683 664.5560
2 148 90 20.8243
2 149 3 0.6223
2 150 125 25.7432
2 151 1554 366.3153
2 152 1141 372.2344
2 153 625 146.3725
2 154 33 7.1443
2 155 87 19.3740
2 156 292 61.4654
2 157 52 11.5191
2 158 712 170.4489
2 159 5 0.9364
2 160 200 43.6872
2 161 39 8.5746
2 162 2 0.3499
2 163 879 260.0955
2 165 314 68.7990
2 166 1938 535.7145
2 167 456 101.6300
2 168 42 9.1774
2 169 2 0.3952
2 170 245 59.9993
2 171 1 0.1577
2 172 445 145.9955
2 173 19 3.8868
2 174 76 23.6773
2 175 2031 457.5074
2 176 803 178.4162
2 177 651 156.4730
2 178 165 43.0212
2 179 2011 563.2198
2 180 5 1.4109
2 181 519 127.0284
2 182 5 1.3990
2 183 148 33.9562
2 184 103 23.1332
2 185 188 41.0846
2 186 104 23.2845
2 187 860 194.5058
2 188 6 1.3576
2 189 646 146.9342
2 190 16 3.9717
2 191 334 73.9672
2 192 147 31.0175
2 193 180 42.1010
2 194 496 126.5169
2 195 39 10.4888
2 196 467 107.1812
2 197 11 2.3443
2 198 54 12.9266
2 199 2273 579.6651
2 200 757 263.2426
2 201 86 19.4669
2 202 146 32.6531
2 203 571 148.3973
2 204 867 198.2014
2 205 156 38.9669
2 206 1296 340.8587
2 207 301 65.6573
2 208 99 21.7387
2 209 356 82.6297
2 210 199 54.7678
2 211 3 0.6130
2 212 667 147.1552
2 213 837 197.6163
2 214 405 105.5858
2 215 90 20.2189
2 216 1521 455.3503
2 217 283 66.0489
2 218 16 3.5319
2 219 168 38.0676
2 220 319 64.3745
2 221 48 11.8632
2 222 389 118.5040
2 223 515 160.0025
2 224 1107 288.7752
2 225 21 4.6974
2 226 1237 327.9241
2 227 18 4.0055
2 228 172 44.9149
2 229 2271 540.9425
2 230 1268 303.3411
2 231 18 3.7189
2 232 148 35.1591
2 233 144 56.0614
2 234 1282 328.1636
2 235 116 22.0079
2 236 13 3.2148
2 237 17 3.3886
2 238 445 102.2239
2 239 133 30.8131
2 240 61 13.8886
2 241 2291 575.1032
2 242 740 253.7548
2 243 1147 320.6857
2 244 42 8.6699
2 245 2 0.2792
2 246 129 37.0525
2 247 17 3.4121
2 248 20 3.7064
2 249 197 45.6341
2 250 52 11.1143
2 251 103 22.3569
2 252 486 113.8919
2 253 170 37.8678
2 254 2143 539.0470
2 255 295 65.7451
2 256 406 104.3867
2 257 262 55.6426
2 259 10 2.2589
2 260 215 57.9555
2 261 685 147.6971
2 262 1452 324.1293
2 263 97 22.5350
2 264 54 10.2910
2 265 279 59.6070
2 266 285 68.2439
2 267 25 6.0083
2 268 148 28.2245
2 269 63 15.7144
2 270 1436 333.9983
2 271 150 42.2089
2 272 50 10.9918
2 273 170 39.6365
2 274 8 2.1786
2 275 15 3.8723
2 276 451 100.4532
2 277 143 30.8969
2 278 1121 338.0969
2 279 162 59.2744
2 280 286 63.0690
2 281 430 98.6442
2 282 102 23.0710
2 283 234 55.2651
2 284 203 45.7048
2 285 31 6.5243
2 286 62 12.7155
2 287 5 1.2168
2 288 127 26.4291
2 289 436 99.2194
2 290 223 52.0270
2 291 805 185.3469
2 292 116 24.7413
2 293 127 38.0325
2 294 149 33.1075
2 295 54 12.0032
2 296 334 77.8675
2 297 338 82.5097
2 298 1433 376.9679
2 299 412 99.2913
2 300 40 8.3731
2 301 719 160.5395
2 302 343 74.4647
2 303 23 5.5802
2 304 128 24.9474
2 305 1028 334.6013
2 306 259 58.6832
2 307 87 29.6630
2 308 189 42.9556
2 309 14 2.6844
2 310 1 0.2228
2 311 687 162.4373
2 312 37 8.4701
2 313 12 2.5176
2 314 159 40.5594
2 315 243 39.8788
2 316 1102 339.6224
2 317 169 37.6061
2 318 76 16.1768
2 319 79 16.8658
2 320 1491 330.1127
2 321 97 23.6447
2 322 249 54.1029
2 323 1033 235.8397
2 324 227 61.9767
2 326 451 99.3977
2 327 3041 855.7390
2 328 1667 399.5535
2 329 89 18.8167
2 330 825 188.0163
2 331 760 181.9359
2 332 886 208.2435
2 333 354 94.7693
2 334 38 8.1975
2 335 418 94.9578
2 336 55 10.9135
2 337 97 37.8614
2 338 40 9.2830
2 339 392 88.6606
2 340 100 21.8656
2 341 112 25.0274
2 342 57 12.3972
2 343 3 0.7037
2 344 836 194.8853
2 345 201 46.4763
2 347 524 122.3334
2 348 10 2.4454
2 349 41 9.8732
2 351 638 151.3413
2 352 1226 277.6595
2 353 68 18.1242
2 354 944 212.4208
2 355 71 17.2103
2 356 1 0.1542
2 357 29 6.6882
2 358 1988 575.4427
2 359 193 43.1926
2 360 82 17.6479
2 361 24 4.8727
2 362 96 25.6087
2 363 156 35.1346
2 365 444 104.0540
2 366 538 120.9855
2 367 133 32.4072
2 368 290 63.4281
2 369 1319 302.9627
2 370 25 5.9050
2 371 21 5.5057
2 372 92 19.6976
2 373 1072 260.6238
2 374 51 11.6357
2 375 1974 586.4252
2 376 124 26.7997
2 377 1429 347.2215
2 378 419 92.3489
2 379 35 8.2673
2 380 1682 412.9554
2 381 560 129.3895
2 382 945 222.8939
2 383 1131 248.1561
3 0 3 0.5482
3 1 72 15.1233
3 2 154 35.1517
3 3 16 3.0615
3 4 478 116.0306
3 5 248 54.8343
3 6 2 0.3588
3 7 526 99.1211
3 8 1 0.1626
3 9 21 4.0551
3 10 92 18.3544
3 11 47 17.1295
3 12 427 73.5306
3 13 1261 298.7675
3 14 254 48.8476
3 15 365 113.1089
3 16 201 39.0179
3 17 4272 890.4083
3 18 1341 393.8407
3 19 143 30.0488
3 20 1 0.2416
3 21 754 149.8681
3 22 1689 535.2615
3 23 41 7.7844
3 24 3 0.5688
3 25 34 7.5173
3 26 80 16.1591
3 27 314 75.6066
3 28 18 4.0909
3 29 104 19.0453
3 30 3 0.7579
3 31 440 78.7491
3 32 113 21.1481
3 33 374 72.4005
3 34 82 22.6768
3 35 408 87.5031
3 36 126 28.1147
3 37 2650 681.6118
3 38 110 29.0511
3 39 27 5.9670
3 40 291 68.1763
3 41 5 1.2489
3 42 486 138.3874
3 43 424 89.4699
3 44 14 2.8346
3 45 199 48.8513
3 46 6 1.3040
3 47 21 4.9302
3 48 50 9.1242
3 49 415 123.1589
3 50 163 35.2935
3 51 327 72.6416
3 52 515 102.4716
3 53 24 3.6960
3 54 1322 319.2565
3 55 87 19.9007
3 56 360 82.2522
3 57 39 7.9014
3 58 56 11.7713
3 59 28 5.3416
3 60 15 3.5020
3 61 2827 568.9745
3 62 13 2.5212
3 63 3 0.4943
3 64 269 62.2375
3 65 118 25.2038
3 66 474 111.6533
3 67 613 216.4453
3 68 3 0.5539
3 69 462 101.0576
3 70 253 94.0904
3 71 68 13.9841
3 72 93 17.8076
3 73 50 8.2687
3 74 349 82.0893
3 75 100 18.5940
3 76 133 28.5042
3 77 19 3.7264
3 78 5 1.2096
3 79 38 7.7250
3 80 84 33.4703
3 81 978 250.0998
3 82 1 0.2581
3 83 877 307.0237
3 84 88 14.3945
3 85 2 0.6596
3 86 55 11.0400
3 87 143 39.4435
3 88 1 0.1145
3 89 1285 303.7502
3 90 86 19.5546
3 91 1436 391.6136
3 92 116 28.3292
3 93 35 7.6001
3 94 139 31.2477
3 95 43 8.1591
3 96 5486 1256.0926
3 97 7 1.7133
3 98 53 11.7873
3 99 59 13.7048
3 100 246 55.5130
3 101 13 3.0729
3 102 1230 297.6460
3 103 46 11.1613
3 104 45 9.5001
3 105 651 141.1098
3 106 168 31.7569
3 107 464 159.4151
3 108 5 0.7762
3 109 73 15.4460
3 110 1008 298.9387
3 111 12 2.5391
3 112 31 6.0766
3 113 109 22.0594
3 114 1105 267.0090
3 115 27 5.2636
3 116 149 26.9197
3 117 351 73.9954
3 118 287 55.2762
3 119 690 205.8490
3 120 61 11.4077
3 121 446 96.9394
3 122 107 34.9222
3 123 87 19.7923
3 124 17 3.0714
3 125 56 13.3571
3 126 896 218.5705
3 128 23 4.8762
3 130 279 53.7614
3 131 69 12.5658
3 132 170 38.2376
3 133 1634 408.8557
3 134 14 2.7056
3 135 2 0.4047
3 136 343 89.5444
3 137 29 4.5666
3 138 69 14.9294
3 140 48 9.6375
3 141 204 42.5841
3 142 1148 274.8229
3 143 200 38.4511
3 144 443 107.2135
3 145 34 10.9103
3 146 19 4.0157
3 147 6738 1473.9563
3 148 343 70.8985
3 149 1907 580.1119
3 150 93 42.3180
3 151 718 149.5134
3 152 85 16.2030
3 153 2202 493.6540
3 154 691 313.6312
3 155 75 20.5551
3 156 97 19.4470
3 157 59 13.3085
3 158 15 3.3510
3 159 437 100.6071
3 160 8 1.5232
3 161 1276 336.4455
3 163 400 74.6803
3 164 903 189.0396
3 165 705 143.4597
3 166 640 156.9468
3 167 7023 1601.6292
3 168 2202 492.8381
3 169 1434 295.2468
3 170 160 53.0924
3 171 4 0.6269
3 172 82 27.2643
3 173 752 168.1405
3 174 169 33.9283
3 176 545 118.1759
3 177 795 178.5123
3 178 296 61.2422
3 179 165 32.0255
3 180 772 167.9724
3 181 5 1.2093
3 182 95 19.6271
3 183 46 8.6421
3 184 135 33.9147
3 185 876 197.1354
3 186 1253 332.8774
3 188 12 2.5997
3 189 722 184.7451
3 190 207 42.2632
3 191 156 33.4167
3 192 1751 716.8691
3 193 66 22.1384
3 194 568 165.7823
3 195 470 98.5134
3 197 227 57.6443
3 198 2144 508.7913
3 199 1446 310.1662
3 200 121 24.3795
3 201 59 13.1119
3 202 91 28.2562
3 203 6 1.2444
3 204 44 9.4403
3 205 165 68.9788
3 206 54 17.8420
3 207 288 90.5282
3 208 7 1.2167
3 209 491 136.4048
3 210 48 10.7091
3 211 316 62.4597
3 212 12 2.2290
3 213 65 13.4676
3 214 2973 1067.2791
3 215 288 56.8780
3 216 4 0.7771
3 217 70 19.1156
3 218 188 55.6544
3 219 30 5.8650
3 220 138 24.1701
3 221 125 29.2630
3 222 390 79.2389
3 223 5 0.8955
3 224 6589 1474.8842
3 225 38 8.7125
3 226 2156 477.8384
3 228 86 31.4057
3 229 54 9.4941
3 230 363 71.1250
3 231 65 14.9088
3 232 880 312.3952
3 233 2238 705.8107
3 234 213 40.0485
3 236 87 17.6175
3 237 398 117.0159
3 239 145 37.9323
3 240 603 149.0589
3 241 2 0.3380
3 242 6 1.3071
3 243 73 14.0719
3 244 43 8.8430
3 245 78 18.0484
3 246 215 57.1496
3 247 65 21.0231
3 248 72 15.1572
3 249 373 81.2675
3 250 1163 271.5634
3 251 1812 706.6848
3 252 1190 289.7296
3 253 117 20.9472
3 254 61 19.0268
3 257 338 75.1037
3 258 81 27.1426
3 259 355 74.8518
3 260 311 139.3664
3 261 3 0.7226
3 262 17058 4263.5630
3 263 156 32.2864
3 264 556 118.5663
3 265 895 240.1555
3 266 518 144.5943
3 267 64 16.5338
3 268 79 26.9879
3 269 31 5.5279
3 270 1610 445.4530
3 271 233 57.9225
3 272 252 54.7351
3 273 63 11.9756
3 274 135 29.1179
3 275 1400 321.0171
3 276 19 3.4290
3 277 22 5.6944
3 278 19 4.1987
3 279 1122 279.3228
3 280 9 1.8070
3 281 55 12.4206
3 282 4 0.8670
3 283 101 39.9887
3 285 178 37.5121
3 286 423 100.4651
3 287 25 4.2916
3 288 3754 1258.3300
3 289 157 30.1636
3 290 8 1.4668
3 291 149 49.2835
3 293 887 212.2745
3 294 561 121.7904
3 295 104 25.1063
3 296 16 3.3379
3 297 296 74.2038
3 298 363 99.4974
3 299 129 24.7770
3 300 221 41.8015
3 301 8 1.3806
3 302 28 7.6910
3 303 2071 552.6955
3 304 1313 397.8447
3 305 296 98.1592
3 306 291 56.1211
3 307 522 116.2228
3 308 5 0.9066
3 309 497 112.3332
3 310 282 67.6369
3 311 20 4.3420
3 312 1822 590.0745
3 313 24 4.8275
3 314 86 17.4148
3 315 10 1.8924
3 316 67 16.6925
3 317 725 150.0957
3 318 64 12.3484
3 319 117 20.8038
3 320 493 94.9420
3 321 174 31.5465
3 322 36 7.5897
3 323 44 8.7445
3 324 286 56.1237
3 325 305 54.1810
3 327 122 31.0703
3 328 5 0.9840
3 329 200 44.7302
3 330 1476 390.7248
3 331 190 39.2826
3 332 63 14.3535
3 333 6 1.2674
3 334 255 50.8981
3 335 26 5.4332
3 336 256 62.3977
3 337 1764 459.5483
3 338 241 51.4707
3 339 1344 283.7156
3 340 5 0.9299
3 341 4 0.9628
3 342 1 0.2434
3 343 239 42.2471
3 344 224 42.8774
3 345 49 9.3558
3 346 79 15.4291
3 347 63 13.3996
3 348 43 9.3915
3 349 4148 1086.6733
3 350 354 89.0144
3 351 48 8.4445
3 352 101 19.2011
3 353 125 36.7215
3 354 107 21.9917
3 355 273 55.1179
3 356 28 4.0108
3 357 3833 872.3989
3 358 237 62.8949
3 359 93 41.9102
3 360 153 55.1500
3 361 14 2.8062
3 362 13 2.7393
3 363 501 102.4388
3 364 593 169.7856
3 365 892 222.1197
3 366 17 3.9760
3 367 14 2.4415
3 368 1082 277.9854
3 369 16 3.7985
3 370 426 88.9024
3 371 21 4.8717
3 372 220 42.4529
3 374 280 61.6981
3 375 21 4.2689
3 376 3378 891.5825
3 377 648 167.9529
3 378 669 142.0883
3 379 144 33.9580
3 380 99 20.6651
3 381 65 22.9402
3 382 78 15.3516
3 383 75 15.4503
4 0 2310 625.1754
4 1 182 37.3830
4 2 290 55.7970
4 3 211 47.5373
4 4 142 30.3680
4 5 2194 504.9383
4 6 1 0.2201
4 7 134 27.2881
4 8 86 34.0309
4 9 432 101.9734
4 10 122 30.4760
4 11 655 155.4451
4 12 548 122.7014
4 13 135 28.8040
4 14 479 103.4632
4 15 50 11.3665
4 16 16 3.2025
4 17 401 106.4042
4 18 201 54.4101
4 19 689 162.1308
4 20 12 2.8758
4 21 69 26.3188
4 22 110 19.6273
4 23 935 214.5423
4 24 447 90.6574
4 25 210 41.3507
4 26 1413 461.2906
4 27 6 1.2256
4 28 1362 305.4836
4 29 297 54.1418
4 30 43 10.6124
4 31 127 23.9575
4 32 2558 867.2279
4 33 474 109.0355
4 34 817 180.0293
4 35 136 41.6160
4 36 3 0.6428
4 37 230 58.8768
4 38 60 12.9900
4 39 569 138.3971
4 40 406 89.4478
4 41 14 2.8431
4 42 119 24.8007
4 43 176 37.2486
4 44 82 18.7117
4 45 838 195.7736
4 46 541 124.1041
4 47 127 24.3559
4 48 351 84.7911
4 49 1098 278.6527
4 50 745 144.5112
4 51 175 42.7290
4 52 29 5.6651
4 53 802 187.3203
4 54 892 233.3371
4 55 246 52.4583
4 56 30 6.6491
4 57 1 0.1813
4 58 1896 502.9990
4 59 176 34.5067
4 60 102 23.9198
4 61 464 112.9134
4 62 461 110.7812
4 63 424 88.3061
4 64 155 31.9048
4 65 412 86.9650
4 66 49 10.5634
4 67 42 9.0718
4 68 235 50.8096
4 69 138 31.1857
4 70 1462 386.1132
4 71 213 45.7731
4 72 2419 601.9592
4 73 152 49.6927
4 74 28 5.6931
4 75 263 68.3210
4 76 19 5.9472
4 77 379 101.7080
4 78 74 18.2868
4 79 1074 220.9384
4 80 2 0.2916
4 81 54 10.9629
4 82 826 216.4215
4 83 87 27.7200
4 84 295 65.9238
4 85 3407 775.5814
4 86 61 12.9867
4 87 11 2.3773
4 88 193 37.5737
4 89 139 35.8788
4 90 342 67.4161
4 91 79 17.3908
4 92 507 133.3752
4 93 123 25.9872
4 94 11845 3040.1690
4 95 1065 286.8725
4 96 178 43.3161
4 97 2 0.3702
4 98 8 1.4843
4 99 41 7.6736
4 100 103 21.4718
4 101 49 10.0584
4 102 767 183.2577
4 103 135 26.4964
4 104 1031 207.8512
4 105 141 30.4606
4 106 448 95.7904
4 107 587 137.7345
4 108 81 17.0609
4 109 176 36.2554
4 110 867 225.9577
4 111 854 169.5177
4 112 70 19.3169
4 113 11 2.5998
4 114 172 35.1470
4 115 230 47.2888
4 116 296 50.8039
4 117 11 2.2837
4 118 12 2.6645
4 119 314 76.1954
4 120 9 2.2030
4 121 96 18.5491
4 122 453 94.4134
4 123 1161 268.7557
4 124 466 96.2143
4 125 485 107.2839
4 126 573 149.5058
4 127 88 18.4299
4 128 1179 346.7919
4 129 4 0.8341
4 130 52 11.5722
4 131 601 125.8540
4 132 1404 393.3410
4 133 52 10.2083
4 134 89 19.9754
4 135 219 42.7815
4 136 284 56.3574
4 137 328 67.1034
4 138 572 121.1110
4 139 51 10.3415
4 140 339 85.4428
4 141 529 131.0461
4 142 4 0.9495
4 143 122 25.1946
4 144 54 13.4198
4 145 106 25.1237
4 146 725 174.0063
4 147 3433 1016.9687
4 148 1473 311.6622
4 149 104 20.1313
4 150 1737 371.0047
4 151 969 245.7412
4 152 124 27.4842
4 153 206 42.1181
4 154 642 173.2134
4 155 1 0.2086
4 156 318 63.2167
4 157 229 59.8651
4 158 379 81.7612
4 159 1904 556.8010
4 160 133 27.1059
4 161 180 41.9078
4 162 69 13.7649
4 163 471 98.6632
4 164 338 69.2912
4 165 25 5.9310
4 166 1770 421.1203
4 167 23 4.7858
4 168 67 16.7760
4 169 1312 308.5098
4 170 1089 284.9184
4 171 510 115.5668
4 172 26 5.8907
4 173 239 53.3444
4 174 2137 559.5026
4 175 124 24.3656
4 176 763 187.7344
4 177 39 13.8230
4 178 54 10.9816
4 179 607 164.7167
4 180 1371 292.5269
4 181 67 21.7042
4 182 96 19.9498
4 183 19 3.5078
4 184 2530 511.7184
4 185 282 61.1987
4 186 90 18.8629
4 187 115 24.9984
4 188 246 51.4753
4 189 1109 367.0961
4 190 542 210.4349
4 191 1410 327.6547
4 192 764 144.1954
4 193 61 11.4661
4 194 823 160.0642
4 195 11053 3700.1651
4 196 473 124.9454
4 197 92 19.5891
4 198 93 22.0015
4 199 789 171.6734
4 200 103 20.5400
4 201 4012 1221.1312
4 202 1305 282.8890
4 203 122 25.4327
4 204 150 31.9643
4 205 59 11.0874
4 206 1598 382.3751
4 207 230 52.8319
4 208 73 19.3774
4 209 294 65.1588
4 210 143 32.5956
4 211 43 11.6869
4 212 149 31.2186
4 213 1904 424.9192
4 214 43 9.3059
4 215 149 32.3555
4 216 110 24.4186
4 217 99 21.7214
4 218 122 24.6043
4 219 213 57.9107
4 220 1439 348.1672
4 221 208 48.7161
4 222 67 12.6009
4 223 6 1.1489
4 224 2731 688.5890
4 225 717 190.2157
4 226 62 13.5683
4 227 226 49.7567
4 228 52 11.1786
4 229 81 16.3298
4 230 224 48.5300
4 231 359 81.5180
4 232 36 7.1264
4 233 18 4.2193
4 234 345 75.8330
4 235 34 7.7748
4 236 12 2.6834
4 237 164 37.1477
4 238 231 47.2484
4 239 1461 331.6351
4 240 180 40.2016
4 241 303 65.0941
4 242 9 1.9390
4 243 868 193.1867
4 244 144 30.5197
4 245 4 0.8750
4 246 274 56.6205
4 247 25 6.0734
4 248 462 101.3911
4 249 142 29.1950
4 250 52 11.0629
4 251 614 128.8356
4 252 79 17.8647
4 253 42 8.9926
4 254 158 34.8172
4 255 206 43.5681
4 257 106 28.7293
4 258 133 48.9233
4 259 167 35.1226
4 260 174 49.5398
4 261 128 26.2166
4 262 91 20.8880
4 263 128 24.5154
4 264 201 60.1906
4 265 110 26.9177
4 266 438 90.4912
4 267 206 58.1856
4 268 75 16.1710
4 269 72 14.5718
4 270 251 59.0665
4 271 1586 373.5870
4 272 141 28.0842
4 273 887 243.6933
4 274 34 6.9003
4 275 47 8.9228
4 276 118 30.7919
4 277 37 7.0896
4 278 1886 502.3856
4 279 281 77.4548
4 280 295 78.7560
4 281 256 50.1156
4 282 120 23.8808
4 283 11 2.3864
4 284 64 12.6970
4 285 266 70.2867
4 286 1505 303.0483
4 287 94 18.5508
4 288 943 248.2694
4 289 1365 328.8072
4 290 73 15.4255
4 291 742 180.8871
4 292 998 229.6808
4 293 1130 287.3139
4 294 919 260.4062
4 295 32 6.6309
4 296 256 56.7220
4 297 218 44.8387
4 298 55 23.6730
4 300 490 121.6200
4 301 37 11.3733
4 302 91 17.1151
4 303 229 48.4055
4 304 484 104.0966
4 305 9 1.9744
4 306 122 26.3336
4 307 856 238.5599
4 308 12 2.2610
4 309 43 8.6880
4 310 1495 489.0287
4 311 62 22.8886
4 312 683 148.4341
4 313 374 78.8407
4 314 1288 325.4321
4 315 278 57.3226
4 316 36 7.4077
4 317 90 17.0211
4 318 149 29.4144
4 319 298 106.0677
4 320 56 11.3963
4 321 134 25.8110
4 322 674 175.5696
4 323 153 31.6448
4 324 10 2.3638
4 325 45 9.1641
4 326 2947 662.1778
4 327 72 16.4694
4 328 103 20.0698
4 329 59 15.9138
4 330 610 129.8025
4 331 24 4.7665
4 332 5 0.8195
4 333 661 134.8984
4 334 88 18.7908
4 335 1647 423.6432
4 336 252 62.8193
4 337 27 5.9721
4 338 135 25.4955
4 339 730 187.3018
4 340 2222 605.7807
4 341 71 15.3216
4 342 236 71.9868
4 343 3 0.7251
4 344 155 29.2645
4 346 182 41.7821
4 347 231 53.3729
4 348 136 26.3200
4 349 78 15.5271
4 350 311 104.5076
4 351 158 36.0918
4 352 10 1.8042
4 353 497 163.0674
4 354 475 114.5820
4 355 381 99.7357
4 356 27 5.3311
4 357 286 58.6944
4 358 2601 612.8270
4 359 125 36.2810
4 360 134 29.4148
4 361 96 18.6298
4 362 271 59.5636
4 363 90 18.2629
4 364 162 44.1970
4 365 100 21.9012
4 366 11 2.1293
4 367 543 116.4241
4 368 217 45.5708
4 369 761 147.9135
4 370 1427 329.9168
4 371 207 48.7682
4 372 403 88.5945
4 373 150 34.2970
4 374 63 13.0474
4 375 847 197.0101
4 376 543 129.1618
4 377 325 69.5315
4 378 270 78.5587
4 379 213 63.5853
4 380 131 30.4675
4 381 683 146.3853
4 382 93 26.1982
4 383 286 68.9489
5 0 143 31.2084
5 1 162 47.3702
5 2 795 180.4135
5 3 24 4.9220
5 4 123 27.8187
5 5 56 11.8682
5 6 537 111.4180
5 7 296 81.6881
5 8 304 62.0528
5 9 107 27.4699
5 10 254 53.3189
5 11 300 60.2614
5 12 292 64.2428
5 13 117 23.7601
5 14 14 3.0386
5 15 57 9.9002
5 16 478 111.5306
5 17 80 16.1845
5 18 120 26.9760
5 19 2046 514.1866
5 20 4 1.0061
5 21 86 20.1694
5 22 2 0.4472
5 23 6 1.2650
5 24 411 86.6283
5 25 99 19.3413
5 26 465 129.5805
5 27 13 2.8839
5 28 624 152.8654
5 29 562 138.0737
5 30 80 15.9937
5 31 72 14.0546
5 32 552 123.3557
5 33 68 15.9360
5 34 700 156.3300
5 35 254 53.6531
5 36 1631 394.6667
5 37 3476 889.8420
5 38 65 12.8176
5 39 174 37.8729
5 40 1719 419.3743
5 41 873 233.1471
5 42 1176 282.6763
5 43 62 14.2116
5 44 140 32.7756
5 45 591 160.0902
5 46 40 10.5672
5 47 98 20.1150
5 48 382 91.9306
5 49 295 61.1322
5 50 220 52.8081
5 51 33 6.5977
5 52 1227 276.0526
5 53 854 227.8582
5 54 145 38.6670
5 55 543 121.4114
5 56 41 7.7719
5 57 620 141.4177
5 58 348 76.1678
5 59 3 0.4834
5 60 490 123.5320
5 61 51 14.4924
5 62 278 56.6669
5 63 287 62.3016
5 64 1 0.2284
5 65 234 52.0909
5 66 100 26.1538
5 67 10 2.0506
5 68 70 21.2972
5 69 1372 351.7313
5 70 359 77.1563
5 71 1 0.1936
5 72 750 186.0776
5 73 21 4.5162
5 74 50 9.8589
5 75 199 46.1731
5 76 1249 264.2731
5 77 477 136.2675
5 78 352 70.1470
5 79 75 21.6530
5 80 67 13.5740
5 81 1551 396.6417
5 82 158 41.9571
5 83 181 35.7618
5 84 752 184.5598
5 85 793 275.3925
5 86 38 9.5079
5 87 59 14.4185
5 88 15 3.1957
5 89 152 34.5708
5 90 236 51.9811
5 92 30 6.1169
5 93 20 4.1917
5 94 100 23.6252
5 95 1369 413.4676
5 96 110 22.8345
5 97 276 59.3309
5 98 553 115.8410
5 99 861 209.7386
5 100 489 143.4677
5 101 6 1.2505
5 102 46 10.6221
5 103 11 2.3077
5 105 46 9.4041
5 106 501 105.6704
5 107 272 59.2260
5 108 348 73.9898
5 109 185 42.1888
5 110 38 7.7756
5 111 51 9.5666
5 112 383 77.4402
5 113 409 76.9327
5 114 29 6.0008
5 115 64 15.8650
5 116 306 67.5770
5 117 576 146.0183
5 118 76 15.8051
5 119 2103 453.6745
5 120 239 51.4351
5 121 504 137.9452
5 122 221 47.4623
5 123 4 0.8198
5 124 305 76.9477
5 125 86 19.5966
5 126 2 0.3687
5 127 545 157.0749
5 128 207 42.5609
5 129 13 2.9523
5 130 221 53.0607
5 131 110 24.2797
5 132 269 52.3059
5 133 258 50.0582
5 134 422 91.1020
5 135 143 30.5898
5 136 459 106.7883
5 137 220 51.8513
5 138 1545 378.9793
5 139 71 18.4418
5 140 318 73.3829
5 141 430 111.1676
5 142 46 10.3902
5 143 106 23.0941
5 144 168 43.9086
5 145 362 71.9907
5 146 284 57.6231
5 147 2903 590.1730
5 148 128 28.9178
5 149 1114 300.7404
5 150 379 74.6432
5 151 1481 372.4222
5 152 157 44.6630
5 153 799 164.6132
5 154 83 30.0102
5 155 81 17.8268
5 156 243 62.5701
5 157 105 31.3333
5 158 191 40.3443
5 159 96 23.4067
5 160 446 107.6127
5 161 210 46.5854
5 162 703 149.9525
5 163 1601 362.4364
5 164 2443 613.9782
5 165 135 29.6134
5 166 52 10.3397
5 167 110 30.4470
5 168 89 19.1848
5 169 1827 385.0967
5 170 121 25.3652
5 171 39 7.7132
5 172 1182 253.7058
5 173 133 27.4423
5 174 393 88.8335
5 175 252 51.2572
5 176 125 24.8086
5 177 129 37.4955
5 178 4 0.8850
5 179 9121 2337.4543
5 180 29 5.6745
5 181 429 109.4853
5 182 667 155.9844
5 183 153 34.5937
5 184 47 9.8931
5 185 175 45.5607
5 186 407 83.3248
5 187 12378 4394.8705
5 188 1259 328.1610
5 189 2 0.4237
5 190 125 26.0650
5 191 457 92.7531
5 192 249 51.4989
5 193 460 167.4222
5 194 92 22.5148
5 195 663 151.8563
5 196 85 19.0744
5 197 164 32.6079
5 198 737 197.4480
5 199 5 1.1956
5 200 1067 223.5665
5 201 71 14.4439
5 202 822 195.2784
5 203 332 80.7633
5 204 212 44.1403
5 205 191 43.7973
5 206 898 244.8308
5 207 46 10.1845
5 208 7136 2065.4983
5 209 476 101.4785
5 210 95 18.5326
5 211 228 48.8857
5 212 258 59.6249
5 213 355 86.3913
5 214 88 18.7314
5 215 278 83.1828
5 216 914 220.5740
5 217 342 82.6943
5 218 301 70.7007
5 219 125 30.4756
5 220 392 85.1921
5 221 121 34.1264
5 222 372 86.7483
5 223 502 126.0057
5 224 761 226.8750
5 225 169 44.4537
5 226 142 30.3478
5 227 630 136.9044
5 228 283 86.7949
5 229 844 180.4894
5 230 263 67.9700
5 231 15 3.1791
5 232 1773 433.4479
5 233 54 11.0087
5 234 98 19.3208
5 235 632 134.7334
5 236 16 2.9330
5 237 42 10.0234
5 238 80 16.2765
5 239 166 35.8922
5 240 148 30.3286
5 241 65 12.5875
5 242 924 246.6100
5 243 110 21.3486
5 244 569 117.1797
5 245 305 64.6373
5 246 35 6.8400
5 247 2992 739.1682
5 248 567 125.9986
5 249 221 45.2077
5 250 104 23.2055
5 251 535 152.9704
5 252 56 11.5073
5 253 69 14.9724
5 254 101 18.8001
5 255 145 29.3450
5 256 329 73.7688
5 257 364 78.0294
5 258 181 47.1637
5 259 59 11.5675
5 260 661 167.6169
5 261 187 36.8590
5 262 315 74.5160
5 263 4826 1172.8829
5 264 965 276.0606
5 265 52 11.8841
5 266 6 1.2064
5 267 202 43.6931
5 268 15 3.7233
5 269 238 48.4622
5 270 25 5.2046
5 271 94 20.7015
5 272 40 7.8833
5 273 52 10.6688
5 274 8 1.6356
5 275 1064 254.8771
5 276 82 16.2051
5 277 1457 338.9267
5 278 377 88.1940
5 279 37 8.0656
5 280 964 189.1048
5 281 105 19.9082
5 282 2133 466.8730
5 283 663 159.9915
5 284 232 55.6185
5 285 110 32.9504
5 286 380 82.3878
5 287 25 5.2004
5 288 215 60.9663
5 289 458 109.7296
5 290 290 58.5185
5 291 2548 665.9173
5 292 135 30.3913
5 293 995 244.6589
5 294 76 17.3334
5 295 97 19.5101
5 296 76 18.3749
5 297 9 2.0301
5 298 824 197.3540
5 299 563 137.3470
5 300 23 5.3617
5 301 59 11.6752
5 302 206 50.5166
5 303 16 4.3982
5 304 181 43.5691
5 305 118 22.5242
5 306 1845 540.6600
5 307 125 25.5272
5 308 167 34.4384
5 309 23 5.1296
5 310 300 82.0366
5 311 160 32.2845
5 312 136 29.8121
5 313 788 217.0758
5 314 2352 526.0762
5 315 1763 410.8347
5 316 60 14.5802
5 317 185 53.8347
5 318 88 17.2594
5 319 192 49.8005
5 320 115 24.9560
5 321 761 193.8693
5 322 319 85.8955
5 323 35 7.8306
5 324 390 84.6048
5 325 448 96.0598
5 326 382 90.6594
5 327 700 167.5798
5 328 1226 302.8052
5 329 222 69.4653
5 330 10 2.2536
5 331 44 10.5988
5 332 53 10.1602
5 333 50 10.6572
5 334 1124 251.4834
5 335 670 168.2514
5 336 1 0.2242
5 337 1481 325.6669
5 338 169 51.8350
5 339 228 46.9901
5 340 39 8.1697
5 341 226 44.1099
5 342 359 77.5591
5 343 16 4.1376
5 344 1704 424.4540
5 345 81 17.7754
5 346 2179 526.0530
5 347 88 17.8381
5 348 113 24.6624
5 349 1356 366.3345
5 350 403 95.3962
5 351 1370 321.2975
5 352 654 175.5029
5 353 62 11.9356
5 354 709 163.2947
5 355 226 47.9123
5 356 347 79.1245
5 357 112 21.1097
5 358 868 234.7934
5 359 1991 632.5063
5 360 224 60.4702
5 361 1626 434.0918
5 362 69 13.0279
5 363 90 22.0453
5 364 59 12.3269
5 365 443 105.1509
5 366 237 47.8864
5 367 14 2.9630
5 368 1167 261.0004
5 369 89 18.9730
5 371 1320 257.2608
5 372 117 25.1643
5 373 31 5.9456
5 374 168 44.4234
5 375 43 10.4238
5 376 603 117.8234
5 377 64 12.8829
5 378 112 22.7466
5 379 1248 292.1688
5 380 111 23.1897
5 381 12 2.8902
5 382 44 8.3484
5 383 174 38.0179
6 0 288 61.4332
6 1 1058 263.7058
6 2 323 72.0366
6 3 6 1.3498
6 4 30 5.2567
6 5 1826 486.9615
6 6 1 0.2736
6 7 992 240.2185
6 8 567 126.0133
6 9 22 5.8059
6 10 6 1.3092
6 11 31 7.0766
6 12 1571 455.7444
6 13 163 46.3146
6 15 398 103.1062
6 16 35 7.8436
6 17 1204 282.7159
6 18 1742 430.1436
6 19 30 5.7622
6 20 277 55.9161
6 21 9 1.9352
6 22 100 23.1264
6 23 1644 394.1803
6 24 564 131.6490
6 25 18 3.9800
6 26 129 29.2753
6 27 364 78.8531
6 28 2910 637.1942
6 29 1136 320.8609
6 30 8 1.8826
6 31 3260 779.8559
6 32 110 23.3591
6 33 3445 932.6129
6 34 193 39.1839
6 35 77 14.8247
6 36 71 14.8015
6 37 925 196.0704
6 38 35 8.0124
6 39 51 10.0601
6 40 147 28.7881
6 41 37 7.1769
6 42 927 188.5038
6 43 54 9.5758
6 44 109 27.0578
6 45 75 15.4454
6 46 227 53.9604
6 47 1024 212.3886
6 48 90 20.3587
6 49 70 14.4681
6 50 121 24.8540
6 51 9620 3355.3303
6 52 219 45.4449
6 53 71 15.9118
6 54 98 21.4918
6 55 313 63.7209
6 56 3868 949.0365
6 57 11 2.2365
6 58 74 15.4785
6 59 427 110.3222
6 60 6 1.3277
6 61 41 8.0951
6 62 254 51.8861
6 63 2907 647.6087
6 64 52 11.1927
6 65 23 4.6825
6 66 564 148.6984
6 67 174 41.8981
6 68 7 1.6599
6 69 51 10.9125
6 70 82 13.9530
6 71 29 5.3222
6 72 334 69.6513
6 73 220 49.2117
6 74 20 3.6917
6 75 135 29.6237
6 76 79 16.1161
6 77 237 55.3426
6 78 23 4.1510
6 79 676 160.1057
6 80 11 2.0023
6 81 241 61.6385
6 82 232 48.5152
6 83 4 0.8448
6 84 28 7.3114
6 85 76 15.3403
6 86 60 12.0710
6 87 11 2.0147
6 88 22 6.1270
6 89 538 102.1414
6 90 117 28.7306
6 91 85 17.6669
6 92 163 43.7980
6 93 1166 270.5589
6 94 72 15.9062
6 95 58 12.8444
6 96 227 52.1185
6 97 6 1.3947
6 98 94 23.6554
6 99 201 54.3188
6 100 331 72.7810
6 101 1125 261.7604
6 102 467 110.5957
6 103 26 6.0988
6 104 264 70.6357
6 105 105 20.4342
6 106 122 25.7513
6 107 988 265.6939
6 108 790 150.3537
6 109 247 51.9119
6 110 141 43.5648
6 111 458 104.5590
6 112 332 75.6725
6 113 36 7.7565
6 114 232 48.5963
6 115 60 12.5844
6 116 11 2.2842
6 117 6052 1610.2815
6 118 19 4.6218
6 119 424 81.7291
6 120 1746 414.3221
6 121 10 1.6548
6 122 2262 539.2503
6 123 3 0.5843
6 124 55 14.3862
6 125 1170 257.3235
6 126 18 3.6783
6 127 6 1.1005
6 128 232 47.8635
6 129 603 146.6120
6 130 3 0.7443
6 131 6 1.1365
6 132 612 157.9964
6 133 184 39.9051
6 134 559 132.8496
6 135 2459 563.6114
6 136 1 0.2227
6 137 2092 792.5724
6 138 17 3.3594
6 139 34 6.1469
6 140 238 64.7229
6 141 25 5.5632
6 142 6 1.2871
6 143 93 22.1192
6 144 8 1.9590
6 145 95 20.3404
6 146 49 12.5519
6 147 147 34.8000
6 148 151 32.7197
6 149 216 47.4182
6 150 151 34.6346
6 151 397 83.8385
6 152 576 134.2484
6 153 7 1.6594
6 154 803 185.2335
6 155 21 5.1535
6 156 38 7.3926
6 157 59 13.0239
6 158 207 50.8658
6 159 1353 315.7533
6 160 2965 734.8587
6 161 15 3.7584
6 162 361 73.2283
6 163 70 17.0494
6 164 106 23.5297
6 165 106 19.3647
6 166 198 46.4351
6 167 1486 411.4796
6 168 6 1.3806
6 169 249 50.0578
6 170 126 24.1626
6 171 295 61.0158
6 172 289 74.8850
6 173 201 38.4003
6 174 36 7.3773
6 175 208 48.7375
6 176 12 1.9908
6 177 181 37.9531
6 178 16 2.9751
6 180 31 6.5350
6 181 1310 316.0569
6 182 253 54.5260
6 183 179 44.4943
6 184 21 4.5826
6 185 358 69.9830
6 186 6 1.1373
6 187 127 26.6352
6 188 104 26.4691
6 189 1243 338.4148
6 190 519 122.2339
6 191 18 4.3529
6 192 728 197.9408
6 193 578 116.6991
6 194 182 43.6523
6 195 489 127.9137
6 196 39 8.5402
6 197 203 45.9770
6 199 26 6.7767
6 200 2398 655.5014
6 201 117 35.3077
6 202 193 38.6621
6 203 325 68.9064
6 204 373 74.0977
6 205 55 9.1521
6 206 3107 829.0693
6 207 113 25.5603
6 208 1016 282.6193
6 209 123 27.6419
6 210 2150 510.7367
6 211 338 75.8580
6 212 312 64.4767
6 213 320 69.2243
6 214 1292 274.5572
6 215 76 16.0181
6 216 452 101.5306
6 217 47 9.2268
6 218 2249 705.2413
6 219 529 152.8844
6 220 393 85.5305
6 221 89 18.1395
6 222 101 25.9321
6 223 938 192.5432
6 224 3242 799.2258
6 225 82 18.4470
6 226 14 3.3254
6 227 1791 453.6022
6 228 47 10.0915
6 229 345 64.9879
6 230 203 40.1689
6 231 68 15.5142
6 232 324 108.2818
6 233 41 10.3113
6 234 49 10.3182
6 235 670 151.0628
6 236 2 0.4583
6 237 552 120.5748
6 238 8 1.6219
6 239 420 90.7450
6 240 125 29.4684
6 241 931 211.3078
6 242 18 4.4077
6 243 78 20.0998
6 244 277 68.5334
6 245 225 39.4674
6 246 23 5.1892
6 247 144 29.0260
6 248 1 0.2099
6 249 423 100.4010
6 250 207 44.4811
6 251 652 157.3244
6 252 7 1.4738
6 253 115 24.4697
6 254 239 61.3904
6 255 4080 887.7604
6 256 40 7.1940
6 257 3172 1004.0811
6 258 233 49.5936
6 259 74 15.5069
6 260 239 52.3399
6 261 2231 614.7393
6 262 152 30.8334
6 263 52 14.1068
6 264 84 15.0456
6 265 94 19.2560
6 266 12 2.8324
6 267 687 166.0590
6 268 24 5.5278
6 269 1 0.2487
6 270 39 8.2201
6 271 91 20.8842
6 272 948 211.4992
6 273 70 20.8533
6 274 284 54.0141
6 275 450 103.6347
6 276 125 26.3058
6 277 36 8.7444
6 278 469 95.4222
6 279 66 15.1254
6 280 99 25.8018
6 281 13 2.8576
6 282 716 185.3540
6 283 640 172.1864
6 284 165 35.3730
6 285 23 5.5257
6 286 55 11.4377
6 287 439 88.2449
6 288 89 20.8533
6 289 114 23.9546
6 290 116 24.5837
6 291 85 18.5729
6 292 836 160.1323
6 293 599 130.0424
6 294 113 22.4070
6 295 428 80.5752
6 296 1 0.1923
6 298 6 1.0995
6 299 10 3.4682
6 300 9 1.5607
6 301 153 31.0730
6 302 687 214.0699
6 303 714 160.7081
6 304 46 9.4260
6 305 1182 257.2115
6 306 333 77.4254
6 307 73 16.4097
6 308 8 1.6076
6 309 721 158.6838
6 310 176 37.2822
6 311 1467 332.8964
6 312 685 171.5605
6 313 347 65.8987
6 314 304 59.6045
6 315 290 54.1662
6 316 5 1.0403
6 317 178 49.5193
6 318 15 3.0731
6 319 33 6.9998
6 320 82 17.2148
6 321 181 39.2014
6 322 5 1.0737
6 323 835 185.8788
6 324 140 29.9443
6 325 45 8.8873
6 326 157 33.8338
6 327 78 14.9383
6 328 967 236.5249
6 329 9 2.0992
6 330 423 96.6604
6 331 127 26.2069
6 332 130 38.5108
6 333 830 242.3053
6 334 289 65.4204
6 335 50 10.5118
6 337 36 10.3855
6 338 39 7.8561
6 339 704 174.6301
6 340 134 36.3522
6 341 497 117.0186
6 342 1621 434.0646
6 343 58 16.6899
6 344 61 13.0772
6 345 7 1.5577
6 346 112 25.5839
6 347 103 19.6082
6 348 290 68.9762
6 349 152 37.0760
6 350 120 25.8868
6 351 440 97.6432
6 352 34 6.7378
6 353 819 173.2336
6 354 233 42.4638
6 355 3 0.5969
6 356 2076 469.7451
6 357 33 7.2684
6 358 123 38.6187
6 359 271 59.2144
6 360 4366 970.4128
6 361 173 46.4059
6 362 2 0.4294
6 363 36 7.3048
6 364 350 71.7643
6 365 18 3.8720
6 366 3 0.6061
6 367 13965 3767.7858
6 368 1116 253.5876
6 369 659 134.8211
6 370 1641 470.1856
6 371 841 193.4429
6 372 340 85.9571
6 373 1137 304.8360
6 374 37 8.7545
6 375 36 8.0330
6 376 57 10.3566
6 377 23 4.5938
6 378 49 10.3414
6 379 376 81.2214
6 380 380 74.2825
6 381 24 4.0195
6 382 27 6.7619
6 383 80 15.4708
7 0 613 155.7847
7 1 8 1.3817
7 2 304 63.5041
7 3 100 22.1482
7 4 7 1.4046
7 5 169 28.8652
7 6 1898 395.7768
7 7 127 28.4224
7 8 137 35.2097
7 9 150 30.7511
7 10 539 108.9796
7 11 88 14.9301
7 12 265 66.2671
7 13 316 66.3148
7 14 198 39.3870
7 16 657 139.3925
7 17 39 7.5838
7 18 62 11.0915
7 19 3027 815.7949
7 20 220 50.5172
7 21 271 65.7484
7 22 592 122.2236
7 23 205 38.9252
7 24 63 12.8113
7 25 2043 755.8896
7 26 430 98.8828
7 27 259 59.0468
7 28 38 7.0245
7 29 772 189.7767
7 30 1119 338.4083
7 31 11 2.2045
7 32 4976 1471.8189
7 33 97 17.3299
7 34 192 40.0741
7 35 351 67.6421
7 36 563 129.5211
7 37 28 5.2024
7 38 492 103.9329
7 39 228 56.5616
7 40 626 132.3318
7 41 339 68.9642
7 42 5 1.1087
7 43 432 91.0352
7 44 1626 385.9339
7 45 100 21.5663
7 46 751 122.2778
7 47 16 3.3857
7 48 723 186.6105
7 49 94 18.8682
7 50 466 101.3759
7 51 236 50.9646
7 52 426 94.8871
7 53 2449 580.3549
7 54 193 37.4496
7 55 44 8.8714
7 56 66 11.0856
7 57 77 17.0605
7 58 768 230.4949
7 59 83 16.8914
7 60 134 28.6991
7 61 32 8.2693
7 62 435 86.1844
7 63 115 36.1349
7 64 13 2.6174
7 65 776 237.5978
7 66 5 0.8929
7 67 5 1.0406
7 68 366 75.9228
7 69 290 65.2298
7 70 1 0.1686
7 71 55 10.1431
7 72 873 255.2671
7 73 21 3.1485
7 74 2 0.4671
7 75 1661 446.8421
7 76 11 2.2921
7 77 222 44.5191
7 78 279 77.9565
7 79 903 209.2980
7 80 172 44.7751
7 81 447 109.9558
7 83 32 6.6577
7 84 1471 324.5533
7 85 40 7.8509
7 86 232 51.0171
7 87 2 0.3916
7 88 212 34.0170
7 89 1277 367.0561
7 90 463 90.2951
7 91 11 2.0385
7 92 83 16.7671
7 93 387 78.8933
7 94 7248 1817.7233
7 95 406 93.2727
7 96 285 52.9874
7 97 9 1.4116
7 98 62 10.3487
7 99 13 2.8251
7 100 406 92.8336
7 101 7 1.1899
7 102 660 156.8722
7 103 12 2.4041
7 104 3 0.7164
7 105 89 19.5662
7 106 302 75.1524
7 107 676 159.0043
7 108 18 3.8864
7 109 80 17.5063
7 110 177 37.7451
7 111 749 169.3555
7 112 159 31.7147
7 113 9 2.0482
7 114 29 5.6894
7 115 113 26.1868
7 116 32 7.0789
7 117 114 24.1913
7 118 727 154.0999
7 119 56 9.7062
7 120 6 1.0592
7 121 10 1.6377
7 122 204 43.0028
7 123 4 0.6789
7 124 218 55.9142
7 125 704 156.9708
7 126 4 0.6630
7 127 463 96.3826
7 129 430 89.8431
7 130 128 27.1837
7 131 865 191.8786
7 132 558 118.4235
7 133 375 84.9193
7 134 3 0.4844
7 135 40 8.2829
7 136 686 174.4922
7 137 12 1.7998
7 138 278 60.9980
7 139 1061 278.9101
7 140 740 162.0538
7 141 31 5.5616
7 142 51 9.2547
7 143 9 1.7018
7 144 820 201.0159
7 145 107 21.5190
7 146 135 26.4226
7 147 257 55.2137
7 148 340 68.0045
7 149 19 3.3229
7 150 704 189.2740
7 151 1026 252.1546
7 152 142 30.8221
7 153 48 8.5772
7 154 8166 2147.2509
7 155 114 25.1226
7 156 508 92.0429
7 157 66 13.8465
7 158 1561 407.9153
7 159 20 3.5017
7 160 315 62.9711
7 161 65 14.0221
7 162 348 56.3159
7 163 1392 271.2275
7 164 478 97.8353
7 165 4964 1447.8285
7 166 8 1.8853
7 167 177 35.3698
7 168 30 5.4508
7 169 2298 649.6382
7 170 22 3.8433
7 171 201 49.6872
7 172 57 13.8415
7 173 1090 250.5158
7 174 1 0.1425
7 175 1247 252.4872
7 176 283 73.1525
7 177 182 37.3388
7 178 7 1.3494
7 179 914 202.3888
7 180 252 53.2890
7 181 203 46.8698
7 182 152 31.6204
7 183 316 66.2039
7 184 9 1.7694
7 185 182 41.8920
7 186 1 0.2110
7 187 188 45.4442
7 188 24 6.0620
7 189 142 27.5470
7 190 93 19.2113
7 191 469 103.3122
7 192 32 6.4532
7 193 1766 385.7513
7 194 1 0.2275
7 195 85 18.8478
7 196 15 3.0937
7 197 200 41.1117
7 198 368 70.8479
7 199 1 0.2372
7 200 249 68.6888
7 201 1796 417.2469
7 202 530 97.3421
7 203 4 0.7356
7 204 808 208.9919
7 205 1651 398.0831
7 206 83 20.1134
7 207 9118 2910.2572
7 208 50 10.9495
7 209 91 18.8721
7 210 607 134.1563
7 211 10 1.9576
7 212 6 1.2047
7 213 9 1.8766
7 214 49 9.5215
7 215 1540 474.4901
7 216 311 60.5595
7 217 143 31.2495
7 218 570 108.1170
7 219 22 3.6711
7 220 79 17.7887
7 221 266 49.9290
7 222 40 8.4668
7 223 2 0.4347
7 224 10 2.0556
7 225 176 41.6475
7 226 195 38.2928
7 228 267 54.8678
7 229 181 45.8354
7 230 2 0.3919
7 231 3 0.5834
7 232 41 8.2681
7 233 190 39.3145
7 234 722 150.5253
7 235 165 35.4631
7 236 392 89.0061
7 238 45 8.4921
7 239 2 0.3982
7 240 142 33.7909
7 241 307 68.2328
7 242 1110 286.9253
7 243 263 56.3718
7 244 420 89.3272
7 245 3251 830.1125
7 246 165 32.8427
7 247 713 158.7231
7 248 99 20.4006
7 249 17 3.5782
7 250 1034 243.6507
7 251 470 97.7842
7 252 285 65.1646
7 253 213 37.4630
7 254 224 46.5080
7 255 251 51.1611
7 256 14 2.8041
7 257 712 150.2316
7 258 165 34.4379
7 259 964 180.9391
7 260 44 9.1637
7 261 111 23.0662
7 262 67 13.9012
7 264 293 63.3624
7 265 225 48.8117
7 266 846 224.4570
7 267 11 1.9661
7 268 82 16.8357
7 269 87 17.3778
7 270 1158 249.0645
7 271 628 105.5246
7 272 214 45.6853
7 273 593 136.2246
7 274 6 1.1802
7 275 502 111.7117
7 276 47 8.2458
7 277 20 3.8941
7 278 1286 294.8457
7 279 75 14.6292
7 280 308 63.9263
7 281 376 67.5733
7 282 34 5.2831
7 283 535 144.0280
7 284 466 102.8376
7 286 40 6.4562
7 287 288 89.3164
7 288 35 6.9753
7 289 18 3.6943
7 290 385 80.2043
7 291 139 29.5895
7 292 59 12.2950
7 293 211 42.6968
7 294 276 88.9133
7 295 201 43.6471
7 296 292 76.7619
7 297 2 0.4131
7 298 379 82.6639
7 299 776 179.4984
7 300 70 15.5182
7 302 379 72.1339
7 303 194 39.7334
7 304 6 1.1133
7 305 559 128.6714
7 306 235 51.2753
7 307 86 18.8559
7 308 59 9.5610
7 309 19 3.8195
7 310 426 109.1959
7 311 150 31.3265
7 312 236 52.1164
7 313 1671 365.3810
7 314 290 51.1720
7 315 5 0.6608
7 316 848 194.2452
7 317 653 141.8356
7 318 89 16.3166
7 319 29 6.0264
7 320 231 53.8729
7 321 17 2.4162
7 322 183 38.0810
7 323 198 49.9022
7 324 5206 1129.5945
7 325 721 202.3024
7 326 223 53.0779
7 327 32 6.4148
7 328 243 53.9879
7 329 912 232.5674
7 330 1 0.2090
7 331 1240 281.8072
7 332 354 72.7417
7 333 14 2.8934
7 334 23 5.1016
7 335 156 37.1773
7 336 16 3.3606
7 337 13755 4527.1604
7 338 20 4.1168
7 339 11 2.0884
7 340 204 39.0817
7 341 64 11.1652
7 342 237 46.0418
7 343 307 64.9574
7 344 26 5.3819
7 346 7 1.2565
7 347 57 10.5785
7 348 276 53.2916
7 349 18 3.2162
7 350 5266 1308.3033
7 351 57 10.1322
7 352 151 32.0043
7 353 344 79.8287
7 354 1316 316.7063
7 355 11 2.1718
7 356 1669 385.0540
7 357 629 140.1618
7 358 449 110.9788
7 359 6 1.3725
7 360 776 229.7806
7 361 568 96.8445
7 362 192 38.2280
7 363 191 39.3886
7 364 163 30.9712
7 365 168 38.6341
7 366 606 161.1699
7 367 35 6.6686
7 369 513 98.8633
7 370 1752 444.0537
7 371 172 34.2795
7 372 164 29.1969
7 373 25 4.5769
7 374 272 59.0558
7 375 54 11.4407
7 376 3 0.4147
7 377 803 187.6100
7 378 10 1.8627
7 379 2206 539.2363
7 380 387 85.0185
7 381 51 9.7624
7 382 45 8.6441
7 383 711 163.9191
8 0 40 9.7561
8 1 1007 263.0590
8 2 860 201.2474
8 3 38 7.5780
8 4 14 2.8458
8 5 156 36.4153
8 6 2019 521.4166
8 7 27 5.1223
8 8 52 10.5359
8 9 567 122.1608
8 10 360 62.4659
8 11 391 89.5651
8 12 7 1.1730
8 13 191 41.7611
8 14 890 209.7232
8 15 11 2.0022
8 16 185 42.8080
8 17 13 4.4992
8 18 18 3.4940
8 19 26 4.1807
8 20 88 16.2772
8 21 106 17.8909
8 22 28 4.6453
8 23 1958 468.8777
8 24 210 49.9021
8 25 113 21.3732
8 26 7 1.4940
8 27 33 6.1672
8 28 79 15.1827
8 29 303 75.6537
8 30 4 0.7873
8 31 75 15.1381
8 32 38 7.4307
8 33 462 81.0967
8 34 357 91.4340
8 35 4 0.7257
8 36 41 8.5451
8 37 95 19.6747
8 38 947 179.8590
8 39 927 212.6920
8 40 18 3.5142
8 41 85 22.8052
8 42 349 102.1311
8 43 431 86.6260
8 44 144 32.6068
8 45 155 36.5596
8 46 68 12.9118
8 47 1282 306.5916
8 48 67 14.0605
8 49 35 6.2956
8 50 615 148.3265
8 51 153 25.6673
8 52 107 21.3401
8 53 56 11.0874
8 54 254 55.0288
8 55 127 31.0596
8 56 53 15.3746
8 57 693 150.4884
8 58 765 160.1353
8 60 18 5.2794
8 61 1117 262.5457
8 62 269 58.7555
8 63 81 16.2139
8 64 769 174.3595
8 65 3 0.6057
8 66 830 185.7337
8 67 1418 342.3688
8 69 87 19.2534
8 70 377 105.1118
8 71 363 77.2278
8 72 102 20.3436
8 73 32 10.5026
8 74 1015 206.6950
8 75 228 52.9891
8 76 190 37.5622
8 77 24 4.7557
8 78 246 67.7855
8 79 20 3.9144
8 80 2 0.3593
8 81 453 99.0111
8 83 95 19.9583
8 84 7 1.3068
8 85 617 134.7998
8 86 10 1.9840
8 87 48 9.5434
8 89 387 94.6364
8 90 9126 2646.7521
8 91 22 5.8840
8 92 1809 401.0429
8 93 80 15.6596
8 94 10705 2621.3405
8 95 69 18.8120
8 96 35 7.2693
8 97 292 74.5527
8 98 5 1.2498
8 99 84 21.2712
8 100 386 86.4618
8 101 1104 268.6712
8 102 127 35.8108
8 103 48 9.4147
8 104 747 163.0163
8 105 18 3.6295
8 106 7 1.0412
8 107 7 1.1591
8 109 68 12.9004
8 110 233 52.9255
8 111 1366 333.7700
8 112 110 19.7214
8 113 9 1.6542
8 114 790 196.4648
8 115 688 166.6463
8 116 104 18.4244
8 117 196 40.6907
8 118 54 10.4399
8 119 1362 326.1839
8 120 7 1.2406
8 121 2805 805.8651
8 122 486 117.0416
8 123 78 12.3732
8 124 42 8.4376
8 125 83 14.5208
8 126 349 86.0344
8 127 110 27.3279
8 128 423 85.0947
8 129 719 154.8990
8 130 39 6.2967
8 132 1 0.1961
8 133 56 10.8013
8 134 710 176.6460
8 135 689 130.5911
8 136 7 1.2290
8 137 977 259.5797
8 138 3 0.5224
8 139 18 3.0416
8 140 16 3.1014
8 141 865 154.6833
8 142 215 41.3942
8 143 69 15.5571
8 145 889 282.7149
8 146 32 8.0211
8 147 43 6.9744
8 148 27 4.8750
8 149 21 4.1298
8 150 331 70.1250
8 151 1102 232.5316
8 152 229 54.3733
8 153 39 7.3629
8 154 249 54.3637
8 155 1875 441.9086
8 156 249 57.4265
8 157 1 0.1942
8 158 79 19.5335
8 159 580 102.6288
8 160 13 2.4690
8 161 149 29.9069
8 162 296 57.1609
8 163 295 67.5154
8 164 686 139.6536
8 165 101 24.8905
8 166 7 1.2256
8 167 72 13.6823
8 168 90 20.1768
8 169 47 13.0055
8 170 265 45.9517
8 171 1708 373.6137
8 172 354 71.8139
8 173 804 216.7784
8 174 680 134.9088
8 175 12 2.1786
8 176 37 5.8663
8 177 473 110.9279
8 178 1071 267.7565
8 179 109 20.0044
8 180 38 6.6911
8 181 1563 401.5742
8 182 63 10.3379
8 184 35 6.4975
8 185 6607 1695.6318
8 186 11356 4207.5482
8 187 25 4.4726
8 188 1 0.2198
8 189 505 114.9511
8 190 74 17.5012
8 191 112 23.2975
8 192 561 96.5232
8 193 454 107.7628
8 194 19 3.3928
8 195 703 165.1113
8 196 3 0.6025
8 197 98 21.4672
8 198 12 2.5791
8 199 87 15.8274
8 200 74 19.5683
8 201 39 6.2923
8 202 81 17.2433
8 203 3 0.6547
8 204 32 8.1125
8 205 963 261.1948
8 207 1907 496.7676
8 208 376 86.6954
8 209 2112 477.8928
8 210 44 10.3737
8 211 1811 474.6318
8 212 6760 1643.7732
8 213 52 9.5709
8 214 1330 322.5999
8 215 204 35.9155
8 216 57 13.7344
8 217 1681 431.5873
8 218 1697 419.6568
8 219 245 50.5494
8 220 41 8.6242
8 221 197 45.8442
8 222 434 75.3394
8 223 223 66.3740
8 224 850 232.1861
8 225 145 30.7899
8 226 3220 714.8392
8 227 1158 267.7687
8 228 1155 264.1968
8 229 357 89.3545
8 230 21 3.5222
8 231 1 0.1665
8 232 88 23.1045
8 233 2100 565.1057
8 234 383 108.7713
8 235 25 4.4397
8 236 94 18.2033
8 237 1271 333.4853
8 238 4 0.7694
8 239 29 5.0396
8 240 91 16.3436
8 241 91 17.5643
8 242 13 2.2592
8 243 7 1.4009
8 244 37 7.6930
8 245 100 27.6598
8 246 1476 314.2677
8 247 123 23.7764
8 248 4603 1346.3369
8 249 73 14.4438
8 250 263 54.1411
8 251 9 2.1096
8 252 4 0.8163
8 253 12 2.7371
8 254 78 21.7603
8 255 13 2.5161
8 256 160 32.4250
8 257 10 2.5340
8 258 5993 1440.0010
8 259 353 63.4865
8 260 1296 283.5150
8 261 46 11.9370
8 262 46 9.0878
8 263 139 27.8556
8 264 12 2.5822
8 265 12 2.5282
8 266 247 56.4817
8 267 57 11.8582
8 268 82 18.2296
8 269 884 268.1896
8 270 120 28.8983
8 271 406 88.4079
8 272 52 8.5465
8 273 86 17.3955
8 274 37 6.7575
8 276 246 52.6620
8 277 31 6.9575
8 278 269 60.3222
8 279 38 6.1913
8 280 1468 416.1095
8 282 222 62.2990
8 283 1122 244.1676
8 284 148 30.4196
8 285 13 2.5530
8 286 361 55.9886
8 287 468 87.0465
8 288 576 136.0223
8 289 1045 282.4565
8 290 114 21.9633
8 291 55 14.1028
8 292 63 13.7056
8 293 156 33.3151
8 294 373 105.6828
8 295 265 58.5460
8 296 658 152.4371
8 297 1493 354.2920
8 298 55 10.6073
8 299 456 87.4304
8 300 112 27.8946
8 301 48 10.0849
8 303 102 23.0936
8 304 180 38.2162
8 305 271 51.3045
8 306 241 48.5529
8 307 226 46.1705
8 308 1303 359.7362
8 309 11 1.7431
8 310 128 28.3245
8 311 37 7.1113
8 312 686 175.2146
8 313 20 3.3320
8 314 312 61.0838
8 316 113 33.9150
8 317 19 3.4844
8 319 474 115.0166
8 320 16 2.9606
8 321 7 1.7590
8 322 39 6.7498
8 323 2391 596.6584
8 324 423 117.6622
8 325 30 5.4940
8 326 119 25.4788
8 327 3 0.5993
8 328 32 5.1638
8 329 259 54.4763
8 330 93 16.0070
8 331 19 3.2520
8 332 113 27.1988
8 333 659 135.5650
8 334 19 3.8496
8 335 18 3.5020
8 336 162 30.5011
8 337 166 33.0481
8 338 187 37.3907
8 339 8 1.4971
8 340 187 39.4330
8 341 1405 344.5082
8 342 58 12.0961
8 343 1 0.1981
8 344 1 0.2027
8 345 49 9.5174
8 346 610 138.5342
8 347 36 9.2076
8 348 1715 382.4534
8 349 63 15.7937
8 350 13 2.7578
8 351 13 2.5218
8 352 739 172.6067
8 353 24 6.6093
8 354 22 4.1549
8 355 1 0.1610
8 356 556 142.1911
8 357 528 143.9723
8 358 246 65.7444
8 359 256 45.5281
8 360 1384 298.0228
8 361 289 61.6831
8 362 169 31.2019
8 363 74 14.7052
8 364 10 1.9305
8 365 369 77.2773
8 366 10 2.5777
8 367 326 70.0254
8 368 1 0.2206
8 369 35 6.4460
8 370 148 31.0662
8 371 7 1.1852
8 373 35 6.7641
8 374 170 39.6951
8 375 116 19.3172
8 376 25 4.3862
8 377 9 2.1734
8 378 164 36.7334
8 379 104 20.9100
8 380 6127 1338.8581
8 381 2597 968.1890
8 382 512 117.7099
8 383 13 2.3069
9 1 90 19.1344
9 2 265 53.6289
9 3 574 132.5954
9 4 292 53.8205
9 5 419 126.4988
9 6 36 6.9976
9 7 367 82.4137
9 8 9 2.1738
9 9 235 51.1214
9 10 896 207.1121
9 11 13 2.2594
9 12 9 1.6644
9 13 452 106.0681
9 14 87 16.4303
9 15 6 1.2350
9 16 39 7.7669
9 17 153 30.4366
9 18 507 127.4128
9 19 1 0.2353
9 20 105 24.4405
9 21 6 1.1284
9 22 1283 308.1321
9 23 73 13.4131
9 24 1 0.2254
9 25 3 0.5574
9 26 1271 293.8670
9 27 1340 345.7321
9 28 178 33.7603
9 29 108 23.9919
9 30 317 60.1394
9 31 2146 518.0201
9 32 228 57.6460
9 33 1583 461.7911
9 34 127 22.5528
9 35 123 28.6664
9 36 6 1.2073
9 37 170 36.3559
9 38 177 38.1380
9 39 135 25.8197
9 40 632 162.0840
9 41 21 3.8979
9 42 636 173.3974
9 43 2 0.4691
9 44 11 1.9184
9 45 50 10.2012
9 46 49 10.3411
9 47 14 2.9247
9 48 483 96.6967
9 49 3984 1073.4833
9 50 54 12.1281
9 51 2119 572.0749
9 52 1664 380.9645
9 53 48 9.6906
9 54 173 34.1011
9 55 14 2.8513
9 56 46 9.0992
9 57 63 11.4628
9 58 1431 365.3924
9 60 12 2.2427
9 61 16 3.4694
9 62 236 59.1306
9 63 218 41.0711
9 64 18 3.3763
9 65 43 8.6978
9 66 9 1.9955
9 68 416 101.6173
9 69 1839 417.0149
9 70 461 100.9038
9 71 42 7.9344
9 72 15 3.1520
9 73 1392 354.3052
9 74 99 26.3488
9 75 122 34.8039
9 77 2733 732.2985
9 78 6 1.2180
9 79 1021 253.0205
9 80 137 30.8534
9 81 316 70.2350
9 82 11860 3572.9301
9 84 71 15.3142
9 85 19 4.6555
9 86 390 103.2190
9 87 4 0.9319
9 88 187 37.3620
9 89 29 5.2253
9 90 223 56.6020
9 91 1601 408.6780
9 92 77 15.8452
9 93 1737 467.9957
9 94 1 0.2257
9 95 44 7.6547
9 96 71 16.7486
9 97 60 11.6766
9 98 2378 598.0251
9 99 29 7.1575
9 100 677 159.5246
9 101 620 188.9608
9 102 1210 349.4512
9 103 135 28.9878
9 104 102 22.6324
9 105 97 19.9712
9 107 1471 381.7749
9 108 90 17.4461
9 109 126 27.9282
9 110 258 63.6823
9 111 45 10.1394
9 112 212 40.1630
9 113 16 3.5591
9 114 177 32.4750
9 115 370 95.9778
9 116 24 5.5174
9 117 547 120.9897
9 118 42 9.6353
9 119 614 165.5353
9 120 1455 364.3203
9 121 81 20.6981
9 122 626 129.1484
9 124 529 116.2646
9 125 447 111.1067
9 126 1243 325.4159
9 127 609 157.7653
9 128 2112 573.4539
9 129 242 54.3442
9 130 31 5.9026
9 131 288 72.7596
9 132 1032 265.4089
9 133 40 7.9654
9 134 11586 3022.6384
9 135 67 20.8875
9 136 2213 591.5864
9 137 774 191.5032
9 138 2806 750.3498
9 139 198 38.9184
9 140 3671 863.3744
9 141 9 2.2726
9 142 1011 238.6552
9 143 211 40.2518
9 144 597 150.1438
9 145 31 5.2345
9 146 957 231.7997
9 147 225 52.0870
9 148 160 40.0624
9 149 161 39.5286
9 150 3652 974.4922
9 151 6 1.2286
9 152 10 2.0924
9 153 143 30.1594
9 154 1914 569.2369
9 155 79 17.5019
9 156 739 193.2042
9 157 2 0.4248
9 158 1166 298.1379
9 159 13 3.1556
9 160 1282 349.9928
9 161 498 110.1494
9 162 22 3.8592
9 163 804 226.1145
9 164 1 0.2375
9 165 103 18.9321
9 166 336 69.2242
9 167 290 66.2744
9 168 1003 244.2310
9 169 190 39.2060
9 170 175 37.8001
9 171 123 23.6323
9 172 40 6.7888
9 173 153 30.5475
9 174 108 26.9261
9 175 152 27.7785
9 176 4 0.8532
9 177 395 98.0207
9 178 143 23.8473
9 179 31 6.0491
9 180 493 121.9348
9 181 11 2.2664
9 182 2 0.4250
9 183 294 69.9068
9 184 63 18.9743
9 185 69 12.4033
9 186 695 169.2840
9 187 2152 468.2410
9 188 188 43.4607
9 190 223 51.5591
9 191 44 9.7752
9 192 17 3.0266
9 193 66 14.7778
9 194 1 0.2450
9 195 532 119.1745
9 196 100 24.8170
9 197 1239 283.2920
9 198 235 49.9907
9 199 1531 345.2984
9 200 131 36.8199
9 201 483 125.8568
9 202 6 1.2887
9 203 720 178.9218
9 204 1 0.1766
9 205 2087 532.5754
9 206 6 1.4832
9 207 5 1.0219
9 208 1047 272.9111
9 209 121 28.0965
9 210 74 17.1784
9 211 196 39.1748
9 212 678 154.9173
9 213 24 4.4564
9 214 160 32.1943
9 215 71 12.3519
9 216 719 214.2983
9 217 781 165.8551
9 218 528 114.6371
9 219 28 5.1118
9 220 849 191.5558
9 221 94 18.7754
9 222 410 109.7240
9 223 1137 264.3540
9 224 28 5.4600
9 225 41 8.5460
9 226 82 14.2759
9 227 1141 251.6268
9 228 228 46.8627
9 229 91 22.0179
9 230 357 94.2076
9 231 597 130.9280
9 232 93 21.4675
9 233 254 49.1355
9 234 2992 759.4139
9 235 749 163.8524
9 236 1465 328.8314
9 237 5 0.8831
9 238 417 94.0937
9 239 241 49.5977
9 240 131 22.8230
9 241 18 4.1104
9 242 738 215.6198
9 243 53 11.7372
9 244 739 182.8003
9 245 150 40.7143
9 246 375 96.2064
9 247 307 65.9743
9 248 54 10.0162
9 249 135 28.4743
9 250 13 2.6444
9 251 59 15.1991
9 252 340 77.9005
9 254 25 5.5604
9 255 563 104.7807
9 256 2659 640.2377
9 257 488 115.6299
9 258 377 79.9173
9 259 16 3.4078
9 260 6 1.6643
9 261 42 9.4939
9 262 559 123.0664
9 263 2850 711.4191
9 264 997 236.2565
9 265 105 25.2651
9 266 244 54.3566
9 267 309 72.2780
9 268 260 58.2178
9 269 108 22.0131
9 270 270 57.8864
9 271 238 52.6103
9 272 76 14.2565
9 273 809 190.0778
9 274 106 28.1961
9 275 53 10.6836
9 276 7 1.5009
9 277 120 23.1740
9 278 376 82.1038
9 279 18 3.7615
9 280 182 44.0598
9 281 37 8.3355
9 282 935 250.6488
9 283 8 1.4246
9 284 35 6.9093
9 285 1369 364.9489
9 286 367 81.3445
9 287 94 20.0878
9 288 336 85.3043
9 289 48 13.0692
9 290 99 20.4962
9 291 331 60.6570
9 292 42 7.1959
9 293 14 2.5753
9 294 156 44.4905
9 296 284 78.1853
9 297 366 77.3676
9 298 171 35.6293
9 299 23 3.9711
9 301 60 13.6100
9 302 401 97.8901
9 303 103 22.7178
9 305 38 8.7435
9 306 289 51.4737
9 307 11 2.6786
9 308 4604 1164.3145
9 309 150 31.6725
9 310 518 122.6679
9 311 490 74.3253
9 312 558 121.7438
9 313 114 26.1913
9 314 498 131.7168
9 315 142 36.8328
9 317 55 10.8463
9 319 1041 265.3909
9 320 337 81.6059
9 321 11 1.9599
9 322 24 5.4699
9 323 8 1.8284
9 324 218 56.8108
9 325 5 1.0372
9 326 722 174.3940
9 327 500 111.9252
9 328 830 192.9572
9 329 221 47.1845
9 330 1 0.2493
9 331 2 0.4717
9 332 150 28.9339
9 333 3646 981.6277
9 334 6 1.3773
9 335 138 31.7585
9 336 3 0.7986
9 337 200 38.8639
9 338 34 7.3141
9 339 17 3.4158
9 340 63 10.8955
9 341 4331 1058.6721
9 342 264 75.3467
9 343 162 43.3059
9 344 101 21.9541
9 345 25 5.8486
9 346 365 70.1739
9 347 127 21.2955
9 348 171 34.6914
9 349 118 23.4567
9 350 154 38.5112
9 351 809 168.9904
9 352 36 7.8160
9 353 303 70.4534
9 354 729 222.8790
9 355 14 3.8089
9 357 378 78.6446
9 358 2 0.4875
9 359 69 12.6685
9 360 27 5.6268
9 361 323 77.3354
9 362 619 176.7199
9 363 67 11.9618
9 364 420 101.2094
9 365 17 3.1760
9 366 702 162.7394
9 367 129 25.1003
9 368 1332 386.2825
9 369 387 88.8321
9 370 7 1.2664
9 371 70 11.8393
9 372 366 79.2307
9 373 797 190.9701
9 374 29 5.7550
9 375 45 8.2773
9 376 150 30.5358
9 377 989 270.2733
9 378 1335 319.5998
9 379 177 39.7261
9 380 5 1.1618
9 381 4 0.8566
9 382 9 2.0538
9 383 782 176.3218
10 0 68 12.7282
10 1 519 123.0374
10 2 667 166.3485
10 3 233 57.4283
10 4 48 8.7358
10 5 392 103.6010
10 6 2 0.4712
10 7 1978 529.6148
10 8 495 115.0996
10 9 1158 261.4911
10 11 174 44.1766
10 12 156 29.8561
10 13 20 4.6770
10 14 530 108.7540
10 15 90 16.9952
10 16 29 5.2457
10 17 397 96.1419
10 18 2 0.4482
10 19 9 2.2237
10 20 102 18.2418
10 22 510 129.4776
10 23 341 70.5125
10 24 2 0.4361
10 25 192 48.6071
10 26 45 8.3338
10 27 96 22.4090
10 28 4 0.9376
10 29 4 1.0100
10 30 357 89.5580
10 31 38 7.2457
10 32 73 14.7473
10 33 38 8.8113
10 34 752 164.4802
10 35 73 15.6002
10 36 113 20.9462
10 37 8 1.6730
10 38 7 1.2590
10 39 113 27.3887
10 40 201 40.9021
10 41 147 34.8096
10 42 835 177.5933
10 43 2 0.3441
10 44 1848 452.9203
10 45 995 233.5977
10 46 2 0.3545
10 47 667 164.6236
10 48 245 55.3459
10 49 1030 228.4911
10 50 2500 875.2128
10 51 19 4.8417
10 52 140 33.7978
10 53 2 0.4424
10 54 1030 255.6464
10 55 131 24.7225
10 56 211 46.5868
10 57 964 263.7112
10 58 290 58.2369
10 59 938 228.2219
10 60 280 59.7290
10 61 71 13.4931
10 62 421 98.7204
10 63 60 12.6801
10 64 66 16.0031
10 65 24 4.8468
10 66 12 2.3852
10 67 353 90.2465
10 68 186 35.2422
10 69 431 119.7295
10 70 102 27.9545
10 71 275 56.6955
10 72 1031 236.2254
10 73 1 0.2067
10 74 500 109.0275
10 75 1673 446.7746
10 76 14 2.8098
10 77 320 77.3817
10 78 327 68.3501
10 79 63 12.3284
10 80 1529 356.3922
10 81 7 1.2892
10 82 32 5.6390
10 83 8 1.4749
10 84 1533 450.6199
10 85 234 52.3220
10 86 71 13.3464
10 87 124 28.7771
10 88 5 0.9260
10 89 1 0.2249
10 90 225 45.3125
10 91 156 37.6894
10 92 1355 319.8120
10 93 855 197.8944
10 94 19 4.6436
10 95 4365 1273.9046
10 96 3326 825.3180
10 97 305 71.4366
10 98 63 12.6882
10 99 192 43.6638
10 100 218 42.7112
10 101 1402 351.0955
10 102 298 65.5603
10 103 96 18.9281
10 104 229 48.1765
10 105 15 2.9563
10 106 57 11.1243
10 107 63 14.0127
10 108 47 9.0022
10 109 229 59.6923
10 110 48 10.2011
10 111 2220 580.0517
10 112 219 42.5659
10 113 702 163.0991
10 114 204 40.9877
10 115 39 9.2647
10 117 4 0.8594
10 118 19 4.0423
10 119 89 19.1586
10 120 54 13.1608
10 121 85 16.1955
10 122 24 5.3901
10 123 16 3.6410
10 124 584 134.8452
10 125 58 13.5261
10 126 55 10.3120
10 127 1477 421.6176
10 128 78 17.5000
10 129 272 49.0981
10 130 113 22.4553
10 131 33 6.9928
10 132 43 11.4301
10 133 560 117.4932
10 134 598 143.0942
10 135 370 81.2921
10 136 111 22.1362
10 137 1241 300.9408
10 138 223 44.8180
10 139 2 0.4015
10 140 3270 867.5922
10 141 130 24.3523
10 142 145 40.2923
10 143 992 236.9939
10 144 8 1.6353
10 145 1156 276.4429
10 146 197 39.1583
10 147 592 131.1660
10 148 673 177.5676
10 149 175 41.6112
10 151 365 120.6487
10 152 1912 479.3475
10 153 12 2.7398
10 154 124 28.2109
10 155 853 201.5894
10 156 87 19.6595
10 157 358 90.4146
10 158 79 18.8059
10 159 699 172.5333
10 160 82 15.3971
10 161 395 92.9754
10 162 26 5.1143
10 163 1846 445.0681
10 164 33 6.0574
10 165 1948 503.4447
10 166 216 55.4320
10 167 171 42.4976
10 168 59 12.5832
10 169 53 13.9171
10 170 615 152.3039
10 171 374 88.3554
10 172 81 15.6579
10 173 135 28.0776
10 174 30 5.4519
10 175 43 7.9722
10 176 12 2.5805
10 178 146 26.0293
10 179 1937 553.0661
10 180 66 16.3263
10 181 18 4.2503
10 182 3229 1062.2599
10 183 3 0.6362
10 184 221 38.9825
10 185 71 15.7675
10 186 3 0.6281
10 187 8 1.7996
10 188 677 163.7291
10 190 14 2.4308
10 191 79 15.3115
10 192 620 147.9820
10 193 1429 341.3307
10 194 123 24.9964
10 195 12 2.6814
10 196 62 12.5879
10 197 42 10.4842
10 198 11 2.2333
10 199 275 51.3664
10 200 261 50.9422
10 201 226 49.8955
10 202 300 55.6887
10 203 3 0.6675
10 204 116 27.3886
10 206 7 1.3283
10 207 296 58.7242
10 208 107 25.4933
10 209 129 31.9646
10 210 1431 421.8225
10 211 19 3.5675
10 212 63 11.3390
10 213 297 59.0288
10 214 22 4.2935
10 215 44 8.6662
10 216 860 217.8083
10 217 1 0.1670
10 218 134 34.4609
10 219 30 9.4468
10 220 142 27.7129
10 221 4 0.9441
10 222 58 10.4165
10 223 416 100.1383
10 224 371 65.3123
10 225 410 110.9693
10 226 23 4.4163
10 227 377 96.8665
10 228 144 27.4638
10 229 1033 239.3006
10 230 346 84.3539
10 231 13 2.5070
10 232 131 31.5936
10 233 213 52.8500
10 234 457 112.8671
10 235 141 26.7505
10 236 662 158.4517
10 237 916 236.9626
10 238 349 77.2944
10 239 30 5.9279
10 240 17 3.1857
10 241 158 29.6426
10 242 147 32.6900
10 243 188 37.7259
10 244 70 15.5490
10 245 720 174.4192
10 246 1488 391.2594
10 247 88 17.4902
10 248 93 19.6881
10 249 154 34.6968
10 250 34 6.5815
10 251 272 59.5612
10 252 1 0.1801
10 253 2642 629.6202
10 254 815 166.7779
10 255 580 147.6264
10 256 354 99.6138
10 257 650 165.8477
10 258 356 85.7959
10 259 29 5.7439
10 260 7 1.3837
10 261 86 16.9014
10 262 15 4.0242
10 263 12019 3214.8316
10 264 432 107.9224
10 265 232 47.3398
10 266 513 145.8455
10 267 1527 412.7355
10 268 402 102.9753
10 269 366 74.1639
10 271 3800 860.0826
10 272 87 16.8710
10 273 215 48.4912
10 274 771 187.7702
10 275 66 13.1510
10 276 1 0.1712
10 277 522 124.5869
10 278 170 39.1322
10 279 232 60.4481
10 280 60 11.5014
10 281 11 2.3012
10 282 13 2.5230
10 283 174 35.3558
10 284 7348 2171.1389
10 285 2 0.4610
10 286 362 79.4939
10 287 134 36.9900
10 288 70 15.2289
10 289 652 130.5704
10 290 24 4.7176
10 291 11 2.1158
10 292 187 46.5298
10 293 120 20.6846
10 294 68 13.3125
10 295 131 30.1413
10 296 797 169.8091
10 297 1167 284.6167
10 298 3613 932.6644
10 299 41 9.7289
10 300 44 8.2126
10 301 164 47.5510
10 302 2543 631.7352
10 303 479 99.7381
10 304 1056 245.3430
10 305 327 74.3073
10 306 188 39.5221
10 307 5441 1268.4800
10 308 150 32.7231
10 309 532 103.2808
10 310 989 196.6655
10 311 78 15.4169
10 312 892 220.7884
10 313 2 0.4538
10 314 333 65.7309
10 315 369 72.2190
10 316 275 57.8216
10 317 1101 260.5904
10 318 36 10.4240
10 319 32 7.3013
10 320 1854 469.8517
10 321 245 50.7163
10 322 83 22.9733
10 323 128 25.4931
10 324 2642 623.6702
10 325 88 17.6559
10 326 74 17.2095
10 327 3 0.7880
10 329 5 1.1571
10 330 1711 452.0589
10 331 177 34.0240
10 332 218 52.9273
10 333 52 10.0487
10 334 618 184.9167
10 335 172 42.6237
10 336 1503 419.9079
10 337 602 135.6839
10 338 1072 281.6052
10 339 2917 832.2520
10 340 932 221.4069
10 341 859 204.7008
10 342 92 22.0720
10 343 2033 489.6724
10 344 297 81.9259
10 345 31 5.6737
10 346 93 20.7222
10 347 2 0.4819
10 348 36 6.6847
10 349 1208 294.3851
10 350 1133 338.6712
10 351 2 0.6057
10 352 678 155.0551
10 353 171 36.2445
10 354 49 9.1054
10 355 139 30.1534
10 356 20 4.4976
10 357 171 38.7703
10 358 18 3.7699
10 359 6 1.1019
10 360 9 2.2323
10 361 434 97.1007
10 362 305 81.2078
10 363 36 6.5462
10 364 308 70.6201
10 365 1146 255.3800
10 368 57 10.0036
10 369 19 3.6886
10 370 1451 322.1293
10 371 1778 394.6813
10 372 308 78.6752
10 373 1366 323.9610
10 374 519 141.7438
10 375 1391 330.0276
10 376 190 46.5462
10 377 1459 359.3823
10 378 889 236.6360
10 379 32 8.3113
10 380 292 63.6940
10 381 93 21.5535
10 382 4 0.8880
10 383 43 7.5803
11 0 537 154.5261
11 1 2 0.4063
11 2 128 24.8825
11 3 36 6.5496
11 4 373 78.4519
11 5 1001 227.8350
11 6 78 15.7282
11 7 214 56.2426
11 8 138 30.1713
11 9 147 34.4873
11 10 383 75.7635
11 11 627 154.6826
11 12 1 0.1875
11 13 934 239.3156
11 14 518 106.1519
11 15 106 24.7567
11 16 372 79.5276
11 17 910 193.1460
11 18 121 22.6796
11 19 303 70.6723
11 20 173 47.1931
11 21 541 133.8652
11 22 74 18.7411
11 23 12 2.4723
11 24 209 61.8483
11 25 279 75.9471
11 26 633 139.0528
11 27 663 155.6599
11 28 1093 254.2391
11 29 55 10.4433
11 30 442 89.9364
11 31 43 9.0119
11 32 147 28.8263
11 33 297 81.4250
11 34 919 216.5804
11 35 1026 220.9408
11 36 110 28.0213
11 37 1 0.2099
11 39 48 10.3297
11 40 110 21.5914
11 41 979 226.4104
11 42 11 2.4820
11 43 143 32.8888
11 44 117 22.7797
11 45 542 107.9692
11 46 837 192.0356
11 47 202 50.1291
11 48 633 156.5103
11 49 608 140.4522
11 50 1014 244.3077
11 51 82 14.5059
11 52 217 52.4842
11 54 252 51.7679
11 55 796 162.9473
11 56 345 76.9556
11 57 7 1.7547
11 58 8 1.4343
11 59 26 4.6086
11 60 1070 277.8726
11 61 55 9.9821
11 62 22 4.5248
11 63 110 21.9020
11 64 1084 243.7677
11 65 1614 422.9887
11 66 1046 243.8718
11 67 162 30.3774
11 68 73 13.7856
11 69 15 2.6419
11 70 714 221.2744
11 71 388 75.7370
11 72 35 7.9755
11 73 1246 283.8403
11 74 55 9.9723
11 75 4 0.9449
11 76 15 2.8878
11 77 749 162.1423
11 78 20 3.4929
11 79 2334 676.8558
11 80 52 9.7610
11 81 310 68.2545
11 82 63 15.1035
11 83 60 15.9631
11 84 253 49.7052
11 85 879 174.9320
11 86 97 17.6922
11 87 494 97.9729
11 88 543 119.2891
11 89 3 0.5619
11 90 805 201.1238
11 91 140 29.4563
11 92 26 5.6619
11 93 21 4.0878
11 94 125 31.6281
11 95 41 7.4904
11 96 550 155.8803
11 97 209 41.9989
11 98 7988 2569.2081
11 99 1734 399.9389
11 100 126 24.3062
11 101 359 107.9499
11 102 780 217.0617
11 103 535 119.5394
11 104 23 4.2064
11 105 380 86.8071
11 106 12 2.0732
11 107 1 0.2446
11 108 2211 446.2276
11 109 3075 992.5224
11 110 46 7.9627
11 111 353 94.7634
11 112 54 11.0192
11 113 20 3.7111
11 114 218 48.9049
11 115 180 34.1256
11 116 572 163.0048
11 117 6 1.0697
11 118 38 7.1351
11 119 1759 426.4798
11 120 305 57.1219
11 121 1439 323.1526
11 122 200 41.2111
11 123 122 26.4497
11 124 294 64.2918
11 125 887 193.4156
11 126 512 117.1327
11 127 18 3.4011
11 128 507 115.0151
11 129 530 113.0019
11 130 1354 304.6658
11 131 1279 308.6200
11 132 1 0.1757
11 133 4 1.0266
11 134 7 1.2388
11 135 178 33.2220
11 136 12 2.0985
11 137 186 43.7240
11 138 165 28.0222
11 139 19 3.5288
11 140 75 19.7654
11 141 346 75.2882
11 142 156 35.1446
11 143 2724 615.6423
11 144 747 182.7413
11 145 114 24.0195
11 146 1 0.1989
11 147 928 269.7991
11 148 1287 322.0802
11 149 26 5.4283
11 150 339 70.9937
11 151 35 6.8654
11 152 24 5.0077
11 153 23 4.3532
11 154 402 84.9229
11 155 62 11.5598
11 156 60 11.3237
11 158 54 9.5133
11 160 288 58.5073
11 161 20 3.8209
11 162 946 245.2747
11 163 6 1.1462
11 164 268 61.0495
11 165 458 81.1516
11 166 1782 425.6939
11 167 256 66.3972
11 168 2407 568.3083
11 169 23 4.4031
11 170 811 182.5991
11 171 448 97.7773
11 172 292 64.1608
11 173 81 19.5889
11 174 138 28.6358
11 175 2460 574.6357
11 176 83 15.9921
11 177 6 1.4419
11 178 17 3.1232
11 179 88 17.1382
11 180 2633 638.0147
11 181 234 58.6208
11 182 142 29.0762
11 183 52 11.6345
11 184 93 17.1504
11 185 42 8.3099
11 186 6 0.9928
11 187 39 8.5684
11 188 1 0.2058
11 189 1613 404.2141
11 190 198 49.0158
11 191 161 35.2889
11 192 690 162.2988
11 193 4 0.7669
11 194 93 18.6068
11 195 1318 354.2366
11 196 57 10.8480
11 197 33 5.6879
11 198 611 139.2196
11 199 19 4.3632
11 200 64 18.9886
11 201 137 30.6884
11 202 19 4.0354
11 203 2365 619.3948
11 204 20 3.5219
11 205 67 14.3957
11 206 6 1.0969
11 207 26 6.4191
11 208 310 71.6046
11 209 811 208.5724
11 210 133 26.4961
11 211 46 9.8575
11 212 366 92.4739
11 213 84 17.2930
11 214 203 35.2638
11 215 150 32.7118
11 216 1603 377.6087
11 217 2 0.4188
11 218 130 29.4541
11 219 1 0.2160
11 220 466 111.7772
11 221 2898 711.3774
11 222 56 10.8411
11 223 26 5.1976
11 224 129 35.3692
11 225 1335 319.4376
11 226 1260 301.6694
11 227 2875 721.0541
11 228 7 1.3572
11 229 1 0.2346
11 230 1994 461.0181
11 231 1317 309.9373
11 232 11 2.5493
11 233 5036 1500.3714
11 234 59 10.9175
11 235 933 216.1327
11 236 134 26.5123
11 237 403 96.4513
11 238 2 0.4166
11 239 125 32.0071
11 240 46 8.8022
11 241 121 22.1034
11 242 138 34.8152
11 243 187 50.6769
11 244 192 40.7133
11 245 48 10.3313
11 246 82 15.1318
11 247 47 9.5524
11 248 16 3.4160
11 249 17 4.2500
11 250 121 22.0500
11 251 28 8.1827
11 252 236 60.6589
11 253 105 26.3250
11 254 86 20.9350
11 255 1859 420.6520
11 256 239 54.3352
11 257 37 6.9557
11 258 42 9.2027
11 259 1164 288.4839
11 260 90 20.2560
11 261 41 11.8006
11 262 3038 707.3056
11 263 27 7.5848
11 265 246 54.2323
11 266 111 25.4739
11 267 101 19.3138
11 268 10 1.9163
11 269 161 43.3947
11 270 593 141.7020
11 271 3475 726.9773
11 272 1 0.2505
11 273 227 61.5041
11 274 2 0.4571
11 275 104 26.7470
11 276 25 5.1060
11 277 150 27.8817
11 278 26 6.1584
11 279 301 69.1420
11 280 375 94.0814
11 281 143 25.7675
11 282 252 50.7887
11 283 232 60.6018
11 284 121 29.7026
11 285 46 11.9758
11 286 4060 1026.5349
11 287 91 21.0195
11 288 827 184.6123
11 289 510 125.1634
11 290 923 235.4078
11 291 34 7.5526
11 292 50 9.5962
11 293 45 8.8275
11 294 4049 1074.8027
11 295 183 54.2456
11 296 6 1.2646
11 297 212 55.7558
11 298 32 7.4002
11 299 24 4.7345
11 301 30 5.3233
11 302 377 91.1983
11 303 62 11.7214
11 304 717 181.0081
11 305 41 7.5980
11 306 533 116.3593
11 307 335 76.4445
11 308 713 178.2788
11 309 307 64.4195
11 310 592 143.7251
11 311 13 2.6060
11 313 822 208.5991
11 314 755 150.5023
11 315 35 8.8264
11 316 38 6.5293
11 317 110 22.0486
11 319 513 105.8669
11 320 442 104.2500
11 321 219 50.1677
11 322 5 0.8469
11 323 36 7.1927
11 324 22 4.0166
11 325 36 11.1589
11 326 776 162.8240
11 327 1105 273.3283
11 328 374 85.2145
11 329 106 27.5627
11 330 651 137.5513
11 331 220 41.9649
11 332 703 194.4445
11 333 2 0.3383
11 334 19 3.9406
11 335 41 7.8701
11 336 45 7.8025
11 337 175 45.0387
11 338 1570 330.7544
11 339 104 24.2758
11 340 159 33.0957
11 341 140 29.5524
11 342 1 0.2264
11 343 1815 490.5427
11 344 255 48.6755
11 345 13990 4107.1308
11 346 1751 457.4418
11 347 25 4.7845
11 348 15 3.8779
11 349 1096 270.0139
11 350 1 0.2242
11 351 502 105.1344
11 353 304 75.9386
11 354 198 48.1086
11 355 452 107.3900
11 356 487 127.9268
11 357 1984 519.2883
11 358 25 4.3755
11 359 248 58.0728
11 360 27 5.1201
11 361 89 17.2037
11 362 54 9.7336
11 363 1294 351.0562
11 364 2 0.3992
11 365 265 56.9347
11 366 101 19.7516
11 367 2231 817.8224
11 368 14 2.7799
11 369 991 265.1443
11 370 37 8.7658
11 371 97 18.8914
11 372 2 0.4487
11 373 43 7.7917
11 374 136 31.3798
11 375 262 52.9223
11 376 166 45.6067
11 377 200 37.3366
11 378 125 24.0538
11 379 2275 608.5083
11 380 157 32.8349
11 381 57 10.5385
11 382 15 3.6183
11 383 3 0.5643
12 0 27 6.2973
12 1 5 1.0403
12 2 74 15.9591
12 3 134 24.8703
12 4 74 14.0991
12 5 1040 256.0011
12 6 254 66.5455
12 7 17 4.1261
12 8 1143 292.7022
12 9 129 23.9425
12 10 156 38.3480
12 11 119 27.8114
12 12 332 85.8813
12 13 4 0.8740
12 14 47 11.4364
12 15 1 0.2257
12 16 732 171.3986
12 17 632 134.6214
12 18 1738 428.5599
12 19 134 25.9508
12 20 140 35.7397
12 21 42 8.8140
12 22 201 38.7541
12 23 63 12.7402
12 24 4 0.6962
12 25 1774 402.2382
12 26 21 3.3289
12 27 518 137.9838
12 28 9 2.1062
12 29 30 7.3813
12 30 62 16.8786
12 31 936 212.6338
12 32 645 179.2408
12 33 248 61.2911
12 34 743 155.6211
12 35 408 100.6951
12 36 58 17.4848
12 37 22 4.7136
12 38 487 102.2702
12 39 793 193.6422
12 40 120 28.4641
12 41 503 108.9040
12 42 2343 673.0595
12 43 5 0.8826
12 44 229 59.2328
12 45 115 22.5757
12 46 165 38.3975
12 47 209 41.1500
12 48 612 125.9357
12 49 15 3.2151
12 50 37 6.5312
12 51 35 7.6824
12 52 97 20.3197
12 53 254 63.2101
12 54 61 14.3983
12 55 2050 507.8624
12 56 18 3.7278
12 57 130 27.3838
12 58 1685 426.5569
12 59 200 42.5026
12 60 281 51.7681
12 61 4 0.8053
12 62 370 88.9859
12 63 120 26.5092
12 64 150 43.3443
12 65 39 9.0698
12 66 319 71.4764
12 67 3714 953.5108
12 68 47 9.2462
12 69 581 145.7775
12 70 24 4.8889
12 71 158 37.8445
12 72 29 7.4828
12 73 48 9.3691
12 74 180 39.9941
12 75 44 11.5831
12 76 183 37.6619
12 77 351 90.7306
12 78 81 16.5560
12 79 12 2.7265
12 80 39 7.2651
12 81 1564 425.2911
12 82 119 23.9061
12 83 227 51.3391
12 84 4 0.7176
12 85 1510 408.9761
12 86 704 171.7131
12 87 813 196.0096
12 88 3256 1040.8360
12 89 12 2.4648
12 90 1918 532.1471
12 91 26 5.5765
12 92 113 27.8300
12 93 37 8.9069
12 94 18 4.9392
12 95 6156 1624.1819
12 96 93 21.6749
12 97 48 9.3296
12 98 9 2.1473
12 99 101 18.2885
12 100 1470 425.1748
12 101 51 12.9859
12 102 2868 689.8640
12 103 93 17.3376
12 104 255 58.7741
12 105 1249 321.9776
12 106 192 41.9182
12 107 199 40.7576
12 108 6 1.5257
12 109 1649 496.6697
12 110 402 87.4601
12 111 103 28.6128
12 112 27 6.5472
12 113 89 16.4096
12 114 49 10.3547
12 115 11 2.2716
12 116 616 148.0913
12 117 67 14.5112
12 118 1542 391.5610
12 119 105 21.1327
12 120 400 77.0758
12 121 283 76.2820
12 122 662 149.3344
12 123 942 250.2087
12 124 860 215.2820
12 125 849 190.4415
12 126 1694 403.2251
12 127 142 33.0662
12 128 1705 519.3699
12 129 115 28.0811
12 130 140 26.9278
12 131 54 11.5497
12 132 92 18.9829
12 133 322 71.4543
12 134 2817 717.5486
12 135 38 7.5149
12 136 77 14.6339
12 137 541 129.6572
12 138 807 195.7484
12 139 2192 572.9303
12 140 149 34.0531
12 141 2134 559.7518
12 142 411 77.7946
12 143 22 4.8490
12 144 96 17.8309
12 145 276 54.4896
12 146 52 10.8739
12 147 75 15.6060
12 148 9 1.6542
12 149 58 11.6221
12 150 121 29.1481
12 151 2103 561.5133
12 152 425 85.0428
12 153 49 9.2984
12 154 64 14.1736
12 155 1090 258.5337
12 156 110 22.1992
12 157 60 11.7495
12 158 315 73.7338
12 159 1645 375.1684
12 160 5 1.0950
12 161 1436 329.1238
12 162 4 0.7995
12 163 43 8.9290
12 165 1523 386.1740
12 166 35 6.8050
12 167 867 236.5387
12 168 54 15.7870
12 169 1544 372.7181
12 170 107 20.0648
12 171 1173 248.3041
12 172 186 38.6964
12 173 636 165.4664
12 174 1955 470.4724
12 175 127 30.3204
12 176 426 105.1785
12 177 18 4.4309
12 178 1 0.2065
12 179 154 31.5831
12 180 4018 945.0827
12 181 21 5.3365
12 182 455 109.2351
12 183 570 125.5156
12 184 1 0.2070
12 185 1 0.2651
12 186 209 45.5490
12 187 40 11.9377
12 188 428 100.4375
12 189 1361 370.6904
12 190 4 0.9333
12 191 543 105.0263
12 192 106 25.4474
12 193 36 7.5029
12 194 771 195.6783
12 195 348 76.3322
12 196 580 140.4808
12 197 31 5.8467
12 198 1219 299.0202
12 199 67 13.4113
12 200 1012 236.2517
12 201 183 33.9398
12 202 178 37.9754
12 203 30 6.6881
12 204 76 13.8611
12 205 4 0.7995
12 206 29 7.2849
12 207 2335 560.1568
12 208 1355 385.9150
12 209 266 66.9399
12 210 876 191.0846
12 211 709 149.8245
12 212 425 133.3727
12 213 182 40.8002
12 214 157 34.1981
12 215 111 25.3709
12 216 70 14.1912
12 217 236 54.0520
12 218 67 14.9693
12 219 166 37.1827
12 220 4 0.9486
12 221 3757 1075.2490
12 222 328 89.6854
12 223 701 173.4144
12 224 45 11.8107
12 225 62 14.6121
12 226 32 6.1076
12 227 402 81.4890
12 228 101 22.1882
12 229 145 34.3764
12 230 317 81.8736
12 231 214 55.2318
12 232 2 0.3547
12 233 12 3.3332
12 234 32 5.6119
12 235 272 62.7898
12 236 214 47.5640
12 237 264 52.4344
12 238 30 6.0095
12 239 553 131.3019
12 240 442 105.7675
12 241 15 3.0057
12 242 669 146.0362
12 243 1046 231.0172
12 244 1 0.2534
12 245 184 34.8334
12 246 775 182.9410
12 247 194 41.1065
12 248 91 23.0317
12 249 323 74.2051
12 250 18 3.6238
12 251 97 25.0071
12 252 626 147.6838
12 253 166 40.1348
12 254 154 34.3594
12 255 377 87.5103
12 256 71 13.7638
12 257 68 12.3454
12 258 34 6.2331
12 259 105 20.1834
12 260 27 4.7519
12 261 1422 331.0051
12 262 3082 751.2816
12 263 481 122.6183
12 264 370 82.0804
12 265 1234 299.7297
12 266 190 38.7069
12 267 57 14.0624
12 268 21 3.9904
12 269 94 23.8174
12 270 102 19.9003
12 271 481 110.3565
12 272 417 109.3833
12 273 16 3.6080
12 274 42 7.3890
12 275 68 17.7924
12 276 147 39.9315
12 277 426 80.5888
12 278 1179 308.2306
12 279 1656 472.4733
12 280 880 225.4702
12 281 1 0.1971
12 282 9 2.0073
12 283 776 203.2308
12 284 59 13.9836
12 285 157 26.6989
12 286 1 0.1965
12 287 1982 500.2362
12 288 176 42.8703
12 289 5 1.2621
12 290 50 12.3851
12 291 1227 296.6521
12 292 99 22.7376
12 293 453 99.1548
12 294 127 28.0583
12 295 365 97.0036
12 296 22 6.3376
12 297 25 5.5306
12 298 143 36.5562
12 299 73 15.3095
12 300 476 113.6687
12 301 789 162.8587
12 302 221 56.9427
12 303 5 0.9908
12 304 10 1.9541
12 305 1221 254.8552
12 306 2278 610.5112
12 307 379 95.6335
12 308 1132 296.9964
12 309 4 0.7659
12 310 49 9.9981
12 311 584 151.1851
12 312 847 215.1136
12 313 5 1.0205
12 314 566 130.9239
12 315 4 0.9078
12 316 5930 1543.6608
12 317 736 159.1575
12 318 36 7.0138
12 319 118 27.1852
12 320 379 86.5377
12 321 26 7.0500
12 322 15 3.0934
12 323 73 14.7680
12 324 167 35.9044
12 325 559 117.8237
12 326 845 172.5921
12 327 19 4.6682
12 328 177 41.7254
12 329 1414 329.3823
12 330 171 32.5668
12 331 2911 869.4732
12 332 526 118.6768
12 333 1253 394.3055
12 334 678 145.0155
12 335 89 24.9054
12 336 82 18.4760
12 337 915 241.4673
12 338 659 154.5544
12 339 736 196.1972
12 340 2627 710.5300
12 341 89 16.3176
12 342 19 3.5895
12 343 91 20.8687
12 344 5 1.0078
12 345 4265 1258.8760
12 346 20 3.6922
12 347 8 1.9716
12 348 302 62.6354
12 349 1763 444.9075
12 350 415 94.1722
12 351 21 4.3851
12 352 2 0.2926
12 353 9 1.6321
12 354 541 158.0297
12 355 24 5.1491
12 356 40 9.7067
12 357 165 34.0838
12 358 872 194.4099
12 359 123 25.7283
12 360 71 14.1374
12 361 117 27.4092
12 362 938 223.9514
12 363 35 6.5909
12 364 69 13.5510
12 365 2 0.3465
12 366 328 79.9201
12 367 134 25.4535
12 368 17 3.2696
12 369 559 162.7446
12 370 23 4.4056
12 371 64 12.9439
12 372 1211 254.9327
12 373 20 4.4885
12 374 85 16.2216
12 375 11 2.5524
12 376 354 78.4568
12 377 83 19.1682
12 378 2 0.3926
12 379 746 189.6602
12 380 369 90.5907
12 381 738 188.6398
12 382 144 33.9286
12 383 334 65.1669
13 0 103 24.2865
13 1 532 164.2394
13 2 184 50.2968
13 3 201 39.5115
13 4 325 78.3192
13 5 952 230.1398
13 6 1378 374.0082
13 7 8 1.5209
13 8 125 28.9307
13 9 959 252.6428
13 10 3784 879.5204
13 11 221 59.2049
13 12 1241 273.6622
13 13 98 22.5060
13 14 26 5.6330
13 15 2308 550.9843
13 16 273 53.8820
13 17 21 3.6583
13 18 183 45.8013
13 19 379 97.9613
13 20 180 47.6270
13 21 818 202.0247
13 22 45 8.7167
13 23 119 36.3568
13 24 71 20.9716
13 25 77 15.4480
13 26 136 36.5966
13 27 211 46.9564
13 28 333 74.5065
13 29 1440 362.7549
13 30 73 14.3267
13 31 219 46.8729
13 32 89 17.6205
13 33 80 21.8006
13 34 2238 559.9494
13 35 134 31.2968
13 36 874 215.1568
13 37 12 2.1281
13 38 125 26.4516
13 39 1068 267.3709
13 40 110 33.9395
13 41 1810 502.5248
13 42 66 17.3487
13 43 201 45.0888
13 44 1530 382.8411
13 45 822 188.6396
13 46 833 217.3662
13 47 224 47.8866
13 48 462 108.2738
13 49 436 96.9181
13 50 185 51.6167
13 51 35 9.6080
13 52 43 7.4756
13 53 150 30.9661
13 54 2577 685.5893
13 55 23 4.5497
13 56 125 28.9250
13 57 2159 546.9088
13 58 400 99.4756
13 59 85 18.6358
13 60 833 205.8446
13 61 297 62.9185
13 62 327 70.0916
13 63 1182 250.9553
13 64 298 63.5843
13 65 32 7.6095
13 66 64 19.9610
13 67 42 10.1766
13 68 35 6.5338
13 69 1856 504.6568
13 70 448 100.9464
13 71 2828 637.0112
13 72 23 4.6495
13 73 766 174.1465
13 74 27 5.8134
13 75 79 16.5705
13 76 622 135.1447
13 77 76 18.2342
13 78 754 214.9154
13 79 252 51.4134
13 80 4 0.8219
13 81 46 8.5897
13 82 34 10.7428
13 83 1767 352.7433
13 84 24 4.9412
13 85 23 4.2601
13 86 682 204.3426
13 87 116 33.2447
13 88 334 79.1871
13 89 1655 404.9669
13 90 303 65.7263
13 91 234 57.7605
13 92 1523 388.1675
13 93 452 91.8601
13 94 1804 433.8541
13 95 660 145.6060
13 96 514 108.4315
13 97 320 64.8391
13 98 73 16.9359
13 99 588 134.6118
13 100 13 2.3430
13 101 1488 450.6615
13 102 49 9.2512
13 103 54 9.3705
13 104 654 152.8005
13 105 464 112.6003
13 106 356 96.2569
13 107 13 2.4496
13 108 119 24.3179
13 109 1657 471.2670
13 110 264 60.3327
13 111 154 32.7396
13 112 63 14.5722
13 113 27 6.5265
13 114 1572 388.8752
13 115 989 263.5740
13 116 253 48.9631
13 117 14 3.3119
13 118 305 58.2632
13 119 2 0.3611
13 120 697 171.5149
13 121 398 86.1421
13 122 128 30.0116
13 123 50 12.0018
13 124 338 73.5589
13 125 51 10.0763
13 126 52 13.0362
13 127 293 73.8078
13 128 836 210.4616
13 129 190 37.7676
13 130 127 24.5459
13 131 15 3.4227
13 132 1850 524.2517
13 133 248 57.6151
13 134 40 7.5448
13 135 6 1.1626
13 136 507 102.9667
13 137 176 45.9968
13 138 52 9.7838
13 139 21 4.3477
13 140 12 2.5592
13 141 160 37.8337
13 142 544 116.8436
13 143 1366 528.0540
13 144 42 8.7735
13 145 130 27.0061
13 146 128 26.8322
13 147 123 33.7209
13 148 158 37.7140
13 149 40 9.6437
13 150 663 170.1894
13 151 200 47.4952
13 152 91 20.0640
13 153 59 13.8280
13 154 86 22.0124
13 155 32 6.2840
13 156 80 15.2985
13 157 7335 1754.7502
13 158 979 234.4493
13 159 1183 328.3849
13 160 179 38.1559
13 161 643 132.8061
13 162 101 18.7765
13 163 72 13.7357
13 164 19 5.4166
13 165 269 54.3433
13 166 61 15.8374
13 167 164 37.3942
13 168 121 27.5638
13 169 38 11.5056
13 170 179 34.0051
13 171 21 4.0775
13 172 75 14.9536
13 173 67 11.7130
13 174 94 22.3118
13 175 185 45.6659
13 176 1027 225.0858
13 177 664 156.6156
13 178 986 220.7441
13 179 68 13.4211
13 180 864 218.3857
13 181 207 41.3421
13 182 161 38.3619
13 183 719 199.0883
13 184 108 20.9720
13 185 154 29.5038
13 186 1 0.2504
13 187 416 98.0298
13 188 7601 2002.4828
13 189 103 19.9440
13 190 183 53.2619
13 191 426 100.9897
13 192 683 193.9446
13 193 751 271.0260
13 194 202 46.1828
13 195 2177 480.7634
13 196 3 0.3900
13 197 225 48.2689
13 198 204 44.6737
13 199 767 202.2478
13 200 73 14.2693
13 201 151 35.6837
13 202 85 18.8234
13 203 508 115.2831
13 204 90 21.2360
13 205 1891 462.8489
13 206 191 43.6234
13 207 680 168.4707
13 208 128 24.8774
13 209 144 34.2557
13 210 1430 353.3053
13 211 102 20.9237
13 212 113 35.4548
13 213 39 7.7829
13 214 146 29.3542
13 215 1021 233.2939
13 216 148 29.8580
13 217 34 10.1728
13 218 1128 235.5021
13 219 756 154.8196
13 220 486 131.2485
13 221 208 45.5853
13 222 124 31.9373
13 223 237 54.7508
13 224 81 16.0062
13 225 586 144.9040
13 226 87 20.1070
13 227 472 106.3470
13 228 146 29.3651
13 229 28 5.2661
13 230 903 309.6054
13 231 26 4.5542
13 232 85 20.9978
13 233 16 3.3387
13 234 131 28.4607
13 235 1718 453.2470
13 236 36 7.9152
13 237 251 51.5816
13 238 89 17.4068
13 239 65 13.6395
13 240 40 8.0978
13 241 204 37.9359
13 242 121 22.8000
13 243 1201 290.6521
13 244 17 3.5571
13 245 435 91.0070
13 246 845 176.5845
13 247 149 32.8517
13 248 1158 275.6149
13 249 2348 730.1176
13 250 126 34.5037
13 251 2061 546.7759
13 252 197 41.4368
13 253 158 41.5159
13 254 174 37.3427
13 255 313 70.7298
13 256 96 17.1489
13 257 41 7.2428
13 258 717 150.9601
13 259 807 173.5614
13 260 1002 247.7957
13 261 99 21.4421
13 262 219 44.2948
13 263 323 67.3840
13 264 168 33.1288
13 265 844 180.2189
13 266 1178 437.2961
13 267 95 20.3258
13 268 13 2.5609
13 269 65 14.4066
13 270 66 12.9323
13 271 1491 447.1973
13 272 2210 557.9055
13 273 45 10.1355
13 274 130 35.3893
13 275 9 1.8348
13 276 42 8.6118
13 277 22 4.6507
13 278 106 24.6335
13 279 1667 437.6235
13 280 1584 401.3992
13 281 802 233.7753
13 282 50 9.2998
13 283 32 6.6265
13 284 59 12.8121
13 285 3075 820.4962
13 286 72 19.9496
13 287 284 75.6010
13 288 82 22.8940
13 289 79 15.3456
13 290 48 9.9188
13 291 314 64.8329
13 292 72 18.9133
13 293 1936 507.5704
13 294 101 19.7202
13 295 88 19.3927
13 296 24 5.6922
13 297 148 35.9652
13 298 514 128.8943
13 299 78 14.5827
13 300 139 29.2751
13 301 29 5.3714
13 303 169 40.1288
13 304 333 71.3221
13 305 454 109.1344
13 306 1462 384.5266
13 307 22 4.2804
13 308 87 16.7786
13 309 226 62.4071
13 310 1249 337.7847
13 311 376 94.4404
13 312 87 19.3535
13 313 473 120.3044
13 314 184 47.4876
13 315 982 216.1872
13 316 940 237.3331
13 317 2 0.3418
13 318 4360 1091.3964
13 319 398 100.7332
13 320 4 0.8212
13 321 13 2.8446
13 322 1505 311.8256
13 323 56 12.6139
13 324 685 165.1511
13 325 49 9.3350
13 326 1035 290.8738
13 327 89 20.7187
13 328 266 54.3103
13 329 45 8.7212
13 330 12 2.3639
13 331 361 68.4157
13 332 76 14.7160
13 333 470 101.7261
13 334 81 15.2066
13 335 884 204.5731
13 336 4034 1237.2695
13 337 583 142.1250
13 338 696 188.1891
13 339 17 3.0604
13 340 439 92.4671
13 341 109 19.9103
13 342 236 48.3391
13 343 47 9.4249
13 344 157 35.2350
13 345 2127 553.2914
13 346 36 8.7939
13 347 77 18.1214
13 348 120 31.7671
13 349 6 1.2978
13 350 32 6.3923
13 351 95 19.2268
13 352 116 24.7547
13 353 968 262.5436
13 354 17 3.0141
13 355 151 31.1478
13 356 130 29.5763
13 357 179 34.7617
13 358 97 21.0531
13 359 333 71.4722
13 360 825 205.9639
13 361 290 64.4175
13 362 21 3.9660
13 363 1754 537.2925
13 364 87 18.6287
13 365 5 0.8968
13 366 136 29.2911
13 367 195 44.2867
13 368 361 74.1605
13 369 83 23.0801
13 370 676 154.5761
13 371 170 50.7605
13 372 85 27.8584
13 373 121 24.2041
13 374 572 129.9982
13 375 99 18.5096
13 376 1016 244.3340
13 377 290 66.4949
13 378 252 60.9020
13 379 12 2.7853
13 380 145 43.4642
13 381 1337 396.1326
13 382 6 1.0980
13 383 94 19.0874
14 0 22 5.5665
14 1 263 66.0671
14 2 456 110.4530
14 3 743 183.9072
14 4 2 0.3899
14 5 673 155.0224
14 6 87 21.1863
14 7 1 0.1187
14 8 6 1.0697
14 9 17 3.2922
14 10 112 25.8552
14 11 315 79.9833
14 12 109 20.7368
14 13 91 19.0345
14 14 256 58.0844
14 15 41 8.2611
14 16 1029 271.8900
14 17 270 63.1066
14 18 2749 728.6263
14 19 736 148.8253
14 20 69 14.7542
14 21 5 1.2605
14 22 50 17.4451
14 23 131 27.7557
14 24 87 17.9857
14 25 54 14.9709
14 26 2193 539.2034
14 27 1615 378.2749
14 28 1083 265.8512
14 29 114 27.3222
14 30 979 244.1691
14 31 1446 373.9371
14 32 62 16.0007
14 33 49 10.3441
14 34 179 32.7133
14 35 751 155.7563
14 36 184 36.6796
14 37 1433 368.2380
14 38 24 4.7003
14 39 50 11.4561
14 40 63 14.7852
14 41 35 6.2574
14 42 47 9.1243
14 43 2315 700.2403
14 44 191 47.3247
14 45 332 83.0252
14 46 58 15.0696
14 47 56 11.1673
14 48 975 234.6254
14 49 122 23.7919
14 50 18 3.3654
14 51 741 187.1776
14 52 36 9.0814
14 53 32 6.8558
14 54 228 49.7823
14 55 5 1.0021
14 56 101 23.6725
14 57 2820 648.6971
14 58 342 88.7558
14 59 112 24.7092
14 60 475 101.4371
14 61 82 21.7086
14 62 205 37.1000
14 63 120 31.9355
14 64 1900 377.7606
14 65 16 3.5331
14 66 21 5.6099
14 67 1251 330.6236
14 68 4 1.0402
14 69 1842 460.9250
14 70 366 86.6703
14 71 252 53.5179
14 72 18 4.4196
14 73 101 22.6732
14 74 236 57.0764
14 75 122 25.0888
14 76 822 182.4081
14 77 703 166.1974
14 78 35 7.6490
14 79 325 54.7191
14 80 43 9.9671
14 81 50 10.2968
14 83 23 5.5906
14 84 2090 616.5922
14 85 124 37.6507
14 86 131 27.5813
14 87 20 4.4072
14 88 151 33.8894
14 89 20 4.3624
14 90 198 49.7445
14 91 153 28.3446
14 92 296 73.2683
14 93 415 114.2981
14 94 46 11.0849
14 95 1 0.2135
14 96 495 136.1452
14 97 14 2.9129
14 98 1917 500.5497
14 99 623 134.4100
14 100 45 11.6021
14 102 34 7.3270
14 103 137 34.0832
14 104 416 86.6849
14 105 2 0.5056
14 106 156 31.2981
14 107 345 81.3338
14 108 89 17.7985
14 109 525 121.5153
14 110 142 32.7886
14 111 12 2.3493
14 112 200 40.3405
14 113 46 11.1340
14 114 117 53.2540
14 116 16 4.1517
14 117 77 14.2388
14 118 389 84.1917
14 119 20 3.4211
14 120 12 2.3597
14 121 6 1.0898
14 122 496 119.2548
14 123 36 7.1695
14 124 312 71.4592
14 125 17 3.2583
14 126 76 16.9140
14 127 37 8.4295
14 128 451 101.7250
14 129 240 57.6723
14 130 5 1.1416
14 131 760 165.6231
14 132 15 3.6141
14 133 55 9.6985
14 134 95 23.0613
14 135 13841 3564.6105
14 136 343 68.1010
14 137 533 111.9269
14 138 55 11.9565
14 139 1300 326.6150
14 140 24 3.9645
14 141 8 1.6287
14 142 9 2.1406
14 144 143 25.3716
14 145 780 190.6509
14 146 1052 227.6103
14 147 15 3.4095
14 148 89 19.2080
14 149 126 26.7537
14 151 981 245.8770
14 152 70 16.0645
14 153 74 21.8652
14 154 23 4.2521
14 155 40 9.0450
14 156 1 0.1992
14 157 886 191.5774
14 158 370 82.3694
14 159 869 176.0523
14 160 25 5.6655
14 161 275 57.3291
14 162 1359 336.3357
14 163 62 13.6065
14 164 135 30.9321
14 165 2949 780.7839
14 166 117 24.3204
14 167 116 25.9770
14 168 19 4.2563
14 169 77 20.7549
14 170 1482 409.4964
14 171 436 140.4657
14 172 966 275.1319
14 173 1021 245.6751
14 175 24 4.9188
14 176 18 3.7377
14 177 9 2.0619
14 178 6 1.0897
14 179 1024 250.4703
14 180 68 14.6054
14 181 252 58.6207
14 182 74 16.8968
14 183 66 15.6015
14 184 57 10.4152
14 185 39 6.8285
14 186 47 8.2547
14 187 37 6.6544
14 188 1 0.3432
14 189 2784 734.3568
14 190 81 19.8723
14 191 32 5.5987
14 192 670 165.6660
14 193 1194 299.4429
14 194 57 11.6877
14 195 96 20.5115
14 196 366 79.0578
14 197 470 111.0967
14 198 13 2.5470
14 199 1532 367.7062
14 200 70 14.4626
14 201 686 173.1797
14 202 41 10.6496
14 203 661 147.8640
14 204 1119 281.1883
14 205 144 27.9855
14 206 39 8.8113
14 207 118 21.9571
14 208 3 0.5486
14 209 389 99.6837
14 210 578 116.3986
14 211 34 6.7429
14 212 4937 1635.0494
14 213 731 174.7117
14 214 94 23.4440
14 215 27 6.1088
14 216 1989 441.7092
14 217 1986 500.5925
14 218 85 18.8088
14 219 117 23.2079
14 220 1 0.1911
14 221 95 22.2854
14 222 23 4.5332
14 223 303 72.0285
14 224 98 19.1520
14 225 120 22.7247
14 226 7683 1786.4014
14 227 225 44.4113
14 228 2669 811.6774
14 229 426 109.6418
14 230 174 39.9345
14 231 587 131.9609
14 232 1100 295.4461
14 233 149 33.8783
14 234 872 205.9147
14 235 38 8.7757
14 236 103 18.9300
14 237 831 228.0751
14 238 1669 441.9157
14 239 963 220.5566
14 240 200 51.0186
14 241 62 17.2578
14 242 621 180.9689
14 243 381 98.3028
14 244 545 121.1534
14 245 1059 267.3287
14 246 1 0.1977
14 247 5 1.1555
14 248 493 117.2272
14 249 86 16.7386
14 250 45 12.2665
14 251 1520 340.2319
14 252 1486 356.7070
14 253 9 1.5307
14 254 2600 616.5094
14 255 1699 461.0304
14 256 2967 748.1718
14 257 36 8.6729
14 258 31 9.2061
14 259 92 23.8083
14 261 263 50.3693
14 262 116 28.6291
14 263 1272 335.5990
14 264 5 1.0256
14 265 1741 459.0968
14 267 262 52.6741
14 268 14 2.9030
14 269 31 6.4588
14 270 54 12.1202
14 271 12 2.1471
14 272 46 10.6670
14 273 185 43.7981
14 274 37 7.3941
14 275 57 12.3308
14 276 28 5.8570
14 277 438 113.6775
14 278 324 69.6843
14 279 338 86.4646
14 280 103 24.2538
14 281 36 7.1344
14 282 11 2.7212
14 283 117 28.6288
14 284 462 101.9216
14 285 11 2.2931
14 286 121 22.9634
14 287 1597 449.9702
14 288 234 45.0014
14 289 122 28.9792
14 290 47 9.6641
14 291 257 57.0729
14 292 8 2.0561
14 293 7 1.3825
14 294 1136 260.7773
14 295 72 17.6013
14 297 8 1.2710
14 298 47 9.6709
14 299 1078 253.2940
14 300 60 11.5661
14 301 239 52.4970
14 302 426 89.9715
14 303 2126 538.4553
14 304 652 134.4996
14 305 73 16.4183
14 306 430 97.4613
14 307 1137 273.1667
14 308 447 95.5948
14 309 131 31.1140
14 310 433 105.3801
14 311 129 38.4091
14 312 150 33.6087
14 313 78 17.4961
14 314 4 0.7614
14 315 260 67.6314
14 316 777 268.4889
14 317 285 74.7083
14 318 2180 594.1492
14 319 141 29.5560
14 320 5 0.9071
14 321 2152 602.0266
14 322 11 2.5576
14 323 1488 385.1351
14 324 366 90.2990
14 325 145 32.6412
14 326 39 9.4730
14 327 310 72.5705
14 329 181 41.1420
14 330 1775 416.1523
14 331 207 61.6861
14 332 1385 334.7767
14 333 165 39.8723
14 334 39 7.6549
14 335 203 38.9045
14 336 60 10.8554
14 337 138 32.0676
14 339 37 7.2224
14 340 57 12.1655
14 341 45 8.8556
14 342 493 111.2804
14 343 1304 308.6938
14 344 188 39.0005
14 345 1219 317.3618
14 346 3941 1130.2423
14 347 850 238.7383
14 348 6 1.2199
14 349 425 106.4190
14 350 18 4.2780
14 351 411 83.8993
14 352 174 43.4795
14 353 174 51.1876
14 354 638 193.5581
14 355 57 16.3817
14 356 88 19.2601
14 357 891 235.3057
14 358 393 88.3963
14 359 1204 236.2191
14 360 16 3.2729
14 361 1037 240.3428
14 362 7 1.3740
14 363 444 96.8079
14 364 121 27.9487
14 365 403 100.2489
14 366 17 4.1216
14 367 54 13.7288
14 368 1137 240.5995
14 369 53 9.5568
14 370 143 30.3143
14 371 185 66.4774
14 372 303 59.8998
14 373 1085 336.3760
14 374 14 2.3881
14 375 3244 774.7829
14 376 729 189.8757
14 377 49 12.0419
14 378 702 187.7218
14 379 64 14.3008
14 380 448 119.9764
14 381 57 14.5707
14 382 13 2.9757
14 383 697 168.2564
15 0 4027 1088.9764
15 1 458 114.9631
15 2 117 24.7902
15 3 541 101.0734
15 4 14 2.5542
15 5 42 8.1721
15 6 468 96.1129
15 7 81 17.8544
15 8 2803 579.9605
15 9 86 28.9197
15 10 144 28.6427
15 11 92 20.1684
15 12 130 26.8352
15 13 983 211.3919
15 14 1003 340.6688
15 15 375 87.5975
15 16 274 101.9702
15 17 401 100.3073
15 18 36 9.6775
15 19 91 23.9794
15 20 629 189.6903
15 21 61 19.8119
15 22 1566 421.3409
15 23 239 52.1605
15 24 15 3.3960
15 25 121 26.7754
15 26 5872 1329.3944
15 27 47 8.0375
15 28 1155 243.1920
15 29 91 20.6071
15 30 1 0.1422
15 31 8 1.4301
15 32 48 9.8247
15 33 128 31.6438
15 34 1 0.0895
15 35 469 153.4774
15 36 464 84.5658
15 37 1496 314.1325
15 38 285 62.7827
15 39 126 39.3854
15 40 79 19.0390
15 41 196 65.3620
15 42 609 144.1887
15 43 214 47.1796
15 44 136 33.0207
15 45 86 28.2531
15 46 82 17.3377
15 47 375 123.8756
15 48 54 17.9913
15 49 251 49.3776
15 50 1938 618.8958
15 51 140 25.6954
15 52 81 20.7784
15 53 192 38.5662
15 54 270 77.5889
15 56 11 1.9077
15 57 711 242.1712
15 58 1195 415.0882
15 59 92 20.6842
15 60 67 14.9778
15 61 36 6.5417
15 62 1596 577.6558
15 63 67 12.8368
15 64 87 19.1669
15 65 252 85.8061
15 66 3 0.4834
15 67 36 6.0287
15 68 159 31.7773
15 69 6296 1722.1923
15 70 312 65.2204
15 71 13 2.6075
15 72 3 0.6404
15 73 61 10.8695
15 74 991 204.5355
15 75 621 142.6342
15 76 491 136.8908
15 78 87 15.0625
15 79 92 25.3407
15 80 137 26.3077
15 81 307 63.9986
15 82 442 87.6032
15 83 2706 575.8180
15 85 75 15.9220
15 86 257 79.2483
15 87 1813 618.9934
15 88 460 108.4041
15 89 35 7.2516
15 90 29 5.9099
15 91 560 115.9963
15 92 715 143.2180
15 93 525 138.4717
15 94 104 19.2217
15 95 267 55.5262
15 96 172 40.5125
15 97 1120 235.2879
15 98 443 93.8568
15 99 2197 763.5009
15 100 116 28.2253
15 101 143 28.5952
15 102 206 44.8221
15 103 1248 301.6900
15 104 689 194.1535
15 105 17 2.8416
15 106 46 12.0600
15 107 534 223.7881
15 108 40 8.2299
15 109 89 16.0929
15 110 489 99.6465
15 111 1376 372.1091
15 112 1599 374.3026
15 113 89 16.2728
15 114 857 199.6481
15 115 68 18.4438
15 116 5 0.7796
15 117 3 0.4918
15 118 164 37.9045
15 119 2554 679.1974
15 120 348 72.2956
15 121 1420 311.3760
15 122 117 29.9415
15 123 371 73.4142
15 124 118 26.8369
15 125 419 157.1275
15 126 246 63.0817
15 128 69 13.2070
15 129 155 39.9097
15 130 1512 493.4686
15 131 73 26.1962
15 132 399 102.6583
15 133 2695 737.0725
15 134 47 7.2289
15 135 1616 348.3934
15 136 2744 747.6241
15 137 415 90.8595
15 138 30 6.9489
15 139 558 225.7205
15 140 902 223.2789
15 141 1428 406.8286
15 142 107 21.8435
15 143 140 27.2904
15 144 807 214.4326
15 145 302 58.7538
15 146 1995 566.1920
15 147 225 50.4809
15 148 397 102.7930
15 149 407 78.7889
15 150 140 29.3316
15 151 736 159.0578
15 152 97 25.4895
15 153 236 47.2709
15 154 147 37.5931
15 155 1692 353.9312
15 156 232 52.0245
15 157 560 118.3071
15 158 877 303.9576
15 159 117 40.9293
15 160 153 33.1598
15 161 488 189.5770
15 162 854 199.1595
15 163 115 22.5208
15 164 32 4.4922
15 165 483 101.7208
15 166 104 19.6404
15 167 1671 463.5754
15 168 304 53.3636
15 169 601 152.6266
15 170 1804 456.7124
15 171 797 215.9874
15 172 223 71.8673
15 173 1 0.1517
15 174 1486 380.1445
15 175 21 7.3792
15 176 145 30.4813
15 177 5290 1268.3086
15 178 448 90.9558
15 179 422 123.7836
15 180 110 23.0074
15 181 623 127.5855
15 182 376 98.7877
15 183 129 26.1549
15 184 823 164.2523
15 185 2 0.1911
15 186 80 30.3866
15 187 739 131.5741
15 188 70 16.0728
15 189 46 8.6187
15 190 1036 228.5673
15 191 137 28.3878
15 192 259 49.5785
15 193 137 23.0184
15 194 127 28.6722
15 195 65 18.3481
15 196 1826 504.1645
15 197 59 13.2458
15 198 5 0.6456
15 199 1018 295.9514
15 200 927 176.9740
15 201 523 109.4584
15 202 1189 251.9945
15 203 211 45.1712
15 204 74 13.5256
15 205 59 10.0758
15 206 96 22.9715
15 207 156 33.3352
15 208 417 92.3452
15 209 81 17.3071
15 210 230 45.4544
15 211 135 32.7325
15 212 1019 224.2405
15 213 3632 750.9493
15 214 49 10.0567
15 215 54 10.5469
15 216 17 2.7597
15 217 1071 368.9458
15 218 263 49.3699
15 219 1080 226.2190
15 220 34 8.8300
15 221 238 55.6850
15 222 76 16.9423
15 223 2226 532.7357
15 224 26 6.8494
15 225 22 4.5070
15 226 188 36.0031
15 227 200 39.8188
15 228 308 62.2082
15 229 281 57.8222
15 230 155 31.2956
15 231 37 7.4990
15 232 1833 440.2463
15 233 639 132.4271
15 234 9 1.6027
15 235 952 189.5736
15 236 746 188.4364
15 237 67 11.5677
15 238 12 2.2533
15 239 258 54.7576
15 240 45 8.3721
15 241 11 1.5897
15 242 99 21.5893
15 243 67 12.9687
15 244 9 1.5790
15 245 164 35.3678
15 246 34 7.3397
15 247 75 13.8505
15 248 110 32.7335
15 249 209 71.2470
15 250 960 239.9643
15 251 392 91.9689
15 252 59 10.8766
15 253 24 4.8867
15 254 164 37.1753
15 255 572 181.5566
15 256 32 5.4549
15 257 7 1.7457
15 258 497 157.1402
15 259 46 9.3326
15 260 122 22.1984
15 261 617 128.0302
15 262 18 2.8780
15 263 115 21.2070
15 264 24 4.7029
15 265 389 80.9580
15 266 627 157.7191
15 267 139 30.4609
15 268 1147 229.1596
15 269 607 159.2284
15 270 110 25.4117
15 271 259 53.0899
15 272 564 116.7952
15 273 49 10.0918
15 274 75 25.4382
15 275 26 5.2036
15 276 59 12.8607
15 277 118 22.9331
15 278 24 4.9556
15 279 1 0.3464
15 280 319 73.0621
15 281 434 141.2670
15 282 1255 267.2661
15 283 590 185.7607
15 284 18 3.2760
15 285 118 24.4961
15 286 6 1.0491
15 287 271 55.9829
15 288 176 43.0455
15 289 92 21.9545
15 290 8 1.5805
15 291 616 124.8033
15 292 130 31.5190
15 293 546 145.0450
15 294 38 17.5708
15 295 163 32.3213
15 296 204 34.6072
15 297 98 22.7626
15 298 182 43.5094
15 299 1029 266.6875
15 300 107 19.0585
15 301 377 86.4311
15 302 42 11.8206
15 303 617 124.8990
15 304 184 43.1766
15 305 189 32.1991
15 307 2318 589.6664
15 308 387 141.0719
15 309 135 32.0871
15 310 918 179.8993
15 311 207 41.9619
15 312 151 30.2359
15 313 38 9.7246
15 314 324 65.3347
15 315 656 175.7502
15 316 519 218.3719
15 317 74 15.5291
15 318 58 10.9457
15 319 915 253.8097
15 320 489 119.3496
15 321 758 260.2389
15 322 178 33.2049
15 323 89 15.6946
15 324 80 23.7644
15 325 179 31.9945
15 326 837 259.0949
15 327 136 23.6705
15 328 483 113.8860
15 329 120 24.5125
15 330 147 36.8089
15 331 457 140.0946
15 332 461 87.9541
15 333 46 11.6017
15 334 286 56.2888
15 335 111 22.5578
15 336 47 14.8049
15 337 448 146.8557
15 338 48 11.3425
15 339 724 148.9916
15 341 134 32.0171
15 342 237 70.8948
15 343 254 50.5559
15 344 64 11.0587
15 345 29 4.7516
15 346 331 61.5769
15 348 1037 219.3345
15 349 134 30.7580
15 350 49 8.2724
15 351 181 34.2020
15 352 1576 326.5883
15 353 162 37.8813
15 354 186 54.0405
15 355 146 31.8144
15 356 9930 2535.4099
15 357 809 162.7487
15 358 328 61.0603
15 359 2725 582.3177
15 360 228 55.9849
15 361 1043 332.6294
15 362 326 64.0570
15 363 845 181.7141
15 364 88 17.1226
15 365 95 16.6731
15 366 56 9.6805
15 367 152 39.6969
15 368 99 24.1760
15 369 262 48.9619
15 370 123 30.2223
15 371 55 11.9126
15 372 255 111.7319
15 373 252 54.9287
15 374 52 18.7658
15 375 598 201.8821
15 376 29 9.8266
15 377 203 70.4465
15 378 659 173.3796
15 380 145 29.8066
15 381 317 69.7201
15 382 93 22.1789
15 383 167 39.2742
16 0 492 106.4109
16 1 196 45.8419
16 2 130 27.4921
16 3 658 135.1252
16 4 406 97.6335
16 5 1030 239.5596
16 6 105 24.0238
16 7 2328 684.9136
16 8 743 190.3674
16 9 8 1.6443
16 10 195 47.4327
16 11 1324 339.1131
16 12 135 26.6672
16 13 19 4.0956
16 15 54 11.2152
16 16 24 4.3087
16 17 8 1.6689
16 18 1 0.2308
16 19 1340 309.3307
16 20 2039 514.2612
16 21 219 46.4686
16 22 93 20.4545
16 23 428 101.6196
16 24 40 9.2885
16 25 102 23.5594
16 26 3 0.6234
16 27 1228 314.9682
16 28 3326 878.1396
16 29 337 89.0487
16 30 2396 612.7308
16 31 3 0.8736
16 32 70 14.0874
16 33 34 6.4932
16 34 74 17.3733
16 35 1038 246.4019
16 36 386 104.5262
16 37 148 29.0157
16 38 760 185.9785
16 39 1 0.2114
16 40 123 28.1232
16 41 1507 298.8021
16 42 747 167.7924
16 43 695 191.0867
16 44 81 19.8952
16 45 8 2.0226
16 46 3315 890.0686
16 47 455 115.1682
16 48 647 168.2142
16 49 71 14.8060
16 50 4 1.1705
16 51 40 10.7313
16 52 187 40.6911
16 53 46 9.5303
16 54 290 69.1381
16 55 257 66.8716
16 56 196 42.4268
16 58 345 71.1815
16 59 220 44.6413
16 60 213 47.7794
16 61 674 155.3287
16 62 658 168.7046
16 63 153 32.8060
16 64 29 6.8826
16 65 35 6.8015
16 66 1182 296.6488
16 67 4 0.7890
16 68 855 221.8232
16 69 1 0.1704
16 70 1572 325.7475
16 71 326 78.8765
16 72 210 53.1538
16 73 127 27.9223
16 74 840 200.0745
16 75 157 43.2110
16 77 57 12.2906
16 78 1012 257.0953
16 79 42 8.6830
16 80 61 13.1782
16 81 1 0.2126
16 82 137 26.9765
16 83 250 50.2776
16 84 1621 444.5451
16 85 86 18.6052
16 86 1305 274.3635
16 87 57 11.7960
16 88 251 56.0673
16 89 225 56.9921
16 90 105 22.5902
16 91 9 1.8153
16 92 10 2.0316
16 93 1649 339.0845
16 94 385 75.5854
16 95 118 23.1769
16 96 933 277.5490
16 97 814 201.2566
16 98 352 87.1535
16 99 15 3.5052
16 100 1541 404.2254
16 101 29 6.7122
16 102 1262 323.3286
16 103 459 101.9178
16 104 35 7.3692
16 105 332 83.3667
16 106 673 155.0829
16 107 8 1.6259
16 108 86 22.7387
16 109 532 113.3590
16 110 21 3.9490
16 111 2595 643.3272
16 112 10 1.7560
16 113 3 0.6478
16 115 30 6.3590
16 116 260 57.3389
16 117 612 140.7567
16 118 19 3.4557
16 119 2388 622.1503
16 120 78 20.1461
16 121 173 34.3465
16 122 2210 595.7211
16 123 104 24.1837
16 124 241 55.0686
16 125 993 229.7319
16 126 1431 345.3574
16 127 34 9.0586
16 128 1 0.2101
16 129 73 14.9190
16 130 5529 1179.0348
16 131 17 3.8627
16 132 3 0.7280
16 133 768 179.1050
16 134 100 18.8044
16 135 2 0.4035
16 136 2839 705.4330
16 137 70 16.0834
16 138 193 37.3379
16 139 25 6.1586
16 140 39 7.7051
16 141 10 1.9991
16 142 5732 1529.0017
16 143 9 1.8267
16 144 93 22.1344
16 145 1 0.1833
16 146 255 51.2511
16 147 473 99.0258
16 148 5 0.9352
16 149 48 12.3905
16 150 72 14.1066
16 151 2 0.4267
16 152 985 256.1863
16 153 2 0.4807
16 154 47 12.2497
16 155 252 64.1813
16 156 275 62.2594
16 157 792 196.7368
16 158 38 9.8753
16 159 184 39.9482
16 160 25 5.2959
16 161 1486 339.7625
16 162 25 5.2021
16 163 109 25.9605
16 164 7 1.2711
16 166 1537 371.1528
16 167 14 2.9053
16 168 17 3.7678
16 169 314 57.7496
16 170 268 66.4109
16 171 48 13.6769
16 172 1414 354.7974
16 173 119 24.5312
16 174 22 4.6900
16 175 4 0.7689
16 176 79 18.2308
16 177 2168 565.5008
16 178 1919 486.2110
16 179 3622 860.7640
16 180 3 0.6377
16 181 288 62.5005
16 182 4 0.8692
16 183 163 34.1859
16 184 1068 276.8886
16 185 100 23.6957
16 187 32 7.7061
16 188 316 64.0822
16 189 249 74.6909
16 190 582 141.6409
16 191 95 18.2060
16 192 1245 296.7581
16 193 140 28.5066
16 194 2 0.3650
16 195 52 10.4208
16 196 3 0.4724
16 197 2062 613.8560
16 198 295 68.1893
16 199 42 8.9948
16 200 107 21.4770
16 201 96 19.5127
16 202 3 0.5690
16 203 1549 391.7090
16 204 2613 583.5341
16 205 164 29.9333
16 206 1739 427.3805
16 207 12 2.2262
16 208 20 4.2020
16 209 197 39.5045
16 210 99 25.8102
16 211 9 1.7690
16 212 1376 290.5365
16 213 36 6.6620
16 214 168 41.8699
16 215 41 8.4601
16 216 234 57.3751
16 217 592 129.5446
16 218 42 9.1271
16 219 150 40.0230
16 220 175 41.2816
16 221 5 0.9609
16 222 1 0.2051
16 223 11141 3134.6771
16 224 10 2.1597
16 225 14 3.3384
16 226 3447 898.1931
16 227 36 6.8082
16 228 1363 370.8567
16 229 139 29.0551
16 230 255 57.9341
16 231 1116 255.6936
16 232 711 169.5881
16 233 388 79.1278
16 234 35 7.7842
16 235 12 2.1408
16 236 16 3.7921
16 237 1234 287.0817
16 238 13 2.9500
16 239 60 19.4789
16 240 64 13.0634
16 241 358 66.4275
16 242 824 205.3993
16 243 1383 367.8776
16 244 49 9.6621
16 245 164 43.5682
16 246 30 5.8736
16 247 29 6.6769
16 248 116 29.4050
16 249 4 0.7090
16 250 257 53.2502
16 251 77 14.4771
16 252 109 27.1271
16 253 581 130.1769
16 254 3 0.7026
16 255 78 19.6777
16 256 867 194.9735
16 257 98 20.4064
16 258 158 36.1039
16 259 10 1.9394
16 260 1 0.1918
16 261 213 39.5897
16 262 1415 385.5255
16 263 6655 2117.6528
16 264 518 126.7794
16 265 447 107.4436
16 266 26 5.5133
16 267 190 49.9850
16 268 1092 316.7030
16 269 342 79.2073
16 270 1 0.2392
16 271 415 97.4936
16 272 843 228.2172
16 273 44 8.7106
16 274 3 0.6806
16 275 206 47.5829
16 276 1251 391.9205
16 277 34 6.5033
16 278 78 17.9903
16 279 132 28.3087
16 280 1745 395.4950
16 281 233 49.8944
16 282 992 226.1625
16 283 15 3.7995
16 284 75 13.7794
16 285 10 2.5978
16 286 227 54.7394
16 287 431 90.7855
16 288 681 163.4465
16 289 332 67.2564
16 290 69 14.4658
16 291 39 8.0021
16 292 2 0.4588
16 293 58 14.3282
16 294 53 13.2139
16 295 130 29.7188
16 296 64 15.6987
16 297 117 28.2462
16 299 36 10.4017
16 300 111 23.3012
16 301 3 0.5484
16 302 95 19.4840
16 304 359 68.9969
16 305 690 147.1601
16 306 84 18.8219
16 307 186 37.1485
16 308 16 3.4915
16 309 5819 1479.7164
16 310 12 2.3192
16 311 236 59.6049
16 312 114 24.8796
16 313 1 0.2803
16 314 15 3.4496
16 316 10 1.9173
16 317 64 14.4878
16 318 2077 536.5705
16 319 7 1.4115
16 320 18 3.6138
16 321 1266 312.1532
16 322 6 1.3810
16 323 96 22.8189
16 325 101 21.3936
16 326 42 8.9735
16 328 681 176.2837
16 329 1010 256.7428
16 330 81 18.1042
16 331 73 17.8894
16 332 817 250.6747
16 333 220 51.8955
16 334 108 25.3567
16 335 547 163.3545
16 336 1520 374.5457
16 337 1136 292.0561
16 338 5 1.1934
16 339 56 12.1989
16 340 54 11.3603
16 341 4 1.0708
16 342 12 2.0410
16 343 41 9.6322
16 344 19 3.3397
16 345 90 18.0228
16 346 150 30.1472
16 347 131 25.2357
16 348 11 2.2717
16 349 192 38.1962
16 350 671 167.9438
16 351 2 0.4155
16 352 295 74.4641
16 353 686 151.2544
16 354 6 1.2640
16 355 285 67.3558
16 356 79 16.3814
16 357 184 42.3555
16 358 2 0.4646
16 359 515 116.8453
16 360 50 10.2218
16 361 1013 267.6110
16 362 930 234.1000
16 363 137 26.7744
16 364 100 21.5037
16 365 6 1.7213
16 366 127 25.5027
16 367 31 6.0093
16 368 197 47.0919
16 369 15 2.7792
16 370 2022 502.6676
16 371 2823 700.3025
16 372 5 0.8671
16 373 273 58.4681
16 374 88 17.1409
16 375 30 5.4514
16 376 5 1.0435
16 377 1286 348.9042
16 378 89 19.1327
16 379 8 1.7330
16 380 24 4.5133
16 381 19 3.8581
16 382 15 3.1177
16 383 1 0.2238
17 0 620 121.6327
17 1 4 0.7804
17 2 962 233.6242
17 3 840 228.8106
17 4 22 4.3241
17 5 166 36.7515
17 6 787 238.9963
17 7 15 3.6161
17 8 50 9.9758
17 9 264 50.1735
17 10 516 97.7430
17 11 117 24.9467
17 12 194 53.7781
17 13 48 9.2685
17 14 3178 975.5380
17 15 71 13.6483
17 16 231 60.0285
17 17 1326 264.0582
17 18 158 31.7818
17 19 314 75.5545
17 20 322 72.9215
17 21 1239 358.8526
17 22 238 47.3483
17 23 775 163.8961
17 24 6024 1273.2026
17 25 1782 438.9050
17 26 49 13.0008
17 27 326 110.0499
17 28 39 9.1449
17 30 219 49.8465
17 31 343 66.6707
17 32 110 22.6536
17 33 145 31.9016
17 34 318 62.1182
17 35 106 20.3504
17 36 3050 773.4733
17 37 360 104.6822
17 38 776 188.5093
17 39 7 1.3233
17 40 99 24.2904
17 41 38 12.1879
17 42 3557 850.8314
17 43 664 148.9185
17 44 7 1.5342
17 45 9 2.0165
17 46 18 3.6694
17 47 261 55.5764
17 48 42 9.4280
17 49 82 15.3341
17 50 59 11.9944
17 51 367 83.8899
17 52 2 0.3880
17 53 314 88.3468
17 54 935 248.6542
17 55 73 15.7919
17 56 29 6.7468
17 57 1669 431.4986
17 58 131 31.2368
17 59 1088 294.5997
17 60 2 0.4406
17 61 71 17.5492
17 62 56 11.3899
17 63 120 22.3775
17 64 974 250.7487
17 65 100 20.7319
17 66 79 15.2619
17 67 5182 1518.0658
17 68 224 47.3919
17 69 75 14.7708
17 70 640 152.2355
17 71 1516 354.0615
17 72 229 53.9559
17 73 332 99.3543
17 74 95 20.1627
17 75 44 9.9714
17 76 1125 262.1810
17 77 91 20.6191
17 78 289 55.7224
17 79 63 11.8598
17 80 1 0.1828
17 81 31 7.2369
17 82 580 139.8758
17 83 1029 294.9444
17 84 151 32.4450
17 85 47 8.8698
17 86 9 1.6299
17 87 60 13.1305
17 88 434 86.8544
17 89 36 8.8455
17 90 540 129.5945
17 91 334 78.3852
17 92 69 17.7105
17 93 373 90.5161
17 94 751 162.6205
17 95 97 19.5928
17 96 35 6.3709
17 97 270 65.4471
17 98 21 4.0923
17 99 36 8.0558
17 100 449 119.1368
17 101 249 58.4480
17 102 558 132.1144
17 103 101 19.0378
17 104 6 1.3096
17 105 1129 271.0264
17 106 707 138.2659
17 107 189 41.1669
17 108 28 5.1484
17 109 162 31.5342
17 110 103 23.3842
17 111 91 19.1197
17 112 78 16.6027
17 113 389 77.7237
17 114 7 2.0618
17 115 196 45.1935
17 116 378 94.7730
17 117 272 54.5479
17 118 440 100.3271
17 119 142 26.5960
17 120 548 152.8668
17 121 245 55.5944
17 122 2 0.4526
17 123 10 2.6723
17 124 3445 1408.1583
17 125 4 0.9068
17 126 870 218.9352
17 127 11 2.3104
17 128 42 8.1467
17 129 22 5.2640
17 130 62 13.1669
17 131 40 9.0340
17 132 29 5.9457
17 133 1335 313.8946
17 134 1657 333.6394
17 135 1252 344.1549
17 136 47 10.4012
17 137 255 62.5173
17 138 229 45.8687
17 139 19 3.5058
17 140 151 33.3551
17 141 13 2.7944
17 142 919 229.4557
17 143 121 26.8675
17 144 5 1.0248
17 145 140 28.8861
17 146 794 175.0309
17 147 1 0.1891
17 148 194 49.0720
17 149 2111 516.2304
17 150 362 95.1095
17 151 517 111.4003
17 152 79 15.1474
17 153 135 29.8762
17 154 110 21.2281
17 155 27 5.8322
17 156 658 163.8890
17 157 1341 376.2931
17 158 243 50.3372
17 159 705 173.3971
17 160 77 20.9276
17 161 885 203.8515
17 162 41 9.7471
17 163 2392 661.8967
17 164 10 2.3938
17 165 109 27.9243
17 166 64 13.7208
17 167 102 29.9253
17 168 5169 1367.0369
17 169 519 143.9805
17 170 17 3.7090
17 171 1090 285.6508
17 172 300 60.3332
17 173 60 14.0206
17 174 1536 396.9179
17 175 529 142.5736
17 176 17 3.4895
17 177 235 45.4188
17 178 203 37.4667
17 179 591 137.0374
17 180 166 38.7370
17 181 190 36.9343
17 182 93 22.2670
17 183 1 0.1929
17 184 2520 582.1657
17 185 285 55.7931
17 186 4 0.8755
17 187 51 11.6946
17 188 258 48.4872
17 189 330 62.8107
17 190 7 1.3595
17 191 67 14.2025
17 192 23 4.4316
17 193 153 32.0496
17 194 596 130.3022
17 195 537 129.7793
17 196 115 27.5797
17 197 2902 800.0674
17 198 2 0.4844
17 199 18 4.1808
17 200 62 11.8659
17 201 185 42.2798
17 202 63 13.8846
17 203 168 38.5427
17 204 47 11.8753
17 205 60 16.2125
17 206 16 3.0730
17 207 18 3.4670
17 208 427 102.0678
17 209 26 6.7448
17 210 398 77.4368
17 211 17 3.7410
17 212 156 29.1936
17 213 1003 272.6241
17 214 143 33.0234
17 215 4 0.8475
17 216 161 36.7721
17 217 117 29.2741
17 218 58 11.0175
17 219 11 2.0408
17 220 3817 1085.0544
17 221 50 9.5777
17 222 212 49.3693
17 223 69 16.0101
17 224 359 87.2440
17 225 280 60.9907
17 226 173 37.2447
17 227 44 9.8128
17 228 3 0.6597
17 229 93 17.2766
17 230 16 2.9003
17 231 299 58.5974
17 232 66 15.4626
17 233 163 47.7023
17 234 222 43.0318
17 235 100 23.7407
17 236 600 139.1031
17 237 67 13.5675
17 238 4 0.8081
17 239 407 94.7723
17 240 261 57.8911
17 241 78 18.9761
17 242 34 7.9102
17 243 756 166.8012
17 244 27 6.0224
17 245 2476 611.7140
17 246 437 88.1251
17 247 319 62.4958
17 248 1255 323.2258
17 249 11 2.4778
17 250 4740 1300.2169
17 251 824 192.1361
17 252 4 0.8826
17 253 858 209.7763
17 254 85 16.9669
17 255 2541 628.4269
17 256 5 1.2800
17 257 144 27.9767
17 258 48 12.1715
17 259 60 11.6631
17 260 199 43.3878
17 261 9 2.0271
17 262 1147 296.0614
17 263 15 2.7502
17 264 1313 385.2051
17 265 155 30.3307
17 266 286 98.7480
17 267 142 31.2491
17 268 526 101.6152
17 269 1 0.1452
17 270 82 18.0862
17 271 2 0.5096
17 272 2322 644.3042
17 273 405 88.8232
17 274 297 65.7589
17 275 210 45.4764
17 276 174 40.6216
17 277 40 9.1448
17 278 1026 270.5902
17 279 1388 379.5439
17 280 82 17.0451
17 281 373 90.4066
17 282 56 10.7526
17 283 813 191.0215
17 284 91 21.1467
17 285 2540 746.7067
17 286 437 112.0234
17 287 201 45.3929
17 288 712 140.3533
17 289 108 27.1399
17 290 118 25.5940
17 291 133 25.6899
17 292 196 38.8498
17 293 85 16.0205
17 294 17 3.7800
17 295 650 135.2524
17 296 32 7.5282
17 297 517 120.1297
17 298 1260 368.9083
17 299 240 80.1876
17 300 412 94.6409
17 301 69 14.4442
17 302 24 5.3017
17 303 15 2.9051
17 304 11 2.3241
17 305 5352 1441.0565
17 306 398 90.4964
17 307 77 14.8759
17 308 626 155.3049
17 309 1010 247.0738
17 310 112 21.2858
17 311 683 167.6814
17 312 761 197.5357
17 313 165 32.1006
17 314 16 3.4732
17 315 15 3.2591
17 316 21 4.4350
17 317 415 83.4584
17 318 207 55.0411
17 319 231 44.8064
17 321 413 88.6679
17 322 51 11.4050
17 323 846 180.7321
17 324 573 126.9268
17 325 448 87.8643
17 327 681 136.0033
17 328 41 7.6272
17 329 293 69.7429
17 330 47 9.4165
17 331 32 6.8983
17 332 932 218.4507
17 333 36 8.7325
17 334 73 13.1138
17 335 863 232.4454
17 336 882 211.3219
17 337 1076 209.1778
17 338 83 18.5068
17 339 14 3.3942
17 341 1338 379.0054
17 342 258 49.5375
17 343 207 40.8471
17 344 439 83.0112
17 345 91 17.4967
17 346 2659 608.0740
17 347 506 125.4902
17 348 122 29.5747
17 349 74 14.2829
17 350 142 28.1037
17 351 3710 926.0330
17 352 108 24.6326
17 353 206 42.9027
17 355 246 53.3423
17 356 414 81.3350
17 357 323 61.4895
17 358 95 19.3799
17 359 150 28.9503
17 360 8343 2161.1891
17 361 1221 303.6037
17 362 182 35.4380
17 363 119 22.6812
17 364 46 8.7511
17 365 329 71.7009
17 366 385 101.0141
17 367 102 24.3872
17 368 69 14.4054
17 369 826 204.5843
17 370 92 17.4897
17 371 283 61.4307
17 372 260 52.1732
17 373 2137 525.2777
17 375 560 116.1523
17 376 20 4.3718
17 377 56 12.7834
17 378 191 48.7034
17 379 245 46.7533
17 380 145 26.5290
17 381 46 9.3165
17 382 147 27.0309
17 383 117 27.6804
18 0 19 3.0665
18 1 111 20.5502
18 2 77 13.8888
18 3 11 2.8694
18 4 45 10.8558
18 5 80 14.9592
18 7 5 1.1518
18 9 145 35.9084
18 10 345 80.4663
18 11 3415 915.6112
18 12 223 57.8653
18 13 1179 286.2882
18 14 54 12.5682
18 15 110 20.5605
18 16 203 43.1784
18 17 171 33.3439
18 18 102 20.0499
18 19 159 40.9245
18 20 76 18.8407
18 21 2399 666.3663
18 22 155 38.0711
18 23 37 7.1018
18 24 425 94.5387
18 25 1845 430.9832
18 26 117 21.0775
18 27 16 3.6385
18 28 463 91.0507
18 29 136 25.6674
18 30 836 217.3688
18 31 20 3.5610
18 32 218 55.4421
18 33 176 35.8728
18 34 2300 635.7421
18 35 67 12.6484
18 36 1483 425.6356
18 37 208 38.0545
18 38 4242 1290.2453
18 39 35 6.2908
18 40 24 5.2374
18 41 61 11.8635
18 42 19 4.4111
18 43 967 250.9998
18 44 529 120.9553
18 45 2607 631.2468
18 46 362 92.7163
18 47 1003 243.9135
18 48 94 18.6957
18 49 1 0.1911
18 50 60 11.0978
18 51 77 21.6300
18 52 1108 239.4568
18 53 1174 231.5596
18 54 407 93.4928
18 55 132 26.7371
18 56 248 52.4299
18 57 101 17.4364
18 58 523 98.3374
18 60 54 13.7901
18 61 104 24.3903
18 62 31 6.2317
18 63 13 2.4230
18 64 568 134.1762
18 65 2556 692.9208
18 66 29 6.2945
18 67 9 1.5059
18 69 60 14.2796
18 70 319 61.9596
18 71 460 102.7178
18 72 1103 244.9597
18 73 2463 984.4613
18 74 284 69.2028
18 75 151 38.2367
18 76 53 13.4713
18 77 1499 429.0185
18 78 20 4.5836
18 79 100 33.9702
18 80 37 6.6527
18 81 4 0.9313
18 82 15 4.2388
18 83 308 70.2747
18 84 367 82.8628
18 85 237 42.0584
18 86 809 209.2369
18 87 73 15.8684
18 88 182 41.7769
18 89 257 50.1034
18 90 477 102.8356
18 91 1246 244.2228
18 92 44 9.4779
18 93 19 4.1951
18 94 92 20.7535
18 95 192 43.6631
18 96 445 95.2320
18 97 3283 917.2360
18 98 97 19.6654
18 99 79 18.3518
18 100 13 2.7976
18 101 47 9.7661
18 102 142 26.6957
18 103 136 27.3667
18 104 620 150.9692
18 105 210 39.8198
18 106 7493 1955.1705
18 107 91 18.4041
18 108 63 13.7161
18 109 286 56.4387
18 110 49 14.7209
18 111 179 33.8416
18 112 182 46.0158
18 113 54 12.2218
18 114 768 186.9793
18 115 451 88.0178
18 116 255 51.4038
18 117 6 1.1283
18 118 3 0.6368
18 119 1716 423.3777
18 120 27 4.7747
18 121 22 5.2614
18 122 147 35.6512
18 123 349 79.3981
18 124 2 0.3386
18 125 182 42.7990
18 126 110 20.9830
18 127 88 21.8632
18 128 44 9.3335
18 129 78 15.5781
18 130 198 46.5730
18 131 50 9.3755
18 132 1023 266.9179
18 133 4570 1107.3784
18 134 21 4.1331
18 135 538 108.7753
18 136 9 1.8205
18 138 106 24.4042
18 139 276 57.4931
18 140 1471 342.8296
18 141 129 28.4919
18 142 6 1.1665
18 143 125 29.2673
18 144 4409 1113.1239
18 145 192 43.4405
18 146 257 63.4449
18 147 598 143.4412
18 148 123 24.1092
18 149 1 0.2003
18 150 187 34.5472
18 151 309 97.5990
18 152 784 188.5702
18 153 698 165.6241
18 154 637 148.2937
18 155 19 3.2899
18 156 91 24.0564
18 157 29 6.0143
18 158 636 143.9344
18 159 1475 410.1952
18 160 102 18.5621
18 161 3 0.8863
18 162 153 51.1513
18 163 81 16.6171
18 164 76 15.4314
18 165 63 12.6033
18 166 1517 397.0551
18 167 713 133.6332
18 168 14 3.4996
18 169 4665 1158.6044
18 170 68 19.2657
18 171 234 55.2359
18 172 8 1.4368
18 173 5346 1563.2707
18 174 10 1.8269
18 175 1461 349.5003
18 176 85 28.4274
18 177 86 16.9013
18 178 63 11.9947
18 179 346 93.7440
18 180 518 116.6566
18 181 236 56.0924
18 183 200 45.4390
18 184 83 17.9443
18 185 125 23.6895
18 186 32 6.3793
18 187 607 147.3716
18 188 106 20.4070
18 189 160 29.8243
18 190 1368 362.9629
18 191 66 12.9076
18 192 52 10.1916
18 193 89 23.1102
18 194 3903 817.6759
18 195 42 9.8072
18 196 159 39.7703
18 198 10 2.4588
18 199 53 11.4143
18 200 377 73.0274
18 201 1382 364.3743
18 202 236 57.7527
18 203 4839 1289.9176
18 204 301 71.6030
18 205 110 26.6722
18 206 472 103.6181
18 207 2834 793.9151
18 208 179 45.1111
18 209 235 50.1395
18 210 4 0.8012
18 211 52 12.4931
18 212 76 18.2261
18 213 238 50.7479
18 214 1030 290.2968
18 215 7 1.1432
18 216 1375 371.4655
18 217 169 39.8231
18 218 767 214.8456
18 219 739 156.2619
18 220 842 167.0693
18 221 707 209.8898
18 222 1173 287.1085
18 223 62 14.5783
18 224 95 19.9247
18 225 1018 259.6716
18 226 256 55.0846
18 227 202 50.9267
18 229 287 71.5308
18 230 17 3.6146
18 231 21 4.7415
18 232 413 90.6427
18 233 6 1.3605
18 234 1227 308.8710
18 235 693 190.6599
18 236 50 15.7736
18 237 86 15.9560
18 238 168 40.2856
18 239 9 1.9634
18 240 95 17.7931
18 241 475 116.6239
18 242 114 27.1498
18 243 196 41.8931
18 244 2395 639.6165
18 245 39 10.9997
18 246 25 4.7981
18 247 2 0.3917
18 248 25 4.9973
18 249 71 13.3242
18 250 65 12.7519
18 251 23 6.1120
18 252 71 13.1119
18 253 7 1.3041
18 254 11 2.0238
18 255 1163 242.4636
18 256 7 1.3796
18 257 750 143.9609
18 258 160 33.5669
18 259 95 18.1649
18 260 15 3.2244
18 261 978 235.2956
18 262 292 57.1717
18 263 598 147.1024
18 264 48 10.2587
18 265 1616 376.1880
18 266 135 45.0008
18 267 342 90.8750
18 268 2883 830.9812
18 270 53 10.4838
18 271 10 1.7270
18 272 403 90.1944
18 273 7 1.4427
18 274 682 173.4695
18 275 226 57.4286
18 276 150 32.3487
18 277 36 8.8947
18 278 12 2.2343
18 279 3056 816.5360
18 280 6 1.2634
18 281 67 14.2793
18 282 324 62.5800
18 283 785 160.0399
18 284 1078 263.9332
18 285 165 30.6546
18 286 1551 406.8268
18 287 272 63.3108
18 288 45 10.7169
18 289 1807 439.8155
18 290 844 215.9828
18 291 186 35.2265
18 292 155 34.6832
18 293 198 43.1570
18 294 13 2.3765
18 295 395 97.6896
18 296 96 22.3103
18 297 33 7.2544
18 298 257 51.9125
18 299 54 10.4227
18 300 825 198.3787
18 301 14 3.9974
18 302 276 57.0311
18 303 89 16.3810
18 304 1626 417.7077
18 305 183 36.2008
18 306 7 1.5188
18 307 27 5.8882
18 308 15 3.4253
18 309 50 10.8282
18 310 731 153.3712
18 311 994 278.0487
18 312 32 6.3109
18 313 662 126.6547
18 314 57 9.9221
18 315 43 8.3339
18 316 9 1.6720
18 317 1293 333.0226
18 318 38 9.6200
18 319 874 202.9318
18 320 3182 798.7233
18 321 2072 505.1606
18 322 129 24.2148
18 323 1260 338.9987
18 324 27 4.7608
18 325 339 63.5064
18 327 1 0.1594
18 328 228 61.1596
18 329 49 16.4663
18 330 34 6.8148
18 331 2 0.4015
18 332 175 46.4972
18 333 107 20.3224
18 334 4 0.6117
18 335 965 223.2548
18 336 1140 270.2616
18 337 229 50.1135
18 338 150 31.5686
18 339 70 15.2119
18 340 47 9.4652
18 341 1567 379.2480
18 342 15 3.2167
18 343 807 234.2070
18 344 55 11.0276
18 345 17 3.5828
18 346 312 74.7785
18 347 14 2.7937
18 348 476 125.3932
18 349 61 12.2980
18 350 2 1.4990
18 351 16 3.2843
18 352 51 9.2642
18 353 77 16.8187
18 354 91 21.4052
18 355 319 75.2155
18 356 199 40.7469
18 357 30 7.0172
18 358 389 78.8741
18 359 401 82.9285
18 360 59 11.1838
18 361 1112 290.3489
18 362 50 9.4516
18 363 5 1.0274
18 364 173 41.6127
18 365 195 37.1055
18 366 2000 523.6977
18 367 569 153.8256
18 368 867 201.1028
18 369 7 1.4055
18 370 1564 339.5870
18 371 75 16.9868
18 372 16 2.9504
18 373 16 2.8842
18 374 37 6.9767
18 375 1503 305.3794
18 376 64 11.7135
18 377 69 12.6742
18 378 194 40.0183
18 379 1959 492.5567
18 380 7 1.7510
18 381 5 0.8582
18 382 27 5.2931
18 383 44 8.8829
19 0 187 43.3580
19 1 67 9.8000
19 2 861 219.2038
19 3 276 54.7068
19 4 466 86.8615
19 5 271 48.7439
19 6 1423 364.9249
19 7 54 9.5424
19 8 286 85.6126
19 9 761 155.3370
19 10 42 5.7901
19 11 854 219.5274
19 12 96 16.6486
19 13 165 23.5886
19 14 85 15.9201
19 15 1490 327.4949
19 16 47 9.5050
19 17 90 19.8480
19 18 45 6.1623
19 19 70 11.5660
19 20 1878 471.8594
19 21 734 230.3676
19 22 871 257.2556
19 23 166 30.7295
19 24 117 20.4825
19 25 42 7.0621
19 26 21 3.7225
19 27 32 5.9577
19 28 1077 221.4264
19 29 514 108.9488
19 30 368 81.8871
19 31 12 3.1048
19 32 306 58.9235
19 33 193 49.9161
19 34 579 133.3442
19 35 68 16.1859
19 36 97 16.0594
19 37 77 16.7526
19 38 61 10.4323
19 39 83 12.2881
19 40 130 28.0023
19 41 31 5.2150
19 42 134 26.3156
19 43 226 46.5834
19 44 541 176.3060
19 45 729 153.2304
19 46 995 280.2385
19 47 264 79.0641
19 48 924 241.0770
19 49 4710 1313.0998
19 50 260 44.5838
19 51 193 40.6583
19 52 148 25.1534
19 53 73 21.8518
19 54 192 40.4168
19 55 26 4.0475
19 56 137 29.2757
19 57 10 1.4740
19 58 122 35.7758
19 59 1031 289.5678
19 60 15 2.6523
19 61 1058 226.1812
19 62 3146 1075.0970
19 63 792 205.4628
19 64 100 21.5502
19 65 44 7.6831
19 66 268 44.1701
19 67 130 34.0411
19 68 970 292.2750
19 69 46 9.0861
19 70 13 1.9991
19 71 424 82.4375
19 72 37 5.7493
19 73 189 59.2147
19 74 1542 350.4230
19 75 72 14.5206
19 76 159 27.1480
19 77 225 53.4895
19 78 46 7.5693
19 79 228 44.3089
19 80 592 113.9463
19 81 47 8.2104
19 82 143 25.5764
19 83 353 69.7587
19 84 47 8.6204
19 85 17 3.0284
19 86 155 24.3191
19 87 961 225.8324
19 88 1205 355.4967
19 89 632 160.6869
19 90 63 10.8436
19 91 368 124.5644
19 92 1249 331.5879
19 93 49 10.7529
19 94 873 200.0977
19 95 48 7.3478
19 96 75 11.6943
19 97 1 0.1453
19 98 107 27.9621
19 99 306 62.2424
19 100 220 43.2664
19 101 291 74.9495
19 102 5969 1462.4097
19 103 59 14.7637
19 104 310 87.0951
19 105 770 170.7722
19 106 1541 344.7487
19 107 40 6.8720
19 108 226 41.9861
19 109 1164 251.2505
19 110 435 96.2462
19 111 39 7.1441
19 112 3081 724.4863
19 113 94 22.3568
19 114 87 24.7697
19 115 34 5.0092
19 116 13 2.2076
19 117 809 184.9523
19 118 2588 605.9184
19 119 36 5.7448
19 120 87 25.4485
19 121 149 30.2255
19 122 257 58.1156
19 123 466 103.6129
19 124 99 29.8375
19 125 109 17.4009
19 126 707 183.0640
19 127 816 195.1061
19 128 4198 974.9600
19 129 23 3.9974
19 130 25 5.1718
19 131 2843 750.4727
19 132 4 0.6536
19 133 2114 554.0704
19 134 33 5.5018
19 135 60 16.0821
19 136 190 50.4581
19 137 153 35.4982
19 138 613 142.2002
19 139 23 3.8177
19 140 868 220.2056
19 141 48 6.7860
19 142 41 6.4486
19 143 511 120.7886
19 144 2 0.3259
19 145 72 13.8637
19 146 97 17.1262
19 147 269 49.6646
19 148 192 31.9990
19 149 26 3.7932
19 150 2632 638.0147
19 151 820 189.7302
19 152 1509 514.9953
19 153 154 26.6611
19 154 545 111.8800
19 155 72 18.0599
19 156 915 249.7246
19 157 449 89.6420
19 158 364 77.0222
19 159 62 11.9068
19 160 109 22.9252
19 161 16 3.9706
19 162 83 12.7050
19 163 32 8.1922
19 164 53 8.3267
19 165 259 47.1509
19 166 374 68.8260
19 167 19 4.1972
19 168 104 19.9057
19 169 184 40.2508
19 170 80 15.0105
19 171 790 205.0249
19 172 42 7.5069
19 173 10 1.6259
19 174 1020 262.4802
19 175 61 13.0634
19 176 110 22.4991
19 177 2360 592.1603
19 178 771 194.6813
19 179 947 265.3911
19 180 104 16.3022
19 181 122 23.7617
19 182 41 9.0300
19 183 80 17.0252
19 184 28 4.2283
19 185 126 17.6826
19 186 1 0.1194
19 187 1 0.1203
19 188 524 134.2107
19 189 141 33.4258
19 190 89 22.3230
19 191 33 5.9398
19 192 285 51.0098
19 193 29 5.0933
19 194 14 1.8270
19 195 4043 866.4062
19 196 139 27.7602
19 197 570 131.2340
19 198 28 4.6998
19 199 108 21.1919
19 200 1054 233.7847
19 201 176 36.6005
19 202 421 88.6824
19 203 51 9.3152
19 204 182 40.9012
19 205 204 47.9294
19 206 6 0.9451
19 207 158 20.7491
19 208 195 34.8613
19 209 53 9.4525
19 210 103 30.7202
19 211 19 3.1841
19 212 405 88.0907
19 213 25 7.3029
19 214 211 67.5421
19 215 329 69.8262
19 216 362 68.4798
19 217 518 163.4565
19 218 181 44.0973
19 219 299 45.1848
19 220 1191 308.9564
19 221 1782 547.6953
19 222 215 39.4886
19 223 88 15.1045
19 224 9 1.5835
19 225 58 9.7697
19 226 94 15.2482
19 227 349 78.7253
19 228 134 36.4099
19 229 745 149.7121
19 230 64 11.9245
19 231 239 44.7955
19 232 31 8.1535
19 233 47 9.8601
19 234 1052 249.4373
19 235 788 196.9132
19 236 191 33.7455
19 237 633 142.8255
19 238 80 11.4022
19 239 114 20.1718
19 240 65 12.4176
19 241 110 18.7858
19 242 15 2.7027
19 243 150 27.1814
19 244 304 52.2192
19 245 35 6.1233
19 246 256 53.4854
19 247 1272 266.0183
19 248 1355 321.4763
19 249 571 120.8911
19 250 1541 411.6422
19 251 337 67.0049
19 252 669 194.2299
19 253 280 57.7945
19 254 590 163.4097
19 255 2171 489.5008
19 256 4 0.5578
19 257 62 9.4092
19 258 71 12.6488
19 259 357 60.4981
19 260 3882 1203.9558
19 261 55 11.7075
19 262 289 54.9486
19 263 159 27.4593
19 264 158 30.4198
19 265 1264 328.6561
19 266 420 105.6735
19 267 37 11.2311
19 268 11 1.4883
19 269 528 98.8133
19 270 1706 479.5523
19 271 1632 435.0904
19 272 114 22.3693
19 273 1665 389.8577
19 274 13 1.9242
19 275 322 75.1166
19 276 1349 327.8944
19 277 79 11.5011
19 278 23 3.9239
19 279 322 75.4223
19 280 220 62.3856
19 281 414 133.8913
19 282 367 69.6581
19 283 256 73.5720
19 284 94 17.7380
19 285 26 4.5569
19 286 248 45.0510
19 287 142 25.6630
19 288 693 203.1953
19 289 1563 957.5130
19 290 58 11.7758
19 291 676 160.0376
19 292 180 40.2818
19 293 896 208.4612
19 294 64 11.0140
19 295 838 201.0914
19 296 648 181.0616
19 297 106 18.5312
19 298 255 47.4117
19 299 1645 338.8406
19 300 2567 655.5145
19 301 31 5.3982
19 302 202 35.7560
19 303 111 23.6871
19 304 311 80.9312
19 305 4597 1528.7940
19 306 2616 715.8878
19 307 1357 295.7802
19 308 40 9.7421
19 309 197 45.8113
19 310 1510 364.6283
19 311 127 23.4955
19 312 613 131.6028
19 313 127 23.1720
19 314 784 176.5192
19 315 282 41.3254
19 316 166 37.1116
19 317 62 9.7490
19 318 69 13.7328
19 319 1536 372.2680
19 320 81 13.5280
19 321 7 1.0510
19 322 2034 683.1268
19 323 88 16.9144
19 324 422 84.9008
19 325 83 13.5766
19 326 170 29.3615
19 327 443 91.9464
19 328 365 74.7724
19 329 105 21.5040
19 330 63 20.0999
19 331 42 7.1149
19 332 32 5.2003
19 333 1274 342.2596
19 334 63 10.0730
19 335 61 12.1866
19 336 423 80.3732
19 337 110 32.3753
19 338 6 0.7802
19 339 784 196.5581
19 340 81 16.2783
19 341 188 47.7275
19 342 1408 256.7402
19 343 218 42.7405
19 344 754 228.4424
19 345 225 42.7390
19 346 52 7.6402
19 347 9 1.5630
19 348 74 14.9047
19 349 277 62.2605
19 350 1521 307.8888
19 351 162 36.6190
19 352 78 16.4823
19 353 178 42.5478
19 354 69 10.9324
19 355 981 190.6153
19 356 64 12.6586
19 357 161 26.8410
19 358 72 12.4595
19 359 99 20.5732
19 360 180 49.0948
19 361 390 96.6520
19 362 65 11.0723
19 363 845 198.0660
19 364 39 6.8197
19 365 75 20.1754
19 366 4213 1169.2016
19 367 296 66.6499
19 368 1662 520.8817
19 369 106 31.2304
19 370 120 68.1760
19 371 93 17.9884
19 372 5 0.8017
19 373 14 1.8752
19 374 1250 312.4213
19 375 48 16.1223
19 376 230 53.0095
19 377 21 3.2758
19 378 11 1.8504
19 379 166 39.3520
19 380 54 12.8245
19 381 901 209.2378
19 382 266 58.6100
19 383 1888 468.5348
20 1 4 0.8336
20 2 10 2.1300
20 3 30 6.7493
20 4 31 7.3763
20 6 100 22.5175
20 7 129 33.9598
20 8 3 0.6253
20 10 24 5.8044
20 11 6 1.3174
20 12 4 1.1661
20 14 112 23.9614
20 15 47 11.0547
20 16 133 30.3281
20 17 1 0.1599
20 18 118 32.0674
20 19 645 162.2903
20 20 1 0.2278
20 21 6 1.1598
20 23 19 4.7717
20 24 12 2.0855
20 25 3 0.5992
20 26 11 2.4599
20 27 20 5.1006
20 28 66 15.1214
20 29 31 7.3729
20 30 37 8.7214
20 31 210 51.9725
20 32 438 95.4713
20 33 90 24.2899
20 35 37 7.8514
20 36 13 2.6519
20 37 3 0.9676
20 38 31 6.9641
20 39 7 1.0885
20 41 6 1.6780
20 42 422 107.7858
20 43 168 36.2067
20 44 29 9.1741
20 45 81 15.4746
20 46 2 0.6257
20 47 171 38.2836
20 48 7 1.3262
20 49 125 26.0244
20 51 72 13.4054
20 52 32 8.1834
20 53 6 1.1630
20 55 75 15.8717
20 56 4 0.9224
20 57 2 0.4837
20 59 3 0.7151
20 61 72 17.8206
20 62 11 2.2916
20 63 21 4.0270
20 64 7 2.1822
20 65 52 11.2521
20 67 9 2.4348
20 68 157 41.3644
20 69 14 3.1261
20 70 67 14.5662
20 71 7 1.4479
20 72 107 25.0513
20 73 1 0.2084
20 74 21 3.9053
20 75 43 9.3043
20 76 3 0.6279
20 77 2 0.3702
20 78 91 23.2531
20 79 6 1.6210
20 80 9 1.5953
20 82 8 1.8658
20 85 13 4.5476
20 86 93 23.0069
20 87 8 2.2312
20 88 28 5.4724
20 89 1 0.1396
20 91 3 1.1684
20 95 4 0.6251
20 96 6 2.4339
20 97 27 8.4138
20 98 3 0.6876
20 99 6 1.1903
20 100 1 0.2703
20 101 28 5.3151
20 103 69 16.8333
20 104 3 0.6792
20 105 3 0.6578
20 107 67 16.8861
20 108 38 10.1634
20 109 1529 420.7887
20 110 18 4.3272
20 111 2 0.3604
20 112 32 7.3157
20 113 29 6.2941
20 116 440 121.4935
20 117 26 6.4546
20 118 67 14.2542
20 122 78 17.4712
20 124 24 7.0649
20 126 3 0.8499
20 128 37 8.0882
20 129 230 58.9314
20 130 5 0.9411
20 131 63 12.6276
20 132 11 3.7174
20 133 13 2.7905
20 135 87 24.1749
20 136 29 6.2886
20 138 10 2.3443
20 139 7 1.3167
20 140 6 1.4760
20 142 2 0.5499
20 143 9 1.8013
20 144 3 0.7125
20 145 92 22.1970
20 146 17 3.2636
20 147 48 10.3045
20 148 16 4.6038
20 150 72 19.5555
20 152 16 3.2921
20 153 25 6.4223
20 154 4 0.8272
20 156 66 15.9160
20 158 11 2.2387
20 161 10 2.8970
20 163 8 2.0057
20 164 62 13.4836
20 165 31 6.6852
20 166 14 2.2905
20 167 13 3.2843
20 168 3 0.3843
20 169 85 22.2471
20 170 37 8.1916
20 171 6 1.3199
20 174 96 19.8967
20 175 94 20.6222
20 176 2 0.3655
20 177 919 291.6496
20 178 29 6.4546
20 179 17 3.7339
20 180 28 6.2467
20 181 8 1.4305
20 182 17 3.7658
20 184 57 9.7075
20 185 9 1.9438
20 186 24 5.4594
20 187 53 14.0896
20 189 25 4.6171
20 190 12 2.8528
20 191 14 2.6821
20 192 5 0.9209
20 196 110 25.9756
20 197 1 0.1778
20 198 2 0.2973
20 199 10 2.3561
20 201 34 8.3726
20 202 20 4.8464
20 204 19 3.8087
20 205 11 2.7999
20 206 7 1.5147
20 208 45 10.9156
20 210 189 45.3885
20 211 56 13.0850
20 212 2 0.4083
20 213 405 121.1313
20 214 22 6.2002
20 215 20 4.2226
20 216 7 2.3321
20 217 37 11.4030
20 218 9 1.5607
20 219 5 0.9351
20 220 7 1.6921
20 221 1 0.1272
20 222 19 3.7144
20 223 9 1.7401
20 224 8 2.3918
20 225 75 17.0680
20 226 1 0.1777
20 227 120 26.1037
20 229 13 3.1793
20 230 6 1.8470
20 231 13 2.5258
20 232 4 0.9045
20 233 9 2.1054
20 234 90 25.4041
20 235 3 0.5986
20 236 6 1.1787
20 237 1 0.2340
20 238 6 1.5571
20 239 5 0.8730
20 240 16 3.5261
20 241 5 1.4363
20 242 12 1.9470
20 243 18 3.9651
20 244 1 0.2876
20 245 2 0.3458
20 246 2 0.4730
20 248 114 32.6229
20 249 2 0.3813
20 250 2 0.3362
20 252 9 1.8173
20 253 48 12.6372
20 254 27 5.7138
20 255 91 26.7751
20 256 1 0.2419
20 257 125 33.0494
20 258 30 6.2644
20 259 12 2.4554
20 261 2 0.4734
20 262 5 0.9433
20 263 4 0.7266
20 265 17 3.3461
20 266 1 0.2190
20 267 198 63.4633
20 268 4 0.6483
20 269 1 0.2251
20 270 2 0.3579
20 271 4 0.8545
20 272 25 6.1969
20 273 29 6.8909
20 274 185 49.5814
20 275 17 3.7691
20 276 3 0.5488
20 278 53 14.6859
20 279 61 10.7132
20 280 6 1.1474
20 282 234 69.5078
20 283 5 1.1868
20 284 6 1.2220
20 285 2 0.3485
20 286 112 29.2127
20 287 30 5.8271
20 288 20 3.7907
20 289 4 0.6162
20 290 6 1.1693
20 291 1 0.2014
20 292 237 61.9899
20 294 9 1.8143
20 295 24 7.0323
20 296 25 4.6685
20 297 7 1.3907
20 298 4 0.6964
20 299 12 2.5758
20 301 1 0.1922
20 302 23 4.5851
20 304 76 22.0842
20 305 222 43.3814
20 306 27 7.7280
20 307 241 48.6438
20 308 5 0.7871
20 309 107 33.5116
20 312 8 1.8207
20 313 33 7.0781
20 314 209 51.2053
20 315 4 0.7908
20 317 50 12.5600
20 318 66 14.6350
20 319 8 1.7832
20 320 117 21.7653
20 321 2 0.3419
20 322 20 4.7256
20 324 11 2.2434
20 325 4 0.7258
20 326 22 7.0131
20 327 24 5.8489
20 328 17 5.2269
20 329 52 11.9941
20 330 4 0.9821
20 331 16 3.3062
20 332 138 31.6867
20 333 10 2.7568
20 334 33 7.8632
20 335 37 7.7926
20 336 43 12.9136
20 337 33 8.6032
20 338 88 19.7366
20 339 15 3.5455
20 340 47 14.9662
20 341 11 3.0410
20 342 4 0.8623
20 343 55 12.2083
20 344 6 1.2708
20 345 13 2.5884
20 347 33 7.0165
20 349 18 3.0438
20 350 2 0.3765
20 351 1271 297.2997
20 352 128 30.4202
20 353 8 1.6850
20 355 11 3.1900
20 357 1 0.2325
20 358 2 0.3445
20 359 229 56.9395
20 360 393 100.0505
20 362 17 3.9444
20 363 20 4.8072
20 364 7 1.3560
20 365 2 0.4548
20 367 16 3.2515
20 368 2 0.4305
20 369 8 1.4873
20 370 162 46.8694
20 371 3 0.6247
20 372 5 1.1341
20 373 3 0.4979
20 376 20 4.9164
20 378 8 1.9927
20 379 45 10.0259
20 380 12 2.1165
20 381 7 1.3400
20 382 2 0.3286
20 383 11 2.0638
21 0 32 6.6789
21 1 63 13.1576
21 2 2 0.5528
21 3 69 15.0368
21 5 58 12.3078
21 6 32 7.1954
21 7 2 0.3843
21 8 216 46.1507
21 9 26 6.1873
21 10 3 0.6756
21 11 61 13.0793
21 12 34 6.8715
21 13 6 1.5281
21 14 12 4.0131
21 15 146 41.9429
21 16 9 2.0500
21 17 4 0.8423
21 18 53 11.6193
21 19 5 0.8743
21 20 6 1.2081
21 21 22 5.6096
21 22 25 6.7505
21 23 4 0.7572
21 24 4 0.8510
21 26 8 1.6870
21 28 1 0.1280
21 29 2 0.5954
21 30 82 18.7085
21 31 94 21.0996
21 33 6 1.2721
21 34 7 1.5749
21 36 17 3.8173
21 37 56 11.4391
21 38 5 1.0403
21 39 6 1.2414
21 40 2 0.5425
21 41 7 2.3655
21 42 131 35.5531
21 43 3 0.6003
21 44 15 3.3051
21 45 10 1.9741
21 46 5 1.1257
21 47 43 11.2719
21 48 15 3.9081
21 49 6 1.4790
21 50 152 40.8023
21 51 45 12.0676
21 52 9 2.0595
21 54 184 59.3396
21 55 11 3.8759
21 56 25 6.3774
21 57 2 0.4202
21 58 155 47.6700
21 59 246 53.0575
21 60 58 16.6759
21 61 76 22.3187
21 62 2 0.4363
21 63 11 2.5223
21 64 1 0.2823
21 66 77 16.9371
21 67 10 2.7581
21 68 4 0.6919
21 69 1 0.2121
21 70 94 24.3837
21 71 1 0.1529
21 72 226 49.0853
21 75 1 0.2209
21 76 2 0.3858
21 77 115 26.6784
21 78 2 0.4582
21 79 2 0.5018
21 80 7 1.3821
21 81 123 26.6512
21 82 28 5.2944
21 84 5 1.4468
21 85 1 0.1737
21 86 4 0.7879
21 87 6 1.2091
21 88 10 2.3670
21 89 329 82.8054
21 90 4 0.8777
21 91 1 0.2538
21 93 28 5.7511
21 95 14 3.0796
21 96 2 0.4810
21 97 3 0.7755
21 98 21 4.5332
21 99 28 7.5993
21 100 154 50.7826
21 101 10 3.0439
21 102 24 7.1787
21 103 14 3.0221
21 104 1 0.5869
21 105 20 3.4980
21 106 30 6.2510
21 107 7 1.4005
21 108 70 18.8002
21 109 6 1.3192
21 110 6 1.3637
21 112 46 13.7522
21 113 1 0.1196
21 114 14 2.7915
21 115 30 8.2185
21 116 13 4.7103
21 117 6 1.1665
21 118 5 0.9470
21 120 28 6.6687
21 121 51 10.7170
21 122 15 3.0700
21 124 13 5.0706
21 125 7 2.3390
21 126 10 2.0566
21 127 20 4.2014
21 128 2 0.4471
21 129 5 1.2341
21 130 31 8.5925
21 131 59 15.3581
21 132 8 2.0804
21 133 2 0.3420
21 134 417 123.0766
21 135 72 19.4643
21 136 18 3.8472
21 137 112 23.5943
21 138 29 6.3919
21 139 145 30.0815
21 140 25 5.1477
21 141 17 4.1293
21 142 5 1.0609
21 143 44 9.6704
21 145 29 6.1413
21 146 8 1.5317
21 147 11 2.2355
21 148 4 1.0762
21 150 19 4.2652
21 151 82 20.5208
21 152 3 0.6757
21 154 12 2.8113
21 155 9 2.9161
21 156 5 1.0990
21 157 105 22.9149
21 158 110 27.7986
21 159 67 15.4847
21 160 141 37.7625
21 161 62 13.0961
21 162 4 0.8695
21 163 166 56.4070
21 164 102 27.8768
21 165 58 16.2130
21 166 7 1.2428
21 167 14 3.0163
21 168 19 3.8778
21 170 1 0.2291
21 171 83 16.0590
21 172 19 3.6322
21 173 44 9.4361
21 175 85 24.2659
21 176 32 8.8594
21 178 7 1.4021
21 179 16 3.2043
21 181 193 42.4050
21 182 20 4.0256
21 183 4 0.8015
21 184 188 46.9682
21 185 2 0.4955
21 186 16 3.3969
21 187 27 6.3354
21 188 89 23.8223
21 189 3 0.5198
21 190 28 7.1606
21 191 20 4.4230
21 192 127 36.3637
21 193 9 1.7766
21 194 4 1.2737
21 195 5 1.0787
21 196 2 0.4193
21 197 18 4.5725
21 198 1 0.1902
21 199 2 0.4431
21 200 62 16.9113
21 201 15 3.0673
21 202 66 13.8999
21 203 44 8.8019
21 204 25 5.3945
21 205 124 26.0740
21 206 44 11.6284
21 208 112 24.6212
21 209 1 0.1989
21 210 575 142.7774
21 211 1 0.2120
21 213 2 0.4016
21 214 111 24.7541
21 215 73 23.5160
21 219 12 2.6830
21 220 14 2.8132
21 221 9 1.9226
21 224 30 6.4345
21 225 211 43.5243
21 226 44 12.5467
21 227 78 17.4628
21 228 15 3.1337
21 229 4 1.2199
21 230 6 1.3838
21 231 6 1.1078
21 232 87 19.2985
21 233 1 0.2303
21 234 473 113.3678
21 236 9 2.3068
21 237 8 1.5806
21 239 15 3.0025
21 240 17 4.0564
21 243 60 15.5683
21 247 7 1.7145
21 248 1 0.2040
21 249 21 3.8541
21 250 24 7.7199
21 251 532 129.1071
21 252 12 2.7181
21 254 9 1.8856
21 255 6 1.1370
21 257 1121 363.7320
21 258 13 4.0699
21 259 8 1.8532
21 260 24 6.8632
21 261 11 2.1479
21 262 1 0.2822
21 263 11 3.3226
21 264 98 22.3894
21 265 5 1.0107
21 266 2 0.2693
21 269 109 30.4994
21 270 9 1.8356
21 272 25 5.5259
21 273 2 0.3779
21 274 63 16.1556
21 275 4 0.8929
21 276 82 16.5100
21 278 6 1.1974
21 280 16 3.2692
21 281 4 0.8170
21 282 550 123.1103
21 283 2 0.3755
21 284 7 1.5204
21 285 63 13.4918
21 286 22 5.5145
21 287 4 0.5893
21 290 15 3.1474
21 291 3 0.6481
21 292 17 3.1938
21 293 10 2.2609
21 296 25 5.3869
21 299 10 3.0045
21 300 12 3.0640
21 301 10 2.3569
21 305 28 6.3609
21 306 14 2.4392
21 308 47 9.9390
21 309 37 7.6593
21 310 21 4.4453
21 311 10 1.7526
21 312 3 1.1456
21 313 1 0.2469
21 314 3 0.6453
21 315 41 14.4722
21 316 1 0.1427
21 317 29 5.9986
21 318 12 4.3656
21 319 52 12.7329
21 321 2 0.4209
21 322 3 0.5693
21 323 1 0.2074
21 324 39 9.0814
21 325 4 0.7873
21 326 8 1.7754
21 327 1260 314.0607
21 329 66 16.2983
21 330 44 8.1684
21 331 7 1.3617
21 332 1 0.2230
21 334 16 3.8949
21 335 24 6.4830
21 336 14 3.8755
21 337 27 8.0994
21 338 28 6.0192
21 339 3 0.5951
21 340 2 0.3817
21 341 97 23.5245
21 342 13 2.8613
21 343 12 3.7784
21 344 1 0.2016
21 345 1 0.1975
21 346 32 6.4223
21 347 57 14.0861
21 348 1 0.2483
21 349 72 17.1329
21 350 24 10.1262
21 351 54 11.2715
21 352 19 4.0518
21 353 13 3.1683
21 355 187 59.3951
21 356 18 3.9908
21 357 53 14.2727
21 358 37 8.8787
21 359 32 5.4428
21 360 1 0.1574
21 361 26 5.1835
21 363 4 0.7638
21 364 19 4.8134
21 365 11 4.5468
21 367 156 32.8679
21 368 164 36.6201
21 369 196 44.7658
21 370 1 0.1407
21 371 6 1.4705
21 372 5 1.3401
21 373 359 84.7780
21 374 13 3.1713
21 375 42 9.8927
21 376 2 0.3894
21 377 12 2.2205
21 378 24 5.1456
21 379 79 18.3945
21 380 124 24.8845
21 381 32 10.9308
21 382 19 3.8075
21 383 5 1.0827
22 1 7 1.8157
22 2 34 7.6030
22 3 30 6.2561
22 4 16 3.2867
22 5 2 0.4456
22 6 204 45.4092
22 7 58 14.3875
22 8 12 2.5527
22 9 117 38.4381
22 10 36 7.4423
22 11 2 0.3863
22 12 27 6.9594
22 13 7 1.3324
22 14 1 0.2266
22 17 1 0.1784
22 18 25 6.7978
22 19 7 2.3062
22 21 16 3.3808
22 22 8 1.6901
22 23 1 0.3978
22 26 8 1.5977
22 27 2 0.3882
22 28 22 5.0493
22 29 14 2.7946
22 32 11 2.8788
22 33 33 6.1344
22 34 19 4.4170
22 35 1 0.2003
22 36 42 10.6365
22 39 134 27.8979
22 41 1 0.2390
22 42 51 9.7835
22 43 4 0.8072
22 44 322 87.0208
22 48 12 3.5625
22 49 1 0.1606
22 50 26 6.2969
22 51 3 0.9692
22 52 67 13.6618
22 53 149 34.1513
22 54 14 2.8965
22 55 4 0.7594
22 56 6 1.8181
22 57 35 7.2435
22 58 7 2.8884
22 59 9 1.5697
22 60 10 2.2856
22 62 62 12.8441
22 63 2 0.4147
22 65 1 0.1740
22 67 95 20.4896
22 68 159 35.4864
22 69 384 79.4983
22 70 5 0.9429
22 72 127 28.2084
22 73 15 4.7937
22 74 17 3.7295
22 75 2 0.4057
22 76 1 0.2026
22 77 14 3.3658
22 78 84 17.6530
22 79 9 1.8562
22 80 1 0.2179
22 81 21 4.8448
22 83 8 1.9995
22 84 156 48.0367
22 85 61 16.6438
22 86 5 1.2840
22 87 218 61.5316
22 89 1 0.2701
22 90 2 0.3910
22 91 1 0.1346
22 93 37 6.9130
22 95 11 2.1678
22 96 1 0.2684
22 97 12 3.1953
22 98 1 0.2324
22 99 64 13.7212
22 100 29 5.6398
22 101 4 0.7435
22 104 3 1.2122
22 105 8 1.3346
22 106 2 0.4140
22 107 1004 262.6285
22 108 8 1.5554
22 109 6 1.2281
22 110 36 9.2795
22 111 14 3.5360
22 112 13 2.3030
22 113 77 15.5456
22 114 9 1.8246
22 116 8 1.5665
22 117 8 1.5879
22 118 650 182.6023
22 120 14 3.0480
22 121 127 27.9792
22 123 4 1.4025
22 125 93 32.4606
22 126 12 2.7215
22 127 57 11.0606
22 128 30 10.4942
22 130 4 0.8042
22 131 20 3.5132
22 132 28 5.8651
22 133 104 21.5508
22 134 2 0.4730
22 136 9 1.7493
22 137 1 0.2524
22 138 6 1.3894
22 139 34 7.2031
22 140 293 60.7870
22 141 15 3.4564
22 144 40 7.9791
22 145 8 2.5266
22 147 26 5.1187
22 148 12 2.8858
22 149 2 0.5821
22 150 37 7.3210
22 151 20 3.9375
22 152 3 0.8120
22 154 45 8.2989
22 155 24 5.0803
22 156 43 8.0989
22 157 9 2.0593
22 158 210 59.0716
22 159 154 35.2868
22 160 8 1.9704
22 161 4 0.7702
22 162 5 1.5812
22 163 15 2.9896
22 165 2 0.6136
22 166 19 4.5085
22 167 215 51.5640
22 168 29 5.9458
22 169 3 0.6533
22 171 6 1.4895
22 172 73 17.1900
22 173 20 5.5446
22 174 19 3.6428
22 175 4 0.8851
22 176 12 3.7298
22 177 51 10.7928
22 178 63 13.2419
22 179 84 17.5800
22 180 39 10.6738
22 181 2 0.3918
22 182 203 42.2014
22 183 3 0.5620
22 184 242 91.8622
22 185 24 4.8147
22 186 22 4.5941
22 189 10 1.7154
22 191 2 0.3972
22 192 19 6.3024
22 193 40 8.5134
22 194 2 0.4532
22 195 10 1.9737
22 198 12 3.2568
22 199 22 6.1457
22 200 5 1.3153
22 202 22 4.4483
22 203 4 0.5867
22 204 17 4.0828
22 205 7 1.5777
22 206 112 33.5512
22 207 7 1.9508
22 208 41 8.7075
22 209 6 1.6464
22 210 1153 345.6076
22 211 1 0.2056
22 213 5 0.9964
22 214 47 9.4320
22 215 15 3.0034
22 216 1 0.1991
22 218 19 4.4241
22 219 80 18.7846
22 220 16 3.9466
22 221 187 42.0745
22 223 1 0.1280
22 225 77 21.8897
22 226 2 0.3389
22 227 2 0.3692
22 228 144 34.4227
22 229 2 0.3549
22 230 65 13.5277
22 231 2 0.3354
22 232 10 2.0772
22 233 122 39.2997
22 234 152 32.3902
22 235 114 32.5160
22 236 121 33.5073
22 238 102 22.0353
22 239 14 3.2653
22 240 3 0.6375
22 241 9 1.8809
22 242 12 3.2038
22 243 1 0.2099
22 244 9 2.0544
22 245 11 2.1245
22 246 1 0.1819
22 247 2 0.5435
22 248 7 1.2990
22 249 1 0.3158
22 250 55 16.6471
22 251 34 9.7229
22 253 111 33.7056
22 254 2 0.2987
22 255 2 0.4420
22 256 1 0.1532
22 258 1 0.2191
22 259 44 9.4593
22 260 14 2.7716
22 261 53 10.7100
22 263 39 8.7252
22 264 36 10.3597
22 265 3 0.7348
22 266 1 0.1405
22 267 9 1.8288
22 268 14 2.7624
22 269 13 2.9572
22 271 19 3.9232
22 272 5 1.2354
22 274 5 1.1158
22 275 30 5.9347
22 277 324 85.8644
22 278 13 2.8293
22 279 13 4.0478
22 280 12 3.9187
22 281 25 4.9174
22 282 3 0.5152
22 284 22 4.5981
22 285 3 0.8949
22 286 12 3.8478
22 287 41 8.2514
22 289 23 4.4913
22 290 71 14.2711
22 292 1 0.2274
22 293 27 5.3551
22 294 27 5.2697
22 295 42 12.0886
22 296 79 15.1155
22 298 8 0.9535
22 299 4 1.0854
22 300 8 2.1245
22 301 4 1.1271
22 302 13 2.3518
22 303 45 9.0338
22 304 3 0.5512
22 306 4 0.6073
22 307 13 2.8146
22 308 20 3.9509
22 309 105 28.1514
22 311 5 1.0728
22 313 92 20.9991
22 316 33 6.4802
22 317 16 4.2516
22 318 35 10.1453
22 319 14 3.7592
22 320 113 24.1913
22 321 36 7.6517
22 322 4 0.7622
22 323 4 0.8215
22 324 11 2.1033
22 326 84 17.6247
22 327 28 5.9329
22 328 8 1.8446
22 329 9 2.0022
22 330 61 13.0044
22 331 2 0.3985
22 334 68 21.0223
22 335 356 88.7630
22 337 105 23.5757
22 338 30 7.1064
22 339 6 0.7959
22 340 9 2.1693
22 341 12 2.4107
22 342 3 0.5863
22 344 11 2.1517
22 345 28 5.1987
22 346 2 0.4349
22 347 32 6.7297
22 348 19 4.6972
22 349 9 1.7704
22 350 56 14.7648
22 351 100 20.9314
22 352 3 0.8715
22 353 14 2.7514
22 354 73 20.3310
22 355 7 1.6964
22 356 9 1.7508
22 358 18 3.7115
22 359 12 2.3211
22 360 21 5.3448
22 362 11 3.3376
22 363 75 15.8079
22 364 68 21.9546
22 365 5 1.3740
22 366 4 0.8781
22 367 23 6.6686
22 368 22 4.0965
22 369 24 5.1295
22 370 43 8.2619
22 371 15 3.4423
22 372 8 1.7622
22 373 945 237.2479
22 374 5 0.9225
22 376 63 14.0789
22 377 9 1.7180
22 378 4 0.9537
22 379 5 0.9889
22 380 424 127.1513
22 381 108 33.6606
22 382 1 0.1043
22 383 203 42.2168
23 0 16 3.0156
23 1 13 2.4841
23 2 4 0.9760
23 3 5 1.0871
23 4 153 30.4965
23 5 22 4.6780
23 6 16 3.6163
23 7 3 0.5169
23 8 3 0.5023
23 9 27 5.4994
23 10 20 4.3069
23 11 3 0.6705
23 12 15 2.6171
23 13 3 1.0594
23 14 6 1.1692
23 15 9 2.2107
23 16 21 4.9532
23 17 180 41.9616
23 18 8 1.8760
23 19 39 7.6210
23 20 59 12.8271
23 22 1 0.1362
23 23 6 1.2080
23 24 10 3.4718
23 25 142 29.6561
23 26 110 23.2328
23 27 38 13.3908
23 28 3 0.4780
23 29 421 107.3724
23 30 3 0.6620
23 32 5 1.4656
23 33 3 0.6520
23 34 3 0.5272
23 35 45 8.4382
23 36 2 0.2587
23 37 18 3.7618
23 38 14 2.6070
23 40 95 39.4272
23 41 51 12.4737
23 43 34 6.8126
23 44 29 10.7655
23 45 18 4.1823
23 46 48 11.3633
23 47 18 3.7442
23 48 182 55.8879
23 49 13 4.0296
23 50 100 18.4686
23 51 36 7.3367
23 52 20 6.2698
23 54 45 13.4934
23 55 19 4.3163
23 56 5 1.7420
23 57 71 21.5790
23 58 2 0.4146
23 59 3 0.8510
23 61 34 6.5854
23 62 13 3.6996
23 64 49 11.9646
23 66 37 12.4215
23 67 21 6.8635
23 68 61 16.4111
23 69 13 3.0978
23 70 4 0.9503
23 71 20 4.1106
23 72 32 6.7301
23 73 47 9.3607
23 75 3 0.5390
23 76 133 37.1860
23 77 1 0.2421
23 78 1 0.2721
23 79 17 5.5305
23 80 6 1.0054
23 81 10 1.7810
23 82 9 1.8318
23 84 36 7.1607
23 85 9 1.9487
23 86 6 1.3731
23 87 8 3.7547
23 88 21 8.1629
23 89 1 0.2005
23 90 25 4.2990
23 91 167 34.5362
23 92 103 25.2971
23 93 2 0.3985
23 94 21 5.8860
23 95 112 31.6747
23 96 17 3.5473
23 97 745 172.4854
23 98 16 3.3385
23 99 14 2.5576
23 100 7 1.4772
23 101 8 1.4887
23 103 22 5.8159
23 104 15 3.2726
23 105 12 2.3739
23 106 54 11.0196
23 107 1 0.1907
23 108 40 7.8420
23 109 11 2.8484
23 110 136 44.1971
23 111 3 0.9437
23 112 6 1.8950
23 113 130 42.7390
23 114 4 0.7288
23 115 10 2.4651
23 116 26 6.5080
23 118 27 7.4605
23 119 12 3.4006
23 120 41 7.3710
23 121 85 28.9153
23 122 4 0.9593
23 123 17 3.3422
23 124 1 0.1888
23 125 6 1.5275
23 126 13 2.5209
23 127 12 2.9223
23 128 121 26.2131
23 129 6 1.3343
23 130 4 0.8783
23 131 113 33.3838
23 132 25 6.8310
23 133 34 7.2415
23 134 19 4.6097
23 135 18 4.8495
23 136 4 0.6653
23 137 71 14.6905
23 139 15 4.3818
23 140 13 4.8824
23 141 6 1.1746
23 142 27 5.1890
23 143 47 13.3481
23 144 19 4.2719
23 145 7 1.4765
23 146 8 2.2881
23 147 58 12.4613
23 148 11 4.1946
23 149 87 24.7754
23 150 15 2.9877
23 151 42 11.7479
23 152 163 52.5711
23 153 23 3.9576
23 154 89 28.8809
23 155 21 4.0188
23 156 2 0.6158
23 157 23 7.0367
23 159 7 1.5159
23 160 66 16.0863
23 161 26 7.5216
23 162 31 7.0146
23 163 47 11.8885
23 164 20 6.1796
23 165 2 0.5450
23 166 2 0.9781
23 167 41 12.4322
23 168 20 3.9975
23 169 3 0.4540
23 170 10 2.4355
23 171 33 6.3845
23 172 10 2.6260
23 173 3 0.4588
23 174 59 12.1812
23 175 17 3.6253
23 176 53 10.6372
23 177 27 5.0258
23 178 1 0.4321
23 179 2 0.5708
23 180 35 6.9799
23 181 6 1.0941
23 182 8 1.7380
23 183 25 5.9138
23 184 21 5.2626
23 185 8 1.5333
23 186 11 2.1385
23 187 7 1.6690
23 188 18 4.6482
23 189 25 7.3352
23 190 15 3.5599
23 191 76 20.7817
23 192 4 1.1467
23 193 2 0.3976
23 194 2 0.4219
23 195 2 0.3468
23 196 14 9.9072
23 197 25 5.3587
23 198 4 1.3764
23 199 30 8.2458
23 200 1 0.1902
23 201 13 2.4571
23 202 5 0.9329
23 204 4 0.8133
23 205 1021 293.5993
23 206 86 18.5130
23 207 20 4.6732
23 208 66 18.6109
23 209 25 5.6941
23 210 94 19.3115
23 211 5 0.8031
23 212 11 2.2339
23 213 13 4.4055
23 214 35 7.7191
23 215 34 8.8548
23 216 15 3.4127
23 217 64 12.9360
23 218 21 5.0599
23 219 420 106.3799
23 220 71 14.2218
23 222 37 12.0044
23 223 6 1.1000
23 224 357 75.6279
23 225 15 3.5541
23 226 29 5.7275
23 227 1 0.2107
23 228 3 0.8615
23 229 5 1.0222
23 230 3 0.6697
23 231 17 3.4223
23 233 3 0.5809
23 235 41 8.0425
23 236 7 1.1232
23 239 4 0.5023
23 240 11 2.1749
23 242 16 2.9453
23 243 134 29.1933
23 245 17 3.5145
23 247 19 4.8910
23 249 5 1.0177
23 250 2 0.4142
23 251 32 6.0455
23 253 8 2.4786
23 254 2 0.7991
23 255 40 8.7015
23 256 10 2.2071
23 257 54 11.3252
23 258 16 4.8094
23 259 25 4.5035
23 260 12 4.3967
23 261 3 0.5162
23 262 12 2.9236
23 263 48 10.6856
23 264 12 3.3319
23 265 34 7.0691
23 266 142 32.9762
23 267 5 1.4201
23 268 10 2.0223
23 269 7 1.9498
23 270 1 0.2225
23 271 132 29.2357
23 272 3 0.6750
23 273 86 18.4798
23 274 26 4.8722
23 275 10 2.0087
23 276 9 1.7496
23 277 452 123.4179
23 278 3 1.0142
23 279 26 11.0954
23 281 1 0.2837
23 282 24 5.0581
23 283 178 37.0104
23 284 29 5.8153
23 285 77 18.5144
23 286 12 3.4716
23 287 2 0.5936
23 288 1 0.1597
23 290 8 2.1737
23 291 27 8.0963
23 292 101 22.5010
23 293 5 1.5870
23 294 71 19.8693
23 295 10 1.7585
23 296 14 5.0761
23 297 2 0.3857
23 298 22 6.0789
23 299 9 1.7070
23 300 6 1.4844
23 301 7 1.4022
23 302 145 32.1339
23 304 7 1.2076
23 305 207 81.3546
23 306 43 8.1756
23 307 1 0.1717
23 308 9 1.7451
23 309 20 4.5188
23 311 7 1.1812
23 312 2 0.3807
23 313 52 20.6456
23 315 52 11.1103
23 316 20 6.1089
23 317 21 4.7106
23 318 6 1.1451
23 319 3 0.9621
23 320 268 50.6721
23 322 97 29.5155
23 323 1 0.2677
23 324 49 10.2870
23 325 13 3.4378
23 326 14 2.8868
23 327 1 0.1943
23 328 3 0.6735
23 329 36 9.4280
23 330 15 3.5039
23 331 26 5.5907
23 332 104 21.4418
23 333 4 0.7423
23 334 19 3.5094
23 335 55 12.6078
23 336 22 4.4126
23 337 2 0.4177
23 338 9 2.0612
23 339 13 5.0505
23 341 10 1.9323
23 342 28 7.8755
23 344 23 7.8901
23 345 40 8.1829
23 346 16 3.3830
23 347 28 5.8632
23 348 26 6.0952
23 349 3 0.4832
23 350 1 0.4695
23 351 15 3.0002
23 352 2 0.4711
23 353 5 0.7960
23 354 25 4.6892
23 355 13 2.5734
23 356 101 21.7034
23 357 43 10.2234
23 358 1251 311.7746
23 360 60 12.1523
23 361 25 6.2574
23 362 28 5.5607
23 363 1 0.1745
23 364 26 5.9181
23 365 14 3.4628
23 366 124 25.4104
23 367 27 5.1787
23 368 12 2.7713
23 370 139 42.9772
23 372 71 30.3559
23 373 1 0.1507
23 374 39 8.0998
23 375 33 6.2334
23 376 7 1.3231
23 377 16 3.9695
23 378 6 1.4640
23 379 3 0.5793
23 381 8 1.6802
23 382 20 4.0157
23 383 10 2.0685
24 0 4 0.9360
24 1 4 0.7476
24 2 65 16.2349
24 3 34 7.0614
24 4 1 0.2191
24 5 123 28.2391
24 6 19 5.2375
24 7 3 0.6565
24 8 11 2.2854
24 10 453 112.5604
24 11 5 0.8091
24 12 2 0.4283
24 14 16 4.2440
24 15 64 13.5546
24 16 136 29.0462
24 19 32 6.4487
24 20 9 3.5579
24 22 248 53.9931
24 24 17 4.0096
24 26 3 0.6307
24 27 21 3.8942
24 28 5 1.0963
24 30 4 0.9138
24 32 56 12.3631
24 33 52 11.0016
24 35 3 0.6611
24 36 4 1.1315
24 37 88 19.2154
24 38 7 1.3922
24 39 206 50.5885
24 41 180 46.1052
24 42 19 3.7612
24 43 70 14.7945
24 44 2 0.4000
24 45 9 1.9503
24 46 4 1.1290
24 47 215 62.6680
24 48 61 11.3479
24 50 1 0.1902
24 51 15 3.0692
24 52 24 4.9881
24 53 62 13.6579
24 54 30 5.9542
24 55 7 1.3629
24 57 157 38.2993
24 58 5 1.0520
24 60 69 21.5912
24 63 16 3.2450
24 64 10 1.7628
24 66 20 4.2733
24 67 1 0.1654
24 68 2 0.3513
24 69 3 0.4729
24 70 1 0.4177
24 71 9 1.9523
24 72 77 14.9632
24 73 32 12.1040
24 76 6 1.2391
24 78 15 2.9071
24 79 5 1.0012
24 80 4 0.7710
24 81 5 1.0208
24 83 2 0.4677
24 84 24 5.9065
24 86 27 5.0314
24 87 92 22.5269
24 88 23 6.7811
24 89 1 0.1578
24 90 1 0.1609
24 91 24 4.8554
24 92 72 15.5744
24 93 4 0.8848
24 96 96 19.5272
24 97 5 1.3850
24 98 9 2.2460
24 100 18 3.9396
24 101 3 0.7449
24 103 12 3.1352
24 104 86 18.4600
24 105 331 115.0067
24 106 327 75.5295
24 107 26 4.8548
24 108 25 5.3080
24 109 18 4.0389
24 112 37 6.7757
24 113 7 1.3036
24 114 5 1.2465
24 115 6 1.4720
24 116 1 0.2730
24 117 12 2.3919
24 118 6 2.4336
24 119 2 0.3764
24 122 62 19.9041
24 123 5 1.7438
24 124 44 9.6223
24 125 2 0.4350
24 126 13 2.2674
24 127 98 19.8550
24 129 1 0.1704
24 130 5 1.3313
24 131 1 0.1780
24 132 19 5.0603
24 133 17 3.4378
24 134 56 12.4170
24 135 69 14.0954
24 136 26 5.5535
24 137 1 0.1222
24 138 170 41.8045
24 139 189 43.9628
24 141 12 2.2722
24 143 1 0.1747
24 145 89 24.8021
24 146 224 56.1038
24 147 133 31.6728
24 150 9 1.6049
24 153 1 0.1389
24 154 12 2.2865
24 155 23 4.5177
24 157 6 1.5524
24 158 53 10.9877
24 159 51 10.4265
24 160 1 0.1922
24 161 56 11.8318
24 162 111 27.0013
24 163 5 1.0386
24 164 7 1.6098
24 165 17 4.5897
24 166 1 0.2314
24 167 20 4.7052
24 168 2 0.4648
24 170 4 0.7521
24 171 1 0.2117
24 172 1 0.1525
24 173 18 3.7096
24 174 1 0.1692
24 175 1 0.1660
24 177 8 1.6204
24 178 2 0.3615
24 179 2 0.3979
24 180 4 0.7822
24 181 23 6.4116
24 182 15 2.5184
24 183 83 32.4334
24 184 5 1.0178
24 185 45 14.5643
24 187 1 0.2129
24 188 1 0.2024
24 189 109 23.6337
24 190 15 3.5282
24 191 58 13.0027
24 192 21 4.4852
24 193 32 6.3916
24 194 4 0.6455
24 195 7 1.3636
24 196 17 4.7374
24 197 1 0.2474
24 198 43 8.0605
24 199 13 2.7265
24 201 8 1.3287
24 202 5 1.5028
24 203 11 2.5008
24 204 84 22.6591
24 206 4 0.8802
24 208 80 17.8859
24 209 44 10.1374
24 211 12 2.3273
24 212 24 5.3480
24 213 64 13.5063
24 214 23 5.3906
24 215 13 2.5873
24 216 17 3.8249
24 218 5 1.1261
24 219 130 26.4673
24 222 21 4.1187
24 223 1352 438.8247
24 225 409 87.9617
24 227 8 1.6178
24 228 7 1.0523
24 230 26 5.9405
24 231 20 4.2577
24 232 46 9.6344
24 233 88 28.7707
24 234 1 0.2347
24 237 111 21.9571
24 238 42 8.7707
24 240 7 1.3818
24 241 7 1.3983
24 243 1 0.1616
24 244 55 13.4536
24 245 5 0.9356
24 246 34 7.4096
24 247 8 1.9464
24 249 269 61.0472
24 250 1 0.1923
24 251 1 0.1570
24 252 650 156.3702
24 253 9 1.9314
24 254 3 0.4261
24 255 18 3.5601
24 256 1 0.1682
24 257 64 13.4155
24 258 3 0.5188
24 259 6 1.1992
24 261 5 1.0011
24 262 36 8.0211
24 263 8 1.5775
24 264 36 7.4743
24 265 13 2.4239
24 266 53 11.3079
24 269 21 5.4908
24 271 3 0.5261
24 272 1 0.4118
24 273 25 4.6453
24 275 8 1.6583
24 276 8 1.6115
24 277 3 0.7341
24 278 54 12.9786
24 281 296 79.8722
24 282 1 0.2556
24 283 189 42.3511
24 284 58 16.5850
24 285 80 27.2743
24 286 1 0.2650
24 287 13 2.3203
24 289 1 0.2078
24 290 28 6.7038
24 291 28 6.4036
24 292 37 8.2980
24 293 4 0.8409
24 294 5 1.1510
24 296 42 7.7019
24 297 6 1.3799
24 298 2 0.4244
24 299 35 7.2975
24 300 4 0.7146
24 301 19 3.9628
24 302 3 0.7089
24 303 4 0.6495
24 304 73 15.3819
24 306 5 1.0058
24 307 3 0.5973
24 311 112 24.1033
24 313 21 5.0785
24 314 52 10.1028
24 315 13 2.7697
24 316 29 5.5702
24 317 37 8.3731
24 318 4 0.8146
24 319 9 2.0605
24 320 2 0.3123
24 321 220 84.1822
24 322 12 2.2870
24 323 14 3.3179
24 324 24 4.9894
24 325 63 16.9567
24 326 116 31.1470
24 327 5 0.8070
24 328 5 1.3390
24 331 27 5.0932
24 332 128 29.6712
24 333 35 6.7205
24 335 3 0.5885
24 336 10 2.1593
24 337 4 0.8489
24 338 40 8.3125
24 339 4 0.8520
24 341 1 0.1544
24 342 18 7.5864
24 343 33 8.3996
24 344 2 0.4660
24 345 15 2.8227
24 346 987 243.9763
24 348 129 29.9701
24 351 5 1.1021
24 353 91 30.0051
24 354 12 2.5560
24 355 53 11.2628
24 356 3 0.6795
24 358 61 17.4324
24 359 9 1.7909
24 362 8 2.4619
24 363 15 4.3241
24 364 1 0.3937
24 367 141 43.3425
24 368 9 1.8927
24 369 122 25.8888
24 375 8 1.8200
24 376 100 21.2648
24 378 2 0.3043
24 379 14 2.9946
24 382 8 1.7971
24 383 6 1.1505
25 0 1 0.2307
25 1 13 2.9194
25 3 10 2.4891
25 4 66 13.9069
25 5 1 0.1761
25 6 1 0.2392
25 7 169 40.6858
25 11 24 6.4895
25 12 5 0.9987
25 13 13 2.9978
25 14 1 0.2389
25 15 94 26.1071
25 16 96 19.4264
25 17 6 1.0242
25 18 4 0.8123
25 20 72 19.4985
25 21 29 5.6065
25 23 330 71.6567
25 24 1 0.2250
25 25 1 0.1522
25 26 1 0.1911
25 30 1 0.2285
25 32 86 17.0161
25 33 35 9.2344
25 34 15 2.9840
25 36 3 0.7857
25 37 25 5.5868
25 40 23 4.3425
25 41 7 1.4393
25 42 15 3.1872
25 43 26 5.2622
25 45 4 0.9563
25 47 19 4.6139
25 54 13 3.7929
25 55 64 17.2634
25 56 2 0.2840
25 57 1 0.1556
25 58 134 29.1852
25 60 17 3.7968
25 61 8 1.5942
25 62 19 4.2746
25 63 2 0.3730
25 64 9 2.0069
25 65 3 0.6786
25 66 33 6.8310
25 67 26 4.4535
25 68 3 0.5483
25 71 1 0.1997
25 73 17 3.8117
25 74 18 3.7753
25 75 146 34.7641
25 80 13 2.4411
25 81 1 0.1283
25 82 51 9.7092
25 83 1 0.1713
25 86 289 64.2456
25 87 2 0.3280
25 89 1 0.2543
25 90 13 2.5671
25 92 30 5.9232
25 93 3 0.5688
25 94 186 41.9486
25 95 1 0.1804
25 96 3 0.5665
25 97 148 33.3256
25 98 6 1.0853
25 99 9 2.0238
25 101 4 0.7363
25 102 1 0.2388
25 103 192 40.6203
25 104 4 0.9173
25 105 10 2.5272
25 106 75 16.7577
25 107 10 1.9917
25 110 13 2.6277
25 111 1036 295.3523
25 112 40 9.0616
25 113 5 1.0926
25 114 12 2.9910
25 115 59 13.5444
25 116 3 0.6549
25 117 3 0.9764
25 118 1 0.1737
25 120 7 1.3760
25 121 5 1.1577
25 122 89 17.4191
25 124 29 6.2094
25 125 12 2.1294
25 127 1 0.1616
25 128 268 77.4525
25 130 8 1.7879
25 131 34 6.6727
25 132 16 2.2731
25 133 4 0.8566
25 134 220 46.9738
25 135 22 4.3765
25 136 12 2.6804
25 138 4 0.6685
25 139 34 7.6519
25 141 2 0.3692
25 142 32 5.9865
25 143 35 6.9189
25 144 13 2.8032
25 145 5 0.9453
25 147 34 7.5242
25 148 6 1.4136
25 149 2 0.3509
25 150 17 3.6453
25 151 24 5.5108
25 152 20 4.6857
25 153 26 5.2484
25 156 18 4.0012
25 157 2 0.4077
25 158 24 6.8480
25 159 9 2.3005
25 160 86 19.3747
25 161 40 9.3367
25 162 27 5.1553
25 163 23 5.6364
25 164 197 41.2257
25 165 103 21.9333
25 166 18 3.6479
25 167 11 2.4821
25 168 11 2.3478
25 171 59 21.4999
25 174 10 1.8691
25 177 30 7.2558
25 178 917 302.9942
25 179 14 2.6460
25 180 79 15.3021
25 181 1 0.1709
25 182 19 4.5011
25 184 27 5.3920
25 185 2 0.4319
25 186 32 6.7292
25 187 40 7.8616
25 188 155 39.5163
25 189 40 8.5257
25 192 32 9.7509
25 193 49 12.8741
25 197 54 14.5611
25 199 43 9.4033
25 203 13 2.5795
25 204 12 2.6221
25 205 15 3.5271
25 206 4 0.7714
25 207 5 0.9356
25 208 98 25.0182
25 209 16 3.5859
25 210 50 11.8779
25 211 93 28.3469
25 213 40 7.6896
25 214 23 5.4205
25 215 105 23.2246
25 216 7 1.7900
25 217 7 1.2816
25 220 18 3.7833
25 221 5 0.8605
25 223 1 0.2008
25 224 19 3.2437
25 225 4 0.7645
25 227 3 0.6214
25 228 2 0.4603
25 229 2 0.4353
25 230 6 1.2547
25 231 84 19.3643
25 232 2 0.6407
25 233 246 60.7787
25 235 90 19.4890
25 237 50 12.9278
25 238 4 0.8648
25 239 33 7.4832
25 242 471 93.4802
25 244 15 3.4819
25 246 12 2.7756
25 247 28 5.7088
25 248 17 4.0172
25 249 18 3.8569
25 250 43 9.6273
25 251 140 25.8150
25 252 14 2.5946
25 253 17 2.9761
25 256 16 3.2405
25 257 3 0.6499
25 260 208 47.7885
25 261 12 2.4324
25 263 21 4.8432
25 265 24 5.3748
25 266 5 1.1726
25 269 60 13.0588
25 270 2 0.4343
25 271 30 7.4489
25 272 47 12.1864
25 273 22 4.9303
25 274 4 0.8620
25 276 11 2.5500
25 277 10 2.3547
25 279 58 12.5560
25 283 2 0.3754
25 286 34 6.8335
25 287 53 10.4478
25 288 73 13.8712
25 289 5 0.8293
25 290 5 0.9965
25 291 56 11.7798
25 292 9 1.6028
25 293 277 98.5342
25 294 10 2.0150
25 295 15 3.1038
25 299 14 2.3479
25 300 6 1.9230
25 301 146 32.9513
25 302 89 17.7574
25 303 25 4.8838
25 304 14 4.4881
25 306 32 7.5252
25 309 5 1.0818
25 310 174 37.0576
25 311 236 52.2905
25 312 32 7.9629
25 314 1 0.1823
25 315 11 3.0845
25 316 31 6.0765
25 318 22 4.5037
25 320 2 0.4372
25 321 226 70.4463
25 323 5 1.1710
25 324 11 3.1658
25 325 12 2.7345
25 326 3 0.6890
25 327 6 1.3887
25 328 218 67.6224
25 330 10 2.3094
25 331 71 20.0484
25 332 6 1.2788
25 333 196 58.5064
25 335 78 14.3551
25 336 43 12.0380
25 337 342 99.6866
25 339 8 1.7621
25 340 21 6.4225
25 344 4 0.7348
25 346 1 0.2057
25 347 32 6.9478
25 348 2 0.3825
25 349 174 46.6034
25 351 5 1.1861
25 352 62 14.8613
25 353 2 0.3198
25 354 7 1.2048
25 356 56 11.1639
25 357 4 0.8769
25 358 160 36.3405
25 359 488 167.7905
25 360 76 15.6130
25 362 52 11.2798
25 364 42 11.4590
25 365 9 1.5786
25 367 2 0.4760
25 368 4 0.8430
25 370 1 0.1573
25 371 8 1.5686
25 372 3 0.5762
25 373 9 2.0701
25 374 3 0.6519
25 375 25 5.2013
25 381 2 0.4167
25 382 3 0.5598
25 383 41 7.7394
26 0 47 9.1370
26 1 3 0.5881
26 2 1 0.3710
26 3 3 0.6194
26 4 95 21.1004
26 5 2 0.3626
26 6 3 0.5528
26 7 8 1.8838
26 11 61 12.4636
26 12 308 68.6931
26 14 7 1.5875
26 15 36 7.7887
26 16 17 3.5709
26 17 49 10.8179
26 20 47 9.2902
26 25 1 0.1570
26 26 37 7.4488
26 27 1070 321.4503
26 28 7 1.6553
26 29 137 38.0034
26 30 14 4.0393
26 31 1 0.1780
26 32 7 1.3815
26 34 1 0.2451
26 36 23 4.7306
26 37 122 34.2234
26 38 9 1.7037
26 39 47 13.3793
26 40 30 5.5630
26 41 123 26.4086
26 42 4 0.8089
26 43 11 2.2112
26 44 19 3.7102
26 45 10 1.8801
26 46 33 6.5739
26 47 4 0.8267
26 48 48 10.1581
26 49 20 4.3828
26 51 53 11.2462
26 54 51 10.6433
26 60 17 3.6230
26 61 1 0.2403
26 62 1 0.1607
26 63 5 1.1069
26 64 1 0.1481
26 66 9 1.8289
26 68 63 12.9589
26 69 33 6.5965
26 70 83 26.7445
26 72 1 0.1402
26 74 6 1.2095
26 75 2 0.4412
26 76 17 3.9230
26 77 17 3.7518
26 79 33 7.4108
26 80 12 1.9735
26 81 7 1.6351
26 83 29 5.8091
26 84 7 1.3963
26 86 2 0.2599
26 87 69 14.1180
26 88 9 1.8170
26 90 23 4.8802
26 91 5 1.1043
26 92 62 11.5278
26 93 243 48.8041
26 94 3 0.5468
26 95 14 3.3735
26 97 131 31.9635
26 100 15 2.7329
26 101 2 0.3681
26 102 5 0.9658
26 103 1 0.2172
26 104 15 3.2910
26 105 250 74.3091
26 106 9 1.8536
26 107 8 1.8900
26 108 1 0.2177
26 109 2 0.3688
26 110 32 6.2076
26 111 6 1.0733
26 112 3 0.6669
26 113 2 0.2724
26 116 282 63.8017
26 118 38 8.0844
26 119 9 1.7947
26 120 184 47.1944
26 121 3 0.5900
26 122 21 4.6719
26 123 4 0.6949
26 124 7 1.5766
26 125 1 0.4813
26 127 22 4.8127
26 128 36 6.9155
26 129 2 0.4720
26 133 43 9.6323
26 134 67 16.0292
26 135 7 1.1864
26 136 165 42.9749
26 137 53 10.4370
26 138 12 2.3291
26 140 4 1.4701
26 142 5 0.7897
26 145 24 5.2617
26 147 6 1.4205
26 148 117 24.0316
26 149 25 5.1005
26 151 26 5.3902
26 152 9 2.0431
26 153 39 8.2389
26 155 5 1.3405
26 156 20 4.9685
26 157 32 8.0291
26 159 1 0.2354
26 160 51 10.6043
26 162 4 0.8214
26 164 4 0.6668
26 166 28 6.1014
26 167 47 9.5974
26 168 5 1.3982
26 169 96 31.4721
26 170 10 2.4763
26 171 51 10.6251
26 172 2 0.3406
26 173 388 94.6484
26 174 13 3.0769
26 176 41 8.7352
26 177 5 1.1443
26 178 10 2.2623
26 179 43 9.4996
26 181 7 1.2277
26 182 1 0.1949
26 183 12 2.4599
26 185 84 27.3209
26 186 41 9.7733
26 187 25 4.9308
26 188 29 5.7644
26 189 3 0.5388
26 190 7 1.3518
26 191 5 0.8866
26 192 137 30.6698
26 194 34 6.8493
26 195 4 0.9003
26 197 1 0.2049
26 198 172 39.2739
26 199 27 5.2052
26 200 386 94.3110
26 202 7 1.6412
26 203 8 1.6841
26 204 10 2.3911
26 205 21 4.5558
26 206 223 75.0855
26 207 9 2.1637
26 208 2 0.3654
26 209 9 2.3066
26 211 78 17.2279
26 212 1 0.2265
26 213 7 1.2510
26 214 15 3.9612
26 215 2 0.4882
26 216 4 1.1409
26 217 17 3.4602
26 221 17 3.2554
26 223 4 0.8979
26 224 11 2.2297
26 225 1 0.2216
26 227 54 11.5103
26 228 265 90.1090
26 230 24 4.7219
26 231 2 0.3853
26 235 36 7.5484
26 236 8 1.7033
26 237 56 12.0744
26 239 106 22.6696
26 240 8 1.4413
26 241 214 50.5011
26 242 21 4.6768
26 244 12 3.4234
26 246 1 0.2189
26 247 11 2.1145
26 248 45 7.1624
26 249 9 1.9123
26 250 15 3.1664
26 251 21 5.6862
26 252 20 4.0263
26 254 50 10.7571
26 256 128 31.8798
26 257 9 2.2093
26 258 25 5.4118
26 259 199 52.3435
26 260 23 4.6481
26 261 1 0.1538
26 262 1 0.2765
26 263 15 3.1304
26 265 387 116.8728
26 266 11 2.4110
26 267 24 6.4143
26 268 224 60.0261
26 269 2 0.4335
26 270 20 4.1126
26 272 2 0.5789
26 273 8 1.7440
26 274 9 2.4505
26 276 264 70.6190
26 277 24 4.5691
26 279 1 0.1954
26 280 231 60.3506
26 281 10 2.0792
26 283 99 19.8565
26 284 18 3.8711
26 285 7 1.4485
26 288 2 0.4814
26 289 1 0.2508
26 290 26 5.7685
26 292 1 0.1542
26 293 5 0.9458
26 295 10 2.1767
26 297 40 7.7492
26 298 4 0.7986
26 299 6 1.2717
26 301 1 0.2280
26 302 5 0.8814
26 303 10 2.2737
26 304 26 5.0820
26 305 15 4.1758
26 307 1 0.2001
26 309 104 25.1780
26 310 11 2.2702
26 311 8 1.4306
26 314 3 0.5405
26 315 8 1.8935
26 317 16 3.7179
26 319 1 0.3163
26 320 1 0.2088
26 321 4 0.5503
26 323 8 1.5294
26 325 93 25.5821
26 328 2 0.5016
26 330 21 5.7639
26 331 103 23.7393
26 332 7 1.2708
26 333 136 28.5209
26 334 83 20.4513
26 336 42 11.5844
26 340 3 0.6028
26 341 131 31.8532
26 342 9 1.9055
26 343 95 22.6348
26 345 21 4.9482
26 347 45 11.7406
26 348 20 4.5163
26 349 31 7.1764
26 351 16 4.7241
26 353 38 7.7949
26 358 17 3.7620
26 360 2 0.3622
26 361 221 49.0388
26 362 8 1.9266
26 364 1 0.1230
26 365 26 5.3583
26 367 11 3.2998
26 368 42 9.1714
26 369 684 215.3891
26 370 53 10.9313
26 371 36 7.7648
26 372 5 1.3547
26 373 43 10.1567
26 376 22 4.6622
26 377 7 1.5258
26 379 2 0.3769
26 380 134 27.3371
26 382 2 0.4711
26 383 44 11.4632
27 2 90 28.9929
27 3 39 10.8205
27 4 9 1.8632
27 5 62 15.4471
27 6 4 1.0666
27 7 6 1.3635
27 8 14 2.7099
27 9 39 10.2056
27 10 161 54.1768
27 11 3 0.5241
27 12 31 5.7550
27 14 5 1.0255
27 16 5 0.9069
27 18 29 6.4500
27 19 3 0.6245
27 22 27 5.6969
27 23 42 9.6502
27 25 13 2.6064
27 26 2 0.3656
27 27 3 0.7039
27 28 50 16.4125
27 29 9 2.2593
27 30 5 1.0725
27 33 39 9.1461
27 34 1 0.1870
27 36 7 2.7104
27 37 13 2.5612
27 39 9 1.8014
27 40 44 8.1125
27 41 33 6.9404
27 43 167 72.4367
27 44 2 0.3826
27 45 261 67.6794
27 46 32 6.6289
27 47 22 4.2333
27 48 11 3.3913
27 49 22 6.4986
27 50 21 4.8117
27 51 4 0.7482
27 52 30 6.4981
27 54 23 5.0798
27 55 23 5.3583
27 57 180 47.6662
27 58 1 0.2623
27 59 26 7.1564
27 61 101 22.2805
27 62 74 15.9934
27 63 23 4.8875
27 64 26 6.5904
27 66 58 11.7664
27 67 7 1.8984
27 68 20 5.0520
27 69 55 12.9576
27 72 6 1.1676
27 73 2 0.3109
27 74 4 0.7685
27 76 7 1.4983
27 77 125 31.9473
27 78 17 3.4853
27 79 25 4.7936
27 80 2 0.3969
27 83 1 0.1447
27 84 1 0.2144
27 85 6 1.4869
27 86 212 45.9817
27 88 84 18.3057
27 89 180 46.4087
27 90 254 58.1546
27 91 19 3.9627
27 92 21 3.8567
27 93 20 4.0424
27 96 10 2.3802
27 98 1 0.2084
27 99 12 2.4087
27 100 8 1.5285
27 101 112 29.0329
27 102 3 0.7599
27 103 16 4.3841
27 104 15 3.1216
27 105 70 16.1592
27 106 10 2.1115
27 107 39 8.1677
27 108 6 1.1490
27 109 2 0.4235
27 110 18 3.5281
27 111 6 1.4851
27 113 16 3.7303
27 114 13 2.5448
27 115 29 6.2633
27 116 8 1.6790
27 117 13 2.5007
27 119 5 0.9999
27 120 1 0.1914
27 121 5 1.2007
27 122 5 0.9851
27 123 2 0.4076
27 124 15 2.9234
27 125 184 38.3256
27 126 48 12.2555
27 127 2 0.4117
27 128 121 24.6675
27 129 45 9.8306
27 130 25 4.7615
27 131 18 4.0634
27 132 1 0.1785
27 133 16 3.3944
27 134 4 0.7113
27 135 151 32.7260
27 136 16 3.0914
27 137 6 1.4153
27 138 1 0.1895
27 140 4 1.5611
27 142 29 7.4117
27 143 22 5.3461
27 145 3 0.5341
27 146 177 37.7706
27 147 48 14.6325
27 148 344 85.8833
27 149 13 3.2273
27 151 9 1.5669
27 152 46 8.7333
27 153 18 3.7684
27 154 139 37.0648
27 155 1 0.1631
27 156 1 0.2010
27 157 7 1.1549
27 158 15 5.7337
27 159 36 10.1097
27 160 1 0.2133
27 161 3 0.5824
27 163 2 0.4141
27 164 8 1.4460
27 165 24 5.1383
27 166 2 0.3853
27 167 49 9.9796
27 168 31 6.7815
27 169 13 2.9405
27 170 4 1.4399
27 171 4 0.7319
27 173 1 0.3035
27 174 21 5.2138
27 175 9 2.4482
27 176 8 1.6271
27 177 36 7.9038
27 178 17 3.9657
27 179 47 9.4515
27 180 14 2.9100
27 182 76 24.5572
27 183 4 0.8023
27 185 3 0.6756
27 186 122 25.2476
27 187 1 0.2501
27 188 8 1.6241
27 189 15 2.6585
27 194 70 14.7091
27 195 1 0.1870
27 196 5 1.5301
27 197 8 1.4963
27 198 43 9.6880
27 199 3 0.6553
27 200 6 1.3817
27 201 1 0.1883
27 202 65 14.3306
27 203 5 0.6909
27 204 10 2.1707
27 205 17 4.1932
27 207 16 3.2826
27 208 29 5.9225
27 209 18 2.8409
27 211 25 5.3318
27 214 337 76.8748
27 215 11 2.6669
27 216 20 4.0686
27 217 209 61.7993
27 218 20 4.6971
27 220 90 18.8638
27 221 3 0.7175
27 222 1 0.2597
27 223 17 3.7473
27 224 48 11.2555
27 225 8 1.6319
27 226 2 0.3468
27 228 213 57.8696
27 231 38 14.1786
27 233 15 3.1854
27 234 9 1.5139
27 235 12 2.4992
27 236 5 0.6724
27 237 17 5.1979
27 239 1 0.2292
27 240 11 2.7465
27 241 28 6.8453
27 242 44 11.8545
27 243 5 0.9857
27 244 75 14.3278
27 245 19 3.4716
27 246 16 3.1595
27 247 10 3.4073
27 248 26 5.2425
27 249 16 3.2000
27 250 87 21.1432
27 251 5 1.2377
27 252 1 0.1901
27 253 52 11.5443
27 254 30 5.8097
27 255 38 7.8625
27 256 53 13.0811
27 257 26 5.0964
27 258 3 0.5562
27 259 169 40.5996
27 261 1 0.4651
27 263 83 16.8374
27 265 52 12.4461
27 266 6 1.3882
27 267 20 4.3686
27 268 14 2.3672
27 271 94 20.5892
27 272 3 0.5219
27 273 66 13.1268
27 274 47 9.2577
27 275 6 1.3077
27 276 8 1.3876
27 277 3 0.5835
27 278 23 4.4108
27 279 19 3.9677
27 280 48 10.8935
27 281 25 8.0815
27 282 84 19.8889
27 283 67 12.9346
27 284 6 1.1339
27 285 44 12.3238
27 287 2 0.3054
27 289 60 12.0424
27 291 11 2.4248
27 292 112 22.0332
27 294 3 0.7699
27 295 9 1.9252
27 296 53 11.3720
27 297 45 8.0105
27 298 4 0.6468
27 299 4 0.7578
27 301 2 0.6334
27 302 2 0.3596
27 303 26 4.7444
27 304 17 9.0933
27 305 16 3.4396
27 306 118 38.5525
27 307 4 0.8591
27 308 367 82.2370
27 310 26 7.5391
27 312 52 14.0076
27 313 1 0.1981
27 314 20 7.4157
27 315 21 4.0186
27 320 6 1.2896
27 321 25 6.8867
27 322 48 14.0814
27 323 9 1.7644
27 324 6 1.7696
27 325 3 0.8989
27 326 43 8.9443
27 327 15 3.1224
27 328 12 2.7702
27 329 8 1.4638
27 331 79 25.6915
27 332 4 0.5537
27 333 4 0.7130
27 335 21 4.1391
27 336 1037 328.7147
27 337 1 0.1711
27 338 1 0.2008
27 340 1 0.2010
27 341 1 0.0963
27 342 11 2.1836
27 343 44 9.2605
27 344 1 0.2305
27 345 2 0.3739
27 346 15 2.8072
27 347 5 0.9006
27 350 72 16.9978
27 351 7 1.6613
27 352 10 1.8716
27 353 21 5.5725
27 354 19 4.0120
27 355 90 19.2087
27 358 27 8.0435
27 359 14 3.0673
27 360 5 1.0584
27 361 26 5.6924
27 362 198 65.0782
27 363 265 79.3459
27 365 11 3.1315
27 366 5 0.8819
27 367 8 1.6635
27 368 47 11.0158
27 369 8 1.5599
27 370 1 0.1609
27 371 3 0.9353
27 373 106 32.7637
27 374 8 1.4020
27 375 6 1.7018
27 378 20 4.0389
27 379 13 2.7281
27 381 7 1.3632
27 382 73 14.3717
27 383 81 17.2550
28 2 6 1.3947
28 3 18 3.9653
28 7 4 0.9186
28 8 1 0.2347
28 9 48 11.9968
28 11 110 26.1502
28 12 2 0.4832
28 13 4 0.9563
28 15 66 13.8613
28 16 2 0.4409
28 17 1 0.2422
28 18 1 0.3250
28 19 2 0.3666
28 22 38 8.1257
28 25 10 2.1865
28 26 3 0.4830
28 27 10 1.8907
28 30 3 0.7180
28 32 125 26.0207
28 34 46 11.7816
28 35 1 0.1337
28 36 6 1.7427
28 38 8 1.6824
28 39 5 1.1408
28 40 92 21.6596
28 41 48 9.8703
28 43 23 5.2011
28 44 8 2.0174
28 45 3 1.0517
28 46 14 3.0336
28 47 12 2.8236
28 48 138 40.4266
28 49 32 11.2864
28 50 23 5.6808
28 51 49 11.5266
28 52 133 31.1526
28 53 54 13.2394
28 55 1 0.2337
28 56 47 8.6765
28 57 111 24.0475
28 58 50 11.6727
28 59 61 18.1402
28 60 12 2.7916
28 61 1 0.2241
28 63 3 0.5987
28 65 2 0.4233
28 69 1 0.1696
28 70 13 3.0517
28 71 10 1.9900
28 72 37 7.9904
28 73 41 8.2842
28 74 16 3.8533
28 75 10 3.3737
28 76 1 0.2315
28 78 74 16.8549
28 79 3 0.5206
28 80 11 2.7706
28 81 1 0.3853
28 82 186 42.8773
28 83 14 3.3211
28 84 67 14.4046
28 85 11 2.5333
28 86 1 0.1311
28 87 43 9.5507
28 88 11 2.0637
28 89 17 5.7678
28 90 23 4.8858
28 91 33 8.3280
28 92 337 77.1577
28 93 3 0.6034
28 94 14 3.0544
28 96 43 10.4623
28 97 7 1.6218
28 98 12 2.4901
28 101 287 64.6523
28 105 37 7.3588
28 108 30 6.0184
28 109 5 1.1239
28 110 37 8.5078
28 112 5 1.1418
28 113 22 4.4020
28 116 5 1.0397
28 117 4 0.6606
28 118 182 40.1559
28 119 22 4.8683
28 120 1 0.1872
28 121 2 0.4752
28 122 11 2.3806
28 123 61 9.2217
28 124 1 0.1738
28 125 16 4.5242
28 126 127 45.0360
28 127 281 83.1862
28 129 72 29.3058
28 130 25 4.8344
28 135 6 1.5280
28 136 1 0.2370
28 137 405 126.1759
28 138 3 0.7616
28 139 52 11.5925
28 140 23 4.7163
28 141 80 18.6077
28 142 2 0.4300
28 143 56 15.6813
28 144 7 1.0981
28 147 22 6.8036
28 149 2 0.5023
28 150 19 4.4697
28 151 8 2.0121
28 153 171 55.3338
28 154 4 0.9088
28 157 4 0.7773
28 158 2 0.3293
28 159 11 2.5652
28 161 2 0.3724
28 162 2 0.4953
28 163 9 2.0581
28 165 1 0.0912
28 166 9 1.7395
28 167 7 1.7931
28 169 5 1.0081
28 170 113 24.6545
28 171 1 0.2083
28 172 36 5.6400
28 173 1 0.2482
28 175 121 31.0325
28 176 3 0.5730
28 177 13 3.5000
28 178 18 4.1335
28 179 45 10.8756
28 180 22 4.4826
28 182 18 5.2187
28 183 1 0.1450
28 184 44 10.4101
28 185 1 0.1929
28 187 35 6.4495
28 189 16 3.6322
28 190 4 0.8997
28 191 3 0.3639
28 192 13 3.5271
28 193 19 4.1066
28 194 6 1.3205
28 197 4 0.7026
28 198 17 3.8026
28 199 61 11.7724
28 200 49 11.1502
28 202 4 0.6892
28 203 29 5.4612
28 204 2 0.2598
28 205 7 1.9194
28 207 3 0.9564
28 208 5 0.7348
28 210 9 1.9423
28 211 96 22.3589
28 212 53 11.8332
28 213 2 0.3824
28 214 171 39.1851
28 215 51 10.5930
28 216 11 2.7731
28 218 2 0.5975
28 219 7 1.2591
28 220 5 1.0056
28 221 139 28.1379
28 222 35 7.1791
28 223 6 1.6904
28 224 19 4.0269
28 226 60 16.5935
28 227 4 0.8702
28 228 11 2.3815
28 229 48 13.6693
28 230 55 13.5975
28 232 24 5.8482
28 233 37 7.3412
28 234 4 0.9241
28 235 72 19.1015
28 238 12 2.9116
28 239 2 0.4655
28 240 5 1.1213
28 242 45 10.4626
28 243 42 7.9070
28 244 10 1.6683
28 245 80 15.4121
28 246 179 36.4647
28 247 6 1.1124
28 248 1 0.1592
28 249 162 48.2001
28 251 105 23.6962
28 252 41 10.3711
28 253 190 40.7104
28 254 9 1.9412
28 256 1 0.1928
28 257 22 6.8584
28 258 2 0.4139
28 259 2 0.3601
28 261 11 2.2283
28 262 398 114.3589
28 263 18 4.3978
28 264 4 0.6923
28 265 2 0.3938
28 269 47 15.7074
28 270 2 0.3135
28 271 124 37.6012
28 272 3 0.7483
28 273 10 1.6606
28 274 54 9.6631
28 275 95 35.3595
28 276 55 19.0472
28 277 7 1.5058
28 280 12 2.2784
28 281 3 0.5182
28 282 1 0.2668
28 283 40 9.6389
28 284 5 1.0117
28 285 15 3.2547
28 286 2 0.4721
28 287 18 3.1367
28 288 1 0.1134
28 289 14 3.1815
28 291 34 7.7937
28 293 9 1.6268
28 294 85 17.0261
28 295 45 11.4840
28 296 137 29.2221
28 297 13 2.7370
28 298 1 0.2785
28 299 1 0.1195
28 300 89 21.9308
28 302 6 1.0503
28 303 18 3.4492
28 304 20 4.7314
28 305 12 2.4344
28 308 112 24.8967
28 310 16 3.6276
28 311 14 2.4635
28 312 5 0.8737
28 313 9 1.8436
28 314 214 48.9648
28 315 201 51.2863
28 316 2 0.3673
28 317 1 0.1203
28 319 6 1.3831
28 320 7 1.1205
28 321 1 0.2728
28 322 1 0.2316
28 323 27 4.3094
28 324 80 27.9639
28 325 6 1.3976
28 327 2 0.6204
28 330 126 27.4901
28 332 32 7.8882
28 333 23 4.0734
28 334 7 1.4707
28 336 26 4.6335
28 337 1 0.3983
28 338 13 2.0554
28 341 30 5.9990
28 342 5 1.1352
28 344 1 0.1294
28 345 3 0.6675
28 347 110 30.4773
28 348 313 106.2619
28 349 3 0.7878
28 351 13 2.5715
28 352 211 51.6631
28 353 104 20.1481
28 354 2 0.2947
28 355 156 49.9074
28 357 2 0.3309
28 358 8 1.8887
28 359 53 12.8020
28 360 3 0.4382
28 362 10 2.6885
28 364 18 4.4612
28 366 59 13.8399
28 367 138 44.9234
28 369 3 0.6730
28 370 14 5.8703
28 374 4 1.0351
28 375 2 0.4355
28 376 120 29.8179
28 377 58 14.5669
28 379 47 10.4009
28 380 28 8.9830
28 381 2 0.4361
28 382 24 5.5732
28 383 21 4.1469
29 0 17 2.3233
29 1 2 0.4222
29 2 4 0.8174
29 3 34 6.4261
29 4 13 5.6648
29 6 9 2.2681
29 7 4 0.6957
29 9 63 15.7845
29 10 110 27.5487
29 11 41 8.9844
29 13 63 12.2003
29 14 22 4.3981
29 17 281 61.6142
29 19 4 0.7628
29 20 3 0.5567
29 21 7 1.3620
29 22 5 0.9462
29 25 16 3.0724
29 27 6 1.2473
29 29 27 5.3071
29 30 16 2.3171
29 31 8 2.7025
29 32 2 0.4099
29 33 154 50.4666
29 34 18 3.7338
29 35 61 12.6121
29 36 3 0.8049
29 37 6 0.8108
29 38 13 2.3465
29 39 1 0.1593
29 40 41 6.3677
29 41 20 3.1149
29 42 28 5.2317
29 43 32 6.9293
29 45 5 0.8210
29 47 101 32.7948
29 48 56 18.7714
29 50 5 1.0189
29 52 7 2.5485
29 54 1 0.1217
29 55 59 6.9683
29 56 50 10.2655
29 57 1 0.3078
29 58 3 0.9629
29 59 44 13.7666
29 61 12 2.0659
29 63 14 2.6771
29 64 70 13.5488
29 66 5 1.1750
29 67 1 0.2020
29 68 4 0.8370
29 69 22 4.7471
29 70 20 4.2676
29 71 12 1.9838
29 72 245 54.6490
29 73 14 2.9344
29 74 1 0.1533
29 75 364 127.6005
29 76 21 4.6398
29 77 46 15.6863
29 78 9 2.5162
29 80 3 0.7168
29 81 4 0.6878
29 83 5 1.1168
29 84 45 15.4451
29 85 35 8.7236
29 86 40 9.1092
29 87 67 14.1997
29 88 7 1.4452
29 90 21 3.0033
29 91 2 0.2767
29 92 17 3.5556
29 93 4 0.7858
29 94 79 16.3562
29 95 14 2.9915
29 97 18 3.6077
29 98 27 5.5135
29 99 28 5.3681
29 100 9 1.8800
29 101 388 109.2933
29 102 9 2.5061
29 103 44 7.1669
29 104 3 0.7403
29 105 32 6.6125
29 107 8 2.0002
29 109 24 3.9094
29 110 11 2.0423
29 111 5 0.9417
29 112 1 0.2581
29 113 3 0.9542
29 114 21 4.6219
29 115 13 2.6650
29 117 71 13.8733
29 118 1 0.2497
29 119 36 10.0399
29 120 8 1.3762
29 122 356 99.9633
29 123 5 0.7966
29 125 11 1.9446
29 126 67 13.2758
29 129 12 2.4769
29 131 58 18.3326
29 133 4 1.2028
29 134 10 2.4846
29 135 10 2.0939
29 136 93 19.2508
29 137 2 0.2426
29 138 20 5.6768
29 139 46 8.9431
29 140 39 7.2353
29 141 3 0.6563
29 142 520 138.7240
29 143 1 0.4277
29 145 3 0.3873
29 147 7 1.3795
29 148 4 0.7480
29 150 1 0.1618
29 151 1 0.0938
29 152 7 1.3141
29 153 258 53.8818
29 154 14 3.2635
29 155 9 1.8470
29 157 2 0.3179
29 158 11 1.9841
29 159 2 0.3904
29 160 99 24.9321
29 161 340 131.6492
29 162 170 36.2530
29 163 26 4.5070
29 164 51 16.5450
29 166 49 9.6518
29 167 112 24.4335
29 168 12 1.9690
29 169 19 3.6973
29 170 6 1.3691
29 171 226 96.8049
29 172 5 0.8893
29 173 3 0.7462
29 175 1 0.2842
29 177 3 0.7860
29 180 36 7.6282
29 181 25 4.5786
29 182 24 4.6926
29 184 1 0.1385
29 187 141 25.1466
29 188 4 1.1464
29 189 2 0.3955
29 190 2 0.5745
29 191 22 6.3794
29 193 1 0.1716
29 194 12 3.1646
29 195 2 0.4307
29 197 33 5.5116
29 198 10 2.0749
29 199 11 2.6431
29 200 14 3.0105
29 202 17 2.8259
29 203 11 3.0117
29 205 1 0.2016
29 206 3 0.9930
29 207 21 3.8004
29 208 2 0.4062
29 209 15 3.2067
29 210 10 1.8461
29 211 42 9.2388
29 212 135 27.1456
29 213 1 0.2032
29 214 47 11.7332
29 215 2 0.3627
29 216 2 0.3136
29 217 9 1.5187
29 218 31 6.6760
29 220 1 0.3454
29 221 171 38.4463
29 222 2 0.2341
29 224 4 0.7539
29 225 15 2.4246
29 226 23 8.9177
29 227 12 1.9683
29 228 37 8.1826
29 229 10 1.8010
29 230 1 0.1857
29 231 8 1.5578
29 232 2 0.4008
29 233 21 4.3439
29 234 4 0.9583
29 238 1 0.2109
29 239 6 1.4280
29 240 4 1.2117
29 241 2 0.3956
29 243 1 0.2125
29 244 38 6.7383
29 245 6 1.3249
29 247 11 1.2244
29 250 13 2.6618
29 251 153 44.1474
29 252 102 24.1361
29 253 1 0.1442
29 254 14 2.8811
29 255 1 0.1742
29 256 101 35.5437
29 257 74 16.3056
29 258 344 97.6214
29 259 34 6.1980
29 260 105 23.5389
29 261 41 8.5730
29 262 88 17.0929
29 263 9 2.4275
29 264 122 22.1565
29 265 12 2.3625
29 266 1 0.3818
29 267 5 1.0269
29 268 13 2.9079
29 269 13 2.8594
29 270 7 1.1761
29 271 8 1.7392
29 273 3 0.6254
29 275 4 0.8349
29 277 56 16.1332
29 278 19 5.3410
29 280 28 5.0093
29 283 19 4.2888
29 285 2 0.2650
29 286 2 0.2330
29 287 12 2.1627
29 288 16 3.2797
29 291 20 4.3722
29 292 3 0.7448
29 294 20 4.5595
29 296 18 4.4100
29 300 24 3.8753
29 301 1 0.1986
29 302 25 5.3657
29 304 28 6.0142
29 305 10 1.8454
29 306 108 40.6800
29 307 17 3.0546
29 308 285 72.4090
29 310 5 1.2456
29 311 27 5.5414
29 313 5 1.2359
29 314 48 14.4752
29 315 2 0.7292
29 318 29 9.6382
29 319 13 3.5915
29 320 18 4.7401
29 321 78 20.7265
29 322 5 0.9482
29 325 4 1.3333
29 326 4 0.6944
29 327 15 3.0246
29 330 11 2.7376
29 331 1 0.2042
29 333 3 0.5003
29 334 102 23.6321
29 337 5 0.7604
29 338 6 1.5986
29 340 20 4.5767
29 341 17 2.6920
29 342 2 0.3547
29 344 20 4.3941
29 346 7 1.8640
29 347 116 17.9169
29 348 12 2.2418
29 350 89 21.9386
29 351 36 7.2224
29 352 38 6.5782
29 353 4 0.7751
29 356 1 0.1823
29 357 3 0.6008
29 358 14 2.0090
29 359 14 3.4016
29 360 3 0.6971
29 361 10 1.8667
29 362 17 3.4744
29 363 16 7.1370
29 364 4 0.9281
29 366 1 0.2502
29 367 12 2.7153
29 369 2 0.3383
29 370 12 2.2617
29 372 27 6.1784
29 373 15 3.2049
29 374 6 1.1163
29 375 39 7.9710
29 376 175 38.8608
29 377 2 0.3542
29 378 5 1.1235
29 379 8 1.7454
29 381 9 1.4824
29 382 6 1.4247
30 0 8 1.6110
30 2 251 92.0169
30 3 17 4.2156
30 4 12 4.7265
30 5 12 2.5829
30 7 15 2.8696
30 8 2 0.4254
30 9 22 5.1014
30 10 33 5.3976
30 11 117 32.2886
30 12 30 6.4758
30 13 48 11.0700
30 15 6 0.8796
30 16 211 59.2077
30 17 24 5.3439
30 18 85 22.3650
30 19 12 2.4061
30 20 3 0.4870
30 21 13 3.2762
30 22 265 93.4198
30 23 26 5.2210
30 24 9 2.2459
30 25 2 0.3920
30 26 7 1.9596
30 27 4 0.7195
30 28 17 3.1399
30 32 1 0.2476
30 33 11 2.2014
30 34 12 2.4791
30 35 1 0.1705
30 36 111 25.7864
30 37 27 5.1871
30 39 3 0.3796
30 40 1 0.1792
30 41 22 4.4463
30 42 45 8.7635
30 43 106 21.5172
30 44 15 3.5505
30 45 11 2.9679
30 46 3 0.5717
30 47 21 3.0148
30 48 18 5.2057
30 49 50 12.2333
30 50 58 11.7229
30 51 7 1.2711
30 55 5 1.4002
30 56 38 6.1703
30 57 4 1.4391
30 58 8 2.2279
30 59 2 0.4419
30 60 10 1.9694
30 61 22 7.3742
30 63 14 3.1246
30 64 2 0.4725
30 67 113 26.3589
30 69 6 1.1842
30 70 6 1.1877
30 71 1 0.1853
30 72 90 19.6329
30 74 48 15.0521
30 75 3 0.4240
30 76 15 3.6491
30 77 9 2.5453
30 78 42 9.7843
30 79 14 2.8701
30 80 18 3.3831
30 81 8 1.4898
30 84 40 7.8571
30 85 17 4.7877
30 86 3 0.6409
30 87 51 18.9273
30 88 3 0.6439
30 90 22 4.5251
30 91 3 0.3321
30 93 1 0.1436
30 94 5 0.9234
30 95 204 66.5745
30 96 1 0.3724
30 97 65 24.6392
30 98 3 0.5829
30 99 151 37.1880
30 100 145 32.1747
30 103 10 2.0612
30 104 2 0.3896
30 105 13 2.9090
30 107 1 0.1134
30 108 19 6.0142
30 109 8 1.6709
30 111 32 6.8910
30 112 179 38.0830
30 113 6 0.7974
30 114 1 0.1227
30 115 35 7.6743
30 118 1 0.1118
30 119 5 0.7854
30 122 9 2.1830
30 124 5 1.0824
30 125 11 1.7876
30 126 14 2.3767
30 127 2 0.3750
30 128 1 0.1313
30 131 5 1.1667
30 133 157 42.2306
30 134 2 0.8080
30 135 4 0.7964
30 138 41 8.4901
30 139 6 1.4875
30 141 17 2.2641
30 142 19 3.7948
30 143 42 7.8898
30 144 21 5.0394
30 145 30 4.3763
30 147 11 2.0004
30 148 11 2.1654
30 149 72 15.6337
30 150 2 0.3932
30 151 3 0.7542
30 153 185 41.4235
30 154 63 14.2272
30 156 14 2.4445
30 159 38 8.6737
30 160 17 4.4343
30 161 186 49.9088
30 162 3 0.4819
30 163 4 0.7837
30 164 5 0.9958
30 165 11 2.2392
30 166 14 2.7678
30 167 12 3.4955
30 168 4 1.1598
30 170 9 1.4900
30 171 10 2.1814
30 172 9 2.5356
30 175 480 129.9224
30 176 23 5.0077
30 177 1 0.0725
30 178 3 0.5840
30 180 1 0.1654
30 181 38 8.9427
30 182 49 10.8292
30 183 1 0.2315
30 185 11 2.5165
30 188 18 5.3233
30 190 16 2.7186
30 191 3 0.5643
30 193 47 13.4520
30 194 5 0.9243
30 197 228 53.1617
30 198 4 0.8880
30 199 20 3.1094
30 200 1 0.1704
30 202 11 2.9194
30 203 27 6.1098
30 204 3 0.4379
30 205 80 19.1137
30 206 27 5.7862
30 207 6 0.9513
30 208 17 3.8147
30 209 385 87.8997
30 210 92 21.9382
30 211 9 1.6254
30 212 25 4.6242
30 213 13 3.0412
30 215 27 4.7531
30 216 8 1.5105
30 217 2 0.4376
30 218 3 0.5546
30 220 138 38.8937
30 221 2 0.5235
30 222 5 1.1155
30 226 14 2.7656
30 227 3 0.6166
30 228 2 0.3129
30 229 135 28.4440
30 233 240 77.3222
30 234 46 16.7979
30 235 120 26.9350
30 236 5 1.6631
30 240 6 1.7240
30 241 12 2.5851
30 243 22 4.8699
30 244 10 2.5582
30 245 19 3.9956
30 246 26 5.3092
30 247 12 2.8871
30 248 5 0.9083
30 249 25 5.0755
30 250 108 24.8172
30 252 90 21.4084
30 254 2 0.3594
30 255 3 0.6437
30 256 6 1.4724
30 257 7 1.2573
30 259 30 8.0191
30 260 1 0.1237
30 262 46 13.0129
30 263 101 26.1455
30 264 10 1.9682
30 265 45 11.9677
30 266 1 0.2604
30 267 3 0.5615
30 269 17 3.2926
30 270 5 0.7338
30 272 20 3.9793
30 273 2 0.3479
30 274 6 0.8378
30 275 11 1.4574
30 276 1 0.2171
30 277 170 43.9007
30 278 9 1.5898
30 279 4 0.7822
30 280 19 4.3428
30 281 51 10.1640
30 283 1 0.2303
30 285 17 3.9011
30 286 40 8.4772
30 287 4 0.8072
30 288 46 14.9164
30 289 5 1.0436
30 291 19 4.7566
30 292 46 10.2704
30 294 33 8.1369
30 295 95 20.5684
30 296 55 11.8567
30 297 1 0.1645
30 299 38 8.0506
30 300 1 0.2103
30 301 43 10.6841
30 302 161 36.6224
30 303 49 16.7868
30 304 30 5.7342
30 305 7 1.5822
30 306 11 2.2014
30 307 19 4.8728
30 308 30 6.0968
30 309 5 0.7029
30 310 32 7.0268
30 312 4 0.9840
30 313 13 2.5320
30 317 72 17.1143
30 319 20 4.0901
30 320 32 10.7113
30 321 44 8.6724
30 322 20 7.6158
30 323 2 0.4070
30 324 34 6.6340
30 326 10 1.7438
30 327 17 3.6719
30 328 10 2.0406
30 329 33 7.2749
30 330 2 0.4830
30 331 32 9.2540
30 334 193 67.8012
30 335 7 1.7884
30 336 6 1.0980
30 337 7 1.5350
30 338 3 0.6577
30 341 5 0.9708
30 342 30 7.2827
30 344 3 0.5624
30 345 6 0.9260
30 346 1 0.4864
30 347 44 11.7791
30 348 14 3.4280
30 349 43 8.5282
30 350 7 1.4349
30 351 1 0.2185
30 352 4 0.7725
30 354 2 0.3936
30 355 64 12.1523
30 356 49 12.4431
30 358 29 10.4660
30 359 2 0.3633
30 360 13 2.9731
30 361 6 0.8954
30 364 24 5.2262
30 365 6 1.0010
30 366 19 4.3622
30 367 2 0.2483
30 368 6 1.6770
30 370 5 0.7683
30 371 2 0.4653
30 374 1 0.2390
30 375 9 1.5524
30 376 36 6.9971
30 377 20 4.5296
30 378 4 0.8583
30 379 30 5.7231
30 380 17 4.0552
30 382 3 0.4890
30 383 56 11.7690
31 2 49 10.5809
31 3 57 16.5438
31 4 19 3.9875
31 5 55 13.1193
31 6 131 31.6930
31 7 31 5.6611
31 8 10 2.0608
31 9 3 0.8305
31 11 12 2.4306
31 13 15 3.0579
31 14 11 2.6203
31 15 5 0.9379
31 16 10 1.8625
31 17 207 51.3212
31 19 4 0.8726
31 20 16 3.5632
31 22 97 32.0644
31 24 11 1.7652
31 25 37 6.7065
31 26 8 2.3109
31 28 40 10.4436
31 29 42 11.7788
31 30 2 0.5165
31 31 254 52.8959
31 32 4 0.8578
31 33 1 0.8146
31 34 11 2.4583
31 35 1 0.2017
31 36 21 5.5707
31 37 4 1.2404
31 38 47 10.0957
31 39 7 1.6946
31 41 39 10.8376
31 42 11 2.3188
31 43 34 8.6823
31 45 25 4.8861
31 46 35 7.4874
31 47 2 0.4513
31 48 20 4.7906
31 50 15 3.2949
31 51 23 5.3862
31 52 96 23.7956
31 53 31 6.8917
31 55 8 1.4859
31 56 6 1.8368
31 57 9 1.9086
31 58 4 0.7279
31 59 44 9.8069
31 62 2 0.3566
31 63 5 1.0337
31 64 139 32.3917
31 65 3 0.5069
31 66 8 2.1177
31 67 1 0.1358
31 68 42 11.5051
31 70 34 8.1868
31 71 3 1.1487
31 74 1 0.1762
31 75 13 3.0883
31 76 40 8.6139
31 77 28 5.9942
31 78 4 0.6725
31 80 22 4.3792
31 81 10 1.7120
31 83 2 0.3075
31 84 10 2.0474
31 85 11 1.9476
31 87 1 0.2334
31 88 117 30.9036
31 91 10 2.4280
31 92 12 3.2269
31 94 9 1.8601
31 95 1 0.1887
31 96 70 14.7224
31 97 18 3.5218
31 98 9 2.6529
31 99 3 0.8672
31 100 7 1.6088
31 101 36 8.1889
31 102 1 0.2374
31 103 130 28.7341
31 104 26 6.3680
31 105 346 78.4919
31 106 3 1.1068
31 107 1 0.1744
31 108 28 7.8367
31 109 4 1.0797
31 110 8 1.6819
31 115 60 14.7710
31 116 2 0.4981
31 117 12 2.5945
31 118 4 0.7538
31 120 3 0.6966
31 121 3 0.5990
31 123 3 0.8904
31 124 5 0.7576
31 127 2 0.4831
31 128 1 0.2393
31 129 33 7.2945
31 130 34 6.3184
31 131 54 10.8749
31 132 9 1.8964
31 133 51 10.4486
31 134 8 1.7324
31 135 14 3.0556
31 136 4 0.9041
31 137 38 12.3644
31 138 49 10.7822
31 139 1 0.1730
31 140 14 3.0765
31 141 18 4.1935
31 143 29 5.8101
31 144 59 14.7651
31 146 8 1.8414
31 147 3 0.5877
31 148 6 1.5735
31 149 5 0.9638
31 151 3 0.6407
31 152 14 3.1375
31 153 11 2.5773
31 154 4 0.5605
31 155 77 16.7118
31 156 15 3.4519
31 157 52 10.1620
31 158 8 2.9810
31 160 46 14.2459
31 162 1 0.1553
31 163 1 0.2216
31 164 2 0.3706
31 165 12 4.2916
31 167 13 2.9593
31 168 44 15.8100
31 169 1 0.2581
31 170 26 5.4166
31 171 21 4.2066
31 173 57 11.9418
31 174 20 5.3548
31 175 16 7.4724
31 176 2 0.3603
31 178 8 1.5416
31 182 62 10.5064
31 184 13 3.1849
31 185 96 21.5603
31 186 18 2.7441
31 188 347 90.4321
31 189 102 25.3220
31 190 127 26.7472
31 191 136 36.1941
31 193 3 0.6362
31 195 33 10.0173
31 197 1 0.2043
31 198 15 5.9424
31 199 11 3.0182
31 202 5 0.6396
31 203 87 19.4339
31 206 12 2.7438
31 207 13 2.8076
31 208 28 7.5264
31 209 1 0.1580
31 210 2 0.4275
31 211 23 4.3825
31 212 7 1.8795
31 213 82 19.4089
31 215 4 0.9096
31 216 3 0.5118
31 217 85 25.2960
31 219 1 0.1310
31 220 1 0.1777
31 225 6 1.6450
31 226 9 1.8681
31 229 237 70.3609
31 230 10 2.5936
31 232 16 3.2914
31 233 1 0.2356
31 236 2 0.4864
31 237 4 0.9615
31 239 2 0.3913
31 241 3 0.5964
31 243 33 9.0595
31 244 13 2.5074
31 245 53 10.8863
31 246 1 0.1741
31 247 22 4.5533
31 249 61 13.3510
31 250 2 0.4014
31 251 21 4.9885
31 253 13 3.4238
31 254 1 0.1661
31 255 49 10.6923
31 257 24 4.8837
31 258 27 6.2136
31 259 3 0.6635
31 260 35 8.7602
31 261 1 0.2341
31 262 13 2.8269
31 263 5 1.0268
31 266 21 3.5031
31 267 8 1.7643
31 268 2 0.3877
31 269 7 1.4753
31 270 1 0.2383
31 271 45 9.4446
31 272 29 6.7254
31 274 47 10.7130
31 275 13 2.2475
31 276 127 26.7630
31 279 40 8.9550
31 280 63 12.0631
31 281 52 11.1035
31 284 3 0.5833
31 285 23 6.1679
31 286 54 21.0524
31 287 34 6.9231
31 288 4 0.6971
31 289 7 1.4082
31 290 2 0.4366
31 291 9 1.8065
31 293 18 5.7166
31 294 41 8.1212
31 295 8 1.7383
31 296 3 1.3150
31 297 63 15.2010
31 298 12 2.4008
31 299 17 8.6358
31 300 23 5.2266
31 301 6 1.0744
31 302 10 1.9740
31 303 84 22.3665
31 304 14 3.2592
31 305 3 0.4912
31 306 8 2.9368
31 308 426 180.1940
31 310 29 11.8134
31 311 27 6.2927
31 312 8 1.8664
31 313 36 7.3675
31 314 6 1.1060
31 316 2 0.4566
31 317 1 0.2046
31 318 71 14.9550
31 319 2 0.4068
31 321 2 0.3431
31 322 2 0.4566
31 323 6 1.2714
31 324 64 20.0957
31 325 80 21.1796
31 326 6 1.2034
31 327 3 0.5124
31 329 9 1.9337
31 330 152 46.7518
31 332 20 5.0164
31 333 1 0.2126
31 334 54 11.7924
31 335 3 0.8005
31 336 1 0.2116
31 337 123 28.5766
31 338 3 0.4482
31 339 7 1.0032
31 340 13 2.8968
31 341 3 0.7274
31 342 4 0.6842
31 343 3 0.7533
31 344 19 4.7452
31 345 33 6.2724
31 346 3 0.5359
31 347 27 8.5836
31 348 87 16.7108
31 349 13 1.9485
31 350 26 5.6354
31 351 4 1.9018
31 352 11 2.9984
31 354 80 18.4732
31 356 10 1.9701
31 357 169 50.4422
31 358 72 14.7743
31 359 38 8.2373
31 361 18 4.0696
31 362 11 1.9683
31 363 10 1.9274
31 364 7 1.2318
31 368 46 9.9704
31 369 1 0.5831
31 370 15 2.8301
31 371 4 0.8257
31 375 168 38.7436
31 376 6 3.4015
31 377 1 0.1621
31 378 25 5.4707
31 379 1 0.2861
31 381 7 1.7477
31 382 1 0.1720
31 383 2 0.3263
32 0 1 0.1556
32 1 1 0.2270
32 3 5 0.8737
32 5 25 8.1971
32 6 9 2.2672
32 7 11 2.0499
32 8 14 3.0265
32 9 1 0.2050
32 10 21 3.4352
32 11 1 0.1650
32 13 15 4.3386
32 14 115 29.1939
32 15 8 1.4224
32 18 48 9.1521
32 19 85 18.1182
32 20 21 5.3332
32 21 4 0.8472
32 23 5 1.3430
32 24 17 4.2307
32 25 11 2.4056
32 27 1 0.1972
32 28 9 1.9662
32 29 248 58.5306
32 30 1 0.2144
32 32 6 0.9320
32 33 9 1.9653
32 35 17 3.6350
32 36 4 1.2973
32 37 13 2.9488
32 39 6 1.1543
32 40 1 0.2088
32 41 11 2.4162
32 42 11 2.3043
32 43 26 12.9525
32 44 7 1.4244
32 45 6 1.8770
32 46 21 4.0817
32 47 15 3.7586
32 48 6 1.2086
32 49 11 2.4918
32 50 2 0.4525
32 52 5 1.0850
32 53 5 1.2502
32 54 15 3.5924
32 57 2 0.4595
32 58 20 4.4781
32 59 12 2.5644
32 60 2 0.4236
32 62 6 1.0260
32 63 3 0.7018
32 64 15 3.1519
32 65 3 0.5982
32 66 80 18.1346
32 68 2 0.5123
32 69 3 0.7335
32 70 93 23.3678
32 71 75 23.2056
32 72 33 8.4496
32 74 3 0.5941
32 75 9 2.1253
32 77 3 0.5354
32 78 15 2.9946
32 79 2 0.4219
32 81 17 3.5305
32 82 174 37.1986
32 83 4 0.9136
32 85 1 0.1157
32 87 1 0.0963
32 88 12 2.8790
32 89 1 0.2598
32 90 200 70.6453
32 91 152 41.5755
32 92 69 15.8148
32 94 4 0.9100
32 95 21 5.2433
32 97 25 5.1761
32 99 1 0.2476
32 100 64 17.2667
32 101 41 12.7104
32 102 14 2.7565
32 103 4 1.1345
32 105 5 1.0338
32 107 167 33.5905
32 109 8 1.3905
32 110 2 0.4350
32 111 1 0.2100
32 112 8 2.8141
32 113 10 1.9206
32 114 3 0.7674
32 115 5 0.8296
32 117 15 2.9869
32 119 1 0.2120
32 120 2 0.4455
32 121 16 3.1946
32 122 58 11.4402
32 124 83 18.2140
32 126 1 0.2317
32 128 24 5.4466
32 129 35 7.1658
32 130 2 0.4053
32 132 18 3.8292
32 133 13 3.6931
32 134 17 3.1292
32 135 1 0.2085
32 136 16 3.2677
32 137 24 9.3705
32 139 23 4.7686
32 140 8 1.5623
32 141 4 0.8616
32 142 8 1.9533
32 144 26 5.4957
32 146 43 12.0614
32 149 80 16.2711
32 150 16 2.8251
32 152 10 1.9719
32 153 25 5.6663
32 154 1 0.2508
32 156 34 7.4354
32 157 12 2.1420
32 158 2 0.2519
32 160 3 0.6035
32 161 41 8.8206
32 165 5 1.0843
32 166 24 5.1804
32 167 22 4.7922
32 168 11 3.3035
32 169 1 0.1572
32 170 1 0.1492
32 171 2 0.4604
32 172 1 0.2176
32 173 10 1.8673
32 175 20 4.1867
32 177 8 1.5407
32 178 10 3.3613
32 180 48 12.0614
32 182 5 1.4305
32 183 12 2.8327
32 184 1 0.1830
32 185 2 0.3960
32 186 34 7.7003
32 189 3 0.4358
32 190 53 11.1608
32 191 11 2.3450
32 195 4 1.3451
32 197 7 1.2724
32 200 9 1.9304
32 201 3 0.3611
32 202 11 1.6297
32 203 5 0.8873
32 204 5 1.1611
32 205 62 24.6157
32 206 4 1.0782
32 207 16 3.2623
32 208 13 2.6530
32 209 61 13.8520
32 210 155 31.7488
32 211 19 4.5585
32 215 13 2.6935
32 217 4 0.7075
32 218 11 2.3260
32 219 9 1.8235
32 220 15 3.0847
32 221 102 20.4735
32 222 4 1.1430
32 223 33 6.9486
32 224 2 0.3429
32 226 49 12.9195
32 227 5 0.8955
32 228 3 0.6579
32 231 24 5.1759
32 232 34 7.4754
32 233 5 1.4487
32 234 61 16.9053
32 235 122 26.1258
32 236 3 0.7489
32 237 6 1.2768
32 238 2 0.6111
32 239 61 12.6656
32 240 4 0.6985
32 241 13 2.4834
32 242 4 1.0203
32 244 15 3.1266
32 245 14 3.1763
32 246 39 7.6567
32 248 185 46.4305
32 250 14 2.7890
32 251 24 7.9213
32 253 7 1.3724
32 254 3 0.5730
32 255 1 0.2204
32 256 19 3.8888
32 260 4 1.0452
32 261 8 1.7439
32 262 4 0.8616
32 263 16 3.0686
32 264 10 3.0608
32 265 4 0.9321
32 266 1 0.2024
32 267 126 31.5422
32 268 1 0.1645
32 269 12 2.4889
32 270 9 1.6768
32 271 1 0.1405
32 272 8 1.5305
32 273 16 4.3572
32 274 2 0.7167
32 275 17 3.6339
32 276 308 100.1311
32 277 105 23.4928
32 279 8 1.5872
32 280 6 1.2490
32 281 22 4.3674
32 282 377 125.7709
32 283 197 62.8162
32 284 2 0.2738
32 285 3 0.3569
32 287 36 7.2052
32 288 24 4.7615
32 289 84 17.9548
32 290 4 1.0033
32 291 2 0.3252
32 292 14 2.8679
32 293 1 0.2119
32 294 47 13.4232
32 295 10 2.4559
32 297 7 1.2959
32 298 1 0.2305
32 299 1 0.2545
32 300 53 11.1640
32 301 2 0.4729
32 302 2 0.4262
32 303 219 50.8312
32 304 2 0.4868
32 305 116 26.7110
32 307 16 3.4295
32 310 7 1.2946
32 312 51 11.2686
32 313 5 1.0207
32 314 1 0.3345
32 317 43 10.9858
32 318 5 1.4987
32 321 2 0.3024
32 322 26 5.1383
32 323 24 6.1411
32 324 2 0.3227
32 325 127 29.6418
32 327 3 0.6244
32 328 1 0.2027
32 329 1 0.1543
32 331 4 0.4784
32 332 7 1.4455
32 333 63 22.9944
32 335 17 3.1312
32 337 41 9.1907
32 338 220 69.8111
32 339 108 22.8931
32 340 26 5.8121
32 341 31 7.0023
32 342 1 0.1659
32 343 9 2.5910
32 344 28 6.7146
32 346 34 7.3610
32 347 5 2.3926
32 348 28 5.9994
32 349 3 0.5024
32 350 14 6.5542
32 351 1 0.2643
32 352 1 0.4366
32 353 4 0.7642
32 354 21 3.9268
32 355 29 5.5956
32 356 2 0.3370
32 357 80 20.6380
32 359 5 0.8137
32 360 1 0.1901
32 361 3 0.6817
32 362 9 1.8321
32 363 17 3.9296
32 364 25 6.8129
32 365 25 5.4690
32 366 14 5.5333
32 367 15 2.9335
32 368 17 3.6294
32 370 2 0.3092
32 372 2 0.3605
32 373 23 4.3854
32 374 33 7.6052
32 375 9 1.4707
32 376 66 12.6504
32 377 4 0.8304
32 378 282 76.2790
33 0 2 0.3467
33 1 33 8.3488
33 2 117 39.7097
33 3 180 49.9146
33 5 10 1.7377
33 7 43 9.0045
33 9 32 7.0002
33 10 133 33.1503
33 11 1 0.1947
33 12 2 0.4221
33 13 14 3.5290
33 15 6 1.6161
33 16 35 7.9022
33 17 53 11.1029
33 18 1 0.2362
33 19 1 0.2009
33 20 2 0.4837
33 21 30 6.7715
33 22 327 79.6060
33 23 20 3.8690
33 24 42 7.9407
33 25 23 5.0636
33 26 4 0.9659
33 28 177 45.4131
33 29 3 0.4183
33 30 22 5.1899
33 31 7 1.3317
33 32 43 9.9059
33 33 4 0.8415
33 34 22 5.6577
33 35 43 14.3321
33 36 11 2.0138
33 38 27 6.0358
33 40 2 0.4427
33 41 3 0.8312
33 42 13 3.1023
33 43 4 0.6189
33 44 10 1.8774
33 46 27 5.8405
33 48 21 4.3480
33 49 8 1.6262
33 50 35 6.2843
33 53 19 6.8751
33 54 6 1.8268
33 55 12 2.2895
33 59 8 1.8866
33 60 2 0.3624
33 61 45 8.9031
33 62 3 0.5493
33 64 50 10.3358
33 66 18 4.5531
33 67 65 14.0316
33 68 44 16.0424
33 69 157 45.9700
33 70 2 0.5061
33 71 4 0.5806
33 72 2 0.3777
33 75 42 10.2186
33 76 9 1.4982
33 77 5 1.7806
33 79 2 0.4990
33 80 77 16.6820
33 81 17 3.5724
33 82 4 0.8439
33 83 1 0.2472
33 84 5 1.0825
33 86 14 3.2334
33 87 42 8.6212
33 88 5 1.0830
33 90 1 0.2211
33 91 6 1.4826
33 92 28 6.4616
33 96 13 2.9808
33 97 25 4.6174
33 98 15 3.6932
33 100 2 0.3917
33 101 23 5.2508
33 102 3 0.9817
33 104 2 0.4273
33 105 20 5.1823
33 106 11 2.8441
33 107 2 0.4514
33 108 6 1.4157
33 109 75 33.2762
33 110 1 0.1642
33 111 3 0.6393
33 115 3 0.7353
33 116 16 3.2793
33 117 1 0.1434
33 118 9 1.6297
33 119 27 6.1138
33 120 1 0.1769
33 122 68 17.5453
33 123 28 5.8566
33 125 32 11.0652
33 126 6 1.4067
33 128 2 0.2940
33 130 7 1.2295
33 131 14 3.0413
33 133 2 0.4162
33 134 333 72.2309
33 135 3 0.6895
33 137 1 0.0821
33 138 1 0.0597
33 139 1 0.1696
33 140 26 6.7391
33 141 11 2.2899
33 143 16 4.1759
33 144 35 10.4000
33 145 78 20.8282
33 147 4 0.8492
33 148 3 0.6872
33 149 6 3.9211
33 150 11 2.2225
33 151 18 3.9524
33 152 3 0.4887
33 153 86 18.9204
33 154 148 36.8069
33 155 2 0.4466
33 157 2 0.2223
33 158 2 0.2808
33 159 36 10.1570
33 160 3 0.6081
33 162 14 2.8149
33 163 7 1.5679
33 164 5 1.1528
33 165 2 0.4005
33 166 3 0.4873
33 167 18 4.2731
33 168 4 0.7279
33 169 1 0.2262
33 171 8 1.7604
33 173 20 4.3673
33 174 20 4.0446
33 175 12 2.1127
33 176 18 3.3449
33 178 1 0.1936
33 179 3 0.5916
33 180 5 1.2016
33 181 2 0.4075
33 182 6 1.3125
33 183 29 8.5037
33 184 2 0.3451
33 185 25 5.8903
33 186 45 8.2106
33 187 106 30.3046
33 188 5 1.0077
33 189 10 1.9258
33 190 126 27.5871
33 191 2 0.4482
33 192 15 3.0728
33 193 10 2.0056
33 194 45 11.1437
33 196 50 18.2953
33 198 7 1.5544
33 199 3 0.6479
33 200 1 0.2486
33 201 7 1.1634
33 202 6 1.1473
33 203 10 2.1291
33 204 2 0.6600
33 205 7 1.2356
33 208 45 7.5347
33 210 36 7.6272
33 211 22 5.3521
33 212 21 3.7277
33 214 9 1.7915
33 215 11 3.1735
33 216 14 3.4429
33 218 46 9.4190
33 220 5 1.2470
33 221 7 1.5715
33 222 2 0.3448
33 223 41 8.5191
33 227 8 1.7855
33 228 104 26.1700
33 232 5 1.1015
33 233 20 4.5535
33 234 5 1.0090
33 235 24 5.2092
33 236 4 0.8221
33 237 1 0.1699
33 238 18 3.2438
33 240 35 7.7772
33 241 24 7.1558
33 242 25 6.9378
33 244 7 1.5884
33 245 10 2.0112
33 246 13 3.1117
33 247 10 2.1040
33 248 20 5.7333
33 251 17 3.4631
33 252 19 5.0250
33 253 7 1.3062
33 254 9 1.7545
33 255 4 1.2854
33 256 6 1.2429
33 257 5 1.0259
33 258 1 0.1156
33 260 8 1.8824
33 261 21 6.7951
33 263 5 0.9526
33 264 11 2.1969
33 266 25 5.0950
33 268 33 7.2248
33 270 9 1.8333
33 271 10 2.0404
33 274 4 0.9712
33 275 5 1.2895
33 276 14 3.1357
33 277 20 3.8943
33 278 1 0.2082
33 280 1 0.1995
33 282 43 9.7007
33 283 263 95.6101
33 284 2 0.3534
33 286 36 7.4682
33 289 4 0.8752
33 290 5 1.2278
33 291 14 3.0861
33 293 3 0.5817
33 294 24 5.3748
33 295 6 1.2691
33 297 8 1.4873
33 299 45 15.8449
33 300 53 10.1214
33 301 236 70.2406
33 302 7 1.4905
33 303 6 1.5184
33 304 1 0.1839
33 305 2 0.4011
33 306 22 5.3554
33 307 83 20.9980
33 308 2 0.4218
33 309 93 38.5865
33 310 57 9.4109
33 311 81 16.3935
33 312 4 0.6856
33 313 13 4.0747
33 314 10 3.0063
33 315 5 1.0917
33 316 25 4.9279
33 317 3 0.5361
33 318 78 15.2389
33 319 5 1.1917
33 320 1 0.2394
33 322 5 1.6853
33 323 7 1.4170
33 324 6 1.1500
33 325 30 5.8725
33 326 54 12.7191
33 327 95 19.7697
33 328 2 0.4391
33 329 19 3.2035
33 330 23 4.7831
33 333 1 0.2192
33 334 4 0.9241
33 337 49 9.9081
33 338 1 0.2391
33 339 19 11.1276
33 340 3 0.5288
33 341 1 0.2005
33 342 20 4.1554
33 343 25 5.3728
33 345 19 6.3554
33 346 14 5.0248
33 347 17 4.2600
33 348 2 0.4427
33 349 7 1.0558
33 351 44 9.1234
33 354 9 1.9300
33 355 3 0.9725
33 356 11 2.0810
33 358 66 27.5605
33 359 12 2.9500
33 360 5 1.0237
33 361 5 0.8183
33 362 80 16.4125
33 364 23 4.6431
33 365 31 7.3774
33 366 27 6.3444
33 367 12 3.2089
33 368 36 7.9196
33 369 2 0.2755
33 371 5 1.1802
33 372 3 0.5407
33 373 3 0.5545
33 374 11 2.4053
33 376 17 3.2214
33 380 180 41.3133
33 382 1 0.2322
34 0 7 2.0523
34 1 28 6.7108
34 3 9 2.2348
34 4 12 2.3454
34 5 10 1.7864
34 6 76 20.3703
34 7 30 6.8035
34 8 39 10.7868
34 9 1 0.1506
34 11 3 0.7137
34 12 9 1.7430
34 13 5 1.0782
34 15 2 0.4185
34 16 1 0.2349
34 17 6 2.3170
34 18 3 0.7748
34 19 12 2.3279
34 20 11 2.3200
34 21 5 1.3978
34 22 3 0.5820
34 24 4 0.8184
34 25 5 1.0155
34 26 2 0.2256
34 27 9 1.8654
34 28 1 0.1951
34 29 1 0.1663
34 31 25 6.7815
34 32 13 3.1868
34 34 3 0.5882
34 35 1 0.1703
34 36 2 0.4152
34 37 1 0.2177
34 39 9 1.8762
34 40 1 0.3168
34 42 57 17.8710
34 43 23 4.9333
34 44 4 0.6487
34 45 31 6.7699
34 46 49 11.9530
34 47 2 0.4011
34 48 2 0.4524
34 49 7 1.9317
34 50 5 1.0336
34 52 10 2.3526
34 54 8 1.7299
34 55 10 3.1061
34 56 17 3.1986
34 57 49 10.5181
34 58 3 0.5540
34 60 14 3.1182
34 62 1 0.1709
34 63 5 0.6957
34 65 106 32.4461
34 66 19 3.7668
34 67 4 1.0670
34 68 11 3.0422
34 69 3 0.4082
34 70 3 0.5798
34 71 1 0.1270
34 72 1 0.2756
34 73 1 0.2226
34 74 51 10.2403
34 75 52 14.4270
34 76 4 0.8736
34 78 8 1.5546
34 79 6 1.1521
34 80 97 35.0584
34 81 48 14.3304
34 82 35 9.7360
34 84 56 13.9390
34 85 16 2.8977
34 87 1 0.1684
34 88 2 0.4562
34 89 3 0.6306
34 91 2 0.3097
34 92 61 17.1417
34 94 39 11.4078
34 96 33 8.3655
34 97 59 12.0054
34 98 1 0.2215
34 101 107 23.5608
34 103 162 51.9796
34 104 26 5.5614
34 105 10 2.2280
34 106 47 9.9897
34 108 78 25.1472
34 109 2 0.3592
34 111 7 1.7429
34 112 7 1.5150
34 115 3 0.7480
34 116 4 1.0260
34 117 92 33.5817
34 118 1 0.1730
34 119 43 13.0820
34 120 69 16.2411
34 122 317 71.3678
34 123 5 1.5369
34 124 9 1.6145
34 125 65 15.0632
34 126 4 0.8241
34 127 14 3.6394
34 128 19 3.5565
34 129 9 2.4296
34 131 29 6.1935
34 132 8 1.5652
34 133 4 0.7675
34 134 60 12.7971
34 137 46 11.9913
34 138 17 3.4815
34 139 1 0.2413
34 140 32 6.9615
34 141 89 17.7071
34 142 19 3.8134
34 144 1 0.2195
34 146 12 4.3965
34 147 6 1.6897
34 148 26 5.7157
34 149 18 5.0218
34 150 5 1.1531
34 152 31 8.2580
34 153 1 0.2409
34 155 36 7.4971
34 156 2 0.3432
34 158 24 6.1534
34 159 35 9.9309
34 160 23 6.7388
34 161 1 0.1597
34 162 14 3.0360
34 163 1 0.1754
34 164 1 0.2023
34 166 199 45.1279
34 167 81 19.4377
34 168 19 4.0762
34 170 10 1.8053
34 171 4 0.6817
34 172 10 2.1285
34 173 7 1.4113
34 176 8 1.1329
34 177 9 1.6938
34 178 19 4.4235
34 179 15 4.2679
34 180 1 0.1236
34 181 1 0.1744
34 182 12 1.7863
34 183 69 14.9908
34 185 18 3.2426
34 186 8 2.2500
34 187 8 1.7694
34 188 25 7.2131
34 190 29 6.1424
34 192 22 4.4833
34 193 20 4.4662
34 195 1 0.1227
34 196 21 4.3006
34 198 9 1.9011
34 199 3 0.3947
34 201 3 1.0998
34 203 22 7.0467
34 204 71 20.0280
34 205 1 0.1114
34 206 17 3.7495
34 207 5 1.0370
34 208 7 1.3807
34 209 28 6.9747
34 210 3 0.6132
34 211 8 1.5325
34 213 13 2.6643
34 214 6 1.1057
34 215 12 2.1303
34 217 11 2.3366
34 218 23 9.0832
34 219 1 0.2537
34 221 14 5.9496
34 222 4 0.6966
34 223 16 5.3457
34 224 10 2.6043
34 225 150 30.8736
34 227 9 1.6964
34 228 148 48.1329
34 229 8 1.6483
34 231 6 1.1083
34 233 19 3.3834
34 234 2 0.3809
34 235 4 0.9305
34 236 26 4.7543
34 239 150 50.7330
34 240 1 0.1326
34 241 4 0.8104
34 243 3 0.6692
34 245 4 1.0919
34 246 20 4.6387
34 247 14 2.5947
34 248 9 3.7508
34 249 12 2.3488
34 250 24 4.3589
34 251 5 0.8427
34 252 10 2.2189
34 253 2 0.4713
34 254 8 1.5243
34 256 8 1.4701
34 258 10 1.9652
34 259 67 15.1353
34 260 19 3.9212
34 261 66 14.9931
34 262 3 0.7206
34 263 11 2.1792
34 264 41 11.8666
34 266 5 0.9475
34 268 45 26.9303
34 270 4 0.6825
34 271 33 8.6928
34 273 1 0.1969
34 274 46 9.9761
34 275 91 20.2980
34 276 1 0.1638
34 277 28 6.4433
34 278 7 1.3560
34 279 5 1.4027
34 280 4 0.8366
34 281 1 0.4016
34 282 6 0.8290
34 284 4 0.9759
34 285 3 0.9425
34 286 4 0.8740
34 287 2 0.4113
34 288 22 4.8457
34 289 1 0.4796
34 290 33 6.3594
34 291 4 0.9197
34 293 10 2.1397
34 294 1 0.1750
34 296 63 13.0062
34 297 3 0.6003
34 299 6 1.5161
34 300 2 0.4573
34 301 7 1.4646
34 304 5 0.8737
34 306 2 0.5103
34 307 68 14.2328
34 308 22 5.4860
34 309 59 21.4015
34 311 47 9.8184
34 312 9 1.7786
34 313 3 0.4860
34 316 32 6.2928
34 317 101 23.1744
34 318 25 6.5401
34 319 163 41.6754
34 321 3 0.6394
34 322 5 1.0333
34 323 3 0.6301
34 324 45 13.9702
34 325 2 0.2633
34 326 12 2.9183
34 327 1 0.1456
34 328 16 6.2686
34 329 3 0.5004
34 332 2 0.4081
34 333 3 0.4824
34 334 2 0.3947
34 335 19 4.4834
34 336 4 0.7157
34 337 43 9.0785
34 338 26 8.8727
34 339 5 1.0638
34 341 3 0.4947
34 342 89 20.5897
34 343 9 1.5199
34 344 4 0.6859
34 345 16 3.2932
34 346 40 9.2935
34 348 15 2.9083
34 349 10 3.1834
34 350 2 0.4057
34 351 1 0.1832
34 352 65 13.0233
34 353 5 0.8603
34 354 21 4.7097
34 355 56 12.3412
34 356 27 5.2761
34 357 4 0.7817
34 358 9 1.7723
34 359 25 7.3503
34 360 2 0.3516
34 363 1 0.1808
34 365 17 3.5865
34 366 39 8.1270
34 368 5 1.6945
34 370 8 2.6182
34 371 16 3.1535
34 372 1 0.2086
34 373 29 7.2961
34 374 4 0.6758
34 375 3 0.5916
34 376 16 3.3344
34 379 5 1.2161
34 380 7 2.2398
34 381 4 1.0861
34 382 3 0.6203
35 0 8 1.5233
35 2 11 2.0712
35 3 10 2.2403
35 4 36 9.1584
35 5 1 0.3151
35 6 2 0.4259
35 8 2 0.3215
35 9 5 1.2244
35 11 137 30.1849
35 12 1 0.1947
35 13 8 1.9319
35 15 31 6.4284
35 16 32 6.7314
35 17 15 4.2216
35 18 25 5.0060
35 19 9 1.8119
35 20 10 2.5746
35 21 2 0.6006
35 23 3 0.6023
35 24 7 2.0243
35 25 33 6.6044
35 26 6 1.7157
35 28 1 0.2498
35 30 1 0.1837
35 31 1 0.1499
35 33 6 1.5700
35 34 46 10.9858
35 35 11 3.0133
35 36 22 6.5632
35 38 27 7.1234
35 39 4 0.8196
35 40 2 0.3623
35 41 30 6.0882
35 42 15 3.7900
35 43 5 0.9495
35 46 226 59.8081
35 47 9 2.5409
35 49 7 1.5210
35 51 1 0.2076
35 52 1 0.0984
35 53 5 1.0368
35 54 2 0.3801
35 58 37 11.3625
35 60 1 0.1320
35 61 9 1.7547
35 62 52 10.5590
35 63 13 3.1993
35 66 1 0.1420
35 67 1 0.1540
35 68 26 5.4555
35 70 2 0.3714
35 74 1 0.2377
35 75 136 41.8824
35 77 1 0.1983
35 78 9 1.5910
35 79 42 9.0702
35 80 5 1.3350
35 84 13 2.4453
35 85 4 1.0333
35 86 9 2.2419
35 87 2 0.3358
35 88 18 6.0472
35 90 7 1.2298
35 91 7 1.4214
35 92 14 4.7753
35 93 4 0.7397
35 94 15 3.3238
35 97 1 0.2200
35 98 18 5.2854
35 100 2 1.2237
35 101 2 0.3236
35 102 22 7.2971
35 103 85 16.8932
35 104 30 8.7938
35 105 3 0.6908
35 106 17 3.8976
35 107 3 0.5717
35 110 5 0.9032
35 112 30 7.8346
35 114 1 0.1971
35 115 2 0.3654
35 116 39 12.7602
35 117 39 5.8296
35 118 204 57.1848
35 119 40 11.3136
35 120 6 1.2513
35 121 14 2.9690
35 122 12 2.4801
35 123 1 0.1696
35 124 4 0.7936
35 125 8 1.6413
35 126 5 1.0384
35 127 45 15.3442
35 129 3 0.6134
35 130 14 2.8568
35 131 9 1.8874
35 132 3 0.5217
35 133 4 0.7327
35 135 1 0.2395
35 136 1 0.1627
35 139 27 6.4399
35 140 34 8.5864
35 141 20 5.2768
35 144 31 9.5123
35 145 6 1.2440
35 146 29 5.6569
35 147 16 4.8620
35 151 28 5.6258
35 152 18 4.3748
35 153 81 15.8827
35 154 10 2.1554
35 155 42 9.1030
35 157 4 0.7731
35 158 13 2.7425
35 159 1 0.2370
35 161 5 1.4013
35 162 50 8.9704
35 163 15 2.8490
35 164 19 2.9532
35 166 4 0.6697
35 170 2 0.3999
35 171 39 8.4487
35 172 7 1.9959
35 174 122 34.9878
35 175 2 0.4006
35 176 2 0.4017
35 177 59 22.2672
35 178 9 1.9427
35 180 26 5.5096
35 181 2 0.3372
35 182 13 3.9636
35 184 4 0.7118
35 187 6 1.0417
35 190 1 0.1531
35 191 15 3.2083
35 193 122 30.7255
35 194 22 5.8082
35 197 1 0.1827
35 198 2 0.5622
35 199 52 15.5230
35 200 2 0.2858
35 201 10 1.8556
35 203 8 1.9797
35 204 2 0.3884
35 205 2 0.4238
35 206 70 21.3756
35 209 25 6.5994
35 210 36 6.9255
35 211 16 4.9283
35 212 2 0.4753
35 213 2 0.7280
35 214 3 0.6265
35 215 136 34.2446
35 216 12 2.2407
35 217 1 0.1402
35 218 29 7.5997
35 219 4 0.7264
35 220 1 0.1350
35 221 3 0.5796
35 222 1 0.2140
35 223 7 1.3115
35 224 6 1.4405
35 225 9 1.6202
35 229 13 2.3929
35 230 5 1.1459
35 232 6 1.3069
35 233 24 6.5903
35 234 17 6.2882
35 236 3 0.8544
35 237 6 1.1823
35 238 5 1.1500
35 240 36 8.3879
35 243 2 0.3777
35 244 1 0.1128
35 246 4 1.2010
35 247 5 1.1072
35 248 13 3.4300
35 250 4 2.2101
35 251 26 5.9236
35 252 52 12.6794
35 253 1 0.1814
35 254 14 3.6592
35 255 2 0.4042
35 258 2 0.5674
35 259 12 2.0880
35 260 5 1.2194
35 261 10 1.7120
35 262 25 5.7029
35 263 6 1.2653
35 264 12 2.4451
35 265 1 0.1621
35 266 17 3.7496
35 267 37 11.6544
35 268 3 0.5647
35 270 12 2.2033
35 272 2 0.4348
35 273 32 7.9778
35 274 5 0.9809
35 275 30 6.2551
35 276 11 2.1736
35 277 49 10.3184
35 279 22 4.6748
35 280 5 1.0323
35 281 1 0.2050
35 284 89 24.3998
35 285 12 2.5718
35 286 3 0.4891
35 287 6 1.0989
35 289 5 1.3983
35 290 2 0.4158
35 292 9 2.1740
35 293 140 60.9897
35 294 1 0.3114
35 295 11 3.0046
35 296 11 3.6866
35 298 26 5.7498
35 299 12 2.7066
35 300 16 5.6348
35 302 1 0.1706
35 303 19 4.1659
35 304 8 2.8595
35 305 8 1.6136
35 306 319 79.0602
35 307 13 2.8661
35 308 2 0.3396
35 309 2 0.4526
35 310 7 1.4096
35 311 18 3.6889
35 312 24 8.3957
35 313 48 12.3839
35 314 3 0.5441
35 315 101 23.4185
35 316 26 5.4475
35 317 14 2.4096
35 319 1 0.1665
35 321 6 2.1327
35 322 1 0.1874
35 323 1 0.1549
35 324 74 17.8046
35 325 1 0.1055
35 326 26 5.1453
35 328 2 0.3959
35 329 2 0.3078
35 330 5 1.0092
35 331 2 0.4612
35 332 37 10.9131
35 333 29 5.8946
35 334 30 7.9798
35 335 92 19.1136
35 336 1 0.3718
35 338 20 4.1742
35 339 20 3.9700
35 340 5 1.1896
35 341 1 0.2360
35 343 7 1.3525
35 344 43 11.7724
35 346 9 2.0682
35 347 86 22.3499
35 348 25 5.8592
35 350 33 9.2880
35 352 5 1.4699
35 353 6 1.5346
35 354 17 3.5888
35 355 67 14.0492
35 356 60 11.2307
35 358 1 0.2050
35 359 8 1.8293
35 361 2 0.3255
35 362 38 8.0851
35 363 4 0.8769
35 364 2 0.4022
35 365 121 27.0478
35 366 16 6.9027
35 367 6 1.0881
35 369 15 2.5273
35 371 6 1.3106
35 372 1 0.2628
35 373 11 3.0661
35 374 1 0.2396
35 376 2 0.4346
35 377 11 2.4198
35 379 6 1.5242
35 381 7 1.4652
35 382 5 0.8551
35 383 11 2.5701
36 0 2 0.3800
36 1 34 6.6400
36 3 3 0.4878
36 4 70 22.6415
36 7 29 10.0858
36 8 15 5.0367
36 9 3 0.5025
36 10 1 0.1185
36 11 6 0.9686
36 13 15 3.6356
36 14 2 0.3194
36 15 4 0.7881
36 16 6 1.3696
36 17 4 1.1718
36 18 5 0.9158
36 22 98 19.3884
36 23 1 0.2719
36 24 2 0.4041
36 25 8 2.2361
36 26 87 22.0150
36 28 113 21.1249
36 29 23 5.4362
36 30 5 0.7201
36 31 1 0.1416
36 32 15 2.8471
36 35 20 4.1183
36 36 32 9.5069
36 38 13 2.5009
36 40 5 0.9383
36 41 9 1.7617
36 42 20 4.1852
36 43 21 4.0730
36 44 10 2.9676
36 45 5 0.8119
36 46 18 3.7251
36 47 5 1.5027
36 50 4 1.1321
36 51 12 2.5296
36 52 12 2.6036
36 53 11 3.9190
36 55 4 0.8494
36 56 65 12.0649
36 57 5 0.8930
36 58 31 6.3658
36 59 82 20.6511
36 60 2 0.5463
36 61 2 0.2988
36 62 1 0.1588
36 63 8 2.4110
36 64 9 1.4963
36 65 3 0.6812
36 66 5 0.8235
36 67 6 1.5441
36 69 18 3.8846
36 72 4 0.9926
36 73 6 1.2691
36 74 3 0.6230
36 76 2 0.4626
36 78 6 0.8688
36 79 5 0.9263
36 80 175 48.1989
36 82 33 6.4751
36 83 26 5.7322
36 84 4 0.8957
36 85 18 9.5972
36 87 7 1.4338
36 91 6 1.0669
36 93 17 3.0863
36 94 7 1.2289
36 95 4 0.7674
36 98 14 3.8613
36 99 37 11.2102
36 100 6 1.5603
36 101 9 1.8242
36 102 4 0.7888
36 103 18 4.3239
36 106 5 0.6815
36 108 3 0.4437
36 109 1 0.1532
36 111 2 0.4232
36 112 5 2.1911
36 113 11 2.5567
36 114 48 9.8613
36 117 1 0.1767
36 121 32 6.6025
36 123 5 1.3417
36 125 4 0.7188
36 126 7 1.0980
36 127 1 0.2128
36 129 1 0.0994
36 130 4 1.0028
36 134 31 8.0126
36 135 6 1.1653
36 136 1 0.1593
36 137 1 0.1843
36 138 30 9.0743
36 139 1 0.2270
36 141 6 1.2716
36 142 4 1.1502
36 143 1 0.1809
36 146 3 0.5927
36 150 1 0.1800
36 151 1 0.1501
36 152 11 2.9238
36 153 2 0.3211
36 154 2 0.3964
36 155 1 0.1412
36 156 1 0.1984
36 157 17 3.2495
36 158 29 5.4764
36 159 32 10.5227
36 160 4 0.6037
36 161 1 0.2443
36 162 4 0.7594
36 164 8 1.7550
36 165 9 2.7364
36 166 17 5.2518
36 169 15 3.3523
36 170 2 0.4799
36 171 24 5.5812
36 172 29 7.3271
36 173 5 0.9005
36 174 14 3.1886
36 175 2 0.3119
36 176 7 2.2359
36 178 2 0.4448
36 179 1 0.3134
36 180 2 0.5489
36 182 56 12.5894
36 183 13 2.6008
36 184 10 2.4195
36 185 10 1.7465
36 186 3 0.6310
36 187 16 4.8014
36 190 22 4.3463
36 191 1 0.1535
36 192 25 4.9925
36 194 6 1.2022
36 195 4 1.3723
36 196 7 1.7585
36 197 68 13.0122
36 199 2 0.5085
36 201 10 2.0305
36 202 38 15.7256
36 204 26 5.7938
36 205 5 0.9489
36 208 11 2.3137
36 209 6 1.4159
36 210 6 1.6304
36 211 18 3.0145
36 212 27 8.5876
36 214 4 0.5676
36 216 6 1.0515
36 217 16 2.8205
36 219 1 0.2156
36 220 24 6.7052
36 221 1 0.1898
36 222 27 5.9140
36 223 28 7.3012
36 224 2 0.3826
36 225 1 0.2080
36 228 3 0.6731
36 229 15 3.6258
36 230 7 1.2936
36 231 102 21.1503
36 232 1 0.2098
36 233 106 36.6976
36 234 5 1.7500
36 236 16 4.1282
36 238 10 2.0354
36 239 1 0.1837
36 240 3 0.6074
36 242 25 6.0105
36 244 40 14.8271
36 245 4 0.8568
36 246 10 1.8199
36 247 5 0.8691
36 248 17 4.9760
36 250 16 4.6754
36 252 7 1.3158
36 253 110 25.0367
36 255 3 0.5983
36 257 40 22.2152
36 258 12 2.7665
36 259 1 0.3253
36 262 11 2.2721
36 263 3 0.5037
36 264 9 1.6969
36 265 2 0.3095
36 266 4 0.7086
36 267 1 0.2047
36 268 5 1.1001
36 269 4 0.7980
36 270 1 0.1669
36 271 6 1.7417
36 272 32 9.5765
36 273 41 12.0658
36 274 19 3.0350
36 276 2 0.2866
36 277 87 30.4425
36 279 45 11.8986
36 280 27 4.9266
36 281 2 0.5889
36 282 1 0.1331
36 284 34 6.8181
36 286 1 0.1272
36 287 9 1.8555
36 288 35 5.4799
36 289 38 11.1157
36 290 4 0.7805
36 291 14 3.6342
36 292 14 5.0542
36 294 11 2.4649
36 299 61 14.4331
36 301 91 17.9117
36 302 120 25.5398
36 303 1 0.2108
36 304 15 2.9565
36 305 67 14.5656
36 306 17 3.3705
36 307 13 4.1553
36 308 7 1.3297
36 310 7 1.5240
36 311 1 0.1780
36 312 3 0.6762
36 313 217 71.3483
36 314 74 16.4527
36 315 1 0.2164
36 316 6 1.0638
36 317 12 2.6470
36 318 20 3.9386
36 319 13 2.5584
36 320 3 0.5771
36 322 141 37.2360
36 323 88 19.0782
36 327 7 2.0177
36 329 14 3.0732
36 330 5 0.9078
36 332 2 0.3871
36 333 16 3.9525
36 336 12 3.7644
36 337 26 5.4134
36 339 8 1.6941
36 340 5 0.9334
36 342 65 13.5112
36 343 17 4.9598
36 344 2 0.3114
36 346 73 31.1548
36 349 3 0.9307
36 350 25 5.2594
36 354 66 15.1512
36 355 14 3.2778
36 356 7 1.6505
36 359 30 5.2883
36 360 2 0.3607
36 361 14 4.3204
36 362 5 1.0914
36 363 6 1.7419
36 366 36 9.4917
36 367 13 2.6560
36 369 18 5.8470
36 371 22 5.1781
36 372 16 4.9836
36 373 30 6.8309
36 374 30 5.6851
36 375 1 0.1769
36 377 1 0.1525
36 378 1 0.4243
36 380 27 7.7867
36 381 10 1.7812
37 0 2 0.4067
37 1 10 1.8465
37 3 2 0.4303
37 4 41 8.4263
37 5 16 3.7116
37 6 19 4.2361
37 7 3 1.2002
37 8 27 7.8404
37 10 24 4.8217
37 11 4 0.8040
37 12 9 2.4999
37 13 7 1.1907
37 14 6 1.5276
37 15 3 0.6266
37 16 3 0.5543
37 18 7 1.5590
37 19 8 1.5264
37 20 2 0.5606
37 21 16 2.7298
37 22 4 0.6669
37 23 6 2.7199
37 26 76 25.6798
37 28 4 0.7505
37 30 27 10.7251
37 31 1 0.1381
37 32 28 8.1311
37 33 25 5.0230
37 34 4 0.5904
37 35 5 1.1011
37 36 16 3.3714
37 37 27 8.6942
37 38 10 1.7199
37 39 14 2.9835
37 40 6 1.0410
37 42 8 2.1164
37 43 37 12.1696
37 44 2 0.3265
37 45 23 6.1154
37 46 7 3.0636
37 47 1 0.2220
37 48 1 0.1552
37 49 2 0.4434
37 50 9 1.7295
37 51 9 1.5757
37 52 4 0.6577
37 53 23 6.4698
37 54 5 0.9053
37 55 32 9.4788
37 56 8 1.8981
37 58 5 1.6383
37 59 4 0.8357
37 60 4 0.9578
37 61 12 2.3914
37 62 1 0.1408
37 64 3 0.3240
37 65 3 0.5303
37 66 8 2.0627
37 67 20 4.2936
37 68 42 18.1313
37 69 20 3.9501
37 70 9 2.3399
37 71 49 11.1440
37 72 12 2.9065
37 73 15 4.0388
37 74 1 0.1385
37 75 6 0.9876
37 76 5 0.7740
37 77 3 0.4379
37 78 26 11.5590
37 81 1 0.2030
37 82 6 1.3219
37 83 7 3.2741
37 84 6 1.5164
37 85 7 2.9878
37 86 1 0.1454
37 89 6 1.1022
37 90 2 0.3511
37 93 4 0.7697
37 94 4 0.9176
37 95 20 4.5071
37 97 13 3.0061
37 98 6 1.6360
37 100 2 0.4723
37 101 1 0.3316
37 102 16 5.2247
37 104 2 0.4568
37 105 43 17.9916
37 107 8 1.2266
37 109 1 0.1468
37 110 15 4.2212
37 111 2 0.3851
37 112 6 1.4724
37 113 9 1.6739
37 115 1 0.1347
37 116 10 2.4785
37 117 7 1.4586
37 118 2 0.3024
37 119 32 4.9570
37 121 21 4.7166
37 122 2 0.3902
37 123 1 0.1058
37 124 12 3.0783
37 125 4 0.6216
37 126 29 8.0927
37 128 28 9.1929
37 130 29 5.8245
37 131 2 0.3869
37 132 10 2.0985
37 134 1 0.1291
37 135 22 5.0943
37 136 22 4.5867
37 138 37 7.5839
37 140 2 0.3370
37 141 7 2.2442
37 145 1 0.2033
37 147 5 0.7946
37 148 13 3.1053
37 149 1 0.2136
37 154 1 0.2618
37 155 6 1.0575
37 156 7 1.1100
37 157 26 7.4313
37 158 9 1.5521
37 159 1 0.1633
37 160 12 3.2319
37 161 9 1.9033
37 162 2 0.4364
37 163 21 4.5413
37 164 2 0.3253
37 165 20 4.0751
37 166 17 3.7130
37 167 43 10.5473
37 168 17 3.5729
37 170 3 0.5094
37 171 7 2.3121
37 172 29 5.7374
37 173 7 1.0510
37 174 24 5.5181
37 176 8 1.9979
37 177 17 2.9133
37 178 4 0.8314
37 179 12 2.0831
37 180 7 1.2199
37 181 132 30.0552
37 182 23 7.7810
37 183 1 0.2110
37 185 3 0.4303
37 186 33 7.9687
37 187 1 0.1751
37 188 16 4.0967
37 190 2 0.4206
37 191 1 0.1783
37 194 6 1.3528
37 196 2 0.4205
37 197 15 6.0056
37 198 4 1.0829
37 201 3 0.5878
37 202 1 0.4141
37 203 2 0.3738
37 204 11 1.9659
37 205 2 0.4635
37 206 1 0.2303
37 208 6 1.0283
37 209 4 0.7713
37 212 3 0.6428
37 214 85 16.8452
37 215 1 0.2784
37 217 41 7.3060
37 218 177 49.5596
37 219 41 7.2048
37 223 1 0.2744
37 224 35 10.9142
37 225 84 14.5182
37 227 19 4.1930
37 228 2 0.3999
37 230 16 3.9368
37 231 1 0.2242
37 232 11 3.0266
37 233 7 1.4199
37 234 34 7.1485
37 236 2 0.4132
37 237 2 0.3881
37 238 12 3.8799
37 239 8 2.4262
37 240 43 9.2525
37 245 18 8.8784
37 246 2 0.2859
37 247 5 0.8869
37 248 6 1.3563
37 249 2 0.3309
37 250 7 2.8687
37 251 1 0.2119
37 252 6 1.1650
37 253 4 0.8007
37 254 1 0.3757
37 255 4 0.8003
37 256 71 19.8204
37 258 4 0.7889
37 259 15 5.4151
37 260 3 0.8758
37 263 7 2.1707
37 264 4 0.7229
37 265 9 1.8837
37 266 3 0.6301
37 268 4 0.9297
37 269 2 0.3604
37 270 1 0.0625
37 271 3 0.5983
37 272 36 10.7845
37 273 10 2.9480
37 275 5 1.1844
37 276 8 1.8681
37 278 4 0.9126
37 279 79 15.8594
37 280 4 0.8788
37 281 3 0.5244
37 282 55 11.2927
37 284 1 0.1841
37 285 6 1.8557
37 286 1 0.1466
37 287 196 57.5856
37 288 9 2.2946
37 289 13 2.6284
37 292 36 7.4063
37 294 1 0.0518
37 295 4 0.8222
37 296 13 3.2100
37 297 10 2.9796
37 298 34 7.6424
37 300 2 0.3803
37 301 1 0.1874
37 302 10 2.7741
37 304 3 0.5150
37 305 2 0.3133
37 307 8 2.5265
37 308 27 7.8209
37 310 27 6.9316
37 311 5 0.9927
37 315 22 5.1128
37 316 3 0.5641
37 317 3 0.4781
37 318 5 0.9133
37 319 1 0.1993
37 321 7 1.2774
37 322 20 9.1557
37 324 1 0.2239
37 326 1 0.1688
37 327 1 0.0938
37 328 1 0.0729
37 329 20 3.7979
37 330 10 2.2684
37 331 2 0.3758
37 333 3 0.7195
37 334 7 1.5900
37 336 5 0.9019
37 337 2 0.4127
37 339 17 3.5139
37 340 6 0.6205
37 341 2 0.5042
37 343 22 7.0867
37 344 33 7.8099
37 345 28 4.6684
37 346 14 2.2003
37 347 1 0.1745
37 348 2 0.6408
37 349 3 0.8658
37 350 61 13.0287
37 351 2 0.4724
37 352 10 2.0147
37 353 2 0.3926
37 354 57 19.0992
37 357 2 0.2363
37 358 33 8.5021
37 359 25 4.6508
37 360 2 0.3654
37 361 1 0.1267
37 364 6 1.0551
37 365 2 0.4797
37 366 28 7.3873
37 367 3 0.8408
37 368 3 0.5892
37 369 4 0.6350
37 370 5 1.3856
37 372 20 3.8042
37 373 10 3.0936
37 374 12 2.3636
37 375 2 0.8883
37 377 57 16.3564
37 378 9 1.6553
37 380 193 45.8190
37 381 61 17.7133
37 382 2 0.3022
38 0 6 1.1416
38 1 2 0.7405
38 2 2 0.2919
38 4 3 0.4785
38 6 36 11.6767
38 7 11 2.0334
38 8 1 0.0771
38 9 3 0.4337
38 12 9 1.9090
38 13 16 3.4340
38 15 2 0.3552
38 16 5 0.8780
38 17 35 7.6276
38 18 1 0.2174
38 19 9 3.5095
38 20 1 0.0177
38 21 83 15.6719
38 23 5 1.4521
38 24 29 5.7891
38 26 18 5.0632
38 28 6 0.9997
38 29 2 0.2657
38 30 35 11.5052
38 31 34 10.5909
38 32 3 0.5191
38 33 16 7.6474
38 35 34 7.4484
38 37 1 0.4174
38 39 2 0.6003
38 40 5 1.4776
38 41 10 1.6620
38 43 6 2.6982
38 44 6 1.6103
38 46 2 0.3922
38 47 1 0.2148
38 49 4 0.7835
38 50 37 10.2768
38 51 4 0.9908
38 53 2 0.4638
38 54 15 5.4087
38 55 9 1.2349
38 58 2 0.4615
38 59 4 0.8529
38 60 3 0.5066
38 61 6 0.8902
38 62 4 0.8725
38 63 5 0.7378
38 64 14 6.3888
38 67 18 3.7313
38 68 5 0.9918
38 69 4 0.9406
38 70 23 9.2884
38 71 3 0.6545
38 73 10 2.0146
38 74 1 0.2210
38 75 7 2.0973
38 76 1 0.4140
38 79 23 4.7248
38 80 27 8.2821
38 83 6 1.5371
38 85 10 2.0327
38 86 10 2.6651
38 87 6 1.7581
38 88 6 1.2727
38 89 1 0.2121
38 90 13 2.8025
38 91 17 4.4702
38 93 46 8.2578
38 94 15 4.2217
38 95 15 3.7171
38 96 4 1.0919
38 97 28 4.7409
38 98 5 0.6640
38 100 1 0.1137
38 101 7 1.4156
38 103 21 4.7725
38 104 2 0.3921
38 105 5 0.8663
38 108 7 1.0402
38 109 3 0.5123
38 110 9 3.7747
38 112 4 0.7359
38 114 5 1.8128
38 115 17 2.9202
38 116 20 3.5137
38 117 47 11.2046
38 118 9 1.5241
38 119 4 0.8647
38 120 1 0.1734
38 121 3 1.1489
38 122 3 0.5725
38 123 5 1.7423
38 124 2 0.3340
38 125 20 3.6534
38 130 1 0.2317
38 131 7 1.5082
38 132 1 0.2817
38 133 10 1.6005
38 134 10 2.3922
38 138 13 2.2550
38 139 30 5.9318
38 140 2 0.3145
38 141 165 33.6358
38 144 29 7.9814
38 145 3 0.5747
38 146 1 0.0780
38 147 21 3.6429
38 148 2 0.2676
38 150 21 4.5522
38 151 8 1.3103
38 152 70 20.8429
38 153 14 3.0057
38 155 8 1.3904
38 157 4 0.7241
38 158 10 2.1245
38 159 4 0.8370
38 162 13 3.1862
38 165 1 0.1710
38 167 30 7.9602
38 169 9 1.5034
38 170 5 0.9959
38 171 13 2.2830
38 172 1 0.1538
38 173 5 0.7661
38 176 17 4.0533
38 177 18 6.5809
38 181 11 2.7066
38 183 4 1.9668
38 185 1 0.0341
38 186 7 1.2901
38 187 5 0.8932
38 188 61 9.5159
38 189 3 0.4352
38 190 12 2.7648
38 191 26 8.2316
38 192 8 2.2007
38 193 26 9.7721
38 195 5 0.8004
38 196 16 4.3348
38 197 8 2.0373
38 198 1 0.2152
38 199 7 1.3837
38 201 6 1.7988
38 202 7 1.9861
38 203 2 0.3510
38 204 4 0.7658
38 207 34 8.5789
38 208 61 16.6639
38 209 9 1.8910
38 211 2 0.4852
38 212 16 4.1100
38 213 8 1.7782
38 215 2 0.4085
38 216 2 0.3909
38 217 9 3.4685
38 218 5 0.7032
38 219 111 38.8556
38 220 2 0.3746
38 222 1 0.0670
38 224 9 1.8725
38 225 2 0.3236
38 226 44 9.4691
38 227 38 11.8888
38 228 6 0.9614
38 230 18 5.0540
38 231 20 6.0944
38 232 3 0.6894
38 233 1 0.1220
38 234 17 7.4744
38 235 4 0.7972
38 236 6 1.7805
38 237 40 15.8466
38 239 4 0.5991
38 240 6 0.9568
38 242 4 0.8357
38 245 7 1.9940
38 246 40 13.7757
38 247 6 1.4029
38 249 63 12.1501
38 250 18 13.8100
38 251 1 0.0675
38 252 2 0.3252
38 254 8 1.5692
38 256 7 1.3531
38 257 16 3.4094
38 258 1 0.2235
38 260 12 2.8253
38 261 10 1.7684
38 264 15 5.9756
38 265 20 6.1271
38 268 71 17.0110
38 269 4 0.7623
38 271 4 1.2550
38 272 3 0.4534
38 273 17 6.6631
38 274 4 0.7147
38 276 14 6.0427
38 277 7 1.7049
38 278 5 0.8761
38 280 11 3.0445
38 281 5 1.0164
38 282 13 4.0621
38 283 22 5.3346
38 284 2 0.2973
38 285 1 0.1926
38 286 12 3.8341
38 288 17 4.5772
38 289 13 4.0126
38 291 5 0.8108
38 292 2 0.3584
38 293 2 0.6360
38 295 6 1.2853
38 296 92 20.6318
38 298 3 0.6013
38 299 2 0.2831
38 300 1 0.1612
38 301 4 0.5963
38 302 30 5.7840
38 303 3 1.0995
38 305 5 1.3901
38 306 1 0.1589
38 307 2 0.4390
38 308 2 0.4109
38 309 10 2.8457
38 310 6 1.0170
38 311 10 1.7730
38 312 3 0.4592
38 314 1 0.0894
38 315 8 1.6283
38 316 10 1.4758
38 317 1 0.1780
38 318 45 7.9583
38 319 8 1.1552
38 320 2 0.6972
38 321 3 0.7101
38 322 18 4.9395
38 323 3 1.5531
38 325 8 2.3341
38 326 8 1.8975
38 328 1 0.2104
38 329 1 0.2004
38 331 2 0.4509
38 332 2 0.7673
38 333 5 1.0296
38 334 1 0.1975
38 335 2 0.3073
38 337 1 0.1892
38 339 3 0.6524
38 340 6 1.3267
38 342 8 1.2314
38 345 5 1.5614
38 347 10 2.1830
38 348 1 0.1474
38 349 1 0.2077
38 350 3 0.4556
38 351 10 3.0938
38 352 1 0.1125
38 353 7 2.0792
38 354 1 0.1389
38 355 16 3.9877
38 356 2 0.3241
38 357 5 1.3001
38 359 1 0.3177
38 360 3 0.3878
38 361 54 14.6022
38 362 1 0.3981
38 363 113 27.5311
38 364 2 0.4407
38 365 1 0.2545
38 366 16 2.6829
38 367 4 0.7493
38 368 6 1.3776
38 369 19 3.4373
38 370 27 4.5479
38 371 2 0.2368
38 373 2 0.3341
38 375 10 3.3534
38 376 7 1.2661
38 378 24 6.9415
38 379 6 1.1057
38 380 7 1.3750
38 381 8 1.8515
38 382 2 0.3676
39 0 33 6.8622
39 1 8 1.6083
39 3 2 0.2467
39 4 7 2.5964
39 5 16 3.0083
39 6 25 4.7751
39 7 8 3.6840
39 8 6 0.9505
39 9 1 0.2444
39 10 3 0.5702
39 13 1 0.0887
39 14 11 4.2499
39 15 31 9.7729
39 18 124 25.5930
39 19 1 0.2696
39 20 6 1.2039
39 21 1 0.0688
39 23 1 0.0000
39 24 7 1.2719
39 25 10 3.8871
39 26 5 1.5703
39 27 8 2.3398
39 28 10 0.3932
39 30 8 3.4903
39 31 2 0.4503
39 32 6 0.6886
39 33 21 3.5893
39 36 9 1.6991
39 37 1 0.1679
39 38 8 1.6769
39 39 1 0.0853
39 40 1 0.0995
39 42 3 0.7951
39 44 4 0.5632
39 47 2 0.3435
39 48 2 0.0000
39 50 1 0.2230
39 51 3 0.3906
39 52 2 0.2265
39 53 1 0.4798
39 54 142 42.5736
39 55 9 1.1471
39 56 5 0.6962
39 58 2 0.4005
39 59 6 1.9318
39 61 5 0.5571
39 63 1 0.0848
39 64 3 0.3510
39 65 5 1.3475
39 66 30 6.7142
39 68 3 0.8502
39 69 1 0.2097
39 70 2 0.4339
39 72 7 1.8698
39 73 2 0.2792
39 75 4 0.5784
39 78 1 0.2144
39 80 20 4.4190
39 81 1 0.0647
39 82 5 2.3866
39 83 18 1.5650
39 84 7 2.3144
39 85 6 1.9766
39 86 3 0.2606
39 87 9 5.1266
39 90 4 0.8867
39 91 21 5.6783
39 92 4 1.5232
39 93 1 0.0980
39 96 3 0.5114
39 97 8 2.9892
39 98 3 0.3299
39 99 22 5.6992
39 100 4 0.5717
39 101 26 5.9967
39 102 21 5.2301
39 103 4 1.4250
39 106 2 0.4145
39 107 1 0.2988
39 109 5 1.5772
39 111 3 1.4893
39 112 25 7.5595
39 115 2 0.6811
39 116 4 1.8116
39 117 4 0.4663
39 118 38 12.0600
39 119 6 0.0390
39 121 4 0.6094
39 122 1 0.0891
39 123 15 2.8107
39 124 2 0.3801
39 125 2 0.7849
39 126 5 2.0316
39 127 4 1.0544
39 129 5 0.8769
39 131 2 0.6625
39 133 50 12.1544
39 135 20 2.6356
39 136 2 0.2830
39 139 14 3.6090
39 140 5 1.2795
39 141 6 1.8327
39 142 1 0.2155
39 144 2 0.8681
39 145 3 0.8271
39 146 54 10.9861
39 147 1 0.1459
39 148 1 0.2481
39 149 18 2.1045
39 150 5 0.9548
39 151 1 0.3371
39 152 20 3.2000
39 153 1 0.1714
39 155 137 30.5715
39 156 5 0.5912
39 157 2 0.4496
39 159 36 6.7460
39 160 12 1.9237
39 161 7 1.9964
39 163 3 0.5369
39 164 5 0.9517
39 165 1 0.0737
39 166 3 0.4208
39 168 9 4.4492
39 169 2 0.3012
39 170 51 8.2185
39 172 2 0.2858
39 173 7 1.5777
39 174 1 0.2335
39 176 8 0.8795
39 178 8 7.2184
39 179 5 0.7566
39 181 3 0.9943
39 183 2 0.2029
39 184 3 0.7626
39 187 5 0.8308
39 188 5 6.8988
39 189 35 9.4293
39 190 8 3.8819
39 191 4 0.5519
39 195 2 0.1921
39 196 17 3.6572
39 197 2 0.3095
39 198 1 0.0786
39 199 1 0.1081
39 200 4 0.5152
39 201 1 0.1014
39 202 23 4.3004
39 203 7 3.0201
39 204 3 0.6441
39 205 8 2.1636
39 206 1 0.1207
39 207 4 0.7442
39 208 5 0.7253
39 209 3 0.3132
39 210 4 0.4989
39 212 7 1.6224
39 213 2 0.5164
39 215 27 5.8756
39 217 1 0.0975
39 220 3 1.1353
39 221 20 3.9937
39 222 1 0.1391
39 224 13 4.0227
39 225 1 0.0804
39 226 1 0.1100
39 228 28 8.4089
39 229 1 0.0037
39 231 9 3.8419
39 232 1 0.0007
39 235 7 1.4670
39 236 5 1.0024
39 237 11 4.5435
39 238 1 0.1915
39 242 4 0.4603
39 243 2 0.4071
39 244 5 0.9188
39 248 2 0.2381
39 250 1 0.0972
39 254 3 0.7232
39 255 6 0.7020
39 256 3 0.6442
39 257 14 2.9150
39 258 1 0.0848
39 260 1 0.2661
39 261 6 1.0341
39 263 3 0.3262
39 266 7 1.3925
39 268 44 14.1833
39 269 7 1.7681
39 272 4 1.1725
39 274 1 0.1635
39 276 18 4.4741
39 277 6 1.5048
39 279 1 0.2280
39 281 37 9.9165
39 283 16 3.6711
39 284 3 0.6652
39 285 3 0.3937
39 286 9 1.6285
39 289 17 4.3842
39 291 17 3.8335
39 293 13 4.2876
39 294 10 1.2144
39 295 2 0.1319
39 296 4 0.7541
39 298 3 1.4063
39 301 2 0.3853
39 303 104 28.4838
39 306 2 0.3214
39 307 10 3.0230
39 308 5 1.0005
39 310 1 0.0780
39 311 6 1.1600
39 312 3 0.3480
39 313 2 0.5386
39 314 4 1.3391
39 315 1 0.2013
39 317 6 1.8027
39 318 20 13.6714
39 319 39 10.3427
39 322 18 3.4293
39 324 3 0.4625
39 326 27 7.8910
39 328 1 0.1397
39 330 16 4.5945
39 331 1 0.3711
39 334 2 0.3585
39 335 8 1.3135
39 336 34 7.0087
39 337 4 0.6710
39 339 1 0.1758
39 341 12 2.6273
39 343 1 0.5777
39 346 37 11.7195
39 348 5 1.0175
39 349 27 7.6736
39 350 1 0.0869
39 351 3 0.3986
39 352 40 13.5997
39 354 16 4.6246
39 355 39 12.3485
39 357 14 5.3846
39 358 3 0.4999
39 359 4 1.3499
39 360 4 2.3518
39 361 3 0.2701
39 362 10 3.2808
39 363 4 0.6036
39 364 1 0.1137
39 365 7 1.0743
39 367 30 5.7765
39 368 23 5.4421
39 369 2 0.1899
39 370 5 0.5797
39 371 4 0.5297
39 373 4 0.6661
39 374 4 0.5364
39 375 1 0.3226
39 379 43 10.1614
39 380 3 0.4558
39 381 5 0.9412
39 382 6 1.3277
