# layer expert count weight_sum
0 0 1419 490.5255
0 1 28 5.6040
0 2 2862 708.2158
0 4 87 29.3460
0 5 468 132.8824
0 6 140 26.5889
0 7 119 25.0021
0 8 732 149.7409
0 9 364 123.3482
0 10 58 10.1817
0 11 624 119.7313
0 12 139 28.1726
0 14 257 55.4282
0 15 550 102.4090
0 16 26 4.9186
0 17 832 184.5035
0 18 137 29.1206
0 19 68 13.4680
0 20 207 44.0564
0 21 378 80.9204
0 22 71 17.6590
0 24 222 43.7593
0 25 362 65.7853
0 26 39 7.2103
0 27 175 38.6972
0 28 2131 514.7809
0 29 473 96.6168
0 30 1190 288.0723
0 31 230 45.8908
0 32 151 30.9644
0 33 351 69.3454
0 34 1282 262.0594
0 35 1283 313.9196
0 36 1068 235.4727
0 37 8 1.7785
0 38 666 159.9636
0 39 2980 676.8804
0 40 719 220.2955
0 41 648 118.0906
0 42 452 120.9131
0 43 346 65.1739
0 44 306 56.3741
0 45 340 83.7554
0 46 47 10.3883
0 47 344 63.2312
0 48 272 107.9548
0 49 264 49.9158
0 51 35 6.3556
0 52 5 1.2928
0 53 67 13.0949
0 54 48 10.0420
0 55 89 18.0108
0 56 172 32.9134
0 57 9 1.6517
0 58 172 36.0048
0 59 361 77.7365
0 60 37 6.6811
0 61 49 15.3763
0 62 33 5.8932
0 63 21 4.1893
0 64 65 14.6507
0 65 195 35.9259
0 66 32 6.3499
0 67 100 30.0844
0 68 78 13.3116
0 69 401 83.9214
0 70 381 63.8042
0 71 194 34.8340
0 72 771 161.1799
0 73 860 229.6398
0 74 73 15.7390
0 75 280 116.6433
0 76 2 0.3443
0 77 249 79.1548
0 78 988 203.8127
0 81 630 128.8026
0 82 188 32.7712
0 83 33 7.7757
0 84 60 13.9011
0 85 119 26.7085
0 86 789 154.7389
0 87 185 34.4274
0 88 462 127.4115
0 89 430 71.2423
0 90 44 6.4173
0 91 4 0.7103
0 92 249 52.0441
0 94 1240 333.6360
0 95 35 7.7374
0 96 546 206.3716
0 97 677 142.4211
0 98 49 11.6559
0 99 241 50.2340
0 100 18 2.8437
0 101 554 228.7762
0 102 1700 294.2917
0 103 1 0.2609
0 104 351 103.6913
0 105 1123 248.6967
0 106 101 17.4945
0 107 371 67.4656
0 108 485 109.2872
0 109 538 203.1399
0 110 192 68.4589
0 111 543 131.1844
0 112 156 49.6959
0 113 568 113.2320
0 114 272 42.4598
0 115 727 181.5277
0 116 1538 328.3103
0 117 309 84.6826
0 118 295 56.9221
0 119 580 96.2106
0 120 138 24.4182
0 121 26 3.8368
0 123 46 8.9959
0 124 182 37.1959
0 125 726 117.8946
0 126 241 46.6108
0 127 197 44.4343
0 128 283 68.6229
0 129 40 7.0055
0 130 2961 883.3286
0 131 697 161.5126
0 132 51 10.1956
0 133 858 199.2670
0 134 41 12.7904
0 135 520 87.3651
0 136 604 178.2375
0 137 1 0.2324
0 138 1739 332.1569
0 140 334 90.0777
0 141 194 47.9659
0 142 115 27.3470
0 143 579 135.0782
0 144 33 6.9795
0 145 629 134.7249
0 146 405 92.7092
0 147 722 203.0969
0 148 456 92.3698
0 149 396 88.3049
0 150 165 31.0725
0 151 166 35.3245
0 152 543 120.8051
0 153 91 16.7812
0 154 1318 360.1747
0 155 467 102.6991
0 156 1811 414.4304
0 157 73 15.8530
0 158 540 103.4541
0 159 1701 475.2219
0 160 55 10.1508
0 161 724 138.1080
0 162 81 19.0723
0 163 166 35.1119
0 164 871 169.7774
0 165 96 18.3249
0 166 522 96.2860
0 167 890 257.3811
0 168 725 145.9135
0 169 955 244.8398
0 170 60 24.2564
0 171 422 82.8803
0 172 222 59.7241
0 173 435 102.7149
0 174 696 250.5459
0 175 96 18.9386
0 176 1148 189.1453
0 177 385 75.3144
0 178 122 24.3923
0 179 45 8.4762
0 180 804 150.9365
0 181 607 128.9415
0 182 21 4.4386
0 183 2284 1067.3219
0 184 451 93.0500
0 185 527 103.8471
0 186 224 56.6159
0 187 709 148.8748
0 188 878 329.6868
0 189 557 99.5469
0 190 38 5.4063
0 191 348 71.0884
0 192 368 80.1112
0 193 871 224.3150
0 194 235 56.1755
0 195 217 43.2131
0 196 82 16.2247
0 197 765 175.5631
0 198 356 72.4859
0 199 48 8.4238
0 200 37 7.1805
0 201 114 33.3062
0 203 68 18.1924
0 204 57 10.7206
0 205 1975 679.0549
0 206 20 5.4242
0 207 752 176.2127
0 208 899 172.2759
0 209 83 15.8761
0 210 63 13.5274
0 211 312 51.9989
0 212 25 5.3449
0 213 437 127.6616
0 214 102 21.5937
0 215 484 88.6644
0 216 682 175.1798
0 217 69 12.7743
0 219 203 40.4817
0 220 258 50.0523
0 221 7 1.4467
0 222 574 128.3225
0 223 107 21.5061
0 224 58 11.2107
0 225 701 209.4837
0 226 15 2.8136
0 227 380 75.0530
0 228 243 43.9822
0 229 523 102.6444
0 230 159 31.4600
0 231 598 126.8331
0 232 726 229.1414
0 233 2 0.3913
0 234 751 209.5608
0 235 18 3.5755
0 236 273 50.3981
0 237 600 163.9434
0 238 415 125.2643
0 239 31 4.6956
0 240 11 1.7541
0 241 432 143.9521
0 242 670 163.6182
0 243 1 0.1221
0 244 19 4.0376
0 245 698 120.0629
0 246 114 22.5901
0 247 8 1.6331
0 248 1748 522.0474
0 250 57 11.5690
0 251 718 227.1238
0 252 267 48.6248
0 253 835 325.5736
0 254 5 0.9517
0 255 71 13.1043
0 256 324 79.0784
0 257 626 191.5262
0 258 5 1.1433
0 259 592 106.2409
0 260 1503 501.9620
0 261 191 45.2384
0 262 642 207.7816
0 263 543 173.1588
0 264 20 3.8556
0 265 91 16.2424
0 266 467 126.8292
0 267 364 147.2093
0 268 799 354.4297
0 269 489 109.7657
0 270 30 8.3814
0 271 83 16.6092
0 272 280 47.9579
0 273 111 27.1873
0 274 294 59.2609
0 275 550 155.8239
0 276 1122 254.1072
0 277 1040 342.2820
0 278 293 50.9770
0 279 309 58.6112
0 280 1113 238.1858
0 281 16 3.3161
0 282 935 186.9799
0 283 593 130.9102
0 284 239 47.9454
0 285 1303 501.2900
0 286 292 58.5226
0 287 37 7.4424
0 288 498 101.1261
0 289 772 274.3342
0 290 397 116.2395
0 291 145 30.1293
0 292 2 0.4857
0 293 1021 390.2288
0 294 231 48.2814
0 295 696 224.0743
0 296 976 213.3590
0 297 343 102.9496
0 298 4 0.8485
0 299 908 211.3722
0 300 1027 299.6339
0 301 417 88.0786
0 302 24 8.9807
0 303 97 16.9555
0 304 135 45.8301
0 305 885 244.4035
0 306 211 51.7724
0 307 231 43.8643
0 308 372 71.4133
0 309 57 9.9335
0 310 1142 348.7820
0 311 312 61.0559
0 312 306 65.7292
0 314 415 85.1584
0 315 207 42.3358
0 316 159 33.0745
0 317 1485 356.1313
0 318 274 94.9434
0 319 113 18.6256
0 320 568 115.6141
0 321 437 91.3258
0 322 740 270.4083
0 323 5071 1650.5338
0 324 7 1.4016
0 325 95 20.6125
0 326 324 66.7290
0 327 175 36.7861
0 328 271 53.9753
0 329 203 47.0348
0 330 726 184.4684
0 331 370 78.2425
0 332 75 13.5509
0 333 75 16.0223
0 334 830 168.4245
0 335 16 3.6507
0 336 20 4.3181
0 337 377 69.0290
0 338 443 85.4528
0 339 29 5.9477
0 340 6 1.1984
0 341 2096 639.2032
0 342 1255 248.3559
0 343 1314 326.3958
0 344 23 4.1136
0 345 493 102.3548
0 346 299 53.9136
0 347 27 12.8373
0 348 663 156.4124
0 349 387 92.5337
0 350 501 105.9123
0 351 621 179.8185
0 352 1423 385.7409
0 353 1008 204.4459
0 354 611 115.4801
0 355 899 193.2132
0 356 384 85.1559
0 357 194 47.4720
0 358 361 82.5480
0 359 356 62.5285
0 360 53 11.4023
0 361 533 130.6631
0 362 304 76.0026
0 363 205 42.5692
0 364 165 35.1603
0 365 11 1.7826
0 366 1165 229.8009
0 367 107 27.4471
0 368 72 14.0010
0 369 70 16.9747
0 370 1194 229.4558
0 371 192 40.4323
0 372 33 5.5009
0 374 422 80.8476
0 375 441 102.6208
0 376 31 5.8367
0 377 108 20.9185
0 378 97 33.7267
0 379 89 18.8713
0 380 39 7.9139
0 381 212 47.7567
0 382 333 54.6920
0 383 84 16.7267
1 0 520 137.4491
1 1 91 20.3467
1 2 50 10.1543
1 3 94 20.6479
1 4 502 124.2559
1 5 2680 656.0597
1 6 350 84.5396
1 7 996 239.2560
1 8 88 22.0783
1 9 6 1.4050
1 10 301 75.6243
1 11 851 343.2767
1 12 1114 365.0322
1 13 74 18.8119
1 14 383 116.3625
1 15 684 147.7953
1 18 19 3.6030
1 19 246 64.1387
1 20 555 188.0925
1 21 96 18.1550
1 22 661 152.9918
1 23 517 110.9491
1 24 200 43.4331
1 25 83 17.3902
1 26 1153 260.3330
1 27 349 77.2217
1 28 165 36.6293
1 30 114 24.7359
1 32 160 34.9291
1 33 614 136.8714
1 34 96 21.4590
1 35 507 114.8486
1 36 28 6.0583
1 37 50 10.5831
1 38 308 71.0546
1 39 210 47.3491
1 40 4 0.7295
1 41 92 20.8306
1 42 199 42.3867
1 43 42 8.1243
1 44 56 11.1213
1 45 466 141.0166
1 46 149 28.8905
1 47 1094 288.6947
1 48 215 47.7020
1 49 845 221.1851
1 50 311 73.5564
1 51 902 207.0909
1 52 76 16.2977
1 53 209 45.5598
1 54 1055 247.9559
1 55 49 11.1974
1 56 38 12.9522
1 57 364 86.0937
1 59 227 52.1279
1 60 276 61.7339
1 61 342 72.6007
1 62 28 10.5606
1 63 327 71.9697
1 64 693 180.9386
1 65 69 13.9368
1 66 256 57.7781
1 67 2625 673.9132
1 68 11 4.0450
1 69 134 30.4359
1 70 387 88.9917
1 71 320 73.0380
1 72 30 9.4265
1 73 288 66.1178
1 75 2122 982.3290
1 76 45 10.9915
1 77 305 68.8343
1 78 2 0.4086
1 79 2 0.3580
1 80 82 18.9689
1 81 529 125.8238
1 82 412 111.0427
1 83 38 8.2281
1 84 319 71.7661
1 85 305 59.9207
1 86 5 1.0899
1 87 37 14.5333
1 88 2057 495.8997
1 89 22 5.8587
1 91 1484 472.7227
1 92 485 122.6167
1 93 2047 460.5380
1 94 13 2.4752
1 95 218 46.0871
1 96 21 3.6018
1 97 245 56.9068
1 98 332 102.4565
1 99 56 11.5063
1 100 908 206.3257
1 101 26 7.0842
1 102 163 34.0698
1 103 465 104.7075
1 104 328 88.3940
1 105 256 50.7250
1 106 2255 527.6821
1 107 331 68.0393
1 108 42 10.8474
1 109 1989 450.9199
1 110 3305 929.0161
1 111 363 74.9709
1 112 661 150.8629
1 113 265 85.0629
1 114 99 26.3108
1 115 83 18.7329
1 116 38 8.9053
1 117 795 221.6108
1 118 34 7.5787
1 119 22 5.5883
1 120 726 198.9464
1 121 979 217.8533
1 122 626 137.9915
1 123 53 13.0663
1 124 24 7.4442
1 125 180 36.1562
1 126 72 15.7944
1 127 77 19.6352
1 128 189 42.5245
1 129 300 72.6251
1 130 1346 444.4932
1 131 960 276.1016
1 133 296 68.7174
1 134 1045 235.9921
1 135 800 186.1793
1 136 81 17.5154
1 137 65 18.8393
1 138 318 73.2660
1 141 447 100.8498
1 142 42 9.2739
1 143 98 21.9538
1 144 111 25.0579
1 145 219 51.6961
1 146 885 198.0352
1 147 322 65.7457
1 148 154 38.9861
1 149 136 36.4612
1 150 87 19.2976
1 151 33 11.7763
1 152 6 1.4687
1 154 179 38.2759
1 155 1418 350.4116
1 156 299 65.7284
1 157 158 45.3507
1 158 550 158.6332
1 159 1451 358.3429
1 160 773 168.0345
1 161 412 92.0496
1 162 120 27.7775
1 163 429 91.3278
1 164 20 5.9734
1 165 76 14.2138
1 166 691 162.5325
1 167 108 22.7928
1 168 196 57.5260
1 169 104 21.4106
1 170 160 33.8100
1 171 133 25.0619
1 172 200 43.8001
1 173 1138 281.4868
1 174 45 10.5395
1 175 215 47.6625
1 176 387 104.0487
1 177 32 7.5716
1 178 96 21.6778
1 179 207 37.0107
1 180 1612 409.5094
1 181 247 57.0217
1 182 238 44.7967
1 183 62 14.5047
1 184 679 164.0008
1 185 524 109.5914
1 186 412 99.3060
1 187 316 67.2970
1 188 546 162.1080
1 189 76 16.4596
1 190 77 16.9343
1 191 304 89.5409
1 192 22 6.7868
1 193 4639 1374.0209
1 194 297 71.4161
1 195 413 88.5923
1 196 60 13.8498
1 197 58 12.7765
1 198 155 35.0176
1 199 534 112.2453
1 200 897 236.6127
1 201 13 2.5427
1 202 263 59.1496
1 203 361 79.9008
1 204 9 2.0210
1 206 1375 327.7108
1 207 12 2.5986
1 208 527 116.6119
1 209 253 49.7679
1 210 98 21.9993
1 211 333 67.8006
1 212 1118 247.5229
1 213 314 69.7749
1 214 107 25.8257
1 215 287 60.9908
1 216 37 7.7570
1 217 2022 550.8100
1 218 132 33.0254
1 219 726 214.9703
1 220 116 24.1948
1 221 60 13.1400
1 222 362 78.7972
1 223 35 7.3554
1 224 777 186.9461
1 225 93 21.8700
1 226 261 51.9699
1 227 355 88.9373
1 228 866 181.6534
1 229 399 90.7895
1 230 191 40.8670
1 231 123 27.5803
1 232 185 40.4527
1 233 91 19.6274
1 234 1008 214.2621
1 235 135 30.2668
1 236 1827 387.8719
1 237 55 13.3034
1 238 75 16.0990
1 239 40 8.5881
1 240 548 169.3668
1 241 312 67.7091
1 242 355 78.4729
1 243 51 11.0808
1 244 55 19.7465
1 245 165 38.1560
1 246 135 29.2853
1 247 545 134.1344
1 248 334 77.6647
1 249 3 1.2369
1 250 59 17.3942
1 251 1283 421.3410
1 252 361 77.6126
1 253 407 100.0453
1 254 1913 436.3654
1 255 1015 220.6235
1 256 26 5.3068
1 257 22 4.6805
1 258 20 4.3430
1 259 2400 656.4300
1 260 1155 266.1249
1 262 181 40.0299
1 263 184 39.4590
1 264 5 1.2244
1 265 828 229.1606
1 266 239 52.2222
1 267 231 52.8982
1 268 118 27.9937
1 269 78 16.3786
1 270 201 46.9927
1 271 281 66.1661
1 272 64 13.8109
1 273 169 39.8211
1 274 401 88.4424
1 275 358 77.9320
1 276 4 1.3429
1 277 32 7.0933
1 278 23 4.4735
1 279 179 39.6552
1 280 657 151.3365
1 281 385 97.5393
1 282 45 9.2806
1 283 1638 409.1809
1 284 438 93.3647
1 285 321 57.8224
1 286 159 37.9757
1 287 39 7.2401
1 288 86 18.6145
1 289 389 94.5373
1 290 219 44.1874
1 291 19 3.6443
1 292 513 130.2580
1 293 1423 332.8756
1 294 855 216.5000
1 295 484 98.8416
1 296 386 83.2128
1 297 720 172.4236
1 298 88 19.8014
1 299 138 32.1242
1 300 51 11.0024
1 301 662 156.0194
1 302 279 63.6509
1 303 43 9.6178
1 304 40 8.8067
1 305 33 7.6750
1 306 987 249.4264
1 307 300 89.0245
1 308 5 1.1836
1 309 2 0.4632
1 310 336 77.8251
1 311 150 32.1584
1 312 180 37.5445
1 313 633 144.8660
1 314 203 42.5061
1 315 14 3.0155
1 316 1200 318.6649
1 317 53 13.7499
1 318 4517 1101.7609
1 319 372 81.1035
1 320 493 114.2137
1 321 310 70.5135
1 322 1601 370.2996
1 323 899 202.2742
1 324 959 213.1741
1 325 206 42.5703
1 326 91 19.9380
1 327 213 46.6712
1 328 260 57.4642
1 329 27 5.8195
1 330 442 100.7600
1 331 108 22.8967
1 332 265 55.6551
1 333 485 115.7129
1 334 148 32.6812
1 336 82 27.8367
1 337 157 35.4486
1 338 126 28.2719
1 339 115 24.6681
1 340 4179 980.5118
1 341 587 220.7392
1 342 232 50.1256
1 343 356 91.9101
1 344 392 87.9322
1 345 432 104.1469
1 346 811 202.2833
1 347 39 8.3591
1 348 8 1.6780
1 349 1820 532.8016
1 350 890 199.0794
1 353 966 197.6591
1 354 61 13.1512
1 355 50 10.9800
1 356 546 122.5197
1 357 20 3.2202
1 358 30 6.5017
1 359 16 2.8148
1 360 254 53.6794
1 361 5544 1537.0780
1 362 782 180.5422
1 363 255 58.9650
1 364 221 49.9604
1 365 113 25.7557
1 366 172 34.9112
1 367 2 0.4363
1 368 223 51.0506
1 369 1190 352.5156
1 370 99 23.0962
1 371 645 134.7327
1 372 496 118.8774
1 373 732 194.8975
1 374 604 151.6792
1 375 388 106.1631
1 376 182 52.1536
1 377 1165 317.6781
1 378 473 102.8202
1 379 76 22.3866
1 380 455 104.0100
1 381 68 14.3732
1 382 50 16.6593
1 383 45 9.6431
2 0 5 1.1196
2 1 1620 392.9027
2 2 758 174.9266
2 3 160 40.7924
2 4 188 41.6470
2 5 1 0.2240
2 6 270 66.1297
2 7 187 41.4981
2 8 1157 272.6268
2 9 349 76.5014
2 10 604 183.8337
2 11 451 111.1302
2 12 871 195.5479
2 13 75 15.1893
2 14 44 9.5905
2 15 134 35.8934
2 16 340 78.7717
2 17 17 4.0022
2 18 25 5.4317
2 19 32 6.5888
2 20 151 33.8893
2 21 186 44.6648
2 23 361 81.7802
2 24 56 12.7411
2 25 460 97.0242
2 26 190 41.0494
2 27 2416 566.1997
2 28 47 8.7843
2 29 125 27.9849
2 30 799 183.0741
2 31 140 31.4152
2 32 102 21.8636
2 33 123 27.8734
2 34 389 92.8993
2 35 3882 1053.0913
2 36 5 1.1100
2 37 3 0.6727
2 39 61 13.2080
2 40 702 187.6751
2 41 218 52.9733
2 42 1253 346.5583
2 43 15 3.3686
2 44 33 8.2243
2 45 636 123.3152
2 46 316 73.7355
2 47 388 89.9812
2 48 610 141.1556
2 49 41 11.2809
2 50 39 11.3909
2 51 102 20.5040
2 52 42 8.2778
2 53 101 27.3788
2 54 96 21.9104
2 55 83 16.1048
2 56 282 82.7287
2 57 16 3.5162
2 58 2048 487.0011
2 59 316 76.4636
2 60 64 13.5681
2 61 20 3.9585
2 62 53 11.3508
2 63 312 69.3758
2 64 593 137.9367
2 65 469 108.0597
2 66 554 115.8655
2 67 405 93.2719
2 68 690 165.9782
2 69 3768 834.5080
2 70 2 0.4290
2 71 24 4.5877
2 72 2419 536.7773
2 73 95 21.2874
2 74 592 130.2814
2 75 103 23.1951
2 76 119 26.2085
2 77 829 202.8780
2 78 41 8.8420
2 79 1275 292.8995
2 80 83 18.4033
2 81 207 43.6805
2 82 326 75.0046
2 83 55 13.0157
2 84 15 3.3095
2 85 16 3.4131
2 86 19 4.1943
2 87 110 28.8355
2 88 1029 228.3104
2 89 513 155.4801
2 90 53 12.9499
2 91 266 52.7274
2 92 1 0.1815
2 93 807 173.5143
2 94 23 5.6026
2 95 733 161.1401
2 96 3028 706.3809
2 97 138 33.3798
2 98 662 146.5662
2 99 330 75.6884
2 100 240 54.6102
2 101 1125 335.5545
2 102 627 175.1377
2 103 172 36.8063
2 104 606 151.4410
2 105 6080 1741.1384
2 106 31 6.6325
2 107 72 16.0469
2 108 35 7.8093
2 109 12 2.8725
2 110 100 21.7911
2 111 692 153.5102
2 112 190 40.3059
2 113 2 0.2429
2 114 133 42.0044
2 115 688 159.3889
2 116 98 17.9982
2 117 20 4.3734
2 118 812 177.6436
2 119 887 206.8433
2 120 2000 461.1686
2 121 91 19.7643
2 122 5 1.0630
2 123 30 7.0266
2 124 31 9.9726
2 125 887 232.2471
2 126 191 41.3282
2 127 25 6.1087
2 128 539 118.9869
2 129 18 3.4968
2 130 206 61.4041
2 131 2519 587.9066
2 132 8033 2433.3459
2 133 497 109.9947
2 134 712 193.5586
2 135 669 170.7503
2 136 670 207.3734
2 138 140 34.5349
2 139 2540 547.2445
2 140 267 64.1324
2 141 86 23.5175
2 142 272 70.6718
2 143 62 13.5458
2 144 914 229.5253
2 145 263 58.2574
2 146 3 0.6633
2 147 3327 809.0205
2 148 144 36.8451
2 150 55 11.4409
2 151 453 102.1225
2 152 2320 817.4739
2 153 846 207.5279
2 154 3 0.5806
2 155 68 15.8811
2 156 1180 259.1348
2 157 37 7.9739
2 158 1805 527.3010
2 159 2 0.2984
2 160 784 180.9019
2 161 3 0.6328
2 162 1 0.1764
2 163 1049 269.2781
2 165 107 23.9740
2 166 1834 489.5882
2 167 394 84.7243
2 168 54 11.9549
2 169 13 3.0607
2 170 176 39.3081
2 171 3 0.4735
2 172 129 35.3242
2 173 500 111.3095
2 174 20 5.5421
2 175 513 120.8898
2 176 95 22.0218
2 177 1143 280.3183
2 178 217 54.7648
2 179 324 71.6498
2 180 7 1.9192
2 181 699 186.9247
2 182 11 3.1067
2 183 182 39.8006
2 184 57 12.4738
2 185 1444 320.1245
2 186 105 24.3950
2 187 809 182.9543
2 189 643 143.4549
2 190 10 2.5752
2 191 451 98.6655
2 192 121 24.8696
2 193 385 90.3358
2 194 354 85.5852
2 195 184 47.8644
2 196 445 105.5301
2 199 998 245.3646
2 200 624 208.7342
2 201 87 19.9529
2 202 172 36.4554
2 203 506 133.2444
2 204 554 124.7659
2 205 131 33.5176
2 206 1277 289.7569
2 207 128 28.0843
2 208 313 71.6953
2 209 121 38.5650
2 210 224 58.1467
2 211 4 0.8362
2 212 1041 215.7947
2 213 414 96.3439
2 214 380 107.6564
2 215 16 3.5540
2 216 701 185.3086
2 217 78 17.2107
2 218 10 2.2411
2 219 58 13.5542
2 220 115 25.2190
2 221 11 2.2703
2 222 106 32.0463
2 223 675 209.1957
2 224 846 209.4019
2 225 23 5.0849
2 226 683 172.5879
2 227 2 0.4869
2 228 2207 579.6676
2 229 398 78.9750
2 230 582 136.3651
2 231 7 1.4000
2 232 85 19.2955
2 233 36 14.3908
2 234 828 198.2826
2 235 96 21.0143
2 236 9 2.0720
2 237 136 30.2776
2 238 87 20.3506
2 239 238 55.9690
2 240 76 17.4075
2 241 1403 328.0450
2 242 1109 374.4118
2 243 201 44.9035
2 244 57 12.2620
2 245 1 0.1291
2 246 36 9.7492
2 247 4 0.9011
2 248 2 0.3959
2 249 6 1.0489
2 250 83 18.0203
2 251 11 1.9487
2 252 329 76.5049
2 253 38 8.1292
2 254 872 212.3904
2 255 247 53.6768
2 256 170 44.4779
2 257 13 2.1906
2 259 29 6.4622
2 260 363 101.8025
2 261 797 171.7659
2 262 853 186.9671
2 263 89 20.1616
2 264 43 8.1651
2 265 499 108.1100
2 266 168 41.4495
2 267 11 2.6058
2 268 62 11.8961
2 269 35 9.4698
2 270 771 184.1817
2 271 99 26.6403
2 272 18 4.4187
2 273 122 28.2500
2 274 3 0.7599
2 275 6 1.6178
2 276 42 9.4152
2 277 48 10.2585
2 278 814 233.1446
2 279 47 15.6588
2 280 123 26.8718
2 281 3411 811.7834
2 282 15 3.6445
2 283 170 38.9331
2 284 31 6.7264
2 285 21 4.7442
2 286 33 7.0933
2 288 31 5.9842
2 289 78 17.8775
2 290 38 7.9314
2 291 171 40.2403
2 292 13 2.4866
2 293 79 21.1636
2 294 184 42.4120
2 295 25 5.4765
2 296 83 18.7493
2 297 217 55.5064
2 298 1342 335.5244
2 299 118 29.1470
2 301 482 107.5703
2 302 156 35.0438
2 303 71 15.3545
2 304 201 38.4258
2 305 334 103.5445
2 306 198 45.7656
2 307 17 6.5805
2 308 136 30.9139
2 309 12 2.6059
2 311 619 137.6389
2 312 4 0.9808
2 314 40 9.6466
2 315 143 24.2557
2 316 1765 515.2227
2 317 154 34.9463
2 318 40 8.3220
2 319 143 29.3079
2 320 765 166.2560
2 321 76 23.7249
2 322 77 17.8145
2 323 795 183.3915
2 324 66 17.7435
2 326 618 129.5275
2 327 3731 1116.9948
2 328 1807 409.4528
2 329 53 11.0824
2 330 122 26.1161
2 331 593 133.5201
2 332 109 22.8223
2 333 517 109.4314
2 334 5 1.1026
2 335 490 114.4935
2 336 12 2.1670
2 337 26 9.5275
2 338 26 5.9651
2 339 81 17.4243
2 340 71 16.6032
2 341 41 8.6258
2 342 8 1.8121
2 343 3 0.6724
2 344 943 223.2527
2 345 319 70.2815
2 347 83 18.5231
2 348 4 1.0013
2 351 517 125.3071
2 352 205 46.0262
2 353 42 11.8612
2 354 978 228.6279
2 355 17 4.4262
2 356 18 4.0012
2 357 8 2.0300
2 358 2320 675.2336
2 359 215 48.1147
2 360 42 9.7384
2 361 21 4.0938
2 362 32 9.3974
2 363 95 21.1527
2 365 128 31.2824
2 366 430 97.2733
2 367 137 32.1715
2 368 99 21.6199
2 369 1174 266.5739
2 370 3 0.6558
2 371 25 6.4166
2 372 234 51.8941
2 373 1070 260.9640
2 374 223 49.8995
2 375 3218 946.7977
2 376 28 6.4209
2 377 1293 303.8033
2 378 108 21.6950
2 379 18 4.2660
2 380 881 208.1644
2 381 50 11.1731
2 382 1073 269.6743
2 383 461 94.7413
3 0 1 0.1680
3 1 136 32.0783
3 2 87 19.6569
3 3 6 1.1850
3 4 315 83.4320
3 5 100 18.3564
3 6 18 3.5889
3 7 510 82.0061
3 8 3 0.6443
3 9 25 4.7646
3 10 56 10.9499
3 11 174 43.6852
3 12 90 17.0068
3 13 1406 341.6396
3 14 273 58.1157
3 15 430 111.9283
3 16 136 27.7559
3 17 11186 2508.0125
3 18 1380 448.2643
3 19 137 27.9682
3 21 214 37.8802
3 22 2024 597.0503
3 23 24 4.0957
3 24 23 5.0473
3 26 149 31.9483
3 27 301 71.7524
3 28 63 12.6593
3 29 84 16.6883
3 31 294 55.9546
3 32 170 31.2250
3 33 61 11.4840
3 34 92 31.8073
3 35 412 95.3380
3 36 1 0.1579
3 37 13 2.9545
3 38 32 8.3747
3 39 11 2.1448
3 40 148 35.0756
3 41 1 0.2754
3 42 35 6.9068
3 43 329 79.5309
3 44 80 16.0126
3 45 24 5.8571
3 46 2 0.4162
3 47 1 0.2114
3 48 1281 253.8499
3 49 246 85.9296
3 50 325 74.1771
3 51 311 67.8508
3 52 108 20.4293
3 53 15 3.3107
3 54 1381 317.3945
3 55 41 9.3198
3 56 280 61.7526
3 57 70 13.2507
3 58 95 20.1236
3 59 274 53.7428
3 60 1 0.2298
3 61 2969 638.5152
3 62 25 4.9577
3 63 12 2.1990
3 64 146 29.9322
3 65 37 8.2769
3 66 84 17.2282
3 67 756 226.8889
3 68 1 0.1769
3 69 400 95.4674
3 70 146 54.0141
3 71 136 30.8449
3 72 22 4.2517
3 73 40 6.6597
3 74 263 59.7655
3 75 30 5.2477
3 76 16 3.4107
3 77 1 0.2408
3 79 173 36.8919
3 80 34 10.5257
3 81 1069 261.5437
3 82 1 0.2581
3 83 337 99.2368
3 84 143 28.5372
3 85 1 0.2199
3 86 32 5.1801
3 87 173 48.5974
3 88 981 207.3756
3 89 1096 272.6377
3 90 20 4.3720
3 91 1451 369.5028
3 92 108 30.4211
3 93 125 28.9129
3 94 21 4.0444
3 95 124 25.8486
3 96 2839 619.7949
3 97 10 2.4510
3 98 25 5.1140
3 99 22 5.3447
3 100 230 49.9422
3 101 12 2.6079
3 102 1492 342.3319
3 103 174 40.3744
3 104 127 25.2114
3 105 663 143.1473
3 106 746 159.6594
3 107 228 78.9566
3 108 18 3.4337
3 109 263 56.7560
3 110 458 124.8969
3 111 10 2.1385
3 112 45 6.9065
3 113 61 14.3561
3 114 872 241.3507
3 115 91 20.5168
3 116 29 6.1183
3 117 161 35.1230
3 118 786 164.4855
3 119 797 273.3788
3 120 49 9.2889
3 121 266 51.8377
3 122 28 9.8623
3 123 18 4.0529
3 124 219 46.2307
3 125 25 5.3678
3 126 802 199.6764
3 128 72 15.5901
3 129 2 0.3926
3 130 147 29.8270
3 131 33 6.0974
3 132 371 85.5052
3 133 60 12.9626
3 134 1 0.2136
3 136 960 284.2305
3 137 96 16.0101
3 138 33 7.6838
3 139 8 2.0163
3 140 70 13.4486
3 141 242 50.3430
3 142 435 97.2997
3 143 128 28.7869
3 144 337 79.7085
3 145 7 2.2066
3 146 46 9.6384
3 147 3059 665.1606
3 148 22 4.5245
3 149 1053 309.5349
3 150 31 12.4412
3 151 387 82.9544
3 152 201 45.0362
3 153 1787 388.7491
3 154 456 189.8281
3 155 36 9.7593
3 156 246 48.1169
3 157 339 77.3174
3 158 3 0.6895
3 159 237 55.6282
3 160 323 63.4531
3 161 54 11.7392
3 163 67 12.3905
3 164 135 25.5582
3 165 315 70.2316
3 166 334 80.0654
3 167 13656 3963.5525
3 168 626 137.6845
3 169 1414 282.5848
3 170 82 24.5357
3 171 18 4.0079
3 172 51 14.8963
3 173 48 11.1352
3 174 414 96.4771
3 176 2565 573.2897
3 177 493 114.8133
3 178 1251 255.1528
3 179 195 39.6603
3 180 565 152.4241
3 181 1 0.2515
3 182 14 1.9948
3 183 6 1.1710
3 184 80 21.0339
3 185 377 87.8814
3 186 765 167.1582
3 187 1 0.1334
3 188 77 17.0891
3 189 536 108.6922
3 190 187 42.8878
3 191 136 29.9676
3 192 1751 786.0712
3 193 9 2.3775
3 194 174 42.9969
3 195 117 24.6516
3 197 97 22.3976
3 198 148 28.6610
3 199 186 40.2495
3 200 463 95.9967
3 201 40 7.6232
3 202 30 7.9432
3 203 24 5.7105
3 204 7 1.2643
3 205 70 26.4569
3 206 15 5.0411
3 207 145 42.0337
3 208 30 5.6708
3 209 838 198.2200
3 210 417 102.9343
3 211 349 65.7935
3 212 9 1.4425
3 213 41 8.8918
3 214 3587 1392.9545
3 215 49 10.0644
3 216 4 0.7538
3 217 166 42.0127
3 218 43 12.1082
3 219 35 7.4212
3 220 135 26.4123
3 221 119 23.6292
3 222 30 6.7134
3 223 167 36.2721
3 224 1803 363.1793
3 225 51 11.9967
3 226 1007 204.3177
3 228 16 5.6609
3 229 1 0.1425
3 230 492 98.7853
3 231 32 6.5513
3 232 462 169.4626
3 233 3807 1060.9528
3 234 74 13.1158
3 236 24 4.9731
3 237 584 175.4421
3 239 127 47.8768
3 240 1038 277.0020
3 242 16 3.9197
3 243 26 5.3854
3 244 103 23.1541
3 245 22 3.7063
3 246 96 25.6177
3 247 3 0.6530
3 248 128 28.1163
3 249 307 54.2375
3 250 3096 736.1615
3 251 55 11.3651
3 252 1036 260.0002
3 253 427 81.3181
3 254 36 9.2172
3 255 2 0.4425
3 257 248 53.2221
3 258 24 7.5509
3 259 141 29.1348
3 260 213 95.3353
3 261 1 0.1897
3 262 9953 2197.7819
3 263 88 18.7673
3 264 327 73.9629
3 265 420 161.1303
3 266 528 156.4608
3 267 15 3.1827
3 268 14 4.2302
3 269 7 1.3295
3 270 2454 675.6886
3 271 97 23.5911
3 272 364 83.8727
3 273 20 4.1542
3 274 31 6.0684
3 275 336 78.1936
3 276 35 6.4736
3 277 44 8.9990
3 278 53 11.1667
3 279 817 205.5856
3 280 5 0.8698
3 281 183 40.8662
3 283 33 12.9108
3 285 210 49.3212
3 286 783 185.5608
3 287 15 3.3298
3 288 4100 1230.3227
3 289 217 47.1074
3 290 1 0.1976
3 291 65 23.5992
3 293 1459 398.0939
3 294 135 43.7456
3 295 69 17.6436
3 296 1 0.2449
3 297 105 23.2399
3 298 371 119.8612
3 299 33 6.1727
3 300 89 17.5899
3 301 1 0.1911
3 302 7 2.6240
3 303 910 222.8629
3 304 1275 380.9664
3 305 98 26.7503
3 306 367 73.7661
3 307 178 38.6932
3 308 4 0.7809
3 309 32 7.5091
3 310 211 47.3409
3 311 225 42.5810
3 312 1462 441.5735
3 313 39 8.2485
3 314 3 0.5048
3 315 14 3.4907
3 316 47 12.4244
3 317 16 3.4894
3 318 18 3.4877
3 319 111 19.6784
3 320 566 116.4785
3 321 19 3.0223
3 322 21 4.5701
3 323 10 1.8833
3 324 277 55.8380
3 325 401 83.3516
3 326 169 35.6402
3 327 184 49.0691
3 328 4 0.7956
3 329 45 9.8181
3 330 2313 608.5116
3 331 132 27.8938
3 332 19 5.1274
3 333 1 0.1654
3 334 243 54.2291
3 335 43 9.7004
3 336 369 77.4329
3 337 1131 292.6888
3 338 232 55.5516
3 339 385 76.3403
3 340 58 13.4759
3 341 7 1.8406
3 342 3 0.4539
3 343 118 21.2492
3 344 74 15.6344
3 345 46 8.4522
3 346 16 2.6890
3 347 10 1.9812
3 348 22 4.6005
3 349 3756 903.9778
3 350 1181 301.8426
3 351 63 12.8257
3 352 180 34.8883
3 353 16 3.9275
3 354 63 13.8176
3 355 27 6.2208
3 356 22 4.8907
3 357 7195 1673.7547
3 358 737 176.4391
3 359 262 86.8110
3 360 155 39.6164
3 361 40 7.4805
3 362 26 5.8442
3 363 806 173.3117
3 364 98 25.7069
3 365 1036 235.2684
3 366 16 3.3779
3 368 1217 321.1826
3 369 6 1.2673
3 370 232 46.1002
3 371 84 19.6879
3 372 547 112.2034
3 374 1 0.2255
3 375 30 6.9857
3 376 1329 300.0990
3 377 423 120.3155
3 378 914 197.2395
3 379 28 5.9416
3 380 77 15.5640
3 381 152 36.5927
3 383 6 1.1903
4 0 2638 716.4808
4 1 7 1.4700
4 2 402 79.5066
4 3 200 48.3222
4 4 75 16.1661
4 5 2144 480.4565
4 7 246 53.8987
4 8 33 12.7119
4 9 612 142.9481
4 10 51 13.2042
4 11 1314 311.1351
4 12 473 106.2108
4 13 208 45.2824
4 14 236 50.6011
4 15 16 3.3799
4 16 3 0.6855
4 17 593 138.8798
4 18 255 63.8109
4 19 118 29.0573
4 20 11 2.5747
4 21 21 9.1306
4 22 4 0.6704
4 23 939 225.6300
4 24 1263 268.2531
4 25 485 104.0524
4 26 1244 372.8216
4 27 9 2.1219
4 28 747 172.4773
4 29 70 12.4225
4 30 33 7.6092
4 31 7873 1906.5320
4 32 238 54.6777
4 33 435 101.3429
4 34 864 189.4045
4 35 43 13.5245
4 37 131 33.3370
4 38 42 9.4468
4 39 300 74.6233
4 40 188 41.5030
4 41 26 5.4158
4 42 82 17.1786
4 43 393 86.7258
4 44 616 150.2035
4 45 142 32.2020
4 46 205 45.8317
4 47 33 7.0945
4 48 357 87.4906
4 49 1148 280.1407
4 50 155 31.8338
4 51 166 42.1984
4 52 9 1.8121
4 53 473 108.7950
4 54 1087 271.1457
4 55 302 66.5713
4 56 25 5.2749
4 57 14 2.9430
4 58 2175 559.7753
4 59 73 15.6918
4 60 25 5.5713
4 61 897 230.3541
4 62 97 21.4363
4 63 332 75.0194
4 64 60 13.1190
4 65 278 59.5602
4 66 81 19.0300
4 67 49 10.5726
4 68 43 8.9668
4 69 79 19.2534
4 70 897 246.1301
4 71 29 6.0173
4 72 4053 1073.8771
4 73 51 15.5039
4 74 27 5.4943
4 75 46 11.4174
4 76 18 4.3283
4 77 556 124.2874
4 78 55 12.7211
4 79 881 185.2130
4 80 44 10.3737
4 81 4 0.8304
4 82 964 298.3510
4 83 41 13.0576
4 84 646 146.4537
4 85 2676 605.1057
4 86 48 9.7196
4 87 18 4.0191
4 88 53 10.8736
4 89 67 18.3792
4 90 78 14.7913
4 91 67 15.6956
4 92 118 25.8731
4 93 30 6.5246
4 94 13752 4043.8304
4 95 288 64.7146
4 96 73 20.1668
4 97 6 1.1505
4 98 33 6.6230
4 99 31 5.9715
4 100 50 10.0240
4 102 684 157.1400
4 103 131 27.0668
4 104 33 7.0744
4 105 14 3.1380
4 106 211 44.0919
4 107 1182 272.3319
4 108 20 4.4168
4 109 10 1.9877
4 110 420 103.6321
4 111 75 16.2369
4 112 32 9.7553
4 113 19 4.2993
4 114 83 18.9723
4 115 26 5.3297
4 116 19 3.2739
4 117 4 0.8890
4 118 15 3.2309
4 119 160 38.7188
4 120 6 1.3508
4 121 38 8.1873
4 122 1705 397.3129
4 123 1358 393.9309
4 124 326 71.7827
4 125 442 95.4042
4 126 658 180.2986
4 127 55 12.8287
4 128 877 260.2578
4 129 22 4.8818
4 130 139 33.6801
4 131 207 44.0158
4 132 1320 337.3178
4 133 35 6.4011
4 134 23 5.0473
4 135 22 4.3299
4 136 67 12.8273
4 137 145 30.2836
4 138 106 22.1691
4 139 4 0.8747
4 140 61 15.2804
4 141 231 53.2010
4 143 743 165.8581
4 144 7 1.4409
4 145 17 4.3336
4 146 718 185.8734
4 147 1955 554.4390
4 148 590 136.7849
4 149 28 5.5611
4 150 721 169.7980
4 151 831 231.9668
4 152 11 2.5305
4 153 238 56.0362
4 154 1128 324.0625
4 155 4 0.7379
4 156 245 49.8095
4 157 696 168.8777
4 158 52 10.8710
4 159 23 5.3402
4 160 43 8.8081
4 161 53 13.2396
4 162 40 8.2664
4 163 85 18.0949
4 164 319 62.5652
4 165 26 6.0443
4 166 1100 259.7246
4 167 28 6.2315
4 168 82 19.7944
4 169 751 176.7027
4 170 1556 390.6537
4 171 391 84.4522
4 172 18 3.8906
4 173 261 59.1179
4 174 1071 265.1977
4 176 272 68.4995
4 177 9 3.1010
4 178 16 3.4957
4 179 493 154.0085
4 180 1002 226.2010
4 181 20 6.7682
4 182 176 36.2583
4 183 3 0.5622
4 184 867 192.2135
4 185 168 37.3233
4 186 16 3.6596
4 187 52 11.3577
4 188 77 16.2902
4 189 1373 508.6566
4 190 448 133.8958
4 191 886 202.7894
4 192 362 75.5019
4 193 7 1.3204
4 194 554 113.6049
4 195 7599 1886.7161
4 196 595 155.8113
4 197 81 18.0941
4 198 11 2.1326
4 199 522 121.9800
4 200 23 4.2594
4 201 5953 1758.4751
4 202 4263 935.7749
4 203 443 93.2080
4 204 24 5.0855
4 205 10 2.0465
4 206 2200 568.4537
4 207 43 8.5654
4 208 48 14.9759
4 209 50 10.8363
4 210 135 31.8003
4 211 8 2.0913
4 212 123 27.2918
4 213 879 187.2480
4 214 76 16.6701
4 215 557 120.4844
4 216 700 157.4884
4 217 89 16.7480
4 218 144 30.2329
4 219 262 68.4523
4 220 1249 279.1846
4 221 61 12.9533
4 222 38 8.8065
4 223 6 1.3450
4 224 2983 730.4544
4 225 282 65.8553
4 226 109 23.6806
4 227 163 36.7465
4 229 81 16.7810
4 230 485 113.5957
4 231 21 5.5514
4 232 7 1.2738
4 233 9 2.0900
4 234 344 73.6152
4 235 25 5.7349
4 236 17 3.9765
4 237 79 18.0428
4 238 31 6.2849
4 239 2181 484.6402
4 240 72 16.7655
4 241 157 31.9823
4 243 1321 298.0576
4 244 327 71.8350
4 246 10 2.0201
4 247 6 1.4801
4 248 246 55.9011
4 249 39 7.9145
4 250 118 27.6782
4 251 1769 376.2342
4 252 70 17.2255
4 253 15 3.2141
4 254 87 20.3656
4 255 98 20.4004
4 256 2 0.4421
4 257 65 22.3979
4 258 137 41.8996
4 259 68 14.6216
4 260 239 63.9594
4 261 17 3.7760
4 262 88 20.7995
4 263 35 7.2758
4 264 366 108.0646
4 265 77 20.7818
4 266 496 105.3274
4 267 482 119.7535
4 268 16 3.5392
4 269 10 2.1931
4 270 598 142.6808
4 271 972 237.1158
4 272 47 9.4020
4 273 1292 356.1609
4 274 245 53.0547
4 275 114 23.7317
4 276 20 4.4672
4 277 118 23.8100
4 278 1643 404.6732
4 279 255 63.8905
4 280 98 24.3877
4 281 173 34.4237
4 282 24 4.8625
4 283 5 1.1401
4 284 37 7.5718
4 285 187 50.6490
4 286 282 56.7924
4 287 16 3.5273
4 288 880 227.8453
4 289 1519 368.6712
4 290 22 5.6565
4 291 159 42.3556
4 292 756 188.1600
4 293 531 138.1636
4 294 545 144.4718
4 295 21 4.1658
4 296 232 54.9031
4 297 243 52.0452
4 298 24 8.0221
4 299 6 1.3579
4 300 397 97.9906
4 301 5 1.0922
4 302 1 0.1633
4 303 101 22.8604
4 304 112 23.8176
4 305 8 1.5865
4 306 21 4.3012
4 307 1010 245.4464
4 308 1 0.1587
4 309 395 82.1639
4 310 1027 338.3433
4 311 14 4.4841
4 312 627 135.9646
4 313 55 11.8277
4 314 586 139.8501
4 315 32 6.8260
4 316 4 0.8348
4 317 2 0.3667
4 318 116 24.4070
4 319 61 21.7677
4 320 18 3.5968
4 321 23 4.4792
4 322 126 37.3598
4 323 156 33.7305
4 324 15 3.8172
4 325 102 21.3742
4 326 1135 239.9575
4 327 1 0.2141
4 328 10 1.8385
4 329 43 12.5984
4 330 78 17.9696
4 331 4 0.7080
4 332 1 0.1614
4 333 474 102.4253
4 334 7 1.3677
4 335 968 251.9614
4 336 403 100.3843
4 337 8 2.0619
4 338 75 15.0436
4 339 429 102.7772
4 340 1694 466.0368
4 341 15 3.1120
4 342 79 23.0439
4 343 4 0.9301
4 344 186 32.0880
4 345 8 1.7007
4 346 68 14.7608
4 347 107 24.0838
4 348 6 1.2073
4 349 68 12.1016
4 350 143 45.5384
4 351 221 53.1369
4 352 6 0.9477
4 353 902 290.8589
4 354 173 38.2883
4 355 209 54.6957
4 356 41 7.9519
4 357 142 28.0099
4 358 2693 646.2583
4 359 546 188.7886
4 360 80 17.9413
4 361 62 9.6356
4 362 460 106.3127
4 363 72 14.7207
4 364 51 12.5069
4 365 108 23.9946
4 366 2 0.4126
4 367 241 52.0688
4 368 74 16.3090
4 369 884 186.4430
4 370 1145 247.1434
4 371 100 22.7639
4 372 701 159.4392
4 373 80 17.3969
4 374 47 10.2360
4 375 802 183.5112
4 376 825 202.0431
4 377 284 61.0987
4 378 283 87.8162
4 379 72 21.6671
4 380 71 16.0331
4 381 342 76.7123
4 382 50 11.7618
4 383 39 10.1057
5 0 127 28.7149
5 1 53 15.2068
5 2 408 95.9396
5 3 41 8.6580
5 4 168 38.0399
5 5 49 10.3236
5 6 124 24.4533
5 7 37 9.1813
5 8 983 205.1314
5 9 80 19.6941
5 10 89 19.3841
5 11 190 40.5007
5 12 317 68.5680
5 13 76 15.7458
5 14 52 11.7560
5 15 19 3.3487
5 16 3 0.6491
5 17 17 3.4200
5 18 89 21.4114
5 19 1477 374.7189
5 20 18 4.7163
5 21 57 13.7995
5 22 8 1.8045
5 23 9 1.8513
5 24 1027 230.6229
5 25 18 3.4533
5 26 233 59.0707
5 27 17 3.9639
5 28 422 106.3038
5 29 635 173.5274
5 30 46 9.9040
5 31 22 4.4323
5 32 131 31.4057
5 33 53 12.3494
5 34 1105 277.5972
5 35 260 59.2149
5 36 995 232.2834
5 37 5861 1524.1705
5 38 64 13.1140
5 39 78 17.5267
5 40 597 147.4818
5 41 1195 318.1219
5 42 2990 676.1486
5 43 315 74.8736
5 44 78 18.0714
5 45 940 260.7283
5 46 17 4.5652
5 47 66 14.2517
5 48 273 65.4311
5 49 1150 244.1916
5 50 340 80.8453
5 51 5 0.9345
5 52 1210 266.4230
5 53 290 73.5045
5 54 32 7.9452
5 55 403 89.8044
5 56 29 5.4522
5 57 91 19.6654
5 58 342 77.7444
5 59 4 0.8696
5 60 92 20.2238
5 61 44 11.8084
5 62 89 19.7484
5 63 151 34.1767
5 65 105 23.5959
5 66 53 13.9069
5 67 7 1.4741
5 68 15 4.2312
5 69 1939 534.4550
5 70 124 27.9500
5 71 1 0.2302
5 72 727 192.3028
5 73 27 6.3060
5 74 85 18.6329
5 75 83 19.3717
5 76 1166 245.4358
5 77 352 99.0331
5 78 366 75.4381
5 79 18 5.0942
5 80 30 6.2091
5 81 1846 432.1681
5 82 30 6.9924
5 83 21 4.1994
5 84 463 113.7209
5 85 560 183.3699
5 86 11 2.7347
5 87 1 0.2067
5 88 27 5.8035
5 89 917 221.2510
5 90 301 68.2038
5 91 2 0.5043
5 92 36 8.1619
5 93 27 5.9056
5 94 51 11.7987
5 95 24 5.3222
5 96 23 4.5425
5 97 743 171.4488
5 98 608 135.1646
5 99 38 8.1037
5 100 514 144.2772
5 101 6 1.3884
5 102 13 2.7066
5 105 110 23.3459
5 106 230 51.1217
5 107 67 12.5938
5 108 194 43.4219
5 109 54 12.1356
5 110 4 0.8757
5 111 47 9.8214
5 112 125 26.4909
5 113 153 30.2907
5 114 12 2.7297
5 115 24 5.8442
5 116 161 35.6035
5 117 274 68.2975
5 118 12 2.4129
5 119 579 122.9029
5 120 198 43.9734
5 121 615 166.7481
5 122 75 15.9035
5 123 100 21.7713
5 124 341 96.1502
5 125 22 4.9989
5 126 2 0.4576
5 127 268 74.7780
5 128 59 11.5793
5 129 10 2.4126
5 130 5 1.1510
5 131 133 30.8681
5 132 39 8.3067
5 133 176 35.2337
5 134 139 31.2056
5 135 168 35.6390
5 136 229 54.8269
5 137 127 29.2586
5 138 1551 392.7712
5 139 20 6.0418
5 140 199 44.8384
5 141 173 39.6645
5 142 25 5.8445
5 143 26 5.4534
5 144 49 12.1905
5 145 123 24.5344
5 146 122 26.2641
5 147 907 195.8553
5 148 200 46.3670
5 149 1228 326.8066
5 150 27 5.4459
5 151 192 40.0912
5 152 69 19.1738
5 153 269 57.1347
5 154 22 8.2090
5 155 24 5.2552
5 156 74 18.5120
5 157 27 8.9293
5 158 91 19.3063
5 159 62 14.7049
5 160 494 112.2725
5 161 283 64.6524
5 162 200 42.3422
5 163 2289 559.9034
5 164 2433 609.3591
5 165 28 6.1256
5 166 423 93.2095
5 167 62 19.2518
5 168 44 9.6945
5 169 2612 569.7189
5 170 140 31.8760
5 171 36 7.1950
5 172 1856 423.1169
5 173 99 20.3999
5 174 566 127.6198
5 175 116 25.7347
5 176 119 25.4681
5 177 37 9.1239
5 178 1 0.2093
5 179 8120 1937.2895
5 180 35 7.9172
5 181 285 63.9299
5 182 423 97.0287
5 183 241 55.8131
5 184 32 6.5213
5 185 11 2.6022
5 186 851 177.7749
5 187 11839 3969.4962
5 188 1915 471.9281
5 189 1 0.2377
5 190 92 19.3009
5 191 579 123.3983
5 192 586 128.8613
5 193 898 332.3149
5 194 439 112.5061
5 195 335 74.2595
5 196 46 11.1957
5 197 58 12.3607
5 198 172 40.1957
5 199 10 2.2778
5 200 52 10.4629
5 201 44 9.8084
5 202 840 195.6284
5 203 56 12.3576
5 204 132 27.4776
5 205 62 13.3232
5 206 1332 372.2473
5 207 57 13.6038
5 208 5392 1465.0712
5 209 134 27.2231
5 210 2206 491.1075
5 211 254 55.1813
5 212 52 12.1626
5 213 47 10.6074
5 214 3 0.6218
5 215 235 74.8492
5 216 714 214.0430
5 217 204 45.0945
5 218 132 29.9670
5 219 10 2.1477
5 220 89 20.1054
5 221 489 142.1444
5 222 392 87.9904
5 223 203 46.3826
5 224 684 217.8565
5 225 76 19.0277
5 226 42 9.1293
5 227 299 62.4492
5 228 249 73.5374
5 229 230 50.5742
5 230 11 2.4809
5 231 3 0.7045
5 232 734 173.1672
5 233 10 1.9927
5 234 27 5.0250
5 235 1115 242.0883
5 236 6 1.2120
5 237 7 1.5307
5 238 86 19.1679
5 239 21 4.0265
5 240 168 36.4626
5 241 66 12.8065
5 242 1435 425.4223
5 243 44 9.1859
5 244 224 50.4634
5 245 37 7.1915
5 246 30 6.4764
5 247 2457 690.0038
5 248 636 150.3066
5 249 167 35.2376
5 250 138 31.2424
5 251 674 196.0067
5 252 3 0.6183
5 253 6 1.2474
5 254 107 22.2183
5 255 141 30.0897
5 256 416 95.6475
5 257 815 178.9367
5 258 203 52.4369
5 259 9 1.7640
5 260 1123 287.6757
5 261 66 13.0016
5 262 91 20.4841
5 263 5489 1290.7974
5 264 1607 451.3565
5 265 70 15.5977
5 266 8 1.6425
5 267 917 209.5776
5 268 13 3.1117
5 269 79 15.9796
5 270 57 12.9408
5 271 124 30.0682
5 272 20 4.1314
5 273 17 3.5718
5 274 1 0.2364
5 275 297 73.4054
5 276 779 167.2403
5 277 20 4.0150
5 278 391 93.7246
5 279 30 6.0547
5 280 4073 919.9762
5 281 46 8.5996
5 282 1280 286.0897
5 283 88 19.0623
5 284 124 28.3136
5 285 30 8.0668
5 286 479 113.7472
5 287 62 14.8462
5 288 97 26.7539
5 289 699 159.3577
5 290 135 27.9900
5 291 1933 495.4094
5 292 237 53.9248
5 293 297 70.4098
5 294 70 16.4054
5 295 67 13.3786
5 296 86 21.4138
5 297 37 8.2011
5 298 213 51.1646
5 299 110 23.8353
5 300 4 0.8790
5 301 170 35.8912
5 302 52 13.0625
5 303 16 4.5553
5 304 67 18.3525
5 305 4 0.6976
5 306 1345 403.6563
5 307 36 7.4795
5 308 76 17.2337
5 309 28 6.4594
5 310 108 30.4306
5 311 63 12.9085
5 312 10 1.9357
5 313 386 89.3929
5 314 749 158.0912
5 315 3209 748.4367
5 316 110 26.1868
5 317 51 14.8006
5 318 88 18.2291
5 319 26 6.2956
5 320 24 5.1625
5 321 533 127.7855
5 322 95 25.4043
5 323 15 3.2113
5 324 1117 255.9294
5 325 306 68.4554
5 326 233 51.7426
5 327 277 59.9998
5 328 1896 448.3196
5 329 33 9.7055
5 330 4 1.0328
5 331 25 5.7575
5 332 35 7.2010
5 333 15 3.0862
5 334 455 104.2065
5 335 733 189.0662
5 337 632 138.7586
5 338 35 10.0905
5 339 58 12.8853
5 340 124 26.8648
5 341 255 58.9286
5 342 374 83.4921
5 343 4 0.9083
5 344 162 37.8227
5 345 123 27.6426
5 346 597 136.9495
5 347 259 56.6304
5 348 20 3.5239
5 349 1363 355.0397
5 350 34 7.4166
5 351 2374 595.6444
5 352 704 201.2078
5 353 52 10.8856
5 354 1033 249.9686
5 355 29 6.0404
5 356 74 17.1006
5 357 203 42.5449
5 358 868 238.8432
5 359 80 17.7542
5 360 182 41.7866
5 361 3279 956.2751
5 362 152 31.7752
5 364 39 8.2041
5 365 539 124.9598
5 366 124 26.7484
5 367 10 2.2766
5 368 664 153.7285
5 369 318 67.7000
5 371 2735 594.1990
5 372 64 14.0071
5 373 9 1.8360
5 374 118 31.2523
5 375 14 3.0989
5 376 1146 232.2447
5 377 9 1.6939
5 378 8 1.6031
5 379 134 29.9612
5 380 418 90.5467
5 381 29 6.9436
5 382 194 39.5614
5 383 142 31.3219
6 0 160 36.9848
6 1 1232 302.5301
6 2 370 85.4657
6 3 2 0.4778
6 4 16 3.5311
6 5 725 181.9918
6 7 1412 351.4181
6 8 713 160.4637
6 9 30 8.0859
6 10 5 0.9250
6 11 7 1.6561
6 12 841 219.6521
6 13 83 17.3946
6 14 1 0.1752
6 15 665 208.1462
6 16 33 8.0109
6 17 253 53.8374
6 18 1493 359.8265
6 19 20 4.1668
6 20 738 160.1318
6 21 5 1.0091
6 22 57 12.9226
6 23 253 61.4092
6 24 172 41.4184
6 25 2 0.4518
6 26 144 33.1911
6 27 199 43.6456
6 28 1473 322.7825
6 29 685 182.8094
6 30 1 0.2406
6 31 566 118.7141
6 32 14 2.6722
6 33 2986 789.6011
6 34 59 12.4399
6 35 64 14.4837
6 36 57 12.4214
6 37 426 89.3327
6 38 179 39.6027
6 39 11 2.0971
6 40 59 12.2959
6 41 20 4.5458
6 42 24 4.8588
6 43 132 28.3624
6 44 49 11.1003
6 45 66 14.2178
6 46 22 5.2813
6 47 344 70.1839
6 48 67 14.0570
6 49 49 9.9316
6 50 381 82.7311
6 51 9203 2629.7289
6 52 331 70.4812
6 53 25 5.3280
6 54 223 52.3789
6 55 789 171.9053
6 56 2046 518.5729
6 57 17 3.5995
6 58 10 2.2079
6 59 444 111.8274
6 60 1 0.1955
6 61 4 0.7186
6 62 180 37.2497
6 63 2710 638.1314
6 64 10 2.3425
6 65 22 4.8995
6 66 684 178.9859
6 67 103 23.6330
6 68 16 3.9708
6 69 8 1.7582
6 70 27 5.5755
6 71 1 0.1705
6 72 310 65.6934
6 73 46 10.3389
6 74 57 11.2659
6 75 379 87.2806
6 76 11 2.2809
6 77 5 1.0336
6 78 6 1.1759
6 79 1050 244.7225
6 80 4 0.8423
6 81 108 26.1562
6 82 111 22.0181
6 83 1 0.2079
6 84 10 2.6469
6 85 201 39.4633
6 86 32 6.1658
6 87 9 1.6344
6 89 108 20.2478
6 90 75 18.7353
6 91 4 0.8311
6 92 78 19.2716
6 93 548 124.9052
6 94 156 35.8127
6 95 18 4.2107
6 96 35 7.8185
6 97 15 3.4068
6 98 21 5.1651
6 99 77 20.3974
6 100 44 9.3425
6 101 493 114.9203
6 102 195 42.1915
6 103 25 6.1152
6 104 293 72.6317
6 105 24 5.2725
6 106 12 2.4317
6 107 772 204.9343
6 108 39 8.3293
6 109 151 31.7064
6 110 98 29.3294
6 111 662 146.6472
6 112 86 17.7403
6 113 95 21.1415
6 114 2480 562.9999
6 115 40 8.1593
6 116 15 3.5975
6 117 2078 532.6481
6 118 5 1.4852
6 119 40 8.2963
6 120 6619 1664.4513
6 121 6 1.2732
6 122 960 230.0253
6 123 14 2.9997
6 124 27 7.8346
6 125 563 131.3108
6 126 15 3.0420
6 127 2 0.4209
6 128 86 17.9797
6 129 664 162.7997
6 131 38 8.1663
6 132 528 142.0193
6 133 190 43.5642
6 134 2592 679.3418
6 135 2858 685.8879
6 136 20 4.5997
6 137 990 289.8463
6 138 19 3.7965
6 139 16 3.1637
6 140 54 13.8707
6 141 49 11.1169
6 142 4 0.8661
6 143 138 32.6081
6 144 3 0.6896
6 145 160 35.3692
6 146 12 2.9161
6 147 757 183.7725
6 148 391 85.8601
6 149 1324 298.1321
6 150 79 18.4387
6 151 462 101.9707
6 152 380 87.8010
6 153 8 1.8566
6 154 238 55.9939
6 155 44 10.4745
6 156 23 4.5826
6 157 114 25.2686
6 158 13 2.8091
6 159 8022 2136.7833
6 160 1547 348.2629
6 162 785 162.4897
6 163 146 35.5959
6 164 49 10.8624
6 165 14 2.5091
6 166 181 41.0793
6 167 1545 428.8182
6 168 2 0.4642
6 169 169 36.4657
6 170 155 30.2235
6 171 150 32.4843
6 172 307 65.8951
6 173 15 2.8862
6 174 8 1.6252
6 175 54 12.6955
6 176 12 2.0879
6 177 52 10.3133
6 178 106 24.6699
6 179 2 0.5193
6 180 36 7.1339
6 181 625 148.7010
6 182 9 1.8717
6 183 67 16.5164
6 184 15 3.0613
6 185 301 63.1136
6 186 26 4.5659
6 187 51 11.8753
6 188 516 142.0105
6 189 754 172.7860
6 190 190 48.8854
6 191 9 2.0308
6 192 1346 401.8942
6 193 49 11.0963
6 194 88 20.5343
6 195 602 152.0676
6 196 30 7.4193
6 197 169 36.0693
6 198 15 3.7154
6 199 6 1.2485
6 200 780 177.3612
6 201 263 81.3873
6 202 64 13.0801
6 203 460 103.9579
6 204 700 154.7122
6 205 3 0.4303
6 206 1725 427.3580
6 207 107 24.4777
6 208 1333 348.5375
6 209 101 23.0500
6 210 1055 238.5643
6 211 36 8.3865
6 212 122 25.7245
6 213 80 17.9631
6 214 102 22.7181
6 215 96 20.5813
6 216 1362 339.6423
6 217 79 17.6682
6 218 16 3.0903
6 219 606 195.7447
6 220 485 106.7660
6 221 16 3.0508
6 222 74 19.6919
6 223 2100 451.0949
6 224 4505 1158.8728
6 225 135 29.0988
6 227 1563 390.1750
6 228 29 5.7296
6 229 39 7.3076
6 230 560 121.1013
6 231 150 35.3729
6 232 268 73.1509
6 233 17 4.0803
6 234 85 17.3161
6 235 665 155.7186
6 236 2 0.4354
6 237 1339 314.4544
6 238 7 1.5879
6 239 118 26.6042
6 240 7 1.5282
6 241 163 36.0296
6 242 6 1.5025
6 243 39 10.5563
6 244 180 44.4239
6 245 15 3.0027
6 247 88 17.9781
6 248 2 0.5424
6 249 349 82.7033
6 250 110 22.6004
6 251 1519 382.3509
6 252 11 2.5027
6 253 28 5.9205
6 254 60 15.7632
6 255 2116 445.6281
6 256 21 3.8103
6 257 5170 1360.3372
6 258 176 38.5836
6 259 234 54.9335
6 260 181 41.5496
6 261 2259 748.3157
6 262 387 86.5017
6 263 25 7.3034
6 265 78 17.7305
6 266 12 2.8280
6 267 44 8.9063
6 268 33 6.9727
6 270 21 4.0674
6 271 28 6.0357
6 272 2305 518.4393
6 273 16 4.7123
6 274 57 12.1869
6 275 93 21.2300
6 276 55 11.6878
6 277 1 0.2520
6 278 177 36.5180
6 279 681 154.3667
6 280 38 9.2757
6 281 23 4.2091
6 282 595 148.6266
6 283 639 165.5782
6 284 208 44.2232
6 285 13 3.0371
6 286 31 6.9846
6 287 41 8.3208
6 288 11 2.3854
6 289 31 6.1621
6 290 12 2.3429
6 291 18 3.8825
6 292 44 9.0900
6 293 826 201.9168
6 294 46 9.8860
6 295 211 43.3670
6 297 26 5.9649
6 298 7 1.4069
6 299 7 2.5948
6 301 210 43.2274
6 302 420 123.7828
6 303 337 77.2077
6 304 86 17.8372
6 305 1027 223.2962
6 306 175 38.1570
6 307 17 3.7976
6 308 19 3.4852
6 309 449 99.9458
6 310 74 15.5253
6 311 1433 328.6881
6 312 662 170.4399
6 313 13 2.1920
6 314 138 28.5121
6 315 16 2.9767
6 316 8 1.7740
6 317 35 10.1420
6 318 14 2.9954
6 319 137 29.0806
6 320 59 12.1631
6 321 100 21.8966
6 322 4 0.8661
6 323 74 16.6458
6 324 132 28.3984
6 325 2 0.4001
6 326 26 5.8451
6 327 15 3.2539
6 328 346 80.9054
6 330 371 86.9662
6 331 129 27.5136
6 332 35 10.8535
6 333 853 230.2881
6 334 92 20.5228
6 335 8 1.7199
6 337 22 6.2523
6 338 65 13.9722
6 339 279 89.3095
6 340 273 79.0123
6 341 356 87.2115
6 342 1305 344.8609
6 343 23 6.0336
6 344 102 22.2904
6 345 5 1.0932
6 346 203 47.7882
6 347 50 10.2085
6 348 174 38.9728
6 349 80 19.8461
6 350 6 1.2231
6 351 2843 721.2202
6 352 37 7.5883
6 353 1213 262.7034
6 354 307 63.1322
6 355 16 3.7643
6 356 1018 229.4108
6 357 86 18.9884
6 358 86 25.4884
6 359 255 58.2012
6 360 949 209.1346
6 361 45 13.6464
6 362 1 0.2516
6 363 5 1.0236
6 364 234 49.2750
6 365 1 0.1849
6 366 18 4.0110
6 367 16689 4498.8067
6 368 808 195.6622
6 369 790 173.3315
6 370 1613 471.8746
6 371 225 48.1037
6 372 53 12.5717
6 373 1227 329.4573
6 374 18 4.1248
6 375 49 12.1447
6 376 11 2.3657
6 377 30 6.7332
6 378 300 67.8194
6 379 64 13.6929
6 380 315 61.5327
6 381 2 0.3703
6 382 19 4.6241
6 383 13 2.7897
7 0 487 123.0687
7 1 2 0.4163
7 2 53 10.6612
7 3 117 27.1405
7 4 2 0.3922
7 5 64 10.5250
7 6 1115 243.2186
7 7 113 23.7592
7 8 23 5.8438
7 9 180 33.9298
7 10 371 71.4513
7 11 21 3.8490
7 12 103 25.7059
7 13 57 11.7890
7 14 211 44.4019
7 16 600 129.6333
7 17 64 12.5722
7 18 56 10.4152
7 19 1380 304.9056
7 20 26 6.3586
7 21 192 48.5058
7 22 72 13.3068
7 23 137 24.8542
7 24 11 2.2791
7 25 93 18.7412
7 26 160 36.3312
7 27 76 15.2554
7 28 121 24.6222
7 29 510 124.9010
7 30 8 1.9513
7 31 26 5.3702
7 32 4117 1175.8655
7 33 174 34.1476
7 34 41 8.9544
7 35 90 17.8269
7 36 210 44.9001
7 37 5 1.0144
7 38 458 98.6616
7 39 181 37.1242
7 40 644 135.6555
7 41 558 121.1540
7 43 79 16.5916
7 44 973 226.4315
7 45 17 3.1044
7 46 689 113.8057
7 47 2 0.4274
7 48 1328 370.1916
7 49 841 175.6095
7 50 1424 310.2045
7 51 83 17.6886
7 53 1417 339.4538
7 54 102 20.5015
7 55 92 19.9717
7 56 121 22.1817
7 57 33 7.4056
7 58 707 138.7499
7 59 23 4.9230
7 60 1 0.1817
7 61 27 6.7422
7 62 27 3.9721
7 63 59 15.4729
7 65 641 205.6886
7 66 17 3.1266
7 67 1 0.2413
7 68 561 117.8520
7 69 61 13.0949
7 70 1 0.2309
7 71 6 1.3099
7 72 724 200.7058
7 73 1 0.1330
7 75 1317 347.3937
7 76 6 1.2540
7 77 53 9.5944
7 78 540 136.1815
7 79 325 63.4620
7 80 70 14.8762
7 81 472 103.2798
7 83 2 0.3907
7 84 125 22.9730
7 85 305 61.7460
7 86 138 29.6754
7 87 1 0.2423
7 88 163 26.2876
7 89 781 165.5749
7 90 12 1.9184
7 92 50 10.3521
7 93 121 24.0676
7 94 9187 2410.6448
7 96 167 35.7177
7 97 3 0.4523
7 98 12 1.9881
7 99 5 1.1366
7 100 525 117.6498
7 102 399 97.7459
7 103 5 0.8537
7 105 48 10.9200
7 106 75 16.9150
7 107 159 35.4636
7 108 55 12.0050
7 109 33 6.3688
7 110 42 9.1038
7 111 651 188.3093
7 112 313 66.3608
7 113 2 0.4053
7 114 3 0.3857
7 115 49 10.6555
7 116 7 1.3919
7 117 78 17.1604
7 118 109 18.2946
7 119 130 25.9185
7 120 7 1.3771
7 121 173 29.8562
7 122 50 9.9276
7 124 71 18.4554
7 125 481 104.1958
7 126 1 0.1695
7 127 352 79.2381
7 129 276 61.3792
7 130 164 37.1444
7 131 508 102.8820
7 132 229 51.5016
7 133 184 42.3081
7 134 2 0.3626
7 135 26 5.2614
7 136 762 167.0023
7 137 2 0.2285
7 138 77 16.5166
7 139 738 176.6105
7 140 459 104.0378
7 141 51 9.6528
7 142 33 6.3050
7 143 1 0.1843
7 144 271 67.9633
7 145 84 16.6962
7 146 1038 184.3899
7 147 27 5.9924
7 148 34 6.5729
7 149 38 6.7367
7 150 383 98.5294
7 151 266 62.6281
7 152 208 45.0978
7 153 35 7.1966
7 154 11613 3249.1688
7 155 64 14.4353
7 156 288 48.0111
7 157 296 61.4743
7 158 3346 908.7609
7 159 4 0.5982
7 160 61 11.0111
7 161 47 10.0458
7 162 94 16.8086
7 163 679 128.7889
7 164 1306 240.2260
7 165 10900 2680.2556
7 166 15 3.3418
7 167 396 91.0766
7 168 4 0.6547
7 169 2056 572.2328
7 170 8 1.6500
7 171 93 22.4542
7 172 8 1.8331
7 173 298 65.7925
7 174 17 2.9209
7 175 253 50.4501
7 176 233 62.5505
7 177 84 19.1281
7 179 359 77.4753
7 180 204 43.5277
7 181 187 40.7429
7 182 99 19.3361
7 183 232 49.1200
7 184 52 9.3836
7 185 331 76.2263
7 186 2 0.4152
7 187 39 8.9149
7 188 9 2.3887
7 189 103 16.0894
7 190 90 18.2368
7 191 1316 305.9353
7 192 15 2.9940
7 193 432 89.7558
7 194 6 1.2105
7 195 185 42.2154
7 196 189 40.8320
7 197 2457 499.6247
7 198 160 34.8140
7 200 67 18.1263
7 201 797 164.9473
7 202 285 52.4567
7 203 44 8.0283
7 204 490 125.8755
7 205 3218 821.2016
7 206 182 39.9707
7 207 5902 1360.0826
7 208 67 14.4767
7 209 37 7.7805
7 210 105 20.8261
7 211 2 0.2722
7 212 19 3.1573
7 213 5 1.2563
7 214 10 1.3937
7 215 191 52.0734
7 216 268 48.1987
7 217 9 1.6214
7 218 250 46.3537
7 219 179 35.3336
7 220 397 98.6651
7 221 301 60.6319
7 222 39 7.5170
7 223 2 0.3657
7 224 3 0.6088
7 225 556 135.1619
7 226 406 85.2317
7 228 436 99.6131
7 229 159 41.2649
7 230 4 0.8673
7 232 7 1.2980
7 233 179 35.9697
7 234 634 139.7617
7 235 247 64.8560
7 236 203 44.3108
7 238 103 21.2817
7 239 7 1.3005
7 240 44 9.0923
7 241 424 88.4304
7 242 1090 303.0010
7 243 45 9.4219
7 244 203 46.7186
7 245 1099 283.1223
7 246 598 122.8988
7 247 88 19.2129
7 248 4 0.6463
7 249 18 3.7400
7 250 3187 809.2384
7 251 642 138.6382
7 252 287 71.4763
7 253 181 37.8912
7 254 9 2.2043
7 255 56 10.7012
7 257 157 26.8739
7 258 99 22.0647
7 259 271 56.7139
7 260 3 0.6759
7 261 14 2.5753
7 262 22 4.7022
7 263 1 0.1828
7 264 503 106.9984
7 265 180 39.5126
7 266 142 46.3835
7 267 707 151.1221
7 268 50 10.1981
7 269 51 8.6609
7 270 1508 335.3179
7 271 86 13.8086
7 272 124 27.9206
7 273 239 53.0187
7 274 6 1.1802
7 275 150 33.6418
7 276 60 11.4880
7 278 432 94.4533
7 279 72 12.3698
7 280 568 125.2347
7 281 132 23.3990
7 282 344 67.7696
7 283 374 93.0009
7 284 373 81.0378
7 286 244 44.7744
7 287 76 24.5281
7 288 7 1.4769
7 289 6 1.3395
7 290 644 141.1100
7 291 73 14.0942
7 292 19 3.5989
7 293 261 55.2413
7 294 173 56.5470
7 295 41 9.2800
7 296 177 48.7473
7 297 3 0.5048
7 298 334 70.6699
7 299 748 180.2213
7 300 19 4.0797
7 302 297 61.4211
7 303 149 28.2924
7 304 10 1.8468
7 305 233 50.5658
7 306 559 120.8281
7 307 63 14.1699
7 308 42 6.3140
7 309 12 2.3709
7 310 236 54.8325
7 311 6 1.3349
7 312 138 26.5400
7 313 1056 226.9792
7 314 73 13.8760
7 315 1 0.0550
7 316 1315 311.0828
7 317 854 183.3244
7 318 13 2.6255
7 319 8 1.7318
7 320 269 56.0163
7 321 7 1.1571
7 322 118 25.4591
7 323 80 18.6927
7 324 3552 731.4488
7 325 454 126.5440
7 326 212 55.0378
7 327 241 42.9793
7 328 177 42.7611
7 329 1540 385.3941
7 331 396 85.2558
7 332 285 61.8519
7 333 80 17.5639
7 334 2 0.4651
7 335 43 10.4353
7 337 18192 6299.8995
7 338 3 0.6252
7 339 5 1.0085
7 340 216 41.5870
7 341 7 1.2413
7 342 171 29.8049
7 343 158 32.5291
7 344 5 0.9105
7 345 6 1.0317
7 346 1 0.2115
7 347 30 6.3662
7 348 56 11.5509
7 349 11 1.6973
7 350 2938 633.2765
7 351 38 7.3325
7 352 35 7.1811
7 353 111 23.8036
7 354 481 111.1656
7 355 39 7.8181
7 356 560 117.6723
7 357 633 130.6092
7 358 393 91.6860
7 359 1 0.1396
7 360 941 315.9570
7 361 240 39.7712
7 362 9 1.7816
7 363 53 9.3161
7 364 150 26.8014
7 365 270 68.5836
7 366 38 11.9906
7 367 70 13.3288
7 369 1285 294.1815
7 370 2742 754.1497
7 371 18 3.5793
7 372 171 25.7094
7 373 5 0.9328
7 374 415 90.2751
7 375 40 8.3931
7 377 748 172.5756
7 379 1307 299.8773
7 380 190 41.0232
7 381 47 9.6985
7 382 21 4.3669
7 383 811 192.5846
8 0 95 17.5708
8 1 1212 286.8430
8 2 1137 255.5997
8 3 109 24.3094
8 4 8 1.7263
8 5 58 11.3729
8 6 843 189.0100
8 7 19 3.7360
8 8 65 12.2163
8 9 230 47.1115
8 10 56 11.8727
8 11 489 117.8645
8 12 57 9.8171
8 13 324 64.0048
8 14 301 66.8188
8 15 4 0.6666
8 16 26 5.6245
8 17 2 1.0929
8 18 40 8.1404
8 19 11 2.2360
8 20 269 67.8049
8 21 44 6.8454
8 22 611 104.6184
8 23 597 108.0428
8 24 216 54.2086
8 25 3 0.5070
8 27 9 1.8185
8 28 20 3.7328
8 29 264 73.5922
8 31 49 8.8316
8 32 71 13.3096
8 33 62 11.8682
8 34 104 26.8964
8 35 17 3.7862
8 36 3 0.5719
8 37 47 10.4698
8 38 1595 341.8616
8 39 606 145.1126
8 40 87 18.9435
8 41 25 7.6092
8 42 51 12.9341
8 43 290 56.1216
8 44 167 34.6637
8 45 100 19.2934
8 46 24 4.9169
8 47 776 178.3794
8 48 163 36.0920
8 50 195 41.3901
8 51 133 24.9734
8 52 6 1.3354
8 53 2 0.3805
8 54 99 21.0876
8 55 82 20.5845
8 56 100 16.2217
8 57 1476 334.3840
8 58 217 49.6449
8 60 31 9.0831
8 61 1009 233.5195
8 62 973 232.3341
8 63 62 13.1577
8 64 1093 225.6564
8 65 7 1.7401
8 66 661 147.8546
8 67 1040 255.1636
8 69 17 3.6675
8 70 55 10.6508
8 71 66 13.6243
8 72 6 1.3064
8 73 12 4.0089
8 74 37 6.5611
8 75 43 9.6890
8 76 36 7.1997
8 77 4 0.8469
8 78 107 27.6344
8 79 444 94.9307
8 81 103 22.7976
8 83 146 30.6597
8 84 6 1.1555
8 85 365 76.5089
8 86 107 20.0263
8 88 14 3.2098
8 89 11 2.1431
8 90 4764 1230.9051
8 91 3 1.2459
8 92 1255 273.5259
8 93 5 1.1322
8 94 6664 1561.9838
8 95 20 5.9084
8 96 65 13.1515
8 97 182 39.9836
8 99 18 4.1973
8 100 368 79.0253
8 101 1126 289.4022
8 102 87 21.4604
8 103 73 14.7879
8 104 24 4.8654
8 105 29 6.1422
8 107 3 0.6680
8 108 75 16.4218
8 109 164 32.8556
8 110 240 45.9786
8 111 1014 219.7339
8 112 127 24.7408
8 114 508 113.1900
8 115 1005 248.3794
8 116 61 11.7818
8 117 316 68.1263
8 118 122 26.3412
8 119 179 42.8907
8 121 896 218.9759
8 122 2265 609.1312
8 124 3 0.6325
8 125 376 66.2982
8 126 35 6.5586
8 127 51 13.4956
8 128 835 172.5584
8 129 604 128.8526
8 130 9 1.6352
8 131 28 6.0502
8 132 3 0.6901
8 133 7 1.2982
8 134 1770 427.0159
8 135 641 126.9934
8 136 1 0.1860
8 137 633 130.1597
8 138 7 1.3196
8 140 1 0.1937
8 141 812 146.0832
8 142 92 17.7014
8 143 218 46.2858
8 145 845 239.5159
8 146 23 5.1358
8 147 2 0.2568
8 148 22 4.8897
8 149 3 0.4624
8 150 64 13.8924
8 151 870 212.2234
8 152 392 94.7840
8 153 374 82.9862
8 154 256 58.2583
8 155 1063 222.1672
8 156 122 28.5080
8 157 2 0.3654
8 158 2 0.3557
8 159 388 81.4832
8 161 104 19.9953
8 162 194 41.7173
8 163 156 36.6182
8 164 75 14.4555
8 165 63 14.9008
8 166 2 0.4342
8 167 194 42.1130
8 168 66 15.1995
8 169 20 5.3983
8 170 30 4.7897
8 171 1193 263.9074
8 172 351 67.4603
8 173 600 131.6488
8 174 364 79.2119
8 176 7 1.1536
8 177 835 184.4665
8 178 1187 295.1028
8 179 145 26.8073
8 180 4 0.7929
8 181 1956 463.8905
8 182 89 13.3430
8 184 40 7.8821
8 185 6890 1694.0612
8 186 12060 4235.3640
8 187 48 7.1991
8 188 24 5.1249
8 189 87 17.8135
8 190 4 0.5660
8 191 48 10.1530
8 192 71 12.0606
8 193 336 83.6868
8 195 790 193.9939
8 197 98 22.0723
8 199 26 5.0393
8 200 3 0.7315
8 201 8 1.1628
8 202 21 4.4502
8 203 1 0.2495
8 204 9 2.4099
8 205 1358 379.3533
8 207 632 137.5793
8 208 163 34.3282
8 209 1347 282.2676
8 210 17 3.6345
8 211 1209 311.0057
8 212 14527 3702.2082
8 213 7 1.0995
8 214 1029 239.4329
8 215 20 3.8220
8 216 60 13.9523
8 217 2713 766.4428
8 218 1350 343.2829
8 219 292 64.3969
8 220 39 8.0430
8 221 12 2.1052
8 222 73 11.4343
8 223 384 97.6114
8 224 891 265.9104
8 225 119 22.8597
8 226 2235 466.3254
8 227 589 136.4049
8 228 11191 3509.3462
8 229 51 9.6487
8 230 10 2.2565
8 231 2 0.3752
8 232 39 10.5513
8 233 2201 639.8851
8 234 234 63.7331
8 235 15 2.9176
8 236 2 0.4446
8 237 799 208.4140
8 238 2 0.3306
8 239 240 53.0847
8 240 134 26.8318
8 241 207 34.6215
8 242 30 4.9309
8 243 1 0.2260
8 244 91 19.4768
8 245 23 7.0511
8 246 192 37.8113
8 247 53 9.9509
8 248 2397 604.4724
8 249 22 4.3962
8 250 212 45.5719
8 251 3 0.9330
8 252 12 2.1285
8 253 8 1.4942
8 254 84 19.2461
8 255 51 10.7617
8 256 28 5.6865
8 257 21 5.4056
8 258 5406 1166.7786
8 259 1211 231.3109
8 260 40 9.9582
8 261 15 3.3442
8 262 5 1.0184
8 263 10 1.8257
8 264 29 6.3338
8 265 2 0.4426
8 266 21 3.9850
8 267 24 5.1764
8 268 254 40.6053
8 269 1043 346.8604
8 270 30 6.6130
8 271 61 16.0983
8 273 117 23.8361
8 274 85 14.6822
8 276 39 7.8977
8 277 15 3.4910
8 278 162 31.9939
8 280 1749 492.6616
8 282 291 75.1505
8 283 624 151.9118
8 284 46 9.8530
8 285 59 11.2687
8 286 389 62.2899
8 287 62 12.3833
8 288 459 104.2857
8 289 1002 282.8449
8 290 56 11.9130
8 291 10 2.8102
8 292 404 88.2463
8 293 181 39.1715
8 294 245 80.3850
8 295 99 21.4455
8 296 358 77.8506
8 297 418 86.0851
8 298 5 1.1802
8 299 1955 415.6773
8 300 270 56.9268
8 301 47 9.1417
8 303 11 2.3622
8 304 90 17.8614
8 305 1051 213.3198
8 306 319 66.0240
8 307 59 12.2522
8 308 2086 550.6603
8 309 85 14.1187
8 310 49 11.1494
8 311 146 28.7917
8 312 32 6.4576
8 313 22 3.5245
8 314 270 58.5567
8 315 2 0.4185
8 316 43 11.1047
8 317 60 11.1436
8 319 321 78.9023
8 320 36 7.2479
8 321 5 1.1091
8 322 25 4.9677
8 323 806 177.4915
8 324 254 73.0217
8 326 233 49.0530
8 327 12 2.3894
8 328 3 0.6489
8 329 211 45.6842
8 330 6 1.0297
8 331 7 1.1520
8 332 117 22.5370
8 333 572 113.6858
8 334 6 1.2710
8 335 1 0.1216
8 336 197 39.5467
8 337 162 32.5565
8 338 219 47.4162
8 339 171 35.3309
8 340 135 30.6057
8 341 1123 301.3137
8 343 31 5.1505
8 345 104 19.4397
8 346 40 8.6841
8 347 6 1.4017
8 348 834 190.0608
8 349 45 11.8752
8 352 66 12.1674
8 353 27 7.0641
8 354 95 17.1990
8 355 8 1.6374
8 356 367 92.4176
8 357 710 207.3804
8 358 214 48.3272
8 359 102 20.6625
8 360 1887 441.9825
8 361 23 4.1339
8 362 17 3.4297
8 363 6 1.1545
8 364 4 0.8754
8 365 88 18.8964
8 366 4 1.1280
8 367 183 40.3312
8 369 41 8.2245
8 370 56 10.9284
8 373 328 71.7494
8 374 81 18.0048
8 375 22 3.6589
8 376 32 6.8884
8 377 2 0.4828
8 378 160 35.1207
8 379 60 12.6208
8 380 3141 678.7521
8 381 853 201.6354
8 382 765 171.7264
8 383 46 9.7571
9 1 22 4.8184
9 2 118 22.7759
9 3 344 79.0815
9 4 107 21.6250
9 5 118 23.7519
9 6 2 0.2601
9 7 34 6.8556
9 8 1 0.2469
9 9 28 6.2589
9 10 186 41.8521
9 11 23 4.5435
9 12 23 3.9994
9 13 249 57.6537
9 14 56 10.8925
9 15 11 2.4724
9 16 14 3.0869
9 17 211 44.6963
9 18 381 91.9030
9 20 59 12.3604
9 21 9 1.7200
9 22 61 12.5902
9 23 20 4.1087
9 25 5 0.8761
9 26 1071 226.9452
9 27 613 140.0067
9 28 2 0.3879
9 29 82 17.1198
9 30 753 154.5308
9 31 2223 545.8160
9 32 79 16.9484
9 33 205 49.7165
9 34 56 9.5060
9 35 244 53.1878
9 37 288 58.5800
9 38 325 74.8502
9 39 95 18.3473
9 40 571 135.6845
9 41 41 8.1835
9 42 231 50.1744
9 43 33 7.5800
9 44 14 3.1076
9 45 4 0.8327
9 46 33 7.5425
9 47 12 2.5333
9 48 41 7.8066
9 49 8760 1983.5955
9 50 10 1.5653
9 51 1703 404.5894
9 52 1266 305.2185
9 53 18 3.5526
9 54 136 26.1433
9 55 2 0.3468
9 56 40 8.8053
9 57 1012 215.0236
9 58 2339 552.1836
9 60 34 6.1346
9 61 1 0.1966
9 62 31 7.1560
9 63 95 16.8575
9 64 4 0.7136
9 65 12 2.2935
9 66 85 18.9446
9 68 54 12.6210
9 69 1853 399.2774
9 70 282 62.8239
9 71 8 1.1727
9 72 30 6.6677
9 73 610 131.6466
9 74 12 2.6077
9 75 105 30.0020
9 77 1588 318.9712
9 79 599 114.0952
9 80 16 2.9898
9 81 526 149.5916
9 82 15752 4833.9862
9 84 20 4.6364
9 86 24 5.1556
9 87 17 3.7898
9 88 194 39.5792
9 89 22 4.2257
9 90 24 5.8833
9 91 1122 243.2792
9 92 56 10.4216
9 93 167 48.3431
9 94 3 0.8392
9 95 15 2.6315
9 96 5 1.0797
9 97 30 5.1337
9 98 1855 449.6583
9 100 346 78.0858
9 101 148 37.9118
9 102 678 179.9409
9 103 168 36.9629
9 104 83 17.7164
9 105 6 1.2036
9 107 1939 464.6040
9 108 262 45.8237
9 109 203 49.3894
9 110 17 4.3077
9 111 29 6.0036
9 112 99 18.3035
9 113 30 6.3166
9 114 113 22.2334
9 115 55 13.5636
9 116 1 0.2355
9 117 5 0.8826
9 118 14 3.2316
9 119 46 11.1688
9 120 110 23.5709
9 121 23 5.1898
9 122 386 71.4724
9 124 7317 2068.3650
9 125 86 19.6966
9 126 32 6.1840
9 127 372 95.0553
9 128 1023 318.6030
9 129 46 9.0444
9 130 37 8.2789
9 131 213 43.7046
9 132 5910 1441.1388
9 133 99 22.0104
9 134 20028 5761.0836
9 135 11 4.6763
9 136 2176 550.3375
9 137 512 122.3375
9 138 2497 621.6936
9 139 125 25.3511
9 140 1469 318.9069
9 141 12 2.9233
9 142 142 33.3507
9 143 576 122.8386
9 144 266 56.9526
9 145 14 2.4249
9 146 1493 360.6221
9 147 65 14.2879
9 149 27 7.1332
9 150 1062 247.4468
9 151 1 0.2661
9 152 6 1.1868
9 153 193 42.1130
9 154 202 46.3868
9 155 91 22.0141
9 156 138 25.9996
9 158 539 132.1943
9 159 12 2.7313
9 160 1316 352.9426
9 161 458 103.1483
9 162 7 1.4522
9 163 719 211.5813
9 165 37 7.4904
9 166 74 16.9489
9 167 76 14.9758
9 168 174 38.5945
9 169 387 80.5271
9 170 350 70.2410
9 171 82 16.7304
9 172 37 7.5564
9 173 169 31.7537
9 174 1 0.1901
9 175 259 45.7335
9 176 6 1.2997
9 177 294 78.9017
9 178 32 5.6174
9 179 29 6.0681
9 180 778 193.4118
9 183 242 51.1989
9 184 22 5.7150
9 185 70 12.8236
9 186 46 8.5475
9 187 1310 285.7721
9 188 272 60.6096
9 190 278 59.7458
9 191 13 3.6159
9 192 23 5.2103
9 193 3 0.6839
9 194 1 0.2263
9 195 1579 347.2182
9 196 8 1.8221
9 197 847 197.3844
9 198 91 16.2521
9 199 1442 314.5340
9 200 81 22.1004
9 201 585 144.5182
9 202 45 10.2726
9 203 109 22.6092
9 205 626 152.8495
9 206 15 3.3103
9 207 33 8.0477
9 208 1405 358.8020
9 209 83 19.0385
9 210 14 3.2374
9 211 127 28.1049
9 212 346 76.9474
9 213 7 1.4335
9 214 360 71.8773
9 215 38 6.7642
9 216 183 42.6553
9 217 256 46.2334
9 218 15 2.7699
9 219 193 38.9702
9 220 1234 260.1677
9 221 192 37.9296
9 222 583 142.3832
9 223 1341 301.5158
9 224 272 62.9099
9 225 20 4.1097
9 226 97 17.9489
9 227 403 85.9867
9 228 293 57.6265
9 229 4 0.7697
9 230 297 70.8405
9 231 322 70.9560
9 232 260 61.2821
9 233 939 181.0921
9 234 385 86.6491
9 235 885 192.9477
9 236 475 94.3336
9 237 24 4.6763
9 238 121 26.7188
9 239 48 9.9193
9 240 42 7.4932
9 241 13 2.5994
9 242 318 78.6734
9 243 123 24.3799
9 244 261 69.9695
9 245 35 7.6374
9 246 161 38.1943
9 247 34 6.7901
9 248 81 15.3588
9 249 104 22.6069
9 250 35 7.3995
9 251 19 4.6697
9 252 71 16.9864
9 254 87 21.4662
9 255 885 171.1701
9 256 1781 382.5119
9 257 121 25.2124
9 258 238 47.9150
9 261 50 10.9041
9 262 698 164.3598
9 263 1789 442.8851
9 264 121 29.2596
9 265 43 9.4624
9 266 255 52.0978
9 267 125 29.8339
9 268 29 6.4064
9 269 231 50.1086
9 270 83 18.4632
9 271 13 2.7177
9 272 35 6.5897
9 273 674 166.3719
9 274 36 8.3368
9 276 1 0.2119
9 277 21 3.5184
9 278 486 103.3557
9 279 4 0.7575
9 280 13 2.7523
9 281 128 29.8448
9 282 629 180.6263
9 283 33 7.0624
9 285 1264 345.7141
9 286 287 61.7180
9 287 112 24.4211
9 288 38 8.5232
9 289 117 31.0063
9 290 96 20.8586
9 291 159 31.0479
9 292 11 1.9223
9 293 4 0.8233
9 294 62 14.7187
9 295 19 4.1889
9 296 263 80.6052
9 297 8 1.3598
9 298 57 12.1396
9 299 108 20.9243
9 301 17 3.9830
9 302 389 88.8936
9 303 8 1.6428
9 305 3 0.5993
9 306 32 5.9459
9 307 9 2.0857
9 308 3223 808.3922
9 309 139 27.2045
9 310 759 178.2844
9 311 144 21.5268
9 312 698 162.1274
9 313 76 18.0531
9 314 402 98.7801
9 315 150 33.6814
9 317 127 28.5022
9 318 2 0.4402
9 319 584 152.9443
9 320 341 83.3045
9 321 3 0.5857
9 322 7 1.5821
9 324 115 29.6506
9 325 9 2.1044
9 326 474 106.6249
9 327 309 69.8988
9 328 1437 341.3604
9 329 210 51.0112
9 332 66 12.5116
9 333 949 226.9930
9 334 2 0.5030
9 335 14 2.6400
9 337 147 30.2478
9 338 4 0.9206
9 339 3 0.6311
9 340 3 0.4998
9 341 5788 1591.0421
9 342 99 25.8021
9 343 137 35.5566
9 344 92 19.9650
9 345 4 1.0036
9 346 278 53.2105
9 347 174 34.4253
9 348 188 40.1367
9 349 78 15.7911
9 350 238 57.2858
9 351 382 83.3424
9 353 386 84.0474
9 354 971 274.1431
9 355 9 2.5007
9 357 119 24.5998
9 358 10 1.8945
9 359 20 3.0922
9 360 32 6.7690
9 361 173 35.4010
9 362 306 76.5746
9 363 70 13.0491
9 364 1069 257.6575
9 365 58 11.7007
9 366 716 164.4173
9 367 128 27.0495
9 368 760 205.7330
9 369 471 100.5126
9 370 61 12.7771
9 371 111 21.4221
9 372 378 75.9207
9 373 79 16.2091
9 374 65 13.1300
9 375 11 2.0671
9 376 183 36.3037
9 377 1177 346.6090
9 378 440 89.4900
9 379 164 34.8704
9 380 27 5.8873
9 382 1 0.2789
9 383 391 91.9572
10 0 25 4.8475
10 1 2809 771.3982
10 2 239 59.0784
10 3 422 106.4867
10 4 84 17.0733
10 5 11 2.3864
10 6 4 0.8713
10 7 1806 462.9907
10 8 489 112.5015
10 9 740 163.6611
10 10 1 0.2305
10 11 23 6.1774
10 12 98 20.0327
10 13 16 3.8377
10 14 172 34.1534
10 15 26 5.1692
10 16 117 24.7745
10 17 526 135.6624
10 20 73 14.5648
10 22 30 6.8277
10 23 124 24.7211
10 24 6 1.3791
10 25 101 24.2975
10 26 80 14.8978
10 27 56 13.6201
10 29 4 1.0126
10 30 1025 294.8246
10 31 13 2.5626
10 32 126 27.2605
10 33 2 0.4291
10 34 1827 425.2840
10 35 129 29.2411
10 36 172 35.7618
10 37 9 1.9228
10 38 1 0.1601
10 39 54 12.6891
10 40 81 16.8011
10 41 58 13.5058
10 42 724 156.3861
10 44 2214 534.5291
10 45 877 211.1523
10 47 274 64.7487
10 48 458 109.2192
10 49 629 132.4490
10 50 1256 305.0266
10 51 9 2.0863
10 52 7 1.6348
10 54 975 261.4247
10 56 773 174.7252
10 57 863 231.8294
10 58 288 60.5422
10 59 597 127.7717
10 60 40 7.9615
10 61 26 4.9221
10 62 1658 463.8044
10 63 42 9.0327
10 64 24 5.3425
10 65 64 14.1856
10 66 50 10.1341
10 67 20 4.5621
10 68 785 171.3674
10 69 504 144.7160
10 70 24 6.6993
10 71 503 114.1354
10 72 536 119.5597
10 73 29 6.6831
10 74 398 84.2208
10 75 1757 458.9909
10 76 11 2.3475
10 77 362 102.2115
10 78 583 131.3335
10 79 127 26.5814
10 80 1666 385.1273
10 81 1 0.2299
10 82 9 1.6315
10 83 5 0.9595
10 84 1057 290.1253
10 85 291 62.0258
10 86 57 11.4160
10 87 118 27.3331
10 89 6 1.2920
10 90 184 36.1626
10 91 218 58.5257
10 92 1211 298.1839
10 93 570 138.1179
10 94 2 0.4915
10 95 4873 1378.1225
10 96 1350 348.6977
10 97 102 21.4184
10 98 58 12.3960
10 99 52 12.0430
10 100 154 31.3059
10 101 327 75.1696
10 102 92 20.9375
10 103 13 2.4269
10 104 390 86.6004
10 105 4 0.9369
10 106 92 19.6426
10 107 45 9.4377
10 108 10 2.0492
10 109 102 25.3286
10 110 20 4.1105
10 111 735 190.7442
10 113 69 15.8460
10 114 149 31.2356
10 115 2 0.4364
10 116 1 0.2444
10 117 3 0.6774
10 118 26 5.7689
10 119 3 0.6390
10 120 14 3.8296
10 121 16 3.1568
10 122 8 1.8108
10 123 7 1.8250
10 124 1671 445.7651
10 125 12 2.4308
10 126 48 9.5701
10 127 1707 468.7996
10 128 55 12.8385
10 129 14 2.8363
10 130 114 24.2603
10 131 39 8.2616
10 132 17 4.8942
10 133 200 41.9098
10 134 81 17.2088
10 135 22 4.1745
10 136 97 20.0501
10 137 65 13.2672
10 138 163 34.8297
10 140 1526 353.5046
10 141 23 4.3915
10 142 45 11.8048
10 143 114 24.6032
10 144 33 7.1328
10 145 515 118.8234
10 146 1895 429.6357
10 147 531 117.7506
10 148 519 137.7662
10 149 54 12.9989
10 151 119 26.2150
10 152 548 125.9314
10 153 13 3.1535
10 154 69 16.2895
10 155 671 159.0425
10 156 94 22.2085
10 157 109 23.9574
10 158 18 4.0999
10 159 470 113.4995
10 160 44 8.8133
10 161 266 56.2659
10 162 3 0.5841
10 163 993 251.4908
10 164 12 2.4723
10 165 3286 888.3986
10 166 136 35.7267
10 167 23 5.6541
10 168 292 69.0589
10 169 7 1.6932
10 170 304 72.1601
10 171 696 162.8582
10 172 106 21.6766
10 173 34 6.7105
10 174 41 7.6830
10 175 179 37.1897
10 176 6 1.2129
10 178 41 7.6441
10 179 6294 1697.5138
10 180 12 2.6497
10 181 1 0.2094
10 182 1409 399.5905
10 184 66 11.7326
10 185 2 0.3784
10 187 66 15.1435
10 188 1315 312.0742
10 189 2 0.4608
10 190 26 4.7727
10 191 77 17.4182
10 192 713 181.9845
10 193 993 247.2545
10 194 294 64.6962
10 195 18 4.2665
10 196 79 16.5357
10 197 18 3.9771
10 198 220 42.6250
10 199 241 48.8640
10 200 191 38.5217
10 201 521 119.9447
10 202 196 40.7916
10 203 3 0.6675
10 204 8 1.4587
10 206 3 0.6398
10 207 144 30.4351
10 208 26 5.7076
10 209 88 22.8808
10 210 419 113.4325
10 211 40 7.8084
10 212 84 17.0431
10 213 345 74.9005
10 214 3 0.5407
10 215 23 5.1403
10 216 754 195.2432
10 217 1 0.2932
10 218 28 6.8593
10 219 7 1.9070
10 220 430 89.8681
10 222 34 6.4723
10 223 152 34.7171
10 224 154 28.8325
10 225 28 7.3310
10 226 5 1.0007
10 227 604 164.1043
10 228 26 5.0554
10 229 675 150.2134
10 230 185 44.9990
10 231 9 1.6054
10 232 14 3.2767
10 233 90 21.6323
10 234 281 69.2832
10 235 170 36.1215
10 236 304 64.8429
10 237 485 121.5309
10 238 1108 268.0276
10 239 22 4.4799
10 240 10 1.8874
10 241 96 18.5747
10 242 256 57.8951
10 243 142 30.8331
10 244 23 5.2069
10 245 439 103.6487
10 246 128 27.6228
10 247 55 12.0397
10 248 273 60.4337
10 249 110 24.6307
10 250 18 3.1747
10 251 78 18.0923
10 253 3605 904.9596
10 254 10 2.2119
10 255 480 125.9661
10 256 87 23.0695
10 257 546 135.2524
10 258 269 62.6423
10 259 25 5.3891
10 261 32 5.9588
10 262 1 0.2035
10 263 8608 2181.6925
10 264 43 10.1434
10 265 196 41.9878
10 266 427 122.1601
10 267 1091 286.0930
10 268 41 9.9095
10 269 293 62.5199
10 270 1 0.2597
10 271 2975 699.4595
10 272 46 9.6630
10 273 245 54.1867
10 274 1407 372.5620
10 275 19 3.9753
10 276 1 0.2055
10 277 149 32.0747
10 278 45 9.6535
10 279 135 34.9357
10 280 18 3.8997
10 281 49 10.3283
10 282 87 18.1042
10 283 203 43.0738
10 284 8475 2646.0407
10 285 32 7.9030
10 286 287 66.0810
10 287 19 4.6988
10 288 22 4.9142
10 289 416 85.0322
10 290 34 6.7630
10 291 175 36.0436
10 292 226 57.5075
10 293 64 12.8697
10 294 27 5.3371
10 295 253 56.5314
10 296 96 20.1596
10 297 236 54.8828
10 298 4316 962.8237
10 299 27 6.4859
10 300 6 1.1626
10 301 103 21.5688
10 302 3373 879.3433
10 303 454 97.5789
10 304 566 132.2821
10 305 573 136.2475
10 306 570 130.5415
10 307 3496 817.5812
10 308 108 22.4412
10 309 110 22.5724
10 310 1024 206.1587
10 311 508 108.1222
10 312 300 73.8571
10 313 2 0.4767
10 314 43 8.5590
10 315 577 122.9573
10 316 1015 224.4442
10 317 3147 788.7944
10 319 23 5.1791
10 320 2155 522.7350
10 321 17 3.6320
10 322 25 6.4900
10 323 78 17.0035
10 324 1512 370.4395
10 325 59 12.6626
10 326 20 4.3518
10 327 1 0.2527
10 330 1611 417.5524
10 331 333 69.7205
10 332 9 1.9963
10 333 43 9.1546
10 334 61 16.9078
10 335 33 9.7764
10 336 384 85.8709
10 337 225 50.4551
10 338 685 158.9533
10 339 3210 950.5674
10 340 467 114.4724
10 341 1381 345.2704
10 342 24 6.5575
10 343 3055 753.4199
10 344 24 4.5205
10 345 25 4.7696
10 346 60 13.8952
10 348 25 5.7617
10 349 2427 571.3984
10 350 552 137.5295
10 352 3 0.5591
10 353 271 59.4792
10 354 43 8.4242
10 355 71 15.3128
10 356 10 2.3087
10 357 13 2.8527
10 358 38 7.5851
10 359 4 0.7598
10 361 167 36.5422
10 362 231 61.5213
10 363 42 8.5101
10 364 1101 269.9264
10 365 625 143.1679
10 367 1 0.2176
10 368 17 3.0443
10 369 67 14.2156
10 370 294 70.1169
10 371 996 221.5717
10 372 34 8.1333
10 373 419 98.3020
10 374 430 117.5479
10 375 3217 792.1442
10 376 34 8.5443
10 377 2222 568.5477
10 378 929 259.6383
10 380 320 74.0273
10 381 50 12.2865
10 383 207 43.4904
11 0 144 34.5856
11 2 1306 296.1364
11 3 229 44.6769
11 4 174 34.7468
11 5 885 195.1724
11 6 35 7.3295
11 7 29 7.1400
11 8 33 6.8119
11 9 36 7.7221
11 10 474 96.9204
11 11 541 132.1284
11 12 1 0.2425
11 13 213 48.3530
11 14 259 52.6652
11 15 51 11.5213
11 16 169 32.7522
11 17 534 114.0539
11 18 148 30.8347
11 19 256 61.5795
11 20 39 11.1681
11 21 279 64.8185
11 22 15 4.4273
11 23 13 2.5689
11 24 95 30.7620
11 25 286 80.7925
11 26 1328 294.9874
11 27 1074 252.0247
11 28 680 160.9196
11 29 314 64.3600
11 30 244 53.6400
11 31 2 0.4127
11 32 315 64.1295
11 33 120 30.3847
11 34 2306 584.1235
11 35 545 113.8314
11 36 195 52.2288
11 37 2 0.4421
11 39 110 23.4942
11 40 12 2.7061
11 41 1972 437.3092
11 43 148 28.5914
11 44 153 30.2304
11 45 16 2.9289
11 46 429 103.9486
11 47 30 7.7019
11 48 715 188.2821
11 49 108 22.4562
11 50 1185 281.2123
11 51 77 14.4759
11 52 98 22.2241
11 54 48 9.8311
11 55 20 3.5717
11 56 367 84.7877
11 58 3 0.5282
11 59 35 6.7406
11 60 140 30.8434
11 61 30 6.0570
11 62 19 3.7735
11 63 207 42.1624
11 64 1599 373.9625
11 65 905 219.5143
11 66 390 83.1460
11 67 77 14.1252
11 68 69 13.7127
11 69 35 7.4980
11 70 875 307.6982
11 71 134 24.5839
11 72 26 5.5869
11 73 1153 277.6612
11 74 270 56.2153
11 76 21 4.5036
11 77 1635 352.1482
11 78 3 0.7186
11 79 624 149.4817
11 80 34 6.8703
11 81 184 41.9978
11 82 31 8.6351
11 83 38 9.4552
11 84 160 33.0661
11 85 242 46.1872
11 86 207 40.6774
11 87 265 49.5069
11 88 283 60.2087
11 89 1 0.1462
11 90 713 164.1836
11 91 1 0.1805
11 92 40 9.5035
11 93 6 1.2504
11 94 55 14.3393
11 95 32 6.2421
11 96 536 129.9826
11 97 154 31.4261
11 98 8300 2724.9483
11 99 5637 1354.8687
11 100 89 17.0898
11 101 279 64.0968
11 102 55 16.2065
11 103 379 81.8101
11 104 14 3.0503
11 105 453 113.0473
11 106 19 3.4868
11 108 447 88.8665
11 109 3629 1142.9973
11 110 12 2.2385
11 111 141 37.7323
11 112 60 12.0327
11 113 20 4.2609
11 114 468 103.1528
11 115 1 0.1860
11 116 82 19.3515
11 117 1 0.2196
11 118 14 2.4490
11 119 439 102.3261
11 120 99 18.4553
11 121 1668 370.0252
11 122 58 11.7155
11 123 181 38.4540
11 124 213 48.3261
11 125 1616 351.3104
11 126 323 67.7536
11 127 26 4.7950
11 128 158 35.9556
11 129 380 79.9728
11 130 363 83.2088
11 131 2032 493.2091
11 133 3 0.6702
11 134 4 0.7487
11 135 460 99.0463
11 136 7 1.4106
11 137 68 13.8227
11 138 90 18.8201
11 139 8 1.5582
11 140 58 17.4400
11 141 455 103.1718
11 142 328 74.4615
11 143 316 67.9523
11 144 149 32.6602
11 145 1 0.1909
11 146 3 0.7552
11 147 369 94.0891
11 148 1232 293.6163
11 149 263 58.7555
11 150 162 33.3964
11 151 40 7.8083
11 152 16 3.5322
11 153 115 22.4129
11 154 177 34.5546
11 155 12 2.2779
11 156 7 1.2614
11 158 13 2.1144
11 160 25 4.8812
11 161 24 4.6771
11 162 1167 298.3981
11 163 9 2.1136
11 164 182 40.1217
11 165 2041 397.2308
11 166 1448 325.3656
11 167 182 45.7088
11 168 1146 252.3680
11 169 4 0.8249
11 170 358 74.3200
11 171 399 90.0644
11 172 638 143.4203
11 173 2 0.4781
11 174 162 34.8589
11 175 1453 316.0189
11 176 76 16.0178
11 177 1 0.2912
11 178 14 2.8278
11 179 182 36.0123
11 180 2770 696.7745
11 181 39 10.4750
11 182 44 8.7094
11 183 89 17.9485
11 184 60 11.5291
11 185 93 19.7231
11 186 13 2.5551
11 187 12 2.8476
11 188 2 0.4182
11 189 1177 289.3382
11 190 151 34.2207
11 191 16 3.1626
11 192 460 108.9949
11 194 139 28.0592
11 195 506 122.3377
11 196 69 13.7679
11 197 20 3.9918
11 198 950 223.6959
11 199 37 9.2345
11 200 33 9.5960
11 201 79 17.6453
11 202 38 8.8946
11 203 502 130.7475
11 204 24 4.3102
11 205 144 32.9304
11 206 84 17.1423
11 207 11 2.6553
11 208 480 114.0469
11 209 759 165.0735
11 210 19 3.6709
11 211 100 24.5760
11 212 233 56.3146
11 213 21 4.7523
11 214 139 25.6080
11 215 102 20.2756
11 216 460 104.4346
11 218 11 2.3303
11 219 1 0.1701
11 220 348 88.1858
11 221 2056 503.8159
11 222 139 29.5634
11 223 61 13.8490
11 224 44 10.5357
11 225 3506 822.8939
11 226 494 104.7640
11 227 1598 381.1357
11 228 23 4.6174
11 230 628 141.1297
11 231 111 23.0275
11 232 300 68.8522
11 233 4118 1249.5655
11 234 67 12.3414
11 235 1007 226.5467
11 236 42 9.0140
11 237 454 99.2321
11 239 136 35.4833
11 240 3 0.7155
11 241 63 13.0318
11 242 178 45.9742
11 243 34 8.2579
11 244 30 6.1604
11 245 23 4.6740
11 246 92 19.1552
11 247 16 3.4635
11 248 3 0.6913
11 249 1 0.2777
11 250 8 1.4704
11 251 4 1.0407
11 252 17 4.0037
11 253 11 2.5448
11 254 33 8.5714
11 255 574 129.0706
11 256 42 9.1180
11 257 42 8.0325
11 258 12 2.7943
11 259 1810 451.9953
11 260 41 9.2421
11 261 10 2.5707
11 262 5572 1495.3242
11 263 9 2.6558
11 264 3 0.6149
11 265 28 6.2404
11 266 134 28.2327
11 267 16 2.8740
11 268 179 38.9842
11 269 52 9.0478
11 270 383 88.9115
11 271 3110 671.0635
11 273 22 4.8481
11 275 26 6.8123
11 276 3 0.5673
11 277 114 20.3876
11 278 3 0.7584
11 279 268 61.6010
11 280 491 112.8383
11 281 233 45.8624
11 282 124 26.5733
11 283 12 3.0560
11 284 138 32.6752
11 286 963 206.2832
11 287 76 16.2222
11 288 378 78.7702
11 289 322 74.4746
11 290 535 112.0883
11 291 6 1.3192
11 292 121 25.3544
11 293 24 4.6032
11 294 5499 1489.7570
11 295 180 56.1156
11 297 113 27.7491
11 298 9 2.0784
11 299 3 0.5677
11 301 5 0.8735
11 302 167 41.4627
11 303 51 10.1022
11 304 633 137.6189
11 305 33 6.4294
11 306 746 169.1985
11 307 224 56.5003
11 308 404 94.7361
11 309 419 85.7400
11 310 248 52.3328
11 311 20 3.9677
11 313 377 94.9437
11 314 777 158.1558
11 315 5 1.3199
11 316 21 4.3055
11 317 103 21.6806
11 319 452 102.4316
11 320 247 55.1765
11 321 144 32.3514
11 322 8 1.3742
11 323 13 2.5622
11 324 11 2.0358
11 325 26 7.8616
11 326 1116 254.3785
11 327 1391 332.8342
11 328 105 21.1585
11 329 420 92.3409
11 330 627 131.3850
11 331 206 42.5245
11 332 1496 428.8571
11 334 1 0.2448
11 335 6 1.1768
11 336 76 15.1492
11 337 65 14.8892
11 338 1002 198.0896
11 339 88 20.2566
11 340 326 71.4299
11 341 26 4.7012
11 343 2517 661.3786
11 344 1091 214.9873
11 345 17217 5029.1904
11 346 1420 327.0020
11 347 25 5.4876
11 348 6 1.5810
11 349 357 79.9243
11 350 1 0.1713
11 351 589 121.2235
11 353 118 28.9119
11 355 264 61.2894
11 356 62 14.3981
11 357 1349 325.6011
11 358 14 2.3817
11 359 186 44.2093
11 360 20 3.5651
11 361 77 15.6238
11 362 48 8.7262
11 363 2068 559.1959
11 365 225 50.1598
11 366 184 38.7442
11 367 10 1.9174
11 368 2 0.4518
11 369 520 125.4874
11 370 48 11.7809
11 371 210 42.9214
11 373 6 1.1364
11 374 48 11.9628
11 375 282 61.3552
11 376 22 4.8758
11 377 51 9.6004
11 378 324 69.0049
11 379 4270 1218.4331
11 380 17 3.1047
11 381 84 16.4109
12 0 6 1.5442
12 2 179 38.0215
12 3 159 38.5044
12 4 31 6.5924
12 5 764 189.6422
12 6 201 50.6042
12 7 18 4.5019
12 8 1160 335.6259
12 9 47 8.4595
12 10 55 12.9104
12 11 92 20.7033
12 12 583 147.4887
12 14 19 3.7507
12 16 668 155.5216
12 17 669 144.1110
12 18 1696 426.2417
12 19 255 50.1587
12 20 67 15.8418
12 21 15 3.1972
12 22 24 4.4597
12 23 108 22.4101
12 24 2 0.4568
12 25 1821 413.1792
12 26 21 4.1524
12 27 240 63.3723
12 29 77 17.5105
12 31 273 62.8530
12 32 146 37.7608
12 33 100 24.9064
12 34 418 88.9415
12 35 402 111.5000
12 36 7 2.1807
12 37 4 0.9166
12 38 198 43.2456
12 39 720 170.0170
12 40 29 6.2582
12 41 89 18.0790
12 42 6754 1862.1781
12 43 7 1.3839
12 44 78 18.5049
12 45 82 17.1150
12 46 77 16.1299
12 47 199 41.0428
12 48 425 88.1359
12 49 11 2.4906
12 50 11 1.9974
12 51 17 3.6461
12 52 7 1.4538
12 53 143 33.0872
12 54 32 6.6861
12 55 452 98.1897
12 56 82 16.9380
12 57 61 12.9272
12 58 3121 762.9783
12 59 394 87.0647
12 60 188 38.3737
12 61 1 0.2143
12 62 949 246.6115
12 63 144 34.2516
12 64 197 48.9644
12 65 4 0.8647
12 66 159 32.2483
12 67 3310 851.8230
12 68 10 2.2050
12 69 563 143.6538
12 70 23 4.5335
12 71 163 37.9559
12 72 23 5.6652
12 73 39 7.7394
12 74 248 54.8457
12 75 3 0.7616
12 76 98 20.6866
12 77 133 31.1833
12 78 77 16.4438
12 80 12 2.3146
12 81 111 22.6741
12 82 10 1.9102
12 83 348 82.2548
12 84 2 0.3429
12 85 536 128.5339
12 86 544 133.3894
12 87 800 199.4873
12 88 3019 973.2324
12 89 72 16.4245
12 90 717 164.6534
12 91 3 0.5967
12 92 8 1.8746
12 93 74 16.6066
12 94 12 3.0806
12 95 2783 641.6142
12 96 54 12.1763
12 97 9 1.5862
12 98 37 8.9007
12 99 285 58.9106
12 100 1329 398.2453
12 101 19 5.0629
12 102 1316 281.4885
12 103 207 45.2057
12 104 390 87.9860
12 105 900 225.9168
12 106 93 19.5463
12 107 235 50.5648
12 109 750 209.6345
12 110 108 23.4716
12 111 117 29.3409
12 112 12 2.9711
12 113 73 15.1696
12 114 16 3.5432
12 115 761 177.2807
12 116 888 203.5060
12 117 22 5.6260
12 118 1907 487.9102
12 119 275 56.1178
12 120 570 114.9520
12 121 227 53.9130
12 122 338 80.1449
12 123 590 162.2889
12 124 1578 389.4141
12 125 172 38.5051
12 126 1452 340.1837
12 127 67 14.7963
12 128 18 3.1883
12 129 197 49.4297
12 130 39 7.6902
12 131 332 75.1443
12 132 8 1.9004
12 133 172 35.3505
12 134 2105 537.1144
12 135 46 9.5437
12 136 25 4.6009
12 137 805 192.6382
12 138 1055 260.5473
12 139 3804 1063.6446
12 140 288 69.4891
12 141 2075 550.5530
12 142 545 109.2229
12 143 3 0.7629
12 144 23 4.1239
12 145 233 46.5733
12 146 34 7.2250
12 147 101 21.4137
12 148 1 0.1810
12 149 93 19.1207
12 150 10 2.3471
12 151 2623 666.0034
12 152 806 170.5842
12 153 2 0.3083
12 154 22 5.3183
12 155 1046 242.4604
12 156 168 36.6946
12 157 9 1.7411
12 158 326 73.2512
12 159 369 79.7328
12 160 1 0.2348
12 161 1961 463.8739
12 162 1 0.2475
12 163 1 0.2503
12 165 2085 498.3662
12 166 14 2.3930
12 167 295 71.2054
12 168 12 3.7415
12 169 2396 568.4621
12 170 123 24.9230
12 171 1498 318.7315
12 172 27 5.5137
12 173 30 6.9968
12 174 2060 516.9503
12 175 8 1.8862
12 176 242 59.9768
12 179 103 20.9442
12 180 849 189.1064
12 181 6 1.7711
12 182 285 63.2301
12 183 478 106.8949
12 186 181 39.5616
12 187 8 2.3744
12 188 157 34.8501
12 189 1782 465.3243
12 191 295 57.7812
12 192 118 26.4358
12 193 60 13.3160
12 194 391 97.7929
12 195 154 33.4031
12 196 766 191.7534
12 197 3 0.5259
12 198 866 197.4526
12 199 105 21.7913
12 200 1964 482.9723
12 201 73 13.3441
12 202 64 13.8483
12 203 18 3.4672
12 204 54 9.9683
12 205 9 1.8865
12 206 2 0.4580
12 207 3382 845.6854
12 208 831 264.6386
12 209 197 49.4299
12 210 1050 256.6321
12 211 333 66.2348
12 212 155 44.5748
12 213 277 60.6451
12 214 620 132.5970
12 215 45 10.5599
12 216 118 24.3358
12 217 117 25.1102
12 218 1 0.2287
12 219 421 99.9888
12 221 2845 840.1553
12 222 65 15.4853
12 223 105 25.5641
12 224 5 1.2110
12 225 24 5.2100
12 226 24 4.8535
12 227 164 33.6854
12 228 72 15.4006
12 229 308 73.8158
12 230 57 14.6386
12 231 139 36.2450
12 232 14 2.9193
12 234 5 0.9198
12 235 147 35.8328
12 236 367 80.4428
12 237 131 26.0206
12 238 93 20.2894
12 239 377 88.3630
12 240 249 56.4451
12 241 31 6.0045
12 242 462 96.0877
12 243 1219 263.9443
12 245 42 8.2746
12 246 1173 288.4748
12 247 78 15.5241
12 248 87 22.1757
12 249 735 175.2154
12 250 9 1.7639
12 251 24 5.4914
12 252 520 126.3251
12 253 34 7.9541
12 254 7 1.6314
12 255 480 114.3089
12 256 15 2.9213
12 257 31 6.0641
12 258 33 6.5283
12 259 34 6.6500
12 260 12 2.2271
12 261 1438 355.3562
12 262 872 183.3539
12 263 570 137.7215
12 264 36 7.4234
12 265 1136 262.6101
12 266 156 32.2330
12 267 30 8.1644
12 268 12 2.4472
12 269 21 4.6646
12 270 82 16.4193
12 271 103 22.4146
12 272 359 77.8437
12 273 5 1.1176
12 274 49 9.4287
12 275 10 2.7283
12 276 33 5.4788
12 277 178 33.8332
12 278 697 176.5059
12 279 755 211.5437
12 280 588 142.3033
12 282 2 0.3825
12 283 584 152.6678
12 284 84 20.5981
12 285 139 23.9911
12 287 1535 400.5350
12 288 38 7.3555
12 289 13 3.2181
12 290 93 22.1979
12 291 12 2.2511
12 292 106 24.7569
12 293 618 131.9583
12 294 193 44.2516
12 295 146 39.0275
12 296 2 0.5111
12 297 11 2.4143
12 298 215 56.7720
12 299 24 5.1350
12 300 428 101.1516
12 301 32 6.0070
12 302 13 3.7316
12 303 3 0.6953
12 304 11 2.1818
12 305 13 2.3840
12 306 2806 720.1583
12 307 309 79.2455
12 308 1184 307.9490
12 310 49 10.3067
12 311 751 201.6122
12 312 569 135.4336
12 313 2 0.4144
12 314 926 211.5576
12 316 6544 1715.0384
12 317 83 16.8290
12 318 14 2.7352
12 319 20 4.7224
12 320 838 197.4527
12 321 3 0.9494
12 323 51 10.0788
12 324 62 13.4135
12 325 77 16.8645
12 326 523 100.8733
12 327 4 1.0233
12 328 56 11.8914
12 329 1400 342.1463
12 330 34 6.4535
12 331 3271 910.5762
12 332 211 46.0353
12 333 666 180.4862
12 334 684 144.1689
12 335 22 5.9469
12 336 163 33.9654
12 337 1704 475.4305
12 338 392 93.5406
12 339 838 222.8918
12 340 2759 688.4693
12 341 39 7.2005
12 342 10 2.0041
12 343 69 15.8537
12 345 4499 1391.0744
12 347 4 0.9963
12 348 196 39.2357
12 349 5885 1554.6673
12 350 560 123.8442
12 351 22 4.7441
12 353 64 13.6622
12 354 274 78.0926
12 355 1 0.2340
12 356 4 1.0010
12 357 2 0.3672
12 358 404 86.1691
12 359 3 0.5516
12 360 15 2.9839
12 361 25 5.2630
12 362 908 229.9940
12 363 19 3.5100
12 364 78 15.5253
12 366 455 111.1032
12 367 72 13.5840
12 368 9 1.8956
12 369 449 126.0967
12 370 76 15.1037
12 371 10 1.9574
12 372 738 159.8843
12 373 5 1.0642
12 374 76 15.5692
12 376 132 29.3030
12 377 1 0.2450
12 379 1052 240.3701
12 380 352 84.2753
12 381 540 141.3060
12 382 67 14.5785
12 383 883 182.9341
13 0 47 10.6117
13 1 489 146.7679
13 2 103 34.8947
13 3 102 20.9643
13 4 342 80.3186
13 5 1075 284.7694
13 6 984 266.4781
13 7 4 0.6653
13 8 27 6.1002
13 9 425 97.1234
13 10 2163 501.6033
13 11 56 14.2720
13 12 2323 545.0672
13 13 11 2.3385
13 14 28 6.0701
13 15 1906 454.0493
13 16 131 26.8263
13 17 8 1.4283
13 18 241 61.2035
13 19 293 74.0139
13 20 179 37.1680
13 21 701 161.5349
13 22 46 9.3324
13 23 25 6.9435
13 24 17 3.9254
13 25 76 16.1514
13 26 53 13.1169
13 27 150 33.0638
13 28 171 38.8771
13 29 877 214.6462
13 30 63 12.3177
13 31 81 18.2648
13 32 154 32.3428
13 33 26 7.5379
13 34 851 205.7764
13 35 81 18.4827
13 36 1665 423.0070
13 37 33 6.5790
13 38 30 6.9574
13 39 564 135.8914
13 40 90 27.1508
13 41 2381 671.1449
13 42 29 7.5065
13 43 186 42.7306
13 44 784 199.0132
13 45 654 146.2451
13 46 661 176.5706
13 47 219 47.3358
13 48 81 18.3305
13 49 267 57.2906
13 50 48 12.7906
13 51 13 4.3532
13 52 11 2.1561
13 53 199 42.2130
13 54 3064 797.6938
13 55 81 18.1992
13 56 19 4.2176
13 57 2196 563.4060
13 58 757 204.0878
13 59 77 16.7884
13 60 849 218.5151
13 61 226 50.8354
13 62 24 5.0413
13 63 443 95.1586
13 64 138 30.4292
13 66 21 6.4139
13 67 11 2.6252
13 68 11 1.9805
13 69 1181 316.0439
13 70 329 70.2843
13 71 2393 561.8313
13 72 7 1.3650
13 73 276 62.0348
13 74 5 1.1989
13 75 46 10.0454
13 76 521 111.8524
13 77 37 7.9697
13 78 522 145.9989
13 79 175 36.6462
13 80 5 1.1229
13 81 7 1.3128
13 82 17 5.6261
13 83 207 41.8750
13 84 15 3.3026
13 85 39 8.8867
13 86 361 98.0382
13 87 31 8.7303
13 88 325 78.5785
13 89 1743 414.4352
13 90 337 72.8925
13 91 274 68.3305
13 92 2058 512.5810
13 93 252 52.9722
13 94 852 196.5059
13 95 396 88.1867
13 96 61 12.2837
13 97 78 15.5897
13 98 83 22.9594
13 99 906 227.0133
13 100 4 0.7604
13 101 63 11.4888
13 102 21 4.4339
13 103 196 41.3999
13 104 444 108.6964
13 105 382 96.7371
13 106 249 63.4271
13 107 7 1.3690
13 108 184 40.4287
13 109 946 255.2981
13 110 199 44.5823
13 111 277 58.4069
13 112 33 7.1505
13 113 40 9.9964
13 114 3558 933.3925
13 115 1045 255.4554
13 116 138 27.2933
13 118 61 11.7894
13 120 833 206.5854
13 121 296 66.6229
13 122 18 3.4111
13 123 24 6.3524
13 124 393 83.3674
13 125 171 35.2294
13 126 6 1.4436
13 127 347 87.4153
13 128 211 50.3411
13 129 73 15.8941
13 130 47 8.5536
13 131 31 7.1795
13 132 2700 730.8481
13 133 39 7.2917
13 134 46 9.5260
13 136 1758 378.2029
13 137 66 17.4952
13 138 73 14.5196
13 139 45 9.9337
13 140 3 0.6064
13 141 53 11.8504
13 142 756 163.9220
13 143 964 376.6189
13 144 18 3.6549
13 145 74 16.0342
13 146 311 70.4945
13 147 27 6.3197
13 148 73 18.9054
13 149 6 1.2634
13 150 866 225.0614
13 151 52 12.1582
13 152 68 14.3170
13 153 39 9.0505
13 154 31 7.6061
13 155 58 12.0502
13 156 105 21.0724
13 157 7947 1909.5371
13 158 91 17.2515
13 159 1880 507.1518
13 160 169 37.6024
13 161 357 78.1177
13 162 73 14.4767
13 163 36 6.9003
13 164 1 0.2530
13 165 434 90.7050
13 166 11 2.8611
13 167 296 70.6617
13 168 112 24.2131
13 169 11 3.1745
13 170 130 26.4176
13 171 21 3.8529
13 172 120 25.0527
13 173 10 1.6956
13 174 45 10.2512
13 175 80 19.9786
13 176 794 176.9430
13 177 382 92.1522
13 178 2673 652.2314
13 179 1 0.1687
13 180 592 146.7781
13 181 110 21.8577
13 182 25 8.4533
13 183 26 5.6963
13 184 281 56.7301
13 185 82 16.1434
13 186 10 2.3386
13 187 175 38.4241
13 188 6364 1574.6586
13 189 107 21.6380
13 190 39 11.1679
13 191 74 16.8197
13 192 849 240.2400
13 193 392 134.8924
13 194 131 32.0832
13 195 2824 670.2471
13 196 1 0.0544
13 197 325 73.8994
13 198 14 2.9244
13 199 494 129.6001
13 200 45 9.4434
13 201 80 17.7191
13 202 121 27.3945
13 203 694 165.5460
13 204 21 4.5787
13 205 2442 604.7912
13 206 197 46.9426
13 207 975 254.0567
13 208 122 25.6018
13 209 70 16.3411
13 210 334 73.9576
13 211 121 25.3331
13 212 33 10.2617
13 213 47 9.5377
13 214 37 7.9107
13 215 1222 289.5336
13 216 144 29.9638
13 217 4 1.3181
13 218 675 137.3037
13 219 900 188.5190
13 220 60 17.0138
13 221 137 30.4487
13 222 123 34.9146
13 223 348 79.6979
13 224 24 4.9099
13 225 469 112.2141
13 226 21 4.7544
13 227 28 5.6744
13 228 41 7.5415
13 229 88 17.9083
13 230 1265 439.4564
13 231 15 2.9911
13 232 17 4.1412
13 233 4 0.8036
13 234 60 13.1878
13 235 1272 342.1427
13 236 21 4.6662
13 237 147 30.6913
13 238 125 24.8205
13 239 2 0.4163
13 240 51 10.6772
13 241 31 6.1292
13 242 31 5.8851
13 243 1269 303.2984
13 244 4 0.7606
13 245 313 63.9238
13 246 423 89.3787
13 247 150 32.0954
13 248 2023 511.0262
13 249 2472 789.8669
13 250 3 0.7499
13 251 3186 925.5884
13 252 205 41.9576
13 253 25 6.0215
13 254 486 111.3716
13 255 100 23.7153
13 256 176 34.0352
13 257 2 0.3199
13 258 929 196.2349
13 259 570 123.6712
13 260 1074 268.4380
13 261 104 21.9199
13 262 453 97.3070
13 263 795 178.6307
13 264 130 26.2420
13 265 306 61.7190
13 266 439 149.0322
13 267 74 15.8775
13 268 5 1.0313
13 269 19 4.3103
13 270 31 6.5415
13 271 1240 365.1838
13 272 2424 621.9833
13 273 46 9.6332
13 274 34 10.4275
13 276 18 3.5601
13 277 4 0.8414
13 278 268 59.0991
13 279 2560 665.2020
13 280 2842 765.7626
13 281 564 162.3017
13 282 65 12.8644
13 283 7 1.3353
13 284 25 5.5274
13 285 3229 847.9587
13 286 35 9.8862
13 287 80 19.8615
13 288 28 7.8188
13 289 27 5.5737
13 290 21 4.3979
13 291 268 55.5810
13 292 20 5.7325
13 293 1172 301.3543
13 294 85 18.2172
13 295 76 17.2546
13 296 5 0.9971
13 297 307 66.6875
13 298 141 32.9973
13 299 15 2.8995
13 300 32 6.1638
13 301 9 1.8286
13 302 2 0.4790
13 303 195 48.7820
13 304 17 3.3748
13 305 386 92.7780
13 306 589 135.2943
13 307 10 2.0548
13 308 150 30.6835
13 309 38 10.0608
13 310 1445 402.4505
13 311 495 125.7372
13 312 32 7.3961
13 313 620 165.0554
13 314 165 40.5991
13 315 1080 244.4977
13 316 897 207.3200
13 318 2490 609.2356
13 319 364 106.5899
13 320 1 0.1544
13 321 7 1.6808
13 322 1058 225.9052
13 323 220 52.3448
13 324 273 62.0334
13 325 26 4.9960
13 326 976 268.5063
13 327 47 11.8229
13 328 758 167.6983
13 329 27 5.0764
13 330 8 1.6305
13 331 176 34.8147
13 332 47 9.4207
13 333 48 9.1164
13 334 31 5.8913
13 335 705 158.6296
13 336 2821 838.7473
13 337 363 87.0544
13 338 407 110.0158
13 339 4 0.7480
13 340 1306 305.8157
13 341 75 14.8251
13 342 536 115.7211
13 343 33 6.8194
13 344 80 18.0268
13 345 2731 736.0634
13 346 13 3.6146
13 347 70 16.5907
13 348 41 10.9674
13 349 1 0.1590
13 350 67 14.2092
13 351 82 17.4121
13 352 39 8.0644
13 353 286 77.7414
13 354 14 2.6985
13 355 450 95.9484
13 356 190 41.7365
13 357 301 60.2901
13 358 70 15.1712
13 359 500 113.0111
13 360 851 214.0761
13 361 382 83.4280
13 362 1 0.1839
13 363 1324 363.6329
13 364 75 16.0014
13 365 2 0.3916
13 366 100 21.7460
13 367 194 42.7424
13 368 289 60.2121
13 369 18 5.1353
13 370 228 49.7199
13 371 80 28.9135
13 372 23 7.6799
13 373 448 97.2485
13 374 428 98.6067
13 375 54 10.3719
13 376 456 98.1121
13 377 179 41.1103
13 378 76 16.1458
13 380 75 21.9244
13 381 586 165.9151
13 382 2 0.3907
13 383 38 8.0565
14 0 11 2.7360
14 1 132 32.9279
14 2 557 133.5363
14 3 406 115.7879
14 4 10 1.7789
14 5 632 148.4497
14 6 14 2.9674
14 7 1 0.1187
14 8 2 0.4334
14 9 14 2.6496
14 10 31 6.8570
14 11 829 224.2481
14 12 32 6.3439
14 13 9 1.8591
14 14 346 79.7749
14 15 18 3.5645
14 16 708 171.3553
14 17 353 79.8732
14 18 3157 845.8761
14 19 143 28.5781
14 20 76 16.5379
14 21 11 3.0472
14 22 10 3.3723
14 23 138 28.9588
14 24 35 7.3996
14 25 17 4.5292
14 26 1605 388.2932
14 27 1097 255.8792
14 28 1587 385.1730
14 29 75 17.5322
14 30 1974 530.8168
14 31 1750 449.1544
14 32 23 5.9861
14 33 34 6.9343
14 34 17 3.0525
14 35 175 35.7685
14 36 59 11.4482
14 37 978 256.9099
14 38 10 2.0341
14 39 10 2.2798
14 40 77 17.5682
14 41 115 22.9275
14 42 82 16.5315
14 43 1900 518.9618
14 44 25 4.9766
14 45 369 90.0292
14 46 21 5.3439
14 47 52 10.8999
14 48 1404 342.9690
14 49 117 22.8828
14 50 10 1.8022
14 51 761 193.5477
14 52 82 20.5464
14 53 7 1.3990
14 54 588 125.9769
14 55 4 0.8700
14 56 53 11.9741
14 57 3072 715.1107
14 58 100 24.6062
14 59 84 18.1863
14 60 29 5.1828
14 61 55 11.9858
14 62 39 7.3280
14 63 35 8.3004
14 64 554 114.1399
14 65 46 10.5552
14 66 7 1.6617
14 67 1381 362.7123
14 69 165 31.9226
14 70 103 24.6795
14 71 88 18.6094
14 73 118 27.4335
14 74 184 42.1895
14 75 243 49.5323
14 76 509 114.2855
14 77 573 134.3627
14 78 11 2.7128
14 79 103 17.5748
14 80 98 22.3942
14 81 4 0.7627
14 82 4 0.8385
14 83 14 3.1360
14 84 5606 1567.2285
14 85 43 11.9685
14 86 39 9.6366
14 87 48 10.6782
14 88 155 36.0108
14 89 17 3.6632
14 90 123 30.9716
14 91 117 22.8651
14 92 317 76.6521
14 93 740 227.8306
14 94 8 1.8463
14 95 1 0.1877
14 96 658 192.5139
14 97 3 0.5749
14 98 1060 249.3097
14 99 816 181.9223
14 100 18 4.7841
14 102 15 3.3176
14 103 173 42.1534
14 104 1904 414.7068
14 105 8 1.8902
14 106 45 9.5944
14 107 150 33.1749
14 108 28 5.7286
14 109 712 171.1729
14 110 14 2.9308
14 111 2 0.3884
14 112 49 9.9230
14 113 9 2.3115
14 114 112 39.8434
14 116 17 4.1212
14 117 61 12.2957
14 118 168 35.5860
14 119 30 5.6994
14 120 18 3.8935
14 121 8 1.6803
14 122 538 131.4281
14 123 13 2.9329
14 124 166 36.4531
14 125 14 2.6726
14 126 37 8.0162
14 127 53 11.3224
14 128 111 25.5886
14 129 58 12.5495
14 130 4 0.8354
14 131 1205 281.3143
14 132 4 0.8136
14 133 28 4.8782
14 134 22 4.4336
14 135 7484 1815.8230
14 136 86 17.7714
14 137 392 83.3655
14 138 13 2.6395
14 139 462 104.3451
14 140 14 2.2668
14 141 13 3.0716
14 142 1 0.2342
14 144 90 16.8549
14 145 1024 263.9005
14 146 1864 419.2265
14 147 4 0.9204
14 148 16 3.0097
14 149 54 11.8648
14 151 699 170.9753
14 152 2 0.4048
14 153 10 2.4771
14 154 1 0.1837
14 155 61 12.4857
14 157 501 107.6564
14 158 270 60.7191
14 159 1951 429.1405
14 160 11 2.2971
14 161 321 71.1818
14 162 1142 285.8842
14 163 82 17.9921
14 164 1 0.1821
14 165 369 84.0772
14 166 12 2.3768
14 167 30 6.6041
14 168 20 3.9644
14 169 10 3.9908
14 170 1479 393.4690
14 171 724 229.0741
14 172 57 13.6151
14 173 1178 282.7385
14 174 40 9.1639
14 175 9 1.6527
14 176 4 0.8559
14 177 15 3.2917
14 178 1 0.1936
14 179 1290 323.3298
14 180 25 5.2580
14 181 4 0.9348
14 182 13 2.9785
14 183 50 11.6758
14 184 3 0.4443
14 185 16 2.9660
14 186 26 4.8621
14 187 11 2.1719
14 189 3800 1037.9539
14 190 335 73.5662
14 191 27 4.9115
14 192 266 61.6839
14 193 379 89.9632
14 194 71 14.9804
14 195 144 31.4278
14 196 182 34.9297
14 197 1280 304.2103
14 198 2 0.3755
14 199 40 8.4074
14 200 93 21.4066
14 201 1244 310.1111
14 202 23 6.4523
14 203 22 4.9255
14 204 1551 358.6254
14 205 45 9.1123
14 206 41 8.4913
14 207 159 32.0361
14 208 1 0.1851
14 209 1317 328.0890
14 210 752 159.1172
14 211 2 0.4863
14 212 3854 1235.8540
14 213 2407 607.8776
14 214 43 10.9685
14 215 14 3.1346
14 216 3154 737.8900
14 217 689 161.7411
14 218 161 34.7711
14 219 36 6.9272
14 221 82 19.8779
14 222 45 9.2634
14 223 265 60.7973
14 224 110 22.1133
14 225 28 5.0451
14 226 5085 1159.3429
14 227 238 48.8963
14 228 1906 582.3800
14 229 128 31.9078
14 230 148 29.4412
14 231 125 26.9963
14 232 1189 311.3866
14 233 13 2.5944
14 234 271 61.4179
14 235 47 10.2219
14 236 38 6.9084
14 237 486 136.7208
14 238 1556 355.9500
14 239 1467 339.1421
14 240 11 2.5177
14 241 14 3.2896
14 242 79 19.3195
14 243 383 94.4460
14 244 236 54.2212
14 245 263 65.7038
14 246 3 0.5067
14 248 673 159.3367
14 249 52 10.9614
14 250 12 3.3331
14 251 388 92.3459
14 252 1631 395.1854
14 253 5 0.7204
14 254 2153 503.2578
14 255 1716 444.8878
14 256 1033 235.6168
14 257 15 3.1914
14 258 12 3.5181
14 259 35 7.0344
14 260 1 0.2087
14 261 755 161.4595
14 262 97 21.6329
14 263 1075 287.9782
14 264 5 0.9789
14 265 903 231.7361
14 267 36 6.5483
14 268 11 2.4582
14 270 5 0.9481
14 272 4 0.8968
14 273 143 35.1881
14 274 3 0.3439
14 275 16 3.2863
14 276 3 0.6572
14 277 126 29.8542
14 278 184 38.7961
14 279 66 16.3107
14 280 61 14.0321
14 281 68 13.7921
14 283 56 12.4655
14 284 170 34.0379
14 285 6 1.2178
14 286 86 17.0777
14 287 1265 339.3605
14 288 355 71.4753
14 289 149 36.0780
14 290 4 0.7795
14 291 62 14.3360
14 292 12 2.9107
14 293 1 0.2151
14 294 208 44.4517
14 295 31 7.3973
14 296 4 0.7547
14 297 63 12.9493
14 298 30 6.2279
14 299 526 118.7288
14 300 34 6.4855
14 301 485 111.6905
14 302 5 1.0151
14 303 2839 728.8200
14 304 971 209.4010
14 305 43 9.4208
14 306 260 59.1257
14 307 1709 412.4305
14 308 283 61.1370
14 309 1503 407.3450
14 310 512 121.5164
14 312 60 12.5834
14 313 43 9.5317
14 315 290 72.3801
14 316 1240 447.4008
14 317 21 4.7773
14 318 2036 578.5598
14 319 7 1.4229
14 320 6 1.1248
14 321 3271 904.9012
14 322 7 1.6397
14 323 1952 519.9926
14 324 188 43.6229
14 325 436 96.2906
14 326 8 1.5965
14 327 724 169.8123
14 329 10 2.1730
14 330 2051 485.8303
14 331 96 26.5730
14 332 1539 364.4605
14 333 331 85.5477
14 334 32 5.9584
14 335 128 24.0205
14 336 19 3.5611
14 337 37 8.2079
14 339 16 3.2774
14 340 24 5.0394
14 341 93 20.3137
14 342 864 196.6546
14 343 735 180.3801
14 344 202 46.3293
14 345 1835 471.3805
14 346 4229 1185.1386
14 347 2434 752.8860
14 348 4 0.6754
14 349 182 41.8426
14 350 8 1.8754
14 351 382 80.4219
14 352 73 18.1127
14 353 67 18.7897
14 354 207 60.9498
14 355 13 3.8097
14 356 22 4.5488
14 357 836 213.4956
14 358 349 81.6331
14 359 320 62.3496
14 360 9 1.7476
14 361 143 34.8550
14 363 42 8.8611
14 364 100 22.4679
14 365 83 19.6691
14 366 15 3.9153
14 367 23 5.2547
14 368 4579 979.9508
14 369 33 6.1785
14 370 86 18.8120
14 371 96 35.0902
14 372 99 19.8650
14 373 723 238.5993
14 374 20 3.6913
14 375 1813 426.0914
14 376 269 66.7521
14 377 28 7.0949
14 378 1326 343.9600
14 379 8 2.0934
14 380 199 47.5467
14 381 39 8.7139
14 383 305 67.7068
15 0 5122 1378.6661
15 1 467 116.1554
15 2 789 171.2580
15 3 791 165.5623
15 4 22 3.8431
15 5 7 1.2048
15 6 351 71.9479
15 7 27 6.0796
15 8 2207 457.1265
15 9 6 0.9837
15 10 56 11.3651
15 11 73 13.1774
15 12 57 9.4612
15 13 403 83.2242
15 14 748 249.5388
15 15 178 40.7644
15 16 379 136.4075
15 17 108 27.4012
15 18 4 1.1668
15 19 38 11.4409
15 20 102 29.3481
15 21 15 5.5078
15 22 2245 578.4342
15 23 96 22.5405
15 25 170 34.8774
15 26 2926 668.8693
15 27 42 6.3783
15 28 868 178.7650
15 29 14 2.7124
15 30 1 0.1916
15 31 1 0.1169
15 32 42 8.5779
15 33 50 14.8481
15 34 1 0.1145
15 35 606 172.5372
15 36 264 47.7014
15 37 901 196.3894
15 38 266 63.7095
15 39 104 32.9570
15 40 17 4.3053
15 41 1 0.1763
15 42 431 101.7929
15 43 54 10.5542
15 44 266 56.1064
15 45 29 10.0187
15 46 36 8.5657
15 47 362 92.3149
15 48 21 9.2448
15 49 730 154.1027
15 50 1852 671.1651
15 51 65 11.7239
15 52 328 74.9187
15 53 4 0.7761
15 54 58 15.8773
15 55 3 0.3477
15 57 807 265.5768
15 58 990 339.6259
15 59 76 14.6995
15 60 56 12.0321
15 61 27 4.7247
15 62 2005 712.7116
15 63 87 16.8900
15 64 12 2.0225
15 65 23 8.9935
15 66 6 1.3368
15 67 3 0.5464
15 68 352 81.9754
15 69 5106 1424.5725
15 70 419 92.4667
15 71 14 2.9231
15 72 1 0.2180
15 73 16 2.0759
15 74 1109 239.6645
15 75 312 97.8767
15 76 346 86.4970
15 77 47 12.7066
15 78 79 15.8574
15 79 63 15.3457
15 80 97 19.1602
15 81 17 3.3146
15 82 314 64.3072
15 83 2278 490.4163
15 84 1 0.1886
15 85 169 36.8040
15 86 211 72.1878
15 87 1339 438.4571
15 88 102 23.9237
15 89 4 0.7655
15 90 6 1.3114
15 91 662 146.6723
15 92 516 101.7144
15 93 759 225.2204
15 94 26 4.2888
15 95 245 48.7888
15 96 122 25.4187
15 97 388 80.1354
15 98 241 51.4940
15 99 2024 662.0420
15 100 29 8.1139
15 101 133 28.3628
15 102 90 17.4327
15 103 601 142.3620
15 104 1653 468.2475
15 105 2 0.2174
15 106 17 5.6682
15 107 3 0.6689
15 108 15 3.0232
15 109 101 21.1639
15 110 88 16.9098
15 111 1020 274.6799
15 112 759 191.7453
15 113 10 1.3780
15 114 163 33.8710
15 115 95 25.0723
15 116 18 3.4464
15 117 2 0.2770
15 118 276 59.6558
15 119 1208 295.5944
15 120 44 9.5550
15 121 2022 471.2337
15 122 65 14.4508
15 123 383 83.0848
15 124 13 2.2654
15 125 337 121.1134
15 126 531 133.6674
15 128 34 6.7666
15 129 95 23.7245
15 130 1390 460.5953
15 131 11 4.0182
15 132 201 54.4328
15 133 2495 694.2427
15 134 95 17.0008
15 135 697 148.3284
15 136 2268 645.2633
15 137 461 106.8765
15 138 5 1.1318
15 139 21 8.1799
15 140 511 128.2573
15 141 1730 447.5181
15 142 60 11.0981
15 143 17 3.8643
15 144 923 215.8677
15 145 218 44.2297
15 146 1184 311.9160
15 147 804 187.6587
15 148 229 52.1455
15 149 146 28.4081
15 150 70 14.0579
15 151 370 76.9245
15 152 65 15.0210
15 153 218 44.6664
15 154 99 25.0855
15 155 390 73.7797
15 156 134 27.6795
15 157 439 99.6039
15 158 703 239.0912
15 159 143 40.7956
15 160 54 11.3535
15 161 500 185.7355
15 162 1187 336.9249
15 163 169 37.5627
15 164 18 2.5101
15 165 172 34.2355
15 166 319 68.5018
15 167 2539 717.9537
15 168 185 32.2170
15 169 389 94.0040
15 170 2054 515.6662
15 171 1386 379.5515
15 172 36 11.6735
15 173 10 1.9859
15 174 1940 486.4063
15 175 3 0.6064
15 176 65 12.6464
15 177 5133 1235.5456
15 178 509 116.1897
15 179 186 52.6131
15 180 19 3.6753
15 181 744 163.0192
15 182 691 183.0373
15 183 68 12.4800
15 184 917 194.9748
15 186 23 8.1202
15 187 1008 182.4881
15 188 258 56.9921
15 189 47 8.6305
15 190 448 96.6563
15 191 80 18.3535
15 192 242 46.7726
15 193 91 15.1566
15 194 24 4.9209
15 195 23 5.8992
15 196 1987 533.2281
15 197 48 11.6510
15 198 19 3.4569
15 199 783 225.3266
15 200 443 80.1230
15 201 99 18.9607
15 202 1737 369.6048
15 203 175 36.6267
15 204 39 7.1154
15 205 39 5.6096
15 206 73 17.9161
15 207 93 17.2840
15 208 98 18.3531
15 209 855 236.8563
15 210 1186 256.3966
15 211 54 12.2453
15 212 837 183.8174
15 213 5328 1143.6670
15 214 29 6.3656
15 215 36 7.1337
15 216 2 0.2902
15 217 12 2.8353
15 218 266 54.1227
15 219 264 54.6512
15 220 15 3.7560
15 221 278 67.1786
15 222 60 14.5063
15 223 1463 340.0248
15 224 5 1.4235
15 225 27 5.1331
15 226 126 24.7541
15 227 163 33.3446
15 228 607 132.5632
15 229 275 59.5771
15 230 13 2.4375
15 231 301 65.8016
15 232 327 65.8999
15 233 391 84.6266
15 234 20 3.9911
15 235 542 109.5408
15 236 1282 333.2366
15 237 79 14.2363
15 238 19 3.7104
15 239 65 13.9784
15 240 129 26.4596
15 242 48 9.2393
15 243 9 1.6769
15 244 8 1.2054
15 245 105 22.1484
15 246 1 0.1420
15 247 70 14.0946
15 248 73 22.2629
15 249 15 3.8789
15 250 1627 394.5490
15 251 209 44.9762
15 252 107 22.6219
15 253 98 21.2511
15 254 56 12.3410
15 255 772 188.2811
15 256 13 2.4774
15 257 7 1.6692
15 258 125 33.0194
15 259 77 15.9401
15 260 36 6.4310
15 261 141 29.8527
15 262 57 10.4693
15 263 80 15.7769
15 264 26 4.9531
15 265 474 105.7551
15 266 309 83.8603
15 267 220 46.5436
15 268 4698 1035.6340
15 269 1231 332.5829
15 270 25 6.0929
15 271 329 67.0765
15 272 622 132.2620
15 273 32 6.5008
15 274 25 6.9681
15 275 46 9.4393
15 276 13 2.7052
15 277 2 0.2354
15 278 7 1.3826
15 280 154 42.3371
15 281 509 158.4706
15 282 248 52.0186
15 283 907 315.3687
15 284 14 2.3843
15 285 15 3.1667
15 286 8 1.5727
15 287 168 33.4772
15 288 267 63.7939
15 289 19 6.4409
15 290 1 0.1997
15 291 1709 393.4288
15 292 76 19.3864
15 293 225 56.6212
15 294 3 2.3434
15 295 94 18.3232
15 296 174 31.8911
15 297 156 33.9719
15 298 416 133.7491
15 299 587 132.6197
15 300 47 8.5477
15 301 1021 226.8553
15 302 32 7.2068
15 303 258 52.7130
15 304 35 8.0070
15 305 61 10.9935
15 306 34 6.6537
15 307 2370 589.6140
15 308 63 22.1072
15 309 268 85.3972
15 310 1489 316.4327
15 311 66 12.2116
15 312 49 9.3898
15 313 9 3.0164
15 314 235 47.4355
15 315 170 40.8632
15 316 595 257.5052
15 317 168 36.6192
15 318 69 15.2108
15 319 722 203.3183
15 320 157 36.2646
15 321 364 140.6469
15 322 131 24.9239
15 323 73 13.6753
15 324 34 10.4337
15 325 227 44.8980
15 326 1063 310.4242
15 327 275 56.1648
15 328 895 235.1253
15 329 299 64.2901
15 330 158 35.3371
15 331 245 85.7372
15 332 127 22.0074
15 333 121 34.4904
15 334 66 12.7820
15 335 6 1.2371
15 336 7 2.0994
15 337 273 82.0392
15 338 18 3.8581
15 339 1287 276.4631
15 340 2 0.3465
15 341 31 7.9021
15 342 7 1.1240
15 343 234 50.7465
15 344 31 5.8220
15 345 4 0.7042
15 346 458 86.4739
15 348 1357 309.5120
15 349 237 55.7641
15 350 29 5.0380
15 351 82 15.8016
15 352 2918 643.8112
15 353 48 9.0494
15 354 17 3.0032
15 355 350 77.2986
15 356 4694 1099.1386
15 357 503 105.5326
15 358 413 83.2290
15 359 1695 357.3138
15 360 256 57.5870
15 361 1861 624.8171
15 362 353 72.4882
15 363 698 144.4461
15 364 85 17.6955
15 365 23 3.5424
15 366 104 19.4678
15 367 114 30.7813
15 368 16 4.7119
15 369 285 58.5575
15 370 67 16.6797
15 371 34 6.8751
15 372 143 58.7766
15 373 70 13.4946
15 374 14 5.0552
15 375 619 201.0336
15 376 3 0.9697
15 377 163 49.3168
15 378 680 169.0762
15 379 7 0.9285
15 380 75 14.7660
15 381 233 53.6863
15 382 19 3.5219
15 383 73 15.8418
16 0 28 5.3864
16 1 93 20.5718
16 2 95 20.3778
16 3 727 155.1726
16 4 60 13.4041
16 5 746 168.6405
16 6 92 21.0620
16 7 161 39.1069
16 8 185 42.6055
16 9 11 2.2012
16 10 286 67.7275
16 11 1274 323.9828
16 12 17 3.5076
16 15 97 22.3293
16 16 17 3.1367
16 17 8 1.6029
16 19 849 198.2483
16 20 2662 653.7282
16 21 87 18.1432
16 22 51 10.4275
16 23 400 97.9037
16 24 7 1.7153
16 25 47 10.7907
16 26 1 0.2330
16 27 2889 751.9856
16 28 2870 739.2111
16 29 68 14.5014
16 30 1815 459.5633
16 32 288 61.3831
16 33 20 3.9351
16 34 5 1.0903
16 35 540 115.2564
16 36 36 7.2730
16 37 164 34.0047
16 38 377 90.1599
16 39 2 0.4520
16 40 155 31.8889
16 41 520 104.2086
16 42 29 6.3197
16 43 1212 327.3850
16 45 2 0.4717
16 46 2608 684.0068
16 47 169 39.9913
16 48 224 50.6451
16 49 25 5.2024
16 51 13 2.9469
16 52 276 64.3017
16 53 1 0.1669
16 54 141 32.7896
16 55 217 53.4380
16 56 408 89.6644
16 58 705 148.5888
16 59 106 21.9008
16 60 157 33.1422
16 61 1220 289.2985
16 62 204 51.0614
16 63 2 0.2120
16 64 20 4.3979
16 65 14 2.6873
16 66 755 201.4336
16 68 391 98.4453
16 70 2468 542.9778
16 71 803 233.1885
16 72 145 34.9158
16 73 164 36.4286
16 74 1910 470.7985
16 75 426 127.7215
16 77 118 24.2562
16 78 1042 264.1066
16 79 129 26.0681
16 80 165 34.8716
16 81 4 0.7680
16 82 56 12.0107
16 83 14 2.5679
16 84 1406 400.5886
16 85 52 11.6813
16 86 722 149.8629
16 87 19 3.8903
16 88 74 15.7873
16 89 389 89.7390
16 90 7 1.8706
16 91 3 0.5632
16 92 2 0.4743
16 93 362 74.7425
16 94 179 34.9417
16 95 137 28.9097
16 96 643 180.8988
16 97 878 217.2596
16 98 89 21.0552
16 99 4 0.7404
16 100 1515 385.3416
16 101 2 0.4274
16 102 568 143.8613
16 103 429 94.0474
16 104 10 2.1288
16 105 1463 379.7125
16 106 619 142.1234
16 107 9 2.0184
16 108 43 10.6449
16 109 238 53.4212
16 110 14 2.8960
16 111 3149 784.4757
16 112 36 7.5369
16 113 3 0.6176
16 115 1 0.2048
16 116 21 4.5721
16 117 543 126.3546
16 118 6 1.1629
16 119 2071 524.7061
16 120 29 7.5664
16 121 78 16.1516
16 122 771 181.0859
16 123 14 2.9588
16 124 114 25.2866
16 125 410 87.9439
16 126 2420 636.8198
16 127 8 2.0557
16 129 130 28.1957
16 130 3182 685.3218
16 131 1 0.2330
16 133 1427 331.0209
16 134 172 37.2453
16 136 1611 406.6892
16 137 25 5.3019
16 138 52 9.3745
16 139 6 1.3978
16 140 13 2.4024
16 142 4294 1100.1758
16 143 3 0.5341
16 146 129 25.7042
16 147 244 50.9232
16 148 18 3.3928
16 149 22 5.1895
16 150 142 29.5654
16 151 3 0.6159
16 152 1302 344.4015
16 153 1 0.1987
16 154 15 3.9632
16 155 448 113.3132
16 156 378 87.2467
16 157 1670 407.6333
16 158 9 2.0311
16 159 17 3.6494
16 160 18 3.7432
16 161 29 5.9567
16 162 132 29.7191
16 163 92 22.1788
16 164 10 1.9540
16 166 2462 653.7890
16 167 5 1.0510
16 169 108 20.5154
16 170 167 40.9446
16 171 362 104.5851
16 172 1483 342.8091
16 173 108 22.2486
16 174 38 9.3451
16 175 1 0.2296
16 176 37 6.9619
16 177 1628 400.2304
16 178 1133 278.8748
16 179 2997 692.1983
16 180 4 0.8786
16 181 5 0.9924
16 182 1 0.2200
16 183 56 11.2491
16 184 647 158.1959
16 185 17 3.5548
16 187 8 2.0515
16 188 79 16.4343
16 189 14 4.0442
16 190 461 110.9194
16 191 32 6.0629
16 192 2213 559.3014
16 193 46 9.8188
16 195 5 0.9407
16 196 13 2.2932
16 197 1398 363.8057
16 198 16 3.5744
16 200 4 0.8805
16 201 55 12.3065
16 202 1 0.2108
16 203 1078 266.4849
16 204 2266 552.2265
16 205 26 5.0076
16 206 591 135.8481
16 207 9 1.6736
16 208 13 2.3829
16 209 89 17.9814
16 210 32 7.4220
16 211 4 0.8083
16 212 1472 313.7151
16 213 20 4.1310
16 214 32 8.0313
16 215 11 2.2294
16 216 382 96.1764
16 217 306 64.5057
16 218 18 3.6392
16 219 6 1.2322
16 220 21 4.6910
16 221 4 0.6776
16 223 16022 4559.2469
16 225 27 6.1663
16 226 1237 296.0454
16 227 4 0.7040
16 228 569 133.0216
16 229 155 32.1801
16 230 67 15.4450
16 231 2678 637.6964
16 232 188 40.9126
16 233 111 22.6667
16 235 3 0.5186
16 236 2 0.4374
16 237 954 217.8735
16 238 10 2.3667
16 239 23 7.9530
16 240 8 1.6954
16 241 69 12.7703
16 242 2384 635.9373
16 243 2227 599.0019
16 244 13 2.5810
16 245 239 62.6573
16 246 98 19.5144
16 247 2 0.4182
16 248 30 7.8282
16 249 6 1.2250
16 250 215 46.8677
16 251 97 20.3011
16 252 127 31.1415
16 253 6 1.0254
16 255 4 0.9968
16 256 385 80.7631
16 257 49 10.3562
16 258 653 156.1639
16 259 3 0.6062
16 261 114 21.3392
16 262 1196 310.4308
16 263 7849 2207.7206
16 264 795 216.3661
16 265 100 24.3750
16 266 1 0.2101
16 267 27 6.8996
16 268 179 40.4396
16 269 222 49.6831
16 271 275 67.8246
16 272 327 90.5742
16 273 8 1.4461
16 275 519 125.7088
16 276 65 14.8556
16 277 48 10.0518
16 278 614 153.8258
16 279 186 40.1723
16 280 1721 388.0855
16 281 176 36.7915
16 282 1235 276.3195
16 283 20 5.5062
16 284 108 22.0399
16 286 207 49.1736
16 287 1 0.1898
16 288 250 54.8547
16 289 31 5.5529
16 290 40 7.5123
16 291 338 72.8602
16 293 28 7.3461
16 294 159 36.0530
16 295 35 7.2208
16 296 14 3.3158
16 297 122 27.0240
16 299 36 11.3146
16 300 56 11.4907
16 302 82 17.5849
16 304 308 63.5681
16 305 237 48.8154
16 306 31 6.9127
16 307 174 36.1039
16 308 81 18.4180
16 309 3090 744.8230
16 310 6 1.1546
16 311 478 120.4242
16 312 21 4.4770
16 314 12 2.7203
16 316 31 6.4219
16 317 4 0.8371
16 318 1286 315.4221
16 320 9 1.8122
16 321 312 66.7842
16 322 1 0.2713
16 323 38 8.2355
16 325 29 5.8988
16 327 12 2.4302
16 328 725 185.1512
16 329 352 82.8887
16 330 29 6.2074
16 331 26 6.4392
16 332 687 208.2285
16 333 52 11.6692
16 334 198 45.8263
16 335 204 49.1008
16 336 6563 1659.7477
16 337 1776 450.9794
16 338 1 0.2127
16 339 22 4.6332
16 340 61 12.0860
16 343 13 3.0902
16 344 53 9.9281
16 345 9 1.6709
16 346 490 102.1793
16 347 31 5.4438
16 348 9 1.8445
16 349 108 21.4012
16 350 734 184.2305
16 352 237 59.9350
16 353 416 90.4785
16 355 166 37.9806
16 356 53 11.8613
16 357 107 23.5476
16 359 308 65.3366
16 360 50 10.0307
16 361 789 194.7020
16 362 343 75.5486
16 363 20 4.1182
16 364 25 5.3728
16 365 8 1.8772
16 366 60 11.9514
16 367 22 4.7453
16 368 31 7.0843
16 369 17 3.0904
16 370 1586 400.3691
16 371 4598 1186.8813
16 373 166 37.0261
16 374 9 1.6604
16 375 1 0.0219
16 377 51 10.0804
16 378 19 4.0153
16 379 12 2.5968
16 380 3 0.5551
16 381 21 4.4821
16 382 149 33.2495
16 383 5 1.0361
17 0 730 150.2191
17 2 2283 575.1037
17 3 51 13.3196
17 4 192 42.6522
17 5 176 36.7025
17 6 2136 660.5120
17 7 4 1.0496
17 8 16 3.1293
17 9 112 21.0104
17 10 324 63.1075
17 11 103 21.0576
17 12 37 8.9800
17 13 6 1.1064
17 14 3116 936.5347
17 15 32 5.8961
17 16 1115 303.3934
17 17 952 193.1399
17 18 50 10.1714
17 19 142 32.4721
17 20 299 67.4492
17 21 10 1.8734
17 22 336 68.1559
17 23 670 143.8870
17 24 2888 627.2842
17 25 955 218.1608
17 26 13 3.4337
17 27 133 45.9088
17 28 4 0.9460
17 30 152 32.5469
17 31 107 22.2579
17 32 2078 486.5536
17 33 5 0.9924
17 34 138 27.7959
17 35 11 2.0416
17 36 4904 1320.0426
17 37 252 63.5465
17 38 357 85.3852
17 39 18 3.3890
17 40 36 7.9868
17 41 8 2.6503
17 42 2811 671.4907
17 43 377 79.6532
17 44 2 0.4965
17 45 1 0.2153
17 46 15 3.0257
17 47 194 41.2421
17 48 5 1.1516
17 49 184 37.3944
17 50 83 15.8685
17 51 127 27.1876
17 52 3 0.6080
17 53 39 9.1971
17 54 1007 250.3481
17 55 112 22.6403
17 56 23 5.2786
17 57 2333 577.3161
17 58 162 38.4074
17 59 1099 286.6573
17 61 17 4.0613
17 62 29 5.7566
17 63 195 36.9804
17 64 190 42.6312
17 65 18 3.6765
17 66 85 16.9490
17 67 5283 1559.8777
17 68 189 39.1996
17 69 104 20.9753
17 70 73 15.6394
17 71 1108 259.3952
17 72 27 5.2632
17 73 236 63.7440
17 74 70 14.3407
17 76 231 49.4111
17 77 71 16.0030
17 78 185 38.5712
17 79 61 11.6680
17 80 14 2.8240
17 81 6 1.4662
17 82 730 156.7185
17 83 828 231.8995
17 84 26 5.3652
17 85 37 7.0961
17 86 6 1.1796
17 87 226 51.1711
17 88 529 110.4821
17 89 2 0.3607
17 90 990 245.7375
17 91 477 105.7365
17 93 188 42.2526
17 94 58 13.2098
17 95 196 42.7034
17 96 4 0.6529
17 97 139 33.9534
17 98 18 3.6096
17 99 35 7.0439
17 100 1971 513.7363
17 101 407 96.8705
17 102 596 138.9086
17 103 35 6.4675
17 105 195 46.3554
17 106 286 56.8628
17 107 77 15.7546
17 108 15 2.8772
17 109 120 23.8654
17 110 50 11.0546
17 111 636 138.0355
17 112 24 5.1554
17 113 192 38.0265
17 114 20 6.0208
17 115 409 100.2249
17 116 64 16.1381
17 117 51 10.3939
17 118 660 156.6249
17 119 13 2.4678
17 120 465 128.3055
17 121 177 39.3592
17 122 2 0.4613
17 124 3012 1193.3754
17 126 604 151.2321
17 127 17 3.4566
17 128 33 6.9444
17 129 13 2.7390
17 130 47 9.8362
17 131 6 1.3102
17 132 26 5.7742
17 133 3119 744.6927
17 134 1241 255.0846
17 135 836 212.7898
17 136 51 10.7785
17 137 150 36.2679
17 138 179 36.7115
17 139 12 2.3639
17 140 128 28.7863
17 141 51 10.7451
17 142 1448 362.5426
17 143 112 23.8739
17 144 1 0.1520
17 145 71 14.9792
17 146 603 127.5036
17 148 213 50.8452
17 149 1392 354.5936
17 150 518 149.4494
17 151 385 84.6628
17 152 68 13.8693
17 153 117 25.8441
17 154 51 9.7716
17 155 24 5.3210
17 156 187 43.5676
17 157 1321 394.5069
17 158 152 32.4662
17 159 1047 267.7399
17 160 49 11.4650
17 161 408 92.7206
17 162 29 5.8900
17 163 3227 868.7820
17 164 1 0.2286
17 165 29 7.4435
17 166 33 6.7878
17 167 150 44.7935
17 168 4104 1051.0248
17 169 138 36.2939
17 170 6 1.2213
17 171 72 16.4013
17 172 305 62.1357
17 173 9 1.9411
17 174 1738 453.2425
17 175 369 95.2471
17 176 13 2.6014
17 177 213 42.6206
17 178 93 17.0556
17 179 354 82.9142
17 180 65 15.4522
17 181 138 27.1569
17 182 34 7.8524
17 184 2054 468.1131
17 185 83 15.8995
17 186 2 0.3961
17 187 10 2.1077
17 188 238 46.8160
17 189 410 79.3762
17 191 120 26.7272
17 192 10 1.9237
17 193 111 23.2701
17 194 27 6.7540
17 195 509 122.3966
17 196 67 14.3962
17 197 2062 537.8937
17 198 2 0.5405
17 199 6 1.6054
17 200 50 9.4373
17 201 85 19.3197
17 202 27 6.6370
17 203 151 33.3824
17 204 101 23.0614
17 205 19 4.5112
17 206 14 2.5494
17 207 39 7.6753
17 208 9 1.9412
17 209 1 0.3703
17 210 1379 284.1813
17 211 1 0.2371
17 212 283 56.7070
17 213 854 226.7340
17 214 14 3.2890
17 215 9 1.9620
17 216 119 25.8630
17 217 206 52.9390
17 218 29 5.6754
17 220 1553 438.6425
17 221 193 39.7146
17 222 170 37.1749
17 223 21 4.6172
17 224 156 36.3948
17 225 105 23.0652
17 226 140 30.2671
17 227 8 1.7953
17 229 3 0.5038
17 230 5 0.9185
17 231 203 41.3390
17 232 19 4.5107
17 233 315 91.3515
17 234 99 18.1676
17 235 77 18.7546
17 236 195 41.6998
17 237 50 10.6204
17 238 18 3.8802
17 239 92 20.3018
17 240 412 92.7081
17 241 48 11.6292
17 242 39 8.9783
17 243 1021 227.4263
17 244 3 0.6329
17 245 2746 695.8130
17 246 739 159.8215
17 247 254 51.8008
17 248 1494 389.0367
17 249 23 5.0024
17 250 3260 899.6866
17 251 696 157.1186
17 253 1486 370.6185
17 254 111 23.9192
17 255 979 231.0262
17 257 133 26.9613
17 259 7 1.4023
17 260 48 9.7385
17 261 24 5.5309
17 262 2154 565.6093
17 263 20 3.9686
17 264 897 262.9677
17 265 90 17.4730
17 266 165 51.9850
17 267 269 59.5208
17 268 1130 234.0159
17 270 86 18.3857
17 271 3 0.7652
17 272 610 142.2522
17 273 317 64.5777
17 274 43 8.5151
17 275 294 66.4625
17 276 322 89.4910
17 277 16 3.6458
17 278 485 119.3435
17 279 3939 1116.4926
17 280 34 7.1440
17 281 102 22.5620
17 282 28 5.5704
17 283 504 115.8528
17 284 174 38.4307
17 285 1053 262.2176
17 286 143 35.9092
17 287 181 39.7024
17 288 223 46.7329
17 289 55 13.9300
17 290 21 4.7288
17 291 68 12.7576
17 292 230 45.9137
17 293 137 26.8106
17 294 36 8.1558
17 295 182 39.1267
17 296 14 3.4782
17 297 195 44.7314
17 298 579 185.9690
17 299 103 35.7844
17 300 543 137.3788
17 301 75 14.5735
17 302 36 7.9606
17 303 73 14.9997
17 304 6 1.3293
17 305 3669 898.6912
17 306 296 65.5986
17 307 66 13.0501
17 308 701 175.5602
17 309 871 216.5969
17 310 50 9.3400
17 311 1136 285.0098
17 312 491 128.5622
17 313 151 31.0144
17 314 8 1.7564
17 315 3 0.5070
17 316 10 2.1779
17 317 153 29.9293
17 318 285 72.6466
17 319 264 53.0111
17 321 589 134.0897
17 322 39 7.6185
17 323 2662 604.2695
17 324 596 133.5110
17 325 356 73.2178
17 327 402 81.3645
17 328 13 2.3382
17 329 94 24.1863
17 330 62 12.1814
17 331 9 1.6909
17 332 441 99.0627
17 333 5 1.1236
17 334 134 25.8587
17 335 747 186.6760
17 336 982 239.2303
17 337 458 92.3250
17 338 118 28.4252
17 339 4 0.8805
17 340 1 0.2162
17 341 388 86.1700
17 342 94 18.6712
17 343 105 21.2673
17 344 174 33.5775
17 345 40 7.8761
17 346 4213 1015.0406
17 347 56 11.1646
17 348 19 3.8879
17 349 204 40.8918
17 350 170 35.0876
17 351 6548 1678.4545
17 352 31 7.2322
17 353 205 46.1979
17 355 719 160.6034
17 356 338 69.0565
17 357 130 26.5825
17 358 17 3.4914
17 359 11 2.1427
17 360 7961 2045.7069
17 361 617 151.4738
17 362 75 14.7978
17 363 44 8.7529
17 364 15 2.5259
17 365 19 3.6558
17 366 74 14.9694
17 367 6 1.1778
17 368 4 0.7691
17 369 1038 250.9991
17 370 33 5.8405
17 371 267 57.4839
17 372 123 24.4947
17 373 457 101.5475
17 375 510 105.5315
17 376 34 7.5669
17 377 31 7.4572
17 378 148 41.2052
17 379 189 36.4547
17 380 82 15.7618
17 381 24 5.0490
17 382 111 20.9304
17 383 289 65.0541
18 0 18 3.6015
18 1 64 12.8309
18 2 97 19.9409
18 3 2 0.4699
18 4 1 0.2240
18 5 32 6.6752
18 9 167 38.9212
18 10 354 86.1771
18 11 1790 443.1929
18 12 102 24.7906
18 13 1570 384.7163
18 14 64 14.3396
18 15 226 45.7959
18 16 7 1.4051
18 17 68 13.7902
18 18 37 6.7607
18 19 127 31.6495
18 20 80 19.3674
18 21 510 122.9992
18 22 319 78.0872
18 23 50 10.7570
18 24 211 49.2203
18 25 1250 336.4872
18 26 89 18.0609
18 27 7 1.3445
18 28 106 21.3115
18 29 120 24.3441
18 30 979 255.1280
18 31 4 0.7776
18 32 159 39.4468
18 33 767 163.7409
18 34 1117 312.6801
18 35 23 4.7078
18 36 792 219.1107
18 37 303 62.9697
18 38 3072 889.7407
18 39 9 1.6809
18 40 5 1.0301
18 41 21 4.0706
18 42 4 1.1223
18 43 1986 528.2329
18 44 149 30.4470
18 45 1749 451.9651
18 46 74 17.6526
18 47 1818 459.3892
18 48 52 11.0700
18 50 83 17.4422
18 51 56 14.1371
18 52 1215 293.4442
18 53 1079 220.8191
18 54 52 11.4823
18 55 92 18.5629
18 56 144 31.5770
18 57 26 5.2980
18 58 119 25.0327
18 60 13 3.3779
18 61 133 32.6132
18 62 24 4.6592
18 63 21 4.3325
18 64 132 29.9432
18 65 2946 802.5837
18 66 10 2.1350
18 67 4 0.8660
18 68 2 0.5146
18 69 19 3.9319
18 70 1186 258.9559
18 71 317 69.5428
18 72 988 222.8592
18 73 139 29.3538
18 74 109 23.4288
18 75 74 17.9137
18 76 5 1.3873
18 77 671 178.4999
18 79 17 5.3107
18 80 6 1.1541
18 81 35 7.4088
18 83 152 34.0519
18 84 519 112.1428
18 85 52 10.7394
18 86 325 76.6746
18 87 24 4.6369
18 88 236 53.1084
18 89 141 30.5784
18 90 83 17.6049
18 91 1386 283.0383
18 92 92 23.0675
18 93 3 0.6625
18 94 62 13.8549
18 95 149 33.0403
18 96 473 104.1248
18 97 3664 1007.9632
18 98 71 14.3143
18 99 43 10.7571
18 100 28 5.7952
18 101 97 21.4644
18 102 42 8.5056
18 103 70 14.5604
18 104 918 239.8365
18 105 46 9.3582
18 106 5322 1300.0332
18 107 14 2.9476
18 108 11 2.2121
18 109 39 7.3117
18 110 20 6.0524
18 111 67 13.6022
18 112 34 6.8162
18 113 34 7.2619
18 114 1275 315.8945
18 115 224 54.0367
18 116 288 59.6665
18 117 2 0.3581
18 118 25 5.4213
18 119 1554 374.5888
18 120 3 0.6170
18 121 4 0.8588
18 122 125 29.4607
18 123 280 64.0588
18 125 54 12.3388
18 126 43 8.3568
18 127 112 29.1222
18 128 32 6.6160
18 129 20 4.5896
18 130 4 0.8811
18 131 63 13.7788
18 132 213 47.6496
18 133 4761 1129.5958
18 134 83 17.1905
18 135 38 6.9188
18 136 5 1.2220
18 137 1 0.1988
18 138 91 21.4819
18 139 118 24.0438
18 140 818 181.7374
18 141 37 7.9866
18 142 1 0.2033
18 143 89 20.6037
18 144 7517 1945.1284
18 145 54 10.9754
18 146 7 1.2005
18 147 680 165.0430
18 148 53 10.9849
18 149 4 0.7214
18 150 104 20.8377
18 151 2206 739.6199
18 152 565 128.5085
18 153 456 115.4826
18 154 694 169.7740
18 155 7 1.4031
18 156 24 5.5853
18 158 1354 326.1301
18 159 1850 530.7732
18 160 49 9.9296
18 161 1 0.3160
18 162 97 32.1001
18 163 11 2.0894
18 164 30 5.6198
18 165 8 1.7019
18 166 1337 335.4086
18 167 1248 261.8816
18 168 13 2.8742
18 169 5069 1263.4197
18 170 17 4.1828
18 171 267 61.0670
18 172 3 0.5792
18 173 5091 1476.2187
18 174 7 1.2561
18 175 319 73.2988
18 176 32 10.2894
18 177 35 7.0038
18 178 93 19.8585
18 179 221 55.1717
18 180 607 138.8747
18 181 273 76.1337
18 183 247 54.7036
18 184 441 104.8828
18 185 148 29.6334
18 186 14 3.0531
18 187 481 114.4579
18 188 40 7.9428
18 189 175 35.4853
18 190 1529 433.8330
18 191 43 8.8462
18 192 5 1.0834
18 193 24 5.4501
18 194 2288 488.9849
18 195 12 2.3319
18 196 54 12.6194
18 198 73 18.1284
18 199 68 15.1067
18 200 113 22.6029
18 201 1129 283.3633
18 202 349 88.3512
18 203 6355 1765.4582
18 204 303 74.3360
18 205 103 23.1828
18 206 187 40.4444
18 207 2973 806.5817
18 208 106 26.1664
18 209 682 157.6791
18 210 1 0.2127
18 211 112 26.8942
18 212 37 9.0703
18 213 197 42.4874
18 214 770 221.4282
18 215 6 1.2893
18 216 1381 379.2491
18 217 103 23.0493
18 218 333 81.6403
18 219 441 94.9909
18 220 236 50.6954
18 221 398 95.9798
18 222 185 42.2788
18 223 6 1.2914
18 224 52 11.0869
18 225 1307 339.2290
18 226 118 26.1196
18 227 42 10.1456
18 229 238 58.7042
18 230 4 0.9089
18 231 103 21.4625
18 232 207 46.7976
18 233 3 0.7061
18 234 1252 324.3385
18 235 1007 272.6703
18 236 125 40.4320
18 237 237 49.6646
18 238 67 14.4111
18 239 2 0.4235
18 240 526 109.0862
18 241 100 21.1575
18 242 82 18.8588
18 243 67 14.4136
18 244 3360 896.5473
18 245 63 23.9832
18 248 55 11.5952
18 249 98 19.7598
18 250 238 50.4494
18 251 29 7.7316
18 252 92 19.0158
18 253 13 2.5719
18 255 1266 272.5101
18 256 7 1.4936
18 257 214 42.9161
18 258 103 21.3357
18 259 44 8.5629
18 260 13 2.7950
18 261 1012 250.8743
18 262 30 5.8467
18 263 221 53.2580
18 264 12 2.9781
18 265 2284 507.3182
18 266 21 6.5949
18 267 207 56.1398
18 268 1561 432.2938
18 270 44 9.3120
18 271 10 1.9249
18 272 328 73.3803
18 273 1 0.0719
18 274 423 104.5342
18 275 148 37.3144
18 276 133 28.1606
18 277 18 4.3941
18 278 12 2.3779
18 279 2583 665.9740
18 280 8 2.1571
18 281 1344 333.4316
18 282 79 15.5571
18 283 738 153.5140
18 284 2116 540.0929
18 285 440 90.4131
18 286 1893 502.1835
18 287 234 59.5068
18 288 21 4.1176
18 289 149 29.4909
18 290 256 58.1987
18 291 35 6.5280
18 292 110 24.9827
18 293 342 80.2674
18 294 3 0.6731
18 295 426 102.5113
18 298 233 47.7074
18 300 606 141.6956
18 302 121 24.8137
18 303 15 3.0788
18 304 1907 484.7523
18 305 142 28.0052
18 306 2 0.4265
18 307 16 3.4014
18 308 1 0.2194
18 309 30 6.6716
18 310 138 28.6017
18 311 735 206.7022
18 312 29 5.4954
18 313 265 56.4913
18 314 74 14.3302
18 315 16 3.3013
18 316 2 0.3713
18 317 1118 289.8590
18 318 41 10.2834
18 319 164 38.1087
18 320 3372 838.6707
18 321 606 135.9741
18 322 129 27.1774
18 323 1098 285.8153
18 324 19 4.0107
18 325 93 18.6035
18 327 3 0.4887
18 328 321 83.8989
18 329 1 0.2247
18 330 10 2.1625
18 331 5 1.0588
18 332 25 6.0237
18 333 88 18.8081
18 334 82 18.4936
18 335 2061 484.8118
18 336 848 205.6708
18 337 49 11.0076
18 338 145 32.8527
18 339 20 4.7048
18 340 70 15.4239
18 341 1755 418.2436
18 342 8 1.7537
18 343 66 15.9686
18 344 62 12.8693
18 345 1 0.2208
18 346 150 34.0345
18 348 106 23.9902
18 350 1 1.3682
18 351 1 0.2114
18 352 10 2.2915
18 353 3 0.5237
18 354 108 24.8192
18 355 271 61.8625
18 356 71 13.9299
18 357 37 8.1752
18 358 122 24.8061
18 359 109 24.7136
18 360 38 7.6140
18 361 511 125.9403
18 362 72 14.9073
18 363 1 0.1559
18 364 126 29.0345
18 365 120 24.3636
18 366 1295 325.0469
18 367 203 52.0931
18 368 2056 495.6098
18 370 2085 461.9515
18 371 19 4.3098
18 372 88 17.6378
18 373 14 2.5994
18 374 40 7.8233
18 375 2310 487.2189
18 376 52 11.1484
18 377 16 2.6720
18 378 91 20.0672
18 379 2060 549.3203
18 381 7 1.4845
18 382 33 7.0990
18 383 53 10.8163
19 0 110 22.0403
19 1 33 5.1345
19 2 552 126.7818
19 3 96 16.5383
19 4 103 16.6225
19 5 171 31.0526
19 6 1479 348.6932
19 7 128 24.5776
19 8 94 24.2384
19 9 1310 270.1157
19 10 38 6.1241
19 11 1808 483.3568
19 12 25 3.8001
19 13 138 20.3103
19 14 194 40.2378
19 15 1767 385.2826
19 16 27 5.3509
19 17 16 3.7743
19 18 26 4.0305
19 19 84 14.2514
19 20 2044 501.8930
19 21 274 61.7929
19 22 1034 307.6048
19 23 50 8.6283
19 24 52 8.2328
19 25 49 8.6366
19 26 15 2.4890
19 27 16 3.2142
19 28 853 163.8904
19 29 437 102.1148
19 30 361 78.5962
19 31 5 1.6294
19 32 399 71.6690
19 33 126 30.9298
19 34 300 66.6404
19 35 35 7.2758
19 36 26 3.8747
19 37 30 6.2487
19 38 5 0.8070
19 39 42 6.1628
19 40 49 9.7767
19 41 13 1.9128
19 42 213 46.0005
19 43 127 22.6602
19 44 1218 384.0739
19 45 283 48.3461
19 46 1354 407.1402
19 47 168 41.1108
19 48 1016 271.9700
19 49 3856 1020.7561
19 50 316 53.9773
19 51 125 21.6359
19 52 201 33.5359
19 53 23 5.6866
19 54 178 41.5406
19 55 74 11.1177
19 56 93 17.7664
19 57 2 0.3142
19 58 25 6.9815
19 59 707 182.9978
19 60 8 1.4520
19 61 610 123.6232
19 62 5354 1785.6536
19 63 1023 264.2791
19 64 93 17.8543
19 65 54 10.0350
19 66 298 47.4232
19 67 33 9.2648
19 68 1254 402.4955
19 69 38 7.7602
19 70 27 4.7248
19 71 81 13.7582
19 72 13 2.0893
19 73 266 80.1904
19 74 2303 559.0098
19 75 36 6.4465
19 76 105 19.0627
19 77 55 11.1117
19 78 41 6.5948
19 79 237 43.2899
19 80 319 59.3098
19 81 12 2.1877
19 82 114 19.3990
19 83 101 16.5896
19 84 59 10.5319
19 85 6 1.0033
19 86 166 26.7776
19 87 1433 352.9241
19 88 740 232.4619
19 89 563 145.8419
19 90 48 8.0301
19 91 481 150.8100
19 92 1023 258.5533
19 93 18 3.0527
19 94 439 84.2471
19 95 52 7.9905
19 96 37 5.8947
19 97 4 0.9332
19 98 47 12.3737
19 99 68 13.9103
19 100 162 29.6127
19 101 170 39.2499
19 102 5541 1341.7502
19 103 35 8.5340
19 104 260 71.7716
19 105 139 30.2964
19 106 768 158.4449
19 107 79 14.2065
19 108 66 10.9822
19 109 607 120.2677
19 110 277 54.1624
19 111 11 1.9282
19 112 2877 755.4850
19 113 47 11.3083
19 114 72 20.0941
19 115 28 4.5281
19 116 26 5.4106
19 117 627 156.0191
19 118 1390 294.8971
19 119 88 14.0775
19 120 16 5.0924
19 121 141 28.2874
19 122 152 32.9018
19 123 229 42.3246
19 124 37 12.0748
19 125 92 15.5003
19 126 1496 371.8289
19 127 1573 377.5694
19 128 4280 962.9965
19 129 20 3.4411
19 130 34 6.3620
19 131 2248 550.9940
19 132 8 1.3504
19 133 2216 583.8249
19 134 28 5.1389
19 135 23 7.3582
19 136 121 31.3607
19 137 154 27.1377
19 138 458 101.8304
19 139 71 11.5784
19 140 866 261.5604
19 141 45 7.0165
19 142 20 3.2338
19 143 279 52.1017
19 144 1 0.1855
19 145 34 6.6751
19 146 44 5.7884
19 147 100 17.5118
19 148 119 20.9225
19 149 16 2.5660
19 150 1484 344.0360
19 151 307 64.6922
19 152 1637 539.0307
19 153 14 1.9417
19 154 432 88.9780
19 155 29 6.2984
19 156 1051 272.6888
19 157 266 51.5398
19 158 150 29.3909
19 159 26 4.6745
19 160 47 8.9599
19 161 8 1.7854
19 162 93 15.1865
19 163 4 0.8227
19 164 22 3.5019
19 165 178 31.1461
19 166 337 70.4053
19 167 3 0.3878
19 168 73 12.4620
19 169 146 36.2841
19 170 44 7.7032
19 171 1083 288.7844
19 172 22 4.1110
19 173 26 4.4023
19 174 708 160.0815
19 175 67 10.1212
19 176 38 8.3646
19 177 125 19.3661
19 178 654 160.9399
19 179 942 261.6560
19 180 94 15.8686
19 181 55 10.0877
19 182 4 0.6230
19 183 39 7.0535
19 184 17 2.2702
19 185 27 4.0689
19 186 1 0.1034
19 188 473 116.1691
19 189 60 12.5174
19 190 24 5.7712
19 191 46 8.0620
19 192 112 18.9837
19 193 62 11.2075
19 194 15 2.3555
19 195 2788 596.5933
19 196 153 27.8837
19 197 186 36.5981
19 198 34 6.8735
19 199 39 7.5856
19 200 676 143.7169
19 201 339 86.8061
19 202 25 4.1015
19 203 56 10.6965
19 204 48 9.8038
19 205 5 0.7486
19 206 13 2.2344
19 207 59 9.1657
19 208 67 10.4839
19 209 22 3.5829
19 210 49 12.4139
19 211 21 3.1920
19 212 307 65.1339
19 213 21 5.6623
19 214 203 49.4774
19 215 219 47.1415
19 216 328 66.8228
19 217 541 159.8574
19 218 29 7.3143
19 219 1146 203.7916
19 220 1575 393.7815
19 221 2507 763.3570
19 222 202 34.7808
19 223 68 10.9711
19 224 41 6.6491
19 225 87 17.6146
19 226 100 17.0457
19 227 431 103.9549
19 228 64 17.6343
19 229 578 121.2728
19 230 69 12.0687
19 231 27 4.5084
19 232 20 6.1409
19 233 39 7.3892
19 234 732 159.0647
19 235 1059 255.5449
19 236 145 23.6332
19 237 173 31.2671
19 238 56 8.6776
19 239 43 8.3404
19 240 10 1.7412
19 241 158 26.7523
19 242 15 2.9470
19 243 51 8.4579
19 244 318 53.0638
19 245 37 6.1630
19 246 225 40.0340
19 247 1336 266.4435
19 248 141 26.5175
19 249 503 127.6221
19 250 1659 419.8266
19 251 217 41.9444
19 252 382 111.0665
19 253 333 62.2746
19 254 738 177.9687
19 255 2308 531.5770
19 256 5 0.7344
19 257 24 4.0814
19 258 52 8.7385
19 259 301 50.3417
19 260 2696 820.2500
19 261 1 0.1798
19 262 186 31.0436
19 263 110 17.7703
19 264 255 51.6434
19 265 126 27.6022
19 266 230 55.1463
19 267 10 2.5145
19 268 10 1.4335
19 269 635 117.2314
19 270 2248 626.2775
19 271 1218 302.1684
19 272 106 22.7619
19 273 2775 641.0688
19 274 21 3.4427
19 275 113 24.3408
19 276 504 118.4875
19 277 55 7.9316
19 278 12 2.1502
19 279 200 50.7471
19 280 59 16.1761
19 281 272 92.6761
19 282 183 37.0706
19 283 265 79.1337
19 284 3 0.3673
19 285 37 5.6668
19 286 17 2.6843
19 287 99 15.9050
19 288 665 195.4767
19 289 1280 766.3633
19 290 41 7.3843
19 291 1288 300.5920
19 292 225 62.0296
19 293 725 162.6108
19 294 18 2.9485
19 295 635 138.1083
19 296 892 247.0496
19 297 250 49.0277
19 298 87 15.9761
19 299 1970 410.2513
19 300 1753 472.5006
19 301 12 1.9731
19 302 101 16.4385
19 303 75 14.5868
19 304 112 27.1537
19 305 6663 2178.4079
19 306 2328 627.7804
19 307 827 176.4586
19 308 18 5.2762
19 309 50 10.5400
19 310 1682 420.9074
19 311 132 24.6745
19 312 678 155.8129
19 313 97 16.9655
19 314 550 116.1795
19 315 199 32.8063
19 316 60 12.3068
19 317 28 4.8809
19 318 8 1.3235
19 319 1433 319.2701
19 320 47 7.9449
19 321 55 10.0174
19 322 321 83.3539
19 323 17 2.9948
19 324 325 70.3496
19 325 72 11.7203
19 326 234 44.1527
19 327 377 77.2223
19 328 459 110.3667
19 329 12 1.9780
19 330 17 5.1770
19 331 35 6.2593
19 332 53 8.3622
19 333 550 135.1894
19 334 32 4.5731
19 335 28 4.3787
19 336 264 47.4898
19 337 45 9.7628
19 338 4 0.5425
19 339 337 78.4635
19 340 94 17.4819
19 341 133 28.0726
19 342 891 157.1127
19 343 157 32.4939
19 344 242 66.6744
19 345 38 6.1351
19 346 12 1.7438
19 347 7 1.1034
19 348 64 12.4724
19 349 365 91.3372
19 350 687 128.4700
19 351 220 36.0370
19 352 17 3.8668
19 353 308 68.4809
19 354 75 12.0309
19 355 980 176.5274
19 356 19 3.8002
19 357 159 25.6558
19 358 115 20.0883
19 359 41 8.2912
19 360 88 24.2925
19 361 224 55.5451
19 362 106 19.3955
19 363 336 81.4335
19 364 75 13.5319
19 365 16 4.3366
19 366 5445 1474.5031
19 367 109 22.7711
19 368 1682 504.0377
19 369 36 9.9359
19 370 63 42.2023
19 371 43 9.7266
19 372 2 0.2243
19 373 13 1.9913
19 374 899 210.5191
19 375 35 12.1004
19 376 38 7.6892
19 377 48 7.8613
19 378 4 0.7648
19 379 356 76.9040
19 380 12 2.7443
19 381 421 96.8605
19 382 220 43.5869
19 383 3648 924.1892
20 0 1 0.1479
20 1 8 1.4232
20 2 14 2.9537
20 3 28 6.8596
20 4 131 38.8209
20 5 5 0.7115
20 6 338 76.5380
20 7 261 71.3652
20 8 16 4.9124
20 9 14 2.8080
20 10 53 12.4004
20 11 1 0.1979
20 12 1 0.2899
20 14 14 3.0167
20 15 33 7.3833
20 16 279 63.0250
20 17 2 0.3958
20 18 138 39.4228
20 19 655 176.7607
20 20 4 0.8764
20 21 15 2.9288
20 22 5 0.7056
20 23 19 4.8229
20 25 5 1.5621
20 26 4 0.8992
20 27 20 5.8774
20 28 113 28.5208
20 29 42 11.0944
20 30 49 11.1721
20 31 446 115.5320
20 32 339 73.8363
20 33 83 23.2590
20 34 6 1.3288
20 35 5 1.1304
20 36 55 13.6053
20 37 6 1.5614
20 38 14 3.2117
20 39 4 0.7075
20 40 1 0.2229
20 41 16 3.8082
20 42 322 88.7379
20 43 88 19.6690
20 44 29 9.5867
20 45 1 0.1541
20 46 10 3.2326
20 47 165 36.4771
20 48 11 2.2736
20 49 183 40.6889
20 50 3 0.5930
20 51 130 27.7050
20 52 18 4.1035
20 53 2 0.3863
20 55 139 30.4932
20 56 2 0.4250
20 58 2 0.4570
20 61 135 35.2651
20 62 5 1.0331
20 63 5 1.0039
20 64 11 3.3549
20 65 30 7.6059
20 67 28 8.3807
20 68 151 43.1630
20 69 4 0.8326
20 70 83 19.7977
20 71 5 0.8966
20 72 178 42.3126
20 74 5 1.0270
20 75 23 4.6962
20 76 2 0.3489
20 77 2 0.3768
20 78 56 12.8320
20 79 2 0.4753
20 82 3 0.8194
20 83 16 3.8241
20 85 13 4.2740
20 86 47 12.1109
20 87 7 1.8196
20 88 9 1.9229
20 89 28 5.8999
20 92 2 0.3750
20 93 2 0.3660
20 94 17 3.7108
20 95 12 2.2740
20 96 5 1.0144
20 97 16 4.4140
20 98 25 5.5722
20 99 10 2.4036
20 100 1 0.2122
20 101 10 1.8692
20 103 32 7.2484
20 104 2 0.5544
20 105 8 1.7618
20 106 2 0.4131
20 107 52 12.4707
20 108 12 3.1954
20 109 1757 478.2110
20 110 29 8.3748
20 111 25 5.7482
20 112 1 0.1986
20 113 2 0.3948
20 114 2 0.3897
20 116 163 40.8541
20 118 353 86.0294
20 119 2 0.3641
20 120 2 0.4996
20 121 3 0.6784
20 122 152 34.6217
20 124 22 6.0842
20 126 40 9.2821
20 128 16 3.5688
20 129 434 114.6770
20 130 1 0.2122
20 131 11 2.1755
20 132 17 4.9994
20 133 2 0.3660
20 134 1 0.1981
20 135 66 18.6900
20 136 8 1.6230
20 138 13 2.6090
20 139 25 5.4567
20 140 6 1.2252
20 141 1 0.2162
20 143 95 22.1527
20 144 13 3.4947
20 145 130 31.0608
20 146 5 1.0983
20 147 14 3.0076
20 148 9 2.6884
20 149 1 0.2056
20 150 75 20.8605
20 152 2 0.4391
20 153 24 6.5520
20 154 1 0.2041
20 156 77 17.0390
20 158 28 6.4779
20 161 12 3.3324
20 163 7 2.1409
20 164 208 49.5250
20 165 78 17.5393
20 166 17 3.6756
20 167 24 5.7821
20 169 117 31.8983
20 170 4 1.1330
20 171 2 0.4631
20 172 3 0.6016
20 174 39 8.1337
20 175 97 21.0520
20 176 49 11.1095
20 177 130 33.6690
20 178 16 3.3920
20 180 11 2.2674
20 181 66 14.2367
20 182 4 0.7834
20 183 7 1.5029
20 184 12 1.9903
20 185 14 3.1552
20 186 23 4.5114
20 187 109 27.5364
20 189 14 2.7940
20 190 10 2.5511
20 191 134 30.8821
20 192 16 3.1634
20 194 2 0.4644
20 196 308 75.6747
20 199 2 0.4041
20 201 26 5.9729
20 202 9 2.2613
20 204 10 2.0745
20 205 16 3.7935
20 206 16 4.2887
20 208 158 38.6493
20 210 252 57.9607
20 211 9 1.8824
20 212 1 0.0911
20 213 197 61.7133
20 214 9 2.4369
20 215 28 6.6668
20 216 10 3.3397
20 217 14 4.3494
20 218 7 1.6146
20 219 3 0.5807
20 220 11 2.7142
20 221 5 1.1286
20 222 13 2.6898
20 223 36 7.7688
20 224 9 2.8315
20 225 157 37.2048
20 226 1 0.1728
20 227 45 8.7397
20 228 37 8.3604
20 229 10 2.7901
20 230 9 2.6558
20 231 53 12.0168
20 232 4 0.8717
20 233 24 5.4060
20 234 8 1.8559
20 236 3 0.8937
20 237 11 2.4070
20 238 5 1.2665
20 239 17 4.4823
20 240 6 1.2246
20 241 9 2.5029
20 242 12 2.1553
20 243 1 0.2430
20 244 9 2.9588
20 245 18 3.5349
20 246 1 0.3371
20 248 53 15.0734
20 249 9 1.6861
20 250 26 5.4409
20 251 1 0.1936
20 252 3 0.5370
20 253 15 3.8961
20 254 15 3.3197
20 255 131 37.7032
20 256 2 0.3358
20 257 161 44.1154
20 258 35 7.1934
20 259 13 2.9128
20 260 2 0.4392
20 261 165 40.4673
20 262 13 3.0175
20 263 18 4.0254
20 264 22 4.8669
20 265 3 0.5806
20 266 18 4.5604
20 267 29 9.0372
20 268 2 0.2936
20 269 15 3.5437
20 270 1 0.2241
20 271 1 0.2440
20 272 16 4.0185
20 273 30 6.5858
20 274 234 61.0943
20 275 94 22.7950
20 276 4 0.7996
20 277 1 0.2213
20 278 38 10.4979
20 279 124 26.4875
20 280 8 1.5933
20 281 2 0.5000
20 282 234 73.9230
20 283 72 16.0114
20 284 7 1.5947
20 285 1 0.1415
20 286 57 11.8986
20 287 22 4.0539
20 288 4 0.8091
20 290 42 11.4648
20 292 564 146.2921
20 294 12 2.6351
20 295 23 7.5853
20 296 644 173.1413
20 297 1 0.1841
20 298 4 0.7077
20 299 16 3.8383
20 300 1 0.1526
20 301 1 0.1639
20 302 1 0.2272
20 303 2 0.4319
20 304 55 13.6405
20 305 301 65.1167
20 306 6 1.4277
20 307 301 67.9708
20 309 97 29.3680
20 312 3 0.7398
20 313 42 10.3299
20 314 219 56.7601
20 315 3 0.5346
20 317 106 27.1215
20 318 47 10.3519
20 319 1 0.2272
20 320 184 35.8640
20 322 51 12.7891
20 323 2 0.4918
20 324 4 0.8465
20 325 33 7.5811
20 326 30 8.6696
20 327 16 3.7555
20 328 11 2.6903
20 329 89 21.3018
20 331 29 7.1600
20 332 89 20.6310
20 333 22 6.0235
20 334 13 2.6208
20 335 35 7.0220
20 336 43 13.6018
20 337 108 26.7584
20 338 69 13.7766
20 339 26 7.0277
20 340 43 13.7202
20 341 11 2.9783
20 342 9 2.0566
20 343 74 16.0411
20 344 6 1.2800
20 345 22 4.5568
20 346 2 0.4378
20 347 13 2.8618
20 348 12 2.3770
20 349 18 3.3468
20 350 6 1.3197
20 351 1191 277.6060
20 352 451 117.0895
20 353 4 0.7989
20 355 5 1.7577
20 356 2 0.4924
20 357 7 1.3974
20 358 1 0.1904
20 359 116 29.6685
20 360 141 35.3032
20 362 22 5.4842
20 363 8 2.0392
20 364 1 0.1950
20 365 6 1.4108
20 367 3 0.3912
20 368 16 3.5382
20 369 5 0.9729
20 370 152 48.1301
20 371 1 0.2164
20 372 15 3.2700
20 376 10 2.2916
20 378 8 1.8732
20 379 3 0.5331
20 380 53 15.4803
20 381 4 0.7686
20 382 2 0.3699
20 383 50 10.0617
21 0 12 2.5440
21 1 121 25.6241
21 3 46 10.2915
21 5 85 18.4283
21 6 6 1.3374
21 7 6 1.4118
21 8 256 56.4072
21 9 52 11.5544
21 10 8 1.9379
21 11 55 11.9216
21 12 38 7.9487
21 13 7 2.2368
21 14 3 0.8946
21 15 141 42.4264
21 16 5 1.0337
21 18 12 2.7217
21 19 1 0.2243
21 20 3 0.6058
21 21 14 3.3656
21 22 59 13.4861
21 23 3 0.5452
21 24 14 2.9442
21 26 6 1.8234
21 27 2 0.5577
21 29 11 2.5905
21 30 110 26.3720
21 31 237 52.5590
21 33 44 11.7009
21 34 23 4.5981
21 35 1 0.2252
21 36 30 6.7785
21 37 97 20.7336
21 38 1 0.2102
21 39 14 2.8490
21 40 6 1.5259
21 41 6 1.7913
21 42 166 43.1864
21 43 6 1.1366
21 44 24 5.3032
21 45 3 0.6270
21 46 85 21.0385
21 47 27 6.2489
21 48 11 2.0881
21 49 2 0.3969
21 50 94 24.8281
21 51 78 22.0366
21 52 13 2.7095
21 54 240 74.9673
21 55 10 2.8621
21 56 10 3.2576
21 57 4 0.9601
21 58 81 24.0641
21 59 198 44.5117
21 60 74 20.9359
21 61 79 23.0279
21 62 1 0.1652
21 63 48 10.6491
21 64 2 0.4739
21 66 17 3.2716
21 67 46 9.7255
21 68 7 1.5942
21 69 4 0.8194
21 70 154 39.3891
21 71 1 0.1432
21 72 190 44.0755
21 73 6 1.2959
21 75 3 0.6785
21 76 1 0.1630
21 77 21 6.1284
21 79 5 1.1426
21 80 5 0.9957
21 81 14 2.9098
21 82 77 16.6301
21 84 17 4.1070
21 86 11 2.8498
21 88 36 8.1406
21 89 515 136.9735
21 90 11 2.2384
21 93 19 4.0291
21 95 30 6.6452
21 96 4 0.8624
21 97 8 1.5885
21 98 15 3.0302
21 100 180 61.2433
21 101 19 5.6182
21 102 14 4.5395
21 103 20 5.4830
21 104 9 2.8712
21 105 21 4.1492
21 106 106 25.7627
21 107 5 0.9041
21 108 53 13.5562
21 109 8 1.6922
21 110 1 0.2317
21 111 4 0.8461
21 112 36 9.5774
21 113 1 0.1369
21 114 9 1.9765
21 115 42 11.3952
21 116 23 6.2064
21 117 7 1.3767
21 118 29 6.2589
21 120 49 12.2212
21 121 29 6.4579
21 122 44 8.5097
21 123 8 1.6705
21 124 17 5.8633
21 125 1 0.1355
21 126 28 6.5761
21 127 7 1.4129
21 128 4 0.8307
21 129 8 1.8979
21 130 49 13.2038
21 131 125 31.1653
21 132 5 1.5550
21 134 182 49.1592
21 135 81 24.2657
21 136 21 4.7514
21 137 299 62.3191
21 138 75 16.5243
21 139 118 25.7058
21 140 14 2.8097
21 141 14 3.3291
21 142 12 2.3157
21 143 99 20.6501
21 145 11 2.4195
21 146 21 4.3503
21 147 11 2.3484
21 148 2 0.4937
21 150 4 0.7957
21 151 278 72.5697
21 152 1 0.1527
21 153 2 0.3562
21 154 1 0.2042
21 155 10 3.3559
21 156 8 1.8009
21 157 37 8.2716
21 158 145 36.1746
21 159 35 8.5541
21 160 136 35.0233
21 161 29 6.1715
21 162 8 1.6293
21 163 119 38.0482
21 164 67 17.0713
21 165 41 11.4941
21 166 8 1.6717
21 167 18 5.2283
21 168 109 26.2745
21 170 3 0.5787
21 171 50 10.3364
21 172 5 0.8633
21 173 7 1.5087
21 174 1 0.1753
21 175 34 9.8322
21 176 24 7.0554
21 177 1 0.2195
21 178 8 1.6752
21 179 30 7.2848
21 181 619 141.2604
21 182 2 0.4227
21 183 6 1.1862
21 184 158 43.7431
21 185 13 3.5859
21 186 15 3.2535
21 187 22 5.5667
21 188 162 44.4912
21 189 2 0.3432
21 190 2 0.4711
21 191 25 6.0028
21 192 132 39.1015
21 193 17 3.8864
21 194 9 2.2454
21 195 12 3.1008
21 196 1 0.2489
21 197 13 3.3407
21 198 3 0.6569
21 199 3 0.6364
21 200 64 17.8148
21 201 36 7.7586
21 202 14 2.9839
21 203 10 2.0313
21 204 1 0.2542
21 205 20 4.1831
21 206 96 26.7249
21 208 85 16.9715
21 209 7 1.7974
21 210 517 123.8923
21 211 1 0.1711
21 214 43 9.2234
21 215 33 10.1705
21 219 11 2.2099
21 220 7 1.5011
21 224 53 11.8275
21 225 426 105.0000
21 226 35 9.6597
21 227 82 17.7096
21 228 17 3.5610
21 229 13 2.8335
21 231 4 0.8811
21 232 74 15.6173
21 233 6 1.2636
21 234 136 31.0499
21 235 2 0.4179
21 236 15 3.3518
21 237 14 3.6354
21 239 11 2.1031
21 240 19 4.5671
21 243 16 4.5528
21 244 1 0.2238
21 246 7 1.5834
21 247 6 1.3348
21 248 13 2.8120
21 249 18 3.7658
21 250 12 3.7807
21 251 672 165.3529
21 252 11 2.4950
21 254 28 6.8693
21 255 9 1.9765
21 256 2 0.4164
21 257 1154 339.9064
21 258 12 3.7326
21 259 2 0.4182
21 260 6 1.9138
21 261 11 1.9791
21 263 8 2.2417
21 264 16 3.4645
21 265 4 1.1480
21 266 2 0.4034
21 268 10 2.1389
21 269 105 28.6043
21 270 5 0.9648
21 272 29 6.4545
21 274 45 10.4433
21 275 16 3.6916
21 276 13 2.7455
21 278 18 4.3168
21 280 29 6.1677
21 281 27 5.8358
21 282 442 101.5987
21 283 2 0.2725
21 285 35 7.6676
21 286 26 6.5327
21 287 58 12.3153
21 290 18 4.6287
21 291 13 2.6075
21 292 15 3.0856
21 293 4 0.8928
21 294 7 1.5881
21 296 29 6.1857
21 298 3 0.5474
21 299 17 4.4599
21 300 14 3.9106
21 301 20 5.0606
21 305 5 0.9530
21 306 4 0.8649
21 307 1 0.2038
21 308 21 4.0739
21 309 27 5.9014
21 310 24 4.8751
21 311 39 8.4034
21 312 9 2.9658
21 313 1 0.1736
21 315 33 12.0960
21 316 1 0.1808
21 317 621 180.4601
21 318 12 4.2520
21 319 59 14.0223
21 321 1 0.2098
21 322 3 0.6319
21 323 1 0.1549
21 324 77 19.4310
21 325 6 1.2080
21 326 1 0.2038
21 327 1574 412.0551
21 329 120 30.5815
21 330 21 4.7667
21 331 5 1.0197
21 332 1 0.2181
21 333 7 1.5397
21 334 16 3.4135
21 335 19 5.1499
21 336 4 1.2738
21 337 17 4.1407
21 338 41 8.9218
21 339 1 0.0705
21 341 121 30.4521
21 342 15 3.0721
21 343 5 1.8559
21 344 6 1.3150
21 345 1 0.1971
21 346 43 8.4016
21 347 41 11.2300
21 348 1 0.2558
21 349 60 14.0047
21 350 10 3.8324
21 351 57 12.9206
21 352 8 1.5145
21 353 15 3.6748
21 355 3 0.7490
21 356 15 3.4883
21 357 43 11.4706
21 358 63 15.3993
21 359 24 5.2739
21 361 5 0.9256
21 363 1 0.2143
21 364 29 6.4083
21 365 7 2.9778
21 367 158 35.7339
21 368 384 85.3370
21 369 232 51.5421
21 370 2 0.3135
21 371 2 0.3360
21 373 783 184.8064
21 374 66 15.5189
21 375 173 41.9549
21 376 3 0.5960
21 377 1 0.2277
21 378 14 3.0849
21 379 22 5.0127
21 380 158 32.5464
21 381 33 11.6959
21 382 15 3.3387
21 383 7 1.7130
22 1 7 2.2301
22 2 160 35.9502
22 3 26 5.7239
22 4 18 4.2758
22 5 5 0.8930
22 6 367 83.2136
22 7 74 17.6151
22 8 4 0.7462
22 9 21 5.4768
22 10 111 22.5991
22 11 2 0.3984
22 12 19 4.4431
22 13 6 1.3807
22 14 1 0.1965
22 18 18 5.1250
22 19 9 2.5600
22 21 23 4.7019
22 22 21 4.4347
22 23 2 0.6099
22 25 2 0.4796
22 26 4 0.7664
22 27 57 12.4133
22 28 24 6.0439
22 29 14 2.6569
22 30 4 0.8299
22 32 2 0.5529
22 33 20 3.8613
22 34 6 1.4774
22 35 3 0.6389
22 36 51 11.6807
22 38 1 0.2128
22 39 53 10.9722
22 40 4 0.6952
22 42 88 18.9660
22 44 232 58.2001
22 48 8 1.9256
22 49 2 0.2715
22 50 28 6.6458
22 51 4 1.1176
22 52 531 139.7013
22 53 66 15.7922
22 54 56 13.7296
22 56 20 5.6292
22 57 113 24.8506
22 58 3 0.9633
22 59 7 1.3678
22 60 35 9.1134
22 62 84 18.1836
22 63 1 0.1487
22 64 2 0.3208
22 67 25 5.3526
22 68 232 50.3228
22 69 411 86.0401
22 70 5 0.9580
22 72 128 28.3545
22 73 20 6.2880
22 74 33 8.1936
22 76 1 0.2305
22 77 40 9.4532
22 78 121 26.9022
22 79 8 1.5975
22 80 2 0.3672
22 81 7 1.3491
22 82 18 3.7643
22 83 2 0.4082
22 84 183 54.2063
22 85 87 27.1640
22 86 26 7.1283
22 87 154 40.1328
22 88 2 0.3950
22 90 5 0.9930
22 91 2 0.7904
22 93 36 7.3382
22 95 4 1.1278
22 96 1 0.3201
22 97 5 1.2358
22 99 51 11.1743
22 100 27 5.1363
22 101 20 4.1892
22 104 4 1.3193
22 105 1 0.2127
22 107 779 203.7556
22 108 2 0.3937
22 109 6 1.1755
22 110 40 10.0056
22 111 7 1.7298
22 112 15 3.3607
22 113 104 20.6262
22 114 8 1.4889
22 115 8 1.9642
22 116 8 1.3201
22 117 7 1.3162
22 118 905 274.5193
22 120 14 2.6839
22 121 344 77.8148
22 123 4 0.8095
22 125 110 34.8322
22 126 10 2.4832
22 127 33 6.8333
22 128 13 3.6146
22 130 62 16.1283
22 131 99 21.3515
22 132 25 5.2022
22 133 103 24.1279
22 134 2 0.4850
22 135 1 0.1661
22 136 6 1.5185
22 137 8 1.8423
22 138 12 3.1181
22 139 41 9.1035
22 140 202 40.9496
22 141 21 6.8724
22 144 15 3.0945
22 145 14 3.8968
22 146 10 2.4280
22 147 14 2.9847
22 148 10 2.2862
22 149 2 0.5226
22 150 116 26.7452
22 151 55 11.3315
22 152 4 0.8524
22 154 41 8.4457
22 155 48 10.7364
22 156 65 18.1127
22 157 5 1.2166
22 158 385 102.1870
22 159 352 82.3484
22 160 4 0.8607
22 161 2 0.4147
22 162 5 1.0208
22 163 16 3.2449
22 166 15 2.9364
22 167 82 20.7903
22 168 4 0.9106
22 169 26 5.6995
22 171 7 1.7667
22 172 87 21.9793
22 173 15 4.2523
22 174 33 7.5436
22 175 5 1.4157
22 176 5 1.5489
22 177 34 7.3638
22 178 112 24.0301
22 179 119 26.5374
22 180 31 8.6124
22 181 1 0.2231
22 182 148 31.5563
22 183 1 0.2161
22 184 155 59.1636
22 185 75 16.4558
22 186 5 1.0991
22 188 4 0.8455
22 189 2 0.3869
22 191 1 0.2059
22 192 18 5.5797
22 193 152 31.8559
22 194 5 0.9561
22 195 11 2.2047
22 196 1 0.1513
22 198 9 2.7398
22 199 11 3.4659
22 200 3 0.8031
22 202 23 4.8768
22 203 7 1.5394
22 204 10 2.1256
22 205 19 4.4165
22 206 57 15.4933
22 207 12 3.3651
22 208 55 8.6423
22 209 3 0.6877
22 210 52 12.1937
22 211 23 4.9590
22 212 16 3.4669
22 213 9 1.8032
22 214 80 17.1930
22 215 86 17.3988
22 216 4 1.0058
22 218 22 5.1125
22 219 57 13.5267
22 220 4 0.7761
22 221 122 26.4491
22 223 1 0.2155
22 225 33 8.8068
22 226 10 2.8649
22 227 1 0.2076
22 228 266 58.6897
22 229 2 0.3949
22 230 62 13.8866
22 231 5 1.2066
22 232 13 3.1464
22 233 140 39.0480
22 234 155 33.1828
22 235 137 36.3537
22 236 43 12.8806
22 238 250 56.4791
22 239 9 2.3007
22 240 2 0.4375
22 241 8 2.1022
22 242 3 1.2601
22 243 3 0.6328
22 244 24 5.6329
22 245 18 3.7509
22 246 17 3.6068
22 248 3 0.5961
22 249 1 0.3118
22 250 55 16.5428
22 251 23 7.3152
22 253 66 22.1080
22 257 4 0.8345
22 258 2 0.4091
22 259 13 2.7295
22 260 7 1.4635
22 261 35 7.3018
22 263 53 11.2442
22 264 30 8.5614
22 265 5 1.0030
22 266 1 0.2171
22 267 3 0.5865
22 268 5 0.9834
22 269 4 1.1214
22 271 11 2.1270
22 272 12 3.1897
22 273 2 0.4489
22 274 11 2.6087
22 275 37 6.8488
22 277 342 92.7347
22 278 23 4.9584
22 279 14 4.0715
22 280 21 6.4161
22 281 10 2.0267
22 282 1 0.1761
22 284 1 0.1445
22 286 33 8.1467
22 287 39 8.7581
22 288 2 0.4552
22 289 19 4.3536
22 290 55 11.3025
22 292 1 0.1606
22 293 100 20.5169
22 294 33 7.3297
22 295 27 6.2328
22 296 56 11.5817
22 298 5 0.6029
22 299 2 0.5210
22 300 11 3.2749
22 301 4 1.0380
22 302 410 120.9456
22 303 19 4.1597
22 304 4 0.8348
22 305 1 0.2126
22 306 1 0.1423
22 307 3 0.7286
22 308 12 2.2308
22 309 4 0.8630
22 312 3 0.6266
22 313 97 24.1550
22 314 18 4.2072
22 316 35 7.5856
22 317 13 3.3232
22 318 13 3.6077
22 319 6 1.6344
22 320 189 43.4383
22 321 8 1.7247
22 322 11 2.4793
22 323 3 0.6371
22 324 13 2.4943
22 326 82 17.2169
22 327 17 3.5617
22 328 28 6.2339
22 329 2 0.4530
22 330 69 15.0578
22 331 1 0.2249
22 333 4 0.8952
22 334 48 14.2361
22 335 1011 287.2148
22 336 4 0.9222
22 337 97 21.9387
22 338 17 3.6837
22 339 7 1.0122
22 340 5 1.4248
22 341 32 6.5825
22 342 29 6.1245
22 343 1 0.1667
22 344 58 14.3455
22 345 20 4.1894
22 347 43 8.8125
22 348 9 2.4508
22 349 10 2.0018
22 350 40 9.8456
22 351 98 20.5458
22 352 3 0.8098
22 353 4 0.7626
22 354 179 54.7964
22 355 4 0.9169
22 356 4 0.8147
22 357 1 0.2181
22 358 16 3.5037
22 359 12 2.5688
22 360 1 0.2762
22 362 9 2.8286
22 363 130 29.4620
22 364 86 25.4258
22 365 7 1.7011
22 366 1 0.3192
22 367 17 5.5506
22 368 12 2.5016
22 369 3 0.6777
22 370 2 0.3378
22 371 168 41.9800
22 372 9 2.4501
22 373 1343 364.0124
22 374 69 16.2994
22 375 1 0.2466
22 376 95 21.2038
22 377 26 5.5522
22 378 67 17.3434
22 379 10 2.0702
22 380 174 47.3708
22 381 125 39.9903
22 382 1 0.1797
22 383 224 49.7029
23 0 37 7.8419
23 1 8 1.6132
23 2 1 0.1754
23 3 7 1.5906
23 4 71 13.7842
23 5 20 5.1339
23 6 21 6.2707
23 7 4 0.9698
23 8 7 1.1243
23 9 14 2.5790
23 10 7 1.2303
23 11 11 2.3306
23 12 10 1.7551
23 13 7 2.1191
23 14 6 1.2853
23 15 9 2.0182
23 16 6 1.5471
23 17 286 67.3358
23 18 7 1.6281
23 19 44 8.7570
23 20 184 40.9148
23 21 2 0.4764
23 22 2 0.5158
23 23 5 0.9133
23 24 7 1.9970
23 25 68 14.1236
23 26 110 23.8138
23 27 47 14.3389
23 28 5 0.9016
23 29 353 85.9729
23 30 5 1.4487
23 32 1 0.2205
23 33 2 0.3040
23 34 2 0.4434
23 35 23 4.3884
23 36 2 0.4077
23 37 29 6.1087
23 38 17 3.3545
23 40 94 38.4246
23 41 39 7.9506
23 43 34 7.1391
23 44 37 13.1578
23 45 25 6.9286
23 46 19 4.1201
23 47 5 0.9533
23 48 144 44.4697
23 49 7 1.8396
23 50 109 22.5217
23 51 14 2.7950
23 52 9 3.1020
23 53 16 3.0577
23 54 25 6.3483
23 55 14 3.3369
23 56 7 2.0771
23 57 51 16.8571
23 58 2 0.2545
23 59 1 0.2017
23 61 18 3.6448
23 62 8 2.9637
23 64 63 17.2680
23 66 10 2.5937
23 67 38 10.2188
23 68 22 6.0703
23 69 18 3.9947
23 71 3 0.6441
23 72 29 5.2484
23 73 62 12.6349
23 74 7 1.4454
23 75 5 0.9541
23 76 66 17.6697
23 78 1 0.3035
23 79 12 3.8938
23 80 4 0.8077
23 81 4 0.7741
23 82 91 20.4745
23 84 13 2.2263
23 85 13 2.6415
23 86 23 6.5829
23 87 8 2.3406
23 88 21 7.2181
23 90 43 8.8561
23 91 247 49.7364
23 92 37 8.1089
23 93 7 1.7081
23 94 16 3.4473
23 95 59 18.7552
23 96 36 7.6136
23 97 1081 260.5317
23 98 15 3.1805
23 99 8 1.6839
23 100 48 11.8091
23 101 11 2.2334
23 103 38 9.2976
23 104 6 1.3531
23 105 10 1.8152
23 106 120 24.5923
23 107 1 0.1936
23 108 39 8.5783
23 109 28 7.4337
23 110 98 30.0233
23 112 23 5.9884
23 113 95 29.9845
23 114 2 0.1924
23 115 12 2.5406
23 116 26 5.8745
23 118 21 4.8379
23 119 14 4.2624
23 120 65 12.6361
23 121 51 16.0236
23 122 22 4.5412
23 123 10 2.6623
23 124 5 0.8509
23 125 5 1.5394
23 126 35 8.7186
23 127 14 3.4293
23 128 226 48.9766
23 129 19 4.7935
23 130 12 2.2580
23 131 72 21.0524
23 132 10 2.7166
23 133 24 5.4801
23 134 24 4.6525
23 135 17 5.4870
23 136 3 0.5721
23 137 61 11.7199
23 138 1 0.1848
23 139 19 5.2650
23 140 1 0.3885
23 141 3 0.6519
23 142 26 5.1845
23 143 16 4.1003
23 144 14 3.2612
23 145 4 0.8259
23 146 5 1.1267
23 147 103 22.6060
23 148 12 3.6869
23 149 68 19.5363
23 150 9 2.1339
23 151 18 4.6666
23 152 452 144.4842
23 153 9 1.8354
23 154 78 20.0361
23 155 63 13.1457
23 156 6 1.3548
23 157 10 3.6390
23 159 2 0.3483
23 160 61 14.2598
23 161 3 0.8168
23 162 29 6.5381
23 163 26 7.3990
23 164 55 16.3299
23 165 11 2.6208
23 166 6 1.7027
23 167 32 9.1462
23 168 7 1.3690
23 169 7 1.2638
23 170 8 1.9926
23 171 49 9.5405
23 172 5 1.6450
23 174 41 8.2038
23 175 10 2.1914
23 176 6 1.2392
23 177 26 4.5152
23 178 2 0.6729
23 179 4 0.7965
23 180 63 13.5031
23 181 6 1.7098
23 182 9 1.8094
23 183 24 6.5045
23 184 7 1.5156
23 185 4 0.7802
23 186 2 0.4581
23 187 31 6.4756
23 188 6 1.5179
23 189 41 11.2358
23 190 6 1.3903
23 191 103 29.5281
23 192 4 0.9153
23 193 6 1.5176
23 195 7 1.4767
23 196 64 42.3400
23 197 10 2.2455
23 198 2 0.5236
23 199 28 7.5772
23 200 1 0.1636
23 201 8 1.9458
23 202 10 1.9494
23 204 3 0.6585
23 205 1414 371.8990
23 206 25 5.4014
23 207 20 4.6642
23 208 31 8.5975
23 209 40 8.5852
23 210 84 17.7340
23 211 12 2.7103
23 212 13 3.0036
23 213 3 1.1745
23 214 101 23.7625
23 215 9 2.3614
23 216 11 2.6112
23 217 10 1.9838
23 218 18 4.2684
23 219 579 153.1148
23 220 25 5.1732
23 222 27 8.3382
23 223 3 0.6759
23 224 641 141.6046
23 225 10 2.6537
23 226 35 7.2337
23 227 11 2.1866
23 228 1 0.2220
23 229 5 0.9412
23 230 2 0.6778
23 231 16 4.2567
23 234 1 0.2388
23 235 16 3.0074
23 236 4 0.8002
23 237 3 0.6744
23 238 1 0.1602
23 239 1 0.1308
23 240 10 2.1873
23 242 17 4.9973
23 243 67 15.7579
23 245 12 2.2784
23 247 15 3.2426
23 249 4 0.6706
23 250 7 1.9786
23 251 14 2.7940
23 253 4 1.2983
23 254 2 0.5517
23 255 139 28.8881
23 256 9 1.6304
23 257 62 13.3366
23 258 6 1.7530
23 259 13 2.4695
23 260 49 13.0665
23 262 4 0.6042
23 263 12 2.4832
23 264 11 3.0029
23 265 33 6.6330
23 266 206 53.3094
23 267 4 0.9278
23 268 28 5.5382
23 269 6 1.3994
23 270 8 1.5383
23 271 396 89.6868
23 272 3 0.6161
23 273 84 18.4703
23 274 15 2.5972
23 275 4 0.7941
23 276 17 3.3984
23 277 512 140.1463
23 278 4 1.2886
23 279 23 7.7103
23 281 6 1.3652
23 282 23 5.5313
23 283 149 35.4359
23 284 16 4.0884
23 285 26 7.1101
23 286 9 2.5910
23 287 15 3.7796
23 288 8 1.7015
23 290 4 1.1288
23 291 14 3.9880
23 292 274 71.0163
23 293 6 1.9992
23 294 36 11.1055
23 295 3 0.5466
23 296 10 2.9498
23 297 1 0.1922
23 298 13 4.1435
23 299 18 3.8477
23 300 45 11.8801
23 301 18 3.9871
23 302 45 9.7866
23 304 13 3.6930
23 305 53 18.5600
23 306 23 4.6668
23 307 9 2.5832
23 308 1 0.2090
23 309 9 2.1677
23 311 7 1.3283
23 312 1 0.1416
23 313 27 10.6993
23 314 1 0.2042
23 315 42 8.6458
23 316 10 2.9543
23 317 99 21.2921
23 318 10 1.9700
23 319 17 5.8868
23 320 309 64.8672
23 322 162 53.8608
23 324 20 4.4061
23 325 11 2.2906
23 326 9 1.9010
23 328 29 6.3246
23 329 101 26.5147
23 330 14 3.4674
23 331 66 15.8305
23 332 101 20.7055
23 333 30 7.7019
23 334 32 6.6543
23 335 69 14.4296
23 336 6 1.0191
23 338 13 3.2846
23 339 9 2.6245
23 341 3 0.3741
23 342 4 0.9586
23 344 14 3.0087
23 345 31 6.1792
23 346 22 4.4564
23 347 35 7.0178
23 348 30 6.7563
23 349 10 2.2049
23 350 5 1.5470
23 351 5 0.9985
23 352 4 0.8602
23 353 5 0.9823
23 354 38 7.6398
23 355 2 0.3845
23 356 177 43.2963
23 357 18 4.4957
23 358 1745 447.7996
23 360 7 1.4655
23 361 33 7.7167
23 362 20 4.2326
23 363 7 1.6198
23 364 30 6.9475
23 365 11 3.0816
23 366 176 39.0937
23 367 60 12.1365
23 368 11 2.3420
23 370 61 18.1372
23 372 116 50.3288
23 374 28 5.5181
23 375 29 5.9924
23 376 4 0.7976
23 377 31 6.2332
23 378 8 2.2488
23 379 1 0.2247
23 381 12 2.3045
23 382 39 7.6708
23 383 48 9.7955
24 0 5 0.9677
24 1 1 0.1909
24 2 259 61.7030
24 3 42 8.7589
24 4 1 0.1590
24 5 47 10.9485
24 6 36 8.8843
24 7 25 5.3547
24 8 11 2.2509
24 10 625 158.6321
24 11 15 2.9510
24 12 11 2.2359
24 13 1 0.2480
24 14 7 1.6931
24 15 162 35.8363
24 16 32 6.8701
24 17 1 0.2117
24 19 25 5.1115
24 20 26 8.7733
24 22 229 52.2039
24 23 1 0.1916
24 24 14 3.4171
24 26 2 0.4323
24 27 6 1.3722
24 28 8 1.9067
24 30 3 0.7910
24 32 51 11.5727
24 33 39 9.0749
24 34 37 8.2180
24 35 14 3.1654
24 36 2 0.3627
24 37 197 44.2638
24 38 1 0.1599
24 39 201 47.2192
24 41 314 86.9461
24 42 17 3.5219
24 43 202 46.3815
24 45 14 2.8391
24 46 9 2.2535
24 47 423 126.3600
24 48 89 18.9855
24 51 10 2.4236
24 52 58 13.3718
24 53 32 8.0639
24 54 28 5.8397
24 57 563 148.2617
24 58 4 1.0562
24 60 44 11.6452
24 61 11 2.2456
24 62 86 19.6912
24 63 22 4.8162
24 64 10 2.1102
24 66 75 19.6270
24 67 1 0.2027
24 68 8 1.6130
24 70 5 1.6122
24 71 23 6.2458
24 72 39 7.3929
24 73 16 5.8429
24 76 4 0.8817
24 78 9 2.0565
24 79 2 0.4767
24 80 6 1.3226
24 81 1 0.1827
24 82 22 4.2559
24 83 6 1.2059
24 84 54 13.1546
24 85 1 0.2668
24 86 36 7.4114
24 87 40 10.4718
24 88 9 3.2605
24 89 2 0.4007
24 90 48 10.3863
24 91 48 11.0458
24 92 22 5.1000
24 93 14 2.8271
24 96 97 19.8611
24 97 10 2.7615
24 98 10 2.4086
24 99 1 0.2624
24 100 18 3.9227
24 101 10 3.0702
24 103 26 6.1976
24 104 45 10.3606
24 105 110 35.5179
24 106 263 61.3956
24 107 29 5.6488
24 108 19 4.2751
24 109 7 1.4509
24 110 2 0.5285
24 112 25 5.5267
24 113 7 1.5541
24 114 3 0.8519
24 115 15 3.7937
24 117 22 4.9595
24 118 6 1.6838
24 119 6 1.4011
24 121 7 1.3496
24 122 18 5.4288
24 123 11 2.4978
24 124 45 10.4909
24 126 4 1.0253
24 127 59 12.4261
24 130 7 1.8901
24 131 1 0.2089
24 132 8 2.0666
24 133 32 7.1729
24 134 21 4.5929
24 135 75 16.3928
24 136 17 3.6869
24 137 3 0.5913
24 138 80 22.2186
24 139 257 64.4515
24 140 3 0.5797
24 141 29 6.1547
24 143 7 1.6254
24 144 1 0.2195
24 145 79 22.6381
24 146 458 112.7801
24 147 140 33.4487
24 150 44 10.0092
24 151 14 3.6302
24 152 2 0.4334
24 153 4 0.8091
24 154 22 4.3887
24 155 69 14.6165
24 157 5 1.4865
24 158 94 18.8244
24 159 12 2.4453
24 161 51 11.3185
24 162 66 18.2402
24 163 17 3.5490
24 164 6 1.5540
24 165 29 7.3363
24 166 8 1.8185
24 167 19 4.3939
24 168 3 0.5658
24 169 4 0.8154
24 171 1 0.2627
24 173 16 3.5654
24 175 38 7.6116
24 176 3 0.7235
24 177 8 1.5492
24 178 11 2.4475
24 179 3 0.6617
24 180 4 0.8312
24 181 27 7.3072
24 182 20 4.1346
24 183 45 15.6325
24 184 25 4.8501
24 185 23 6.6536
24 187 3 0.7691
24 188 1 0.1956
24 189 146 33.5094
24 190 29 7.1287
24 191 95 23.1357
24 192 28 6.2216
24 193 18 4.0378
24 194 8 1.6701
24 195 11 2.3243
24 196 15 3.7216
24 197 9 2.0434
24 198 51 10.2615
24 199 33 7.6782
24 201 6 1.2859
24 202 8 2.1093
24 203 24 5.4010
24 204 108 28.7694
24 206 1 0.2243
24 208 82 19.0138
24 209 5 1.1114
24 211 18 3.7098
24 212 19 4.1384
24 213 34 8.5073
24 214 18 5.3466
24 215 2 0.3969
24 216 4 0.7489
24 218 10 2.3817
24 219 249 54.8347
24 221 1 0.2218
24 222 31 7.0745
24 223 1067 340.9863
24 224 34 7.7910
24 225 563 139.6897
24 227 23 5.5555
24 228 1 0.1932
24 229 1 0.2319
24 230 10 2.2581
24 231 36 7.8854
24 232 235 51.7138
24 233 58 19.6073
24 234 2 0.3806
24 236 2 0.3778
24 237 95 19.2202
24 238 10 2.2898
24 240 15 3.2572
24 241 12 3.0420
24 243 1 0.2191
24 244 86 27.9581
24 245 5 1.2186
24 246 32 7.2211
24 247 12 2.8172
24 249 876 215.9262
24 251 3 0.6085
24 252 130 32.2945
24 253 46 9.7720
24 255 16 3.3052
24 257 156 34.3516
24 259 6 1.1492
24 260 1 0.1766
24 262 14 3.3554
24 263 13 3.0300
24 264 76 17.3115
24 265 64 13.7922
24 266 140 33.9772
24 268 18 3.4141
24 269 48 12.3371
24 271 1 0.2281
24 272 2 0.3450
24 273 53 10.0659
24 274 4 0.9466
24 275 3 0.7296
24 276 26 5.7311
24 277 5 1.0676
24 278 99 22.8225
24 281 74 19.1427
24 282 4 0.9461
24 283 254 57.8452
24 284 74 23.0908
24 285 79 26.3161
24 286 1 0.1624
24 287 21 3.8696
24 289 1 0.1812
24 290 36 8.2166
24 291 11 2.6043
24 292 77 17.2394
24 293 2 0.4503
24 294 7 1.6119
24 296 83 17.9412
24 297 4 0.9585
24 298 2 0.5018
24 299 17 4.1578
24 300 32 6.8542
24 301 26 5.5502
24 302 10 2.3326
24 303 3 0.6516
24 304 9 2.1062
24 306 1 0.2538
24 307 26 5.1400
24 309 5 0.8787
24 311 238 53.2176
24 313 40 9.7403
24 314 12 2.6470
24 315 75 15.3760
24 316 53 9.4212
24 317 25 6.0768
24 318 3 0.6565
24 319 1 0.2201
24 320 1 0.1681
24 321 80 27.1753
24 322 18 3.6865
24 323 12 2.9330
24 324 68 15.2880
24 325 46 9.1453
24 326 52 13.4483
24 327 3 0.7477
24 330 8 1.6653
24 331 35 7.0873
24 332 449 130.9684
24 333 68 14.5514
24 334 2 0.3704
24 335 5 0.9063
24 336 13 2.9450
24 337 38 9.7429
24 338 90 18.7632
24 339 13 2.4762
24 341 2 0.4735
24 342 12 3.7687
24 343 34 9.0364
24 344 12 2.5734
24 345 8 1.3793
24 346 584 142.5981
24 348 15 4.1442
24 351 39 10.0975
24 353 86 22.9922
24 354 9 2.0184
24 355 47 9.7544
24 356 18 3.2611
24 358 38 10.3755
24 359 40 8.7035
24 361 1 0.1256
24 362 8 2.1439
24 363 4 1.4033
24 364 2 0.5697
24 365 31 6.8704
24 367 257 90.9294
24 368 8 2.1162
24 369 43 9.6951
24 370 1 0.1541
24 374 1 0.2235
24 375 7 1.9845
24 376 15 3.1043
24 378 29 6.1631
24 379 10 2.0407
24 382 130 28.7128
24 383 23 5.8872
25 0 5 1.1033
25 1 11 2.8419
25 2 3 0.6153
25 3 6 1.4207
25 4 40 8.7305
25 5 1 0.2304
25 7 381 94.5036
25 8 5 0.8747
25 11 9 2.6320
25 12 4 0.7331
25 13 14 2.8224
25 14 2 0.5506
25 15 55 16.4627
25 16 35 7.6334
25 17 5 1.0613
25 18 4 0.8190
25 20 215 54.5311
25 21 27 5.0603
25 23 173 38.5384
25 24 20 4.8919
25 25 7 1.5779
25 28 7 2.0485
25 29 3 0.5113
25 32 169 36.1528
25 33 108 25.2542
25 34 5 1.0295
25 35 6 1.3278
25 36 3 0.5516
25 37 39 8.9679
25 40 40 7.5203
25 41 11 2.4349
25 42 37 7.4995
25 43 77 15.9817
25 45 5 1.1239
25 47 18 4.6682
25 51 5 0.9698
25 52 1 0.2270
25 53 6 1.4529
25 54 13 2.8512
25 55 58 15.0672
25 56 16 3.3519
25 58 98 22.2393
25 59 2 0.4511
25 60 19 4.0335
25 61 5 1.0733
25 62 15 3.1377
25 63 20 6.7662
25 64 4 0.9523
25 65 8 1.7136
25 66 23 4.6881
25 67 168 36.4496
25 68 3 0.5220
25 71 6 1.1358
25 72 1 0.2161
25 73 50 12.7509
25 74 18 3.2734
25 75 138 29.0267
25 77 2 0.4359
25 80 1 0.2125
25 82 28 6.4131
25 83 35 8.4602
25 86 423 92.3102
25 88 3 0.8359
25 89 30 6.6821
25 90 20 4.2602
25 91 1 0.2292
25 92 15 2.8378
25 93 3 0.6251
25 94 173 41.0498
25 96 3 0.6307
25 97 41 9.3724
25 98 7 1.5819
25 99 34 9.3677
25 101 6 1.3816
25 103 171 36.4961
25 105 2 0.5171
25 106 121 28.0403
25 107 26 6.0305
25 110 6 1.3733
25 111 616 173.0441
25 112 24 5.5614
25 113 3 0.6109
25 114 14 3.6973
25 115 159 37.4577
25 117 2 0.4351
25 118 2 0.2956
25 120 3 0.6052
25 121 8 1.6005
25 122 29 4.8495
25 123 1 0.2748
25 124 45 8.7982
25 125 9 1.6808
25 127 2 0.4178
25 128 135 38.0028
25 129 1 0.2275
25 130 9 2.2276
25 131 3 0.6265
25 132 101 18.6814
25 133 3 0.6498
25 134 153 32.0163
25 135 22 4.5949
25 136 67 15.2354
25 138 7 1.1389
25 139 53 12.4298
25 140 27 6.1570
25 141 3 0.6004
25 142 52 11.6342
25 143 17 3.4014
25 144 16 3.6688
25 145 17 3.2273
25 146 1 0.1555
25 147 6 1.2153
25 148 17 3.9042
25 149 1 0.2226
25 150 11 2.5049
25 151 37 8.6651
25 152 52 11.6532
25 153 10 2.0776
25 156 11 2.7282
25 157 1 0.1852
25 158 7 1.9927
25 159 13 2.4807
25 160 61 13.2751
25 161 27 5.7156
25 162 25 5.9311
25 163 41 9.6134
25 164 1276 410.2173
25 165 79 16.8397
25 166 16 3.4591
25 167 33 7.5495
25 168 25 4.6887
25 169 1 0.2432
25 171 72 24.5127
25 172 1 0.3125
25 174 18 3.8636
25 177 17 4.4167
25 178 338 87.4181
25 179 8 1.4559
25 180 8 1.7930
25 181 1 0.2638
25 182 34 7.9826
25 184 66 13.7888
25 185 2 0.4246
25 186 138 27.2210
25 187 29 5.7879
25 188 82 20.2569
25 189 31 6.7974
25 192 1 0.2383
25 193 26 6.9678
25 194 6 1.4590
25 196 1 0.0964
25 197 58 14.8905
25 198 4 0.9185
25 199 78 17.2494
25 203 15 3.0200
25 204 5 1.0845
25 205 52 11.3201
25 206 5 1.1212
25 208 42 12.7227
25 209 10 2.2742
25 210 59 14.1054
25 211 108 32.2282
25 212 1 0.1019
25 213 10 2.0429
25 214 10 2.4254
25 215 55 12.3574
25 216 535 162.4243
25 217 1 0.2218
25 220 41 8.8033
25 221 12 2.7859
25 223 12 2.9807
25 224 3 0.6116
25 225 19 4.6020
25 227 25 4.1129
25 228 4 0.8486
25 229 3 0.5671
25 230 23 5.2806
25 231 161 44.8336
25 232 6 1.6307
25 233 132 31.3119
25 235 45 9.5845
25 236 10 2.1864
25 237 78 18.7082
25 238 1 0.2032
25 239 34 7.1548
25 241 21 3.9183
25 242 617 117.0932
25 244 57 14.1352
25 246 10 1.9348
25 247 7 1.6641
25 248 24 5.3924
25 249 119 26.2654
25 250 60 14.0098
25 251 218 45.5273
25 252 27 5.5679
25 253 4 0.8183
25 254 1 0.2014
25 256 18 3.2248
25 257 3 0.6575
25 260 353 78.6118
25 261 17 3.8692
25 263 35 6.9838
25 265 31 6.5417
25 266 12 2.4470
25 269 42 8.4227
25 270 25 5.4272
25 271 66 17.3988
25 272 19 5.0452
25 273 8 1.5184
25 274 17 3.6107
25 276 12 2.8152
25 277 14 3.2102
25 279 69 14.7843
25 283 6 1.3416
25 286 31 6.3378
25 287 59 11.9050
25 288 47 9.6987
25 290 6 1.3865
25 291 38 8.1646
25 292 3 0.5878
25 293 369 108.8910
25 294 20 3.9796
25 295 18 3.7818
25 298 2 0.3831
25 299 15 3.3503
25 301 406 91.9448
25 302 70 11.6836
25 303 32 7.0030
25 304 18 4.3612
25 305 1 0.1364
25 306 60 13.7645
25 309 2 0.4555
25 310 143 30.3858
25 311 1 0.2145
25 312 35 8.0363
25 315 35 8.9113
25 316 10 1.9591
25 318 13 3.4318
25 320 18 3.7672
25 321 460 133.6968
25 322 2 0.4154
25 323 90 21.2458
25 325 38 8.4706
25 326 3 0.6369
25 327 16 3.4273
25 328 158 43.9407
25 330 7 1.7231
25 331 76 21.1673
25 332 5 1.1426
25 333 90 24.9548
25 335 11 2.5313
25 336 61 16.1010
25 337 392 114.8361
25 340 3 0.9940
25 341 1 0.1774
25 344 2 0.3634
25 346 8 1.6588
25 347 25 4.4195
25 349 102 25.0516
25 351 30 6.7172
25 352 11 2.3247
25 354 2 0.2981
25 356 8 1.5834
25 357 27 6.0029
25 358 350 83.0306
25 359 620 207.5062
25 360 121 24.5330
25 362 3 0.7128
25 364 73 22.5192
25 365 18 2.6353
25 367 10 2.1104
25 368 16 3.2618
25 370 3 0.5520
25 371 6 1.2701
25 373 4 0.8972
25 375 8 1.4391
25 376 1 0.1884
25 377 4 0.9166
25 381 4 0.8501
25 382 4 0.6040
25 383 71 14.8775
26 0 37 8.0714
26 1 1 0.1924
26 2 17 5.0275
26 3 4 0.8553
26 4 120 26.3199
26 5 1 0.2090
26 6 2 0.3723
26 7 2 0.5169
26 8 13 2.5166
26 11 83 17.2370
26 12 478 105.7031
26 13 1 0.2282
26 14 9 1.7869
26 15 85 23.4201
26 16 40 9.0452
26 17 35 8.1099
26 18 1 0.2070
26 20 63 12.9068
26 25 8 1.4007
26 26 15 3.0395
26 27 346 92.0894
26 28 16 3.8799
26 29 42 9.8035
26 30 11 3.1599
26 31 9 2.1119
26 32 14 3.0604
26 33 4 0.9222
26 34 2 0.4127
26 36 12 2.5377
26 37 183 47.9315
26 38 11 2.1122
26 39 30 8.3492
26 40 21 4.5961
26 41 143 28.9579
26 42 9 2.0489
26 43 7 1.3801
26 44 20 3.9728
26 45 26 5.2293
26 46 17 3.7532
26 47 1 0.2541
26 48 61 12.9187
26 49 33 6.9251
26 50 1 0.2073
26 51 106 23.2547
26 54 71 17.7429
26 57 56 14.7966
26 58 1 0.1794
26 60 52 12.0917
26 61 7 1.4304
26 62 7 1.4190
26 63 1 0.2289
26 64 2 0.4205
26 65 3 0.5947
26 66 5 0.9540
26 68 31 6.7285
26 69 163 35.4220
26 70 39 10.8327
26 74 5 0.9158
26 75 1 0.2137
26 76 22 4.9327
26 77 22 4.5346
26 78 1 0.2040
26 79 26 5.9483
26 80 13 2.8186
26 81 67 14.2337
26 82 5 1.2115
26 83 18 3.9504
26 84 15 3.2956
26 86 2 0.3598
26 87 47 9.7567
26 88 6 1.1788
26 90 42 9.0337
26 91 12 2.7570
26 92 26 4.6768
26 93 531 113.6001
26 94 4 0.8226
26 95 34 8.0854
26 97 69 17.8697
26 98 1 0.1402
26 100 16 3.3203
26 101 70 15.9651
26 102 10 2.0540
26 103 1 0.2094
26 104 3 0.6714
26 105 130 42.1532
26 106 41 9.2380
26 107 127 28.4375
26 110 6 0.9451
26 111 12 2.8347
26 112 9 2.1561
26 116 575 135.0268
26 117 1 0.2529
26 118 23 4.6490
26 119 8 1.6527
26 120 59 14.8476
26 121 31 7.6533
26 122 82 17.6851
26 123 28 6.0689
26 124 2 0.3931
26 125 15 2.5665
26 127 3 0.5510
26 128 10 2.1184
26 129 6 1.3009
26 133 86 19.0503
26 134 121 31.3266
26 135 2 0.3257
26 136 140 37.6815
26 137 51 11.0278
26 138 15 3.3862
26 139 8 2.1174
26 140 19 6.6252
26 142 22 4.8642
26 145 55 12.4230
26 147 11 2.8096
26 148 54 11.7636
26 149 14 2.8823
26 151 19 4.2509
26 152 11 2.8846
26 153 189 42.0563
26 156 4 0.7716
26 157 17 4.7043
26 159 33 7.8523
26 160 39 8.6155
26 162 14 3.0748
26 164 2 0.4360
26 166 53 11.5074
26 167 79 17.0914
26 168 2 0.5919
26 169 207 68.1910
26 170 9 2.0722
26 171 20 4.7185
26 172 2 0.3993
26 173 198 53.2475
26 174 3 0.6935
26 176 61 13.4279
26 177 32 8.3496
26 178 65 15.5247
26 179 34 8.5621
26 181 5 0.7564
26 182 4 0.6746
26 183 17 3.4756
26 185 80 23.6465
26 186 230 53.7913
26 187 6 1.1929
26 188 140 43.0141
26 189 17 3.1577
26 190 2 0.5338
26 191 81 16.3378
26 192 199 44.3848
26 193 1 0.2066
26 194 25 6.7118
26 195 10 2.3782
26 196 2 0.3663
26 197 4 0.9150
26 198 279 62.1150
26 199 46 9.2898
26 200 446 111.5646
26 202 13 3.0919
26 203 1 0.1186
26 204 3 0.6599
26 205 14 2.9988
26 206 473 168.5676
26 207 30 7.6495
26 208 12 2.7878
26 209 23 5.8181
26 211 218 46.9743
26 213 10 2.1201
26 214 8 1.8992
26 215 6 1.4175
26 216 4 0.8407
26 217 18 3.3821
26 220 1 0.2431
26 221 5 0.9364
26 223 20 4.3039
26 224 1 0.2178
26 225 13 2.3580
26 227 82 18.2557
26 228 217 69.7522
26 230 22 4.7559
26 231 6 1.2709
26 233 11 2.8542
26 235 7 1.4629
26 236 9 2.1605
26 237 101 22.7368
26 239 112 22.7680
26 240 12 2.7931
26 241 251 57.3302
26 242 5 0.9059
26 244 13 2.7297
26 245 72 20.3826
26 247 11 2.3308
26 248 32 7.2203
26 249 13 2.6747
26 250 15 3.4068
26 251 53 14.8221
26 252 17 3.8195
26 254 40 8.6739
26 256 55 13.0063
26 257 8 1.7643
26 258 27 5.4476
26 259 158 42.6904
26 260 2 0.3605
26 262 1 0.1926
26 263 12 2.6553
26 264 2 0.4392
26 265 756 236.2339
26 266 27 5.9578
26 267 4 0.7045
26 268 1 0.1419
26 269 1 0.2205
26 270 44 8.5234
26 272 20 5.2315
26 273 3 0.5829
26 274 1 0.2265
26 276 696 222.1618
26 277 36 7.6937
26 279 5 1.1469
26 280 244 66.9789
26 281 28 6.5755
26 283 129 28.1587
26 284 21 4.6631
26 285 20 4.1960
26 288 15 3.5069
26 289 2 0.5807
26 290 38 8.7839
26 292 9 2.0711
26 293 12 2.6315
26 295 6 1.3940
26 297 24 4.8562
26 298 1 0.2227
26 299 10 2.1394
26 301 2 0.2048
26 302 1 0.2267
26 303 8 1.8770
26 304 49 10.7731
26 305 2 0.3968
26 307 28 6.2313
26 309 221 68.9468
26 310 6 1.3317
26 311 15 3.1124
26 313 1 0.1959
26 314 1 0.1195
26 315 24 6.1129
26 317 31 6.8565
26 319 1 0.2804
26 320 4 0.8093
26 321 1 0.2113
26 322 1 0.2095
26 323 15 3.4943
26 324 1 0.1091
26 325 70 17.7528
26 327 2 0.4606
26 328 15 3.8069
26 330 11 2.0845
26 331 44 11.3860
26 332 4 0.9771
26 333 201 42.4084
26 334 63 16.8002
26 336 25 6.1923
26 340 25 6.3307
26 341 81 18.6652
26 342 4 0.8731
26 343 65 16.1470
26 344 2 0.4392
26 345 22 4.7571
26 347 16 3.8029
26 348 48 10.2189
26 349 11 2.5833
26 351 20 4.8156
26 353 43 7.8303
26 355 1 0.2024
26 356 1 0.2145
26 357 13 2.8885
26 358 19 4.2490
26 360 4 0.8126
26 361 272 62.2945
26 362 13 3.0932
26 364 3 0.6282
26 365 70 16.2358
26 366 7 1.4643
26 367 2 0.5482
26 368 21 4.9168
26 369 191 45.7118
26 370 49 11.4578
26 371 89 21.3637
26 372 7 1.8094
26 373 45 10.2516
26 374 1 0.2116
26 375 1 0.1928
26 376 55 12.5299
26 377 17 4.1191
26 379 2 0.3459
26 380 112 23.6368
26 381 2 0.3911
26 382 44 11.2904
26 383 97 28.0794
27 2 60 20.3566
27 3 71 18.4283
27 4 21 4.3250
27 5 52 11.3067
27 6 3 0.7089
27 7 15 2.8275
27 8 55 11.1465
27 9 89 23.5054
27 10 112 35.6710
27 12 21 4.1488
27 13 2 0.3738
27 14 14 2.2412
27 15 1 0.1271
27 16 1 0.1764
27 18 92 18.9876
27 20 3 0.4324
27 22 14 2.9869
27 23 168 38.3127
27 25 3 0.6765
27 26 4 0.9566
27 27 5 1.2944
27 28 42 11.4254
27 29 5 1.2705
27 30 3 0.5668
27 31 6 1.2780
27 33 3 0.6927
27 36 5 0.9117
27 37 13 2.5476
27 39 24 4.7272
27 40 25 5.0842
27 41 46 10.4202
27 43 53 20.1914
27 45 1055 359.6658
27 46 43 8.9702
27 47 61 11.2736
27 48 4 1.2160
27 49 13 3.2603
27 50 23 4.7658
27 51 6 1.1713
27 52 24 5.0687
27 53 16 2.7783
27 54 20 5.8108
27 55 40 8.6125
27 57 517 139.1399
27 58 2 0.4126
27 59 8 1.9369
27 60 1 0.2018
27 61 79 16.7635
27 62 42 9.1987
27 63 151 36.8529
27 64 11 3.1822
27 66 58 12.0807
27 67 5 1.1714
27 68 14 3.1477
27 69 280 75.0967
27 70 18 3.4751
27 72 16 3.8023
27 73 16 3.1944
27 76 9 1.7707
27 77 118 26.6548
27 78 7 1.5634
27 79 14 2.8534
27 80 3 0.4898
27 81 4 0.8461
27 82 4 1.2426
27 83 1 0.2199
27 85 7 1.6320
27 86 59 11.3242
27 87 2 0.3443
27 88 111 26.5856
27 89 28 6.3602
27 90 119 24.4013
27 91 23 4.6818
27 92 30 6.2197
27 93 42 8.5742
27 94 7 1.2947
27 96 53 12.6443
27 98 4 0.6504
27 99 5 0.8066
27 100 12 2.5871
27 101 311 86.5703
27 102 2 0.4666
27 103 55 16.2199
27 104 42 9.6258
27 105 110 26.7867
27 106 12 2.4491
27 107 19 4.0900
27 108 2 0.4510
27 109 3 0.6335
27 110 37 7.5059
27 113 26 4.6068
27 114 15 2.7199
27 115 79 14.3533
27 116 554 176.4402
27 117 5 0.7812
27 119 11 2.2615
27 120 1 0.1504
27 121 14 3.2055
27 122 8 1.6785
27 124 32 7.2016
27 125 119 25.9103
27 126 18 5.1689
27 127 1 0.2588
27 128 73 16.2534
27 129 69 15.5173
27 130 24 4.6548
27 131 15 3.5332
27 132 4 0.9384
27 133 7 1.5047
27 134 13 2.5683
27 135 88 18.9105
27 136 21 4.1177
27 137 11 2.9903
27 138 1 0.2165
27 140 7 1.7289
27 142 16 3.1516
27 143 23 5.5939
27 144 3 0.6123
27 145 10 1.8539
27 146 158 33.0081
27 147 121 25.7930
27 148 629 159.8954
27 149 8 1.9935
27 150 1 0.1131
27 151 19 3.7399
27 152 102 23.0375
27 153 5 1.6617
27 154 16 3.8642
27 156 5 1.6347
27 157 4 0.6456
27 158 28 8.9214
27 159 17 3.2836
27 160 2 0.6095
27 163 6 1.6865
27 164 9 1.4060
27 165 43 9.1257
27 166 14 2.6474
27 167 14 2.4062
27 168 24 4.5936
27 169 27 5.6304
27 170 1 0.2859
27 171 1 0.1966
27 173 1 0.2272
27 174 11 2.3581
27 175 1 0.0784
27 176 21 4.5533
27 177 166 36.3013
27 178 15 3.1184
27 179 25 5.1681
27 180 7 1.6920
27 182 22 7.6218
27 183 2 0.3510
27 185 5 1.0247
27 186 149 31.4243
27 187 10 2.7154
27 188 16 2.2623
27 189 15 2.6812
27 191 2 0.4339
27 192 1 0.1913
27 194 98 20.7575
27 195 4 0.9643
27 196 10 1.9787
27 197 6 1.1267
27 198 57 11.3251
27 199 55 11.8320
27 200 15 3.0992
27 201 6 0.8291
27 202 3 0.5790
27 204 6 1.1980
27 205 10 3.0885
27 207 6 1.0686
27 208 10 2.1240
27 209 10 1.8592
27 210 6 0.9802
27 211 16 3.3381
27 214 553 127.0977
27 215 5 0.7803
27 216 25 4.8993
27 217 18 3.8795
27 218 68 15.0912
27 220 79 15.9380
27 221 10 1.8874
27 222 17 3.2276
27 223 3 0.7452
27 224 88 17.6557
27 225 28 5.2558
27 228 82 16.3272
27 229 2 0.4822
27 230 11 2.2364
27 231 18 7.2454
27 233 24 4.8598
27 235 6 1.1597
27 236 7 1.0464
27 237 6 1.7024
27 239 1 0.1016
27 240 31 8.1048
27 241 22 4.6098
27 242 37 8.9500
27 243 11 2.4623
27 244 83 15.9276
27 245 8 1.2869
27 246 27 5.2495
27 247 10 3.7956
27 248 20 4.0954
27 249 11 2.3858
27 250 46 11.0521
27 251 11 2.4544
27 252 2 0.2977
27 253 13 2.3542
27 254 41 8.9628
27 255 59 12.4697
27 256 34 8.6787
27 257 16 3.1606
27 258 1 0.1479
27 259 287 69.2466
27 261 2 0.3888
27 262 4 0.7923
27 263 42 8.9111
27 264 1 0.2321
27 265 106 25.4862
27 266 24 4.9402
27 267 79 18.2371
27 268 48 10.0330
27 270 6 0.9221
27 271 96 20.4117
27 273 43 8.1908
27 274 37 7.0413
27 275 5 0.6796
27 276 8 1.6842
27 278 31 7.7636
27 279 11 2.4630
27 280 39 8.6123
27 281 29 7.5831
27 282 39 8.4794
27 283 11 2.1436
27 284 9 2.2538
27 285 63 13.9341
27 287 5 0.8842
27 288 1 0.1420
27 289 186 34.1962
27 291 44 9.1679
27 292 56 11.5729
27 294 2 0.4447
27 295 14 2.7717
27 296 39 8.8635
27 297 38 7.4713
27 298 15 2.7138
27 299 7 1.6773
27 301 3 0.6058
27 302 5 0.9033
27 303 22 4.5823
27 304 9 4.1155
27 305 21 3.9982
27 306 97 28.4174
27 307 6 2.1380
27 308 228 51.3714
27 309 7 1.6208
27 310 20 5.1292
27 312 19 4.8929
27 313 6 1.1670
27 314 36 9.9486
27 315 101 20.7477
27 317 2 0.3873
27 320 6 1.0570
27 321 5 1.2359
27 322 37 9.7523
27 323 4 0.8654
27 324 17 4.0615
27 325 4 1.0355
27 326 48 10.1072
27 327 25 4.8482
27 328 58 13.7638
27 329 6 1.3914
27 331 68 20.8482
27 332 3 0.5376
27 333 3 0.7095
27 334 2 0.3768
27 335 24 6.3792
27 336 929 277.7166
27 337 5 1.0374
27 338 11 2.8104
27 339 4 1.2035
27 341 4 0.6404
27 342 17 3.5917
27 343 32 7.3937
27 344 1 0.2152
27 345 4 0.3735
27 346 23 4.3931
27 347 1 0.1953
27 350 3 0.6015
27 351 14 3.5715
27 352 8 1.5070
27 353 28 6.8242
27 354 3 0.5381
27 355 49 10.3667
27 357 1 0.1584
27 358 17 5.3517
27 359 17 3.7290
27 360 5 0.9557
27 361 44 10.4344
27 362 216 66.2574
27 363 220 68.7063
27 365 16 4.2138
27 366 5 0.8036
27 367 13 2.8475
27 368 14 4.1377
27 370 2 0.3471
27 371 1 0.2057
27 373 98 27.3075
27 374 19 3.7120
27 375 6 1.6974
27 377 8 2.6491
27 378 19 4.2139
27 379 4 0.8142
27 380 11 1.4866
27 381 22 4.3950
27 382 106 22.2292
27 383 81 15.5488
28 0 1 0.1326
28 2 5 1.1523
28 3 19 4.3464
28 7 33 8.0753
28 8 3 0.6235
28 9 49 12.6446
28 11 177 45.2693
28 12 3 0.3727
28 13 7 1.6483
28 15 65 14.5878
28 16 13 3.8067
28 18 21 5.8470
28 19 4 0.8476
28 22 40 9.6457
28 25 5 1.0492
28 26 5 1.1018
28 27 11 2.4466
28 29 1 0.2321
28 30 5 1.3884
28 31 1 0.2346
28 32 21 4.5805
28 34 67 16.7256
28 35 12 2.1998
28 36 6 1.7616
28 37 1 0.2265
28 38 32 5.4375
28 39 6 1.3897
28 40 96 23.0090
28 41 26 5.8737
28 42 1 0.1913
28 43 44 10.4120
28 44 23 5.0270
28 46 43 10.6674
28 47 5 1.1826
28 48 48 13.5024
28 49 13 4.9220
28 50 24 5.7062
28 51 20 4.2840
28 52 134 30.8401
28 53 130 29.9057
28 56 99 19.5763
28 57 191 42.5599
28 58 76 17.0460
28 59 81 23.3271
28 60 5 1.4526
28 61 40 11.4395
28 63 1 0.2688
28 65 7 1.6779
28 67 700 273.9756
28 69 6 0.9849
28 70 8 1.7045
28 71 8 1.5340
28 72 55 10.4137
28 73 15 3.1156
28 74 3 1.1494
28 75 5 1.2829
28 76 6 1.3300
28 78 113 25.9840
28 79 7 1.4978
28 80 6 1.2253
28 82 86 19.6281
28 83 6 1.5801
28 84 25 4.9247
28 85 25 5.5991
28 86 2 0.5388
28 87 33 6.6812
28 88 6 1.2259
28 89 10 3.3702
28 90 30 5.8225
28 91 59 13.6974
28 92 516 121.4636
28 93 1 0.1976
28 94 61 14.4792
28 96 45 11.2405
28 97 10 2.3377
28 98 18 4.6334
28 101 296 67.7089
28 105 21 4.2994
28 106 1 0.1832
28 108 52 10.8413
28 109 4 0.8558
28 110 116 27.0083
28 111 5 1.2673
28 112 6 1.6076
28 113 11 1.8430
28 115 1 0.2444
28 116 5 0.8885
28 117 6 1.0938
28 118 234 54.1014
28 119 7 1.3820
28 120 25 5.5944
28 122 22 4.9143
28 123 7 1.3643
28 125 16 4.4776
28 126 101 34.7107
28 127 108 25.7378
28 128 3 0.7300
28 129 84 27.9675
28 130 36 8.2728
28 131 2 0.3218
28 134 1 0.1615
28 135 5 1.3257
28 136 6 1.4751
28 137 378 106.2073
28 138 10 2.2858
28 139 99 21.5723
28 140 6 1.1151
28 141 160 37.4210
28 142 2 0.4417
28 143 88 20.7278
28 144 14 2.2750
28 147 8 2.6596
28 149 2 0.3170
28 150 35 7.3918
28 151 8 1.6736
28 153 344 97.6063
28 154 5 1.0868
28 156 1 0.0507
28 157 2 0.3225
28 158 4 0.7643
28 159 24 5.2591
28 163 13 3.1866
28 166 5 0.9556
28 167 11 2.5531
28 169 317 51.5632
28 170 73 15.4914
28 171 1 0.2295
28 175 198 44.1527
28 176 1 0.2431
28 177 12 3.7648
28 178 25 5.3010
28 179 54 12.2393
28 180 15 2.7388
28 182 7 2.1130
28 184 41 9.7221
28 185 3 0.5847
28 187 26 5.5066
28 188 1 0.1816
28 189 44 10.8587
28 190 5 0.9274
28 192 14 3.9700
28 193 41 8.7129
28 194 7 1.2704
28 197 17 2.1857
28 198 5 1.2184
28 199 26 5.6524
28 200 237 62.9736
28 201 2 0.4798
28 203 8 1.6567
28 204 5 0.9462
28 205 4 0.9581
28 206 4 0.9974
28 207 6 1.4888
28 208 7 1.4525
28 210 1 0.2339
28 211 125 29.8353
28 212 39 8.2027
28 213 15 3.0555
28 214 294 55.6138
28 215 46 9.1521
28 216 19 6.5496
28 219 2 0.4534
28 220 30 6.1991
28 221 109 23.2992
28 222 48 11.3226
28 223 5 1.5526
28 224 30 7.8762
28 225 3 0.6213
28 226 34 9.7669
28 227 20 4.2818
28 228 3 0.5369
28 229 34 7.9644
28 230 43 10.7952
28 232 60 15.0391
28 233 44 8.8651
28 234 9 2.5569
28 235 66 15.7585
28 238 28 6.7665
28 240 27 5.7381
28 242 132 33.8476
28 243 51 11.2725
28 244 18 5.3624
28 245 2 0.4345
28 246 202 44.4461
28 247 7 1.5102
28 248 11 2.5762
28 249 77 20.3190
28 251 155 34.1767
28 252 102 24.2488
28 253 220 48.4190
28 254 10 2.0931
28 256 1 0.2242
28 258 4 0.9471
28 259 22 4.5834
28 260 2 0.5871
28 261 4 0.6341
28 262 452 126.5476
28 263 14 3.2549
28 264 2 0.5323
28 265 1 0.2398
28 266 6 0.7442
28 268 4 0.8944
28 269 10 4.1591
28 270 7 1.3199
28 271 56 16.4317
28 272 2 0.3757
28 273 12 2.2826
28 274 96 16.6660
28 275 47 18.5206
28 276 52 13.4259
28 277 13 3.0499
28 278 1 0.2236
28 279 3 0.4948
28 280 12 2.9912
28 281 6 1.2125
28 282 6 1.5135
28 283 30 7.0206
28 284 8 1.6393
28 285 83 17.9538
28 286 7 1.6701
28 287 3 0.4465
28 289 58 14.1626
28 291 35 8.2231
28 293 9 1.6509
28 294 30 6.2887
28 295 51 13.9034
28 296 155 34.1171
28 297 21 4.7481
28 299 2 0.3349
28 300 102 24.9653
28 302 7 1.4886
28 303 1 0.2094
28 304 19 4.3750
28 305 6 1.3324
28 308 62 14.8732
28 309 2 0.3564
28 310 5 1.2504
28 311 46 10.3737
28 312 189 36.3685
28 313 13 2.2421
28 314 4 0.6981
28 315 83 18.3983
28 316 1 0.2791
28 319 11 2.2552
28 320 7 1.5889
28 321 13 3.3602
28 323 7 1.1258
28 324 67 22.0001
28 325 26 5.5721
28 326 1 0.1207
28 330 215 53.6504
28 332 72 17.3351
28 333 47 8.6858
28 334 4 0.9464
28 336 8 1.4166
28 337 7 2.0857
28 338 9 1.3970
28 341 26 5.6396
28 342 9 2.1729
28 344 2 0.2206
28 345 6 1.0129
28 346 1 0.1567
28 347 82 21.9563
28 348 499 175.1087
28 349 1 0.2185
28 350 2 0.5129
28 351 7 1.1001
28 352 146 33.1239
28 353 54 9.7085
28 354 5 1.1414
28 355 41 10.3544
28 357 20 3.1889
28 358 33 7.9416
28 359 68 16.0405
28 360 8 1.6295
28 361 8 1.9882
28 362 32 7.3463
28 364 4 1.0125
28 366 42 9.8258
28 367 175 53.3975
28 368 18 4.0246
28 369 32 9.0244
28 370 4 1.7165
28 374 6 1.3469
28 375 14 2.9545
28 376 140 35.2262
28 377 89 21.6262
28 378 5 1.1709
28 379 9 2.1515
28 380 4 0.9899
28 381 2 0.4861
28 382 11 2.5454
28 383 12 2.7354
29 0 25 5.3297
29 2 6 1.1442
29 3 30 6.5307
29 4 3 1.0366
29 6 16 3.1252
29 7 6 1.0978
29 8 4 0.7413
29 9 33 7.7879
29 10 43 11.7760
29 11 17 3.7820
29 12 1 0.1744
29 13 139 27.3934
29 14 9 1.6072
29 16 2 0.3600
29 17 11 1.8792
29 18 1 0.1628
29 19 8 1.6445
29 20 6 1.3158
29 21 12 2.5192
29 22 10 2.0958
29 25 18 3.8196
29 26 6 1.2026
29 27 11 2.7371
29 29 56 11.7048
29 30 71 9.6844
29 31 6 1.4930
29 32 7 1.3598
29 33 145 47.9792
29 34 25 5.2197
29 35 28 7.4742
29 36 1 0.1514
29 37 20 6.4641
29 38 30 5.7804
29 39 7 1.3694
29 40 273 46.1772
29 41 6 0.8343
29 42 30 5.6533
29 43 104 21.0264
29 45 10 2.5058
29 47 60 19.5273
29 48 81 22.9984
29 50 3 0.6532
29 52 30 12.2372
29 53 7 1.4346
29 55 270 57.5845
29 56 34 7.2949
29 57 4 0.8922
29 58 6 1.0896
29 59 32 9.5816
29 61 6 0.8320
29 62 11 1.9342
29 63 52 11.4133
29 64 64 11.7800
29 65 1 0.1053
29 66 11 2.4024
29 67 4 0.7871
29 68 1 0.1911
29 69 46 10.3484
29 70 28 5.6962
29 71 21 3.7887
29 72 380 96.7314
29 73 12 2.6143
29 75 639 209.7237
29 76 20 4.0730
29 77 20 6.6648
29 78 6 1.6298
29 80 3 0.4590
29 81 14 2.9641
29 83 7 1.5498
29 84 31 9.4828
29 85 41 9.6507
29 86 16 3.1448
29 87 150 32.6703
29 88 16 3.1877
29 89 9 1.1183
29 90 20 3.6679
29 91 1 0.0393
29 92 34 7.8757
29 93 1 0.5424
29 94 39 7.6258
29 95 13 3.1220
29 96 3 0.6700
29 97 19 4.3036
29 98 35 7.5148
29 99 15 3.1316
29 100 8 1.5463
29 101 327 82.6655
29 102 4 1.0973
29 103 11 2.0334
29 104 3 0.8381
29 105 36 8.6515
29 107 4 0.9270
29 109 8 1.6322
29 110 7 1.2043
29 111 6 1.2051
29 113 5 0.9962
29 114 23 5.0072
29 115 17 3.5674
29 117 101 20.6631
29 119 53 12.8638
29 120 18 3.8881
29 122 105 25.1614
29 123 56 9.3801
29 124 2 0.2293
29 125 11 2.3032
29 126 86 18.7132
29 127 1 0.3025
29 129 26 5.7820
29 130 9 1.8135
29 131 27 7.8213
29 133 3 0.6463
29 134 13 3.1585
29 135 28 6.4011
29 136 150 32.6041
29 137 3 0.4713
29 138 17 4.1441
29 139 8 1.6593
29 140 45 8.8541
29 141 4 1.0828
29 142 353 89.7502
29 143 3 0.9655
29 145 3 0.4622
29 146 4 0.5578
29 147 5 1.0891
29 148 7 1.4355
29 150 16 4.3621
29 152 5 1.1020
29 153 190 39.9988
29 154 18 4.4200
29 155 22 4.2572
29 158 5 0.9913
29 159 5 1.2438
29 160 62 13.7806
29 161 67 19.3804
29 162 114 25.2136
29 163 12 2.3392
29 164 19 6.4795
29 166 12 2.3989
29 167 154 32.3010
29 168 15 3.0740
29 169 6 1.3363
29 170 20 4.1926
29 171 400 178.8915
29 172 5 0.8206
29 173 21 4.7212
29 175 1 0.2403
29 176 2 0.4833
29 177 16 3.9497
29 178 5 0.9618
29 179 1 0.1720
29 180 122 25.9264
29 181 43 7.9568
29 182 18 3.0839
29 184 2 0.4294
29 187 333 66.5186
29 188 11 2.2439
29 189 16 3.5348
29 190 10 2.2387
29 191 19 4.7661
29 192 2 0.3997
29 193 1 0.1732
29 194 38 10.0772
29 195 3 0.6750
29 197 12 2.5437
29 198 29 5.9044
29 199 10 2.5043
29 200 12 2.6513
29 201 1 0.2559
29 202 31 6.0182
29 203 3 0.7663
29 205 9 1.9372
29 206 9 2.4455
29 207 22 3.5808
29 208 5 0.9240
29 209 83 17.6167
29 210 9 1.7979
29 211 30 6.7144
29 212 107 25.3958
29 213 4 0.7702
29 214 45 10.6715
29 215 5 1.0064
29 216 2 0.4408
29 217 9 1.2326
29 218 112 29.1121
29 220 1 0.1524
29 221 192 41.8549
29 222 2 0.4113
29 224 1 0.1781
29 225 149 26.0748
29 226 12 4.9151
29 227 1 0.1835
29 228 45 11.3041
29 229 31 6.0510
29 230 2 0.3663
29 231 15 3.4592
29 233 93 17.4923
29 234 2 0.5978
29 235 12 2.4928
29 238 11 2.1414
29 239 4 0.8617
29 240 8 1.6632
29 241 1 0.2148
29 243 17 4.2792
29 244 65 13.6498
29 245 5 0.9696
29 246 2 0.3700
29 247 12 2.2260
29 248 4 0.9827
29 249 1 0.2404
29 250 29 7.4702
29 251 172 48.5571
29 252 182 43.1953
29 253 2 0.4139
29 254 19 3.7908
29 255 1 0.1516
29 256 106 36.1669
29 257 133 25.6255
29 258 400 110.3056
29 259 34 7.3520
29 260 137 29.5748
29 261 63 13.4129
29 262 144 27.2717
29 263 26 5.1484
29 264 25 4.7679
29 265 22 4.1933
29 266 7 2.0806
29 268 17 3.4364
29 269 11 2.6521
29 270 9 2.2091
29 271 7 1.5099
29 273 2 0.3437
29 274 4 0.8406
29 275 4 0.7270
29 277 59 16.0656
29 278 12 3.8363
29 279 4 0.8219
29 280 43 8.3363
29 283 21 4.2959
29 284 23 4.5135
29 285 5 1.1089
29 286 6 1.2278
29 287 2 0.4231
29 288 5 1.2079
29 291 26 5.1763
29 292 6 1.5811
29 293 8 1.1285
29 294 3 0.9722
29 296 15 3.4815
29 298 6 0.8991
29 299 1 0.1012
29 300 5 0.7664
29 301 1 0.0758
29 302 16 3.3459
29 304 51 10.9891
29 305 19 3.9318
29 306 135 49.4575
29 307 20 3.8387
29 308 310 83.6888
29 310 1 0.1791
29 311 26 5.1349
29 313 11 3.1263
29 314 22 6.6845
29 315 4 1.1109
29 317 14 3.0929
29 318 2 0.3995
29 319 26 9.2448
29 320 27 6.1969
29 321 153 45.4864
29 322 8 2.0116
29 325 8 2.0488
29 326 23 3.9354
29 327 19 3.9084
29 330 15 3.0065
29 333 9 1.8048
29 334 74 17.1091
29 336 635 235.4515
29 337 4 0.7261
29 338 1 0.3036
29 340 14 3.0224
29 341 3 0.5244
29 342 23 6.1866
29 344 22 4.5162
29 345 27 4.9749
29 346 3 0.6886
29 347 15 3.2503
29 348 40 8.2060
29 349 1 0.3752
29 350 110 25.5676
29 351 28 5.4645
29 352 34 7.2342
29 353 13 2.7854
29 358 16 3.8974
29 359 23 6.6145
29 360 3 0.6605
29 361 9 1.4800
29 362 4 0.7760
29 363 8 2.4375
29 364 2 0.2895
29 365 4 0.7908
29 366 12 1.8636
29 367 21 5.0196
29 369 30 6.4863
29 370 22 4.6619
29 372 5 0.8394
29 373 17 3.2964
29 374 4 0.6746
29 375 24 4.8620
29 376 274 58.7142
29 377 2 0.4664
29 378 12 2.4796
29 379 9 2.1251
29 381 49 8.9567
29 382 5 1.2824
30 0 26 6.1068
30 2 209 59.2716
30 3 9 2.0470
30 4 14 8.1184
30 5 10 2.4821
30 6 8 2.0186
30 7 13 3.0798
30 8 9 2.0966
30 9 46 10.7484
30 10 16 3.4882
30 11 165 49.1891
30 12 109 24.0166
30 13 32 6.9557
30 14 12 2.9732
30 15 25 5.2313
30 16 131 33.6747
30 17 71 17.2637
30 18 347 101.6846
30 19 31 7.6367
30 20 13 3.3905
30 21 32 6.6549
30 22 153 52.5823
30 23 22 4.2822
30 24 13 3.0219
30 25 2 0.3747
30 26 8 1.7859
30 27 10 1.8237
30 28 19 4.2777
30 30 13 3.2461
30 32 1 0.1861
30 33 18 3.6452
30 34 1 0.1662
30 35 6 1.1197
30 36 143 29.0125
30 37 16 3.6320
30 39 5 0.6570
30 40 2 0.3270
30 41 43 9.0886
30 42 52 10.0264
30 43 41 10.0620
30 44 17 4.1389
30 45 19 4.4477
30 46 4 0.8291
30 47 2 0.3594
30 48 10 2.7744
30 49 27 6.2978
30 50 16 4.2569
30 51 5 0.8931
30 52 6 1.4372
30 55 13 2.8285
30 56 40 7.4448
30 57 2 0.7202
30 59 9 1.7451
30 60 43 7.8991
30 61 15 3.7789
30 62 9 2.1625
30 63 13 2.7829
30 64 1 0.1845
30 67 185 41.7879
30 68 9 1.8698
30 69 26 4.3801
30 70 8 1.5357
30 71 5 1.1727
30 72 110 24.1214
30 74 65 19.1091
30 75 3 0.3390
30 76 24 5.4017
30 77 5 0.9528
30 78 19 3.9660
30 79 69 13.8735
30 80 38 7.3087
30 81 11 2.6470
30 82 2 0.3863
30 84 19 3.8723
30 85 3 1.3770
30 86 2 0.4269
30 87 63 18.8049
30 88 3 0.6860
30 90 22 4.7714
30 91 13 2.0546
30 93 2 0.1969
30 95 196 56.4322
30 96 2 0.7775
30 97 28 9.9224
30 98 3 0.4602
30 99 223 60.3950
30 100 123 27.2916
30 102 2 0.3720
30 103 6 1.6156
30 104 60 13.1268
30 105 9 2.1956
30 107 8 1.3529
30 108 7 1.4943
30 109 23 3.7880
30 111 36 8.5214
30 112 149 32.9641
30 113 1 0.1860
30 115 14 3.1282
30 118 11 2.1491
30 122 4 1.0241
30 123 1 0.2666
30 124 24 5.3867
30 125 5 0.9487
30 126 45 5.9510
30 127 12 1.8047
30 128 1 0.2592
30 130 2 0.6907
30 131 20 4.1121
30 133 221 50.0998
30 135 2 0.3160
30 138 34 7.7208
30 139 37 6.3601
30 141 7 1.2891
30 142 17 3.2359
30 143 121 24.9247
30 144 16 2.2117
30 145 8 1.3363
30 147 1 0.2242
30 148 8 1.7919
30 149 32 6.8759
30 150 7 1.3621
30 151 8 1.6790
30 153 58 12.3188
30 154 31 6.7491
30 156 11 2.2169
30 159 13 2.5192
30 160 6 1.7521
30 161 564 156.6981
30 162 19 2.8910
30 163 17 2.3898
30 164 18 3.7898
30 165 10 2.1561
30 166 13 2.7576
30 167 17 3.9523
30 168 12 2.3750
30 170 22 4.4850
30 171 21 5.2343
30 172 2 0.6173
30 175 232 65.6800
30 176 3 0.6309
30 177 3 0.4659
30 178 5 0.9834
30 180 6 1.0027
30 181 31 7.4337
30 182 133 32.7319
30 183 2 0.2706
30 184 4 0.6751
30 185 6 1.2657
30 186 2 0.2200
30 188 16 4.0005
30 190 5 1.2311
30 191 32 5.7406
30 192 3 0.4220
30 193 19 4.9671
30 194 24 5.7811
30 195 2 0.3100
30 196 4 0.7821
30 197 358 86.0764
30 198 17 3.7022
30 199 12 2.1080
30 202 17 5.2314
30 203 19 4.2532
30 204 1 0.2213
30 205 68 15.4966
30 206 38 7.5755
30 207 9 1.8942
30 208 5 1.1645
30 209 467 104.6820
30 210 256 57.5181
30 211 5 1.0616
30 212 54 10.3490
30 215 26 5.1734
30 217 1 0.2276
30 218 24 5.2296
30 219 1 0.2317
30 220 52 12.0893
30 221 1 0.2443
30 222 1 0.3941
30 225 54 12.1113
30 226 39 9.6437
30 227 2 0.4204
30 228 5 0.4948
30 229 198 42.7482
30 230 6 1.4176
30 231 2 0.2868
30 232 1 0.0834
30 233 202 65.9534
30 234 23 6.9981
30 235 140 28.0832
30 236 33 9.3737
30 237 7 1.2478
30 240 12 3.3773
30 241 20 4.5238
30 243 29 6.5693
30 244 35 8.3201
30 245 58 13.4834
30 246 4 0.7505
30 247 35 8.2442
30 248 16 3.2330
30 249 11 2.5640
30 250 118 25.4344
30 252 27 6.1559
30 254 37 5.1163
30 255 21 7.0524
30 256 10 2.4698
30 257 27 4.8875
30 259 19 4.6801
30 260 5 1.0495
30 262 33 7.9090
30 263 155 30.4406
30 264 33 8.9041
30 265 38 10.5966
30 266 7 1.3959
30 267 16 3.8999
30 268 2 0.5658
30 269 20 4.0297
30 270 6 0.6436
30 272 15 3.1340
30 273 6 1.4261
30 274 3 0.3874
30 275 16 2.4006
30 276 1 0.2340
30 277 4 0.4102
30 278 1 0.1157
30 279 1 0.1588
30 280 16 3.5186
30 281 35 7.1706
30 285 22 5.0594
30 286 30 7.4566
30 287 5 1.4831
30 288 51 16.5814
30 289 7 1.1266
30 290 1 0.1532
30 291 64 13.8390
30 292 69 14.0210
30 294 54 12.9893
30 295 91 21.1091
30 296 37 8.2035
30 299 43 9.3445
30 300 4 0.9557
30 301 72 17.6959
30 302 127 32.0822
30 303 64 20.4864
30 304 22 4.5173
30 305 1 0.1542
30 306 16 4.1307
30 307 10 2.9432
30 308 26 5.3659
30 310 26 4.9974
30 312 2 0.2597
30 313 26 5.1785
30 317 114 30.4046
30 319 16 2.5742
30 320 21 5.3395
30 321 69 13.3370
30 322 7 2.7322
30 323 3 0.6096
30 324 27 5.3009
30 326 43 8.0248
30 327 28 5.9908
30 328 10 2.0183
30 329 32 7.8160
30 330 2 0.3009
30 331 35 8.9451
30 332 12 2.8542
30 334 164 57.2274
30 335 6 1.2951
30 336 3 0.7780
30 337 4 1.1914
30 338 7 1.4867
30 341 11 1.9905
30 342 44 10.3214
30 344 10 3.0000
30 345 729 287.3586
30 346 1 0.1510
30 348 11 2.5582
30 349 68 15.2133
30 350 24 3.1194
30 351 9 1.8608
30 352 7 1.6873
30 354 3 0.6136
30 355 137 27.2326
30 356 20 6.5515
30 358 19 6.5179
30 359 2 0.3533
30 360 10 2.7101
30 361 36 5.6193
30 362 2 0.3565
30 364 21 4.0181
30 365 3 0.2970
30 366 26 6.0042
30 367 3 0.6309
30 368 3 0.6573
30 369 1 0.1048
30 370 27 3.3945
30 371 2 0.4128
30 374 5 1.1550
30 375 8 1.6470
30 376 57 10.9727
30 377 40 8.4545
30 378 5 1.1232
30 379 107 28.4646
30 380 6 1.4215
30 382 10 2.2881
30 383 37 8.7392
31 1 1 0.3600
31 2 77 15.6404
31 3 61 16.3261
31 4 15 3.4815
31 5 13 2.9191
31 6 92 21.1653
31 7 39 7.4641
31 8 14 3.2188
31 9 1 0.1856
31 10 6 1.3539
31 11 4 0.9127
31 12 3 0.7117
31 13 15 2.8248
31 14 11 2.6454
31 15 7 1.7749
31 16 38 7.8148
31 17 265 66.4194
31 19 44 10.8497
31 20 17 4.0763
31 22 62 17.8298
31 24 21 5.4277
31 25 19 3.3580
31 26 14 3.9366
31 28 6 1.3624
31 29 38 11.0479
31 30 1 0.1834
31 31 184 38.3455
31 34 25 5.4939
31 36 43 10.0304
31 37 1 0.2613
31 38 117 26.3202
31 39 9 1.6112
31 41 8 2.3186
31 42 11 2.5819
31 43 9 3.0054
31 45 19 3.8558
31 46 58 13.4744
31 47 1 0.1743
31 48 18 4.4292
31 50 26 7.7199
31 51 23 5.0601
31 52 340 72.8655
31 53 106 23.1084
31 55 3 0.6015
31 56 26 8.7093
31 57 3 0.6559
31 58 5 1.1709
31 59 12 2.5479
31 60 2 0.4018
31 62 2 0.4521
31 63 6 1.2720
31 64 176 41.5887
31 65 5 1.1886
31 66 19 4.6521
31 67 9 2.6352
31 68 28 7.9724
31 69 1 0.2390
31 70 33 7.8839
31 71 8 2.5985
31 72 3 0.5667
31 75 20 4.7054
31 76 43 9.8028
31 77 7 1.4314
31 78 1 0.2065
31 79 1 0.1877
31 80 11 2.0961
31 81 4 0.9083
31 82 2 0.3615
31 83 7 1.4663
31 84 9 1.0449
31 85 69 12.2021
31 87 4 0.7776
31 88 283 75.7496
31 90 1 0.3652
31 91 7 1.6454
31 94 3 0.5150
31 96 92 18.5156
31 97 78 12.1883
31 98 4 0.9505
31 99 8 2.3287
31 100 6 1.3326
31 101 9 1.8884
31 102 1 0.1273
31 103 84 17.1654
31 104 41 10.0000
31 105 111 23.7034
31 106 1 0.2087
31 108 19 5.1939
31 109 17 4.9195
31 110 14 3.2572
31 111 1 0.1562
31 114 3 0.7499
31 115 50 11.7351
31 116 9 2.0647
31 117 5 0.9827
31 118 10 2.7807
31 119 5 1.0551
31 121 3 0.5752
31 122 6 1.3624
31 123 5 0.9036
31 124 1 0.2043
31 125 2 0.5236
31 127 2 0.2915
31 128 2 0.5713
31 129 60 10.8329
31 130 22 4.2174
31 131 14 2.9402
31 132 6 1.0822
31 133 44 8.7943
31 134 10 1.9133
31 135 24 5.2168
31 136 4 0.5562
31 137 26 7.3125
31 138 55 12.2242
31 139 2 0.7455
31 140 6 1.6252
31 141 21 4.6790
31 142 16 3.6377
31 143 18 3.6714
31 144 19 5.0907
31 146 7 1.6881
31 147 2 0.4882
31 148 1 0.1786
31 149 15 2.4854
31 151 23 6.7379
31 152 7 1.4193
31 153 36 6.5711
31 154 4 1.0107
31 155 43 9.5426
31 156 41 7.8597
31 158 13 3.4485
31 159 2 0.4455
31 160 37 9.3794
31 162 8 1.4753
31 164 15 3.0784
31 165 9 2.8264
31 167 19 4.5475
31 168 58 19.8559
31 170 23 7.6225
31 171 35 7.0189
31 173 35 7.6591
31 174 4 1.1746
31 175 19 9.2449
31 177 1 0.2358
31 178 2 0.4466
31 182 24 4.8778
31 184 3 0.5348
31 185 85 20.7052
31 186 4 0.9882
31 187 1 0.1300
31 188 342 91.4204
31 189 36 8.8238
31 190 60 13.1611
31 191 12 1.8967
31 193 24 4.2863
31 195 47 13.3465
31 197 2 0.3882
31 198 6 1.9248
31 199 5 1.5859
31 201 14 2.4580
31 202 6 2.0304
31 203 132 30.3414
31 204 2 0.3684
31 205 1 0.1991
31 206 32 7.6762
31 207 2 0.4258
31 208 10 2.8030
31 209 6 1.4777
31 210 4 0.8061
31 211 26 5.7968
31 212 6 1.1657
31 213 83 20.4895
31 215 2 0.3573
31 216 5 1.2012
31 217 74 20.8990
31 218 1 0.2055
31 219 7 1.7280
31 220 3 0.5944
31 221 6 1.4415
31 222 9 2.1426
31 223 2 0.5404
31 225 3 0.7592
31 226 1 0.2331
31 227 3 0.8606
31 229 573 146.3577
31 230 26 6.8179
31 232 13 3.2893
31 233 1 0.2209
31 236 3 0.5252
31 237 4 1.0390
31 238 22 5.1836
31 239 26 6.7398
31 240 2 0.2885
31 241 4 0.6483
31 242 2 0.3105
31 243 29 6.8338
31 244 96 21.8030
31 245 53 11.6487
31 246 3 0.4536
31 247 20 4.1177
31 249 44 9.3515
31 250 5 0.9094
31 251 8 1.6647
31 252 1 0.1382
31 253 25 6.3893
31 254 8 1.4520
31 255 115 27.0351
31 257 14 3.0307
31 258 9 2.1953
31 259 3 0.5557
31 260 118 32.6307
31 261 2 0.5857
31 262 24 4.4097
31 263 5 1.5328
31 264 1 0.2214
31 266 27 5.8498
31 267 7 1.8441
31 268 9 2.2089
31 269 8 1.8156
31 270 2 0.3717
31 271 34 7.5665
31 272 8 2.2436
31 273 1 0.2536
31 274 120 25.8487
31 275 9 1.8510
31 276 438 86.3736
31 279 88 21.4179
31 280 26 5.4619
31 281 108 24.5736
31 284 1 0.1894
31 285 6 1.7522
31 286 42 15.0217
31 287 15 2.7956
31 288 4 0.8358
31 289 10 1.8802
31 290 6 1.1982
31 291 24 4.8295
31 293 33 9.6996
31 294 15 2.9436
31 295 12 2.1022
31 296 13 4.2389
31 297 588 199.1618
31 298 29 5.0288
31 299 4 1.4269
31 300 28 5.3276
31 301 41 6.9946
31 302 4 0.5332
31 303 57 15.1319
31 304 16 3.6325
31 306 8 2.4385
31 308 173 58.5946
31 309 4 1.0855
31 310 12 4.3938
31 311 68 14.6055
31 312 8 1.8544
31 313 7 1.3673
31 314 4 0.8647
31 315 3 0.6577
31 316 5 1.2378
31 318 141 32.2731
31 321 2 0.4567
31 322 4 0.8566
31 323 6 1.1458
31 324 54 17.2725
31 325 53 15.2109
31 326 86 18.9120
31 327 3 0.5786
31 329 6 1.4720
31 330 101 32.0180
31 332 6 1.5573
31 333 1 0.2438
31 334 18 3.5848
31 335 4 1.3747
31 336 2 0.4933
31 337 178 42.4932
31 339 623 230.5473
31 340 11 2.1760
31 341 5 1.2103
31 343 1 0.1203
31 344 8 1.9822
31 345 8 1.5885
31 346 3 0.5465
31 347 13 4.0178
31 348 105 19.9575
31 349 9 2.1551
31 350 28 6.7761
31 351 43 11.1124
31 352 2 0.5169
31 353 4 0.7481
31 354 88 21.5820
31 356 7 1.5092
31 357 275 69.4457
31 358 78 15.8002
31 359 34 7.9616
31 361 14 3.3549
31 362 9 1.9701
31 363 3 0.4933
31 364 2 0.7679
31 366 1 0.2180
31 368 48 9.3310
31 369 1 0.2353
31 370 17 3.9579
31 371 5 1.1007
31 372 5 0.6351
31 375 242 54.2046
31 376 7 1.3140
31 377 3 0.5453
31 378 54 10.5440
31 379 1 0.3026
31 381 13 3.1796
31 382 1 0.2055
31 383 3 0.6402
32 0 2 0.4180
32 1 5 0.6427
32 2 3 0.5106
32 3 1 0.1989
32 4 3 0.5105
32 5 33 11.4630
32 6 11 2.2112
32 8 88 23.0454
32 9 5 0.9657
32 10 24 4.6439
32 11 2 0.4386
32 13 28 7.0044
32 14 102 24.1164
32 15 4 0.9059
32 18 49 10.4699
32 19 206 45.2070
32 20 50 9.3297
32 23 8 1.1349
32 24 18 3.8975
32 25 14 2.8668
32 27 5 0.9630
32 28 10 1.9762
32 29 229 51.4533
32 30 5 0.9760
32 31 1 0.1840
32 32 4 1.0968
32 33 5 1.0794
32 34 1 0.1857
32 35 25 5.1580
32 36 1 0.3762
32 37 6 1.2535
32 38 1 0.2109
32 39 25 4.9637
32 40 3 0.3983
32 41 36 11.2043
32 42 28 4.7518
32 43 23 13.4290
32 44 12 2.4793
32 45 12 3.7041
32 46 24 5.1003
32 47 12 3.2437
32 48 31 8.0043
32 49 29 6.7142
32 50 8 1.4021
32 51 1 0.1957
32 52 6 1.2537
32 53 7 1.4328
32 54 25 7.5390
32 56 1 0.1923
32 58 11 2.3155
32 59 5 1.2378
32 60 39 5.5568
32 61 18 4.6879
32 62 6 1.4074
32 63 9 1.7305
32 64 76 12.4697
32 65 8 2.1389
32 66 132 27.4472
32 67 4 1.1267
32 68 2 0.4488
32 69 4 0.9117
32 70 45 11.6009
32 71 90 28.1487
32 72 55 16.7523
32 73 1 0.2080
32 74 26 5.0243
32 75 3 0.7148
32 77 24 3.9525
32 78 5 0.9638
32 79 13 3.2941
32 81 22 4.7321
32 82 158 30.3162
32 83 1 0.2030
32 85 17 4.1804
32 86 8 1.4783
32 87 3 0.6172
32 88 12 2.3355
32 89 2 0.4196
32 90 294 110.0185
32 91 108 30.1157
32 92 99 21.7578
32 94 9 2.2465
32 95 2 0.3534
32 97 15 2.9290
32 99 4 0.7809
32 100 39 8.0666
32 101 47 12.0581
32 102 10 2.2290
32 103 1 0.4930
32 105 106 23.5504
32 106 1 0.2127
32 107 63 12.9086
32 109 18 3.5421
32 110 1 0.1824
32 111 3 0.7550
32 112 5 1.1337
32 113 6 1.5419
32 114 1 0.2022
32 115 5 0.9760
32 117 16 3.1968
32 118 1 0.1907
32 119 2 0.2779
32 120 4 0.8195
32 121 51 9.4327
32 122 43 7.9767
32 124 53 11.4609
32 126 6 1.3779
32 127 28 6.8454
32 128 14 2.8035
32 129 37 7.5898
32 130 2 0.4737
32 132 34 7.2125
32 133 8 2.5247
32 134 11 2.1330
32 135 6 1.6479
32 136 5 0.9141
32 137 14 5.1519
32 139 33 7.3862
32 140 28 4.5482
32 141 4 0.7280
32 142 27 6.3641
32 143 7 1.2888
32 144 6 1.4289
32 146 6 1.6793
32 149 65 13.2733
32 150 21 3.8290
32 152 3 0.6520
32 153 75 16.0626
32 154 3 0.3619
32 155 3 0.6660
32 156 23 4.9192
32 157 18 3.4187
32 158 1 0.0608
32 160 13 2.0171
32 161 35 7.3512
32 163 1 0.2527
32 165 2 0.4259
32 166 32 6.5307
32 167 35 7.0579
32 168 1 0.1420
32 169 13 3.6632
32 170 6 1.4688
32 171 2 0.3887
32 172 2 0.3855
32 173 22 4.8091
32 174 8 1.3532
32 175 16 2.7698
32 177 30 6.0505
32 178 6 2.1494
32 180 31 7.4210
32 181 7 1.2473
32 182 11 2.4041
32 183 10 2.9781
32 184 2 0.2256
32 185 1 0.1823
32 186 59 14.9978
32 187 1 0.2003
32 189 10 2.8516
32 190 23 4.5671
32 191 25 5.4183
32 194 5 1.0397
32 195 1 0.5811
32 196 4 0.5718
32 197 93 19.8833
32 200 40 9.1860
32 201 5 0.6882
32 202 32 5.4570
32 203 3 0.5401
32 204 6 1.9774
32 205 94 35.8669
32 206 8 2.2037
32 207 9 2.3559
32 208 29 6.3691
32 209 107 25.2727
32 210 147 31.1547
32 211 57 12.4633
32 212 2 0.3124
32 215 11 1.8741
32 216 11 2.0277
32 217 13 2.7185
32 218 9 1.9690
32 219 24 5.6673
32 220 14 2.7309
32 221 224 49.0737
32 222 3 0.7164
32 223 5 1.0668
32 224 6 1.1924
32 225 2 0.6172
32 226 41 9.6082
32 227 1 0.2202
32 228 7 1.4035
32 231 14 2.8879
32 232 34 8.1340
32 233 25 7.4828
32 234 73 19.3436
32 235 103 21.1389
32 236 12 2.6073
32 238 6 1.6155
32 239 31 6.0262
32 240 1 0.1527
32 241 3 0.4699
32 242 12 2.3078
32 243 1 0.2317
32 244 50 8.4291
32 245 2 0.4083
32 246 82 17.9666
32 247 5 1.1486
32 248 362 93.5625
32 249 1 0.1737
32 250 21 3.8096
32 251 12 3.7841
32 252 14 4.5629
32 253 13 2.4542
32 254 13 2.4098
32 256 5 1.0895
32 258 16 3.0493
32 260 2 0.5213
32 261 7 1.7256
32 262 13 3.1599
32 263 28 6.8365
32 264 13 4.2066
32 265 12 3.4115
32 267 137 35.5243
32 268 5 0.8951
32 269 9 1.8557
32 270 68 13.2357
32 271 12 2.2803
32 272 13 2.0588
32 273 18 3.6898
32 274 1 0.3901
32 275 10 2.1217
32 276 806 278.7994
32 277 169 35.6965
32 279 14 2.6377
32 280 7 1.5306
32 281 17 3.6252
32 282 76 21.8175
32 283 526 177.2159
32 284 2 0.2176
32 285 5 1.4176
32 286 1 0.2178
32 287 23 5.0443
32 288 54 10.8883
32 289 43 8.4582
32 290 5 1.6933
32 291 1 0.2027
32 292 15 3.1743
32 293 2 0.2753
32 294 50 14.7387
32 295 4 0.7314
32 296 3 0.7158
32 297 32 6.2782
32 298 2 0.4104
32 299 2 0.6867
32 300 41 7.7107
32 301 4 0.8963
32 302 2 0.5623
32 303 228 51.3650
32 305 71 15.6329
32 307 22 4.6635
32 309 3 0.6249
32 310 30 6.0177
32 311 2 0.4758
32 312 31 6.7257
32 314 3 0.6826
32 315 2 1.0186
32 316 1 0.1627
32 317 30 7.1764
32 318 15 5.1568
32 321 3 0.6836
32 322 38 7.3026
32 323 9 2.2534
32 324 1 0.1762
32 325 139 31.1661
32 326 3 0.4647
32 327 16 2.9377
32 328 2 0.3549
32 329 4 0.8871
32 331 6 0.8056
32 332 7 1.2628
32 333 39 13.3060
32 335 20 3.6621
32 336 4 0.8194
32 337 35 7.7067
32 338 158 50.9460
32 339 109 23.5573
32 340 44 9.5573
32 341 33 7.3881
32 343 24 5.1636
32 344 38 8.3554
32 346 47 10.6840
32 347 3 0.5995
32 348 23 5.0362
32 349 4 0.7793
32 350 3 1.7179
32 351 4 0.7498
32 352 4 1.1405
32 353 17 6.6104
32 354 36 5.4662
32 355 66 14.8359
32 356 3 0.5867
32 357 4 0.6544
32 358 20 4.6010
32 359 2 0.3241
32 360 7 1.2657
32 361 7 1.7106
32 362 8 1.6640
32 363 26 6.5764
32 364 14 2.7998
32 365 33 7.0410
32 366 8 2.2523
32 367 37 7.0044
32 368 22 4.4245
32 370 1 0.1054
32 373 32 6.7645
32 374 44 10.5025
32 375 3 0.4425
32 376 103 18.5771
32 377 12 2.7634
32 378 298 85.2569
32 379 2 0.2907
32 380 10 1.5929
32 381 1 0.1835
32 382 3 0.5692
32 383 57 15.3964
33 0 3 0.5919
33 1 57 15.2305
33 2 102 31.1367
33 3 106 25.0846
33 4 1 0.1178
33 5 19 3.5807
33 7 41 8.6144
33 8 38 8.6208
33 9 64 15.0885
33 10 180 42.5491
33 11 8 1.6083
33 12 2 0.3286
33 13 143 43.8312
33 14 1 0.2581
33 15 20 4.5276
33 16 49 9.8630
33 17 41 8.8362
33 19 5 1.0591
33 20 15 3.2871
33 21 43 8.8838
33 22 205 50.5122
33 23 26 5.1667
33 24 21 4.3925
33 25 14 3.4943
33 26 2 0.5851
33 28 217 51.1075
33 29 7 1.1869
33 30 22 4.9836
33 31 5 0.6848
33 32 203 47.2499
33 33 5 1.2417
33 34 25 7.4972
33 35 38 12.9417
33 36 4 0.7364
33 37 2 0.3859
33 38 24 5.2745
33 39 4 1.0020
33 41 2 0.6807
33 42 15 3.4749
33 43 1 0.1248
33 44 9 2.2007
33 46 34 7.8569
33 48 34 6.6412
33 49 17 2.9436
33 50 29 6.1249
33 51 7 1.7468
33 53 13 4.0349
33 54 13 3.7063
33 55 34 6.6072
33 56 2 0.3416
33 59 7 1.7350
33 60 22 4.9288
33 61 44 8.4232
33 62 2 0.4250
33 64 42 8.9987
33 66 48 11.4751
33 67 84 17.7802
33 68 25 8.8113
33 69 211 67.1556
33 70 1 0.1268
33 71 2 0.3161
33 74 1 0.2033
33 75 59 13.1241
33 76 15 3.0989
33 77 5 1.5360
33 79 8 2.0184
33 80 51 10.2541
33 81 33 8.0083
33 83 1 0.2271
33 84 5 0.8462
33 86 5 0.8813
33 87 5 0.9749
33 88 3 0.4735
33 90 5 0.8382
33 91 4 0.9301
33 92 33 8.9549
33 93 8 2.4195
33 95 5 1.4195
33 96 67 18.9475
33 97 29 5.4125
33 98 12 3.2905
33 100 2 0.3600
33 101 11 2.4108
33 102 13 3.1814
33 104 10 2.1138
33 105 19 4.5667
33 106 5 0.9180
33 107 12 2.5214
33 108 21 4.8443
33 109 61 27.2081
33 110 1 0.0858
33 111 10 2.8922
33 113 2 0.7862
33 115 1 0.2340
33 116 123 28.2538
33 117 179 55.0354
33 118 12 2.5734
33 119 81 18.4425
33 120 7 2.3754
33 121 2 0.4482
33 122 58 13.9842
33 123 24 5.0141
33 124 2 0.4380
33 125 76 24.3978
33 126 5 1.1514
33 127 1 0.1661
33 128 1 0.2354
33 130 23 5.4279
33 131 18 3.8611
33 134 365 78.7715
33 135 13 3.2563
33 137 5 0.8414
33 138 2 0.3819
33 139 1 0.1979
33 140 23 5.4301
33 141 35 7.1906
33 143 19 4.4430
33 144 78 22.3157
33 145 114 30.9744
33 147 2 0.3551
33 148 10 2.3337
33 149 2 0.3119
33 150 2 0.4130
33 151 47 9.5282
33 153 233 50.9445
33 154 150 35.0813
33 157 22 7.1842
33 159 63 19.4402
33 160 4 0.8406
33 161 57 10.6761
33 163 18 4.5389
33 164 15 3.9662
33 165 9 1.9682
33 166 9 2.1161
33 167 10 2.2788
33 168 11 2.5641
33 169 5 1.1290
33 171 20 4.8566
33 172 5 0.9324
33 173 5 1.1061
33 174 9 2.0687
33 175 4 0.6169
33 176 10 2.1674
33 178 16 3.9058
33 179 8 1.7780
33 180 32 6.0711
33 181 2 0.4597
33 182 4 0.7528
33 183 17 4.0479
33 185 57 13.1539
33 186 16 3.1776
33 187 166 45.2140
33 188 6 1.2325
33 189 14 2.6358
33 190 232 53.1980
33 191 7 1.2989
33 192 24 5.3521
33 193 4 0.9424
33 194 40 9.4123
33 196 80 32.1604
33 198 14 3.1016
33 199 1 0.2123
33 200 6 1.3144
33 201 13 3.6192
33 202 2 0.4776
33 203 12 2.7018
33 204 3 0.7979
33 205 27 4.8541
33 206 1 0.1864
33 207 1 0.1980
33 208 21 3.5139
33 209 9 1.5030
33 210 76 20.6743
33 211 11 2.6683
33 212 4 0.7369
33 214 9 1.7748
33 215 37 14.4890
33 216 14 3.5539
33 218 33 6.5572
33 219 1 0.2246
33 220 4 0.8521
33 221 19 4.9692
33 222 9 1.8557
33 223 18 3.1535
33 224 2 0.4105
33 225 5 1.0010
33 227 1 0.2409
33 228 25 5.9011
33 232 36 8.1040
33 233 21 5.2065
33 234 4 0.7417
33 235 31 6.7584
33 236 22 4.7249
33 237 1 0.1997
33 238 4 0.8880
33 240 97 21.2520
33 241 19 5.6884
33 242 21 6.0633
33 244 1 0.2769
33 245 20 4.6151
33 246 2 0.3600
33 247 2 0.3925
33 248 25 7.5355
33 249 3 0.6551
33 250 1 0.1917
33 251 65 11.9890
33 252 33 9.4207
33 253 41 7.7933
33 254 4 0.6355
33 255 19 7.0438
33 256 1 0.2168
33 257 13 2.6910
33 259 307 105.8913
33 260 11 2.4335
33 261 4 1.0458
33 263 10 2.4895
33 264 5 0.8364
33 266 33 6.4781
33 268 52 11.7279
33 269 1 0.1413
33 270 3 0.6424
33 271 2 0.3421
33 272 1 0.2160
33 274 7 1.4902
33 275 17 3.7846
33 276 38 9.1170
33 277 25 4.5592
33 278 8 1.7655
33 279 1 0.1738
33 280 4 0.8431
33 281 1 0.2412
33 282 47 10.6989
33 283 173 61.0320
33 284 42 8.0291
33 285 1 0.1057
33 286 12 2.3878
33 288 9 2.2039
33 289 7 1.4739
33 290 7 1.5863
33 291 24 6.1182
33 292 4 0.8767
33 293 4 1.0659
33 294 29 5.8079
33 295 3 0.9751
33 297 48 9.7813
33 299 14 3.4321
33 300 18 3.2463
33 301 191 50.4239
33 302 28 5.4031
33 303 3 0.9116
33 305 6 1.8809
33 306 102 26.4948
33 307 50 11.6598
33 308 3 0.4723
33 309 72 31.6796
33 310 42 7.9812
33 311 110 23.9066
33 313 8 3.4345
33 314 1 0.2409
33 315 19 4.3999
33 316 39 8.6621
33 317 1 0.1331
33 318 71 16.9707
33 319 2 0.4711
33 320 3 0.5754
33 322 6 1.6610
33 323 22 4.5595
33 324 3 0.5705
33 325 25 4.6794
33 326 57 16.7242
33 327 179 37.6052
33 328 6 1.0476
33 329 26 4.3766
33 330 24 4.7346
33 333 7 1.4948
33 334 1 0.2213
33 337 76 16.3124
33 338 2 0.3238
33 339 6 3.7471
33 342 5 0.8062
33 343 35 7.5022
33 345 10 3.1984
33 346 37 14.2441
33 347 38 9.1530
33 348 2 0.2755
33 350 7 1.6837
33 351 25 4.6005
33 354 4 0.9479
33 356 5 1.0435
33 358 82 31.6299
33 359 70 18.1093
33 360 8 1.5811
33 362 79 15.7103
33 363 3 0.6461
33 364 21 4.5301
33 365 35 8.3547
33 366 15 3.3391
33 367 22 4.5424
33 368 50 11.2679
33 369 1 0.1632
33 371 1 0.0930
33 372 1 0.1859
33 373 5 1.1626
33 374 16 3.2358
33 376 17 3.6194
33 378 4 0.9420
33 380 155 32.7813
33 381 2 0.4698
33 383 2 0.3199
34 0 8 1.5112
34 1 9 2.1560
34 3 13 2.8000
34 4 23 3.9554
34 5 3 0.5847
34 6 44 11.3442
34 7 15 3.8003
34 8 64 16.8124
34 9 2 0.5759
34 10 1 0.2059
34 11 1 0.1331
34 12 4 0.6846
34 13 6 1.5265
34 14 4 0.7395
34 15 7 1.5887
34 16 6 1.1733
34 18 8 1.5420
34 19 5 1.0696
34 20 11 2.0774
34 21 2 0.3338
34 22 2 0.3501
34 24 8 1.7947
34 25 9 1.8987
34 26 4 0.8171
34 27 11 2.4835
34 28 3 0.6704
34 29 4 0.8996
34 31 24 5.8507
34 32 14 3.1922
34 34 4 0.9163
34 35 2 0.3978
34 36 6 1.3635
34 37 1 0.1444
34 38 1 0.1305
34 39 7 1.3781
34 40 4 1.0266
34 42 18 4.8203
34 43 70 14.9716
34 44 22 4.0175
34 45 19 3.3806
34 46 130 30.5937
34 47 15 3.0438
34 48 13 2.2174
34 49 8 1.8592
34 50 5 0.8516
34 52 7 2.1685
34 54 22 4.6527
34 55 1 0.3945
34 57 4 1.1222
34 58 9 1.6378
34 60 20 4.3547
34 61 3 0.4537
34 62 2 0.2802
34 63 9 1.7761
34 65 100 30.3198
34 66 22 4.5015
34 67 3 1.1304
34 68 11 2.3118
34 69 4 0.5599
34 70 10 2.1699
34 72 1 0.1957
34 74 33 6.4107
34 75 78 19.6923
34 78 17 3.3679
34 79 3 0.6203
34 80 88 37.2645
34 81 45 14.8073
34 82 55 13.7781
34 84 46 12.2131
34 85 6 1.0509
34 88 3 0.5170
34 89 10 3.1905
34 90 40 13.5737
34 91 2 0.3504
34 92 103 31.8001
34 93 1 0.1696
34 94 44 12.9330
34 95 20 4.7584
34 96 42 10.3950
34 97 15 2.6760
34 98 11 2.2004
34 101 178 37.2347
34 102 7 1.1342
34 103 129 36.8532
34 104 43 7.8355
34 105 13 2.3519
34 106 24 5.8202
34 107 26 5.7040
34 108 78 23.3851
34 109 10 2.6023
34 110 3 0.9785
34 111 8 1.8333
34 112 4 0.7938
34 115 7 1.9469
34 117 130 46.5723
34 118 1 0.2352
34 119 36 10.1692
34 120 72 14.1842
34 122 281 58.6321
34 123 12 1.9259
34 124 15 2.9313
34 125 26 5.9498
34 126 2 0.3814
34 127 19 4.2615
34 128 508 164.6393
34 129 19 4.4705
34 130 1 0.1839
34 131 11 2.8031
34 132 1 0.2147
34 133 1 0.1989
34 134 58 12.0070
34 137 62 16.3974
34 138 2 0.4762
34 139 2 0.3119
34 140 26 5.5808
34 141 105 20.6319
34 142 47 8.8573
34 143 6 1.5504
34 144 2 0.3554
34 146 47 20.2646
34 147 2 0.5328
34 148 26 5.8460
34 149 9 2.4384
34 150 11 2.3817
34 151 3 0.5560
34 152 38 11.7971
34 153 1 0.2365
34 155 59 13.7606
34 156 15 3.2285
34 158 14 3.3323
34 159 18 4.6162
34 160 14 2.5560
34 161 15 2.1595
34 162 20 4.3440
34 163 8 1.6369
34 164 26 10.5561
34 166 286 61.9932
34 167 129 28.8716
34 168 19 4.0885
34 169 1 0.1901
34 170 6 1.0813
34 171 4 0.7186
34 172 20 5.0326
34 173 5 0.7467
34 174 4 0.7464
34 175 2 0.3626
34 176 11 2.0043
34 177 10 1.8368
34 178 126 37.2223
34 179 4 0.8585
34 180 1 0.1346
34 181 3 0.5847
34 182 2 0.3567
34 183 61 13.0581
34 184 2 0.3491
34 185 107 26.3532
34 186 34 8.7881
34 187 43 8.7763
34 188 10 2.4983
34 190 29 6.5281
34 192 21 4.3021
34 193 37 7.2098
34 195 9 1.5509
34 196 14 2.7114
34 198 2 0.4335
34 199 9 1.8013
34 201 12 1.9803
34 203 49 13.3543
34 204 138 41.4281
34 206 62 14.3304
34 207 6 0.9060
34 208 20 4.2325
34 209 22 5.9408
34 210 1 0.2500
34 211 2 0.3956
34 212 82 16.0388
34 213 23 4.9168
34 214 7 1.2853
34 215 15 2.8013
34 216 6 1.6538
34 217 3 0.5529
34 218 44 15.9986
34 219 5 1.1671
34 220 5 1.2919
34 221 4 1.3710
34 223 9 2.9176
34 224 1 0.1692
34 225 110 23.0890
34 227 21 4.7529
34 228 168 57.4569
34 229 10 1.9055
34 230 3 0.5912
34 231 3 0.5895
34 232 5 1.3455
34 233 20 3.3435
34 234 3 0.5544
34 235 3 0.7869
34 236 25 4.9447
34 237 18 3.3816
34 239 200 60.3972
34 240 2 0.4669
34 241 10 2.3231
34 242 1 0.1153
34 243 2 0.3393
34 245 32 7.1917
34 246 7 1.4512
34 247 2 0.3046
34 248 25 7.7729
34 249 16 3.2629
34 250 41 7.3805
34 251 3 0.5911
34 252 10 1.9592
34 253 3 0.3968
34 254 6 1.1882
34 255 1 0.1833
34 257 3 0.6447
34 258 2 0.3613
34 259 190 46.4872
34 260 39 7.5669
34 261 63 13.1947
34 262 6 1.5155
34 263 16 3.3730
34 264 33 7.8809
34 268 68 42.0683
34 269 2 0.4185
34 270 25 4.7364
34 271 11 2.4506
34 273 2 0.2226
34 274 96 20.1178
34 275 221 50.4993
34 276 3 0.5031
34 277 50 12.8538
34 278 8 1.4961
34 280 8 2.0856
34 281 3 0.7276
34 282 4 0.6228
34 284 3 0.5064
34 285 1 0.1693
34 286 24 4.4221
34 288 61 13.0831
34 289 1 0.1916
34 290 56 12.4379
34 291 18 4.1348
34 293 19 4.5646
34 294 6 1.2362
34 296 51 10.0371
34 297 4 0.8644
34 298 4 0.7814
34 299 14 3.5029
34 301 7 1.5074
34 302 3 0.6862
34 304 9 1.7137
34 307 119 22.1982
34 308 14 2.6347
34 309 51 19.3254
34 310 1 0.2346
34 311 70 13.3143
34 312 2 0.2766
34 313 17 2.8755
34 316 32 6.3773
34 317 135 33.5126
34 318 98 25.5690
34 319 98 21.9408
34 321 2 0.4321
34 322 2 0.5216
34 323 38 11.3935
34 324 32 9.3858
34 325 4 0.8307
34 326 13 3.2807
34 327 1 0.1613
34 328 4 1.3945
34 329 28 6.5392
34 332 4 0.9320
34 333 8 2.1746
34 334 4 0.7589
34 335 40 11.2988
34 336 6 1.2583
34 337 57 11.8238
34 338 25 5.5705
34 339 1 0.1618
34 341 16 3.1459
34 342 41 8.6052
34 343 25 3.9601
34 344 4 0.5840
34 345 55 10.0851
34 348 15 3.0105
34 349 13 2.7214
34 351 1 0.1213
34 352 43 8.9357
34 353 10 1.7432
34 354 27 5.8620
34 355 57 10.7779
34 356 37 7.7491
34 357 48 11.2407
34 358 6 0.9676
34 359 34 12.7353
34 360 7 1.1664
34 363 3 0.6860
34 365 18 3.9641
34 366 29 6.3130
34 367 4 1.7831
34 368 14 4.0312
34 369 3 0.7231
34 370 7 1.5545
34 371 9 1.4480
34 372 3 0.4278
34 373 6 1.3825
34 374 6 2.0051
34 376 8 2.2799
34 379 5 1.1000
34 380 7 1.7801
34 381 7 1.9602
34 382 1 0.1956
34 383 1 0.1853
35 0 21 3.8276
35 1 2 0.4992
35 2 14 2.9305
35 3 2 0.4455
35 4 11 2.7017
35 5 2 0.6326
35 6 20 4.3830
35 8 24 6.8527
35 9 8 2.3168
35 11 104 20.5694
35 12 1 0.1348
35 13 2 0.3263
35 15 14 3.0723
35 16 12 2.1547
35 17 5 1.2869
35 18 108 25.7218
35 19 26 5.6045
35 20 1 0.2771
35 23 5 1.1352
35 24 13 2.8011
35 25 31 6.5674
35 26 19 5.7929
35 27 3 0.5656
35 28 5 1.1426
35 29 3 0.6080
35 30 12 2.4201
35 33 7 1.5733
35 34 60 14.9256
35 35 2 0.6062
35 36 6 1.6382
35 38 104 28.7624
35 39 5 1.0441
35 41 55 11.4158
35 42 13 3.1943
35 43 4 0.6129
35 44 1 0.2078
35 46 339 91.9323
35 47 42 11.2277
35 49 14 3.3488
35 50 1 0.1756
35 51 3 0.5197
35 52 1 0.2382
35 53 6 1.1932
35 54 10 1.9108
35 56 2 0.2810
35 58 34 9.7958
35 59 7 1.0976
35 61 49 10.4147
35 62 74 13.6185
35 63 3 0.7506
35 64 1 0.2089
35 66 1 0.1995
35 67 1 0.2295
35 68 36 7.6397
35 69 2 0.5822
35 71 4 0.8174
35 75 132 41.9433
35 77 2 0.3628
35 78 1 0.1326
35 79 60 13.8543
35 80 13 3.2490
35 81 1 0.2113
35 82 1 0.2015
35 84 14 3.0463
35 85 39 11.7458
35 86 5 1.1400
35 87 3 0.6140
35 88 16 5.4129
35 90 4 0.5676
35 91 27 7.1421
35 92 17 5.7258
35 93 7 1.4761
35 94 9 2.2429
35 95 1 0.4794
35 97 2 0.3186
35 98 38 10.0222
35 99 1 0.2281
35 100 5 0.8529
35 101 3 0.6260
35 102 25 8.9897
35 103 154 33.0575
35 104 63 17.5583
35 105 2 0.2208
35 106 4 0.7477
35 107 4 1.0295
35 108 1 0.1343
35 110 8 1.4873
35 111 7 1.4948
35 112 38 9.6507
35 113 14 2.4561
35 115 1 0.1627
35 116 31 9.0211
35 117 24 4.2760
35 118 233 67.7762
35 119 64 17.7512
35 120 1 0.2147
35 121 13 3.1939
35 122 17 3.7053
35 123 1 0.1187
35 124 4 0.7160
35 125 2 0.4236
35 126 4 0.8554
35 127 36 11.4347
35 129 4 0.7338
35 130 4 0.5486
35 131 66 13.7062
35 132 14 2.5274
35 133 2 0.4751
35 134 2 0.4123
35 135 10 2.0856
35 136 18 3.9447
35 139 15 3.4815
35 140 20 4.8506
35 141 37 9.5589
35 144 6 1.2390
35 145 1 0.1579
35 146 41 9.0813
35 147 17 4.1364
35 151 30 5.6199
35 152 7 1.3662
35 153 87 17.7458
35 154 12 2.9566
35 155 24 5.5699
35 157 5 1.1716
35 158 13 2.7511
35 159 7 1.3507
35 161 2 0.4979
35 162 120 25.6634
35 163 16 2.9418
35 164 9 1.6014
35 165 3 1.1387
35 167 1 0.1260
35 168 1 0.3343
35 170 4 0.5928
35 171 26 5.7431
35 172 14 3.8859
35 173 1 0.3791
35 174 23 5.2542
35 176 2 0.4372
35 177 86 34.6392
35 178 48 10.2093
35 179 1 0.1570
35 180 46 9.2344
35 181 14 2.7703
35 182 27 6.9534
35 184 4 0.7868
35 187 1 0.2211
35 190 3 0.4500
35 191 23 5.1916
35 193 92 21.9237
35 194 24 5.9888
35 195 4 0.7576
35 196 8 1.4389
35 199 48 16.2410
35 200 2 0.4819
35 201 383 112.4033
35 203 48 10.9251
35 204 1 0.1966
35 205 3 0.6184
35 206 45 11.1357
35 207 2 0.3690
35 208 1 0.2404
35 209 5 1.2099
35 210 15 3.0446
35 211 14 2.4659
35 212 10 2.3072
35 213 7 1.7782
35 215 116 27.3218
35 216 4 0.7034
35 218 8 1.7815
35 219 9 1.6636
35 221 20 4.3648
35 222 1 0.2305
35 223 14 2.7674
35 224 58 13.0007
35 225 4 0.8864
35 228 2 0.3457
35 229 81 16.6528
35 230 2 0.4340
35 232 10 2.6896
35 233 31 9.0388
35 234 7 2.0888
35 236 10 2.5852
35 237 10 1.8026
35 240 58 12.1670
35 241 3 0.4094
35 243 7 1.3554
35 244 1 0.1551
35 246 14 4.1148
35 247 1 0.2212
35 248 7 1.5804
35 250 10 3.2397
35 251 22 5.0571
35 252 14 4.0587
35 253 11 1.8202
35 254 9 2.0444
35 258 1 0.3332
35 259 2 0.4504
35 260 8 1.4980
35 261 14 2.1828
35 262 58 13.3766
35 263 22 4.6657
35 264 18 3.2471
35 266 67 15.9113
35 267 31 11.1355
35 268 3 0.5255
35 270 18 3.2720
35 271 6 1.4819
35 272 2 0.3714
35 273 17 4.1488
35 274 3 0.5798
35 275 43 9.6161
35 276 3 0.6324
35 277 39 8.7798
35 279 25 7.3194
35 280 42 11.2830
35 281 6 1.2619
35 282 9 1.7312
35 284 64 15.5159
35 286 37 7.9527
35 287 7 1.7256
35 288 7 1.4547
35 289 3 0.7758
35 290 1 0.1853
35 292 32 6.9886
35 293 271 104.4905
35 294 1 0.1742
35 295 13 2.8678
35 296 1 0.2326
35 298 44 9.1075
35 299 5 1.1837
35 300 26 9.9372
35 303 15 3.3673
35 304 15 5.1200
35 305 23 5.1371
35 306 331 84.5441
35 307 31 6.3898
35 309 11 2.7248
35 310 5 1.0781
35 311 42 9.2214
35 312 7 1.9325
35 313 68 16.9380
35 314 3 0.5364
35 315 99 22.8318
35 316 11 2.6893
35 317 34 7.5629
35 318 2 0.3403
35 319 56 15.9269
35 320 1 0.2279
35 321 2 0.5424
35 322 3 0.4300
35 324 109 25.5863
35 325 2 0.3379
35 326 26 5.8093
35 327 3 0.6731
35 328 37 9.6325
35 330 3 0.5507
35 331 5 0.5522
35 332 17 4.4218
35 333 64 14.9250
35 334 22 5.0529
35 335 284 57.3469
35 337 1 0.1481
35 338 12 3.0445
35 339 45 10.3587
35 340 11 3.0296
35 343 2 0.2958
35 344 42 10.9984
35 345 1 0.1942
35 346 28 5.5984
35 347 198 51.6232
35 348 48 11.2858
35 350 40 10.8030
35 352 12 3.3952
35 353 16 3.7724
35 354 1 0.2233
35 355 94 24.4046
35 356 49 9.2693
35 357 6 1.2938
35 358 1 0.1294
35 359 25 5.8264
35 361 2 0.3434
35 362 25 5.3626
35 363 3 0.6324
35 365 197 45.5440
35 366 16 9.0950
35 367 1 0.1953
35 368 8 2.4766
35 369 17 3.4957
35 371 15 3.5109
35 372 3 0.9456
35 373 3 1.1083
35 374 10 1.9169
35 376 2 0.3503
35 377 9 1.8143
35 378 1 0.1834
35 379 2 0.7691
35 381 2 0.4854
35 382 28 5.8327
35 383 20 4.5679
36 0 1 0.1244
36 1 51 8.1077
36 2 1 0.1739
36 3 11 2.3568
36 4 103 36.4554
36 5 9 1.6484
36 6 3 0.4418
36 7 25 10.7294
36 8 14 3.9540
36 9 2 0.2762
36 11 1 0.1299
36 12 16 4.0805
36 13 5 2.0270
36 14 3 0.5839
36 16 20 5.6424
36 17 9 2.4844
36 18 7 1.2665
36 21 1 0.2185
36 22 149 28.8233
36 24 6 1.1987
36 25 13 3.6023
36 26 33 6.3445
36 28 72 14.2224
36 29 13 3.3090
36 30 10 2.0006
36 31 4 0.7419
36 32 13 2.2746
36 34 9 1.6109
36 35 5 0.9664
36 36 30 8.4854
36 37 1 0.2263
36 38 18 3.2430
36 40 10 1.8258
36 41 15 2.7050
36 42 59 11.7492
36 43 15 3.1371
36 44 10 2.7077
36 45 2 0.5265
36 46 8 1.5140
36 47 8 2.0512
36 50 10 2.5408
36 51 7 1.1102
36 52 24 6.2804
36 53 8 1.0132
36 55 15 2.9750
36 56 125 21.7168
36 57 12 2.7193
36 58 9 1.4852
36 59 133 37.2851
36 62 3 0.5890
36 63 25 6.8125
36 64 7 1.0613
36 65 7 1.7329
36 66 2 0.2900
36 67 12 4.0781
36 69 37 7.0722
36 72 1 0.3305
36 73 2 0.5353
36 74 5 1.5878
36 76 5 1.1507
36 78 9 1.4908
36 79 19 3.2044
36 80 130 34.6448
36 82 17 2.9742
36 83 72 14.7526
36 84 6 1.0345
36 85 6 2.9144
36 88 3 0.4357
36 91 11 1.9351
36 93 12 2.1674
36 94 9 2.0145
36 95 16 3.4585
36 97 3 0.4743
36 98 46 14.3519
36 99 58 21.0273
36 100 11 2.4355
36 101 56 12.7018
36 102 4 0.7426
36 103 38 9.1041
36 106 8 1.7025
36 108 11 2.0473
36 109 4 0.6407
36 110 2 0.0000
36 111 8 0.8773
36 112 4 0.6854
36 113 9 2.2230
36 114 123 25.0069
36 116 1 0.1674
36 117 2 0.3269
36 119 3 0.6597
36 121 2 0.4095
36 123 11 2.3422
36 124 2 0.3149
36 125 10 1.8053
36 126 8 1.4321
36 128 1 0.2169
36 129 4 0.7604
36 130 16 4.7846
36 134 18 6.0847
36 135 15 2.9617
36 136 1 0.1241
36 137 1 0.1525
36 138 8 2.5113
36 139 36 6.8357
36 140 3 0.5527
36 141 2 0.4739
36 142 17 5.1739
36 144 1 0.1791
36 146 9 1.6347
36 147 1 0.1745
36 149 11 1.9371
36 150 1 0.2115
36 151 1 0.1775
36 152 6 1.6804
36 154 1 0.1643
36 155 1 0.1353
36 156 1 0.1582
36 157 15 4.0558
36 158 55 9.9941
36 159 34 9.7232
36 160 8 1.5316
36 161 3 0.5328
36 162 13 2.7123
36 164 17 3.8199
36 165 25 8.2557
36 166 8 2.6285
36 167 8 1.8420
36 168 1 0.2132
36 169 9 1.9263
36 170 5 0.9640
36 171 15 3.5066
36 172 46 10.6352
36 173 5 1.0088
36 174 12 2.5916
36 176 4 0.7965
36 177 3 0.6814
36 178 2 0.2268
36 179 8 2.2872
36 182 105 25.7537
36 183 12 2.2509
36 184 23 6.3859
36 185 6 1.0038
36 186 4 0.6337
36 187 29 14.2640
36 189 73 16.2954
36 190 79 14.7482
36 191 13 2.7191
36 192 15 2.6196
36 194 1 0.2017
36 195 9 2.1869
36 196 7 2.1640
36 197 137 26.1225
36 199 6 1.2378
36 201 17 3.7818
36 202 53 22.5590
36 204 41 8.2071
36 205 1 0.1634
36 208 5 1.1290
36 209 18 3.2720
36 210 4 0.6805
36 211 17 3.5338
36 212 33 10.1123
36 213 3 0.6414
36 214 4 0.5427
36 215 2 0.2612
36 216 4 0.7222
36 217 8 1.4977
36 218 5 0.7924
36 219 8 1.2594
36 220 17 5.2911
36 221 3 0.1567
36 222 39 7.6588
36 223 30 9.6860
36 224 1 0.1632
36 227 4 1.0059
36 229 57 12.7661
36 230 8 1.1007
36 231 155 29.2842
36 232 1 0.4053
36 233 59 18.9019
36 234 4 1.1147
36 235 1 0.1164
36 236 28 6.8215
36 238 22 4.6026
36 239 16 4.2411
36 240 3 0.6126
36 242 10 1.8971
36 244 42 18.8358
36 245 4 0.9070
36 246 10 1.6202
36 247 13 2.5516
36 248 6 1.3210
36 250 28 9.0963
36 252 19 3.8618
36 253 218 45.9810
36 254 5 0.9658
36 257 80 41.3723
36 258 15 3.5681
36 259 1 0.2501
36 260 1 0.2280
36 262 4 1.5406
36 263 6 1.0524
36 264 18 3.1668
36 265 26 7.7373
36 267 2 0.3734
36 268 37 7.8858
36 270 3 0.5685
36 271 2 0.5880
36 272 29 8.2736
36 273 48 12.3113
36 274 10 1.7145
36 276 18 2.8596
36 277 100 35.3100
36 279 23 4.8067
36 280 32 5.3587
36 281 4 0.7829
36 282 3 0.5400
36 283 1 0.1724
36 284 140 27.0752
36 287 2 0.2731
36 288 46 8.1100
36 289 13 2.4795
36 290 5 1.1684
36 291 6 1.4056
36 292 30 10.7655
36 293 1 0.1495
36 294 9 1.4608
36 296 17 3.1743
36 298 1 0.2221
36 299 67 12.4718
36 300 1 0.1861
36 301 87 16.0720
36 302 235 56.5182
36 304 8 1.6459
36 305 66 12.4142
36 306 12 2.1919
36 307 55 18.0132
36 308 2 0.4908
36 310 9 1.5905
36 311 13 2.4142
36 313 430 146.8064
36 314 83 18.2934
36 315 7 1.3496
36 316 9 1.5529
36 317 46 10.1227
36 318 24 4.0816
36 319 3 0.6611
36 320 19 3.3341
36 322 132 36.0729
36 323 33 6.3601
36 324 33 11.4455
36 325 38 9.3705
36 327 7 1.8674
36 329 57 11.2926
36 330 3 0.5191
36 332 3 0.6408
36 333 6 0.9964
36 334 6 1.6633
36 336 6 1.2906
36 337 25 5.6404
36 339 64 15.9336
36 340 14 2.7745
36 342 23 4.3876
36 343 24 5.5178
36 344 1 0.1914
36 345 1 0.1641
36 346 203 91.5300
36 348 6 1.0786
36 349 5 1.6070
36 350 31 7.5372
36 353 1 0.2117
36 354 175 41.1813
36 355 33 6.7761
36 356 2 0.3834
36 357 1 0.1726
36 359 83 16.9753
36 360 1 0.0962
36 361 41 7.3268
36 362 5 1.2705
36 363 34 10.8126
36 364 2 0.2786
36 366 26 4.3184
36 367 23 4.5240
36 369 21 7.0241
36 370 1 1.4890
36 371 11 2.8095
36 372 13 3.3824
36 373 32 9.0480
36 374 19 3.5871
36 375 1 0.1259
36 377 32 5.7515
36 379 2 0.1578
36 380 27 9.0840
36 381 10 1.5788
36 382 4 0.6763
37 0 1 0.1597
37 1 37 8.0563
37 2 3 0.0000
37 3 35 9.2036
37 4 16 3.4260
37 5 52 11.7424
37 6 48 9.5152
37 7 19 4.4673
37 8 40 9.5891
37 9 3 0.6625
37 10 18 5.2594
37 11 3 0.5363
37 12 14 3.5929
37 13 23 4.8464
37 14 7 1.8150
37 15 11 1.8277
37 16 13 2.8536
37 18 7 1.2974
37 19 31 6.1333
37 20 12 2.2072
37 21 13 2.5829
37 22 24 5.1990
37 23 24 8.5417
37 24 5 0.9231
37 26 106 39.7760
37 27 2 0.3569
37 28 5 1.0285
37 29 1 0.1796
37 30 50 19.9261
37 32 13 3.4064
37 33 19 3.5914
37 34 8 2.3637
37 35 16 4.6748
37 36 52 12.7878
37 37 14 3.3986
37 38 11 1.9633
37 39 38 8.6178
37 40 16 3.0775
37 42 11 1.9356
37 43 29 10.1784
37 44 3 0.5898
37 45 14 2.6022
37 46 22 9.1918
37 47 8 1.3459
37 49 3 0.5473
37 50 21 3.7065
37 51 60 12.9434
37 52 10 2.5434
37 53 38 13.8270
37 54 5 0.7372
37 55 12 2.7413
37 56 40 8.0016
37 58 35 8.6673
37 59 8 1.4640
37 60 3 0.5527
37 61 11 2.0614
37 62 1 0.1875
37 64 3 0.4534
37 65 38 7.5202
37 66 22 8.3926
37 67 35 7.6116
37 68 39 15.1653
37 69 2 0.3701
37 70 4 1.1258
37 71 66 13.8110
37 72 12 2.3306
37 73 11 2.9062
37 74 4 0.6232
37 75 6 1.1164
37 76 4 0.6769
37 77 44 10.1962
37 78 48 19.1892
37 79 4 0.7181
37 81 2 0.3586
37 82 15 3.0930
37 83 40 16.0048
37 84 8 1.2861
37 85 8 3.2511
37 86 1 0.2324
37 89 3 0.5342
37 90 7 1.4493
37 91 3 0.5103
37 93 7 1.3617
37 94 4 0.6882
37 95 32 8.7355
37 97 12 2.0300
37 99 1 0.1903
37 100 10 2.4328
37 102 44 17.0545
37 104 10 2.0500
37 105 76 32.2751
37 106 1 0.1988
37 107 24 4.5479
37 109 4 0.7683
37 110 30 9.8714
37 111 1 0.2259
37 112 13 2.9811
37 113 10 1.8858
37 114 4 0.6306
37 116 18 4.4267
37 117 17 2.7423
37 118 4 1.3845
37 119 7 0.8076
37 121 39 10.0550
37 123 5 1.3132
37 124 42 9.7716
37 125 7 1.0292
37 126 33 8.3702
37 127 4 1.5406
37 128 112 37.2010
37 129 5 0.9268
37 130 30 5.5724
37 131 9 1.7544
37 132 12 2.6445
37 135 59 16.8363
37 136 4 0.8043
37 138 52 9.6775
37 140 21 6.1557
37 141 8 1.9760
37 142 2 0.4765
37 143 3 0.6365
37 144 15 4.6026
37 145 1 0.1340
37 147 17 2.5216
37 148 16 2.9136
37 149 1 0.1827
37 150 6 1.0997
37 151 1 0.1591
37 154 6 1.2366
37 155 8 1.4612
37 156 17 4.8034
37 157 16 3.7856
37 158 20 3.7093
37 159 2 0.3403
37 160 48 11.7220
37 161 20 4.2937
37 162 41 10.3899
37 163 19 3.5682
37 164 7 1.2325
37 165 30 5.7754
37 166 4 0.8326
37 167 19 4.4836
37 168 37 7.1534
37 169 9 1.8629
37 170 8 1.3865
37 171 16 5.6127
37 172 38 8.1047
37 173 6 1.1692
37 174 31 7.5490
37 176 12 2.8821
37 177 55 10.5713
37 178 5 0.8074
37 179 28 5.3894
37 180 11 1.8932
37 181 147 35.5469
37 182 15 5.0256
37 183 39 9.7385
37 184 1 0.2410
37 185 2 0.2825
37 186 78 19.0732
37 188 6 1.4433
37 189 27 8.5607
37 190 4 0.6929
37 191 9 1.9276
37 194 15 3.4510
37 196 9 2.3749
37 197 7 2.7164
37 198 2 0.3870
37 201 6 0.9846
37 202 4 0.9968
37 203 2 0.3693
37 204 14 2.6983
37 205 3 0.5837
37 206 10 3.1601
37 207 3 0.3963
37 208 46 8.7804
37 209 17 3.4103
37 210 3 0.5443
37 212 4 0.8265
37 214 114 24.9713
37 215 3 0.6164
37 216 3 0.9232
37 217 69 13.3522
37 218 163 38.2277
37 219 46 9.0348
37 223 2 0.4401
37 224 53 17.1425
37 225 96 19.0685
37 227 26 5.8032
37 228 3 0.5208
37 230 17 4.5368
37 232 19 5.4500
37 233 74 14.7768
37 234 67 13.3431
37 236 1 0.1610
37 237 6 0.9002
37 238 10 2.4778
37 239 3 0.8252
37 240 64 14.7242
37 241 9 1.8411
37 242 6 1.2526
37 243 8 1.7493
37 245 7 2.7678
37 246 23 4.4959
37 247 9 1.4803
37 248 13 3.7483
37 250 5 1.4713
37 252 2 0.3417
37 253 15 3.1257
37 254 1 0.1167
37 255 3 0.5643
37 256 63 17.0411
37 257 17 4.8019
37 258 10 2.0637
37 259 16 5.9712
37 260 1 0.3746
37 261 3 0.5182
37 263 5 1.9511
37 264 3 0.5202
37 265 18 3.5936
37 266 6 1.4409
37 267 2 0.3301
37 268 17 3.6042
37 269 4 0.8494
37 270 2 0.3984
37 271 21 3.9759
37 272 27 7.3649
37 273 4 1.7959
37 274 1 0.1687
37 275 40 9.9323
37 276 7 1.5010
37 277 9 1.8368
37 278 4 0.7760
37 279 60 11.2693
37 280 4 1.5676
37 281 8 1.5755
37 282 19 3.8626
37 283 1 0.2205
37 284 3 0.4743
37 285 41 15.7113
37 286 1 0.2363
37 287 112 34.4722
37 288 9 2.7310
37 289 12 2.4517
37 290 1 1.4803
37 292 36 6.6718
37 295 17 3.5371
37 296 21 4.5415
37 297 8 3.0294
37 298 99 25.1420
37 299 2 0.3794
37 300 2 0.3543
37 301 3 0.8841
37 302 15 4.2453
37 303 8 1.6983
37 304 32 6.4369
37 305 2 0.3354
37 307 18 6.9199
37 308 16 3.6761
37 310 17 3.9656
37 311 3 0.6176
37 314 1 0.1351
37 315 26 6.5591
37 316 10 1.9350
37 317 13 2.9383
37 318 4 0.9049
37 319 1 0.2269
37 321 20 4.1011
37 322 29 16.3267
37 324 6 1.1442
37 326 9 1.5380
37 327 18 3.1030
37 329 10 1.8528
37 330 62 13.7887
37 331 5 1.0050
37 333 12 5.2287
37 334 6 1.3095
37 336 4 0.8356
37 338 4 1.1727
37 339 53 10.5595
37 341 15 4.2132
37 343 28 9.3740
37 344 30 7.0544
37 345 19 3.2782
37 346 22 4.7315
37 347 2 0.3162
37 348 4 0.8029
37 349 1 0.2601
37 350 21 4.3562
37 351 1 0.1844
37 352 19 3.8393
37 353 1 0.1886
37 354 49 13.5454
37 355 2 0.2987
37 357 12 1.6642
37 358 41 12.9320
37 359 13 2.2032
37 360 28 9.0272
37 361 9 1.6806
37 363 5 0.9004
37 364 1 0.1832
37 365 3 0.6946
37 366 11 2.7952
37 367 13 4.3895
37 368 5 1.0530
37 369 14 2.5155
37 370 17 7.4129
37 371 1 0.1736
37 372 31 6.0349
37 373 32 9.1092
37 374 16 3.3316
37 375 4 1.1382
37 377 40 11.2638
37 378 17 3.2298
37 379 1 0.1147
37 380 341 81.1210
37 381 75 21.2982
37 382 13 2.8196
38 0 1 0.2087
38 1 2 0.6167
38 2 8 0.9388
38 6 18 5.4595
38 7 23 4.3245
38 8 8 0.9819
38 9 8 1.3870
38 12 23 4.9289
38 13 9 2.0110
38 15 3 0.7403
38 16 8 1.4169
38 17 53 12.0544
38 18 1 0.2188
38 19 4 1.4606
38 20 10 2.8336
38 21 73 14.9093
38 23 3 0.6199
38 24 92 20.8716
38 25 6 0.6992
38 26 30 6.8899
38 28 26 4.3083
38 29 3 0.7071
38 30 72 20.1464
38 31 15 3.5929
38 32 5 0.7436
38 33 26 13.7088
38 35 44 10.1269
38 36 2 0.2800
38 38 2 0.2724
38 39 1 0.1072
38 40 14 3.3228
38 41 9 1.7426
38 43 25 11.3841
38 44 5 0.8379
38 45 1 0.1093
38 46 2 0.4027
38 48 9 1.9676
38 49 10 1.7569
38 50 62 16.9911
38 51 4 0.6853
38 53 4 0.7417
38 54 4 1.2951
38 55 25 4.1622
38 56 9 2.1313
38 57 1 0.1633
38 58 15 2.6533
38 59 35 7.1589
38 60 25 6.5659
38 61 17 2.8833
38 62 9 3.0868
38 63 5 0.9685
38 64 23 11.7231
38 65 1 0.1876
38 66 9 1.1917
38 67 43 9.8564
38 68 14 2.0271
38 69 3 0.5726
38 70 125 52.2679
38 71 6 1.1733
38 73 16 3.0282
38 74 2 0.3276
38 75 33 9.7297
38 76 4 1.0311
38 79 34 6.4134
38 80 55 17.5265
38 81 1 0.2037
38 82 5 0.9859
38 83 8 2.0136
38 85 3 0.7070
38 86 4 0.8167
38 88 350 89.2763
38 89 3 0.7236
38 90 16 4.6711
38 91 12 3.3732
38 93 100 19.7732
38 94 5 1.4061
38 95 12 3.3270
38 96 2 0.5038
38 97 63 13.0728
38 98 20 3.7691
38 99 4 0.6315
38 100 5 0.0000
38 101 3 0.7558
38 103 26 6.0828
38 104 4 0.6286
38 105 8 0.9943
38 108 31 5.5652
38 110 13 6.5740
38 112 12 1.9430
38 115 55 9.1494
38 116 15 2.6883
38 117 47 12.2343
38 118 17 2.9917
38 119 4 0.8432
38 120 4 0.5828
38 121 3 1.1960
38 122 5 0.8029
38 123 3 0.9057
38 125 59 10.9635
38 126 2 0.2987
38 127 7 1.3345
38 131 60 11.4159
38 133 34 5.2766
38 134 28 6.4415
38 137 3 0.4455
38 138 47 8.8075
38 139 69 13.3963
38 140 5 0.7787
38 141 43 8.2742
38 144 10 2.3624
38 145 1 0.0933
38 146 1 0.2033
38 147 34 6.4660
38 148 6 0.7395
38 149 10 1.4888
38 150 24 4.8775
38 151 10 1.6845
38 152 82 20.0784
38 153 30 5.9489
38 155 12 1.8384
38 157 10 1.5814
38 158 53 15.6131
38 159 18 3.9657
38 160 3 0.6007
38 162 5 1.0628
38 163 1 0.1289
38 164 1 0.1305
38 165 2 0.2207
38 167 43 11.1462
38 168 11 2.6312
38 169 15 2.8414
38 170 21 4.2202
38 171 17 2.8513
38 172 8 1.1611
38 173 14 1.4453
38 174 2 0.8311
38 175 2 0.3952
38 176 42 11.7365
38 177 15 4.1637
38 178 5 1.0662
38 179 2 0.2625
38 181 12 2.4946
38 182 1 0.0152
38 183 23 9.1743
38 185 2 0.3063
38 186 3 0.6230
38 187 10 1.5070
38 188 20 3.0606
38 189 37 5.6912
38 190 4 1.0984
38 191 28 8.8873
38 192 40 9.4901
38 193 34 14.8859
38 195 18 2.9101
38 196 58 14.5560
38 197 31 7.4772
38 198 7 1.3036
38 199 1 0.1047
38 201 48 16.1299
38 202 7 2.0265
38 203 2 0.5044
38 204 4 0.9108
38 205 4 1.5283
38 207 11 2.9566
38 208 24 6.4704
38 209 3 0.6112
38 210 4 0.8346
38 211 3 0.9808
38 212 6 1.4680
38 213 4 0.8949
38 214 1 0.2034
38 215 4 0.7045
38 216 8 1.2265
38 217 23 7.0131
38 218 8 1.4568
38 219 131 35.9574
38 220 12 1.7771
38 222 4 0.6461
38 224 1 0.1486
38 225 1 0.1341
38 226 102 20.1544
38 227 31 9.9160
38 228 3 0.3521
38 229 2 0.4483
38 230 54 15.2854
38 231 6 1.7168
38 233 1 0.2009
38 234 19 7.7967
38 235 5 0.7352
38 236 25 7.5543
38 237 32 11.7266
38 239 30 4.6297
38 240 5 1.2199
38 242 15 5.0078
38 243 9 1.8122
38 245 5 1.5602
38 246 89 33.2109
38 247 4 0.7632
38 249 42 8.4915
38 250 32 22.2159
38 251 8 1.9562
38 252 1 0.1991
38 254 41 11.6301
38 255 1 0.1359
38 256 7 1.1896
38 257 11 2.7868
38 258 14 5.6031
38 259 3 0.2977
38 260 34 8.4052
38 261 4 0.6634
38 263 21 5.9620
38 264 56 20.8807
38 265 25 6.4036
38 267 1 0.1870
38 268 125 32.3865
38 269 2 0.2885
38 270 4 0.8752
38 271 1 0.2928
38 272 5 0.8478
38 273 48 19.4499
38 274 8 1.6568
38 276 6 1.6329
38 277 34 7.0108
38 278 2 0.7635
38 280 6 1.5947
38 281 8 1.2285
38 282 44 13.9868
38 283 11 1.8199
38 284 1 0.1273
38 285 11 3.4335
38 286 3 0.7270
38 287 44 10.0902
38 288 26 6.2395
38 289 20 5.7297
38 291 15 2.5026
38 292 14 2.4779
38 294 2 0.3100
38 295 4 1.3494
38 296 35 7.3854
38 298 3 0.6127
38 299 3 0.3191
38 300 12 2.1655
38 301 9 2.0090
38 302 11 2.9161
38 303 1 0.2065
38 305 28 8.2159
38 307 5 1.3368
38 308 2 0.3670
38 309 30 7.7756
38 310 3 0.7502
38 311 15 2.5037
38 313 1 0.0239
38 314 3 0.9297
38 315 4 0.7767
38 316 16 2.9621
38 317 5 0.7891
38 318 27 5.1344
38 319 2 0.2473
38 320 10 2.3653
38 321 6 1.4852
38 322 27 9.6065
38 323 4 1.6306
38 325 11 3.1427
38 326 8 2.3106
38 327 2 0.3468
38 328 4 0.7220
38 329 4 0.8407
38 332 15 4.7804
38 333 16 2.9695
38 334 4 0.8335
38 335 12 2.9628
38 336 3 0.5528
38 337 1 0.0092
38 339 10 4.3791
38 340 5 1.6844
38 342 15 2.3920
38 344 4 0.4498
38 345 4 1.2076
38 346 1 0.1680
38 347 8 1.6027
38 348 4 0.8224
38 349 9 1.9442
38 350 6 0.9817
38 351 21 5.8548
38 352 16 4.1089
38 353 15 2.8567
38 354 44 7.8669
38 355 30 7.5667
38 356 2 0.3726
38 357 9 2.3785
38 359 3 0.3992
38 360 20 3.5380
38 361 38 10.5825
38 362 2 0.3816
38 363 49 15.4037
38 364 8 2.1032
38 365 6 1.5031
38 366 13 2.5533
38 368 21 5.4826
38 369 43 7.1440
38 370 46 7.7624
38 371 10 1.8320
38 373 11 1.8411
38 374 1 0.5287
38 375 20 6.3136
38 376 3 0.5216
38 377 1 0.1731
38 378 6 1.7099
38 379 10 1.7155
38 380 8 2.3370
38 381 3 0.4911
38 382 6 0.8988
38 383 6 1.4355
39 0 45 9.0466
39 1 25 3.9229
39 3 4 0.3708
39 4 28 11.5515
39 5 5 1.0023
39 6 14 2.5494
39 7 35 20.3038
39 8 27 4.4931
39 9 1 0.2595
39 10 5 1.1037
39 11 2 0.1223
39 12 52 13.1809
39 13 19 4.2453
39 14 28 11.3221
39 15 27 8.0266
39 18 93 19.4816
39 20 28 6.0905
39 21 2 0.1287
39 23 14 0.3284
39 24 11 1.8446
39 25 1 0.2264
39 26 6 1.0584
39 27 74 16.7360
39 28 4 0.4828
39 30 9 2.7378
39 31 14 2.9613
39 32 45 7.5013
39 33 8 0.9467
39 35 5 0.7223
39 36 4 0.8067
39 37 4 0.2464
39 38 1 0.1091
39 42 2 0.2922
39 44 2 0.4789
39 45 9 3.4061
39 47 17 4.0807
39 48 22 0.5901
39 50 8 1.5238
39 51 17 2.9010
39 52 9 1.0713
39 53 3 0.7277
39 54 137 39.6552
39 55 43 5.3716
39 56 6 1.0489
39 58 16 4.4509
39 59 1 0.2859
39 61 23 3.7352
39 64 18 2.8172
39 65 3 1.5166
39 66 34 8.1579
39 68 15 2.2572
39 69 31 6.4584
39 70 12 2.5924
39 71 6 0.7937
39 72 69 18.5798
39 73 9 1.1910
39 76 3 0.3545
39 78 11 2.6933
39 80 72 16.0385
39 81 3 0.2323
39 82 13 4.0842
39 83 31 5.0423
39 84 7 2.1627
39 85 15 2.8765
39 86 16 2.1166
39 87 44 27.4615
39 88 1 0.1154
39 90 1 0.1990
39 91 128 32.8102
39 92 28 7.4766
39 93 10 1.6235
39 95 3 0.3344
39 96 28 6.7458
39 97 22 8.0927
39 98 8 1.0140
39 99 9 2.2918
39 100 3 0.8166
39 101 15 2.8221
39 102 13 3.2463
39 103 8 5.3846
39 106 25 6.2350
39 107 8 1.6619
39 109 14 5.4059
39 110 2 0.7049
39 111 4 1.9472
39 112 20 4.8816
39 115 6 1.0249
39 116 24 11.4175
39 117 2 0.2427
39 118 22 6.5075
39 119 34 5.4667
39 121 3 0.4373
39 122 18 3.0989
39 123 3 0.5337
39 124 2 0.4051
39 125 14 2.7784
39 126 10 1.7022
39 127 6 1.1518
39 131 12 2.9390
39 132 2 0.1480
39 133 2 0.2340
39 134 5 0.6852
39 135 3 0.2659
39 136 5 0.9653
39 139 1 0.4269
39 140 4 0.9779
39 141 27 7.3109
39 142 17 3.4247
39 144 8 1.9271
39 145 12 2.4649
39 146 61 11.6551
39 147 1 0.1600
39 148 1 0.2342
39 149 7 0.7085
39 150 6 0.7781
39 151 22 4.2001
39 152 23 4.0172
39 153 2 0.2145
39 154 1 0.1393
39 155 76 18.1800
39 156 4 0.5337
39 157 4 0.7024
39 158 14 2.4533
39 159 10 1.8116
39 160 82 14.6023
39 161 11 1.3487
39 163 1 0.1220
39 164 12 1.3680
39 165 2 0.1818
39 166 16 2.4327
39 167 11 1.5586
39 168 15 7.3543
39 169 13 2.0564
39 170 24 4.7649
39 172 14 1.5199
39 173 18 4.1443
39 174 5 0.9093
39 175 12 1.3329
39 176 1 0.1110
39 178 8 7.0644
39 179 38 7.5052
39 181 35 8.4330
39 182 7 2.2966
39 184 4 0.6473
39 185 10 1.2370
39 187 4 0.4816
39 188 12 17.5105
39 189 69 15.3528
39 190 37 15.6352
39 191 9 1.5619
39 193 2 0.3265
39 194 13 2.2553
39 195 17 3.2395
39 196 7 1.0134
39 197 5 0.6130
39 198 16 3.0297
39 199 2 0.2444
39 200 12 2.8183
39 201 2 0.3154
39 202 9 1.3954
39 203 51 19.8110
39 204 17 4.2443
39 205 9 2.2723
39 206 2 0.2027
39 207 11 1.9327
39 208 37 6.2008
39 209 2 0.1001
39 210 5 0.5476
39 212 9 1.8317
39 213 1 0.1761
39 214 1 0.0956
39 215 22 5.2225
39 216 1 0.0625
39 218 1 0.0555
39 220 15 3.2729
39 221 37 6.7971
39 222 4 0.7529
39 223 4 0.5603
39 224 49 16.1756
39 226 4 0.5479
39 228 13 2.2272
39 229 4 4.7752
39 230 1 0.1520
39 231 54 16.6693
39 232 9 0.9481
39 234 5 0.5228
39 235 10 1.3801
39 236 7 1.0661
39 237 21 10.6095
39 238 10 1.6507
39 240 11 1.5364
39 241 5 0.5273
39 242 4 0.6900
39 243 1 0.0002
39 244 27 5.6420
39 246 38 9.6425
39 247 6 1.1217
39 250 13 2.6570
39 252 2 0.2896
39 253 1 0.1848
39 254 4 0.4414
39 255 19 5.3957
39 256 22 5.3985
39 257 9 1.7543
39 258 6 0.5914
39 259 1 0.1172
39 260 3 0.5193
39 261 3 0.3119
39 263 1 0.1240
39 264 5 0.6837
39 266 13 2.4820
39 268 38 11.5123
39 269 31 6.5373
39 272 2 0.6758
39 273 1 0.1334
39 274 2 0.3695
39 275 3 0.3679
39 276 34 7.1575
39 277 4 0.8173
39 278 1 0.1103
39 279 6 0.8681
39 281 30 7.9187
39 282 1 0.1412
39 283 28 8.0715
39 284 24 5.2597
39 285 20 3.9743
39 286 9 1.4523
39 288 1 0.1360
39 289 16 4.2160
39 290 1 0.2144
39 291 5 0.6995
39 292 6 1.8826
39 293 22 4.4568
39 294 16 2.4608
39 295 7 0.9817
39 296 26 6.3983
39 298 41 16.5998
39 300 2 0.1659
39 301 1 0.1161
39 302 1 0.0014
39 303 115 30.1674
39 304 12 2.2127
39 306 9 1.9926
39 307 43 14.0889
39 308 24 4.2859
39 309 3 0.2435
39 311 2 0.4231
39 312 13 3.5588
39 313 5 0.6279
39 314 19 7.9784
39 315 6 0.5670
39 317 10 2.4167
39 318 8 4.2209
39 319 16 4.3988
39 322 8 1.5703
39 323 1 0.0574
39 324 3 0.2350
39 326 33 8.8362
39 327 1 0.0528
39 328 4 0.5357
39 329 2 0.4548
39 330 43 12.1335
39 331 4 0.8320
39 333 1 0.0400
39 334 10 2.9338
39 335 22 4.0896
39 336 96 23.3457
39 337 7 0.9162
39 339 3 0.5095
39 341 11 2.2724
39 346 13 4.3684
39 348 6 0.9676
39 349 143 48.1073
39 350 5 1.2337
39 351 1 0.3104
39 352 32 11.9116
39 354 7 1.8703
39 355 12 3.4136
39 356 7 0.4565
39 357 47 19.8037
39 358 8 1.5252
39 359 12 2.8865
39 360 22 6.8797
39 361 18 3.3067
39 362 31 8.4599
39 363 18 3.3396
39 364 2 0.3172
39 365 7 0.5755
39 366 3 0.2908
39 367 13 2.3829
39 368 95 27.4604
39 369 2 0.2657
39 370 14 1.6075
39 371 18 2.6293
39 372 1 0.1357
39 373 6 0.7132
39 374 12 1.7562
39 375 2 0.5629
39 377 5 0.8124
39 378 2 0.0783
39 379 31 6.1876
39 380 2 0.3401
39 381 18 3.9395
39 382 19 9.3416
39 383 5 1.1829
