# layer expert count weight_sum
0 0 1374 416.8660
0 1 81 15.9170
0 2 1810 466.4218
0 4 132 39.7204
0 5 404 114.2569
0 6 109 20.1188
0 7 394 85.3882
0 8 553 114.0111
0 9 880 321.2510
0 10 102 18.9477
0 11 384 75.4711
0 12 355 72.3142
0 13 3 0.6409
0 14 411 89.3779
0 15 526 107.5246
0 16 17 3.2680
0 17 645 141.1851
0 18 350 77.2933
0 19 139 28.9229
0 20 199 41.9996
0 21 195 41.2977
0 22 69 18.6309
0 24 261 46.4927
0 25 598 109.7461
0 26 48 9.5362
0 27 373 83.3950
0 28 1784 440.0486
0 29 343 62.2925
0 30 779 176.7798
0 31 95 19.6468
0 32 148 34.5432
0 33 380 84.3037
0 34 661 141.5755
0 35 769 189.2399
0 36 1288 296.4516
0 37 6 1.3907
0 38 571 133.0129
0 39 3189 751.2921
0 40 998 325.0075
0 41 613 126.2414
0 42 24 5.4443
0 43 352 69.9416
0 44 430 80.0398
0 45 205 47.5927
0 46 116 23.4455
0 47 802 156.5646
0 48 207 68.3104
0 49 251 49.5709
0 51 80 15.2329
0 52 3 0.7907
0 53 129 26.3590
0 54 29 5.6491
0 55 90 19.3111
0 56 137 25.7857
0 57 2 0.3494
0 58 725 158.5842
0 59 150 32.6289
0 60 25 4.3418
0 61 97 27.2971
0 62 331 74.4659
0 63 228 53.2309
0 64 97 23.9790
0 65 182 35.0280
0 66 33 5.9691
0 67 184 58.2581
0 68 50 11.0859
0 69 427 104.3215
0 70 394 65.1750
0 71 127 26.7208
0 72 695 142.7572
0 73 873 219.1138
0 74 208 44.0019
0 75 122 46.5035
0 76 4 0.7348
0 77 151 47.7901
0 78 647 132.6747
0 80 2 0.5670
0 81 782 169.9749
0 82 159 29.7862
0 83 34 7.9996
0 84 245 61.6734
0 85 111 23.6557
0 86 916 182.8658
0 87 93 17.5801
0 88 286 72.9688
0 89 477 87.6347
0 90 39 6.1606
0 91 4 0.8908
0 92 209 44.0614
0 94 464 119.1701
0 95 51 11.9352
0 96 947 321.8959
0 97 1066 225.5913
0 98 21 7.0224
0 99 36 7.2095
0 101 970 425.4855
0 102 1320 227.0958
0 103 1 0.2637
0 104 206 73.0721
0 105 864 174.7918
0 106 46 7.7496
0 107 501 89.0770
0 108 373 86.1704
0 109 257 92.9319
0 110 203 67.9203
0 111 632 157.3060
0 112 124 38.6511
0 113 555 103.8599
0 114 150 24.9029
0 115 581 127.5471
0 116 2259 498.2427
0 117 141 29.5073
0 118 190 35.3131
0 119 263 42.7560
0 120 237 49.7274
0 121 6 0.8685
0 123 12 2.3500
0 124 59 10.8365
0 125 306 51.5568
0 126 150 35.3898
0 127 138 33.2757
0 128 264 68.0296
0 129 178 30.8228
0 130 1943 574.5906
0 131 868 181.2564
0 132 47 9.9231
0 133 1019 341.6145
0 134 95 30.9710
0 135 402 72.5037
0 136 549 167.5574
0 138 1621 321.7579
0 139 5 1.1521
0 140 409 119.5587
0 141 222 56.3660
0 142 134 30.8645
0 143 589 132.7793
0 144 71 17.1221
0 145 405 92.0923
0 146 253 55.7419
0 147 451 121.3061
0 148 548 120.0942
0 149 929 204.5992
0 150 58 12.3280
0 151 99 22.0861
0 152 522 115.9435
0 153 47 9.6756
0 154 1415 401.2055
0 155 253 65.9135
0 156 2456 578.1136
0 157 18 4.1568
0 158 306 67.2470
0 159 1476 420.9134
0 160 43 7.6834
0 161 679 127.6316
0 162 138 28.4309
0 163 294 63.5515
0 164 894 177.4117
0 165 75 16.1791
0 166 491 97.1174
0 167 866 258.8949
0 168 1016 216.9432
0 169 830 249.8856
0 170 82 23.7845
0 171 212 45.0940
0 172 140 41.4107
0 173 183 42.7000
0 174 491 170.5535
0 175 139 27.3130
0 176 830 146.3606
0 177 531 110.8997
0 178 287 64.7644
0 179 42 7.9595
0 180 615 115.9507
0 181 782 163.5932
0 182 10 1.9285
0 183 2700 1090.6842
0 184 195 35.6544
0 185 257 50.2558
0 186 126 28.3350
0 187 576 123.5966
0 188 994 416.9592
0 189 719 128.6090
0 190 34 6.0080
0 191 307 62.3730
0 192 460 99.4767
0 193 413 107.5109
0 194 253 57.9691
0 195 85 17.8402
0 196 98 18.8151
0 197 664 153.9451
0 198 381 82.3717
0 199 64 10.2758
0 200 32 5.9025
0 201 84 25.1249
0 203 85 26.7095
0 204 39 8.1423
0 205 1831 577.9846
0 206 24 6.3212
0 207 1300 335.2942
0 208 739 152.2539
0 209 141 30.3890
0 210 2 0.4848
0 211 224 36.6249
0 212 25 5.2897
0 213 714 226.4475
0 214 113 24.2052
0 215 828 153.0766
0 216 462 125.2347
0 217 136 23.7771
0 219 242 44.8965
0 220 271 53.8031
0 221 12 2.4364
0 222 250 52.6916
0 223 81 16.5024
0 224 49 8.7370
0 225 649 142.0721
0 226 20 4.3276
0 227 427 85.2388
0 228 165 30.8647
0 229 468 102.4611
0 230 458 96.1618
0 231 883 193.2032
0 232 675 232.5507
0 233 3 0.5671
0 234 632 169.9050
0 235 36 6.9252
0 236 240 44.0602
0 237 451 118.4642
0 238 332 101.7425
0 239 31 5.0902
0 240 1 0.1415
0 241 396 125.7387
0 242 1002 246.6079
0 244 49 10.5698
0 245 797 137.4821
0 246 17 2.7939
0 247 23 5.3690
0 248 747 210.6742
0 250 32 7.3338
0 251 586 177.9624
0 252 165 31.6081
0 253 301 112.5158
0 254 5 1.0187
0 255 52 11.1248
0 256 201 44.7646
0 257 779 233.8216
0 258 4 0.9658
0 259 389 74.6216
0 260 985 321.4014
0 261 196 48.9631
0 262 840 219.4989
0 263 415 130.9178
0 264 34 6.5078
0 265 57 9.9207
0 266 415 99.1943
0 267 482 236.6019
0 268 833 381.6220
0 269 371 80.4179
0 270 13 3.7974
0 271 171 35.6311
0 272 524 101.4223
0 273 27 4.2174
0 274 145 30.2406
0 275 542 169.0303
0 276 1110 262.7605
0 277 406 134.6788
0 278 131 22.0472
0 279 480 92.1995
0 280 1114 243.4405
0 281 11 3.0373
0 282 582 115.9601
0 283 266 58.3727
0 284 286 59.8381
0 285 1255 364.9272
0 286 335 67.0583
0 287 83 16.3031
0 288 355 68.5805
0 289 929 347.6682
0 290 341 105.8083
0 291 313 68.0013
0 292 19 4.6392
0 293 589 220.9531
0 294 192 40.5545
0 295 822 266.0536
0 296 902 191.2970
0 297 566 161.7447
0 298 8 1.2943
0 299 536 108.3405
0 300 1028 284.0692
0 301 324 67.6248
0 302 30 8.8970
0 303 113 18.3153
0 304 273 59.6928
0 305 540 139.3605
0 306 1399 363.3835
0 307 91 19.3397
0 308 615 121.4644
0 309 48 8.8011
0 310 1243 363.4805
0 311 493 101.7752
0 312 188 35.2744
0 313 5 0.9649
0 314 339 62.9736
0 315 614 126.6117
0 316 146 28.8546
0 317 1430 354.6049
0 318 146 51.1901
0 319 176 31.6299
0 320 325 66.4271
0 321 716 158.5924
0 322 667 235.5607
0 323 5337 1758.5864
0 324 3 0.6658
0 325 81 15.8186
0 326 303 60.8222
0 327 157 35.3794
0 328 353 74.5645
0 329 285 82.4237
0 330 521 135.4300
0 331 325 69.0777
0 332 88 16.6497
0 333 37 7.8853
0 334 401 83.0139
0 335 19 4.1774
0 336 21 5.0658
0 337 452 79.2360
0 338 582 116.4225
0 339 14 2.6931
0 340 6 1.2143
0 341 1890 579.6306
0 342 1200 233.6132
0 343 806 188.6813
0 344 13 2.3199
0 345 361 77.7043
0 346 144 26.3816
0 347 41 15.8045
0 348 803 196.6585
0 349 276 57.4599
0 350 513 111.3601
0 351 491 135.9612
0 352 673 166.4559
0 353 939 183.8859
0 354 488 91.8274
0 355 928 197.6027
0 356 122 23.9435
0 357 173 41.1183
0 358 223 51.1481
0 359 417 74.2258
0 360 131 28.1946
0 361 312 77.4834
0 362 136 47.8951
0 363 38 8.0207
0 364 162 33.1156
0 365 132 24.2900
0 366 1214 253.1925
0 367 234 54.9624
0 368 339 71.4891
0 369 77 17.7559
0 370 1177 234.1365
0 371 312 58.3684
0 372 14 2.1731
0 374 250 47.0832
0 375 243 53.7625
0 376 31 5.7473
0 377 105 21.6275
0 378 143 45.2879
0 379 125 25.4108
0 380 64 12.2736
0 381 188 46.5305
0 382 234 38.9069
0 383 122 24.1194
1 0 602 178.7985
1 1 156 33.8821
1 2 106 23.7546
1 3 108 24.4792
1 4 285 65.0286
1 5 2278 577.0972
1 6 251 52.8594
1 7 817 197.3385
1 8 204 53.8913
1 9 43 10.4406
1 10 86 18.6319
1 11 800 305.8172
1 12 998 387.9767
1 13 95 23.7155
1 14 397 126.9957
1 15 484 94.8040
1 17 8 1.9868
1 18 17 3.6253
1 19 704 164.9414
1 20 688 250.9013
1 21 105 20.1307
1 22 264 59.3052
1 23 517 106.8985
1 24 354 81.3588
1 25 67 13.9931
1 26 993 223.8099
1 27 154 34.9899
1 28 265 60.1806
1 30 157 33.5268
1 31 29 5.7676
1 32 28 6.2280
1 33 471 107.8150
1 34 113 26.5927
1 35 471 105.1983
1 36 43 9.4546
1 37 134 27.8776
1 38 348 81.2056
1 39 194 44.6964
1 40 1 0.2301
1 41 229 52.0420
1 42 313 65.9931
1 43 50 10.0380
1 44 49 10.1524
1 45 551 169.1177
1 46 103 21.7741
1 47 546 141.4619
1 48 106 23.2918
1 49 639 163.6301
1 50 146 34.7782
1 51 965 220.5080
1 52 122 25.3651
1 53 177 38.5649
1 54 819 186.8013
1 55 113 24.9093
1 56 63 21.2857
1 57 704 169.5124
1 58 2 0.4570
1 59 70 15.1169
1 60 180 40.3604
1 61 198 40.5676
1 62 41 14.9776
1 63 490 105.8493
1 64 717 183.8795
1 65 148 28.4950
1 66 315 70.6087
1 67 2007 526.4990
1 68 35 10.8576
1 69 223 52.0181
1 70 349 77.5184
1 71 233 52.6822
1 72 36 9.9268
1 73 251 62.2948
1 75 1927 894.6740
1 76 5 1.1834
1 77 161 36.2617
1 78 2 0.4086
1 79 3 0.6722
1 80 97 21.4735
1 81 189 43.8193
1 82 161 36.2521
1 83 47 9.7257
1 84 269 57.8329
1 85 382 75.3893
1 86 14 2.4850
1 87 68 21.4827
1 88 2052 487.0152
1 89 23 5.5099
1 90 6 1.4322
1 91 974 285.5161
1 92 465 117.0474
1 93 1269 278.7185
1 94 31 6.1295
1 95 166 34.8464
1 96 11 2.2277
1 97 241 56.9319
1 98 449 126.5353
1 99 26 5.8689
1 100 1257 286.6913
1 101 42 11.4245
1 102 322 69.6293
1 103 418 92.2813
1 104 151 37.5908
1 105 287 59.8250
1 106 2318 548.5664
1 107 372 78.2348
1 108 147 38.6162
1 109 954 219.8190
1 110 3003 880.1436
1 111 289 64.5156
1 112 679 157.8188
1 113 175 56.3776
1 114 117 33.1475
1 115 102 21.3459
1 116 253 58.9985
1 117 472 99.7990
1 118 82 17.8781
1 119 26 7.5952
1 120 482 130.9805
1 121 505 115.0250
1 122 688 153.9304
1 123 65 15.6534
1 124 24 7.3678
1 125 548 117.7998
1 126 203 46.1244
1 127 230 59.8380
1 128 350 75.6793
1 129 247 55.6102
1 130 946 284.2518
1 131 728 212.4105
1 132 5 1.1324
1 133 224 59.6967
1 134 920 221.0666
1 135 1241 305.5966
1 136 81 18.4036
1 137 69 19.9755
1 138 276 63.5471
1 140 3 0.8127
1 141 527 120.8227
1 142 25 5.0969
1 143 50 11.4401
1 144 351 86.2003
1 145 66 14.3846
1 146 851 192.4288
1 147 472 100.8943
1 148 298 82.0090
1 149 128 38.5295
1 150 21 5.3266
1 151 48 16.9453
1 152 8 1.8185
1 153 3 1.0294
1 154 60 12.4933
1 155 1397 340.8063
1 156 504 111.3139
1 157 231 71.9417
1 158 976 274.8150
1 159 1554 396.0358
1 160 978 218.1675
1 161 339 77.8013
1 162 103 23.6515
1 163 267 57.6239
1 164 39 10.0815
1 165 137 30.4034
1 166 334 79.5637
1 167 236 52.0173
1 168 157 43.8624
1 169 161 35.0376
1 170 204 43.8205
1 171 56 12.9821
1 172 135 28.9252
1 173 1049 255.3371
1 174 45 10.0009
1 175 235 52.5504
1 176 431 126.8813
1 177 37 8.9852
1 178 177 38.3647
1 179 159 30.2858
1 180 1316 339.0754
1 181 128 29.2441
1 182 121 23.1417
1 183 46 11.3509
1 184 413 94.9876
1 185 398 85.2979
1 186 845 198.3391
1 187 424 90.7211
1 188 300 97.1425
1 189 503 104.4147
1 190 236 53.3330
1 191 145 38.8448
1 192 71 22.1314
1 193 4270 1251.1227
1 194 212 47.4563
1 195 382 84.6570
1 196 27 6.1496
1 197 177 41.9372
1 198 167 39.3168
1 199 220 43.4614
1 200 598 145.9647
1 201 12 2.3841
1 202 211 47.5078
1 203 249 55.7120
1 204 102 24.5116
1 206 783 177.1741
1 207 36 7.3175
1 208 373 79.8594
1 209 333 69.3178
1 210 147 33.3818
1 211 306 66.9348
1 212 836 184.2871
1 213 397 87.0069
1 214 89 22.4582
1 215 299 67.3598
1 216 68 14.6552
1 217 1014 274.3971
1 218 133 33.8759
1 219 736 234.5139
1 220 69 15.0963
1 221 150 33.0728
1 222 250 54.8653
1 223 104 23.8909
1 224 909 225.4697
1 225 94 22.5926
1 226 136 29.6014
1 227 287 68.1393
1 228 1188 247.8990
1 229 386 86.9816
1 230 204 43.4093
1 231 96 20.6012
1 232 165 36.0277
1 233 32 7.2591
1 234 1000 221.9508
1 235 145 32.3468
1 236 1409 298.2089
1 237 71 16.7535
1 238 75 17.1943
1 239 170 34.6541
1 240 433 132.7201
1 241 302 66.5320
1 242 512 113.3668
1 243 130 29.0814
1 244 77 27.4564
1 245 145 32.3846
1 246 117 24.7549
1 247 389 91.6206
1 248 343 79.7650
1 249 6 2.1481
1 250 54 15.1344
1 251 1083 370.3396
1 252 497 110.9718
1 253 115 26.5013
1 254 2587 601.4401
1 255 813 182.6334
1 256 77 16.9720
1 257 55 12.2171
1 258 68 15.5316
1 259 2718 736.9488
1 260 812 187.3851
1 262 245 52.9872
1 263 287 65.6071
1 264 5 1.2244
1 265 461 124.4992
1 266 356 77.1654
1 267 316 67.2260
1 268 192 46.1093
1 269 146 31.6973
1 270 325 77.5043
1 271 588 132.1226
1 272 84 18.8120
1 273 166 35.3320
1 274 545 122.0002
1 275 290 63.2789
1 276 5 1.6054
1 277 35 8.1168
1 278 10 2.0705
1 279 231 51.5844
1 280 860 202.2689
1 281 196 46.8195
1 282 15 2.9446
1 283 1378 344.2306
1 284 387 86.3197
1 285 228 47.5587
1 286 71 16.7989
1 287 122 25.9518
1 288 151 34.0125
1 289 520 131.7200
1 290 192 40.0104
1 291 29 5.9864
1 292 473 126.9210
1 293 1006 232.3118
1 294 743 188.9630
1 295 251 52.5124
1 296 292 65.4825
1 297 902 221.5047
1 298 119 25.5595
1 299 166 36.5018
1 300 61 13.2966
1 301 455 102.3409
1 302 123 26.4477
1 303 98 21.4604
1 304 276 57.7299
1 305 49 11.4516
1 306 900 230.2565
1 307 221 63.1211
1 308 4 0.9378
1 310 197 47.3538
1 311 144 31.1296
1 312 72 15.5276
1 313 1187 277.2274
1 314 198 42.3051
1 315 76 16.1695
1 316 1206 315.9418
1 317 30 7.5124
1 318 2904 713.9840
1 319 514 115.2825
1 320 700 148.0605
1 321 307 68.4075
1 322 1785 422.8794
1 323 1730 399.2374
1 324 1343 313.3462
1 325 125 26.4530
1 326 295 70.6424
1 327 308 65.2229
1 328 271 62.4296
1 329 42 9.7067
1 330 447 100.5834
1 331 250 56.3326
1 332 85 17.5422
1 333 493 119.9517
1 334 128 27.7382
1 336 106 36.5699
1 337 188 42.6790
1 338 108 24.0276
1 339 470 110.1697
1 340 3520 837.1782
1 341 855 357.2070
1 342 104 22.7559
1 343 270 67.8016
1 344 429 98.9142
1 345 487 114.4535
1 346 561 139.0071
1 347 65 14.0226
1 348 7 1.5516
1 349 1567 450.5692
1 350 1108 250.0543
1 353 692 140.1262
1 354 64 14.2055
1 355 44 10.0264
1 356 504 113.7283
1 357 29 5.0676
1 358 30 6.4244
1 359 10 1.8406
1 360 337 72.2098
1 361 5061 1389.0216
1 362 362 82.1387
1 363 141 30.5196
1 364 234 50.8926
1 365 70 16.1257
1 366 71 14.7025
1 367 2 0.4363
1 368 198 44.8421
1 369 740 219.9018
1 370 146 33.4574
1 371 1396 308.6268
1 372 415 100.7692
1 373 748 197.4757
1 374 208 50.6860
1 375 313 87.8281
1 376 560 164.1516
1 377 1126 305.7926
1 378 407 93.3979
1 379 92 27.6753
1 380 470 111.7534
1 381 117 23.5159
1 382 26 9.9176
1 383 97 21.7271
2 0 11 2.2495
2 1 1225 285.7675
2 2 476 106.5650
2 3 374 95.7323
2 4 78 18.7056
2 5 2 0.4716
2 6 952 248.2188
2 7 230 53.0495
2 8 1401 335.5031
2 9 475 108.5492
2 10 434 123.0388
2 11 115 28.0803
2 12 850 187.5124
2 13 111 23.4946
2 14 13 2.9187
2 15 182 48.1486
2 16 242 56.2482
2 18 43 9.1929
2 19 147 34.2079
2 20 425 98.8166
2 21 264 66.2046
2 23 473 110.4939
2 24 109 22.5010
2 25 465 101.1921
2 26 190 39.6725
2 27 1570 370.4037
2 28 61 12.9883
2 29 20 4.3438
2 30 465 108.4499
2 31 224 49.2310
2 32 94 20.4903
2 33 21 4.6534
2 34 292 68.9599
2 35 4166 1145.5395
2 36 4 0.8904
2 37 19 3.8849
2 39 42 8.7920
2 40 409 110.4337
2 41 322 72.1523
2 42 1493 406.2930
2 43 11 2.6469
2 44 129 32.8736
2 45 431 86.8820
2 46 155 35.9875
2 47 333 84.7123
2 48 624 143.7228
2 49 62 20.3482
2 50 49 15.7567
2 51 13 2.7325
2 52 76 13.5481
2 53 96 28.5261
2 54 41 9.0043
2 55 15 2.9581
2 56 180 54.1890
2 57 14 3.0949
2 58 3443 833.8313
2 59 365 89.4619
2 60 74 15.4901
2 61 26 5.3232
2 62 7 1.4374
2 63 141 30.9769
2 64 146 33.6170
2 65 860 197.4238
2 66 424 99.3970
2 67 270 62.8407
2 68 634 152.0439
2 69 3329 745.4067
2 71 96 20.4803
2 72 995 224.3642
2 73 45 9.2964
2 74 553 122.3370
2 75 72 17.0639
2 76 110 23.9215
2 77 794 198.3851
2 78 39 8.7036
2 79 1581 358.6153
2 80 83 17.4392
2 81 176 37.4929
2 82 420 100.8276
2 83 65 15.3922
2 84 24 5.2916
2 85 16 3.4931
2 86 42 9.2973
2 87 147 42.1386
2 88 1150 257.3579
2 89 337 103.2524
2 90 103 25.2124
2 91 595 122.6110
2 92 1 0.1815
2 93 487 107.5826
2 94 79 19.5437
2 95 310 71.7202
2 96 1942 463.7815
2 97 249 59.8877
2 98 470 108.2098
2 99 290 64.2892
2 100 295 67.7487
2 101 831 265.5266
2 102 572 155.9897
2 103 155 34.7306
2 104 870 246.6955
2 105 7177 2056.0018
2 106 25 5.4299
2 107 94 21.2067
2 108 188 44.4401
2 109 13 3.3689
2 110 154 34.9672
2 111 509 111.0051
2 112 54 11.3804
2 113 10 2.1736
2 114 161 49.6735
2 115 854 232.5355
2 116 118 24.9106
2 117 63 14.4595
2 118 652 147.4390
2 119 792 188.9919
2 120 2360 554.6480
2 121 101 23.4688
2 122 46 10.3192
2 123 19 4.3391
2 124 38 11.4590
2 125 836 231.3779
2 126 399 84.5759
2 127 8 2.0611
2 128 487 108.9937
2 129 41 8.0246
2 130 150 48.2982
2 131 2474 586.5229
2 132 2500 719.5638
2 133 251 56.1577
2 134 776 245.8571
2 135 965 244.3261
2 136 227 50.2468
2 138 85 18.3033
2 139 1234 268.8694
2 140 281 69.4629
2 141 189 52.8240
2 142 191 53.8499
2 143 30 6.6549
2 144 665 162.8352
2 145 82 17.3894
2 146 5 1.1782
2 147 3673 915.7472
2 148 101 25.8287
2 150 68 14.9386
2 151 740 173.0150
2 152 1395 457.1913
2 153 922 225.0290
2 154 26 5.2106
2 155 103 23.0269
2 156 447 100.0474
2 157 57 12.5557
2 158 1276 363.7308
2 159 8 1.3557
2 160 471 107.6872
2 161 4 0.9203
2 162 5 0.8934
2 163 1045 267.3294
2 165 167 36.9604
2 166 1946 540.7764
2 167 734 162.5529
2 168 41 8.0746
2 169 13 2.9546
2 170 109 26.2529
2 171 5 0.9778
2 172 292 90.9313
2 173 46 11.1602
2 174 24 7.5817
2 175 575 133.3304
2 176 54 11.9985
2 177 913 229.7401
2 178 160 41.2069
2 179 106 23.2866
2 180 1 0.2224
2 181 374 92.7128
2 182 35 9.5483
2 183 108 24.6851
2 184 17 3.3998
2 185 1511 342.7940
2 186 133 31.1326
2 187 1011 234.5580
2 188 23 5.6457
2 189 761 172.5511
2 190 13 3.3990
2 191 270 62.3537
2 192 139 29.0003
2 193 211 49.0247
2 194 608 151.9153
2 195 184 47.3884
2 196 984 234.6878
2 199 1184 281.6192
2 200 505 169.8851
2 201 148 36.5628
2 202 46 10.4735
2 203 476 117.2397
2 204 538 121.8007
2 205 85 21.9671
2 206 1873 439.7053
2 207 144 32.1719
2 208 190 43.2856
2 209 132 40.6738
2 210 207 57.4722
2 212 551 124.7334
2 213 428 100.4196
2 214 337 94.1371
2 215 15 3.3952
2 216 1252 343.7484
2 217 276 61.1396
2 218 70 17.3952
2 219 90 20.3807
2 220 69 11.8472
2 221 2 0.4708
2 222 124 35.8551
2 223 283 88.3828
2 224 986 240.9128
2 225 28 6.3420
2 226 610 156.1115
2 227 21 4.6199
2 228 599 160.9142
2 229 410 92.6086
2 230 998 235.3492
2 232 79 18.5957
2 233 41 14.5198
2 234 1236 311.5658
2 235 83 18.6246
2 237 4 0.9354
2 238 141 32.8892
2 239 314 72.0497
2 240 80 17.8730
2 241 2996 750.6234
2 242 1179 446.2629
2 243 198 45.3950
2 244 64 13.3801
2 246 51 14.1273
2 247 12 2.1991
2 248 5 1.0254
2 249 10 1.6901
2 250 93 19.5814
2 251 8 1.6707
2 252 348 82.3643
2 253 119 25.5843
2 254 967 239.9272
2 255 442 98.6669
2 256 57 14.2278
2 257 20 3.8468
2 258 3 0.6306
2 259 5 1.1893
2 260 176 52.7389
2 261 549 121.1894
2 262 849 184.0629
2 263 71 16.4391
2 264 6 1.0948
2 265 392 84.4739
2 266 123 28.1238
2 267 17 4.2516
2 268 77 15.3835
2 269 26 7.0059
2 270 1162 272.2685
2 271 116 31.1151
2 272 37 8.2747
2 273 100 23.1289
2 274 4 0.9959
2 275 3 0.7575
2 276 188 42.8757
2 277 87 18.6236
2 278 706 206.9853
2 279 55 20.3743
2 280 339 76.6982
2 281 1672 394.3372
2 282 14 3.1826
2 283 179 41.7034
2 284 134 29.5981
2 285 22 4.6198
2 286 50 10.9307
2 288 36 7.4319
2 289 256 59.6643
2 290 57 12.8828
2 291 318 73.3525
2 292 4 0.8000
2 293 73 21.9344
2 294 159 36.1616
2 295 99 22.1367
2 296 58 12.3514
2 297 241 62.2367
2 298 1598 405.4851
2 299 389 93.0462
2 301 446 99.5009
2 302 72 15.7685
2 303 126 28.7486
2 304 125 23.3890
2 305 325 107.3079
2 306 276 64.3546
2 307 23 8.7199
2 308 136 31.3565
2 309 28 5.9539
2 311 833 195.5785
2 312 6 1.3622
2 313 5 1.0836
2 314 74 18.5421
2 315 200 36.5080
2 316 1322 362.0049
2 317 317 74.8894
2 318 96 20.6995
2 319 41 9.7360
2 320 727 160.1132
2 321 84 26.0061
2 322 79 17.5449
2 323 953 231.1728
2 324 169 43.9682
2 326 393 86.1645
2 327 3197 936.6118
2 328 1808 413.1599
2 329 65 13.4872
2 330 295 70.0536
2 331 812 188.8870
2 332 96 21.1212
2 333 374 85.1895
2 334 29 5.9729
2 335 381 87.4795
2 336 11 1.8380
2 337 29 11.7094
2 338 34 7.8000
2 339 212 48.1538
2 340 54 12.0878
2 341 66 13.5055
2 342 17 3.7719
2 343 1 0.2442
2 344 1246 308.1723
2 345 172 36.7470
2 347 230 51.8300
2 348 4 1.0013
2 349 2 0.4706
2 351 734 162.4529
2 352 349 77.8745
2 353 61 17.2808
2 354 967 223.8704
2 355 39 9.1967
2 357 3 0.6854
2 358 1817 486.7297
2 359 89 19.1772
2 360 44 9.9542
2 361 27 5.3813
2 362 14 4.4088
2 363 124 27.6567
2 365 208 50.0355
2 366 980 229.0994
2 367 53 12.7156
2 368 190 41.7700
2 369 1103 248.4639
2 370 7 1.6533
2 371 6 1.5276
2 372 135 29.3976
2 373 1106 269.5530
2 374 78 17.7150
2 375 2949 883.3725
2 376 33 7.2519
2 377 1872 448.5781
2 378 104 23.9781
2 379 73 17.4506
2 380 1254 310.4393
2 381 147 34.6406
2 382 895 228.0378
2 383 606 128.8795
3 1 28 5.7172
3 2 189 43.4952
3 3 10 1.8676
3 4 195 45.7103
3 5 145 31.1335
3 6 2 0.2515
3 7 282 49.2738
3 9 24 4.4852
3 10 127 29.0309
3 11 60 17.3930
3 12 165 28.1159
3 13 448 104.6575
3 14 468 100.0342
3 15 223 63.1603
3 16 163 32.0762
3 17 7787 1725.2385
3 18 1520 495.9494
3 19 261 60.0794
3 20 1 0.2470
3 21 327 55.8234
3 22 2672 861.7997
3 23 69 12.5722
3 24 33 6.6438
3 25 5 0.9390
3 26 20 4.4422
3 27 351 86.1216
3 28 39 8.7545
3 29 21 4.2792
3 30 3 0.8928
3 31 801 153.1940
3 32 179 32.7893
3 33 47 8.2302
3 34 65 21.6332
3 35 471 109.0296
3 36 8 1.5515
3 37 293 72.3011
3 38 45 11.5089
3 39 9 1.6306
3 40 685 166.4135
3 41 5 1.3206
3 42 7 1.6745
3 43 134 30.7541
3 44 67 12.2638
3 45 4 1.0494
3 46 2 0.4087
3 47 16 3.4629
3 48 248 49.5133
3 49 240 82.9799
3 50 204 44.8465
3 51 342 73.6900
3 52 48 8.7157
3 53 18 3.3118
3 54 1301 314.9719
3 55 158 35.7865
3 56 320 73.0671
3 57 1 0.2413
3 58 10 2.1408
3 59 182 39.4792
3 60 12 2.7594
3 61 2021 412.9931
3 62 7 1.3685
3 63 6 1.1945
3 64 88 21.1343
3 65 35 7.9381
3 66 127 27.7870
3 67 638 197.0168
3 69 547 131.2569
3 70 11 2.9450
3 71 66 13.3113
3 72 3 0.5904
3 73 41 6.5180
3 74 258 55.9893
3 75 31 5.4024
3 76 54 11.5499
3 77 7 1.3255
3 78 35 8.7929
3 79 61 14.3309
3 80 20 6.4217
3 81 973 243.9973
3 82 1 0.2581
3 83 359 111.0777
3 84 20 3.1403
3 85 1 0.2218
3 86 45 8.9942
3 87 111 32.8974
3 88 273 58.1256
3 89 1243 291.5081
3 90 25 6.2824
3 91 1352 334.7959
3 92 56 13.4688
3 93 57 13.5825
3 94 70 12.8122
3 95 34 6.4911
3 96 2998 664.0787
3 98 53 11.2222
3 99 84 18.4687
3 100 345 80.5345
3 101 15 3.3696
3 102 1286 304.2118
3 103 90 20.2223
3 104 60 11.9467
3 105 540 117.8002
3 106 51 10.6082
3 107 231 71.4495
3 108 12 2.5311
3 109 95 20.0912
3 110 375 120.3648
3 112 7 1.3701
3 113 59 13.4270
3 114 889 237.9557
3 115 70 15.6348
3 116 100 21.7285
3 117 360 79.9232
3 118 587 118.6601
3 119 752 264.7060
3 120 27 4.4820
3 121 144 28.6125
3 122 56 18.0468
3 123 17 3.6645
3 124 24 4.7478
3 125 10 2.1142
3 126 735 185.4949
3 128 8 1.7923
3 130 362 75.3357
3 131 18 2.9537
3 132 177 42.6676
3 133 64 13.4749
3 134 14 3.1474
3 136 590 151.1458
3 137 7 1.2060
3 138 39 9.0013
3 140 28 4.7699
3 141 252 53.1631
3 142 212 48.2974
3 143 120 25.0898
3 144 442 100.8712
3 145 9 2.6698
3 146 31 6.7955
3 147 3462 743.6828
3 148 72 14.5739
3 149 892 257.8696
3 150 45 17.2897
3 151 461 104.7464
3 152 57 12.0767
3 153 1849 405.9136
3 154 390 162.7659
3 155 99 27.2166
3 156 319 60.6355
3 157 210 50.5585
3 158 2 0.4480
3 159 347 82.5246
3 160 129 25.0581
3 161 15 2.9264
3 163 180 32.0062
3 164 27 5.0553
3 165 222 43.2016
3 166 241 55.7999
3 167 12919 3490.2705
3 168 2316 535.2517
3 169 1303 266.6000
3 170 30 8.7803
3 171 8 1.5863
3 172 78 22.7014
3 173 49 11.0344
3 174 260 59.2456
3 176 1603 353.7296
3 177 348 83.5937
3 178 1806 388.8027
3 179 75 13.5298
3 180 373 81.0244
3 182 5 1.0422
3 183 3 0.6243
3 184 16 4.1046
3 185 304 71.4898
3 186 657 153.7147
3 187 1 0.1530
3 188 11 2.3404
3 189 227 47.9678
3 190 127 27.6654
3 191 265 58.6055
3 192 1882 878.1802
3 193 12 4.4718
3 194 433 113.0368
3 195 104 21.1339
3 196 1 0.2378
3 197 33 8.7743
3 198 141 30.0112
3 199 85 17.1992
3 200 164 34.1833
3 201 25 5.6523
3 202 43 11.4858
3 203 8 1.7897
3 204 24 4.5713
3 205 101 39.6181
3 206 27 8.8453
3 207 213 63.6479
3 208 6 1.0444
3 209 644 150.1205
3 210 119 28.0066
3 211 327 59.6452
3 212 18 4.2500
3 213 42 8.8314
3 214 2863 982.1857
3 215 102 21.5130
3 216 5 0.8145
3 217 254 66.4022
3 218 58 16.9188
3 219 58 12.1655
3 220 140 25.5480
3 221 4 0.8367
3 222 26 6.1969
3 223 7 1.4287
3 224 2663 563.4110
3 225 94 24.3889
3 226 3138 690.1612
3 228 79 30.2241
3 229 13 2.1791
3 230 322 66.4717
3 231 33 7.2883
3 232 784 294.1961
3 233 3406 940.3354
3 234 50 9.2959
3 236 17 3.8828
3 237 102 29.1505
3 239 19 4.5796
3 240 576 146.4202
3 242 17 3.5885
3 243 95 18.9202
3 244 32 7.0311
3 245 10 2.0641
3 246 165 40.7626
3 247 2 0.9228
3 248 78 16.8884
3 249 356 74.5802
3 250 2311 574.1955
3 251 97 21.8553
3 252 852 214.2551
3 253 173 32.0497
3 254 26 7.9404
3 255 6 1.2848
3 257 270 62.9926
3 258 22 7.7634
3 259 129 27.9274
3 260 217 91.9363
3 261 4 0.7634
3 262 11835 2642.6085
3 263 64 15.2758
3 264 111 24.5740
3 265 548 184.7894
3 266 384 119.6683
3 267 36 9.0051
3 268 29 8.1967
3 269 5 0.8709
3 270 2022 535.7044
3 271 182 44.1574
3 272 464 108.8863
3 273 16 3.2041
3 274 88 18.9306
3 275 291 69.5375
3 276 29 5.5173
3 277 16 3.4276
3 278 24 5.3316
3 279 873 232.1177
3 280 1 0.2354
3 281 125 28.5152
3 283 45 19.2830
3 285 95 21.5000
3 286 42 9.7576
3 287 51 11.0699
3 288 4003 1276.4268
3 289 161 35.1518
3 290 13 3.0303
3 291 62 19.6995
3 293 1348 342.8079
3 294 116 37.5566
3 295 44 11.6589
3 296 1 0.1294
3 297 129 31.8944
3 298 499 146.3127
3 299 73 13.9698
3 300 35 6.7248
3 301 3 0.5473
3 302 10 3.8444
3 303 1016 248.3846
3 304 1360 411.0281
3 305 112 33.1839
3 306 448 88.3761
3 307 242 54.0047
3 308 8 1.7611
3 309 69 16.5612
3 310 255 64.4633
3 311 22 3.7428
3 312 1482 443.2694
3 313 105 20.9798
3 314 8 1.4243
3 315 1 0.1840
3 316 33 9.1710
3 317 7 1.4090
3 318 8 1.6468
3 319 334 64.9169
3 320 316 63.4652
3 321 17 2.8429
3 322 35 7.7373
3 323 6 1.0377
3 324 226 44.6811
3 325 359 74.2113
3 326 31 6.9625
3 327 12 3.4813
3 329 109 25.3946
3 330 2131 541.8227
3 331 207 44.5486
3 332 79 17.5379
3 333 2 0.4459
3 334 572 127.2252
3 335 4 0.8596
3 336 91 20.5556
3 337 1593 422.2679
3 338 251 59.7496
3 339 286 57.1855
3 340 37 9.0325
3 341 1 0.2314
3 343 142 24.9047
3 344 90 17.4616
3 345 45 9.5364
3 346 24 4.3492
3 347 16 3.1402
3 348 1 0.2051
3 349 4191 1063.0719
3 350 919 250.5288
3 351 18 2.8912
3 352 81 15.2139
3 353 28 6.3846
3 354 35 7.2909
3 355 557 120.6350
3 356 31 6.2476
3 357 7085 1690.6209
3 358 537 141.3455
3 359 139 45.7666
3 360 146 38.3335
3 361 21 3.7990
3 362 5 0.8929
3 363 680 149.2426
3 364 72 16.9360
3 365 906 211.5625
3 366 15 3.4938
3 368 1233 315.3616
3 369 5 1.0504
3 370 417 83.1060
3 371 30 7.0516
3 372 432 85.8129
3 374 1 0.2487
3 375 7 1.4477
3 376 1395 323.8235
3 377 473 132.0968
3 378 784 169.9837
3 379 111 25.9841
3 380 96 19.0803
3 381 208 43.6369
3 382 1 0.1766
3 383 40 9.4696
4 0 1478 376.3350
4 1 20 4.3143
4 2 144 30.9587
4 3 118 28.2252
4 4 83 17.6679
4 5 811 171.5242
4 6 2 0.4655
4 7 291 60.1021
4 8 24 8.5264
4 9 482 115.5369
4 10 40 10.6996
4 11 1773 439.7334
4 12 629 142.7048
4 13 247 54.3858
4 14 330 72.4119
4 15 103 23.5261
4 16 8 1.7142
4 17 392 95.2433
4 18 154 39.8711
4 19 111 28.7270
4 20 1 0.1976
4 21 23 10.1597
4 22 49 8.7430
4 23 547 127.9510
4 24 1198 261.4025
4 25 306 65.5586
4 26 2281 713.0871
4 27 11 2.6180
4 28 867 195.9997
4 29 31 6.5267
4 30 64 14.9066
4 31 3614 825.9943
4 32 328 75.1414
4 33 813 195.3064
4 34 475 103.2399
4 35 44 12.7591
4 36 18 3.6312
4 37 125 30.0803
4 38 25 5.8614
4 39 376 95.4366
4 40 212 45.9639
4 41 32 6.8154
4 42 97 20.9379
4 43 162 33.9185
4 44 780 188.6083
4 45 384 91.7592
4 46 139 30.4073
4 47 124 25.9986
4 48 313 76.3483
4 49 858 214.7040
4 50 226 49.2990
4 51 115 28.7476
4 52 16 3.4684
4 53 198 43.7164
4 54 525 121.8812
4 55 169 37.8837
4 56 42 9.2579
4 57 10 2.2781
4 58 2076 544.3405
4 59 27 6.2566
4 60 95 23.3426
4 61 540 150.8492
4 62 67 16.0572
4 63 100 21.8825
4 64 35 7.6209
4 65 238 50.2955
4 66 27 6.1000
4 67 31 6.8092
4 68 97 19.9564
4 69 142 35.3843
4 70 851 221.8808
4 71 72 13.7093
4 72 2781 733.9600
4 73 67 22.3065
4 74 18 3.9684
4 75 236 60.1687
4 76 22 5.6216
4 77 434 99.7258
4 78 86 21.0788
4 79 204 43.6010
4 80 61 14.1876
4 81 5 1.0124
4 82 752 214.7824
4 83 67 19.8231
4 84 365 84.8201
4 85 2442 551.6093
4 86 52 10.5617
4 87 5 1.1357
4 88 108 20.8797
4 89 76 21.1808
4 90 140 27.8517
4 91 269 65.6885
4 92 79 16.3059
4 93 30 6.3671
4 94 13113 3627.4743
4 95 323 70.9814
4 96 94 25.0381
4 97 2 0.4308
4 98 20 4.1714
4 99 107 22.0317
4 100 33 7.2288
4 101 5 0.9302
4 102 656 153.0061
4 103 185 37.5029
4 104 28 5.2079
4 105 9 1.9231
4 106 159 32.8541
4 107 1176 285.9827
4 108 28 6.1581
4 109 35 6.9935
4 110 339 80.0918
4 111 64 14.3423
4 112 45 12.6712
4 113 9 2.0633
4 114 109 22.8599
4 115 96 19.4529
4 116 6 1.1419
4 117 5 1.0663
4 119 194 44.2420
4 120 5 1.1862
4 121 55 11.1850
4 122 902 208.5715
4 123 1508 391.5835
4 124 402 86.9482
4 125 443 93.3930
4 126 768 215.4650
4 127 67 15.3944
4 128 953 284.3091
4 129 25 5.3080
4 130 72 16.8034
4 131 86 18.5603
4 132 1327 336.6202
4 133 12 2.2871
4 134 10 2.0195
4 135 18 3.3658
4 136 63 12.7633
4 137 140 30.2856
4 138 96 20.4654
4 139 14 3.1345
4 140 237 57.7681
4 141 319 78.3436
4 142 1 0.1922
4 143 592 123.2999
4 144 12 3.1999
4 145 47 11.4745
4 146 617 156.8464
4 147 2105 605.5458
4 148 631 147.2561
4 149 58 11.7005
4 150 796 174.2225
4 151 1326 379.1241
4 152 30 8.3563
4 153 66 14.4850
4 154 712 200.9152
4 156 263 54.9430
4 157 317 76.6605
4 158 45 10.2230
4 159 34 7.5702
4 160 59 12.6289
4 161 65 14.7218
4 162 53 10.5647
4 163 151 31.7691
4 164 97 20.4159
4 165 48 11.7029
4 166 1230 301.4137
4 167 33 7.3573
4 168 63 15.0741
4 169 926 212.9928
4 170 1312 347.8534
4 171 229 48.0509
4 172 10 2.1855
4 173 353 79.8001
4 174 714 183.8878
4 175 1 0.1656
4 176 251 61.9847
4 177 16 4.8526
4 178 37 7.8841
4 179 665 200.2736
4 180 466 104.4693
4 181 31 8.8031
4 182 290 61.0333
4 183 8 1.5513
4 184 1964 426.2816
4 185 135 29.9289
4 186 18 3.8891
4 187 113 24.8864
4 188 90 19.4552
4 189 1442 525.1238
4 190 401 118.4790
4 191 941 220.3580
4 192 600 123.8140
4 193 24 4.3353
4 194 372 72.6265
4 195 10818 2946.5449
4 196 446 112.5057
4 197 106 24.0156
4 198 23 5.6455
4 199 734 170.8739
4 200 90 18.3575
4 201 3814 1081.8087
4 202 2508 518.3795
4 203 293 59.2394
4 204 12 2.4950
4 205 23 4.3803
4 206 2251 586.9379
4 207 96 20.5018
4 208 76 22.1844
4 209 85 17.4031
4 210 281 66.5408
4 211 16 4.1195
4 212 42 8.5758
4 213 960 214.7025
4 214 20 4.2841
4 215 882 196.2889
4 216 243 53.4801
4 217 42 9.3391
4 218 120 24.9267
4 219 267 71.8739
4 220 581 126.1484
4 221 62 13.9123
4 222 16 3.3548
4 223 10 2.0381
4 224 1619 396.4292
4 225 123 28.5868
4 226 377 83.9710
4 227 325 74.5307
4 228 14 3.0180
4 229 106 22.2651
4 230 289 67.1905
4 231 93 23.1943
4 232 5 0.8688
4 233 3 0.6941
4 234 335 72.4500
4 235 23 4.9908
4 236 7 1.3721
4 237 85 19.2253
4 238 84 18.2060
4 239 3626 820.2892
4 240 79 18.3701
4 241 256 54.1764
4 242 4 0.9243
4 243 1256 283.3180
4 244 251 54.0778
4 245 1 0.1609
4 246 8 1.7304
4 247 4 1.0116
4 248 200 45.8399
4 249 121 23.6151
4 250 21 4.7107
4 251 517 108.0398
4 252 82 18.9011
4 253 38 7.9723
4 254 134 33.0254
4 255 213 43.0073
4 256 1 0.2238
4 257 35 9.8105
4 258 172 53.6766
4 259 143 29.4383
4 260 283 77.7537
4 261 26 5.6820
4 262 5 1.3129
4 263 14 2.5952
4 264 159 43.0845
4 265 223 60.4539
4 266 389 80.4695
4 267 442 107.2678
4 268 16 3.4876
4 269 29 6.0447
4 270 690 164.8372
4 271 1053 242.6584
4 272 29 5.7737
4 273 1500 411.3146
4 274 254 58.0108
4 275 65 13.7114
4 276 26 6.6991
4 277 58 11.9852
4 278 2046 507.3095
4 279 235 64.7284
4 280 488 121.0840
4 281 98 20.8308
4 282 32 6.0211
4 283 10 2.2218
4 284 51 10.2354
4 285 282 75.6205
4 286 328 67.8391
4 287 61 13.1040
4 288 731 188.9263
4 289 2033 496.6435
4 290 14 3.2347
4 291 139 37.8941
4 292 562 131.4179
4 293 1383 397.3392
4 294 485 132.5785
4 295 56 12.4007
4 296 398 97.0239
4 297 183 36.7705
4 298 25 9.2585
4 299 1 0.2207
4 300 682 172.5734
4 301 9 2.1720
4 302 2 0.3994
4 303 58 13.0190
4 304 57 11.8411
4 305 8 1.7220
4 306 59 12.2763
4 307 748 185.8483
4 308 3 0.5275
4 309 417 91.0824
4 310 993 320.8694
4 311 23 7.4475
4 312 570 122.1335
4 313 136 30.7957
4 314 981 249.8688
4 315 75 17.5094
4 316 1 0.2501
4 317 1 0.1307
4 318 115 23.2162
4 319 289 105.6303
4 320 7 1.3575
4 321 51 10.8551
4 322 142 41.6313
4 323 275 54.7548
4 324 9 2.4114
4 325 79 15.9290
4 326 1061 219.3670
4 327 27 6.3355
4 328 5 1.1066
4 329 31 9.2569
4 330 135 30.3736
4 331 12 2.4122
4 333 306 65.8679
4 334 16 3.3452
4 335 1478 369.0512
4 336 389 95.5124
4 337 10 2.5127
4 338 57 10.5151
4 339 561 126.5391
4 340 1720 514.6324
4 341 18 3.8846
4 342 65 18.1736
4 343 4 0.8810
4 344 117 22.9817
4 346 86 18.3878
4 347 137 30.3975
4 348 32 6.6955
4 349 173 34.7151
4 350 193 63.0393
4 351 86 19.6900
4 352 10 1.8784
4 353 453 143.9300
4 354 207 44.7812
4 355 95 21.7998
4 356 14 2.7351
4 357 149 28.6231
4 358 3018 742.1515
4 359 314 101.5726
4 360 82 18.8762
4 361 21 3.9842
4 362 426 96.1684
4 363 56 10.9383
4 364 35 9.3909
4 365 204 46.4016
4 366 5 0.9254
4 367 368 77.7041
4 368 108 23.5911
4 369 2594 554.0228
4 370 608 128.0575
4 371 52 11.6616
4 372 399 91.5284
4 373 97 22.5781
4 374 171 40.3773
4 375 816 188.9337
4 376 432 105.5880
4 377 152 30.5388
4 378 230 68.3607
4 379 92 30.1243
4 380 108 24.1093
4 381 186 41.5491
4 382 38 9.0045
4 383 101 24.3577
5 0 77 16.7055
5 1 64 17.4467
5 2 453 106.5882
5 3 82 17.7336
5 4 71 15.7096
5 5 200 46.3140
5 6 350 75.9500
5 7 79 20.2211
5 8 520 104.9712
5 9 52 13.2544
5 10 145 31.9048
5 11 105 21.0081
5 12 400 89.6281
5 13 84 17.8918
5 14 24 5.8438
5 15 19 3.8468
5 16 5 1.1575
5 17 29 6.2443
5 18 6 1.3737
5 19 1222 305.4629
5 20 10 2.4551
5 21 33 8.0195
5 23 21 4.4126
5 24 880 192.0592
5 25 53 10.2195
5 26 358 90.0523
5 27 17 3.9345
5 28 366 89.3365
5 29 339 84.9515
5 30 39 7.9647
5 31 23 4.9096
5 32 285 60.2079
5 33 44 11.7576
5 34 1056 258.3623
5 35 298 66.9016
5 36 680 143.2151
5 37 4032 1104.9045
5 38 133 26.4165
5 39 148 34.4536
5 40 597 147.1532
5 41 1370 367.3871
5 42 2321 536.4407
5 43 159 36.8678
5 44 48 10.9310
5 45 561 147.8871
5 46 28 7.6121
5 47 136 29.5151
5 48 335 83.5855
5 49 1654 349.7817
5 50 221 52.9105
5 51 42 8.7742
5 52 748 166.2391
5 53 455 122.1254
5 54 53 12.4076
5 55 881 201.2222
5 56 43 8.0163
5 57 159 34.6888
5 58 385 86.3008
5 60 121 25.0775
5 61 80 21.9792
5 62 108 23.3154
5 63 222 48.7153
5 65 297 67.4442
5 66 11 2.6743
5 67 42 8.5148
5 68 24 6.9743
5 69 1445 401.6635
5 70 84 18.7927
5 71 9 1.9265
5 72 946 259.5753
5 73 44 10.0405
5 74 65 12.8117
5 75 33 8.0044
5 76 1426 298.9932
5 77 251 71.5159
5 78 301 63.5905
5 79 19 5.1672
5 80 30 6.1793
5 81 1052 249.3783
5 82 51 13.1677
5 83 22 4.3326
5 84 431 98.4402
5 85 541 176.2706
5 86 53 17.0315
5 87 1 0.2078
5 88 69 16.0437
5 89 686 167.6119
5 90 137 30.0381
5 92 12 2.6055
5 93 5 1.0544
5 94 59 13.6285
5 95 44 9.3453
5 96 80 15.8949
5 97 632 144.7686
5 98 639 137.8591
5 99 49 10.5783
5 100 130 36.0204
5 101 23 5.2383
5 102 66 14.5030
5 103 25 5.2980
5 104 1 0.1463
5 105 37 8.0589
5 106 183 38.7424
5 107 92 17.2449
5 108 109 23.2120
5 109 127 29.6345
5 110 27 6.1586
5 111 56 11.2804
5 112 149 30.4379
5 113 297 57.3746
5 114 30 6.1271
5 115 46 11.4395
5 116 131 28.7313
5 117 335 86.4806
5 118 18 3.4636
5 119 455 92.9901
5 120 278 60.5059
5 121 551 148.1817
5 122 188 41.5675
5 123 2 0.4316
5 124 419 125.6210
5 125 22 4.9570
5 126 2 0.4813
5 127 317 87.4260
5 128 27 4.8821
5 129 20 4.6285
5 130 25 5.8860
5 131 55 12.7168
5 132 88 16.9187
5 133 159 31.5329
5 134 90 19.1056
5 135 54 11.7724
5 136 388 91.0769
5 137 207 50.3159
5 138 1657 404.5944
5 139 43 11.6626
5 140 331 74.3759
5 141 279 70.0237
5 142 42 10.4944
5 143 16 3.3199
5 144 99 23.1181
5 145 95 18.9224
5 146 228 49.6949
5 147 1455 306.1645
5 148 35 8.0532
5 149 1143 306.0603
5 150 53 10.8377
5 151 99 19.0412
5 152 79 21.3781
5 153 294 61.5500
5 154 25 9.8917
5 155 67 13.8945
5 156 188 49.3275
5 157 63 20.1476
5 158 145 33.1611
5 159 34 8.3801
5 160 181 40.0808
5 161 367 83.9336
5 162 132 26.9971
5 163 1374 333.3543
5 164 2845 720.7484
5 165 29 6.0758
5 166 347 75.7793
5 167 30 9.3585
5 168 59 13.3954
5 169 2570 567.3585
5 170 71 16.2425
5 171 41 7.8203
5 172 2707 636.0426
5 173 173 35.3002
5 174 799 190.9476
5 175 95 19.9618
5 176 162 34.3828
5 177 233 77.9538
5 178 2 0.4645
5 179 8026 1909.4346
5 180 54 11.4779
5 181 170 36.7201
5 182 344 78.9746
5 183 20 4.6268
5 184 35 7.8779
5 185 48 12.5382
5 186 514 109.6687
5 187 12797 4454.9640
5 188 1521 377.3035
5 190 52 10.9953
5 191 439 91.2127
5 192 744 158.9818
5 193 591 211.2394
5 194 235 59.4038
5 195 390 88.1305
5 196 55 17.2127
5 197 86 18.6659
5 198 60 15.5803
5 199 9 2.0245
5 200 150 30.6890
5 201 20 3.9010
5 202 1098 246.2501
5 203 111 25.9070
5 204 102 21.9335
5 205 57 12.6125
5 206 632 196.2871
5 207 16 3.5028
5 208 4537 1223.3777
5 209 219 46.8891
5 210 1265 278.2845
5 211 199 41.9679
5 212 99 23.7207
5 213 165 37.9920
5 214 8 1.3994
5 215 291 90.4272
5 216 613 178.7875
5 217 74 15.5036
5 218 154 35.6041
5 219 7 1.7174
5 220 216 48.1254
5 221 228 67.2771
5 222 354 81.4820
5 223 243 53.4445
5 224 384 116.7098
5 225 100 23.2237
5 226 24 5.4751
5 227 533 109.1581
5 228 247 71.7983
5 229 102 21.6143
5 230 6 1.3300
5 231 3 0.4627
5 232 938 231.5083
5 233 37 7.2391
5 234 32 5.8204
5 235 365 77.1348
5 236 5 0.9934
5 237 54 12.0941
5 238 22 4.6350
5 239 50 10.6893
5 240 178 37.1195
5 241 35 6.8253
5 242 2322 689.3969
5 243 60 11.8117
5 244 250 52.7484
5 245 53 10.8640
5 246 69 14.6815
5 247 2672 725.8282
5 248 674 152.0509
5 249 103 21.8488
5 250 201 46.6263
5 251 510 145.5026
5 252 8 1.5999
5 253 8 1.7102
5 254 164 33.2224
5 255 295 60.9859
5 256 436 103.0784
5 257 429 90.9915
5 258 139 35.9548
5 259 15 2.8359
5 260 1145 309.8397
5 261 107 20.8258
5 262 138 33.0934
5 263 4557 1077.1793
5 264 1780 539.8837
5 265 3 0.6529
5 266 12 2.5302
5 267 322 69.8935
5 268 12 2.9946
5 269 144 28.6094
5 270 26 5.6396
5 271 103 24.5686
5 272 37 7.3247
5 273 24 4.9216
5 274 8 1.6631
5 275 601 131.3890
5 276 481 104.2137
5 277 55 10.6800
5 278 767 186.3863
5 279 7 1.4333
5 280 2100 455.1301
5 281 58 10.6729
5 282 2092 472.5994
5 283 409 91.5148
5 284 109 24.2300
5 285 56 13.7542
5 286 161 32.3447
5 287 14 3.1154
5 288 54 13.8443
5 289 569 129.7362
5 290 225 48.0962
5 291 1946 461.0549
5 292 243 55.6604
5 293 190 43.1557
5 294 83 20.1290
5 295 60 12.6603
5 296 8 2.0193
5 297 16 3.7148
5 298 328 75.0468
5 299 120 25.3872
5 300 16 3.5613
5 301 327 70.4805
5 302 82 20.6538
5 303 22 6.0582
5 304 68 18.3954
5 305 39 7.9561
5 306 1587 481.7433
5 307 71 15.1412
5 308 64 13.9973
5 309 88 19.1517
5 310 138 41.5254
5 311 66 13.3754
5 312 14 2.6819
5 313 626 147.5498
5 314 863 174.0809
5 315 2346 546.3524
5 316 196 47.6184
5 317 108 30.4776
5 318 70 14.1875
5 319 49 13.1705
5 320 18 3.9517
5 321 513 123.2162
5 322 45 10.6709
5 323 16 3.4830
5 324 855 195.0959
5 325 665 149.9388
5 326 235 53.1881
5 327 353 79.0595
5 328 1099 256.2102
5 329 42 13.4510
5 330 4 0.9984
5 331 58 13.4673
5 332 40 7.8496
5 333 13 2.5558
5 334 201 41.4472
5 335 936 250.8709
5 337 343 73.1978
5 338 47 15.3566
5 339 102 22.0843
5 340 72 15.7457
5 341 207 44.6176
5 342 277 64.0862
5 343 2 0.4453
5 344 296 67.2071
5 345 156 37.9909
5 346 532 126.1345
5 347 217 44.9944
5 348 45 9.2405
5 349 914 214.5292
5 350 73 18.9532
5 351 2521 613.8774
5 352 711 193.4533
5 353 61 12.8739
5 354 754 179.0143
5 355 17 3.4866
5 356 107 24.5833
5 357 129 25.6295
5 358 1064 301.5732
5 359 51 10.8365
5 360 219 61.6913
5 361 1628 425.0885
5 362 237 52.3785
5 364 39 7.8494
5 365 589 146.7322
5 366 151 31.1738
5 367 19 4.0420
5 368 508 109.7032
5 369 266 56.1162
5 371 2838 601.5049
5 372 53 11.5273
5 373 35 6.9433
5 374 14 2.9303
5 375 25 5.5289
5 376 2221 444.8897
5 377 22 4.0981
5 378 21 4.1043
5 379 136 28.1555
5 380 722 164.1357
5 381 3 0.6744
5 382 105 21.4133
5 383 118 25.6066
6 0 295 64.9076
6 1 1066 264.0054
6 2 436 97.6008
6 3 2 0.4900
6 4 44 8.8618
6 5 1266 323.1391
6 7 1318 313.8295
6 8 347 79.1002
6 9 1 0.2699
6 10 5 0.9754
6 11 9 2.0601
6 12 801 203.9429
6 13 169 42.2824
6 14 4 0.9232
6 15 627 187.4786
6 16 24 5.6660
6 17 113 23.0069
6 18 2316 583.1000
6 19 8 1.6674
6 20 743 166.0331
6 21 4 0.7155
6 22 61 14.8106
6 23 229 51.5834
6 24 196 46.9304
6 26 30 7.0768
6 27 220 47.5439
6 28 2192 492.3663
6 29 648 186.0733
6 30 1 0.2210
6 31 638 131.4433
6 32 3 0.7257
6 33 3617 948.4031
6 34 134 28.6687
6 35 112 23.4392
6 36 9 1.8473
6 37 425 85.3952
6 38 41 9.1734
6 39 13 2.5067
6 40 45 8.9510
6 41 16 3.4402
6 42 1 0.1818
6 43 40 8.7458
6 44 3 0.5534
6 45 54 10.8968
6 46 83 20.3394
6 47 487 101.4774
6 48 94 21.0474
6 49 49 10.1487
6 50 257 56.3322
6 51 12413 3946.3329
6 52 424 89.6841
6 53 8 1.7783
6 54 112 26.1159
6 55 565 118.9625
6 56 1962 524.7075
6 57 10 1.9694
6 58 13 2.9714
6 59 281 69.4410
6 61 11 1.9282
6 62 135 27.3576
6 63 1797 400.3288
6 64 44 9.6164
6 65 38 8.5088
6 66 252 65.3970
6 67 80 18.6775
6 68 41 10.2459
6 69 7 1.4557
6 70 41 8.9830
6 72 150 29.8012
6 73 26 5.6866
6 74 77 15.1117
6 75 519 118.4441
6 76 80 17.7998
6 77 36 7.5702
6 78 4 0.6722
6 79 937 218.0231
6 80 13 2.6861
6 81 93 25.9379
6 82 22 4.6181
6 83 1 0.2253
6 84 6 1.7575
6 85 39 7.6592
6 86 110 23.0521
6 87 8 1.4528
6 88 2 0.4593
6 89 43 9.1641
6 90 73 18.2736
6 91 18 4.0092
6 92 68 17.7889
6 93 551 125.2912
6 94 112 25.4235
6 95 18 4.0672
6 96 13 2.7012
6 97 1 0.2267
6 98 45 11.7882
6 99 136 34.0256
6 100 23 4.8327
6 101 982 216.6517
6 102 251 54.4823
6 103 4 0.8487
6 104 635 155.3687
6 105 109 23.2821
6 106 9 1.9175
6 107 1069 284.6274
6 108 23 4.6772
6 109 165 36.9502
6 110 181 51.4330
6 111 538 119.3876
6 112 9 2.1177
6 113 186 41.7043
6 114 2437 551.1267
6 115 19 4.0840
6 116 5 1.0185
6 117 2275 573.6387
6 118 13 3.1085
6 119 75 14.5769
6 120 2485 592.9559
6 121 16 3.2107
6 122 892 214.7421
6 123 9 2.1528
6 124 67 17.8757
6 125 824 189.0133
6 126 13 2.2260
6 127 1 0.1746
6 128 225 50.6283
6 129 838 210.0461
6 131 13 2.7995
6 132 475 120.4350
6 133 319 77.6189
6 134 2280 611.8457
6 135 3032 711.1075
6 136 6 1.2578
6 137 1514 468.3884
6 138 13 2.6466
6 139 1 0.1563
6 140 97 23.1863
6 141 40 9.2812
6 142 2 0.4272
6 143 50 11.4940
6 144 1 0.2374
6 145 65 14.0261
6 146 14 3.3639
6 147 373 84.0896
6 148 250 55.4514
6 149 1140 259.3927
6 150 74 17.1844
6 151 595 133.5913
6 152 544 126.4606
6 153 6 1.5892
6 154 290 67.4782
6 155 98 24.5432
6 156 13 2.6989
6 157 147 32.8862
6 158 190 44.5153
6 159 4567 1115.6883
6 160 796 182.5823
6 161 9 2.4508
6 162 598 124.0507
6 163 107 25.6097
6 164 358 81.6798
6 165 8 1.3717
6 166 76 18.9653
6 167 1980 590.5328
6 169 160 33.3590
6 170 306 60.2989
6 171 163 35.0350
6 172 592 131.4650
6 173 57 10.3864
6 174 4 0.7990
6 175 276 67.6765
6 176 74 14.2992
6 177 148 39.2418
6 178 33 7.1320
6 179 2 0.5106
6 180 10 1.7158
6 181 331 75.2426
6 182 38 8.2197
6 183 116 29.7155
6 184 10 2.1995
6 185 171 34.8592
6 186 1 0.2166
6 187 20 4.5893
6 188 168 42.4355
6 189 605 148.9837
6 190 105 23.9699
6 191 38 10.0549
6 192 926 280.1989
6 193 13 2.6436
6 194 47 11.3264
6 195 405 96.7412
6 196 25 6.2623
6 197 139 30.9900
6 199 4 0.7946
6 200 941 217.8655
6 201 204 59.4553
6 202 100 18.3152
6 203 358 76.8563
6 204 264 58.8734
6 205 4 0.6037
6 206 1361 335.4185
6 207 125 28.6859
6 208 1906 524.0581
6 209 31 6.8840
6 210 759 168.2940
6 211 126 29.5768
6 212 39 7.8380
6 213 17 3.5726
6 214 246 55.2426
6 215 105 22.6558
6 216 1213 290.0447
6 217 70 15.5697
6 218 26 5.5106
6 219 788 268.7230
6 220 290 59.1070
6 221 22 4.6076
6 222 73 19.1918
6 223 2537 560.1284
6 224 2713 664.6806
6 225 57 12.7051
6 226 6 1.3617
6 227 2163 556.6537
6 228 14 2.5172
6 229 505 98.8444
6 230 449 94.3022
6 231 86 20.0394
6 232 171 50.5012
6 233 20 5.3054
6 234 44 7.8652
6 235 345 75.4595
6 236 13 2.7786
6 237 1250 304.7246
6 238 24 5.3543
6 239 86 19.5244
6 240 48 12.0402
6 241 269 59.5705
6 242 5 1.2914
6 243 33 9.1264
6 244 174 42.2405
6 245 33 7.2049
6 246 2 0.3964
6 247 62 13.5782
6 248 1 0.2479
6 249 392 95.8257
6 250 59 12.5730
6 251 1367 345.3510
6 252 1 0.2059
6 253 39 8.6092
6 254 85 22.0156
6 255 3814 824.7460
6 256 20 3.6397
6 257 2990 769.8268
6 258 254 56.0273
6 259 46 9.7673
6 260 233 51.9606
6 261 929 267.1158
6 262 152 32.4357
6 263 29 9.3340
6 264 8 1.6420
6 265 43 9.6257
6 267 71 14.7288
6 268 33 7.5607
6 270 9 1.7255
6 271 21 4.3742
6 272 1640 374.0146
6 273 21 6.2636
6 274 33 5.9967
6 275 115 26.0902
6 276 17 3.6333
6 277 9 2.4430
6 278 180 37.1607
6 279 193 43.0879
6 280 18 4.8529
6 281 35 6.7111
6 282 596 148.2736
6 283 911 238.7521
6 284 229 48.5560
6 285 7 1.7532
6 286 10 1.9295
6 287 78 15.1956
6 288 21 4.6324
6 289 26 4.8789
6 290 47 10.2489
6 291 8 1.6602
6 292 782 152.1527
6 293 519 122.1403
6 294 64 11.7974
6 295 562 113.3509
6 296 3 0.6410
6 297 1 0.2335
6 298 45 8.9586
6 299 10 3.2146
6 300 6 1.0622
6 301 105 22.3307
6 302 822 245.2319
6 303 549 124.0212
6 304 54 11.0657
6 305 1242 276.2878
6 306 383 87.3991
6 307 16 3.4922
6 308 18 3.8231
6 309 329 71.7794
6 310 58 12.5991
6 311 1144 269.4408
6 312 946 251.5105
6 313 197 37.5803
6 314 116 24.0485
6 315 74 15.4719
6 316 10 2.0657
6 317 86 25.1411
6 318 3 0.5973
6 319 131 27.0367
6 320 19 4.0753
6 321 136 29.4832
6 322 9 1.8933
6 323 274 66.5141
6 324 61 12.1192
6 325 6 1.1476
6 326 136 30.6340
6 327 15 3.0944
6 328 415 103.6259
6 330 386 89.2092
6 331 38 7.5947
6 332 61 18.1303
6 333 458 121.6766
6 334 227 50.7253
6 335 13 2.9384
6 337 23 6.9085
6 338 13 2.7392
6 339 292 83.1168
6 340 118 32.4256
6 341 372 88.7042
6 342 1142 300.2716
6 343 24 7.1492
6 344 32 6.5196
6 345 23 5.4055
6 346 146 34.1911
6 347 72 14.2442
6 348 67 15.6642
6 349 134 32.4330
6 350 7 1.3020
6 351 1369 345.6706
6 352 65 11.7003
6 353 786 171.2364
6 354 484 96.8904
6 355 1 0.1846
6 356 1432 316.4280
6 357 5 1.0976
6 358 73 20.7679
6 359 506 116.0386
6 360 1307 288.3485
6 361 63 17.8897
6 362 2 0.4860
6 363 21 4.2201
6 364 248 50.9021
6 365 3 0.5877
6 366 21 3.6864
6 367 14834 3914.6033
6 368 911 222.5077
6 369 515 114.4437
6 370 2016 602.0521
6 371 165 34.9975
6 372 62 16.4021
6 373 1098 253.6217
6 375 43 10.6400
6 376 9 1.8378
6 377 63 14.0844
6 378 198 43.9392
6 379 218 47.1813
6 380 580 114.4804
6 381 6 1.0267
6 382 33 7.8270
6 383 41 8.1449
7 0 573 147.6067
7 2 16 2.8255
7 3 238 57.1592
7 4 10 2.3017
7 5 215 35.2732
7 6 987 208.9759
7 7 106 22.7698
7 8 69 18.0310
7 9 303 54.7253
7 10 285 57.5733
7 11 17 3.5210
7 12 208 52.3891
7 13 86 17.2908
7 14 203 42.5518
7 16 967 202.9366
7 17 192 39.7230
7 18 56 10.7623
7 19 1856 423.3208
7 20 54 12.5362
7 21 108 26.2170
7 22 94 17.4826
7 23 93 17.0170
7 24 11 2.4605
7 25 47 8.7642
7 26 355 76.8882
7 27 283 58.1920
7 28 44 8.6325
7 29 821 203.8107
7 30 14 3.2920
7 32 3875 1126.7217
7 33 90 17.0574
7 34 149 31.7979
7 35 88 18.3073
7 36 117 28.1402
7 37 15 2.9708
7 38 304 65.1219
7 39 304 81.1432
7 40 288 59.4055
7 41 233 50.3273
7 42 5 1.0079
7 43 73 13.1164
7 44 1073 247.3291
7 45 6 1.2322
7 46 424 73.4154
7 47 2 0.4061
7 48 834 231.4905
7 49 466 101.8847
7 50 1094 245.1097
7 51 144 31.3383
7 53 2310 556.0349
7 54 144 30.1408
7 55 53 11.3254
7 56 34 6.1849
7 57 47 10.8294
7 58 608 120.2804
7 59 33 6.6025
7 60 4 0.7468
7 61 7 1.4960
7 62 17 3.2603
7 63 72 18.3808
7 65 544 166.5623
7 66 24 4.9391
7 68 390 79.6735
7 69 43 8.9420
7 71 14 2.8844
7 72 489 127.2255
7 73 20 2.8905
7 75 2067 554.3736
7 76 1 0.2393
7 77 168 33.9127
7 78 600 155.6388
7 79 346 67.5610
7 80 1 0.1709
7 81 777 183.4926
7 83 9 1.8719
7 84 53 9.0372
7 85 337 71.7257
7 86 76 15.6740
7 88 256 45.2080
7 89 308 67.2007
7 90 41 8.3912
7 91 3 0.6588
7 92 28 5.3224
7 93 95 18.7323
7 94 9564 2442.3577
7 95 11 2.1911
7 96 279 57.5152
7 97 5 0.8715
7 98 9 1.2435
7 100 578 137.8818
7 101 3 0.6258
7 102 417 100.8752
7 103 15 2.5317
7 104 5 1.0177
7 105 64 14.3696
7 106 185 39.7407
7 107 136 31.7937
7 108 22 4.6276
7 109 11 2.0725
7 110 171 37.5329
7 111 692 215.1206
7 112 166 36.1333
7 113 5 1.0096
7 114 8 1.4759
7 115 47 10.7063
7 116 4 0.9035
7 117 62 11.8734
7 118 156 27.4346
7 119 291 57.2967
7 120 10 1.9242
7 121 163 28.0166
7 122 43 9.3965
7 124 99 22.9225
7 125 383 82.7215
7 126 3 0.5326
7 127 379 86.0722
7 128 5 1.0313
7 129 257 54.0744
7 130 119 24.9829
7 131 221 45.5626
7 132 82 17.3633
7 133 235 54.5437
7 135 33 6.7554
7 136 435 103.0489
7 137 11 1.5949
7 138 56 11.5482
7 139 253 53.0765
7 140 225 48.3028
7 141 5 0.8846
7 142 32 5.8902
7 144 270 62.2423
7 145 20 4.4411
7 146 866 160.3659
7 147 26 5.7466
7 148 10 2.1111
7 149 40 5.8797
7 150 572 148.5609
7 151 221 44.6929
7 152 158 34.1174
7 153 13 2.3648
7 154 9588 2566.0332
7 155 117 26.2449
7 156 198 35.8377
7 157 51 10.3327
7 158 1720 442.4369
7 159 28 5.3480
7 160 29 5.8214
7 161 12 2.5181
7 162 94 15.4965
7 163 599 128.5638
7 164 400 66.8924
7 165 10313 2405.0722
7 166 30 6.9881
7 167 188 40.9225
7 168 26 4.9080
7 169 3504 979.7462
7 170 21 3.9019
7 171 63 15.5659
7 172 10 2.1344
7 173 149 33.0176
7 174 3 0.5611
7 175 499 91.0372
7 176 237 62.1478
7 177 92 20.2133
7 179 605 139.9308
7 180 131 28.6149
7 181 280 65.6299
7 182 125 24.8186
7 183 438 91.9460
7 184 15 2.8550
7 185 412 97.0487
7 186 15 3.0205
7 187 17 3.8795
7 188 16 4.3346
7 189 74 12.9373
7 190 56 11.4038
7 191 752 172.4164
7 192 22 4.1384
7 193 548 117.2816
7 194 1 0.1562
7 195 48 10.2727
7 196 26 5.6402
7 197 3938 817.2350
7 198 286 58.8160
7 200 75 20.1076
7 201 616 138.9227
7 202 114 21.0186
7 203 2 0.4114
7 204 520 133.4696
7 205 3827 956.6904
7 206 131 28.8738
7 207 7318 1869.1768
7 208 9 1.9628
7 209 57 11.6679
7 210 85 16.7745
7 211 2 0.2722
7 212 1 0.2258
7 213 4 0.8589
7 214 11 1.8579
7 215 131 32.9360
7 216 54 8.8071
7 217 21 4.4886
7 218 270 50.8055
7 219 19 3.8483
7 220 252 62.4535
7 221 127 26.7653
7 222 6 1.3259
7 224 1 0.2448
7 225 308 74.7590
7 226 177 35.5874
7 228 322 71.7350
7 229 226 59.4847
7 230 13 2.9480
7 232 5 0.9303
7 233 295 59.9374
7 234 494 107.1996
7 235 134 34.9169
7 236 324 74.3426
7 237 3 0.7413
7 238 83 17.7337
7 239 12 2.1586
7 240 54 12.5110
7 241 521 112.7554
7 242 1016 284.3423
7 243 157 30.8668
7 244 169 39.4640
7 245 1182 303.3247
7 246 224 47.7807
7 247 278 62.9909
7 248 16 3.1072
7 249 10 1.8746
7 250 2597 657.7959
7 251 571 128.9713
7 252 55 12.2737
7 253 289 59.7230
7 254 13 2.8292
7 255 73 14.7083
7 256 1 0.1974
7 257 17 2.9479
7 258 23 4.3697
7 259 543 114.4065
7 260 4 0.6574
7 261 45 9.5318
7 262 46 9.4773
7 263 2 0.4364
7 264 636 139.1437
7 265 213 47.6841
7 266 378 128.7218
7 267 254 55.5279
7 268 17 3.4992
7 269 1 0.2118
7 270 902 201.7873
7 271 28 5.0896
7 272 180 42.2478
7 273 322 73.2178
7 274 6 1.1802
7 275 294 65.1059
7 276 53 9.9202
7 277 11 1.8390
7 278 540 123.1933
7 279 135 20.4418
7 280 147 32.6716
7 281 22 3.7694
7 282 686 130.5144
7 283 592 149.7560
7 284 351 75.6500
7 286 259 50.5826
7 287 118 36.3743
7 288 9 1.8622
7 289 6 1.3582
7 290 582 129.2906
7 291 78 15.6431
7 292 12 2.4776
7 293 129 26.2822
7 294 147 46.0720
7 295 106 23.5544
7 296 278 76.5173
7 297 10 2.3931
7 298 394 85.3366
7 299 829 188.4110
7 300 18 4.1577
7 302 206 40.2359
7 303 85 17.1196
7 304 3 0.5352
7 305 123 24.9936
7 306 326 69.3728
7 307 59 13.0044
7 308 9 1.3547
7 309 11 2.1456
7 310 286 69.4108
7 311 7 1.3776
7 312 78 15.9249
7 313 309 59.4733
7 314 89 15.1717
7 315 3 0.3782
7 316 1310 306.2337
7 317 851 182.5319
7 318 43 9.3463
7 319 23 5.0892
7 320 43 9.3228
7 321 95 17.4194
7 322 48 9.9952
7 323 59 14.0659
7 324 2947 598.7773
7 325 508 147.1933
7 326 207 56.8970
7 327 15 3.0223
7 328 45 10.6703
7 329 666 169.3423
7 330 1 0.1676
7 331 168 33.5702
7 332 146 29.3776
7 333 25 5.3520
7 334 8 1.9563
7 335 12 2.6677
7 337 18172 6156.2596
7 338 6 1.2189
7 339 30 5.5541
7 340 476 99.1920
7 341 19 3.0740
7 342 207 38.9005
7 343 211 44.7049
7 344 11 1.9472
7 345 1 0.1921
7 346 2 0.3659
7 347 52 9.2332
7 348 92 19.4317
7 349 2 0.4858
7 350 2148 460.4695
7 351 12 2.5789
7 352 11 2.4063
7 353 75 16.0155
7 354 495 115.4365
7 355 30 6.3093
7 356 565 123.2085
7 357 775 154.8878
7 358 315 71.6490
7 359 2 0.3739
7 360 776 255.3592
7 361 266 49.6732
7 362 2 0.2853
7 363 183 33.6427
7 364 86 15.7653
7 365 351 85.0518
7 366 119 44.0718
7 367 49 9.6479
7 369 369 77.8324
7 370 2012 516.5797
7 371 16 2.9860
7 372 23 4.4303
7 374 413 89.0490
7 375 63 13.8484
7 377 1097 258.6672
7 378 7 1.2160
7 379 983 228.7421
7 380 260 59.7321
7 381 25 4.7709
7 382 40 6.8243
7 383 1174 277.9263
8 0 33 7.2892
8 1 808 208.5512
8 2 1473 336.8388
8 3 38 7.6468
8 4 1 0.1742
8 5 80 15.3569
8 6 929 217.2152
8 7 7 1.3390
8 8 51 10.0989
8 9 443 93.0919
8 10 103 20.5994
8 11 636 157.0580
8 12 8 1.2446
8 13 435 90.6212
8 14 415 81.8883
8 15 5 0.7910
8 16 24 5.5359
8 17 3 1.3290
8 18 15 2.6475
8 19 1 0.2080
8 20 253 51.4931
8 21 53 8.2838
8 22 363 60.9183
8 23 227 38.2393
8 24 227 56.2004
8 25 15 2.3268
8 27 11 2.5934
8 28 349 76.2805
8 29 218 58.1751
8 30 4 0.7576
8 31 60 11.4710
8 32 85 17.4814
8 33 320 64.5098
8 34 156 40.8332
8 35 2 0.4537
8 36 17 3.5571
8 37 38 8.3275
8 38 131 25.7219
8 39 358 76.9934
8 40 78 15.3008
8 41 53 14.0885
8 42 126 39.8976
8 43 284 56.3280
8 44 109 23.0764
8 45 97 18.1776
8 46 43 9.0613
8 47 323 64.3961
8 48 31 6.3472
8 50 246 64.0154
8 51 41 7.4775
8 52 4 0.7577
8 53 90 18.1640
8 54 125 27.5593
8 55 114 28.8106
8 56 24 3.8161
8 57 410 91.4579
8 58 12 2.3832
8 60 9 2.3806
8 61 1046 249.9849
8 62 1570 400.9451
8 63 165 36.8643
8 64 652 122.5487
8 65 8 1.9717
8 66 889 194.4750
8 67 2597 669.2998
8 69 2 0.4651
8 70 495 116.6982
8 71 187 40.5019
8 72 1 0.1710
8 73 13 4.2733
8 74 117 23.4935
8 75 31 5.6717
8 76 20 3.9024
8 77 10 2.0657
8 78 66 15.0109
8 79 400 91.6811
8 81 53 10.6069
8 82 3 0.5687
8 83 117 24.2512
8 84 11 2.1429
8 85 344 74.2858
8 86 67 13.3653
8 87 4 0.6671
8 88 14 2.4246
8 89 243 58.0436
8 90 5063 1265.3740
8 91 4 1.3924
8 92 1188 255.3227
8 93 15 3.1303
8 94 6698 1603.4944
8 95 19 5.0177
8 96 37 6.1125
8 97 332 76.6397
8 99 34 8.7487
8 100 322 76.6998
8 101 1159 295.9340
8 102 57 15.5805
8 103 166 32.9679
8 104 232 41.5984
8 105 115 22.7843
8 107 24 4.7160
8 108 4 0.8397
8 109 65 12.8644
8 110 105 20.4815
8 111 277 51.8193
8 112 28 5.9068
8 114 675 152.5320
8 115 953 210.4667
8 116 128 24.6964
8 117 139 30.0620
8 118 91 19.6832
8 119 409 96.8658
8 120 3 0.5783
8 121 1187 285.8920
8 122 961 236.6714
8 123 2 0.2908
8 124 1 0.1791
8 125 128 21.6936
8 126 88 21.2059
8 127 29 7.4073
8 128 883 182.1658
8 129 658 137.8791
8 130 7 1.3885
8 131 1 0.2203
8 133 10 1.9236
8 134 1098 262.9273
8 135 445 88.1917
8 136 6 1.1878
8 137 456 103.7891
8 138 11 2.2505
8 139 1 0.1696
8 140 3 0.6112
8 141 1214 243.7368
8 142 161 32.5204
8 143 110 22.4957
8 144 1 0.1390
8 145 663 192.6612
8 146 14 3.5642
8 147 1 0.1905
8 148 32 6.7330
8 149 4 0.8056
8 150 58 12.6070
8 151 504 130.3151
8 152 135 28.2413
8 153 30 5.5434
8 154 329 75.5429
8 155 425 91.2394
8 156 195 47.7446
8 157 2 0.3654
8 158 85 25.9183
8 159 452 86.6246
8 161 103 20.2774
8 162 413 88.5552
8 163 303 66.4420
8 164 74 14.2608
8 165 57 13.9650
8 167 142 30.7756
8 168 39 9.1516
8 169 34 9.0529
8 170 110 18.4233
8 171 1282 285.3826
8 172 357 76.0699
8 173 742 166.9179
8 174 208 43.3148
8 176 44 6.5409
8 177 431 92.9115
8 178 596 142.8722
8 179 143 25.0822
8 180 18 3.5543
8 181 2041 487.6451
8 182 35 4.5838
8 184 27 5.7007
8 185 6686 1605.1066
8 186 11522 4297.3109
8 187 164 29.3070
8 188 126 27.6010
8 189 188 43.2241
8 190 28 6.4527
8 191 40 8.0621
8 192 637 100.5022
8 193 563 143.3569
8 195 477 110.2647
8 196 7 1.5603
8 197 54 11.6861
8 198 10 2.2905
8 200 120 28.6352
8 202 5 1.0408
8 203 2 0.4561
8 204 14 3.4503
8 205 1342 390.1280
8 207 89 17.8538
8 208 252 57.7989
8 209 1341 287.7171
8 210 15 3.0112
8 211 817 209.8580
8 212 12761 3089.0308
8 213 35 6.6396
8 214 622 142.9392
8 215 39 8.3261
8 216 75 16.2129
8 217 2413 649.9330
8 218 1182 313.3603
8 219 326 75.4014
8 220 46 8.9675
8 221 159 33.8128
8 222 148 22.8551
8 223 320 84.1403
8 224 1500 434.3068
8 225 116 22.8599
8 226 1754 346.2519
8 227 638 143.9009
8 228 10243 3047.6048
8 229 73 13.9278
8 230 5 0.9962
8 231 2 0.3270
8 232 52 13.8806
8 233 2822 845.2496
8 234 212 58.0795
8 235 27 5.4939
8 237 1214 341.2542
8 238 3 0.5060
8 239 66 13.8938
8 240 619 139.8206
8 241 108 24.2106
8 242 76 14.1272
8 243 2 0.4391
8 244 30 6.4052
8 245 41 11.7471
8 246 265 48.4653
8 247 100 16.5245
8 248 2701 715.7850
8 249 50 10.5485
8 250 162 34.1767
8 251 3 0.9330
8 252 3 0.3362
8 253 7 1.2154
8 254 39 9.6176
8 255 3 0.6194
8 256 39 7.2861
8 257 43 10.7394
8 258 5253 1108.9323
8 259 110 20.9374
8 260 44 11.1836
8 261 17 3.7027
8 262 19 3.7614
8 263 11 2.3917
8 264 108 22.9582
8 265 22 4.8595
8 266 9 1.8230
8 267 14 3.0286
8 268 49 7.6212
8 269 497 145.7282
8 270 77 17.6987
8 271 69 16.1891
8 272 1 0.1367
8 273 60 12.0169
8 274 25 4.5432
8 276 80 18.0372
8 277 17 3.9685
8 278 120 25.5741
8 279 1 0.1467
8 280 1282 363.3947
8 282 288 80.1317
8 283 674 158.7460
8 284 8 1.7477
8 285 58 11.1106
8 286 67 11.4113
8 287 41 8.0503
8 288 342 86.6149
8 289 849 240.2722
8 290 34 6.8015
8 291 8 1.8332
8 292 273 65.4281
8 293 84 17.6754
8 294 273 81.5782
8 295 119 25.9674
8 296 276 61.3458
8 297 351 62.8065
8 298 4 0.8873
8 299 1170 237.5498
8 300 111 25.2937
8 301 95 19.2235
8 302 10 1.9296
8 303 19 3.9679
8 304 96 19.1606
8 305 572 108.2638
8 306 345 66.5897
8 307 130 27.8280
8 308 2724 726.9801
8 309 223 41.4574
8 310 90 20.4994
8 311 45 8.4567
8 312 71 14.2991
8 313 14 2.1661
8 314 273 56.8958
8 315 2 0.4175
8 316 132 41.6764
8 317 50 9.3555
8 319 489 127.6533
8 320 6 1.2578
8 321 4 0.9611
8 322 71 14.5372
8 323 739 154.1205
8 324 170 49.2467
8 325 3 0.6478
8 326 185 40.0953
8 327 13 2.6699
8 328 12 2.3026
8 329 134 26.7211
8 330 7 1.1335
8 332 89 18.0835
8 333 650 124.3685
8 334 31 6.4547
8 336 234 46.2119
8 337 244 48.2428
8 338 113 23.9832
8 339 6 1.1321
8 340 168 37.6324
8 341 1381 311.2050
8 342 2 0.4843
8 343 11 1.9967
8 345 74 14.1050
8 346 123 28.3962
8 347 13 2.8751
8 348 1390 321.4800
8 349 43 11.4167
8 351 1 0.2296
8 352 41 6.6965
8 353 14 4.3755
8 354 16 2.9285
8 355 24 5.6544
8 356 579 147.1216
8 357 745 234.9441
8 358 53 10.8880
8 359 32 6.2326
8 360 1778 396.4937
8 361 20 3.1225
8 362 21 3.7785
8 363 16 3.4807
8 364 3 0.6778
8 365 206 45.4375
8 366 6 1.4694
8 367 311 69.2442
8 368 1 0.2122
8 369 5 0.9419
8 370 69 13.8900
8 371 14 2.8329
8 373 342 74.1718
8 374 181 39.3716
8 375 643 113.3636
8 376 4 0.7178
8 377 3 0.7053
8 378 57 12.4090
8 379 53 10.7382
8 380 2982 640.2823
8 381 1050 263.2319
8 382 581 133.8235
8 383 1 0.2200
9 1 35 7.6243
9 2 111 22.8780
9 3 673 158.4977
9 4 173 34.1383
9 5 105 22.8453
9 7 63 12.6588
9 9 12 2.5478
9 10 184 39.0177
9 11 11 2.2943
9 12 24 5.0728
9 13 137 32.2344
9 14 47 9.8993
9 16 5 1.0314
9 17 260 52.0749
9 18 259 59.5637
9 20 37 7.7350
9 21 4 0.6794
9 22 79 18.4017
9 23 14 2.8478
9 24 1 0.2171
9 25 5 0.8940
9 26 526 104.8493
9 27 359 80.0969
9 28 17 3.2655
9 29 79 16.0043
9 30 630 131.4728
9 31 2232 526.2888
9 32 36 7.1418
9 33 116 27.3154
9 34 23 3.8387
9 35 124 26.2428
9 36 6 1.3392
9 37 392 84.2204
9 38 108 24.3060
9 39 117 22.9863
9 40 537 129.4031
9 41 31 6.0150
9 42 191 43.8640
9 43 79 17.4004
9 44 5 0.7903
9 45 4 0.8216
9 46 131 25.8904
9 47 9 1.9434
9 48 146 27.7757
9 49 9382 2194.6374
9 50 11 2.1941
9 51 1164 260.5768
9 52 2289 563.4004
9 53 25 4.9981
9 54 36 6.0879
9 55 2 0.4023
9 56 28 5.6884
9 57 908 181.6077
9 58 1259 281.7523
9 60 22 4.2537
9 61 1 0.2481
9 62 95 21.2246
9 63 72 13.0080
9 64 29 5.1367
9 65 14 2.4306
9 66 36 7.8132
9 68 19 3.9215
9 69 1475 322.7820
9 70 290 63.6634
9 71 9 1.3068
9 72 17 3.8504
9 73 756 151.7733
9 74 43 8.3108
9 75 191 53.0972
9 77 2190 493.8765
9 79 429 84.3612
9 80 23 4.1512
9 81 345 88.6141
9 82 14006 4197.5355
9 84 11 2.5845
9 86 63 14.6441
9 87 1 0.2599
9 88 341 69.1479
9 89 8 1.3996
9 90 40 8.7271
9 91 1918 457.9191
9 92 26 5.0602
9 93 609 197.0414
9 94 1 0.1852
9 95 11 2.1354
9 96 2 0.4591
9 97 60 11.7195
9 98 1114 259.8369
9 100 254 54.0612
9 101 248 61.9570
9 102 825 214.8868
9 103 161 35.3311
9 104 182 40.4783
9 105 37 8.0085
9 106 1 0.2630
9 107 1362 316.8834
9 108 325 60.0351
9 109 25 5.7162
9 110 51 13.6903
9 111 205 46.2707
9 112 83 15.7344
9 113 4 0.9886
9 114 66 12.4970
9 115 116 27.5541
9 116 21 5.7125
9 117 10 2.0444
9 118 26 6.1355
9 119 32 7.0825
9 120 116 23.2596
9 121 46 9.6489
9 122 282 54.0495
9 124 5709 1531.0881
9 125 374 89.1732
9 126 10 2.1837
9 127 546 142.9713
9 128 633 179.2011
9 129 15 3.0191
9 130 17 3.7772
9 131 514 112.7724
9 132 2692 636.0620
9 133 29 6.3122
9 134 18536 5387.5130
9 135 12 4.2341
9 136 2649 655.9482
9 137 723 180.0266
9 138 2271 559.7670
9 139 66 11.4836
9 140 566 115.0150
9 141 4 1.2394
9 142 74 18.8261
9 143 101 21.2491
9 144 124 28.5114
9 145 17 3.2005
9 146 932 223.5840
9 147 143 30.9659
9 148 24 5.4831
9 149 49 11.4768
9 150 115 25.2953
9 152 5 1.1660
9 153 30 6.3470
9 154 150 36.4766
9 155 58 13.9036
9 156 38 6.7185
9 158 363 84.0801
9 159 15 3.4144
9 160 1949 524.9047
9 161 240 50.0651
9 162 3 0.5690
9 163 467 151.6471
9 165 110 21.7973
9 166 109 25.3691
9 167 68 13.4324
9 168 209 45.7867
9 169 174 35.5966
9 170 350 75.0596
9 171 33 7.0095
9 172 105 23.1143
9 173 111 22.7467
9 174 1 0.1792
9 175 159 30.6985
9 176 5 1.0265
9 177 454 122.8460
9 178 42 7.8614
9 179 27 5.7243
9 180 628 158.3057
9 181 2 0.3818
9 182 4 0.8413
9 183 115 22.3571
9 184 31 8.8858
9 185 35 6.5176
9 186 113 23.4969
9 187 2313 520.0752
9 188 196 44.0694
9 190 384 84.3761
9 191 37 9.1879
9 192 25 5.9764
9 193 26 5.5306
9 195 1105 244.6840
9 197 736 170.1477
9 198 244 48.9014
9 199 1573 357.1080
9 200 74 17.8407
9 201 520 126.6503
9 202 5 1.1144
9 203 17 3.1217
9 204 1 0.2359
9 205 383 98.3313
9 206 16 3.8437
9 207 75 17.7097
9 208 1333 338.0383
9 209 89 19.8476
9 210 18 3.8236
9 211 167 37.1341
9 212 641 152.9875
9 214 196 39.4382
9 215 21 3.7858
9 216 260 64.9085
9 217 603 122.6007
9 218 1 0.1357
9 219 125 23.5988
9 220 486 98.2257
9 221 227 46.4705
9 222 640 148.4610
9 223 1425 322.3205
9 224 51 10.7501
9 225 1 0.2032
9 226 253 49.3154
9 227 412 91.2562
9 228 404 88.1546
9 229 7 1.6672
9 230 219 53.0134
9 231 233 52.7707
9 232 134 31.0341
9 233 332 61.3237
9 234 803 192.2028
9 235 588 127.3857
9 236 791 168.6015
9 237 1 0.1100
9 238 148 34.0706
9 239 40 8.2231
9 240 10 1.8163
9 241 56 11.0778
9 242 234 59.4659
9 243 78 16.1127
9 244 252 63.0408
9 245 67 14.4270
9 246 887 246.2066
9 247 62 13.5782
9 248 163 34.0866
9 249 154 34.1594
9 250 108 23.0766
9 251 29 7.0825
9 252 15 3.1409
9 254 276 66.7646
9 255 560 107.2713
9 256 2042 488.6293
9 257 325 69.7066
9 258 121 24.4244
9 261 18 3.7180
9 262 1216 297.6609
9 263 1548 382.7471
9 264 26 4.4568
9 265 73 17.8936
9 266 64 12.9295
9 267 62 14.4324
9 268 10 2.0917
9 269 83 17.5707
9 270 52 11.0510
9 271 230 49.6625
9 272 32 5.8280
9 273 484 105.1041
9 274 38 9.7119
9 276 2 0.4532
9 277 17 2.7556
9 278 194 46.1638
9 279 15 3.2891
9 280 1 0.2334
9 281 121 29.5181
9 282 604 167.9909
9 283 10 1.7652
9 284 54 11.1751
9 285 1442 378.7064
9 286 368 77.8274
9 287 98 21.9712
9 288 215 50.8347
9 289 117 30.4317
9 290 61 13.2942
9 291 40 8.1590
9 292 10 1.8497
9 293 82 18.2945
9 294 20 4.5481
9 296 260 80.4684
9 297 118 23.1313
9 298 49 9.8214
9 299 140 28.5166
9 300 1 0.3109
9 301 2 0.4094
9 302 356 82.9055
9 303 17 3.6052
9 305 22 4.5123
9 306 41 7.5077
9 307 2 0.4787
9 308 2047 498.9591
9 309 62 13.0673
9 310 751 175.5111
9 311 78 12.1257
9 312 410 94.7364
9 313 163 40.6579
9 314 282 72.0675
9 315 133 31.2081
9 317 106 23.7704
9 319 560 129.9493
9 320 499 124.8875
9 321 2 0.4401
9 322 17 3.8184
9 323 29 7.4292
9 324 201 50.6280
9 325 5 1.0922
9 326 174 37.5203
9 327 448 102.2606
9 328 2538 614.5031
9 329 296 71.2232
9 330 1 0.2384
9 332 50 10.4268
9 333 1325 347.1110
9 334 1 0.1881
9 335 33 6.3794
9 336 1 0.2192
9 337 109 22.3718
9 338 1 0.1669
9 339 4 0.7983
9 340 1 0.1660
9 341 8102 2193.4421
9 342 230 63.7785
9 343 102 28.2489
9 344 5 0.9110
9 345 9 2.2358
9 346 135 26.2869
9 347 104 19.7265
9 348 150 32.7929
9 349 102 19.5113
9 350 147 43.2945
9 351 280 63.5957
9 353 1104 253.6042
9 354 577 144.8324
9 355 12 3.1908
9 357 38 7.7718
9 358 38 8.8159
9 359 16 2.6515
9 360 4 0.8950
9 361 147 31.9746
9 362 276 71.0288
9 363 50 9.3583
9 364 1034 253.7590
9 365 49 9.5493
9 366 492 109.5694
9 367 61 11.8661
9 368 996 259.9494
9 369 830 183.2388
9 370 52 11.2044
9 371 79 15.7678
9 372 299 59.0078
9 373 29 6.1549
9 374 78 16.0717
9 375 10 1.8878
9 376 170 34.5083
9 377 878 221.3927
9 378 141 26.7460
9 379 256 55.0603
9 380 295 73.4485
9 383 305 69.9063
10 0 13 2.9740
10 1 2532 670.5057
10 2 194 48.9885
10 3 385 94.0770
10 4 137 27.8677
10 5 23 5.9249
10 6 1 0.2299
10 7 2003 519.0453
10 8 423 98.3876
10 9 686 150.6893
10 11 51 13.5138
10 12 42 8.4165
10 13 12 2.6848
10 14 91 17.7591
10 15 29 5.8131
10 16 46 8.5868
10 17 308 75.6022
10 18 5 1.1951
10 19 8 1.7679
10 20 67 12.4227
10 22 14 3.2001
10 23 431 91.2084
10 24 1 0.2342
10 25 152 36.6125
10 26 49 9.1912
10 27 141 33.5308
10 28 2 0.3787
10 29 10 2.2016
10 30 917 256.9806
10 31 15 3.0581
10 32 125 26.0910
10 33 55 12.6594
10 34 1679 398.2432
10 35 92 20.6163
10 36 106 21.4188
10 37 6 1.2296
10 38 3 0.6676
10 39 154 35.9158
10 40 70 14.3908
10 41 163 39.6200
10 42 710 151.9596
10 44 1494 328.2115
10 45 644 154.3060
10 47 594 136.9794
10 48 185 43.2258
10 49 1115 238.0968
10 50 1331 314.9370
10 51 6 1.5813
10 52 49 11.8401
10 54 1014 280.3246
10 56 711 160.1025
10 57 1939 560.1142
10 58 521 112.6991
10 59 512 113.6892
10 60 189 42.7684
10 61 35 6.6682
10 62 1463 380.4773
10 63 86 18.7596
10 64 77 17.1589
10 65 30 6.3284
10 66 61 12.2444
10 67 97 23.3840
10 68 293 64.6818
10 69 762 204.9877
10 70 74 20.2238
10 71 147 29.2677
10 72 847 186.5602
10 73 12 2.5969
10 74 346 74.5805
10 75 939 236.7010
10 76 11 2.1692
10 77 89 23.5575
10 78 819 189.5594
10 79 72 14.7914
10 80 980 213.3140
10 81 12 2.2775
10 82 17 2.7115
10 83 2 0.2904
10 84 1271 318.6142
10 85 416 88.1591
10 86 79 15.9245
10 87 114 26.4191
10 88 3 0.5473
10 89 1 0.2277
10 90 44 8.7194
10 91 130 33.8239
10 92 1214 305.9191
10 93 518 119.8595
10 94 47 11.5828
10 95 4825 1348.0137
10 96 2200 618.3593
10 97 11 2.2571
10 98 41 8.6279
10 99 103 23.5075
10 100 220 46.5351
10 101 712 166.2884
10 102 82 17.8926
10 103 14 2.3017
10 104 136 28.7262
10 106 135 28.4243
10 107 170 39.6879
10 108 17 3.1140
10 109 169 42.4838
10 110 20 3.8568
10 111 307 72.4574
10 112 7 1.5141
10 113 64 13.6060
10 114 101 20.1126
10 115 11 2.4026
10 117 77 18.6075
10 118 63 13.8569
10 119 5 1.0608
10 120 37 10.0746
10 121 69 12.4925
10 122 10 2.3330
10 123 7 1.4902
10 124 1551 418.5790
10 125 32 7.2470
10 126 61 11.7122
10 127 940 272.6408
10 128 104 23.6917
10 129 15 3.0272
10 130 96 19.7831
10 131 113 23.6458
10 132 28 7.0957
10 133 116 23.1723
10 134 129 28.0163
10 135 46 9.1268
10 136 164 32.6765
10 137 55 11.1194
10 138 44 8.9634
10 140 806 187.9138
10 141 20 3.5949
10 142 68 19.0878
10 143 150 32.3989
10 144 8 1.6389
10 145 605 136.1698
10 146 1099 235.0807
10 147 480 106.9574
10 148 499 133.0903
10 149 148 36.0840
10 151 24 5.2511
10 152 360 84.9085
10 153 222 57.6701
10 154 100 21.4366
10 155 408 92.7733
10 156 125 30.5810
10 157 74 15.6990
10 158 38 9.2106
10 159 606 148.7544
10 160 27 5.6586
10 161 226 47.7030
10 162 2 0.3846
10 163 748 188.0374
10 164 13 2.6998
10 165 4696 1337.3639
10 166 296 74.0972
10 167 17 3.7611
10 168 135 30.7707
10 169 10 2.3507
10 170 409 97.7229
10 171 1081 248.3009
10 172 61 12.6484
10 173 104 21.8595
10 174 12 1.9696
10 175 103 20.5359
10 176 63 14.9822
10 178 29 5.6222
10 179 3368 852.9244
10 180 14 3.3948
10 181 4 0.8900
10 182 2244 663.2882
10 183 2 0.4401
10 184 57 10.1490
10 185 9 2.4632
10 186 1 0.2116
10 187 29 6.6030
10 188 2297 560.2688
10 189 2 0.4528
10 190 82 15.4349
10 191 41 8.5215
10 192 796 210.6336
10 193 1009 235.2298
10 194 201 43.3771
10 195 13 2.9962
10 196 92 18.8067
10 197 5 1.0263
10 198 302 61.3541
10 199 176 35.3732
10 200 238 48.8667
10 201 263 58.4402
10 202 56 11.2681
10 203 3 0.6675
10 204 40 8.6189
10 207 105 21.4845
10 208 29 6.1917
10 209 182 45.5912
10 210 405 104.6310
10 211 22 4.1357
10 212 96 20.1877
10 213 185 38.2617
10 214 8 1.3998
10 215 27 5.2823
10 216 1409 344.5638
10 218 81 17.8783
10 219 9 2.8465
10 220 190 37.9986
10 221 6 1.3977
10 222 28 5.1606
10 223 59 13.4631
10 224 120 23.1274
10 225 17 4.0425
10 226 4 0.8506
10 227 330 81.4979
10 228 46 9.3464
10 229 319 72.8570
10 230 137 30.2997
10 231 11 2.1232
10 232 8 1.9220
10 233 151 34.3147
10 234 246 61.9266
10 235 33 6.2411
10 236 169 35.1282
10 237 157 38.3842
10 238 955 229.4540
10 239 14 2.9086
10 241 123 24.1795
10 242 198 41.9324
10 243 87 18.6657
10 244 36 8.3438
10 245 903 222.9342
10 246 30 5.3863
10 247 74 15.2728
10 248 192 43.2729
10 249 122 30.5023
10 250 10 1.7608
10 251 119 28.3752
10 252 1 0.1625
10 253 2350 534.9631
10 254 5 0.9077
10 255 470 120.5377
10 256 115 28.7019
10 257 623 163.4017
10 258 231 56.0763
10 259 13 2.4554
10 260 1 0.2038
10 261 2 0.3057
10 262 3 0.5779
10 263 6360 1615.2422
10 264 67 15.9263
10 265 56 11.5748
10 266 413 119.0633
10 267 1459 400.6070
10 268 34 8.1283
10 269 427 92.0926
10 270 1 0.2473
10 271 2656 621.2383
10 272 49 10.3126
10 273 325 75.6554
10 274 1409 368.9063
10 275 12 2.3848
10 277 186 39.4148
10 278 35 7.3272
10 279 180 46.0829
10 280 14 2.6479
10 281 17 3.4245
10 282 56 12.2758
10 283 108 22.6592
10 284 9840 3044.6581
10 285 107 26.7462
10 286 356 87.2580
10 287 32 7.6352
10 288 51 12.1965
10 289 154 30.6056
10 290 22 3.7799
10 291 195 42.5301
10 292 191 48.1028
10 293 43 7.9333
10 294 82 16.8439
10 295 582 138.1093
10 296 101 20.4459
10 297 515 121.2176
10 298 2828 628.4289
10 299 42 9.8110
10 300 18 3.5097
10 301 7 1.3273
10 302 3195 852.7037
10 303 452 97.4744
10 304 514 120.0138
10 305 583 132.7024
10 306 1152 263.6205
10 307 2799 628.5905
10 308 107 22.7689
10 309 117 22.7938
10 310 304 58.6155
10 311 335 69.9273
10 312 154 36.2239
10 313 4 1.0267
10 314 83 16.4967
10 315 390 80.4872
10 316 311 66.5581
10 317 4143 1068.9052
10 318 1 0.2625
10 319 31 6.8211
10 320 919 216.1563
10 321 25 5.0456
10 322 30 7.6238
10 323 98 19.9072
10 324 992 228.2198
10 325 40 8.7505
10 326 35 7.5213
10 327 1 0.2527
10 330 1216 322.9886
10 331 184 37.8341
10 332 9 1.7718
10 333 33 6.8591
10 334 2 0.4529
10 335 34 9.2101
10 336 934 233.9763
10 337 213 46.8373
10 338 871 221.6905
10 339 3179 894.9256
10 340 858 198.6149
10 341 992 249.3781
10 342 55 14.0321
10 343 2944 730.4883
10 344 52 10.4765
10 345 16 2.9988
10 346 158 37.5618
10 347 1 0.2135
10 348 22 4.5906
10 349 2013 472.6854
10 350 320 80.0118
10 351 13 3.2839
10 352 5 0.9378
10 353 322 68.6467
10 354 10 1.6731
10 355 174 36.3098
10 356 113 25.7224
10 357 20 4.5339
10 358 19 3.7867
10 359 1 0.2434
10 361 153 32.9025
10 362 270 69.4654
10 363 145 27.7890
10 364 670 158.0811
10 365 536 111.4132
10 367 1 0.2164
10 368 15 2.6817
10 369 37 7.4414
10 370 1937 456.7547
10 371 782 168.1460
10 372 85 22.0623
10 373 220 50.6549
10 374 887 238.8783
10 375 1811 437.3705
10 376 74 19.4906
10 377 3137 759.7950
10 378 701 187.7442
10 379 21 4.8266
10 380 184 41.7824
10 381 38 9.4922
10 383 92 18.5817
11 0 264 74.2234
11 2 721 156.4631
11 3 195 36.8690
11 4 188 41.4168
11 5 855 196.6699
11 6 43 9.0518
11 7 23 6.1978
11 8 61 13.0260
11 9 54 10.0716
11 10 559 112.2826
11 11 541 133.7905
11 13 202 46.5084
11 14 397 81.9393
11 15 399 88.7049
11 16 37 7.4629
11 17 995 210.3029
11 18 217 44.9820
11 19 596 143.5689
11 20 60 18.6519
11 21 179 38.3847
11 22 17 4.8005
11 23 12 2.4555
11 24 102 31.0279
11 25 404 114.4065
11 26 738 157.2628
11 27 584 136.5199
11 28 651 165.4527
11 29 104 22.4378
11 30 243 53.9070
11 32 153 30.6469
11 33 84 21.7903
11 34 2076 548.1943
11 35 645 137.2398
11 36 712 199.1718
11 37 1 0.2099
11 39 70 14.7880
11 40 2 0.3537
11 41 2751 635.4304
11 43 140 30.4318
11 44 56 11.0564
11 45 70 13.2089
11 46 831 210.0426
11 47 42 10.7643
11 48 786 193.2655
11 49 262 52.8228
11 50 1448 357.5477
11 51 30 5.3991
11 52 176 39.9794
11 54 65 12.4989
11 55 18 3.1286
11 56 259 57.7418
11 58 2 0.3332
11 59 50 9.5663
11 60 70 14.4819
11 61 9 1.6414
11 62 108 22.6751
11 63 107 21.2635
11 64 857 194.7836
11 65 1953 515.0101
11 66 1067 233.3926
11 67 53 9.3291
11 68 53 10.7768
11 69 20 4.0522
11 70 551 166.8157
11 71 70 12.9098
11 72 70 15.2032
11 73 905 218.9841
11 74 60 12.0225
11 76 16 3.1186
11 77 1724 377.9078
11 78 1 0.2124
11 79 535 128.7456
11 80 53 10.7210
11 81 15 3.1467
11 82 57 13.0184
11 83 94 23.8984
11 84 262 54.1657
11 85 84 16.1190
11 86 132 27.1729
11 87 341 66.2159
11 88 232 47.7903
11 89 2 0.3105
11 90 308 64.6523
11 91 10 1.9347
11 92 31 6.6771
11 93 15 3.0200
11 94 42 11.1560
11 95 7 1.2037
11 96 235 57.6635
11 97 248 53.0612
11 98 9543 3102.4735
11 99 2293 534.9090
11 100 38 7.2760
11 101 404 97.3536
11 102 15 3.2610
11 103 139 29.7170
11 104 26 5.2561
11 105 456 109.3470
11 106 13 2.3099
11 108 248 48.6881
11 109 3843 1227.3044
11 110 33 5.9980
11 111 219 55.6544
11 112 30 6.2113
11 113 19 4.0128
11 114 539 119.6616
11 115 2 0.3374
11 116 150 34.4506
11 118 8 1.7071
11 119 884 208.8521
11 120 101 20.4505
11 121 638 135.5552
11 122 49 10.3871
11 123 56 11.2127
11 124 315 69.5663
11 125 1320 300.5728
11 126 252 54.0621
11 127 28 5.5736
11 128 172 40.1746
11 129 322 64.6051
11 130 344 75.4362
11 131 1954 462.1792
11 133 1 0.2719
11 134 1 0.1920
11 135 241 54.4504
11 136 3 0.5808
11 137 5 0.9369
11 138 120 23.7921
11 139 4 0.7009
11 140 42 10.9693
11 141 670 156.8339
11 142 411 100.3702
11 143 592 132.3143
11 144 103 21.5116
11 145 11 2.1533
11 146 1 0.2560
11 147 352 95.3599
11 148 1039 255.7318
11 149 430 94.2172
11 150 139 29.2663
11 151 65 12.5736
11 152 7 1.5214
11 153 14 2.5010
11 154 103 19.4761
11 155 18 3.2430
11 156 8 1.5470
11 158 9 1.5565
11 159 2 0.5227
11 160 36 6.7328
11 161 4 0.8534
11 162 520 130.9231
11 163 4 0.7534
11 164 342 74.4399
11 165 1408 273.3331
11 166 979 212.6734
11 167 120 30.0961
11 168 668 170.9468
11 169 22 4.5157
11 170 269 60.1990
11 171 247 52.7207
11 172 176 36.3838
11 173 3 0.6556
11 174 98 20.0942
11 175 2341 526.0930
11 176 56 11.0149
11 177 3 0.8336
11 178 6 1.2994
11 179 170 34.0303
11 180 1617 386.3796
11 181 60 16.4295
11 182 115 23.5858
11 183 43 8.3732
11 184 33 6.3721
11 185 31 6.5060
11 186 7 1.2411
11 187 26 6.1944
11 188 5 1.2143
11 189 3167 807.2155
11 190 47 9.6368
11 191 37 8.1043
11 192 201 46.4436
11 194 62 12.5765
11 195 1843 488.4185
11 196 106 21.1108
11 197 8 1.5786
11 198 1607 371.6155
11 199 15 3.6136
11 200 24 6.7420
11 201 42 9.1524
11 202 72 15.8504
11 203 772 196.6741
11 204 5 0.9214
11 205 233 52.3020
11 206 17 3.3434
11 207 33 7.4292
11 208 413 88.9056
11 209 643 150.9979
11 210 10 1.9718
11 211 67 16.5907
11 212 343 85.6920
11 213 25 5.5608
11 214 82 15.5034
11 215 437 94.5592
11 216 666 153.3208
11 217 4 0.7925
11 218 8 1.6899
11 219 1 0.1940
11 220 394 101.9411
11 221 1578 385.0022
11 222 161 36.6132
11 223 20 4.2665
11 224 67 17.6344
11 225 3212 796.2750
11 226 848 197.0171
11 227 2013 481.8768
11 228 67 14.5667
11 229 1 0.2297
11 230 951 222.6463
11 231 656 142.3671
11 232 126 28.5836
11 233 3993 1147.3768
11 234 34 6.9068
11 235 1890 449.5450
11 236 25 5.4492
11 237 461 102.5775
11 238 2 0.4453
11 239 150 37.2621
11 240 12 2.3426
11 241 69 13.1055
11 242 148 36.7553
11 243 54 13.2297
11 244 39 8.3628
11 245 49 10.3607
11 246 65 12.3898
11 247 8 1.6221
11 249 1 0.2290
11 250 39 7.2602
11 251 3 0.7781
11 252 43 11.5003
11 253 141 34.4549
11 254 54 13.7950
11 255 764 180.9974
11 256 68 14.9872
11 257 58 12.0103
11 258 13 3.0551
11 259 1738 421.5301
11 260 44 9.5246
11 261 12 3.3162
11 262 5095 1294.9781
11 263 9 2.8023
11 264 1 0.2083
11 265 38 8.1169
11 266 202 45.5873
11 267 11 1.9774
11 268 112 24.8523
11 269 36 6.8452
11 270 147 31.5975
11 271 2967 649.6254
11 273 297 78.7678
11 275 39 10.4625
11 276 8 1.8533
11 277 62 11.5696
11 278 28 6.9187
11 279 301 70.4171
11 280 236 53.8882
11 281 72 13.9318
11 282 41 8.2448
11 283 83 22.0984
11 284 61 13.6195
11 285 2 0.4466
11 286 722 170.7510
11 287 43 8.7001
11 288 366 77.3804
11 289 592 160.2529
11 290 371 74.8119
11 291 14 2.7876
11 292 35 7.1433
11 293 8 1.5946
11 294 4170 1081.1672
11 295 92 27.2295
11 296 3 0.6176
11 297 216 51.1224
11 298 45 10.7390
11 299 30 6.1077
11 301 12 2.3170
11 302 850 218.3094
11 303 29 5.2872
11 304 952 230.7337
11 305 14 2.9132
11 306 777 175.2797
11 307 223 56.6617
11 308 620 146.5411
11 309 257 52.9915
11 310 95 20.9610
11 311 7 1.4046
11 313 676 173.4516
11 314 549 109.5837
11 315 42 10.9337
11 316 18 3.5294
11 317 91 19.1634
11 319 129 27.3885
11 320 241 57.4695
11 321 172 39.6725
11 322 21 3.9503
11 323 18 3.7998
11 324 14 2.6725
11 325 28 8.7177
11 326 992 221.1658
11 327 268 52.3719
11 328 122 25.3483
11 329 306 69.4826
11 330 319 68.6617
11 331 68 14.0288
11 332 1648 504.1079
11 334 4 0.8788
11 335 9 1.8418
11 336 111 23.3112
11 337 334 77.4905
11 338 607 125.1592
11 339 61 11.6410
11 340 510 111.6703
11 341 10 1.9008
11 343 2454 643.3505
11 344 336 66.2617
11 345 13640 3787.5954
11 346 1073 257.0125
11 347 31 6.4027
11 348 4 0.9180
11 349 293 68.3916
11 350 2 0.3957
11 351 810 174.4004
11 353 392 96.9602
11 354 6 1.4200
11 355 363 82.1047
11 356 158 36.9467
11 357 881 212.4726
11 358 6 1.0824
11 359 273 57.9480
11 360 5 0.9771
11 361 27 5.0604
11 362 20 3.7042
11 363 1448 388.2460
11 364 1 0.1549
11 365 330 73.5571
11 366 107 21.4645
11 367 23 6.8395
11 368 9 1.7102
11 369 476 113.2085
11 370 121 28.1885
11 371 139 28.4542
11 373 2 0.4268
11 374 45 10.4959
11 375 209 43.7410
11 376 43 11.0323
11 377 95 18.1422
11 378 235 50.4582
11 379 3569 967.6584
11 380 10 2.1918
11 381 94 19.3263
11 382 6 1.4089
12 0 13 3.1824
12 2 268 57.2443
12 3 70 17.3251
12 4 35 7.0734
12 5 1016 245.0865
12 6 158 39.5345
12 7 23 6.0380
12 8 839 233.8707
12 9 23 4.1663
12 10 153 37.3896
12 11 75 16.8808
12 12 696 176.6993
12 13 12 2.4574
12 14 21 4.3860
12 16 1002 227.9871
12 17 585 124.5720
12 18 1491 408.9303
12 19 156 30.1015
12 20 118 28.5367
12 21 22 4.6352
12 22 28 5.7795
12 23 114 23.9198
12 24 5 0.9545
12 25 1485 345.7475
12 26 9 1.6357
12 27 643 174.6987
12 28 2 0.4726
12 29 55 12.7073
12 30 8 2.0848
12 31 142 32.9834
12 32 142 38.8768
12 33 143 35.0966
12 34 595 128.8383
12 35 425 112.4468
12 36 8 2.2742
12 37 1 0.2276
12 38 58 11.7032
12 39 606 146.1632
12 40 22 4.8086
12 41 162 37.1090
12 42 2439 670.4709
12 43 11 2.1254
12 44 137 34.1752
12 45 48 9.8564
12 46 156 34.4920
12 47 151 31.3419
12 48 241 48.5056
12 49 16 3.4952
12 50 23 4.3674
12 51 16 3.5284
12 52 8 1.6879
12 53 163 38.5080
12 54 54 11.7714
12 55 439 96.2507
12 56 55 11.1795
12 57 66 14.5137
12 58 1638 382.3945
12 59 281 63.1872
12 60 204 41.8457
12 62 2112 571.9069
12 63 75 16.8153
12 64 160 40.3887
12 65 102 23.2272
12 66 257 59.5524
12 67 2555 673.7110
12 68 2 0.3420
12 69 664 180.0419
12 70 31 6.4595
12 71 191 43.6071
12 72 12 2.6955
12 73 23 4.3623
12 74 83 17.8411
12 75 11 2.7567
12 76 37 7.4592
12 77 741 195.8004
12 78 99 21.6312
12 79 1 0.2394
12 80 6 1.1697
12 81 17 3.4177
12 82 28 5.6900
12 83 172 38.1154
12 84 2 0.3479
12 85 337 76.9196
12 86 255 57.4454
12 87 830 214.2326
12 88 2009 667.9490
12 89 128 28.3123
12 90 364 79.7657
12 91 26 5.4626
12 92 8 1.8735
12 93 89 19.8973
12 94 14 3.5378
12 95 2289 515.2153
12 96 156 36.6221
12 97 15 2.9641
12 98 6 1.4443
12 99 214 43.1186
12 100 784 224.3864
12 101 33 9.1377
12 102 924 196.8108
12 103 181 38.9162
12 104 150 33.3833
12 105 943 238.3301
12 106 45 10.1768
12 107 145 29.4632
12 109 865 242.0894
12 110 50 10.6943
12 111 75 18.8206
12 112 7 1.6013
12 113 50 11.1066
12 114 11 2.2475
12 115 344 77.6948
12 116 706 164.8456
12 118 860 216.7898
12 119 479 103.8815
12 120 500 97.7988
12 121 87 19.2177
12 122 233 58.8310
12 123 752 202.2288
12 124 1562 392.6247
12 125 59 12.6280
12 126 1575 373.5154
12 127 127 29.8045
12 128 39 7.6844
12 129 117 29.0939
12 130 17 3.3605
12 131 242 54.2384
12 132 24 5.1096
12 133 144 30.1201
12 134 2322 594.4578
12 135 70 14.0751
12 136 40 7.6313
12 137 812 199.9971
12 138 660 152.0602
12 139 2030 528.4553
12 140 121 26.8138
12 141 1684 448.3815
12 142 169 32.9293
12 143 1 0.1837
12 144 32 6.0323
12 145 329 67.0319
12 146 57 11.7708
12 147 159 35.0316
12 149 14 2.8896
12 150 13 3.0480
12 151 1965 526.5814
12 152 291 56.9619
12 153 2 0.3083
12 154 24 5.7669
12 155 1476 357.9846
12 156 168 37.0438
12 157 38 7.5528
12 158 533 117.8088
12 159 950 213.1399
12 160 1 0.2607
12 161 2632 649.2948
12 162 1 0.1793
12 165 1941 459.7833
12 166 21 3.9991
12 167 273 66.6487
12 168 11 3.3117
12 169 2109 489.8144
12 170 102 21.1388
12 171 1476 324.1685
12 172 60 12.6344
12 173 23 5.3379
12 174 1798 448.0740
12 175 26 5.5963
12 176 241 58.6918
12 177 1 0.2491
12 179 186 39.8798
12 180 903 200.2903
12 181 6 1.6859
12 182 410 92.5330
12 183 1033 244.1089
12 186 172 37.4809
12 187 18 5.0546
12 188 174 38.7506
12 189 2693 678.8272
12 191 188 38.7297
12 192 112 25.9562
12 193 18 3.7328
12 194 592 153.4579
12 195 198 43.8294
12 196 1307 333.9230
12 197 8 1.4836
12 198 1092 251.6347
12 199 72 15.2366
12 200 4107 1075.3167
12 201 65 11.7179
12 202 262 64.9449
12 203 12 2.3394
12 204 24 4.5536
12 205 12 2.7132
12 206 7 1.6163
12 207 2805 681.3547
12 208 779 233.2841
12 209 200 53.0390
12 210 1215 284.4200
12 211 116 22.0007
12 212 332 99.3848
12 213 149 32.9368
12 214 463 99.7138
12 215 58 14.3211
12 216 128 26.6998
12 217 162 33.9158
12 218 83 19.6250
12 219 172 37.9262
12 220 1 0.2676
12 221 2710 790.3168
12 222 75 18.2615
12 223 205 51.3957
12 224 5 1.1334
12 225 38 9.0929
12 226 8 1.6709
12 227 139 27.7908
12 228 30 6.8348
12 229 296 71.0059
12 230 34 7.9146
12 231 165 42.4623
12 233 7 1.9337
12 234 12 2.0917
12 235 204 47.7639
12 236 345 75.1650
12 237 79 16.6201
12 238 54 11.3449
12 239 285 65.0476
12 240 439 95.9434
12 241 9 1.9696
12 242 121 24.9603
12 243 1181 256.0719
12 245 58 10.5126
12 246 1727 431.7852
12 247 46 9.5364
12 248 85 21.7611
12 249 438 100.9271
12 250 3 0.6558
12 251 33 8.0492
12 252 1568 397.2863
12 253 34 8.3558
12 254 16 3.4723
12 255 698 179.3545
12 256 27 5.6793
12 257 63 13.0607
12 258 18 3.6210
12 259 29 5.5997
12 260 13 2.5901
12 261 992 239.4046
12 262 623 133.2405
12 263 732 160.9355
12 264 146 31.5180
12 265 399 90.5397
12 266 157 33.5714
12 267 40 10.3112
12 268 10 2.0170
12 269 32 7.0231
12 270 127 26.2978
12 271 139 29.2682
12 272 304 67.7464
12 273 2 0.4926
12 274 43 8.4265
12 275 6 1.5379
12 276 19 3.3346
12 277 281 54.1689
12 278 799 204.8107
12 279 1353 376.1336
12 280 785 180.9478
12 282 5 1.2505
12 283 418 103.5955
12 284 145 36.0034
12 285 76 13.1477
12 287 1385 361.3890
12 288 18 3.5375
12 289 45 10.8582
12 290 73 17.4210
12 291 46 9.3461
12 292 81 17.6367
12 293 1092 246.5715
12 294 259 61.6573
12 295 322 83.9066
12 296 2 0.5479
12 297 12 2.9101
12 298 427 112.3047
12 299 37 7.7637
12 300 333 77.4722
12 301 69 13.0408
12 302 47 11.0858
12 303 1 0.2305
12 304 10 1.9655
12 305 147 31.1153
12 306 2351 639.6261
12 307 314 80.6386
12 308 1189 308.4284
12 310 35 7.2840
12 311 300 74.2069
12 312 754 179.1287
12 313 5 1.1366
12 314 671 155.5483
12 315 2 0.4312
12 316 6935 1823.9088
12 317 47 10.8521
12 318 23 4.5135
12 319 18 4.1399
12 320 303 75.4563
12 321 1 0.2300
12 322 8 1.7875
12 323 29 5.9259
12 324 35 7.6508
12 325 6 1.1141
12 326 299 59.7193
12 327 26 8.0417
12 328 46 10.5621
12 329 1593 392.3702
12 330 44 8.4309
12 331 2266 607.9509
12 332 397 90.2095
12 333 500 129.1105
12 334 583 121.9448
12 335 42 10.8839
12 336 162 33.9025
12 337 2339 689.5363
12 338 353 82.9651
12 339 875 232.3503
12 340 3013 746.6054
12 341 12 1.9846
12 342 13 2.4681
12 343 32 6.4975
12 344 1 0.1739
12 345 4827 1442.6360
12 346 1 0.2376
12 347 12 2.5927
12 348 196 41.0327
12 349 4802 1236.7724
12 350 416 86.7525
12 351 50 10.5930
12 353 59 11.7863
12 354 275 80.6100
12 355 1 0.2226
12 356 1 0.2512
12 357 2 0.4038
12 358 755 168.5983
12 359 18 3.7170
12 360 26 5.9265
12 361 67 13.4893
12 362 1069 268.3103
12 363 55 11.0870
12 364 89 17.3394
12 365 2 0.3238
12 366 407 100.2704
12 367 61 11.6668
12 368 4 0.8734
12 369 337 96.3582
12 370 99 20.5867
12 371 32 6.5983
12 372 633 135.9360
12 373 4 0.8492
12 374 52 11.0159
12 375 1 0.2240
12 376 157 33.7914
12 377 3 0.5995
12 378 6 1.2839
12 379 1003 236.7438
12 380 264 63.3827
12 381 1238 344.5521
12 382 51 11.5661
12 383 507 101.4998
13 0 21 4.7811
13 1 513 151.5860
13 2 51 12.0841
13 3 179 36.6437
13 4 183 43.3272
13 5 724 194.2351
13 6 1441 381.1697
13 7 4 0.7281
13 8 24 5.0407
13 9 353 82.4362
13 10 2862 668.4425
13 11 55 14.7689
13 12 2204 527.3405
13 13 75 17.0232
13 14 14 3.1885
13 15 1249 286.3315
13 16 125 24.6483
13 17 23 4.8011
13 18 258 65.7627
13 19 301 74.7603
13 20 126 27.0327
13 21 883 208.3266
13 22 73 15.3771
13 23 40 11.7652
13 24 19 4.4622
13 25 30 6.6050
13 26 95 23.7975
13 27 119 25.7948
13 28 276 62.1124
13 29 1256 317.4151
13 30 68 13.3318
13 31 67 14.0018
13 32 118 24.6993
13 33 36 9.3815
13 34 1058 253.7523
13 35 74 17.7544
13 36 2390 636.2093
13 37 26 5.3665
13 38 25 5.3178
13 39 319 71.5414
13 40 176 60.1779
13 41 1210 326.2979
13 42 27 7.2149
13 43 233 52.5304
13 44 961 252.5047
13 45 390 87.3351
13 46 918 242.1455
13 47 186 42.4570
13 48 24 4.5904
13 49 311 67.9715
13 50 102 29.8875
13 51 17 5.0942
13 52 10 1.8103
13 53 95 18.5597
13 54 1883 463.1410
13 55 59 12.7970
13 56 19 4.1804
13 57 2286 593.5269
13 58 741 190.8888
13 59 75 17.1474
13 60 563 140.7234
13 61 205 44.8100
13 62 22 4.3327
13 63 355 76.6947
13 64 87 18.4835
13 66 30 9.5948
13 67 15 3.6268
13 68 14 2.6780
13 69 1005 261.0841
13 70 184 40.6017
13 71 2925 678.1437
13 72 10 2.1382
13 73 409 91.7299
13 74 7 1.5069
13 75 50 10.6355
13 76 373 82.3849
13 77 46 11.1763
13 78 409 107.4874
13 79 285 60.8700
13 80 1 0.1963
13 81 12 2.1169
13 82 38 12.4008
13 83 240 47.2967
13 84 18 3.9012
13 85 29 5.7331
13 86 347 97.6386
13 87 57 16.0558
13 88 267 66.9755
13 89 787 178.2531
13 90 335 71.3747
13 91 130 31.4980
13 92 1649 413.1258
13 93 191 39.8312
13 94 688 156.8323
13 95 402 88.0810
13 96 60 12.3312
13 97 162 32.3049
13 98 108 28.6502
13 99 513 124.4816
13 100 6 1.2400
13 101 57 10.3409
13 102 10 2.0215
13 103 84 16.3315
13 104 580 139.0286
13 105 309 77.2770
13 106 289 79.0877
13 107 14 2.8445
13 108 43 8.5176
13 109 636 168.1374
13 110 107 24.3168
13 111 136 29.3083
13 112 51 12.2834
13 113 32 7.5441
13 114 3683 994.7433
13 115 1255 307.3679
13 116 95 18.3856
13 117 5 1.2716
13 118 154 30.5687
13 120 740 179.2389
13 121 389 85.5949
13 122 13 2.4229
13 123 23 6.1934
13 124 423 87.7091
13 125 155 32.7750
13 126 21 4.8819
13 127 344 87.7777
13 128 575 138.8339
13 129 97 20.5243
13 130 68 13.5925
13 131 1 0.2066
13 132 2912 792.0183
13 133 4 0.7570
13 134 54 11.0244
13 136 1569 327.7053
13 137 110 27.2580
13 138 43 8.7239
13 139 22 4.5812
13 140 3 0.5838
13 141 30 6.6595
13 142 902 200.5798
13 143 785 301.2136
13 144 25 5.2169
13 145 62 13.4459
13 146 648 149.3566
13 147 25 5.8924
13 148 75 19.3964
13 149 11 2.4966
13 150 661 172.8780
13 151 55 13.5094
13 152 41 9.2193
13 153 44 10.2311
13 154 41 10.3706
13 155 45 9.5939
13 156 96 19.0166
13 157 7618 1847.6116
13 158 10 1.8509
13 159 1895 526.4911
13 160 32 7.4248
13 161 246 51.5956
13 162 144 29.3118
13 163 24 4.8184
13 164 7 1.5588
13 165 218 44.6837
13 166 25 6.8870
13 167 237 55.3984
13 168 125 27.8335
13 169 10 2.8656
13 170 207 42.0972
13 171 17 3.1325
13 172 118 24.4686
13 173 20 3.4512
13 174 40 9.1375
13 175 154 37.1256
13 176 923 218.0408
13 177 388 88.1520
13 178 2495 594.5776
13 180 469 116.4224
13 181 69 13.2061
13 182 22 7.8947
13 183 35 7.3293
13 184 51 9.6209
13 185 107 20.5710
13 186 4 0.9008
13 187 169 39.0145
13 188 5342 1294.8468
13 189 113 21.7935
13 190 89 25.7981
13 191 49 10.8875
13 192 621 173.7714
13 193 360 125.2686
13 194 155 34.4552
13 195 3430 791.8212
13 196 2 0.1562
13 197 220 48.9545
13 198 46 10.1665
13 199 444 110.6460
13 200 93 19.3660
13 201 181 41.2603
13 202 275 65.8556
13 203 434 96.1381
13 204 52 12.5473
13 205 1949 464.0684
13 206 251 61.3012
13 207 1213 315.0470
13 208 45 8.6694
13 209 58 13.6168
13 210 402 97.0717
13 211 113 24.6233
13 212 43 12.8029
13 213 43 8.9068
13 214 40 8.4389
13 215 2412 589.0674
13 216 89 18.2338
13 217 6 1.9144
13 218 390 78.5352
13 219 504 102.9124
13 220 168 45.2826
13 221 94 21.2113
13 222 63 18.9671
13 223 297 66.2807
13 224 37 7.9938
13 225 277 63.7882
13 226 41 9.0804
13 227 24 4.9252
13 228 35 7.0508
13 229 47 10.2415
13 230 1996 718.5692
13 231 12 2.2162
13 232 14 3.4091
13 233 27 6.1054
13 234 37 8.3692
13 235 909 238.2946
13 236 12 2.6967
13 237 122 25.8074
13 238 107 21.9027
13 239 18 3.7366
13 240 12 2.2402
13 241 27 4.9800
13 242 10 1.8015
13 243 943 222.2357
13 244 9 1.9002
13 245 190 39.0795
13 246 446 95.7511
13 247 66 14.7840
13 248 2193 539.8396
13 249 2586 860.1161
13 250 11 2.8430
13 251 2566 724.6966
13 252 330 71.5433
13 253 37 9.4616
13 254 810 188.2406
13 255 81 20.0567
13 256 91 17.5242
13 257 8 1.2734
13 258 723 150.0841
13 259 412 86.4085
13 260 966 239.9395
13 261 105 23.0587
13 262 256 53.6256
13 263 569 125.2467
13 264 159 32.0813
13 265 98 19.0901
13 266 393 135.3879
13 267 29 6.3361
13 268 10 2.0300
13 269 53 11.9276
13 270 65 13.6195
13 271 1010 305.9321
13 272 1769 442.7635
13 273 30 6.7333
13 274 56 15.8014
13 275 6 1.1245
13 276 6 1.2770
13 277 3 0.5868
13 278 197 44.9969
13 279 2960 785.0068
13 280 2470 664.3954
13 281 746 219.8038
13 282 29 5.6033
13 283 1 0.1816
13 284 40 8.4156
13 285 3194 839.6770
13 286 31 8.4330
13 287 231 61.5225
13 288 24 6.7137
13 289 57 12.6566
13 290 58 12.5626
13 291 318 65.5957
13 292 20 5.1739
13 293 903 227.5195
13 294 129 26.3946
13 295 40 8.6945
13 296 3 0.5860
13 297 185 40.5209
13 298 259 61.7304
13 299 25 4.8872
13 300 14 2.8062
13 301 15 3.0665
13 303 72 17.2597
13 304 28 5.6186
13 305 322 74.0155
13 306 621 140.7386
13 307 10 2.0585
13 308 81 16.2691
13 309 86 22.1477
13 310 1317 356.5172
13 311 626 159.9679
13 312 52 11.5617
13 313 308 79.8202
13 314 256 64.0109
13 315 904 201.0452
13 316 472 108.3888
13 317 5 0.8883
13 318 2741 686.8700
13 319 99 25.1461
13 320 1 0.2215
13 321 1 0.2497
13 322 1714 362.9212
13 323 133 29.1661
13 324 224 50.4736
13 325 52 10.2429
13 326 1076 306.2117
13 327 81 19.3974
13 328 312 66.3366
13 329 31 6.2268
13 330 20 4.1703
13 331 79 15.7610
13 332 78 15.7721
13 333 126 25.0540
13 334 39 7.7767
13 335 679 156.6483
13 336 3191 953.7571
13 337 190 44.2095
13 338 291 78.8473
13 339 22 4.4911
13 340 931 225.4526
13 341 40 7.9813
13 342 671 146.2559
13 343 35 7.0266
13 344 44 9.8526
13 345 1913 499.0280
13 346 26 5.9908
13 347 31 7.0286
13 348 31 7.9422
13 349 3 0.6007
13 350 45 9.2530
13 351 47 9.7736
13 352 28 6.4709
13 353 253 68.4087
13 354 17 3.0818
13 355 199 40.3677
13 356 247 54.7703
13 357 261 51.1933
13 358 77 16.9584
13 359 835 191.1341
13 360 1188 298.7599
13 361 349 76.3708
13 362 4 0.8136
13 363 938 264.9552
13 364 128 27.1395
13 365 14 2.7829
13 366 136 30.6149
13 367 97 22.3751
13 368 140 27.8982
13 369 27 7.0353
13 370 139 29.9195
13 371 44 13.6227
13 372 25 7.1735
13 373 542 115.0720
13 374 286 64.9373
13 375 119 24.3088
13 376 617 131.2400
13 377 141 33.3619
13 378 31 6.3951
13 380 55 14.6457
13 381 339 91.9552
13 382 2 0.3987
13 383 12 2.2216
14 0 9 2.4181
14 1 47 11.1534
14 2 569 134.8430
14 3 522 138.6590
14 4 3 0.4091
14 5 653 144.2881
14 6 85 20.8807
14 7 1 0.1187
14 8 1 0.1595
14 9 13 2.2348
14 10 264 60.8978
14 11 240 63.0600
14 12 9 1.4921
14 13 138 27.1449
14 14 400 89.7062
14 15 71 14.1290
14 16 1306 344.8571
14 17 415 91.2485
14 18 1425 365.2781
14 19 40 7.6793
14 20 34 7.1624
14 21 3 0.6835
14 22 8 2.9799
14 23 97 20.3810
14 24 96 20.3610
14 25 25 6.7879
14 26 1560 372.2292
14 27 871 203.8228
14 28 1528 373.7734
14 29 88 20.2923
14 30 2618 713.4545
14 31 2759 704.6167
14 32 16 4.5337
14 33 42 9.0261
14 34 29 5.3451
14 35 54 10.5358
14 36 113 21.4052
14 37 1015 259.5406
14 38 7 1.4604
14 39 3 0.6250
14 40 168 38.8666
14 41 196 39.5745
14 42 59 11.4041
14 43 1603 437.0045
14 44 8 1.5781
14 45 652 156.0402
14 46 19 5.0182
14 47 99 22.1615
14 48 1636 389.6143
14 49 259 52.3303
14 50 15 2.9820
14 51 1357 355.6888
14 52 43 9.9206
14 53 6 1.1237
14 54 42 8.2272
14 55 1 0.1566
14 56 45 11.1214
14 57 1291 287.3621
14 58 294 71.2210
14 59 182 40.7908
14 60 69 12.9374
14 61 38 7.7447
14 62 35 6.6059
14 63 54 12.5706
14 64 450 89.8993
14 65 17 3.7285
14 66 5 1.2047
14 67 1412 344.3910
14 68 5 1.3053
14 69 32 6.6046
14 70 46 10.9445
14 71 83 17.3790
14 72 2 0.4292
14 73 464 109.3351
14 74 170 38.9900
14 75 221 44.9423
14 76 222 49.8593
14 77 1009 249.4778
14 78 72 15.9598
14 79 36 5.9455
14 80 65 14.4857
14 81 7 1.4199
14 82 15 2.8145
14 83 19 4.7738
14 84 2986 801.5668
14 85 78 22.3525
14 86 3 0.6439
14 87 31 6.6704
14 88 114 26.6494
14 89 15 3.7027
14 90 132 32.6850
14 91 135 26.4245
14 92 295 66.6370
14 93 648 190.1634
14 94 15 3.2890
14 95 7 1.6662
14 96 551 164.2807
14 97 6 1.2678
14 98 667 159.1425
14 99 492 108.3779
14 100 20 5.4172
14 102 1 0.2178
14 103 640 159.0026
14 104 797 165.9656
14 105 1 0.3096
14 106 43 9.0601
14 107 52 11.4147
14 108 80 16.5324
14 109 717 167.2373
14 110 32 6.8183
14 111 1 0.1704
14 112 9 1.6712
14 113 5 1.0690
14 114 64 23.1880
14 115 1 0.2222
14 116 14 3.3668
14 117 41 8.0935
14 118 132 27.1288
14 119 27 5.0724
14 120 6 1.1956
14 121 11 2.0186
14 122 771 178.9338
14 123 11 2.2743
14 124 145 31.2647
14 125 3 0.5253
14 126 80 17.1656
14 127 70 15.6506
14 128 304 67.7482
14 129 208 45.0384
14 130 3 0.6412
14 131 1619 355.8665
14 132 8 1.6438
14 133 25 4.6059
14 134 80 17.8327
14 135 5463 1280.8025
14 136 22 4.1658
14 137 533 112.6325
14 138 44 8.5649
14 139 243 52.1252
14 140 15 2.5354
14 141 7 1.5645
14 142 29 7.4095
14 144 108 21.4725
14 145 671 169.3087
14 146 1363 301.8100
14 147 21 4.8800
14 148 18 3.4518
14 149 67 14.2950
14 150 1 0.2290
14 151 164 36.5769
14 152 7 1.4252
14 153 11 2.7778
14 154 1 0.1827
14 155 42 8.6201
14 156 3 0.7510
14 157 516 110.9179
14 158 321 70.5676
14 159 1174 251.1328
14 160 14 3.5903
14 161 225 49.0179
14 162 2717 690.0630
14 163 55 12.2686
14 164 1 0.2319
14 165 204 42.3215
14 166 44 8.5737
14 167 30 6.7693
14 168 19 4.2984
14 169 9 3.7986
14 170 1952 528.6656
14 171 1124 357.8636
14 172 165 38.4073
14 173 596 136.5759
14 174 47 10.6100
14 175 2 0.4333
14 176 34 7.2749
14 177 14 2.7615
14 178 3 0.5604
14 179 960 248.0615
14 180 7 1.5341
14 181 7 1.5107
14 182 17 3.9175
14 183 96 23.0322
14 184 1 0.2234
14 185 34 6.4017
14 186 18 3.6119
14 187 17 3.1488
14 189 2766 739.2017
14 190 235 49.7692
14 191 27 5.0517
14 192 361 81.5426
14 193 122 26.0683
14 194 82 17.1709
14 195 158 35.2956
14 196 33 6.2151
14 197 1371 323.2779
14 198 6 1.1799
14 199 44 9.4988
14 200 103 22.3420
14 201 1505 371.8182
14 202 17 4.6583
14 203 34 6.1057
14 204 1543 379.4663
14 205 13 2.3604
14 206 62 12.9682
14 207 135 25.7836
14 208 5 0.9201
14 209 1148 283.1344
14 210 445 97.6153
14 211 4 0.8487
14 212 3170 1013.8020
14 213 3179 868.4931
14 214 48 11.0481
14 215 15 3.4962
14 216 1796 413.6679
14 217 442 99.6285
14 218 97 20.6555
14 219 33 6.1902
14 221 167 39.2599
14 222 56 10.7231
14 223 353 81.8826
14 224 47 9.2898
14 225 145 29.8815
14 226 4239 953.1609
14 227 592 125.0481
14 228 1362 427.8936
14 229 9 1.9550
14 230 83 16.2445
14 231 47 9.8786
14 232 1310 342.4859
14 233 16 3.2881
14 234 249 55.0524
14 235 45 10.1914
14 236 57 10.3011
14 237 276 65.9751
14 238 973 214.1036
14 239 370 85.7923
14 240 22 4.9715
14 241 17 4.2277
14 242 416 118.7033
14 243 1038 259.1962
14 244 251 59.3481
14 245 463 119.3666
14 248 559 131.6586
14 249 52 10.3153
14 250 28 8.5260
14 251 315 68.0919
14 252 1639 390.7826
14 253 5 0.6669
14 254 2062 492.3867
14 255 2538 686.9361
14 256 1073 242.2556
14 257 22 5.0427
14 258 17 5.0145
14 259 22 4.1979
14 261 483 98.2631
14 262 81 18.5730
14 263 1193 328.4938
14 264 4 0.8262
14 265 1333 351.4331
14 267 45 8.3741
14 268 15 3.0694
14 269 2 0.4042
14 270 8 1.8394
14 271 2 0.4003
14 272 9 2.1436
14 273 77 18.9321
14 274 16 2.9571
14 275 20 4.6686
14 276 2 0.4187
14 277 341 81.7558
14 278 162 34.6755
14 279 54 12.4242
14 280 24 5.5663
14 281 94 18.4035
14 282 2 0.3727
14 283 66 15.4705
14 284 161 31.9736
14 285 36 7.2364
14 286 167 33.9136
14 287 1071 278.9276
14 288 291 58.4633
14 289 126 31.1182
14 290 1 0.1931
14 291 55 11.8937
14 292 16 3.6313
14 293 1 0.1747
14 294 201 44.6040
14 295 32 7.8867
14 296 5 0.9431
14 297 37 7.0959
14 298 23 5.0292
14 299 493 110.9032
14 300 30 5.5183
14 301 182 41.0733
14 302 2 0.3886
14 303 1704 418.1773
14 304 610 127.0750
14 305 70 15.9583
14 306 197 45.0099
14 307 3300 811.2303
14 308 261 56.0936
14 309 1684 464.1390
14 310 665 156.3796
14 312 9 1.6616
14 313 92 20.1091
14 315 264 68.3048
14 316 2540 932.7500
14 317 5 1.0520
14 318 2474 724.9911
14 319 1 0.1955
14 320 7 1.3207
14 321 4189 1149.5327
14 322 17 3.8077
14 323 1364 361.3510
14 324 419 102.2445
14 325 304 65.8296
14 326 9 1.7532
14 327 262 62.3004
14 328 2 0.4624
14 329 34 6.5426
14 330 2438 578.9283
14 331 64 18.2519
14 332 1490 350.6152
14 333 317 85.0622
14 334 27 5.3120
14 335 218 44.4946
14 336 13 2.4272
14 337 36 7.9116
14 339 31 5.8971
14 340 4 0.7588
14 341 46 9.8477
14 342 802 181.4524
14 343 743 176.9955
14 344 265 60.9450
14 345 1755 463.2628
14 346 3640 1008.2737
14 347 1619 480.9961
14 349 416 99.8294
14 350 1 0.2342
14 351 247 49.7790
14 352 101 25.1875
14 353 101 28.3641
14 354 163 48.7222
14 355 15 4.2700
14 356 2 0.4006
14 357 1197 302.9479
14 358 245 55.3587
14 359 734 144.8660
14 360 2 0.3428
14 361 236 49.7578
14 363 42 7.8216
14 364 82 19.0068
14 365 94 22.5641
14 366 16 4.1947
14 367 18 4.4271
14 368 4312 923.1694
14 369 1 0.1913
14 370 41 8.6375
14 371 103 37.2186
14 372 153 29.6597
14 373 686 221.6198
14 374 23 3.9042
14 375 1912 437.6639
14 376 610 156.0048
14 377 44 10.0097
14 378 1260 309.8094
14 379 8 2.0934
14 380 197 48.7129
14 381 71 16.1210
14 383 203 47.2024
15 0 4478 1212.7524
15 1 461 116.6510
15 2 500 106.2830
15 3 297 58.1566
15 4 16 3.1206
15 5 31 6.5032
15 6 296 59.9129
15 7 43 9.3895
15 8 3102 648.0279
15 9 2 0.3847
15 10 124 26.0640
15 11 74 15.2012
15 12 41 6.2120
15 13 474 97.9152
15 14 818 276.2005
15 15 267 61.1972
15 16 441 158.1287
15 17 44 10.2736
15 18 12 3.6129
15 19 56 16.0746
15 20 268 74.5038
15 21 17 5.2784
15 22 2189 562.8170
15 23 160 38.7414
15 25 132 28.5028
15 26 3466 799.9083
15 27 26 4.0460
15 28 525 106.7569
15 29 50 10.5339
15 30 1 0.2113
15 31 2 0.3501
15 32 38 7.3749
15 33 58 17.4913
15 35 523 140.0347
15 36 369 66.7017
15 37 1447 323.4471
15 38 248 57.8505
15 39 256 60.3859
15 40 17 4.5357
15 42 572 133.7335
15 43 53 10.2478
15 44 173 36.9593
15 45 49 11.3987
15 46 63 13.0001
15 47 275 64.8306
15 48 7 2.6967
15 49 850 187.3166
15 50 1250 434.4411
15 51 96 17.5641
15 52 180 44.0692
15 53 3 0.2760
15 54 89 26.9200
15 55 8 1.1751
15 56 2 0.4639
15 57 737 269.9642
15 58 988 353.4770
15 59 21 3.3861
15 60 87 18.8367
15 61 50 9.5204
15 62 2357 865.3955
15 63 52 10.1205
15 64 18 3.7497
15 65 84 30.6242
15 66 1 0.1851
15 67 7 1.2128
15 68 318 72.6183
15 69 5479 1457.3676
15 70 314 65.6943
15 71 31 6.5869
15 72 1 0.0625
15 73 9 1.2129
15 74 1514 327.2111
15 75 690 182.7793
15 76 661 171.0516
15 77 41 9.9779
15 78 141 28.7214
15 79 34 8.4768
15 80 39 6.6146
15 81 3 0.4152
15 82 464 92.4207
15 83 2501 535.0318
15 85 221 48.8106
15 86 237 82.4599
15 87 1552 507.5807
15 88 101 24.4586
15 89 12 2.2472
15 90 6 1.2126
15 91 631 134.2762
15 92 316 60.0620
15 93 527 146.7868
15 94 23 3.8580
15 95 311 64.6532
15 96 72 15.4904
15 97 1155 235.3647
15 98 91 19.7319
15 99 2466 838.7187
15 100 26 7.2736
15 101 155 34.6977
15 102 99 20.1493
15 103 848 223.3231
15 104 1344 378.6710
15 105 5 0.7418
15 106 18 6.0095
15 107 5 0.9162
15 108 64 14.2341
15 109 128 24.9580
15 110 116 21.7897
15 111 663 171.5578
15 112 1122 258.9867
15 113 18 2.6882
15 114 116 23.8241
15 115 68 14.4135
15 116 11 1.6774
15 117 3 0.5062
15 118 160 37.5959
15 119 813 205.6449
15 120 39 7.8197
15 121 1396 328.5718
15 122 117 33.6646
15 123 296 63.4919
15 124 30 5.2295
15 125 372 126.4385
15 126 170 40.2237
15 128 8 1.4171
15 129 128 31.7766
15 130 1462 485.3609
15 131 9 3.4075
15 132 87 19.7994
15 133 2752 719.2027
15 134 30 5.0601
15 135 583 122.9298
15 136 917 231.9219
15 137 422 102.9555
15 138 10 2.3847
15 139 41 13.7745
15 140 143 31.6770
15 141 1504 377.5851
15 142 34 6.0443
15 143 24 5.5695
15 144 628 148.9114
15 145 291 57.9903
15 146 1390 367.8742
15 147 435 99.8965
15 148 231 51.5349
15 149 77 15.3604
15 150 65 12.7034
15 151 562 119.1616
15 152 91 21.4747
15 153 283 57.4575
15 154 121 30.5410
15 155 424 83.3025
15 156 60 12.1149
15 157 401 89.2651
15 158 828 263.2991
15 159 119 37.9823
15 160 42 9.8267
15 161 781 286.4234
15 162 1444 365.3636
15 163 83 16.7032
15 164 7 0.9506
15 165 210 41.2302
15 166 300 65.2569
15 167 2472 702.5722
15 168 192 34.4894
15 169 484 120.4881
15 170 1307 331.1544
15 171 858 224.9999
15 172 37 12.3913
15 173 4 0.8954
15 174 2015 498.9660
15 175 5 0.9853
15 176 145 32.8564
15 177 6628 1654.2467
15 178 358 77.7202
15 179 105 30.7983
15 180 23 4.6890
15 181 639 134.5599
15 182 308 63.8479
15 183 83 16.8046
15 184 1011 215.3123
15 186 34 12.8573
15 187 1053 207.2066
15 188 83 17.2393
15 189 25 4.9870
15 190 512 112.9124
15 191 45 10.2964
15 192 133 25.9148
15 193 57 8.2309
15 194 45 9.0512
15 195 25 7.1311
15 196 1110 291.4603
15 197 37 8.4335
15 198 28 4.7799
15 199 695 187.2562
15 200 586 109.7872
15 201 236 51.6804
15 202 683 139.4846
15 203 218 45.0400
15 204 51 9.8008
15 205 4 0.5431
15 206 78 17.9217
15 207 57 10.7294
15 208 290 61.8153
15 209 382 106.9786
15 210 1051 223.5389
15 211 71 15.2912
15 212 1085 238.7369
15 213 5133 1095.5076
15 214 44 10.5887
15 215 24 5.6796
15 216 3 0.4514
15 217 12 2.2626
15 218 163 30.0314
15 219 309 61.4423
15 220 19 4.6308
15 221 237 62.4168
15 222 59 15.3977
15 223 1412 335.5979
15 224 6 1.4556
15 225 2 0.2384
15 226 153 28.9918
15 227 89 19.1783
15 228 331 71.4478
15 229 299 65.4393
15 230 23 5.3748
15 231 48 10.2583
15 232 355 72.0100
15 233 266 57.5374
15 234 22 4.0851
15 235 467 94.9662
15 236 1381 346.7713
15 237 81 14.2597
15 238 28 5.8669
15 239 103 21.7173
15 240 73 15.1985
15 241 16 2.5966
15 242 15 2.7383
15 243 9 1.4283
15 244 38 5.9373
15 245 65 14.1406
15 246 4 0.5778
15 247 33 6.0083
15 248 50 13.6185
15 249 59 20.6409
15 250 1106 252.4555
15 251 200 43.8670
15 252 66 12.4616
15 253 111 23.7520
15 254 178 40.0549
15 255 865 257.4346
15 256 22 3.7715
15 257 7 1.8828
15 258 375 108.9226
15 259 108 24.2217
15 260 21 3.9117
15 261 176 37.4343
15 262 19 2.9035
15 263 91 18.0523
15 264 23 4.6781
15 265 426 92.1757
15 266 559 143.9510
15 267 139 31.6488
15 268 3218 693.2692
15 269 1193 326.3520
15 270 37 9.1699
15 271 444 91.1504
15 272 541 112.7316
15 273 37 7.6792
15 274 25 7.1066
15 275 20 4.2890
15 276 18 3.3899
15 277 2 0.2524
15 278 9 1.5755
15 280 72 16.2062
15 281 616 183.5739
15 282 131 25.7665
15 283 498 173.7343
15 284 28 5.4752
15 285 14 2.7826
15 286 2 0.4121
15 287 347 70.4247
15 288 175 38.3049
15 289 14 5.1200
15 290 1 0.2258
15 291 1088 239.6679
15 292 49 11.0999
15 293 151 39.5222
15 294 4 2.5980
15 295 87 18.6100
15 296 250 46.5655
15 297 98 21.2022
15 298 173 55.3899
15 299 417 96.0191
15 300 28 5.0434
15 301 613 137.4532
15 302 12 3.1957
15 303 242 48.0470
15 304 95 20.1208
15 305 58 10.6116
15 306 21 4.1069
15 307 2170 557.1613
15 308 681 247.0913
15 309 233 63.8480
15 310 1055 218.9575
15 311 48 8.8027
15 312 75 14.9543
15 313 12 3.5691
15 314 176 33.8325
15 315 132 29.7402
15 316 491 209.9054
15 317 135 29.8284
15 318 159 37.3132
15 319 562 154.3351
15 320 157 35.3022
15 321 652 254.4071
15 322 184 33.6076
15 323 81 15.4522
15 324 55 16.9332
15 325 357 68.9955
15 326 1168 338.9758
15 327 185 37.8212
15 328 435 108.1777
15 329 253 55.9043
15 330 74 17.0897
15 331 289 97.6628
15 332 99 16.6102
15 333 24 7.7914
15 334 104 20.6274
15 335 15 2.9977
15 336 49 9.4519
15 337 384 120.7753
15 338 83 16.8967
15 339 1572 332.2578
15 340 2 0.3120
15 341 72 19.0797
15 342 5 0.8248
15 343 126 25.5567
15 344 24 4.4965
15 345 1 0.1015
15 346 195 35.9134
15 348 1725 383.3246
15 349 42 9.5624
15 350 17 2.8959
15 351 83 15.0941
15 352 2412 535.8503
15 353 57 11.4288
15 354 16 2.8799
15 355 364 78.6758
15 356 3897 882.3160
15 357 618 128.8598
15 358 339 68.0516
15 359 1138 235.9754
15 360 95 19.2780
15 361 1573 535.7142
15 362 252 50.9165
15 363 457 95.8933
15 364 66 13.8449
15 365 22 3.3922
15 366 115 22.7002
15 367 98 25.6381
15 368 26 6.9977
15 369 232 49.0289
15 370 56 12.8450
15 371 53 14.8012
15 372 285 126.0764
15 373 136 25.3420
15 374 17 6.0769
15 375 752 258.5237
15 376 5 1.3861
15 377 121 36.8575
15 378 541 136.8660
15 379 7 0.9352
15 380 93 19.8076
15 381 233 52.4260
15 382 35 7.1520
15 383 94 21.2013
16 0 178 35.9221
16 1 93 20.9709
16 2 77 16.5239
16 3 610 127.3498
16 4 135 31.1058
16 5 562 122.5083
16 6 99 24.2076
16 7 55 11.3421
16 8 137 30.6162
16 9 33 6.2489
16 10 481 117.7466
16 11 2089 572.1072
16 12 53 10.7091
16 13 2 0.4267
16 15 105 23.9671
16 16 9 1.8349
16 17 9 1.7343
16 19 486 112.7060
16 20 2521 609.6817
16 21 88 17.3110
16 22 33 6.3486
16 23 367 91.2013
16 24 15 3.3983
16 25 36 8.4330
16 26 4 0.8873
16 27 1567 396.6892
16 28 2371 620.2801
16 29 295 83.9451
16 30 2104 574.3233
16 32 486 104.8230
16 33 22 4.2964
16 34 33 7.7966
16 35 426 86.6088
16 36 24 4.7840
16 37 29 5.7667
16 38 171 39.3319
16 39 1 0.2052
16 40 195 44.6431
16 41 390 77.7791
16 42 62 12.6015
16 43 1170 314.6995
16 44 1 0.2212
16 45 1 0.2191
16 46 1821 444.5949
16 47 155 36.2715
16 48 249 55.0799
16 49 17 3.4199
16 51 12 3.0635
16 52 272 65.2255
16 53 5 0.9218
16 54 546 132.9165
16 55 286 72.8634
16 56 546 120.7267
16 58 1193 248.3938
16 59 37 7.0154
16 60 193 41.9255
16 61 943 223.9827
16 62 259 63.5658
16 63 2 0.1899
16 64 35 8.0901
16 65 37 7.2214
16 66 1043 260.7795
16 68 332 86.2663
16 70 2131 462.0636
16 71 694 189.6793
16 72 129 31.8388
16 73 170 36.9428
16 74 2004 490.0285
16 75 285 79.5953
16 76 1 0.2123
16 77 86 19.1827
16 78 766 192.0102
16 79 45 8.8811
16 80 246 52.1369
16 82 104 20.7648
16 83 8 1.5560
16 84 1242 367.2265
16 85 58 12.3555
16 86 946 193.8356
16 87 6 1.0948
16 88 161 34.6326
16 89 382 87.8818
16 90 1 0.2167
16 91 1 0.1879
16 92 2 0.3536
16 93 447 91.5567
16 94 209 39.0443
16 95 134 27.5381
16 96 306 80.1568
16 97 544 135.4496
16 98 228 55.6032
16 100 734 186.3602
16 102 811 209.8343
16 103 407 88.3661
16 104 35 6.9644
16 105 1519 395.2391
16 106 544 123.8173
16 107 2 0.3748
16 108 43 11.4189
16 109 225 49.6068
16 110 15 2.8459
16 111 3642 904.2398
16 112 22 4.6398
16 113 3 0.5477
16 115 3 0.6132
16 116 34 7.4004
16 117 358 83.2669
16 118 2 0.3843
16 119 2812 768.4973
16 120 61 16.3970
16 121 210 45.3673
16 122 1249 298.6697
16 123 22 4.9935
16 124 163 35.8522
16 125 925 211.6679
16 126 1661 447.8069
16 127 13 3.4531
16 129 74 15.5096
16 130 3483 754.2259
16 131 4 0.9405
16 132 3 0.6925
16 133 1710 402.5476
16 134 55 11.1523
16 136 745 187.9735
16 137 16 3.7825
16 138 117 22.1299
16 139 25 5.4497
16 140 4 0.5380
16 141 1 0.1409
16 142 4679 1206.9223
16 143 1 0.1803
16 144 1 0.2098
16 146 38 7.4324
16 147 190 40.1503
16 148 5 0.9390
16 149 56 13.5192
16 150 383 86.1024
16 151 1 0.1875
16 152 577 146.3758
16 154 15 3.9665
16 155 610 158.2317
16 156 328 75.0500
16 157 1547 369.6324
16 158 8 1.8309
16 159 25 4.6676
16 160 18 3.8840
16 161 9 1.7503
16 162 109 26.0068
16 163 59 14.8872
16 164 14 2.8506
16 166 1688 421.3455
16 167 17 3.3962
16 169 109 21.3087
16 170 121 28.2574
16 171 979 288.1279
16 172 2788 680.2228
16 173 81 15.9508
16 174 34 7.4490
16 176 61 11.4572
16 177 1012 243.3248
16 178 842 199.3811
16 179 2740 642.0524
16 180 6 1.3788
16 182 2 0.4356
16 183 83 15.7044
16 184 1444 364.4969
16 185 35 7.8322
16 187 17 3.9570
16 188 11 2.0960
16 189 19 5.4713
16 190 392 88.0149
16 191 44 8.3348
16 192 1724 425.4281
16 193 43 8.6690
16 194 1 0.1973
16 195 12 2.4679
16 196 6 0.9465
16 197 1022 272.9438
16 198 115 25.6812
16 199 6 1.0548
16 200 84 17.3266
16 201 21 4.5571
16 203 490 118.6686
16 204 728 157.7521
16 205 44 8.1149
16 206 358 81.0176
16 207 3 0.6499
16 208 6 1.1615
16 209 76 14.5560
16 210 44 10.8732
16 211 4 0.8083
16 212 1269 263.6462
16 213 13 2.3996
16 214 56 13.5036
16 215 4 0.7141
16 216 466 114.9572
16 217 231 47.6045
16 218 32 6.6280
16 219 300 73.9336
16 220 27 6.1325
16 221 25 4.9198
16 223 13566 3817.5619
16 224 1 0.2353
16 225 2 0.4196
16 226 678 154.1645
16 227 2 0.3669
16 228 597 137.4336
16 229 87 17.5508
16 230 35 7.9476
16 231 3350 858.1173
16 232 152 31.8565
16 233 155 30.9176
16 234 4 0.8519
16 235 3 0.5701
16 236 7 1.5085
16 237 1193 285.5906
16 238 11 2.5497
16 239 10 3.5270
16 240 11 2.3104
16 241 37 6.5348
16 242 2277 592.1026
16 243 2269 603.4026
16 244 4 0.7039
16 245 162 42.2723
16 246 82 15.8482
16 247 2 0.3769
16 248 66 16.5891
16 249 2 0.4405
16 250 184 38.1746
16 251 54 11.0877
16 252 79 19.8147
16 253 4 0.7741
16 254 2 0.4119
16 255 41 10.2487
16 256 456 98.3787
16 257 125 24.5298
16 258 1146 287.4377
16 259 1 0.1731
16 261 53 9.7282
16 262 427 102.1940
16 263 10699 3076.6497
16 264 274 70.1397
16 265 63 15.2474
16 266 1 0.2032
16 267 62 15.9891
16 268 152 35.1522
16 269 364 82.5447
16 270 1 0.2107
16 271 45 10.0288
16 272 57 12.8659
16 273 12 2.2502
16 275 104 24.0070
16 276 8 1.9037
16 277 46 9.6800
16 278 394 95.3959
16 279 119 25.7256
16 280 2013 466.9515
16 281 66 13.0591
16 282 925 201.1619
16 283 8 2.0708
16 284 34 7.0828
16 285 1 0.2260
16 286 209 50.1433
16 287 5 0.8823
16 288 361 80.8087
16 289 34 6.4475
16 290 14 2.5361
16 291 242 52.2435
16 293 17 4.4568
16 294 34 8.0514
16 295 11 2.1291
16 296 130 31.8825
16 297 45 9.7476
16 299 38 11.4721
16 300 42 8.1557
16 301 4 0.8722
16 302 141 30.2194
16 304 121 23.5951
16 305 166 36.4830
16 306 30 6.2871
16 307 296 60.2026
16 308 18 3.8379
16 309 2569 616.4721
16 310 21 3.9184
16 311 536 138.9328
16 312 29 6.0573
16 314 4 0.8804
16 316 66 13.3552
16 317 1 0.2280
16 318 1138 269.6820
16 320 15 2.8444
16 321 79 15.0455
16 322 1 0.2393
16 323 65 15.5938
16 325 2 0.3591
16 326 1 0.1857
16 327 2 0.4209
16 328 1197 314.9382
16 329 391 94.4213
16 330 118 24.5070
16 331 32 7.2463
16 332 525 164.2173
16 333 484 114.2465
16 334 51 11.6252
16 335 692 188.9065
16 336 3101 766.8665
16 337 1235 305.6848
16 339 42 9.0202
16 340 101 20.5807
16 343 53 13.0468
16 344 89 16.7857
16 345 6 0.9934
16 346 207 42.7221
16 347 40 7.2528
16 348 5 0.8953
16 349 88 17.4364
16 350 1581 408.0015
16 352 207 51.8585
16 353 205 42.1635
16 354 1 0.1960
16 355 169 39.4291
16 356 26 5.7374
16 357 78 16.8078
16 358 10 2.1408
16 359 574 126.1245
16 360 88 18.0930
16 361 229 53.0043
16 362 411 92.6564
16 363 7 1.2975
16 364 40 8.4574
16 365 3 0.9170
16 366 185 36.6882
16 367 17 3.4984
16 368 39 9.6562
16 369 14 2.5477
16 370 937 231.0128
16 371 5528 1408.1182
16 372 1 0.1423
16 373 71 15.0312
16 374 2 0.3819
16 375 4 0.5701
16 376 2 0.3707
16 377 26 5.1698
16 378 20 4.2034
16 379 10 2.2007
16 380 8 1.5399
16 381 22 4.7556
16 382 26 5.7377
16 383 2 0.3611
17 0 268 54.5083
17 2 1523 383.6928
17 3 94 21.2388
17 4 239 52.6755
17 5 440 95.6797
17 6 1571 478.4653
17 7 2 0.4414
17 8 26 5.0985
17 9 145 27.9825
17 10 385 77.1513
17 11 101 21.3187
17 12 47 11.1758
17 13 2 0.2883
17 14 2736 781.9378
17 15 26 5.2065
17 16 833 214.2198
17 17 859 171.4049
17 18 28 5.6807
17 19 226 53.4667
17 20 399 90.1317
17 21 16 3.1987
17 22 227 46.2997
17 23 449 95.1730
17 24 3294 706.7603
17 25 1515 366.9029
17 26 24 6.0514
17 27 73 24.3911
17 28 8 1.7487
17 30 53 12.2253
17 31 148 30.2171
17 32 760 177.3855
17 33 7 1.4006
17 34 100 20.4808
17 35 20 3.9328
17 36 3084 813.6354
17 37 349 91.7648
17 38 350 81.1715
17 39 13 2.4142
17 40 43 9.6289
17 41 13 4.0175
17 42 3122 739.3716
17 43 522 114.0914
17 44 14 2.9903
17 46 156 33.7513
17 47 190 40.9885
17 48 15 3.5452
17 49 82 16.0725
17 50 41 7.9459
17 51 89 19.3398
17 53 59 12.9975
17 54 1299 337.8393
17 55 53 10.3015
17 56 24 5.5470
17 57 1535 365.3031
17 58 159 36.8491
17 59 373 89.7491
17 61 5 1.1485
17 62 23 4.7380
17 63 126 24.8197
17 64 155 34.5454
17 65 16 3.0396
17 66 111 21.8800
17 67 6285 1900.3418
17 68 175 35.6944
17 69 148 29.9488
17 70 54 12.0421
17 71 1003 236.0740
17 72 106 20.7149
17 73 158 41.1174
17 74 45 9.4265
17 76 199 40.5793
17 77 19 4.1147
17 78 200 40.5798
17 79 58 11.5196
17 80 9 1.6944
17 81 6 1.4370
17 82 167 34.7773
17 83 568 176.3453
17 84 18 3.4097
17 85 45 8.7113
17 87 125 27.6189
17 88 312 63.8234
17 89 4 0.9406
17 90 1758 438.4406
17 91 182 40.2722
17 92 15 3.2023
17 93 209 49.3908
17 94 27 5.3005
17 95 126 28.4369
17 96 20 3.7139
17 97 207 49.3486
17 98 31 6.4366
17 99 51 11.6332
17 100 1904 496.7787
17 101 579 135.5648
17 102 876 200.1641
17 103 23 4.3267
17 104 2 0.3649
17 105 56 10.8264
17 106 163 32.6047
17 107 274 58.5352
17 108 1 0.1944
17 109 175 35.5658
17 110 34 7.8219
17 111 1075 243.9665
17 112 12 2.3238
17 113 140 27.6550
17 114 7 1.9925
17 115 360 87.6023
17 116 83 19.4985
17 117 30 6.8988
17 118 1260 303.5628
17 119 19 3.7304
17 120 474 128.5297
17 121 243 53.9505
17 122 1 0.1971
17 123 1 0.1982
17 124 3888 1561.4167
17 125 5 1.3243
17 126 852 211.8901
17 127 6 1.1720
17 128 50 10.1738
17 129 14 3.1403
17 130 49 9.9957
17 131 43 9.9739
17 132 11 2.2904
17 133 3189 774.6491
17 134 1538 319.6071
17 135 1084 289.5625
17 136 27 5.5925
17 137 146 36.1364
17 138 230 46.5233
17 139 7 1.4249
17 140 171 36.5005
17 141 18 3.9632
17 142 1307 325.4025
17 143 91 19.7477
17 145 42 8.6023
17 146 152 30.6132
17 148 175 41.5190
17 149 2016 538.2607
17 150 389 109.6347
17 151 429 91.1803
17 152 42 8.1842
17 153 218 47.3242
17 154 42 7.7825
17 155 20 4.2789
17 156 197 43.7460
17 157 548 140.7429
17 158 98 21.1756
17 159 507 132.0404
17 160 58 13.5344
17 161 215 48.8984
17 162 22 4.3378
17 163 3608 971.7793
17 164 1 0.1986
17 165 27 6.4863
17 166 29 6.2668
17 167 96 28.4037
17 168 5972 1589.4927
17 169 92 23.7465
17 170 22 4.5566
17 171 346 92.2910
17 172 329 67.5100
17 173 12 2.5024
17 174 1434 362.4860
17 175 621 163.2525
17 176 4 0.8396
17 177 175 35.7946
17 178 71 12.8195
17 179 302 72.6527
17 180 78 17.3560
17 181 177 36.4232
17 182 57 13.7462
17 184 2586 586.2730
17 185 251 50.7112
17 186 2 0.4880
17 187 7 1.5238
17 188 329 66.2109
17 189 228 44.5879
17 191 15 3.1006
17 192 1 0.1949
17 193 178 39.2905
17 194 2 0.3656
17 195 367 88.9204
17 196 38 8.5688
17 197 2564 630.6935
17 199 7 1.5551
17 200 29 5.7112
17 201 103 22.3117
17 202 33 6.7675
17 203 76 16.8451
17 204 35 7.9051
17 205 28 6.6794
17 206 10 1.9771
17 207 34 6.8426
17 208 13 2.8333
17 209 2 0.5858
17 210 914 191.5733
17 211 7 1.5719
17 212 84 16.1506
17 213 788 208.8563
17 214 45 12.4061
17 215 15 3.0245
17 216 34 7.1367
17 217 262 67.8504
17 218 13 2.5237
17 219 3 0.6164
17 220 1121 305.6673
17 221 188 38.9892
17 222 310 67.3353
17 223 38 8.0012
17 224 239 54.0635
17 225 130 27.2783
17 226 194 43.8636
17 227 7 1.6153
17 228 2 0.4238
17 229 2 0.4129
17 230 4 0.8075
17 231 143 29.2997
17 232 26 5.6434
17 233 497 149.5737
17 234 77 14.7095
17 235 79 20.0555
17 236 114 23.8465
17 237 65 13.3996
17 238 5 1.0529
17 239 121 26.5564
17 240 373 82.3503
17 241 115 28.5877
17 242 13 2.9251
17 243 1199 269.4508
17 245 3504 894.5591
17 246 387 80.1329
17 247 110 23.3205
17 248 2089 533.8986
17 249 8 1.6773
17 250 3444 922.9991
17 251 424 94.9443
17 253 732 180.0571
17 254 57 11.7012
17 255 647 146.4838
17 256 1 0.1840
17 257 42 8.3576
17 259 85 18.2354
17 260 78 16.4487
17 261 1 0.1746
17 262 2451 620.6520
17 263 7 1.3337
17 264 802 230.8482
17 265 61 12.2228
17 266 198 64.7822
17 267 175 37.6173
17 268 618 125.3458
17 270 32 6.6787
17 271 1 0.2300
17 272 305 71.9914
17 273 348 69.6805
17 274 42 8.4559
17 275 166 37.2806
17 276 141 38.4091
17 277 21 4.5168
17 278 788 194.2049
17 279 2589 686.2464
17 280 22 4.5332
17 281 79 17.7929
17 282 48 9.4128
17 283 472 107.0944
17 284 114 25.7415
17 285 530 130.3021
17 286 483 122.5316
17 287 124 27.3498
17 288 174 35.7658
17 289 40 9.4727
17 290 37 8.5723
17 291 61 11.8600
17 292 186 38.4190
17 293 150 29.7280
17 294 12 2.7263
17 295 135 27.5061
17 296 15 3.6193
17 297 228 53.1902
17 298 301 85.0214
17 299 112 39.4551
17 300 315 76.0924
17 301 53 10.2612
17 302 16 3.4609
17 303 40 8.4546
17 304 1 0.2302
17 305 3062 757.9275
17 306 108 23.9769
17 307 34 6.5940
17 308 351 89.3050
17 309 725 169.0791
17 310 28 5.0187
17 311 1317 323.6126
17 312 461 122.1460
17 313 65 13.4371
17 314 6 1.2238
17 315 4 0.7170
17 316 40 8.6699
17 317 247 50.2388
17 318 674 187.4318
17 319 263 53.6361
17 320 2 0.4145
17 321 257 54.7980
17 322 23 5.3832
17 323 2955 670.2184
17 324 492 109.3479
17 325 156 32.0127
17 327 345 68.4084
17 328 13 2.3540
17 329 74 18.5268
17 330 86 17.6823
17 331 11 2.2517
17 332 682 150.3481
17 333 24 5.7982
17 334 77 14.3312
17 335 722 186.2114
17 336 940 224.8571
17 337 386 75.4537
17 338 94 21.6971
17 339 5 1.0834
17 340 1 0.1607
17 341 385 87.5981
17 342 84 16.2611
17 343 148 29.7753
17 344 168 32.4264
17 345 18 3.2927
17 346 3775 888.8907
17 347 95 18.9154
17 348 10 2.0202
17 349 53 10.6057
17 350 126 26.4340
17 351 5406 1379.2141
17 352 25 5.6333
17 353 647 147.5968
17 355 495 108.3903
17 356 355 71.0230
17 357 162 33.1361
17 358 12 2.6372
17 359 24 4.4343
17 360 6374 1582.6854
17 361 890 222.0793
17 362 79 16.3741
17 363 76 15.2565
17 364 17 2.9613
17 365 42 8.1784
17 366 48 9.7558
17 367 6 1.1717
17 368 3 0.5508
17 369 801 216.8765
17 370 45 8.5820
17 371 251 53.7862
17 372 122 24.7706
17 373 384 84.5956
17 375 334 68.8947
17 376 56 12.7889
17 377 29 7.1353
17 378 166 44.6455
17 379 224 45.3965
17 380 51 10.5167
17 381 27 5.4880
17 382 118 22.8690
17 383 112 25.6894
18 0 12 2.3555
18 1 43 8.2713
18 2 26 4.8017
18 3 1 0.2607
18 4 2 0.4264
18 5 16 3.1472
18 7 7 1.7458
18 9 138 32.3086
18 10 379 91.9761
18 11 1932 478.6134
18 12 60 14.3190
18 13 1086 261.4579
18 14 53 11.7024
18 15 219 44.4510
18 16 15 3.0434
18 17 34 6.7401
18 18 86 17.1553
18 19 139 35.1911
18 20 34 8.1741
18 21 460 113.2685
18 22 186 45.6864
18 23 37 7.7446
18 24 281 62.1665
18 25 1133 306.7043
18 26 140 28.2630
18 27 4 0.7897
18 28 90 18.1611
18 29 68 13.8438
18 30 402 94.4451
18 32 69 17.1152
18 33 615 127.8448
18 34 1463 379.4810
18 35 14 2.8142
18 36 1283 352.0226
18 37 234 48.2955
18 38 2683 772.9572
18 39 4 0.8113
18 40 12 2.6425
18 41 24 4.7217
18 42 2 0.3938
18 43 1090 272.5778
18 44 154 32.1808
18 45 2633 692.3518
18 46 100 24.6785
18 47 875 215.3552
18 48 67 13.9705
18 49 1 0.1726
18 50 19 3.8084
18 51 54 14.3867
18 52 981 233.9797
18 53 480 95.2639
18 54 35 7.3596
18 55 89 18.5964
18 56 89 18.4661
18 57 8 1.4993
18 58 86 17.2362
18 59 1 0.2066
18 60 21 4.9666
18 61 34 7.9405
18 62 18 3.3918
18 63 16 3.1122
18 64 42 9.2007
18 65 1923 503.1137
18 66 44 9.9751
18 68 12 2.8641
18 69 33 8.1714
18 70 774 165.9579
18 71 299 65.0620
18 72 710 160.1687
18 73 83 17.9718
18 74 143 32.8624
18 75 80 18.8325
18 76 3 0.6612
18 77 631 167.5610
18 78 11 2.3659
18 79 35 11.4834
18 80 12 2.2393
18 81 11 2.2374
18 82 6 1.6739
18 83 178 39.2356
18 84 566 123.5703
18 85 44 8.5784
18 86 367 86.0486
18 87 12 2.3944
18 88 195 44.8955
18 89 108 23.0836
18 90 42 8.8587
18 91 1748 356.1636
18 92 118 28.5432
18 93 9 2.0244
18 94 44 9.1004
18 95 106 24.1660
18 96 559 125.6743
18 97 3721 1073.6511
18 98 47 9.7818
18 99 22 5.0213
18 100 22 4.4000
18 101 75 16.7357
18 102 23 4.4986
18 103 29 6.0426
18 104 1483 386.1368
18 105 19 3.7533
18 106 4842 1127.7785
18 107 17 3.5217
18 108 35 7.2406
18 109 80 15.4554
18 110 13 3.4846
18 111 29 5.5732
18 112 37 7.7961
18 113 69 15.3998
18 114 1782 439.3826
18 115 78 15.0557
18 116 172 34.2510
18 117 2 0.3192
18 118 22 4.8549
18 119 1682 430.5247
18 120 1 0.2077
18 121 15 3.2881
18 122 234 54.1752
18 123 367 83.4327
18 125 120 26.4771
18 126 55 11.1761
18 127 86 22.6127
18 128 34 6.9246
18 129 47 10.6559
18 131 23 4.2726
18 132 147 33.2549
18 133 5687 1356.2897
18 134 70 13.7981
18 135 33 6.1345
18 136 2 0.4140
18 138 49 11.3930
18 139 162 31.9115
18 140 1251 289.5114
18 141 59 13.1662
18 142 1 0.2019
18 143 49 11.3228
18 144 6514 1686.2717
18 145 29 5.9890
18 146 6 0.9517
18 147 391 102.7949
18 148 84 17.3545
18 149 1 0.2056
18 150 107 21.2050
18 151 2189 739.7500
18 152 577 137.5812
18 153 167 40.8698
18 154 750 184.6506
18 155 2 0.4281
18 156 15 3.8714
18 158 1063 243.2523
18 159 2782 797.3519
18 160 19 3.7317
18 162 104 37.6462
18 163 13 2.4740
18 164 44 8.9379
18 165 5 0.9931
18 166 1343 334.4938
18 167 667 133.2811
18 168 1 0.2034
18 169 3110 734.5417
18 170 24 5.7371
18 171 506 117.4858
18 173 5316 1530.1264
18 174 12 2.2335
18 175 616 142.1824
18 176 57 18.0847
18 177 29 5.9277
18 178 32 6.4999
18 179 174 45.1720
18 180 1316 309.6364
18 181 235 70.2304
18 182 1 0.2032
18 183 265 59.9205
18 184 199 44.0471
18 185 96 19.5346
18 186 24 4.8457
18 187 314 70.1651
18 188 15 3.0113
18 189 176 34.8356
18 190 1166 327.2925
18 191 38 8.0272
18 192 7 1.3231
18 193 13 2.8930
18 194 2718 572.7852
18 195 15 2.9326
18 196 91 22.0819
18 197 2 0.5658
18 198 94 22.6429
18 199 39 8.9457
18 200 121 23.5838
18 201 813 203.9946
18 202 292 70.9525
18 203 6693 1884.3454
18 204 255 60.8814
18 205 69 15.2500
18 206 171 38.0422
18 207 988 258.1314
18 208 110 26.3878
18 209 446 95.5473
18 211 129 29.9783
18 212 5 1.1445
18 213 151 32.2016
18 214 1137 326.2442
18 215 8 1.4951
18 216 1408 373.4941
18 217 120 26.3872
18 218 219 52.3937
18 219 457 99.2407
18 220 141 29.7670
18 221 280 69.9421
18 222 68 15.5432
18 223 3 0.6861
18 224 70 15.2063
18 225 1000 247.9183
18 226 208 49.4281
18 227 43 10.9228
18 228 1 0.2033
18 229 226 55.0083
18 231 82 17.2702
18 232 266 60.4632
18 233 6 1.2827
18 234 1563 414.2917
18 235 918 258.2953
18 236 86 25.6829
18 237 76 15.2441
18 238 145 30.5589
18 239 6 1.2689
18 240 277 57.2386
18 241 106 23.7149
18 242 74 16.7838
18 243 59 12.5219
18 244 3024 804.4272
18 245 5 1.4110
18 246 1 0.2100
18 247 1 0.1680
18 248 22 4.2993
18 249 91 18.4719
18 250 291 60.5082
18 251 19 4.9577
18 252 35 7.3911
18 253 13 2.6088
18 254 1 0.2106
18 255 1156 251.0378
18 256 9 1.9936
18 257 98 19.3159
18 258 129 26.0470
18 259 36 6.9857
18 260 13 2.8954
18 261 744 173.7894
18 262 41 7.5999
18 263 450 113.9316
18 264 7 1.7787
18 265 1892 412.6676
18 266 28 8.2908
18 267 200 54.5623
18 268 1514 415.1555
18 270 28 5.3965
18 271 2 0.4033
18 272 287 66.8439
18 273 2 0.2596
18 274 262 62.3169
18 275 224 52.6031
18 276 100 21.4830
18 277 26 6.3216
18 278 13 2.7351
18 279 2976 779.2516
18 280 10 2.4544
18 281 452 109.7547
18 282 122 24.0672
18 283 820 166.8049
18 284 2027 523.0377
18 285 231 45.3558
18 286 3042 807.7994
18 287 52 12.1569
18 288 54 13.0788
18 289 137 27.0339
18 290 464 102.5860
18 291 14 2.5568
18 292 116 25.3526
18 293 188 45.9838
18 294 1 0.2334
18 295 460 111.8899
18 297 4 0.8533
18 298 218 43.4920
18 300 835 189.1018
18 301 2 0.5101
18 302 329 70.9060
18 303 8 1.5368
18 304 3427 895.1921
18 305 138 27.9354
18 306 18 3.8421
18 307 5 0.9455
18 309 22 5.0592
18 310 138 29.3746
18 311 573 163.9415
18 312 20 3.1998
18 313 144 28.9875
18 314 66 12.5399
18 315 5 0.8795
18 316 1 0.1777
18 317 679 173.7370
18 318 37 9.3332
18 319 761 181.8885
18 320 3225 793.6196
18 321 491 118.7379
18 322 95 18.8810
18 323 409 97.9463
18 324 15 3.0859
18 325 96 19.1022
18 326 3 0.6375
18 327 3 0.6163
18 328 392 105.7487
18 329 1 0.2257
18 330 8 1.5373
18 331 8 1.6950
18 332 198 50.7213
18 333 61 12.2555
18 334 48 11.1291
18 335 2607 622.5199
18 336 727 174.2282
18 337 78 17.4698
18 338 153 33.5569
18 339 19 5.1597
18 340 46 9.9223
18 341 2003 479.4794
18 342 1 0.2228
18 343 358 96.0341
18 344 26 5.1830
18 346 170 40.1264
18 348 79 17.2498
18 349 2 0.4569
18 350 3 1.7342
18 351 2 0.4409
18 352 15 3.0712
18 354 89 20.4041
18 355 292 66.7399
18 356 34 6.3437
18 357 24 5.3011
18 358 212 43.1017
18 359 109 24.7018
18 360 53 10.7533
18 361 211 50.6785
18 362 32 6.5794
18 364 143 33.3651
18 365 50 9.5669
18 366 1887 475.6689
18 367 162 40.3901
18 368 1610 383.5181
18 370 1210 264.8664
18 371 92 20.6291
18 372 10 1.9238
18 373 15 2.7985
18 374 34 6.2601
18 375 1132 234.2458
18 376 23 4.6783
18 377 17 2.9256
18 378 93 20.0133
18 379 2084 549.0385
18 380 4 1.0642
18 381 12 2.3152
18 382 43 8.8004
18 383 50 10.4700
19 0 82 16.7957
19 1 27 4.1212
19 2 688 165.9897
19 3 108 19.2022
19 4 127 21.2745
19 5 174 30.5865
19 6 1267 311.8243
19 7 96 18.6843
19 8 202 54.6219
19 9 2065 429.7186
19 10 10 1.5537
19 11 1509 398.4361
19 12 46 7.8015
19 13 77 12.0544
19 14 94 19.4061
19 15 1856 409.1899
19 16 33 7.3370
19 17 28 6.4512
19 18 39 5.7261
19 19 65 10.4748
19 20 1972 480.9169
19 21 73 16.3055
19 22 1030 304.9330
19 23 86 15.1774
19 24 75 13.6810
19 25 34 5.6127
19 26 25 4.2562
19 27 10 1.8777
19 28 596 116.4767
19 29 199 42.0944
19 30 320 74.4349
19 31 5 1.3009
19 32 494 94.5856
19 33 86 19.7878
19 34 330 76.4207
19 35 52 11.5581
19 36 18 3.1098
19 37 52 11.1090
19 38 21 3.5602
19 39 36 5.4558
19 40 98 18.4570
19 41 6 0.9614
19 42 160 30.2369
19 43 138 26.8272
19 44 1144 359.3203
19 45 460 83.2395
19 46 1072 317.1149
19 47 194 50.1916
19 48 815 198.3208
19 49 4405 1136.2738
19 50 368 61.5083
19 51 118 20.8199
19 52 123 21.5874
19 53 17 4.9716
19 54 91 19.1583
19 55 29 4.6156
19 56 56 9.9124
19 57 2 0.2708
19 58 85 26.6707
19 59 747 202.3173
19 60 14 2.1951
19 61 497 98.7063
19 62 5270 1743.4147
19 63 797 208.5787
19 64 91 18.2670
19 65 16 2.6469
19 66 241 38.8863
19 67 42 11.1384
19 68 981 306.7631
19 69 24 4.4189
19 70 43 7.4183
19 71 157 32.7790
19 72 34 5.3321
19 73 179 52.8950
19 74 2113 506.4614
19 75 60 11.3143
19 76 81 14.3983
19 77 49 9.8027
19 78 45 6.9774
19 79 117 22.2347
19 80 831 156.4119
19 81 12 2.3254
19 82 47 7.4979
19 83 214 38.7607
19 84 83 16.3490
19 85 15 2.6491
19 86 252 40.4442
19 87 1231 303.6592
19 88 675 195.3885
19 89 417 111.1873
19 90 55 9.1646
19 91 582 185.2569
19 92 713 186.2689
19 93 13 2.2016
19 94 926 200.5192
19 95 32 5.0941
19 96 45 7.4930
19 97 1 0.1271
19 98 65 16.6445
19 99 163 32.6856
19 100 120 24.1889
19 101 230 54.6209
19 102 6341 1551.7203
19 103 39 9.4184
19 104 245 65.9256
19 105 216 49.8233
19 106 580 123.5371
19 107 15 2.4779
19 108 34 6.0735
19 109 518 107.0461
19 110 421 95.7535
19 111 18 2.8456
19 112 1358 275.9101
19 113 14 3.6582
19 114 55 14.7776
19 115 4 0.5913
19 116 20 4.1368
19 117 905 230.0559
19 118 1437 315.6622
19 119 30 4.8842
19 120 31 9.3442
19 121 96 17.9644
19 122 161 32.9711
19 123 112 19.3123
19 124 55 16.9593
19 125 86 14.1234
19 126 1229 296.0866
19 127 1102 241.9966
19 128 4696 1038.1340
19 129 10 1.6497
19 130 23 4.7128
19 131 2186 568.7561
19 132 2 0.2635
19 133 2359 618.1210
19 134 25 4.4283
19 135 21 6.0267
19 136 118 28.8523
19 137 144 25.2987
19 138 882 220.3787
19 139 20 3.1180
19 140 908 266.1131
19 141 19 3.0114
19 142 19 3.2164
19 143 350 71.5209
19 144 1 0.1586
19 145 8 1.4944
19 146 18 2.5481
19 147 93 16.5223
19 148 139 24.3134
19 149 9 1.1498
19 150 1353 301.7473
19 151 408 89.3092
19 152 2080 681.4852
19 153 13 1.8699
19 154 401 75.6859
19 155 24 5.7318
19 156 679 191.5308
19 157 546 98.5747
19 158 331 65.5359
19 159 18 3.2885
19 160 39 8.0389
19 161 4 0.9336
19 162 90 15.8103
19 163 9 2.3699
19 164 15 2.2056
19 165 257 45.2351
19 166 398 75.5423
19 167 23 5.5929
19 168 60 12.6684
19 169 134 29.1705
19 170 31 4.8854
19 171 1100 302.7303
19 172 15 2.5556
19 173 8 1.2963
19 174 688 158.5931
19 175 63 10.9913
19 176 54 11.1517
19 177 96 17.7776
19 178 724 188.8342
19 179 516 130.4363
19 180 130 20.7339
19 181 56 9.6701
19 182 13 2.2364
19 183 40 7.2158
19 184 15 2.5219
19 185 24 3.9309
19 188 316 75.6848
19 189 66 13.2788
19 190 19 4.6179
19 191 29 4.5962
19 192 138 24.5714
19 193 26 4.2805
19 194 5 0.8171
19 195 2098 432.1777
19 196 106 19.5595
19 197 129 30.5346
19 198 24 4.5083
19 199 16 2.2301
19 200 822 174.6906
19 201 125 32.1108
19 202 25 4.4272
19 203 44 7.3926
19 204 117 27.4662
19 205 3 0.6453
19 206 3 0.5514
19 207 57 9.0300
19 208 151 25.0831
19 209 31 5.0896
19 210 66 16.8678
19 211 19 2.6963
19 212 393 83.4528
19 213 14 3.9502
19 214 139 31.9048
19 215 218 44.4224
19 216 192 40.4478
19 217 491 138.7968
19 218 81 21.3451
19 219 789 139.4710
19 220 1629 429.6995
19 221 2807 882.0240
19 222 124 21.6287
19 223 45 7.0569
19 224 15 2.6053
19 225 81 15.2421
19 226 87 14.3492
19 227 319 73.5698
19 228 78 18.9462
19 229 693 156.4395
19 230 20 3.6061
19 231 1 0.1152
19 232 24 7.3694
19 233 41 8.1907
19 234 825 174.5421
19 235 1043 257.3558
19 236 118 19.4383
19 237 119 22.1058
19 238 64 10.0662
19 239 1 0.1461
19 240 6 0.9777
19 241 81 13.2152
19 242 6 0.9280
19 243 55 9.1476
19 244 357 59.9318
19 245 18 2.9062
19 246 302 53.9775
19 247 1001 200.7439
19 248 109 18.9004
19 249 479 111.9445
19 250 1633 433.7876
19 251 100 18.5890
19 252 352 99.1805
19 253 167 32.2374
19 254 409 93.6403
19 255 2024 453.5508
19 256 7 0.9610
19 257 15 2.4163
19 258 18 3.2241
19 259 200 33.5195
19 260 2093 674.6638
19 261 2 0.3583
19 262 179 32.2735
19 263 44 6.4095
19 264 137 27.5177
19 265 150 28.8448
19 266 237 62.4931
19 267 11 2.8649
19 268 7 1.0362
19 269 480 90.1293
19 270 2256 613.3103
19 271 868 213.9672
19 272 85 17.5917
19 273 1579 331.0120
19 274 13 1.8710
19 275 113 22.7457
19 276 635 145.7168
19 277 77 11.5609
19 278 9 1.6193
19 279 197 46.8272
19 280 48 12.9932
19 281 369 121.7791
19 282 137 30.4821
19 283 142 46.5868
19 284 5 0.8136
19 285 20 2.9908
19 286 50 8.6967
19 287 88 14.0029
19 288 644 182.8424
19 289 933 545.4126
19 290 15 2.6187
19 291 532 113.1010
19 292 120 32.0212
19 293 613 135.8955
19 294 12 2.2297
19 295 1261 287.0176
19 296 922 260.2736
19 297 142 28.4630
19 298 109 18.4992
19 299 1413 288.7368
19 300 1809 468.8361
19 301 18 3.2740
19 302 110 17.3240
19 303 52 12.4299
19 304 114 30.1539
19 305 6684 2232.9690
19 306 2160 594.2626
19 307 626 140.6140
19 308 14 3.8921
19 309 75 16.9801
19 310 1277 316.1368
19 311 67 11.5891
19 312 606 133.0212
19 313 62 10.8849
19 314 582 119.8170
19 315 234 36.1256
19 316 103 20.3748
19 317 17 2.8165
19 318 20 3.7861
19 319 789 165.0603
19 320 49 8.7343
19 321 11 1.8101
19 322 344 101.1981
19 323 2 0.3541
19 324 496 111.4177
19 325 45 7.5799
19 326 193 33.0231
19 327 325 72.0473
19 328 364 81.1749
19 329 33 6.1309
19 330 14 4.5795
19 331 39 6.2077
19 332 34 5.1521
19 333 811 222.8719
19 334 54 8.7621
19 335 34 5.6441
19 336 320 67.9034
19 337 64 14.1091
19 338 6 1.0249
19 339 464 116.8614
19 340 93 17.7150
19 341 278 68.1152
19 342 627 110.8416
19 343 67 14.9565
19 344 172 50.4176
19 345 15 2.2540
19 346 10 1.1579
19 347 2 0.3193
19 348 89 17.2015
19 349 508 121.2190
19 350 483 92.9363
19 351 168 28.8626
19 352 16 3.0522
19 353 221 43.7573
19 354 90 13.4409
19 355 998 189.7906
19 356 31 7.4655
19 357 111 19.0059
19 358 73 11.6481
19 359 61 12.2322
19 360 65 16.9215
19 361 128 27.0561
19 362 81 13.9768
19 363 370 80.8187
19 364 57 9.4031
19 365 21 6.0096
19 366 5462 1473.6445
19 367 119 25.3949
19 368 1393 416.8205
19 369 40 10.0165
19 370 67 40.6281
19 371 40 8.2923
19 372 7 0.9081
19 373 11 1.5609
19 374 913 216.6362
19 375 27 8.8185
19 376 213 48.1625
19 377 19 3.0824
19 378 1 0.2123
19 379 239 48.0899
19 380 19 4.6822
19 381 346 82.9316
19 382 147 29.5130
19 383 3950 1001.6897
20 0 4 0.6324
20 1 1 0.2144
20 3 14 3.5783
20 4 140 40.8221
20 5 7 1.5498
20 6 421 99.0570
20 7 145 39.2517
20 8 1 0.1612
20 10 141 33.1981
20 11 70 16.3232
20 14 58 13.1027
20 15 44 10.6580
20 16 380 91.9236
20 18 111 30.0328
20 19 1334 346.9182
20 20 38 8.8437
20 21 124 28.6655
20 22 5 0.8684
20 23 18 4.4149
20 25 3 0.7229
20 26 3 0.6024
20 27 15 3.7559
20 28 48 11.6655
20 29 6 1.6708
20 30 10 2.2936
20 31 874 237.1486
20 32 865 209.9246
20 33 28 6.7184
20 35 7 1.5615
20 36 41 10.8086
20 37 2 0.5657
20 38 1 0.2680
20 39 1 0.2380
20 40 4 0.8953
20 41 53 12.4933
20 42 166 46.7919
20 43 69 15.8545
20 44 35 9.5749
20 45 7 1.2509
20 46 1 0.3360
20 47 731 175.0931
20 48 2 0.4729
20 49 256 59.8648
20 50 15 3.4170
20 51 52 10.5408
20 52 24 6.0278
20 53 13 2.9085
20 55 173 39.5140
20 56 2 0.4799
20 57 1 0.2183
20 59 4 0.7984
20 60 1 0.2354
20 61 85 23.2061
20 62 66 15.2555
20 63 6 1.4060
20 64 3 0.8214
20 65 25 5.9075
20 67 13 3.3897
20 68 4 0.9622
20 69 1 0.1757
20 70 64 15.8325
20 71 6 1.3782
20 72 158 38.6044
20 74 45 10.8030
20 75 135 30.8651
20 76 5 1.0702
20 77 1 0.2066
20 78 46 11.1739
20 79 2 0.3873
20 80 1 0.1382
20 82 5 1.3473
20 83 3 0.6074
20 85 14 5.4675
20 86 2 0.3962
20 87 4 1.2576
20 88 33 7.5731
20 89 3 0.5059
20 92 1 0.1590
20 95 4 0.7772
20 96 2 0.3204
20 97 15 4.6458
20 98 56 13.2637
20 99 21 5.0411
20 100 2 0.4696
20 101 16 3.2365
20 102 1 0.2406
20 103 81 18.8209
20 105 2 0.4593
20 107 6 1.6337
20 108 6 1.7040
20 109 1217 314.7190
20 110 32 8.4050
20 111 9 2.0061
20 112 1 0.2102
20 113 1 0.1586
20 114 5 1.1634
20 115 1 0.2390
20 116 85 21.1957
20 117 3 0.8018
20 118 145 35.2645
20 120 1 0.2323
20 121 1 0.2383
20 122 174 41.0427
20 124 16 4.3681
20 126 47 11.5295
20 128 17 3.9254
20 129 116 30.5753
20 130 9 1.9562
20 131 10 2.0963
20 132 25 7.5679
20 133 20 4.5758
20 135 35 8.0150
20 136 42 9.8061
20 138 9 2.3204
20 139 12 2.7301
20 140 2 0.4770
20 141 1 0.2293
20 142 1 0.3418
20 143 9 2.0646
20 144 5 1.1006
20 145 157 50.0471
20 146 39 8.6101
20 147 64 15.2169
20 148 10 2.6410
20 150 94 25.8842
20 152 7 1.6887
20 153 14 3.4922
20 154 7 1.3139
20 156 9 2.8486
20 158 38 8.7346
20 161 8 1.8703
20 163 1 0.2444
20 164 143 34.2599
20 165 141 33.3207
20 166 21 4.8629
20 167 35 8.1368
20 168 1 0.1709
20 169 78 23.9174
20 170 14 3.5758
20 172 4 0.8027
20 174 122 26.9520
20 175 338 78.1633
20 176 11 2.3146
20 177 8 1.8793
20 178 22 5.5001
20 180 6 1.3576
20 181 43 10.5500
20 182 69 15.8914
20 184 52 10.6755
20 185 19 5.2495
20 186 12 2.5774
20 187 31 7.3185
20 189 27 5.4757
20 190 6 1.4998
20 191 28 6.7160
20 192 32 8.7641
20 193 1 0.1887
20 194 17 3.7840
20 196 113 24.5714
20 197 6 1.3052
20 198 1 0.1279
20 199 5 1.0172
20 201 24 5.7404
20 202 6 1.2950
20 204 49 11.1304
20 205 18 4.2434
20 206 1 0.2072
20 208 166 41.2346
20 210 176 42.7241
20 211 78 18.3362
20 212 9 2.1110
20 213 44 13.2655
20 214 11 2.9717
20 215 15 3.9756
20 216 8 2.0604
20 217 11 4.1158
20 218 3 0.6756
20 219 9 2.0266
20 220 5 1.1142
20 222 1 0.2233
20 223 33 7.8145
20 224 1 0.3350
20 225 472 115.7263
20 227 34 7.0071
20 228 1 0.2373
20 229 15 3.3988
20 230 10 2.7106
20 231 20 4.5447
20 232 40 9.4047
20 233 11 2.5146
20 234 1 0.2233
20 235 3 0.5054
20 236 2 0.4247
20 237 23 5.2869
20 238 7 1.7745
20 239 8 1.8426
20 240 15 3.5455
20 241 1 0.2890
20 242 14 2.6091
20 244 138 46.0414
20 245 140 32.1956
20 246 2 0.4380
20 247 4 0.8380
20 248 64 18.2999
20 249 31 7.0428
20 250 71 16.2322
20 251 22 5.0928
20 252 1 0.2063
20 253 4 0.9822
20 254 111 25.1706
20 255 66 18.2046
20 256 1 0.1896
20 257 18 4.8530
20 258 22 4.7610
20 259 40 9.3323
20 260 2 0.4377
20 261 72 19.7964
20 262 2 0.4688
20 263 20 4.5682
20 264 119 27.2026
20 265 3 0.6354
20 266 6 1.3018
20 267 32 9.9728
20 268 4 0.9014
20 269 8 1.8884
20 270 1 0.1926
20 271 2 0.5004
20 272 15 3.4391
20 273 24 5.5236
20 274 161 44.4568
20 275 53 13.6953
20 276 7 1.3062
20 278 27 8.3682
20 279 337 76.4011
20 280 6 1.2721
20 282 291 91.1375
20 283 51 12.0754
20 284 5 1.0293
20 285 15 3.4445
20 286 25 6.1720
20 287 12 2.7962
20 288 18 3.3687
20 289 4 0.9079
20 290 15 3.2742
20 291 1 0.1619
20 292 154 42.8285
20 294 4 0.9456
20 295 9 3.0103
20 296 350 94.9004
20 297 13 2.7756
20 299 24 5.7155
20 301 1 0.1584
20 302 15 3.2359
20 303 1 0.2273
20 304 25 6.2538
20 305 438 98.6369
20 306 6 1.3334
20 307 857 205.8974
20 308 1 0.2112
20 309 69 24.5516
20 311 1 0.2195
20 312 15 3.3480
20 313 9 2.4852
20 314 110 33.3831
20 315 36 8.2870
20 317 134 38.3562
20 318 520 121.3372
20 319 7 1.6221
20 320 100 20.3302
20 321 5 1.0202
20 322 12 3.3185
20 323 1 0.2415
20 324 18 3.5461
20 325 9 1.8952
20 326 38 11.0080
20 327 20 4.1127
20 328 19 5.1821
20 329 108 26.2924
20 330 1 0.2563
20 331 29 6.8801
20 332 462 110.5784
20 333 22 6.5089
20 334 21 5.0220
20 335 8 1.5915
20 336 33 10.4711
20 337 87 22.2544
20 338 82 18.7631
20 339 15 4.0209
20 340 45 13.7017
20 341 5 1.0302
20 342 17 4.0037
20 343 331 81.9749
20 344 5 1.2034
20 345 54 14.3742
20 347 63 15.0631
20 349 10 2.1135
20 350 12 2.6135
20 351 1909 468.5659
20 352 688 180.8556
20 353 15 3.5795
20 355 2 0.8281
20 357 5 1.0244
20 359 64 16.8746
20 360 56 16.0122
20 361 1 0.1595
20 362 7 1.6925
20 363 12 3.6093
20 364 6 1.4469
20 367 5 1.1313
20 368 39 9.3969
20 370 136 42.2647
20 371 20 4.8617
20 372 25 5.5520
20 374 7 1.5860
20 375 3 0.6525
20 376 12 3.0485
20 378 1 0.2639
20 379 14 3.2739
20 380 6 1.4861
20 381 5 1.0833
20 383 100 20.9545
21 0 97 22.1809
21 1 31 6.9456
21 2 3 0.8772
21 3 39 8.9294
21 5 56 11.8104
21 6 59 13.9548
21 7 1 0.1385
21 8 473 111.0385
21 9 154 36.0520
21 10 2 0.5061
21 11 12 2.7573
21 12 76 17.5195
21 13 6 1.6525
21 14 4 1.2225
21 15 83 24.9570
21 16 7 1.5592
21 18 8 1.6898
21 19 3 0.7147
21 20 1 0.2372
21 21 15 3.8472
21 22 12 2.6574
21 23 5 0.8602
21 24 1 0.2583
21 26 4 0.9412
21 27 3 0.7374
21 29 1 0.2098
21 30 179 44.7852
21 31 777 185.7876
21 33 3 0.6471
21 34 32 7.2782
21 35 1 0.2474
21 36 9 2.0804
21 37 91 20.4321
21 39 30 6.6575
21 40 1 0.2378
21 41 6 1.8670
21 42 47 12.6972
21 43 3 0.6359
21 44 70 16.1993
21 45 3 0.5417
21 46 20 5.0137
21 47 13 3.5166
21 48 8 1.8263
21 49 5 1.1115
21 50 15 4.0563
21 51 110 29.8618
21 52 5 1.1167
21 54 132 37.4356
21 55 2 0.6241
21 56 3 0.6234
21 57 7 1.6746
21 58 76 22.4176
21 59 206 48.0581
21 60 10 2.6899
21 61 91 24.9871
21 63 19 4.4546
21 64 4 0.9402
21 66 30 6.4932
21 67 45 10.4483
21 68 4 0.9307
21 69 7 1.5775
21 70 86 22.0072
21 72 828 201.1261
21 73 6 1.2066
21 77 8 1.7563
21 78 5 1.1187
21 79 15 3.4474
21 80 3 0.6403
21 81 50 11.2042
21 82 112 24.5065
21 83 1 0.1789
21 84 19 4.5690
21 88 13 3.3145
21 89 415 105.1088
21 90 1 0.1961
21 92 1 0.2377
21 93 14 3.2600
21 95 16 3.7743
21 96 3 0.6304
21 97 7 2.0673
21 98 3 0.6761
21 99 3 0.7196
21 100 529 183.3361
21 101 8 2.0239
21 102 15 5.3617
21 103 8 2.2948
21 104 1 0.5343
21 105 18 3.5206
21 106 37 8.9589
21 107 1 0.1930
21 108 26 6.7964
21 109 22 5.0831
21 110 8 1.8702
21 111 9 1.9207
21 112 52 14.5974
21 113 1 0.1680
21 114 5 1.1169
21 115 12 3.2501
21 116 65 21.6350
21 117 5 1.1072
21 118 16 3.3463
21 120 16 3.7045
21 121 53 12.0842
21 122 20 4.3121
21 124 11 3.8771
21 125 2 0.6109
21 126 6 1.3286
21 127 7 1.5451
21 128 1 0.1884
21 129 19 4.1076
21 130 41 11.2668
21 131 129 32.3945
21 132 5 1.1978
21 134 104 25.4563
21 135 77 21.4309
21 136 44 10.4776
21 137 883 205.9999
21 138 232 55.3973
21 139 226 51.7579
21 140 9 2.0168
21 141 5 1.3057
21 142 14 3.3040
21 143 527 123.4893
21 145 12 2.6528
21 146 53 12.9367
21 147 23 4.9721
21 148 1 0.2166
21 150 4 0.8426
21 151 157 40.7642
21 152 4 0.8819
21 154 1 0.1809
21 155 9 2.9119
21 156 7 1.5502
21 157 153 35.2786
21 158 102 26.1842
21 159 23 5.3061
21 160 81 22.3991
21 161 22 5.0961
21 162 16 3.6566
21 163 42 13.0166
21 164 32 9.3742
21 165 58 16.9873
21 166 5 1.0930
21 167 6 1.2453
21 168 111 27.9540
21 170 5 0.9131
21 171 66 13.6911
21 173 27 6.2733
21 175 1 0.2017
21 176 17 4.7384
21 178 1 0.1989
21 179 23 5.3343
21 180 2 0.4144
21 181 789 187.5186
21 182 2 0.3504
21 183 13 2.9232
21 184 42 10.7557
21 186 22 5.5249
21 187 17 4.0565
21 188 84 24.0282
21 190 5 1.1671
21 191 66 16.5486
21 192 25 6.5195
21 193 18 4.7554
21 194 9 1.9255
21 195 9 2.2922
21 196 19 4.5605
21 197 8 1.8310
21 200 10 2.9507
21 201 48 10.8184
21 202 385 90.5799
21 203 14 2.7974
21 204 3 0.6939
21 205 98 21.8532
21 206 27 6.7843
21 208 65 14.6721
21 210 1066 269.9501
21 211 2 0.4599
21 214 13 2.9695
21 215 30 8.8008
21 219 20 4.6381
21 220 14 2.8273
21 221 1 0.2008
21 224 155 36.3911
21 225 455 107.0316
21 226 60 15.8906
21 227 212 49.5470
21 228 8 1.7714
21 229 4 0.8820
21 231 1 0.1784
21 232 37 8.1812
21 234 13 3.1495
21 235 27 6.2882
21 236 8 2.3983
21 237 4 0.9014
21 239 24 6.4205
21 240 24 5.4295
21 245 1 0.2101
21 246 5 1.1451
21 247 5 1.0779
21 248 15 3.5555
21 249 3 0.5622
21 250 7 2.3214
21 251 1184 290.6911
21 252 2 0.3736
21 254 4 0.8195
21 255 9 1.9852
21 256 1 0.1391
21 257 628 165.4365
21 258 15 4.1272
21 260 4 1.0552
21 261 7 1.4468
21 263 3 0.8631
21 264 16 3.7088
21 267 1 0.2234
21 268 2 0.4416
21 269 43 12.2803
21 270 20 4.8124
21 271 1 0.1705
21 272 69 15.5615
21 274 9 1.8354
21 276 33 7.0652
21 278 13 3.0259
21 280 18 4.3862
21 281 39 8.9380
21 282 1315 317.8156
21 283 3 0.5250
21 285 67 16.7230
21 286 11 2.4598
21 287 14 3.2164
21 290 13 2.8703
21 291 8 1.7419
21 292 23 5.2485
21 293 1 0.2231
21 296 32 7.4174
21 299 17 4.5490
21 300 6 1.2906
21 301 14 3.0076
21 305 21 4.5642
21 306 1 0.1700
21 308 21 4.3268
21 309 22 4.9106
21 310 16 3.4496
21 311 41 9.3391
21 312 1 0.3253
21 313 2 0.3478
21 315 41 14.2656
21 316 1 0.2285
21 317 182 52.5816
21 318 13 4.8401
21 319 47 11.7108
21 321 1 0.1962
21 322 10 2.3201
21 324 96 25.2799
21 325 4 0.7805
21 327 1407 407.4695
21 329 95 24.4009
21 330 12 2.6616
21 333 4 0.8354
21 334 1 0.2253
21 335 11 2.7747
21 336 9 2.6308
21 337 15 3.7038
21 338 73 17.3499
21 340 1 0.1523
21 341 15 3.6701
21 342 3 0.6302
21 343 6 1.9307
21 344 8 1.7651
21 346 44 9.9252
21 347 8 1.6917
21 349 39 9.8659
21 350 10 4.5871
21 351 90 21.5814
21 352 3 0.6378
21 353 3 0.7719
21 354 1 0.2462
21 356 6 1.2415
21 357 34 8.4204
21 358 32 7.4728
21 359 2 0.3932
21 360 1 0.2325
21 361 8 1.6081
21 363 7 1.6724
21 364 6 1.5293
21 365 8 3.1424
21 367 206 45.7702
21 368 182 41.5021
21 369 494 116.5742
21 370 1 0.2112
21 371 2 0.3358
21 373 1044 259.0821
21 374 34 8.0255
21 375 139 35.0212
21 377 10 2.2591
21 378 41 9.4043
21 379 33 7.6604
21 380 103 21.8063
21 381 56 21.1003
21 382 11 2.5826
21 383 5 0.9952
22 0 1 0.2584
22 1 7 1.9088
22 2 717 167.6426
22 3 6 1.3558
22 4 6 1.4161
22 5 18 3.9587
22 6 338 77.9831
22 7 16 3.8537
22 8 6 1.2007
22 9 72 22.5739
22 10 31 6.4678
22 12 19 4.5727
22 13 2 0.3516
22 14 1 0.2116
22 16 2 0.4398
22 17 1 0.2156
22 18 8 1.9212
22 19 10 2.7413
22 21 76 16.6541
22 22 74 17.3648
22 26 7 1.6190
22 27 11 2.3924
22 28 19 4.2581
22 29 11 2.3302
22 32 2 0.7145
22 33 19 4.0297
22 34 9 2.3042
22 35 2 0.4423
22 36 10 2.2531
22 39 61 13.8029
22 40 8 1.7384
22 41 1 0.1584
22 42 60 11.9125
22 43 1 0.2219
22 44 307 76.8320
22 45 1 0.2353
22 48 4 1.0725
22 50 56 13.6315
22 51 2 0.4686
22 52 319 82.2518
22 53 3 0.7044
22 54 9 2.0854
22 55 2 0.4260
22 56 112 32.4534
22 57 30 7.0914
22 58 1 0.5523
22 59 1 0.1846
22 60 5 1.4505
22 62 84 19.9035
22 63 1 0.1351
22 67 8 1.6594
22 68 530 124.0599
22 69 948 208.0601
22 70 5 1.1050
22 72 160 39.0439
22 73 7 2.0487
22 74 22 4.6693
22 76 2 0.4537
22 77 9 1.8911
22 78 42 9.7644
22 79 4 0.9925
22 81 21 4.6387
22 82 8 1.9024
22 83 1 0.1935
22 84 92 27.5465
22 85 20 6.4571
22 86 11 2.4239
22 87 80 21.8948
22 90 1 0.2288
22 91 3 0.7345
22 93 27 5.3948
22 95 22 4.6390
22 96 1 0.2515
22 97 7 1.9588
22 99 97 22.2479
22 100 30 6.8696
22 101 65 14.7134
22 104 2 0.6300
22 107 436 107.4600
22 108 1 0.1837
22 109 10 2.1862
22 110 20 5.0981
22 112 3 0.6459
22 113 58 10.6215
22 114 4 0.8099
22 115 36 9.6983
22 116 4 0.8867
22 117 6 1.1523
22 118 1539 468.5512
22 120 5 0.8492
22 121 226 54.8634
22 123 1 0.2942
22 125 45 13.7501
22 126 16 3.9732
22 127 2 0.4191
22 128 31 10.9195
22 130 15 3.8993
22 131 56 12.4734
22 132 54 11.8129
22 133 89 20.5253
22 135 2 0.3780
22 136 3 0.6613
22 137 6 1.3079
22 138 3 0.6364
22 139 85 18.7337
22 140 506 108.0745
22 142 1 0.2117
22 143 5 1.1033
22 144 57 12.8885
22 145 6 1.9882
22 147 27 5.8687
22 148 13 2.9215
22 150 150 33.7790
22 151 54 12.1230
22 152 4 0.9305
22 153 7 1.4923
22 154 200 45.3847
22 155 82 19.2888
22 156 2 0.4476
22 157 9 1.9776
22 158 245 63.2243
22 159 346 78.8214
22 160 2 0.4524
22 162 7 1.6423
22 163 15 2.9180
22 166 13 2.8780
22 167 2 0.4955
22 168 25 6.0219
22 169 12 2.6559
22 171 9 2.2252
22 172 3 0.7258
22 173 7 1.9166
22 174 98 23.1984
22 175 2 0.4329
22 176 6 1.7796
22 177 31 7.4539
22 178 351 78.2934
22 179 121 28.3891
22 180 3 0.9651
22 181 5 1.1351
22 182 275 62.3566
22 184 194 73.4121
22 185 138 33.2593
22 186 10 2.3584
22 189 5 1.0346
22 191 1 0.2399
22 192 6 1.8493
22 193 121 27.0394
22 194 17 3.5475
22 195 12 2.7161
22 196 1 0.2378
22 198 2 0.3596
22 199 16 4.7669
22 200 11 2.6659
22 202 31 6.7748
22 203 5 1.0485
22 204 8 1.7863
22 205 28 6.4120
22 206 15 4.3220
22 207 8 2.4213
22 208 80 16.0089
22 209 3 0.7212
22 210 10 2.2374
22 211 56 12.4530
22 212 74 16.5221
22 213 36 7.4823
22 214 94 20.2633
22 215 34 7.3678
22 217 1 0.1462
22 218 20 4.7188
22 219 115 27.5575
22 220 3 0.6259
22 221 491 116.6536
22 224 1 0.1424
22 225 32 8.3044
22 227 1 0.2204
22 228 149 33.1448
22 229 10 2.1131
22 230 40 9.7917
22 231 1 0.1537
22 232 1 0.1997
22 233 78 22.3066
22 234 301 68.9987
22 235 71 16.6558
22 236 27 7.8336
22 237 1 0.2050
22 238 306 64.6827
22 239 22 5.4949
22 240 23 4.6913
22 241 1 0.3071
22 242 2 0.8412
22 243 2 0.3990
22 244 25 5.6994
22 245 16 3.5799
22 246 14 3.2742
22 248 14 2.9249
22 249 1 0.3135
22 250 11 3.2090
22 253 18 5.8041
22 255 1 0.1606
22 257 7 1.5370
22 258 18 3.8920
22 259 33 7.3320
22 260 11 2.4879
22 261 40 9.1172
22 263 17 3.8131
22 264 16 4.3386
22 265 15 3.2621
22 266 3 0.7154
22 268 21 4.4602
22 269 9 1.9236
22 271 43 9.9018
22 274 19 4.2377
22 275 202 40.7292
22 277 476 131.3855
22 278 50 11.5289
22 279 19 4.6000
22 280 18 5.2010
22 281 39 8.9107
22 284 6 1.3872
22 286 112 27.1574
22 287 28 6.4188
22 288 1 0.2092
22 289 30 6.6516
22 290 19 4.1400
22 292 12 2.6954
22 293 347 75.6692
22 294 50 11.1882
22 295 13 3.4158
22 296 61 13.4776
22 297 3 0.6960
22 298 18 3.5632
22 299 2 0.5029
22 300 15 4.7084
22 301 3 0.8074
22 302 196 54.9400
22 303 13 3.0942
22 304 18 4.1345
22 306 1 0.1940
22 307 1 0.2251
22 308 25 5.8139
22 309 3 0.7633
22 311 9 1.7968
22 312 19 4.1299
22 313 64 15.4157
22 316 8 1.8490
22 317 32 8.5669
22 318 12 3.2676
22 319 7 1.9157
22 320 64 14.7075
22 321 30 6.5052
22 322 21 4.7792
22 323 3 0.4520
22 324 19 4.3116
22 326 181 39.2131
22 327 21 4.8152
22 328 31 7.2618
22 330 49 11.0350
22 331 1 0.2554
22 333 3 0.7208
22 334 46 13.2267
22 335 696 187.7915
22 336 3 0.6142
22 337 214 50.5931
22 338 20 4.4562
22 339 6 0.7643
22 340 6 1.6492
22 341 38 8.3145
22 342 6 1.2129
22 344 12 2.6641
22 345 24 5.0742
22 346 15 3.2406
22 347 252 58.0565
22 348 10 2.2766
22 349 16 3.3471
22 350 29 7.3419
22 351 104 23.2376
22 352 2 0.3307
22 353 7 1.5382
22 354 15 3.8096
22 355 2 0.5974
22 356 12 2.8103
22 357 7 1.5602
22 358 39 8.7377
22 359 27 6.0650
22 360 1 0.2269
22 362 7 1.7951
22 363 86 18.9183
22 364 26 6.6673
22 365 11 2.6064
22 366 3 0.7168
22 367 7 2.1324
22 368 40 8.8389
22 369 4 0.8513
22 370 15 2.6376
22 371 65 15.7420
22 372 2 0.4714
22 373 2325 687.2567
22 374 33 7.6626
22 376 207 48.6074
22 377 55 12.3653
22 378 108 28.1823
22 379 7 1.5556
22 380 186 46.1741
22 381 121 39.0491
22 382 3 0.6714
22 383 287 68.2417
23 0 17 3.8068
23 1 75 15.7327
23 3 1 0.2415
23 4 102 22.5050
23 5 8 2.1898
23 6 35 11.3738
23 7 1 0.2406
23 8 6 1.2649
23 9 18 3.7422
23 10 9 2.2031
23 11 10 2.3617
23 12 1 0.2064
23 13 5 1.0823
23 14 1 0.1694
23 15 3 0.4780
23 16 8 1.7522
23 17 178 41.0853
23 18 4 0.9239
23 19 52 10.7357
23 20 79 17.5386
23 21 3 0.6356
23 24 5 1.4350
23 25 178 35.8296
23 26 238 51.0771
23 27 29 8.6405
23 28 1 0.1561
23 29 301 68.6651
23 30 2 0.8150
23 32 6 1.2658
23 33 3 0.6127
23 34 1 0.2741
23 35 18 3.2733
23 37 42 8.6749
23 38 14 2.5442
23 40 117 44.1746
23 41 23 5.2988
23 42 2 0.3619
23 43 33 7.2899
23 44 68 24.3756
23 45 12 3.7027
23 46 23 5.1624
23 47 30 6.0944
23 48 83 23.7305
23 49 3 0.8132
23 50 83 16.8120
23 51 79 16.4597
23 52 10 3.0772
23 53 2 0.3478
23 54 9 2.0480
23 55 14 3.4423
23 56 2 0.5973
23 57 40 11.9179
23 59 2 0.4017
23 61 14 2.9488
23 62 8 2.6489
23 63 2 0.3370
23 64 43 9.9702
23 65 3 0.5369
23 66 15 4.3481
23 67 25 6.2674
23 68 13 3.1250
23 69 7 1.4207
23 70 1 0.2452
23 71 22 4.7322
23 72 30 6.8428
23 73 32 6.8089
23 74 7 1.4430
23 76 60 13.7723
23 77 1 0.2112
23 78 1 0.2866
23 79 8 2.5070
23 80 3 0.6350
23 81 4 0.8153
23 82 48 11.3498
23 84 46 9.6459
23 85 6 1.2618
23 86 3 0.8805
23 87 4 1.4402
23 88 18 6.5222
23 89 1 0.3732
23 90 70 15.1171
23 91 525 106.4174
23 92 57 12.9071
23 93 10 2.0619
23 94 12 2.7842
23 95 73 23.1466
23 96 15 3.3488
23 97 1504 358.4462
23 98 10 1.9729
23 99 6 1.3003
23 100 35 8.3133
23 101 16 3.4164
23 102 5 0.9266
23 103 22 5.4723
23 104 3 0.6174
23 105 2 0.4764
23 106 164 34.5224
23 107 6 1.1894
23 108 49 10.3836
23 109 9 2.5550
23 110 33 10.2658
23 111 1 0.3319
23 112 5 1.1923
23 113 59 16.2498
23 115 7 2.2730
23 116 12 2.3796
23 118 47 10.0523
23 119 7 1.6160
23 120 104 21.0572
23 121 2 0.5390
23 122 13 2.4573
23 123 2 0.3773
23 125 12 3.5073
23 126 23 5.3998
23 127 11 2.5857
23 128 250 55.6152
23 129 16 5.3693
23 130 21 4.5815
23 131 43 12.0788
23 132 1 0.3958
23 133 36 7.0168
23 134 24 6.3449
23 135 21 5.1153
23 136 1 0.2179
23 137 52 11.3836
23 139 13 5.2875
23 141 13 2.7035
23 142 32 7.1846
23 143 17 4.5740
23 144 11 2.5469
23 145 6 1.6774
23 146 5 1.3471
23 147 57 12.3683
23 148 6 2.3717
23 149 21 4.9880
23 150 11 2.2787
23 151 25 7.2570
23 152 273 82.9932
23 153 3 0.5746
23 154 61 18.0209
23 155 58 15.7437
23 156 3 1.1296
23 157 10 3.0500
23 160 138 30.5572
23 161 1 0.2202
23 162 14 3.2613
23 163 30 7.3575
23 164 46 12.0160
23 165 11 2.7659
23 166 9 2.6596
23 167 34 9.8117
23 168 22 4.8847
23 169 11 2.2326
23 170 3 0.6433
23 171 74 15.9576
23 172 5 1.4978
23 173 3 0.7625
23 174 28 6.3064
23 175 16 3.5662
23 176 8 1.7692
23 177 3 0.5397
23 178 1 0.4787
23 179 1 0.3506
23 180 47 9.8489
23 181 3 0.5789
23 182 15 3.4011
23 183 5 0.9650
23 185 1 0.2275
23 186 3 0.8551
23 187 41 8.7959
23 188 1 0.2281
23 189 26 7.2319
23 191 47 13.2394
23 192 3 1.0227
23 195 8 1.6848
23 196 60 38.0005
23 197 19 4.2018
23 199 21 5.6978
23 200 1 0.2129
23 201 2 0.3578
23 202 2 0.4473
23 205 2362 660.5221
23 206 16 3.5035
23 207 35 8.1353
23 208 12 3.0417
23 209 45 9.2271
23 210 70 15.0033
23 211 4 0.9484
23 212 2 0.3209
23 213 3 0.9717
23 214 12 2.9676
23 215 11 2.5269
23 216 3 0.5916
23 217 8 1.6460
23 218 12 2.7027
23 219 996 244.0271
23 220 28 5.6856
23 221 11 2.2965
23 222 34 10.6711
23 223 6 1.1555
23 224 947 212.9512
23 225 12 3.2113
23 226 34 7.3235
23 227 2 0.4548
23 228 3 0.7060
23 231 6 1.4564
23 234 1 0.2128
23 235 28 4.9846
23 236 9 1.8274
23 237 2 0.3885
23 239 4 0.6907
23 240 3 0.6926
23 242 40 10.8277
23 243 75 16.7849
23 245 102 22.0104
23 247 24 5.2564
23 249 8 1.4741
23 251 15 3.2724
23 254 3 0.5590
23 255 115 25.4217
23 256 59 11.9414
23 257 148 32.0778
23 258 11 2.8420
23 259 35 6.6400
23 260 12 2.8259
23 263 8 1.6871
23 264 8 1.9841
23 265 20 4.1233
23 266 26 5.6055
23 267 1 0.2811
23 268 46 9.5748
23 269 11 2.4112
23 270 7 1.2908
23 271 931 216.3372
23 273 99 22.8191
23 274 35 7.5539
23 275 20 4.0392
23 276 14 2.8711
23 277 233 56.6540
23 278 1 0.2524
23 279 13 5.1681
23 280 1 0.1410
23 281 1 0.4601
23 282 31 6.6234
23 283 179 41.4789
23 284 32 8.2023
23 285 31 7.3889
23 286 4 1.1272
23 287 4 0.9517
23 288 4 0.8436
23 290 5 1.3149
23 291 10 2.7858
23 292 159 43.6532
23 293 3 0.8692
23 294 17 4.7867
23 296 6 1.5606
23 297 3 0.5999
23 298 23 7.3911
23 299 15 3.2155
23 300 24 6.4518
23 301 11 3.3008
23 302 20 4.2672
23 304 2 0.4515
23 305 35 12.6842
23 306 196 40.6048
23 308 5 0.9238
23 309 3 0.6006
23 310 3 0.5060
23 311 1 0.2248
23 313 17 6.3122
23 315 39 8.4792
23 316 24 8.1040
23 317 85 17.6368
23 318 13 2.9154
23 319 1 0.2052
23 320 320 65.3818
23 322 47 14.0551
23 324 39 9.1694
23 325 21 4.2222
23 326 13 2.5598
23 327 9 1.6954
23 328 5 1.2623
23 329 18 4.2156
23 330 1 0.2176
23 331 51 11.0041
23 332 86 18.6948
23 333 3 0.6390
23 334 31 7.2031
23 335 48 9.0257
23 336 7 1.3324
23 338 5 1.2323
23 339 4 1.2664
23 340 2 0.4215
23 341 1 0.1084
23 344 41 7.2682
23 345 47 10.5587
23 346 17 3.7528
23 347 66 14.3687
23 348 35 7.6686
23 349 52 10.9282
23 351 55 10.3790
23 352 2 0.4055
23 353 3 0.6516
23 354 27 5.4425
23 355 3 0.5465
23 356 167 39.3219
23 357 4 0.8161
23 358 2718 752.9115
23 360 7 1.3201
23 361 42 10.9963
23 362 9 1.9316
23 363 1 0.2169
23 364 19 4.3884
23 365 6 2.2699
23 366 211 43.4321
23 367 116 24.4235
23 368 9 2.6691
23 370 23 6.2930
23 372 372 159.7441
23 374 28 5.8906
23 375 10 2.1472
23 376 1 0.1089
23 377 36 8.2026
23 378 2 0.5438
23 381 5 0.9672
23 382 109 23.1701
23 383 18 3.8828
24 0 10 2.1706
24 2 213 47.5708
24 3 207 47.5177
24 4 1 0.3004
24 5 52 11.2221
24 6 4 0.9393
24 7 48 10.5610
24 8 6 1.2875
24 9 1 0.1663
24 10 979 239.4343
24 11 7 1.3404
24 12 3 0.5229
24 13 10 2.3881
24 14 13 3.2240
24 15 603 143.3067
24 16 76 18.1493
24 19 48 10.1945
24 20 54 22.0480
24 22 90 19.7742
24 23 1 0.2212
24 24 18 4.2000
24 25 1 0.1818
24 26 1 0.2265
24 27 48 10.9740
24 28 1 0.2523
24 30 1 0.2404
24 32 135 31.5332
24 33 88 20.8892
24 34 4 0.8146
24 35 42 9.9290
24 36 10 3.2684
24 37 100 22.3157
24 38 2 0.4843
24 39 45 10.6279
24 41 649 180.1975
24 42 59 14.0871
24 43 327 78.0201
24 45 30 7.4046
24 46 16 3.7322
24 47 264 78.7715
24 48 49 10.5445
24 50 2 0.4609
24 51 7 1.6165
24 52 22 5.0139
24 53 4 0.7523
24 54 23 5.2692
24 55 1 0.1736
24 57 530 135.0923
24 58 11 2.6327
24 60 24 6.5274
24 61 24 5.4883
24 62 20 4.5507
24 63 56 13.8832
24 64 15 3.3657
24 66 15 3.8749
24 67 1 0.2293
24 70 1 0.2051
24 71 1 0.1354
24 72 34 6.6713
24 73 4 0.9994
24 76 5 1.0853
24 78 5 1.0390
24 79 5 1.2315
24 80 2 0.4675
24 81 1 0.1731
24 82 1 0.2172
24 83 10 2.2056
24 84 35 8.2108
24 86 22 4.7940
24 87 47 12.4104
24 88 18 5.6741
24 89 2 0.4354
24 90 2 0.4150
24 91 31 7.0505
24 92 8 1.8119
24 93 20 4.2237
24 96 81 17.2700
24 97 9 2.4306
24 98 6 1.4169
24 99 2 0.4184
24 100 93 20.8954
24 101 10 3.0443
24 103 5 1.0627
24 104 57 13.0448
24 105 39 9.7947
24 106 345 82.0951
24 107 24 4.8111
24 108 46 11.3048
24 109 12 2.8091
24 112 59 13.0100
24 113 7 1.5872
24 114 1 0.1828
24 115 12 2.6112
24 117 23 5.3582
24 118 6 1.4346
24 119 33 7.9018
24 120 3 0.6469
24 121 10 2.0480
24 122 44 15.0794
24 123 3 0.6667
24 124 59 14.0769
24 125 2 0.4491
24 126 2 0.3317
24 127 56 12.5676
24 130 16 4.0141
24 133 41 9.7066
24 134 51 12.0211
24 135 110 25.4067
24 136 11 2.3489
24 138 9 2.1898
24 139 480 129.0072
24 141 39 8.8433
24 143 5 1.2405
24 145 4 1.0301
24 146 627 170.2918
24 147 405 99.4404
24 148 4 0.8777
24 152 14 3.3307
24 153 4 0.9324
24 154 37 8.4341
24 155 71 16.2968
24 157 18 4.5403
24 158 161 34.8588
24 159 1 0.2246
24 160 1 0.3120
24 161 99 22.6595
24 162 3 0.6406
24 163 11 2.3879
24 164 4 1.0234
24 165 10 2.6327
24 166 12 2.7636
24 167 33 7.9349
24 168 3 0.7246
24 169 1 0.2184
24 171 3 0.6895
24 173 58 13.7481
24 175 79 18.9158
24 177 5 1.2356
24 178 9 2.1264
24 181 7 2.1534
24 182 4 0.8983
24 183 63 22.6334
24 184 13 2.9414
24 185 23 6.5039
24 186 3 0.6445
24 188 1 0.2501
24 189 82 18.5593
24 190 13 3.1295
24 191 14 3.2531
24 192 136 31.5094
24 193 38 9.2021
24 194 2 0.4360
24 195 4 0.8089
24 196 5 1.5013
24 197 18 4.2690
24 198 32 7.1793
24 199 83 19.2027
24 202 4 1.0099
24 203 7 1.4860
24 204 181 47.7587
24 205 1 0.1469
24 206 2 0.4576
24 208 127 30.6050
24 209 30 7.2343
24 211 6 1.4606
24 212 60 14.2513
24 213 108 25.1747
24 214 9 2.0912
24 215 16 3.6587
24 216 16 3.4122
24 218 13 3.1339
24 219 331 76.6075
24 221 1 0.2173
24 222 27 6.0901
24 223 815 241.8262
24 224 40 9.4865
24 225 808 195.3048
24 227 14 2.8896
24 228 1 0.2453
24 229 1 0.2405
24 230 3 0.6923
24 231 16 3.4564
24 232 402 93.3611
24 233 27 7.7356
24 234 7 1.4332
24 235 1 0.2405
24 236 11 2.4767
24 237 211 43.8685
24 238 26 6.1907
24 240 7 1.5612
24 241 9 2.1607
24 242 2 0.4636
24 244 66 20.3378
24 245 2 0.4606
24 246 155 36.6266
24 247 14 3.1019
24 249 1142 293.8265
24 251 1 0.2502
24 252 38 8.6280
24 253 1 0.2063
24 254 7 1.6951
24 255 8 1.7457
24 257 302 66.5534
24 258 2 0.4525
24 259 12 2.5900
24 261 1 0.1756
24 262 17 3.6356
24 263 18 4.4313
24 264 88 20.1588
24 265 45 10.0466
24 266 323 80.3291
24 268 13 2.7237
24 269 253 75.2785
24 272 1 0.4510
24 273 54 10.7268
24 275 41 9.6345
24 276 51 11.2710
24 278 40 10.1583
24 281 11 2.3920
24 282 10 2.0883
24 283 383 88.5553
24 284 26 8.0479
24 285 48 15.9368
24 287 11 2.1558
24 288 1 0.2468
24 289 3 0.7089
24 290 14 3.3243
24 291 17 4.3103
24 292 89 20.7753
24 293 3 0.7370
24 294 33 7.7588
24 296 80 18.1297
24 297 3 0.7170
24 298 1 0.2339
24 299 55 12.6964
24 300 87 19.6488
24 301 2 0.4581
24 302 6 1.4085
24 304 13 3.0871
24 306 14 3.3799
24 307 9 2.0501
24 309 1 0.1823
24 311 417 93.7039
24 313 6 1.3679
24 314 45 9.9156
24 315 179 40.7561
24 316 38 7.3655
24 317 18 4.3057
24 318 11 2.6654
24 320 2 0.4409
24 321 35 13.3003
24 322 13 2.7723
24 323 4 0.7574
24 324 78 17.7720
24 325 14 3.2454
24 326 15 3.7889
24 330 18 4.1427
24 331 72 16.2540
24 332 184 49.1881
24 333 112 25.5741
24 334 1 0.2047
24 335 2 0.4377
24 336 85 20.8398
24 338 148 33.0630
24 339 6 1.2329
24 341 1 0.2348
24 342 11 3.7594
24 343 20 5.2420
24 344 7 1.6752
24 345 20 4.1436
24 346 424 100.6322
24 347 8 1.7369
24 351 16 3.7377
24 353 8 1.8436
24 354 15 3.4801
24 355 94 20.3043
24 356 22 4.7890
24 358 37 11.1189
24 359 45 10.4081
24 361 3 0.7008
24 362 3 0.9678
24 363 5 1.6266
24 364 4 1.0318
24 365 32 6.7183
24 367 510 193.1658
24 369 87 20.2184
24 370 5 1.1778
24 372 1 0.1342
24 374 1 0.2316
24 375 2 0.4108
24 376 19 4.0807
24 377 1 0.2753
24 378 6 1.3967
24 382 135 31.3188
24 383 2 0.3472
25 1 2 0.4448
25 3 4 0.8605
25 4 80 18.2097
25 6 1 0.2307
25 7 348 89.4749
25 8 14 2.6302
25 11 17 4.6916
25 12 2 0.4504
25 13 1 0.2486
25 15 28 7.7122
25 16 24 5.4606
25 17 5 0.8794
25 18 5 0.9798
25 20 312 83.4034
25 21 67 12.6764
25 23 233 54.2305
25 24 59 14.4157
25 25 3 0.6920
25 26 7 1.5701
25 31 1 0.2420
25 32 477 114.1823
25 33 580 144.1639
25 34 19 4.4409
25 35 79 18.7986
25 36 6 1.3387
25 37 46 10.9866
25 38 2 0.3898
25 40 16 3.0068
25 41 13 2.8241
25 42 59 13.3947
25 43 45 10.3424
25 45 1 0.2399
25 47 18 4.7025
25 51 2 0.3508
25 52 1 0.2261
25 53 2 0.4835
25 54 16 3.9791
25 55 91 23.2245
25 56 6 1.3864
25 58 230 54.7236
25 60 8 1.5891
25 61 3 0.6934
25 62 71 15.9228
25 63 11 4.2433
25 64 9 1.8945
25 65 7 1.5109
25 66 17 4.0322
25 67 19 3.7330
25 68 20 4.8979
25 73 40 10.1114
25 74 14 3.3158
25 75 67 16.4276
25 80 6 1.3134
25 82 34 7.0964
25 83 1 0.2405
25 86 1277 319.4696
25 88 3 0.7825
25 89 47 10.6759
25 90 33 8.2380
25 91 2 0.4590
25 92 11 2.2942
25 93 12 2.5446
25 94 142 33.6686
25 96 34 7.5432
25 97 252 61.8151
25 98 41 9.4726
25 99 21 5.8767
25 101 21 4.9783
25 103 188 39.9979
25 104 4 0.8831
25 105 6 1.3393
25 106 223 53.8261
25 107 95 22.9477
25 110 42 9.7917
25 111 615 178.4735
25 112 48 12.5490
25 113 2 0.4510
25 114 16 4.0088
25 115 391 94.7372
25 116 15 3.2379
25 120 13 2.8660
25 121 6 1.5687
25 122 32 5.9944
25 123 1 0.1995
25 124 71 15.8277
25 125 25 4.9353
25 127 4 0.9389
25 128 78 21.6854
25 130 69 16.4739
25 132 18 2.7417
25 133 9 2.0977
25 134 331 75.3966
25 135 18 3.3800
25 136 48 11.2789
25 139 228 54.9242
25 140 6 1.1328
25 141 2 0.3836
25 142 1 0.2188
25 143 6 1.2095
25 144 31 7.6136
25 145 14 2.8822
25 146 6 1.3674
25 147 18 4.0726
25 148 11 2.3958
25 150 29 6.4022
25 151 70 17.2724
25 152 149 35.7014
25 153 24 5.4970
25 156 44 10.5840
25 157 2 0.4209
25 159 5 1.0744
25 160 216 50.7535
25 161 8 1.7561
25 162 34 7.5239
25 163 63 15.6160
25 164 677 189.6684
25 165 40 9.2168
25 166 31 7.3397
25 167 49 11.5125
25 168 47 10.7210
25 171 34 11.6913
25 174 12 2.7116
25 177 27 6.5518
25 178 59 13.7307
25 179 8 1.8758
25 180 5 1.1975
25 181 1 0.2082
25 182 39 9.3980
25 184 77 17.1523
25 185 4 0.8179
25 186 107 23.7439
25 187 35 8.2817
25 188 16 4.1665
25 189 63 15.1005
25 192 9 2.6874
25 193 8 1.9449
25 194 6 1.7001
25 197 39 10.2999
25 198 2 0.4737
25 199 249 59.3217
25 203 6 1.4146
25 204 12 2.6501
25 205 125 30.0474
25 206 4 0.9031
25 208 99 25.6404
25 209 36 8.7915
25 210 35 8.5422
25 211 288 80.3235
25 213 11 2.5045
25 214 3 0.6774
25 215 294 69.5641
25 216 264 77.8412
25 217 1 0.2448
25 220 53 11.5283
25 221 34 8.2112
25 223 1 0.2292
25 224 2 0.4007
25 225 36 8.7211
25 227 23 4.2818
25 228 1 0.2365
25 229 23 5.4538
25 230 6 1.2752
25 231 40 11.2534
25 232 1 0.2353
25 233 46 11.7326
25 235 70 16.0197
25 237 28 7.2523
25 239 72 15.5914
25 240 1 0.2338
25 241 20 4.2976
25 242 347 67.9756
25 244 84 20.3324
25 246 20 4.9741
25 247 51 11.7579
25 248 14 3.0903
25 249 243 59.7787
25 250 118 28.9495
25 251 342 75.0243
25 252 20 4.5708
25 253 13 2.8170
25 256 26 5.7840
25 257 12 2.6583
25 260 270 60.9319
25 261 135 32.0535
25 263 149 34.4225
25 265 120 28.3246
25 266 3 0.7294
25 269 25 5.1798
25 270 21 4.5027
25 271 35 9.0400
25 272 21 5.7501
25 273 3 0.4319
25 274 6 1.3926
25 276 8 1.9783
25 277 13 3.0874
25 279 100 23.5547
25 283 28 6.5855
25 286 34 7.3528
25 287 85 19.3193
25 288 194 44.1843
25 290 9 2.1236
25 291 26 5.8622
25 293 696 212.2707
25 294 35 7.9953
25 295 9 1.9298
25 299 8 2.0119
25 300 5 1.2853
25 301 326 76.5987
25 302 107 22.2857
25 303 28 6.6184
25 304 14 3.6758
25 305 2 0.4260
25 306 162 38.7345
25 309 2 0.4361
25 310 278 62.9060
25 312 23 4.8412
25 315 39 10.6623
25 316 3 0.7101
25 318 7 1.5686
25 320 4 0.9865
25 321 172 46.0758
25 323 147 36.5235
25 324 2 0.4604
25 325 67 15.9044
25 327 11 2.5467
25 328 50 13.5163
25 330 7 1.4314
25 331 47 13.3205
25 332 7 1.6036
25 333 42 12.3834
25 335 2 0.4287
25 336 41 9.8773
25 337 153 45.2793
25 339 1 0.2370
25 344 5 0.9888
25 346 6 1.4482
25 347 7 0.8663
25 349 223 58.6266
25 351 36 8.4921
25 352 11 2.3004
25 354 5 0.7798
25 356 12 2.6115
25 357 81 19.7925
25 358 442 107.8799
25 359 539 197.2585
25 360 80 18.5583
25 361 1 0.1955
25 363 1 0.2381
25 364 110 31.5633
25 365 23 3.4867
25 367 13 3.0996
25 368 34 7.8868
25 370 1 0.1470
25 371 13 2.8908
25 373 2 0.5047
25 375 5 1.0995
25 376 1 0.1687
25 383 112 25.8529
26 0 58 12.5681
26 2 1 0.1761
26 3 5 1.1680
26 4 93 21.4594
26 5 1 0.2454
26 6 6 1.3132
26 7 7 1.8420
26 8 1 0.1282
26 11 83 18.9352
26 12 501 115.0663
26 14 15 3.5293
26 15 66 19.7231
26 16 286 65.8596
26 17 31 7.1823
26 20 70 15.4731
26 26 35 7.5121
26 27 236 63.3169
26 28 94 22.8268
26 29 56 13.0041
26 30 7 1.8653
26 31 1 0.2639
26 32 3 0.7802
26 33 3 0.6807
26 34 8 1.8517
26 36 36 8.2782
26 37 328 92.0833
26 38 1 0.2313
26 39 32 9.1416
26 40 29 6.0998
26 41 154 32.5651
26 42 25 6.3678
26 43 11 2.5039
26 44 26 6.0306
26 45 11 2.0269
26 46 62 14.7009
26 47 3 0.4888
26 48 89 20.8670
26 49 31 6.8171
26 50 3 0.6728
26 51 4 0.8269
26 54 87 19.5291
26 57 1 0.2446
26 58 4 0.6516
26 60 45 9.3265
26 61 8 1.9098
26 62 21 4.1706
26 63 2 0.4007
26 65 1 0.2641
26 66 2 0.4210
26 68 5 1.1334
26 69 287 64.5441
26 70 7 2.0319
26 74 12 2.8247
26 75 2 0.4843
26 76 35 9.2410
26 77 18 3.9007
26 78 2 0.4550
26 79 70 16.4049
26 80 4 0.9396
26 81 62 14.1157
26 82 2 0.3709
26 83 3 0.6954
26 84 53 12.0821
26 86 1 0.1956
26 87 22 4.6763
26 88 12 2.2046
26 89 3 0.6707
26 90 235 53.9249
26 91 9 2.2396
26 92 20 3.8300
26 93 632 142.8434
26 94 50 11.4274
26 95 90 20.6964
26 96 2 0.4135
26 97 58 14.6657
26 100 8 1.4166
26 101 65 15.2542
26 102 11 2.3039
26 103 1 0.1521
26 104 14 3.0786
26 105 87 24.3033
26 106 25 5.9202
26 107 214 50.4120
26 108 1 0.1661
26 110 11 1.9588
26 112 69 16.0752
26 116 686 165.3258
26 118 51 11.7655
26 119 5 1.1198
26 120 43 10.4282
26 121 7 1.6040
26 122 38 8.7259
26 123 7 1.5585
26 125 16 3.9240
26 126 10 2.3561
26 127 5 0.9660
26 128 21 5.0561
26 129 4 0.9160
26 133 213 48.8396
26 134 4 0.8056
26 136 14 3.7524
26 137 94 20.8875
26 138 19 3.9647
26 139 6 1.3723
26 140 16 5.0740
26 142 81 18.8766
26 145 30 7.2097
26 148 15 3.3279
26 149 20 4.3599
26 151 63 14.8925
26 152 7 1.7716
26 153 301 69.2829
26 155 2 0.5245
26 156 23 5.4525
26 157 50 11.4076
26 159 112 28.3587
26 160 105 23.7010
26 162 30 7.0551
26 165 3 0.6763
26 166 74 17.6883
26 167 158 34.7961
26 168 4 0.8473
26 169 28 7.9524
26 170 8 1.9469
26 171 106 25.3547
26 173 107 29.2851
26 176 172 39.7839
26 177 28 6.2946
26 178 115 27.2150
26 179 50 12.0699
26 181 1 0.1724
26 182 3 0.5912
26 183 22 4.9948
26 185 27 7.4380
26 186 522 123.2720
26 187 17 3.5238
26 189 1 0.2315
26 190 5 1.1441
26 191 19 3.3719
26 192 398 91.1635
26 194 48 12.0731
26 197 3 0.6789
26 198 261 62.6603
26 199 18 4.0961
26 200 602 155.5872
26 202 16 3.9573
26 204 21 4.7576
26 205 45 10.3307
26 206 962 335.0071
26 207 10 2.5391
26 208 21 4.7935
26 209 44 11.2031
26 211 281 64.7007
26 213 1 0.3034
26 214 4 0.7944
26 215 9 1.9614
26 216 54 12.5715
26 217 38 8.1042
26 220 8 1.9285
26 221 2 0.4082
26 223 13 3.3244
26 224 1 0.2351
26 227 106 24.8068
26 228 314 95.7394
26 230 25 6.0240
26 231 1 0.1763
26 236 1 0.2188
26 237 434 101.0194
26 239 93 20.7964
26 241 369 85.4758
26 242 2 0.4462
26 244 14 3.7957
26 245 8 1.7511
26 247 10 2.1947
26 249 9 2.1083
26 250 8 1.7509
26 251 8 2.3002
26 252 150 35.7049
26 254 106 22.8082
26 255 2 0.4348
26 256 12 2.5510
26 257 27 6.3731
26 258 13 2.7668
26 259 123 31.4996
26 260 5 1.2016
26 262 1 0.2544
26 263 16 3.8873
26 265 741 217.4647
26 266 22 5.0854
26 267 1 0.0727
26 269 3 0.6540
26 270 57 12.7536
26 272 6 1.3517
26 273 18 4.1235
26 274 4 0.8608
26 276 346 113.5803
26 277 42 9.7650
26 279 3 0.5131
26 280 456 132.5813
26 281 28 6.3474
26 283 90 20.4063
26 284 48 11.7105
26 285 20 4.2789
26 288 32 7.7823
26 290 156 36.8275
26 292 10 2.3083
26 293 18 4.3819
26 295 33 8.0333
26 296 1 0.2307
26 297 9 1.7271
26 298 3 0.6274
26 299 4 0.8748
26 302 4 0.7408
26 303 14 3.2996
26 304 24 5.6469
26 305 3 0.4549
26 307 6 1.3427
26 308 3 0.7196
26 309 220 67.7523
26 310 7 1.4867
26 311 11 2.1983
26 315 30 7.6954
26 317 30 6.9979
26 319 4 0.9396
26 320 10 2.1884
26 322 7 1.5689
26 323 12 2.9097
26 325 26 6.5888
26 327 2 0.3897
26 328 22 4.8135
26 330 23 5.4807
26 332 41 9.6072
26 333 178 37.9754
26 334 10 2.7168
26 336 27 6.5572
26 340 2 0.4541
26 341 161 38.2643
26 342 6 1.3259
26 343 131 33.5377
26 344 1 0.2240
26 345 49 11.2608
26 347 40 9.9386
26 348 16 4.0131
26 349 71 17.2297
26 351 20 4.8871
26 352 1 0.2041
26 353 22 4.3917
26 357 2 0.2984
26 358 16 3.5880
26 360 4 0.8849
26 361 636 151.3181
26 362 11 2.5196
26 364 10 2.2480
26 365 51 11.8793
26 367 4 1.1458
26 368 65 16.0088
26 369 7 1.6295
26 370 7 1.8508
26 371 121 28.7856
26 372 2 0.5279
26 373 48 11.2519
26 376 87 20.2360
26 377 40 9.6398
26 380 89 18.2708
26 381 6 1.3429
26 382 34 9.0044
26 383 37 11.2668
27 2 74 19.1138
27 3 48 12.5084
27 4 35 8.1050
27 5 6 1.3341
27 6 1 0.2274
27 7 1 0.2117
27 8 12 2.6566
27 9 68 18.8886
27 10 81 25.9389
27 12 51 11.7873
27 14 4 0.7868
27 18 118 25.7717
27 22 17 4.1013
27 23 99 21.7544
27 25 4 0.9148
27 27 4 1.0771
27 28 27 7.5900
27 29 8 1.9934
27 30 1 0.2392
27 33 1 0.2564
27 34 1 0.1893
27 36 19 4.2264
27 37 2 0.4348
27 39 19 3.7579
27 40 20 3.9082
27 41 21 4.7852
27 43 3 1.1461
27 44 2 0.4730
27 45 526 164.4752
27 46 105 24.2634
27 47 20 4.0482
27 48 5 1.1790
27 49 47 11.3233
27 50 191 44.9691
27 51 4 0.8580
27 52 100 22.7925
27 54 37 8.9121
27 55 35 7.7265
27 57 233 58.4748
27 59 17 3.9247
27 60 1 0.2265
27 61 33 6.9949
27 62 65 15.6188
27 63 217 54.6412
27 64 23 5.6561
27 66 84 17.6246
27 67 11 2.7658
27 68 6 1.5550
27 69 225 61.5692
27 70 4 0.8181
27 72 7 1.5333
27 73 5 1.2127
27 74 1 0.2327
27 76 42 10.0688
27 77 55 12.6940
27 78 21 5.0114
27 79 42 9.8092
27 82 1 0.3166
27 85 4 0.9592
27 86 1 0.2110
27 87 5 0.9678
27 88 150 33.7443
27 89 79 19.5365
27 90 104 23.2569
27 91 5 0.8992
27 92 26 6.1923
27 93 11 2.3666
27 95 1 0.2207
27 96 43 9.6836
27 98 2 0.3870
27 99 1 0.2257
27 100 6 1.2503
27 101 700 200.9761
27 102 1 0.3027
27 103 25 6.8142
27 104 45 10.6524
27 105 195 49.0433
27 106 18 4.0655
27 107 4 0.9301
27 108 3 0.6812
27 109 3 0.7026
27 110 77 17.8918
27 113 9 2.0268
27 114 10 2.2876
27 115 66 15.3145
27 116 185 55.8688
27 117 5 1.0700
27 119 9 2.1182
27 121 9 2.1644
27 122 3 0.5446
27 124 27 5.4040
27 125 184 43.6685
27 126 16 4.7645
27 127 1 0.1853
27 128 103 23.1828
27 129 113 26.9210
27 130 43 9.7792
27 131 60 14.4223
27 132 2 0.4118
27 133 10 2.2158
27 134 13 2.7112
27 135 31 7.3188
27 136 22 4.7268
27 137 5 1.1966
27 138 2 0.4126
27 140 8 1.7303
27 142 14 3.0800
27 143 9 2.2788
27 145 6 1.4119
27 146 230 52.0466
27 147 88 20.8110
27 148 1578 417.3598
27 149 12 2.9115
27 151 18 4.0473
27 152 85 19.1873
27 153 18 4.8788
27 154 95 24.3631
27 157 4 0.8770
27 158 22 6.2432
27 159 1 0.2497
27 160 1 0.2403
27 163 2 0.2937
27 164 2 0.3866
27 165 269 62.3888
27 166 11 2.7645
27 167 6 1.0351
27 168 76 17.8137
27 169 21 4.5009
27 171 1 0.2498
27 173 6 1.4041
27 174 8 1.7232
27 176 15 3.3833
27 177 450 104.9347
27 178 7 1.8530
27 179 14 3.1457
27 180 35 7.5771
27 182 16 5.7305
27 183 1 0.2014
27 185 2 0.4844
27 186 184 41.5912
27 188 12 2.7169
27 189 9 1.8003
27 191 4 0.9315
27 192 6 1.4763
27 194 654 154.2311
27 196 1 0.2612
27 197 2 0.4084
27 198 49 10.4528
27 199 43 9.3344
27 200 3 0.6362
27 201 3 0.3668
27 202 8 1.6093
27 203 1 0.2012
27 204 27 6.1745
27 205 3 0.5846
27 207 60 13.9464
27 208 18 3.8034
27 209 11 1.9217
27 210 24 5.1254
27 211 25 5.6221
27 214 650 151.0138
27 216 8 1.7199
27 218 122 28.4120
27 220 136 31.6720
27 221 26 5.8789
27 222 3 0.6456
27 223 5 1.4665
27 224 7 1.3754
27 225 36 9.0130
27 228 16 2.8672
27 229 7 1.6215
27 230 2 0.5100
27 231 26 10.1018
27 232 2 0.4409
27 233 35 8.2360
27 235 15 3.4732
27 236 1 0.1589
27 237 8 2.3618
27 240 15 3.2295
27 241 141 33.3130
27 242 1 0.2273
27 243 8 1.8340
27 244 28 6.0910
27 245 25 5.0710
27 246 26 6.1152
27 247 5 2.1807
27 248 18 3.9590
27 249 73 17.4138
27 250 73 16.9849
27 251 89 21.4194
27 252 1 0.2026
27 253 18 3.8780
27 254 17 3.7114
27 255 64 14.7262
27 256 24 6.1435
27 257 16 3.4367
27 258 1 0.1638
27 259 986 250.0916
27 261 1 0.3934
27 262 6 1.3320
27 263 112 25.0329
27 265 43 10.5192
27 266 14 3.0717
27 267 4 0.9318
27 268 92 20.5195
27 270 13 2.8130
27 271 179 41.5452
27 272 1 0.2545
27 273 48 11.7196
27 274 33 6.5237
27 275 8 1.6894
27 276 4 0.9489
27 278 25 5.7979
27 279 21 4.8581
27 280 69 16.1580
27 281 8 1.9372
27 282 26 6.0102
27 283 150 35.3372
27 284 6 1.4153
27 285 73 18.1090
27 287 5 0.9925
27 289 117 24.3035
27 291 48 10.6559
27 292 53 12.3473
27 294 3 0.7763
27 295 28 6.0788
27 296 22 5.4974
27 297 79 17.2345
27 298 6 1.4185
27 299 11 2.4992
27 301 2 0.3808
27 302 3 0.7387
27 303 31 6.7162
27 304 6 3.9101
27 305 22 4.9415
27 306 17 5.1221
27 307 2 0.5253
27 308 312 76.7305
27 309 13 3.0634
27 310 29 6.8649
27 311 5 1.1857
27 313 16 3.7398
27 314 35 9.3598
27 315 149 32.7374
27 320 5 0.9009
27 321 25 6.3396
27 322 6 1.4852
27 323 8 1.9224
27 324 10 3.1965
27 326 257 58.6842
27 327 22 4.8083
27 328 67 17.8966
27 329 12 2.5925
27 330 4 0.8472
27 331 82 22.8834
27 333 3 0.7472
27 334 5 1.1073
27 335 17 3.6187
27 336 744 233.2476
27 337 8 1.6990
27 338 2 0.3841
27 339 10 2.1098
27 341 5 1.0365
27 342 57 13.7174
27 343 51 12.1905
27 344 3 0.7238
27 345 1 0.2405
27 346 40 9.1575
27 351 8 1.8408
27 352 10 2.3836
27 353 78 19.0306
27 354 8 1.8806
27 355 127 31.3540
27 358 18 5.4885
27 359 19 4.3824
27 360 2 0.3678
27 361 47 10.6342
27 362 200 63.9069
27 363 160 46.1478
27 365 5 1.1952
27 366 18 4.0612
27 367 31 7.1475
27 373 59 18.2711
27 374 27 5.7325
27 375 11 2.5217
27 376 1 0.2134
27 378 65 15.7604
27 379 6 1.3666
27 380 1 0.2136
27 381 1 0.2420
27 382 181 40.8551
27 383 234 54.0047
28 0 1 0.2248
28 2 31 7.7054
28 3 2 0.4526
28 7 59 14.8112
28 9 16 4.8575
28 10 1 0.2369
28 11 261 70.1628
28 13 60 14.7252
28 15 178 42.7465
28 16 28 6.8022
28 18 3 0.3743
28 19 2 0.3258
28 22 48 11.6046
28 23 1 0.2706
28 25 3 0.8018
28 26 1 0.1556
28 27 10 2.3736
28 29 4 0.9361
28 30 38 9.2258
28 31 16 3.5533
28 32 19 4.2276
28 34 110 27.0293
28 35 5 1.0534
28 36 3 0.9203
28 38 99 31.3424
28 39 29 6.7920
28 40 83 18.4810
28 41 15 3.1761
28 42 1 0.2058
28 43 50 12.1621
28 44 23 4.9482
28 45 1 0.2228
28 46 37 8.9110
28 47 5 1.0331
28 48 30 8.5373
28 49 20 6.9114
28 50 73 18.0182
28 51 103 25.4558
28 52 285 67.3530
28 53 79 19.7418
28 55 1 0.2399
28 56 3 0.5656
28 57 168 41.1859
28 58 212 50.9678
28 59 247 78.1387
28 60 8 2.0154
28 61 15 3.5518
28 64 1 0.2532
28 65 10 2.4183
28 67 155 49.9151
28 70 16 3.8869
28 71 9 1.7785
28 72 37 8.2622
28 73 19 3.8954
28 74 6 1.6117
28 75 2 0.3671
28 78 123 29.8440
28 79 5 1.1832
28 81 3 0.9874
28 82 69 16.2539
28 83 6 1.4950
28 84 8 1.8664
28 85 78 17.8065
28 86 2 0.1779
28 87 52 11.1594
28 88 15 3.4249
28 89 17 4.8249
28 90 19 4.1497
28 91 114 27.7725
28 92 849 221.4512
28 93 18 4.1299
28 94 5 1.1310
28 96 250 63.9488
28 97 9 2.0518
28 98 14 2.8835
28 101 387 92.8618
28 108 25 5.1001
28 109 11 2.5317
28 110 121 29.7000
28 112 8 2.1271
28 113 7 1.2514
28 116 2 0.4050
28 117 3 0.5755
28 118 277 65.5455
28 119 1 0.2178
28 120 7 1.6805
28 122 108 25.6931
28 123 6 1.3765
28 125 10 2.7575
28 126 34 10.9253
28 127 27 6.7849
28 129 21 6.1849
28 130 17 3.7281
28 133 1 0.2744
28 135 30 7.3565
28 136 2 0.4699
28 137 282 71.3944
28 138 37 9.5207
28 139 91 21.1095
28 140 30 6.9857
28 141 130 32.7786
28 142 14 3.1810
28 143 60 15.0425
28 144 1 0.2466
28 147 13 3.7739
28 149 1 0.2383
28 150 35 8.5795
28 151 1 0.2590
28 153 164 46.4479
28 154 10 2.2744
28 156 3 0.6842
28 159 72 16.4034
28 161 4 0.4770
28 165 3 0.7033
28 166 10 2.3079
28 167 4 0.9288
28 169 96 19.1543
28 170 154 37.0540
28 171 14 3.2229
28 175 176 43.8983
28 176 3 0.6089
28 177 5 1.1720
28 178 67 15.7236
28 179 134 32.9246
28 180 8 1.7039
28 182 6 1.7659
28 183 1 0.2427
28 184 111 26.7203
28 187 38 9.2826
28 189 156 38.6044
28 190 4 0.9620
28 192 75 19.7262
28 193 85 20.6331
28 194 7 1.5047
28 195 1 0.1859
28 197 3 0.5644
28 198 15 3.5971
28 199 17 3.9717
28 200 213 55.0932
28 203 12 2.5301
28 205 12 2.6844
28 206 11 2.7722
28 207 9 2.4225
28 208 1 0.1987
28 210 6 1.3552
28 211 218 54.3368
28 212 79 19.0952
28 213 3 0.6367
28 214 292 66.2000
28 215 58 12.4333
28 219 3 0.6538
28 220 32 7.5571
28 221 34 7.8977
28 222 56 13.0794
28 223 4 1.3279
28 224 17 5.1675
28 225 12 2.8776
28 226 31 8.4852
28 227 20 4.6410
28 228 5 1.1186
28 229 21 3.7546
28 230 39 9.5592
28 232 231 57.8785
28 233 17 3.6493
28 234 25 5.4297
28 235 205 49.9668
28 238 25 5.9460
28 239 4 1.0239
28 240 2 0.4146
28 241 1 0.2592
28 242 297 72.3022
28 243 135 29.6463
28 245 1 0.2318
28 246 293 67.4796
28 247 14 3.3479
28 248 42 11.5164
28 249 120 34.2796
28 251 184 43.5996
28 252 88 20.8111
28 253 291 68.1374
28 254 24 5.8284
28 257 1 0.2484
28 258 3 0.7490
28 259 17 4.0557
28 261 3 0.5993
28 262 817 217.5266
28 263 69 16.7138
28 264 17 3.5066
28 265 5 1.2082
28 270 7 1.1375
28 271 32 11.4710
28 272 14 3.4123
28 273 1 0.3437
28 274 64 12.1649
28 275 8 2.5618
28 276 37 9.9098
28 277 5 1.2420
28 278 2 0.4553
28 279 2 0.4828
28 280 15 3.7452
28 281 8 1.8947
28 282 7 1.7395
28 283 170 41.8602
28 284 4 0.8928
28 285 147 35.6785
28 286 1 0.2559
28 287 16 2.8987
28 289 84 20.7714
28 291 42 10.0141
28 293 3 0.7308
28 294 33 6.5631
28 295 113 28.1273
28 296 404 95.1942
28 297 10 2.2993
28 298 9 2.1553
28 300 177 42.9899
28 302 12 2.8042
28 303 6 1.1814
28 304 92 22.6334
28 305 1 0.2249
28 308 130 32.2634
28 309 2 0.3783
28 310 31 7.3896
28 311 207 50.6024
28 312 87 18.6700
28 313 4 0.7308
28 315 120 33.1750
28 316 2 0.4182
28 319 22 5.2620
28 321 27 6.8421
28 324 24 6.7530
28 325 23 5.2641
28 326 3 0.7319
28 330 223 53.0708
28 331 2 0.4485
28 332 48 11.3590
28 333 185 43.3183
28 334 2 0.4571
28 336 24 4.6154
28 337 5 1.1882
28 338 7 1.0775
28 341 12 2.5458
28 342 18 4.5228
28 345 1 0.0912
28 347 45 10.3424
28 348 230 82.6089
28 349 1 0.1727
28 350 1 0.2140
28 351 7 1.6520
28 352 47 9.3342
28 353 46 7.4394
28 355 6 1.4804
28 357 45 9.7089
28 358 11 2.7090
28 359 239 58.8935
28 360 1 0.2611
28 361 1 0.2827
28 364 22 5.0407
28 366 48 11.3567
28 367 29 8.1312
28 369 18 4.3054
28 370 6 2.5544
28 374 3 0.6225
28 376 631 176.0376
28 377 320 80.2920
28 378 7 1.6901
28 379 2 0.4758
28 380 14 4.7858
28 381 3 0.8119
28 382 13 3.0101
28 383 14 2.8456
29 0 106 24.3041
29 1 1 0.2070
29 3 6 1.1523
29 4 5 1.8974
29 6 6 1.4353
29 7 25 5.7846
29 9 6 1.7280
29 10 36 9.6461
29 11 84 20.5547
29 13 84 18.6207
29 14 22 4.8845
29 16 9 2.0311
29 17 1 0.3030
29 18 3 0.5511
29 19 24 5.2987
29 20 3 0.7496
29 21 20 4.3920
29 22 6 1.1792
29 25 126 28.4279
29 27 5 1.0784
29 29 280 63.3566
29 30 83 14.4271
29 31 2 0.5254
29 32 2 0.4482
29 33 36 12.0518
29 34 93 20.9850
29 35 36 8.1425
29 36 8 1.8396
29 37 17 3.8639
29 38 107 24.3908
29 39 2 0.2880
29 40 201 39.4546
29 41 1 0.2286
29 42 28 6.0154
29 43 206 46.3466
29 45 1 0.0499
29 46 1 0.2101
29 47 4 1.3229
29 48 20 5.4896
29 50 4 0.8208
29 52 24 9.6265
29 53 5 0.8608
29 54 1 0.1122
29 55 82 17.8728
29 56 83 19.8941
29 57 7 1.7131
29 58 20 3.6720
29 59 5 1.5968
29 61 2 0.2735
29 62 1 0.2062
29 64 29 6.2318
29 65 1 0.1615
29 66 53 12.1702
29 67 3 0.6391
29 69 111 25.4074
29 70 65 14.5080
29 71 9 1.7358
29 72 416 108.7062
29 73 5 1.1804
29 74 4 0.9652
29 75 389 145.7218
29 76 61 14.5294
29 77 24 7.2171
29 78 8 2.3345
29 80 10 2.3042
29 81 24 5.4786
29 83 18 4.1643
29 84 14 4.7114
29 85 42 9.8429
29 86 23 4.7805
29 87 531 119.7770
29 88 28 6.7818
29 89 5 0.9677
29 90 15 2.6750
29 91 7 1.4157
29 92 17 3.6268
29 93 2 0.3362
29 94 57 12.4480
29 95 33 7.4169
29 96 3 0.5783
29 97 26 6.2419
29 98 81 18.6910
29 99 45 10.2677
29 100 8 1.7684
29 101 95 21.6995
29 102 3 0.9298
29 103 11 2.2139
29 104 1 0.2058
29 105 28 6.5336
29 107 1 0.2957
29 109 16 4.7919
29 110 12 2.4642
29 111 21 4.7796
29 113 15 3.2900
29 114 62 13.6270
29 115 74 17.9086
29 116 2 0.4549
29 117 158 33.8394
29 119 145 37.6092
29 120 19 4.7554
29 122 20 4.7806
29 123 23 5.3167
29 124 2 0.4080
29 125 9 1.8766
29 126 128 28.8466
29 129 97 20.6822
29 131 11 3.1577
29 133 13 2.9965
29 134 11 2.5473
29 135 46 10.5896
29 136 125 29.3069
29 137 6 1.1343
29 138 6 1.4279
29 139 25 5.7789
29 140 103 22.9739
29 142 329 89.9177
29 146 11 2.5232
29 147 21 4.7363
29 148 1 0.2407
29 150 8 2.4711
29 152 37 9.9321
29 153 467 103.1262
29 154 23 5.7656
29 155 71 16.3879
29 157 1 0.1438
29 158 3 0.7057
29 159 10 2.1470
29 160 62 13.2759
29 162 154 36.4366
29 163 9 1.5751
29 164 2 0.3967
29 165 4 0.7756
29 166 8 1.6973
29 167 321 68.8034
29 168 10 2.0125
29 169 3 0.6761
29 170 59 13.7580
29 171 791 345.9351
29 172 9 1.3747
29 173 21 4.7485
29 175 4 0.8970
29 176 1 0.1812
29 177 16 3.3973
29 178 1 0.2076
29 179 1 0.2070
29 180 244 53.7255
29 181 5 1.1286
29 182 19 4.3786
29 183 1 0.2952
29 184 12 2.6867
29 185 1 0.1125
29 187 447 103.8146
29 188 2 0.5340
29 189 3 0.6980
29 190 1 0.6078
29 191 18 5.2233
29 192 9 2.0911
29 194 15 4.5972
29 197 37 8.5826
29 198 48 10.9001
29 199 4 1.0781
29 200 36 7.7323
29 201 1 0.2342
29 202 25 5.4492
29 205 2 0.7090
29 206 1 0.4161
29 207 5 1.0805
29 208 3 0.5998
29 209 60 12.4137
29 210 24 5.0718
29 211 344 77.7281
29 212 189 42.4122
29 213 7 1.5795
29 214 116 27.2001
29 215 11 2.2890
29 216 1 0.2163
29 217 2 0.3793
29 218 16 4.3946
29 220 1 0.3051
29 221 271 63.8843
29 224 6 1.3206
29 225 84 15.2163
29 226 11 4.6533
29 227 1 0.2141
29 228 51 12.2652
29 229 32 7.2279
29 230 3 0.6087
29 231 4 0.8298
29 233 54 12.5553
29 234 10 1.9284
29 235 9 2.0902
29 238 4 0.8783
29 239 1 0.2669
29 240 8 1.8358
29 243 21 4.6763
29 244 85 17.7872
29 245 4 1.4947
29 246 6 1.2265
29 247 51 11.9360
29 248 13 3.0308
29 250 54 12.9222
29 251 304 82.8450
29 252 539 144.7439
29 253 6 1.2364
29 254 69 15.8378
29 255 10 2.2972
29 256 51 14.0290
29 257 348 82.6783
29 258 549 150.5915
29 259 99 21.4875
29 260 251 56.9442
29 261 29 6.9108
29 262 120 25.0370
29 263 5 1.4048
29 264 25 5.7292
29 265 2 0.4068
29 266 1 0.2110
29 267 15 3.6895
29 268 32 7.7571
29 269 1 0.2290
29 270 20 4.4254
29 271 15 3.3192
29 273 24 4.8747
29 274 31 6.7771
29 275 11 2.4469
29 276 1 0.1462
29 277 49 14.8574
29 278 25 7.2135
29 280 43 9.4652
29 283 19 3.8871
29 284 2 0.3783
29 285 58 13.0535
29 286 5 0.8431
29 287 9 1.9028
29 288 10 2.3342
29 291 12 2.6419
29 294 3 0.9512
29 296 25 5.4987
29 300 5 0.8622
29 302 19 4.5184
29 304 99 22.1385
29 305 49 11.7995
29 306 43 14.7970
29 307 6 0.9122
29 308 344 86.6303
29 309 1 0.1910
29 310 4 0.8645
29 311 9 1.8034
29 312 1 0.2300
29 313 1 0.2473
29 314 12 3.8155
29 317 2 0.2708
29 318 1 0.2660
29 319 1 0.2421
29 320 17 3.8927
29 321 191 52.7896
29 322 8 1.8382
29 325 2 0.4328
29 327 64 13.3890
29 329 1 0.2234
29 330 19 4.2120
29 333 53 11.0338
29 334 206 47.7185
29 336 154 49.5363
29 338 5 1.1800
29 340 14 3.1087
29 341 8 1.8511
29 342 3 0.7001
29 344 60 13.9362
29 345 27 6.0033
29 346 19 4.2807
29 347 1 0.2408
29 348 138 31.1640
29 349 2 0.3555
29 350 39 8.8721
29 351 31 6.6570
29 352 56 11.7265
29 353 6 1.3690
29 358 14 3.1583
29 359 14 3.5064
29 360 6 1.5646
29 361 21 4.6851
29 362 4 0.9684
29 363 6 2.8307
29 364 15 3.5627
29 366 6 1.3765
29 367 20 4.6502
29 369 1 0.1248
29 370 6 1.3362
29 372 21 4.1091
29 373 53 11.6750
29 374 21 4.7845
29 375 68 15.1263
29 376 308 64.8337
29 377 4 0.8436
29 378 26 6.0239
29 379 12 2.5035
29 381 31 5.3679
29 382 4 0.8864
30 0 113 27.0835
30 2 182 62.7603
30 3 13 2.7878
30 4 22 10.7026
30 6 2 0.4921
30 7 56 13.7546
30 8 24 5.7088
30 9 114 27.2923
30 10 8 1.9115
30 11 52 13.7912
30 12 424 102.6629
30 13 19 3.6769
30 14 6 1.4832
30 15 27 6.4301
30 16 9 2.1303
30 17 397 100.0501
30 18 79 22.3439
30 19 44 10.5734
30 21 42 9.7059
30 22 19 5.2834
30 23 32 7.2143
30 24 7 1.6944
30 25 10 2.3445
30 26 12 3.5592
30 27 1 0.2069
30 28 6 1.3962
30 30 3 0.5105
30 32 9 1.5907
30 33 39 9.4775
30 35 1 0.1938
30 36 130 31.0940
30 37 7 1.6993
30 40 8 1.8156
30 41 40 10.0506
30 42 67 14.6549
30 44 26 5.9668
30 45 3 0.5651
30 47 2 0.3831
30 48 12 3.6349
30 49 25 6.2233
30 50 9 2.1987
30 51 5 1.1316
30 52 20 4.4944
30 55 15 3.6292
30 56 47 8.9653
30 57 19 5.4877
30 58 6 1.4439
30 59 20 4.5802
30 60 20 4.2950
30 61 24 5.6719
30 62 3 0.7255
30 63 18 4.1742
30 64 4 0.9334
30 65 2 0.4944
30 67 171 41.6488
30 68 6 1.1541
30 69 32 6.5698
30 70 7 1.2641
30 71 1 0.2188
30 72 311 74.6542
30 73 1 0.1820
30 74 23 6.8775
30 76 1 0.3225
30 77 7 1.4584
30 78 13 2.7538
30 79 44 10.0018
30 80 38 8.0042
30 81 27 6.3898
30 84 92 20.4632
30 85 7 2.0956
30 86 1 0.1472
30 87 17 4.7184
30 88 2 0.5111
30 90 72 15.7363
30 91 3 0.3711
30 94 1 0.1743
30 95 222 62.2009
30 96 1 0.1981
30 97 11 3.7876
30 98 17 3.9215
30 99 329 83.5450
30 100 235 54.2578
30 101 2 0.4194
30 103 4 0.9230
30 104 49 12.0478
30 105 6 1.3951
30 107 4 0.9660
30 108 11 3.0871
30 109 33 7.6419
30 111 29 7.0892
30 112 131 31.6432
30 113 3 0.7003
30 114 1 0.1832
30 115 47 10.8727
30 118 6 1.1823
30 122 6 1.2634
30 123 1 0.2045
30 124 9 2.0493
30 125 8 1.7814
30 126 46 8.9596
30 131 19 4.4698
30 133 390 102.1348
30 134 3 1.4364
30 135 1 0.0614
30 137 1 0.2398
30 138 76 17.4150
30 139 24 4.1201
30 141 5 1.0816
30 142 51 11.6062
30 143 75 15.3143
30 144 11 2.2086
30 145 9 2.0312
30 146 6 1.2144
30 147 2 0.4872
30 148 10 2.2852
30 149 136 31.6015
30 150 17 3.9324
30 151 29 6.7762
30 153 149 35.0497
30 154 79 17.4810
30 156 8 1.9858
30 159 24 4.5007
30 160 19 4.7178
30 161 673 211.9459
30 162 3 0.4942
30 163 5 0.8759
30 164 1 0.1972
30 165 4 0.9220
30 166 24 5.6377
30 167 12 2.9329
30 168 81 17.8498
30 170 2 0.4887
30 171 3 0.8894
30 172 8 1.9715
30 175 43 11.0420
30 176 22 5.5517
30 177 4 0.7962
30 178 19 4.1894
30 180 5 1.1344
30 181 78 18.6395
30 182 107 29.3650
30 183 2 0.4480
30 185 3 1.0203
30 188 5 1.2395
30 191 84 19.7617
30 192 1 0.2319
30 193 26 7.5946
30 194 56 13.0723
30 195 6 1.2839
30 197 959 261.2675
30 198 15 3.3403
30 199 15 3.2537
30 200 2 0.3926
30 202 85 27.1302
30 203 18 3.8495
30 204 1 0.2146
30 205 339 83.4086
30 206 30 6.7248
30 207 5 0.9659
30 208 4 0.9285
30 209 822 198.3889
30 210 294 72.4176
30 211 6 1.4316
30 212 65 13.9813
30 213 1 0.2466
30 215 14 3.0906
30 217 1 0.2277
30 218 8 1.7246
30 220 96 24.7891
30 221 1 0.2520
30 222 1 0.1753
30 224 2 0.4234
30 225 16 3.2171
30 226 6 1.1543
30 227 2 0.4489
30 229 134 28.2924
30 230 1 0.2336
30 233 237 77.2816
30 234 18 5.7306
30 235 76 16.8472
30 236 17 4.0054
30 237 13 2.9114
30 240 6 1.6192
30 241 9 2.0724
30 243 22 4.8984
30 244 33 7.9327
30 245 236 57.7804
30 246 19 4.5185
30 247 103 24.5166
30 248 38 6.4114
30 249 3 0.8375
30 250 257 61.2716
30 252 22 5.3063
30 254 11 2.4396
30 255 3 0.8048
30 256 3 0.6495
30 257 10 1.7171
30 259 12 3.0663
30 260 5 0.9074
30 262 43 11.4187
30 263 51 11.4598
30 264 4 0.7687
30 265 55 14.9892
30 266 2 0.4733
30 267 47 10.4385
30 269 36 7.2043
30 271 2 0.3531
30 272 12 2.7552
30 273 10 2.4538
30 274 3 0.4860
30 275 28 4.3250
30 279 1 0.1439
30 280 7 1.6181
30 281 93 20.7539
30 283 3 0.6282
30 284 7 1.5421
30 285 40 9.2788
30 286 34 8.1086
30 287 6 1.3793
30 288 57 14.2039
30 289 29 5.7600
30 290 5 1.1444
30 291 3 0.7389
30 292 46 11.0214
30 294 61 14.6853
30 295 174 39.6945
30 296 163 38.6964
30 299 62 14.6208
30 301 226 56.4146
30 302 148 34.4129
30 303 45 12.7537
30 304 32 7.5296
30 305 13 2.2413
30 306 5 1.1676
30 307 2 0.7994
30 308 139 33.1136
30 309 2 0.2805
30 310 7 1.5674
30 312 6 1.0628
30 313 54 12.6465
30 317 367 94.2645
30 319 71 16.6559
30 320 16 6.4774
30 321 53 11.9787
30 322 7 2.8316
30 323 17 3.9142
30 324 174 38.4983
30 326 42 8.8129
30 327 36 7.2397
30 328 4 0.7531
30 329 24 4.5809
30 331 22 6.6365
30 332 7 1.9734
30 333 1 0.2258
30 334 39 13.3732
30 336 1 0.1381
30 337 10 2.7209
30 338 6 1.4164
30 340 1 0.2213
30 341 2 0.4296
30 342 57 13.3169
30 344 22 4.8317
30 345 219 70.4799
30 346 1 0.2106
30 347 4 0.8939
30 348 49 11.8821
30 349 106 25.6566
30 350 14 2.6631
30 351 2 0.4515
30 352 6 1.3343
30 354 25 5.8723
30 355 286 61.7108
30 357 1 0.1483
30 358 8 1.9792
30 359 3 0.6006
30 360 11 2.8515
30 361 26 5.1967
30 364 6 1.3108
30 365 3 0.6462
30 366 62 14.5514
30 367 1 0.2313
30 368 3 0.6450
30 369 1 0.2568
30 370 4 0.7857
30 371 3 0.6600
30 374 6 1.4109
30 375 6 1.1884
30 376 49 10.3882
30 377 13 2.7696
30 378 8 1.7849
30 379 90 26.9832
30 380 6 1.3966
30 382 17 4.1120
30 383 94 22.0228
31 1 1 0.2649
31 2 101 23.7423
31 3 29 8.2975
31 4 14 3.3568
31 5 52 12.9251
31 6 185 44.8276
31 7 87 20.5542
31 8 20 4.6397
31 9 1 0.2119
31 10 12 2.8865
31 11 16 3.6089
31 12 7 1.7572
31 13 7 1.5341
31 14 7 1.6743
31 15 1 0.2200
31 16 72 17.9764
31 17 765 198.0432
31 19 1 0.2460
31 20 3 0.7684
31 22 27 8.4284
31 25 25 5.5954
31 26 16 3.9809
31 28 1 0.2432
31 29 45 13.7754
31 30 3 0.7187
31 31 230 52.6664
31 32 2 0.4525
31 34 6 1.3489
31 35 1 0.2161
31 36 15 3.8173
31 37 2 0.3465
31 38 265 66.0832
31 39 10 2.1004
31 42 17 3.9406
31 43 41 12.0432
31 45 22 5.2069
31 46 225 56.2719
31 48 107 26.9378
31 50 15 3.4768
31 51 42 10.1042
31 52 238 59.7346
31 53 7 1.6096
31 55 21 4.5642
31 56 25 7.8198
31 57 3 0.6472
31 58 7 1.5880
31 59 21 4.2984
31 60 2 0.4321
31 63 23 5.3779
31 64 191 45.1340
31 65 23 5.2176
31 66 28 6.8908
31 68 35 9.5900
31 69 2 0.4554
31 70 35 8.6913
31 71 1 0.2371
31 72 42 10.5670
31 75 64 15.7385
31 76 21 4.8217
31 77 22 5.2956
31 78 1 0.2151
31 80 13 2.9164
31 81 1 0.2041
31 82 1 0.2058
31 83 12 2.8205
31 85 5 0.8786
31 87 6 1.3378
31 88 344 102.0331
31 91 14 3.4332
31 92 5 1.2884
31 94 3 0.7958
31 95 2 0.4710
31 96 244 59.7198
31 97 13 2.3281
31 98 4 0.8781
31 99 2 0.5622
31 100 9 2.0571
31 101 35 8.2466
31 102 2 0.3684
31 103 117 26.3605
31 104 3 0.6768
31 105 349 81.7128
31 107 3 0.6444
31 108 10 2.6072
31 109 10 2.3112
31 110 69 16.8847
31 114 14 3.2926
31 115 47 11.6993
31 116 108 27.6090
31 117 2 0.4651
31 118 19 4.6986
31 119 1 0.1699
31 120 11 2.0009
31 121 4 0.9638
31 122 3 0.6664
31 123 1 0.2206
31 124 2 0.3365
31 128 19 4.8881
31 129 105 24.2589
31 130 57 12.5839
31 131 63 15.5040
31 132 9 1.9038
31 133 77 15.5236
31 134 9 1.9709
31 135 61 14.3107
31 136 3 0.7196
31 137 3 0.7790
31 138 64 15.3104
31 139 4 0.9222
31 141 29 6.0404
31 142 2 0.4023
31 143 14 3.2251
31 144 25 6.8398
31 146 6 1.4772
31 147 1 0.2361
31 149 8 1.7237
31 151 95 23.9226
31 152 56 13.3593
31 153 141 32.0279
31 155 122 27.9879
31 156 38 8.7457
31 158 8 2.3426
31 160 12 2.8905
31 162 16 3.7467
31 164 22 5.2566
31 165 8 2.4785
31 167 7 1.3456
31 168 36 12.1785
31 170 33 9.0253
31 171 21 4.5375
31 173 43 9.8346
31 174 22 6.2976
31 175 23 11.1063
31 176 3 0.6726
31 178 4 0.9816
31 181 4 0.6463
31 182 27 6.2296
31 184 14 3.2740
31 185 107 24.6624
31 186 26 6.5370
31 188 577 146.4762
31 189 9 1.8959
31 190 173 40.7393
31 191 1 0.2583
31 193 5 1.1055
31 195 66 17.9269
31 197 18 4.2586
31 198 10 3.2790
31 199 2 0.6759
31 201 1 0.3112
31 203 100 22.2408
31 204 5 1.1175
31 206 14 3.5042
31 207 3 0.6146
31 208 14 3.4413
31 209 20 4.9358
31 210 5 1.1591
31 211 29 7.3286
31 212 19 4.7479
31 213 118 28.8608
31 216 9 2.0296
31 217 122 33.0964
31 218 18 3.8946
31 219 1 0.2814
31 221 38 9.7389
31 225 3 0.6847
31 226 19 4.4636
31 228 1 0.2203
31 229 574 158.0302
31 230 13 3.2178
31 232 22 5.2787
31 235 5 1.1659
31 236 2 0.6180
31 237 3 0.6965
31 238 17 3.8737
31 241 11 2.5720
31 242 3 0.5452
31 243 98 24.7154
31 244 82 19.6401
31 245 75 17.1359
31 246 8 1.8802
31 247 23 5.1647
31 249 24 5.2039
31 250 88 25.1388
31 251 106 25.8813
31 253 18 4.6380
31 254 3 0.6718
31 255 294 70.1104
31 257 38 9.1622
31 258 134 32.3102
31 260 161 39.9520
31 261 2 0.4126
31 262 16 4.0629
31 263 21 5.4047
31 264 1 0.2839
31 266 21 4.4806
31 267 32 8.0854
31 268 2 0.7609
31 269 22 4.4087
31 270 2 0.4546
31 271 198 47.7250
31 272 7 2.0121
31 274 28 6.7195
31 275 4 0.7911
31 276 304 62.4684
31 279 107 26.0016
31 280 117 28.6566
31 281 166 40.0915
31 285 3 1.1596
31 286 32 9.3003
31 287 20 4.3440
31 288 8 1.5890
31 289 1 0.2872
31 291 45 10.5644
31 293 23 6.9060
31 294 18 3.9163
31 295 4 0.8390
31 296 1 0.2820
31 297 290 97.0644
31 298 75 16.4889
31 299 11 4.3941
31 300 87 20.7660
31 301 40 7.6349
31 302 55 12.4210
31 303 149 40.0662
31 304 24 5.7193
31 305 1 0.2633
31 306 2 0.2584
31 307 1 0.2391
31 308 28 8.5039
31 310 65 18.3180
31 311 96 23.4776
31 312 21 5.1409
31 313 11 2.5800
31 314 26 6.4989
31 315 12 2.7896
31 316 34 8.2582
31 318 313 77.1130
31 319 12 2.9210
31 321 1 0.2457
31 322 31 7.4486
31 324 29 8.5788
31 325 149 42.5838
31 326 5 1.1334
31 327 3 0.9126
31 328 1 0.2930
31 329 35 8.3125
31 330 35 12.1912
31 332 5 1.1561
31 334 41 9.2810
31 335 7 1.6933
31 336 9 1.9978
31 337 179 42.5726
31 338 3 0.6938
31 339 190 56.7775
31 340 115 28.1425
31 341 19 4.4092
31 342 4 1.0801
31 343 3 0.7043
31 344 11 2.7095
31 345 15 3.1933
31 347 12 3.4908
31 348 82 19.2016
31 349 6 1.6619
31 350 31 7.2526
31 351 10 2.9207
31 352 2 0.5660
31 353 15 3.4288
31 354 90 26.3293
31 356 14 3.6964
31 357 239 60.0465
31 358 115 25.3912
31 359 76 17.7225
31 360 1 0.3002
31 361 13 3.1188
31 362 8 1.7346
31 363 16 3.1261
31 364 3 0.8031
31 368 79 18.5628
31 369 2 0.6383
31 370 35 8.5581
31 371 9 1.9150
31 372 6 0.9141
31 375 222 51.5076
31 377 4 0.9019
31 378 10 2.5273
31 381 23 5.4832
31 383 4 0.8806
32 0 4 0.8027
32 1 1 0.2060
32 2 1 0.2196
32 3 1 0.2511
32 5 7 1.6674
32 6 9 1.9194
32 7 47 10.7511
32 8 3 0.6861
32 9 11 2.5398
32 10 8 1.8527
32 13 5 1.1827
32 14 35 8.8770
32 15 11 2.5492
32 18 163 37.5711
32 19 294 67.0674
32 20 5 1.0788
32 23 9 2.2632
32 24 27 6.2953
32 25 40 9.1278
32 28 34 7.8168
32 29 609 155.4267
32 30 2 0.4780
32 31 1 0.2508
32 33 13 2.8714
32 35 39 8.5854
32 36 1 0.3137
32 37 12 2.6744
32 39 14 2.9380
32 41 12 2.4834
32 42 18 3.7983
32 43 15 6.2660
32 44 27 6.2205
32 45 1 0.2573
32 46 45 9.6744
32 47 25 5.7977
32 48 8 1.8685
32 49 47 11.0288
32 50 1 0.2396
32 52 1 0.1222
32 53 29 6.8426
32 54 52 14.3192
32 55 1 0.2705
32 56 1 0.2236
32 58 33 7.5347
32 59 5 0.9453
32 60 7 1.3296
32 61 2 0.3889
32 62 7 1.3253
32 63 81 17.2262
32 64 33 6.0450
32 66 295 71.5894
32 68 4 0.9239
32 69 17 3.9897
32 70 349 99.1594
32 71 62 19.3522
32 72 33 8.9858
32 74 9 1.8618
32 75 4 0.9405
32 77 23 5.1355
32 78 1 0.1197
32 79 1 0.2920
32 80 1 0.2350
32 81 11 2.6216
32 82 221 51.6267
32 85 2 0.4230
32 86 1 0.1651
32 87 20 4.3961
32 88 109 23.2708
32 90 613 221.2528
32 91 172 42.5250
32 92 86 19.9983
32 93 1 0.2871
32 94 16 3.4127
32 95 1 0.2172
32 97 41 9.1102
32 100 99 23.1640
32 101 42 11.3734
32 102 9 1.8242
32 103 3 1.0501
32 105 28 5.7343
32 107 140 31.5917
32 109 55 11.4204
32 110 2 0.3998
32 111 1 0.1689
32 112 5 1.0805
32 113 10 2.0603
32 115 2 0.3389
32 117 113 25.4577
32 120 5 1.0913
32 121 11 2.3473
32 122 44 9.5630
32 124 120 27.8213
32 126 7 1.5575
32 128 17 3.4279
32 129 28 6.3936
32 130 11 2.6460
32 132 33 7.6352
32 133 10 3.1069
32 134 83 18.9947
32 136 6 1.2565
32 137 7 2.1214
32 139 78 18.2643
32 141 4 0.8525
32 142 61 15.0679
32 143 1 0.1791
32 144 23 5.6056
32 146 45 11.7806
32 149 104 23.4989
32 150 24 5.2366
32 152 13 3.5524
32 153 300 68.9337
32 155 6 1.4126
32 156 29 6.1587
32 157 4 0.7600
32 158 1 0.1540
32 159 2 0.4216
32 161 84 19.0046
32 165 4 0.8818
32 166 96 20.9665
32 167 74 16.0476
32 168 5 1.1593
32 169 12 3.0453
32 171 7 1.6668
32 172 1 0.1440
32 173 33 7.4239
32 174 1 0.2001
32 175 90 19.9787
32 176 2 0.3672
32 177 24 4.4063
32 178 4 1.4159
32 180 37 8.9937
32 181 20 3.2480
32 182 6 1.3793
32 183 9 2.0778
32 186 58 14.2592
32 189 3 0.9074
32 190 32 6.9852
32 191 21 4.7600
32 193 1 0.2227
32 194 22 5.1282
32 195 1 0.5525
32 196 3 0.7296
32 197 29 6.9329
32 199 1 0.2090
32 200 36 10.1736
32 202 5 0.5706
32 203 7 1.4962
32 205 55 20.0525
32 206 5 1.7330
32 207 9 2.5093
32 208 50 11.1840
32 209 105 25.9080
32 210 421 96.7881
32 211 48 10.8509
32 215 1 0.1175
32 216 1 0.1359
32 217 4 0.7080
32 218 55 13.1539
32 219 32 7.4642
32 220 8 1.7774
32 221 177 40.7173
32 223 16 3.6768
32 224 2 0.4521
32 225 1 0.2361
32 226 92 20.7194
32 227 1 0.2477
32 228 3 0.6435
32 231 14 3.1574
32 232 21 4.4203
32 233 6 1.7309
32 234 83 22.2697
32 235 87 17.5524
32 236 1 0.2241
32 238 6 1.7971
32 239 70 15.9030
32 240 3 0.7609
32 241 10 2.1211
32 242 3 0.5317
32 244 102 22.7592
32 245 8 1.6848
32 246 51 10.5496
32 247 15 3.4711
32 248 356 91.4075
32 250 17 3.6304
32 251 13 4.2480
32 253 9 1.8968
32 254 17 3.5997
32 256 11 2.7371
32 257 1 0.2097
32 258 3 0.6774
32 261 9 2.0732
32 262 10 2.4147
32 263 27 7.7098
32 265 7 2.1711
32 266 3 0.5803
32 267 84 20.4393
32 269 23 5.2599
32 270 28 6.9397
32 271 1 0.2367
32 272 2 0.4270
32 273 41 9.3604
32 274 1 0.2541
32 275 20 4.6340
32 276 514 157.2634
32 277 427 101.5169
32 279 16 3.5542
32 280 5 1.0523
32 281 7 1.5883
32 282 22 5.7766
32 283 368 136.8929
32 284 1 0.2280
32 285 47 8.1755
32 287 33 7.1747
32 288 33 6.7533
32 289 121 27.1319
32 290 5 1.2027
32 292 13 2.7780
32 294 75 22.4755
32 295 6 1.2896
32 297 21 4.2219
32 300 118 26.0223
32 301 2 0.5062
32 302 1 0.2056
32 303 253 56.9268
32 305 81 18.5469
32 307 49 11.4707
32 308 1 0.1374
32 309 2 0.4541
32 310 25 5.0390
32 311 2 0.4603
32 312 29 6.4235
32 313 4 0.9012
32 314 3 0.7192
32 315 3 1.5547
32 316 1 0.1995
32 317 29 7.1801
32 318 4 1.2108
32 319 2 0.4228
32 321 12 2.8828
32 322 21 4.8783
32 323 7 2.4388
32 324 3 0.6431
32 325 148 34.2813
32 327 1 0.1861
32 328 3 0.7752
32 329 11 2.5581
32 331 11 1.4002
32 332 11 2.6529
32 333 28 10.0334
32 335 25 4.1906
32 336 3 0.6771
32 337 86 20.4978
32 338 52 14.2541
32 339 471 111.6757
32 340 78 17.5610
32 341 34 7.9847
32 344 36 8.1610
32 346 165 37.1465
32 347 12 3.4981
32 348 198 44.8928
32 349 4 0.8197
32 350 6 2.8538
32 351 3 0.6210
32 352 2 0.8154
32 353 3 0.7063
32 354 16 2.7294
32 355 39 8.0836
32 358 6 1.3366
32 359 13 2.4421
32 361 10 2.0216
32 362 12 2.7055
32 363 72 17.0713
32 364 31 8.3812
32 365 81 19.3849
32 366 5 1.6770
32 367 48 9.8089
32 368 21 4.3807
32 373 25 5.6974
32 374 10 2.4994
32 375 3 0.7106
32 376 182 38.7275
32 377 10 2.2148
32 378 330 94.9287
32 380 3 0.6268
32 383 73 18.8112
33 0 10 2.1473
33 1 21 6.3206
33 2 295 91.4173
33 3 15 2.9042
33 4 2 0.4600
33 5 19 3.7411
33 7 47 10.8146
33 8 10 1.9608
33 9 101 23.7973
33 10 549 136.6992
33 11 4 0.6665
33 13 120 38.8594
33 15 11 2.4177
33 16 23 4.8836
33 17 60 13.7918
33 18 1 0.2555
33 19 22 5.0169
33 20 9 1.9918
33 21 119 27.2432
33 22 676 180.5548
33 23 27 5.8192
33 24 56 12.5035
33 25 30 8.4020
33 26 1 0.1924
33 28 637 158.1420
33 29 15 3.4152
33 30 101 23.9292
33 31 3 0.5805
33 32 216 55.1833
33 33 5 1.0608
33 34 26 6.5417
33 35 11 2.6657
33 36 5 1.1772
33 38 77 17.4752
33 41 2 0.4693
33 42 48 10.8455
33 43 2 0.3491
33 44 18 3.7410
33 45 1 0.2512
33 46 42 10.6913
33 48 53 10.6136
33 49 10 2.1122
33 50 119 25.6764
33 53 26 9.8021
33 54 4 1.2211
33 55 17 3.0514
33 56 1 0.2483
33 59 19 4.4160
33 60 18 4.3412
33 61 11 2.3461
33 62 8 1.8025
33 64 84 19.6107
33 66 49 11.6068
33 67 109 23.6964
33 68 23 7.3482
33 69 246 84.9895
33 70 2 0.5840
33 72 4 0.9228
33 75 85 20.1961
33 76 13 2.7074
33 77 8 1.7731
33 79 3 0.6934
33 80 73 16.4442
33 81 25 5.8217
33 82 1 0.2181
33 83 3 0.7082
33 84 5 0.7109
33 86 5 1.1336
33 87 43 9.5518
33 88 32 6.9327
33 90 1 0.1721
33 91 4 0.8950
33 92 5 1.1913
33 93 2 0.4591
33 96 6 1.4204
33 97 42 9.0185
33 98 22 5.7820
33 100 2 0.4556
33 101 12 2.7033
33 102 53 12.6697
33 104 13 2.7746
33 105 25 6.5090
33 106 1 0.1898
33 107 4 0.9541
33 108 3 0.6193
33 109 5 1.7756
33 110 4 0.7318
33 115 2 0.4910
33 116 67 15.1767
33 117 32 9.0178
33 118 6 1.2860
33 119 28 7.3530
33 120 1 0.1814
33 122 115 33.0718
33 123 12 2.7594
33 124 1 0.1997
33 125 24 6.5508
33 126 6 1.0553
33 128 6 1.3142
33 130 32 7.4614
33 131 14 3.4490
33 134 676 158.7765
33 137 1 0.0712
33 138 12 2.6899
33 139 1 0.2306
33 140 29 6.3177
33 141 19 3.8169
33 143 39 10.3718
33 144 34 9.6342
33 145 204 56.1615
33 147 8 1.7518
33 149 3 0.7489
33 150 2 0.4108
33 151 28 5.1910
33 153 219 52.1276
33 154 359 90.6949
33 157 16 4.3671
33 158 3 0.5462
33 159 75 24.1162
33 161 21 4.2666
33 162 2 0.3465
33 163 8 1.7826
33 164 6 1.2480
33 165 2 0.4357
33 166 12 3.1705
33 168 9 2.3083
33 173 5 1.1007
33 174 10 2.2277
33 175 5 0.7346
33 176 20 4.1340
33 177 1 0.2143
33 178 54 12.4393
33 179 15 2.8028
33 180 13 2.4650
33 181 1 0.2713
33 182 18 4.2730
33 183 8 2.3420
33 184 1 0.2406
33 185 194 46.8174
33 186 54 9.8688
33 187 41 9.2158
33 188 4 0.8318
33 189 3 0.5497
33 190 550 133.2670
33 191 10 1.9786
33 192 80 18.9655
33 193 3 0.6111
33 194 33 6.9182
33 196 109 40.5466
33 198 2 0.4137
33 199 5 0.8922
33 201 30 7.5756
33 202 28 6.6494
33 203 31 7.3182
33 204 1 0.1895
33 205 15 3.2319
33 206 4 0.8693
33 208 24 4.0211
33 210 75 17.2888
33 211 24 5.7846
33 212 2 0.3811
33 214 6 1.2286
33 215 25 10.0976
33 216 18 4.7254
33 218 104 21.8366
33 219 4 0.8756
33 220 1 0.2148
33 221 52 12.5393
33 222 7 1.4354
33 223 29 6.1057
33 225 6 1.2663
33 227 1 0.1659
33 228 56 14.1219
33 232 60 14.5480
33 233 46 10.6351
33 234 11 2.3291
33 235 236 54.8740
33 236 6 1.3845
33 238 11 2.5483
33 240 38 8.8116
33 241 15 4.2183
33 242 11 3.3222
33 244 2 0.4400
33 245 10 2.9247
33 246 4 0.8331
33 247 4 0.8705
33 248 20 5.5399
33 249 2 0.3234
33 250 4 0.9403
33 251 43 8.9832
33 252 1 0.1866
33 253 41 9.5997
33 254 1 0.1822
33 255 69 24.7120
33 256 18 4.1282
33 257 19 4.0448
33 259 101 28.8330
33 260 16 3.8317
33 261 2 0.3784
33 263 8 1.8069
33 264 3 0.5420
33 265 2 0.6731
33 266 77 16.2899
33 267 1 0.2198
33 268 50 11.3005
33 270 5 1.1660
33 271 25 5.4491
33 274 1 0.2210
33 275 19 4.1454
33 276 30 7.6402
33 277 16 2.9166
33 278 4 0.9098
33 280 1 0.1805
33 282 62 13.9696
33 283 208 70.0274
33 284 9 1.9212
33 286 29 6.2004
33 288 2 0.4315
33 289 12 2.7745
33 290 3 1.0717
33 291 63 14.9375
33 292 1 0.1666
33 293 11 2.5416
33 294 34 7.3841
33 297 34 7.6633
33 298 1 0.1907
33 299 21 7.3427
33 300 18 3.3506
33 301 245 65.3079
33 302 12 2.6017
33 303 2 0.6753
33 304 1 0.2263
33 305 22 4.9911
33 306 112 36.1463
33 307 55 12.1270
33 309 34 12.6472
33 310 26 4.5936
33 311 140 29.3985
33 313 6 2.2319
33 315 2 0.5146
33 316 119 27.4859
33 317 11 1.9041
33 318 74 16.4348
33 319 19 4.5525
33 320 3 0.7185
33 322 8 2.1984
33 323 16 3.3620
33 324 8 1.7280
33 325 36 7.6215
33 326 46 12.0926
33 327 196 42.2249
33 328 4 1.1159
33 329 20 3.8987
33 330 56 12.7489
33 333 6 1.1593
33 337 134 31.1709
33 339 16 7.1341
33 340 2 0.4991
33 341 1 0.2068
33 342 22 4.6664
33 343 10 2.3874
33 345 8 2.3335
33 346 26 8.2854
33 347 29 6.5686
33 349 3 0.6402
33 350 3 0.8124
33 351 24 4.7752
33 354 4 0.8381
33 355 1 0.1071
33 356 10 1.9786
33 358 73 24.8721
33 359 20 4.8363
33 360 3 0.6322
33 362 63 14.1453
33 364 18 3.7050
33 365 75 18.7708
33 366 27 6.3629
33 367 29 7.2142
33 368 57 12.9566
33 371 3 0.5544
33 373 1 0.1456
33 374 78 17.7271
33 376 22 5.0548
33 380 254 57.9740
33 381 6 1.5101
34 0 18 4.5605
34 3 4 1.0142
34 4 5 1.2000
34 5 2 0.4665
34 6 20 4.5310
34 7 21 4.8870
34 8 68 17.5807
34 9 2 0.4784
34 11 4 0.9125
34 12 3 0.5795
34 14 7 1.1492
34 15 25 5.6565
34 16 3 0.5262
34 17 1 0.5999
34 19 5 1.0692
34 20 8 1.6991
34 21 5 1.1351
34 22 11 2.1557
34 24 3 0.6941
34 25 15 3.6340
34 26 1 0.1282
34 27 9 2.2894
34 28 1 0.2157
34 29 1 0.2030
34 31 96 23.9113
34 32 59 15.7518
34 33 1 0.1971
34 34 8 1.7153
34 35 3 0.6744
34 36 1 0.2174
34 37 1 0.1255
34 39 20 4.0696
34 40 1 0.2784
34 42 39 12.0490
34 43 167 38.6564
34 44 5 0.7764
34 45 5 0.8211
34 46 118 28.9808
34 47 15 3.3562
34 48 9 1.9375
34 49 9 2.1483
34 50 4 0.8778
34 52 4 0.7500
34 53 1 0.1835
34 54 35 7.6367
34 55 1 0.2710
34 56 1 0.2086
34 57 12 2.7437
34 58 16 3.2440
34 60 4 0.9521
34 61 1 0.1709
34 62 1 0.1434
34 63 19 4.2249
34 64 4 0.9674
34 65 144 49.4651
34 66 8 1.8606
34 67 9 2.7507
34 68 5 1.0256
34 69 7 1.4726
34 70 15 3.1238
34 71 2 0.2271
34 74 79 16.7176
34 75 56 13.6843
34 76 1 0.1763
34 78 7 1.4775
34 79 14 2.7658
34 80 22 7.7209
34 81 19 6.1689
34 82 54 12.4203
34 84 21 5.5939
34 85 2 0.3464
34 87 2 0.3574
34 88 2 0.4501
34 89 2 0.4256
34 90 2 0.5571
34 91 2 0.3708
34 92 78 23.2970
34 94 80 23.7551
34 95 6 1.1898
34 96 11 2.4063
34 97 38 7.7531
34 98 6 1.2321
34 99 4 1.0553
34 100 1 0.2617
34 101 463 108.5902
34 103 12 3.3947
34 104 18 3.9831
34 105 23 5.2467
34 106 38 8.7097
34 107 12 2.4973
34 108 29 7.7841
34 109 8 1.8513
34 110 9 1.8881
34 111 8 1.9284
34 112 2 0.4402
34 115 14 4.3407
34 117 107 34.3816
34 118 2 0.4424
34 119 35 10.2633
34 120 95 18.6430
34 122 700 166.0414
34 123 1 0.2349
34 124 9 1.6893
34 125 81 18.7785
34 126 16 4.0206
34 127 3 0.6451
34 128 325 89.9942
34 129 15 3.3814
34 131 15 3.0101
34 132 25 5.5058
34 134 160 36.2731
34 137 7 1.3628
34 138 9 2.1269
34 139 2 0.4461
34 140 26 5.3548
34 141 120 26.1477
34 142 57 11.8796
34 144 2 0.4797
34 146 33 14.5847
34 147 2 0.6253
34 148 40 9.0679
34 149 15 4.4828
34 150 33 8.3910
34 151 3 0.7071
34 152 6 1.6494
34 155 47 10.3237
34 156 2 0.3938
34 158 51 11.5923
34 159 46 10.3318
34 160 7 1.7996
34 161 9 1.7789
34 162 71 15.2112
34 163 1 0.2446
34 164 5 1.1908
34 166 649 151.6352
34 167 76 15.6941
34 168 29 7.1412
34 170 27 5.5896
34 171 1 0.1760
34 172 15 3.9900
34 173 2 0.4267
34 174 9 2.0525
34 175 13 3.0615
34 176 2 0.4664
34 177 21 4.8327
34 178 153 47.0202
34 179 7 1.8082
34 181 7 1.5426
34 182 3 0.4691
34 183 46 8.4552
34 184 1 0.1617
34 185 73 17.5709
34 186 15 3.8394
34 187 35 8.1815
34 188 16 4.1902
34 190 30 6.2369
34 192 52 12.0462
34 193 87 18.4275
34 195 9 2.0411
34 196 9 1.9569
34 198 4 0.8785
34 199 7 1.2753
34 201 8 1.7457
34 203 15 3.9898
34 204 34 9.0258
34 205 4 0.9920
34 206 28 6.5098
34 207 13 2.2741
34 208 29 5.8970
34 209 21 5.9636
34 210 4 0.9283
34 211 3 0.7950
34 212 14 2.5222
34 213 34 7.8039
34 214 8 1.8937
34 215 16 2.8639
34 217 31 6.6047
34 218 37 11.9050
34 219 2 0.4861
34 220 11 2.4122
34 221 8 2.8179
34 223 9 3.4429
34 224 1 0.2215
34 225 166 36.4962
34 227 29 6.5846
34 228 205 76.2050
34 229 14 2.5143
34 230 18 6.2915
34 231 2 0.4498
34 233 16 3.3216
34 234 21 5.1389
34 235 4 0.7138
34 236 63 13.8682
34 237 2 0.3477
34 239 623 221.8981
34 241 16 3.8681
34 243 5 1.1170
34 245 16 3.7077
34 246 3 0.5886
34 247 13 3.2815
34 248 7 3.0865
34 249 11 2.3583
34 250 53 10.6853
34 251 4 0.4851
34 252 42 8.1185
34 253 4 0.7777
34 254 20 4.7236
34 255 6 1.3569
34 259 443 108.0548
34 260 97 20.7446
34 261 70 16.9718
34 262 3 0.6553
34 263 20 4.4061
34 264 35 7.9164
34 266 14 3.0879
34 268 106 59.4466
34 269 23 5.5476
34 270 11 2.2329
34 271 11 2.5639
34 273 2 0.4675
34 274 158 35.6073
34 275 706 168.0076
34 276 4 0.7933
34 277 15 3.1523
34 278 18 3.8011
34 280 11 2.6853
34 281 6 1.5266
34 284 2 0.3395
34 285 9 2.1507
34 286 9 2.1335
34 287 1 0.2067
34 288 46 11.7360
34 290 111 25.8133
34 291 16 3.7890
34 293 118 29.3273
34 294 6 1.1639
34 296 177 39.8721
34 299 8 1.7117
34 301 6 1.1812
34 304 1 0.2039
34 307 128 26.9931
34 308 8 1.9768
34 309 20 6.6414
34 310 4 0.8425
34 311 98 21.1385
34 312 12 2.3854
34 313 11 2.0901
34 316 53 11.7522
34 317 152 35.3344
34 318 126 31.7578
34 319 124 28.2809
34 321 14 3.2553
34 322 10 2.3069
34 323 4 0.8693
34 324 34 10.3175
34 326 8 1.6792
34 328 10 3.1178
34 329 6 1.5864
34 330 3 0.6872
34 332 33 7.3638
34 333 23 5.5574
34 334 6 0.9621
34 335 21 5.6441
34 336 25 5.7939
34 337 154 34.2076
34 338 60 13.5575
34 339 3 0.5914
34 341 20 4.7734
34 342 54 11.0667
34 343 9 1.8857
34 344 6 1.3375
34 345 72 16.3506
34 346 1 0.1832
34 348 17 3.7419
34 349 31 6.7823
34 350 5 1.1690
34 351 1 0.1478
34 352 21 4.5861
34 353 10 2.1412
34 354 138 30.3278
34 355 135 30.1714
34 356 53 10.4852
34 357 9 1.6756
34 358 27 6.3191
34 359 17 4.2349
34 360 21 4.3721
34 362 1 0.1655
34 363 1 0.2484
34 364 3 0.7089
34 365 38 9.3363
34 366 25 5.1352
34 368 8 2.2481
34 370 11 2.9295
34 371 13 2.6561
34 372 3 0.5753
34 373 11 3.0552
34 376 6 1.2995
34 379 12 2.6368
34 380 14 2.7750
34 381 5 1.2628
34 382 3 0.7097
34 383 11 2.5348
35 0 11 2.2039
35 1 14 2.9702
35 2 21 4.6111
35 3 17 4.4469
35 4 27 7.2889
35 5 3 0.6158
35 6 26 5.7959
35 8 6 1.2878
35 11 233 52.8377
35 13 3 0.7152
35 15 32 7.2857
35 16 23 5.1268
35 17 9 2.0211
35 18 45 9.8241
35 19 34 8.0838
35 20 2 0.4430
35 23 1 0.2508
35 24 10 2.7218
35 25 24 4.8480
35 26 47 13.4276
35 27 13 2.8961
35 29 4 0.9084
35 30 44 9.8814
35 33 13 3.4128
35 34 134 36.1394
35 36 8 2.2147
35 37 1 0.2784
35 38 61 17.2898
35 39 9 2.0056
35 41 222 51.0528
35 42 11 2.9009
35 44 1 0.2385
35 46 229 56.2050
35 47 19 5.5847
35 49 16 4.5312
35 51 1 0.2216
35 52 22 7.3891
35 53 29 6.3837
35 54 2 0.4494
35 58 83 22.6345
35 59 14 3.1504
35 61 76 17.2368
35 62 67 14.4413
35 63 4 0.8636
35 67 1 0.2051
35 68 69 15.1002
35 69 1 0.3667
35 71 5 1.1010
35 75 176 55.3143
35 77 2 0.3829
35 78 13 2.8210
35 79 18 4.3929
35 80 41 11.1050
35 81 2 0.3974
35 82 1 0.2431
35 84 35 8.3596
35 85 15 4.0557
35 86 1 0.1532
35 87 6 1.2266
35 88 26 7.5817
35 90 2 0.4445
35 91 34 7.7184
35 92 22 6.1595
35 93 7 1.5203
35 94 14 3.0376
35 97 4 0.8723
35 98 23 6.0203
35 99 1 0.1701
35 100 6 1.2654
35 101 10 2.2227
35 102 12 3.8846
35 103 422 93.5204
35 104 55 15.3563
35 105 8 1.6936
35 106 4 0.9461
35 107 13 2.9478
35 108 3 0.7068
35 110 20 4.6246
35 111 23 5.3044
35 112 17 4.3664
35 113 4 0.6809
35 115 4 0.6917
35 116 38 11.0129
35 117 35 6.9843
35 118 208 57.3806
35 119 15 3.8742
35 120 2 0.4117
35 121 47 11.4325
35 122 28 6.2642
35 123 1 0.1763
35 124 35 8.4032
35 125 3 0.6709
35 127 38 11.7794
35 129 4 0.8663
35 130 3 0.4804
35 131 85 19.8177
35 132 7 1.3463
35 133 7 1.0860
35 134 1 0.1963
35 135 12 2.7813
35 136 13 3.7377
35 138 3 0.4847
35 139 5 1.1340
35 140 98 24.0208
35 141 39 10.1478
35 144 34 7.2007
35 145 1 0.1696
35 146 125 30.0706
35 147 12 3.3332
35 149 1 0.1498
35 151 46 10.1094
35 152 13 3.3258
35 153 298 66.4447
35 154 16 3.6333
35 155 14 3.3367
35 157 3 0.9394
35 158 12 2.7318
35 159 35 9.6467
35 160 6 1.2745
35 161 28 5.9174
35 162 132 27.6123
35 163 123 28.5805
35 164 7 1.3668
35 166 1 0.1596
35 167 4 0.7459
35 168 1 0.2301
35 170 5 0.9182
35 171 86 20.2774
35 172 9 2.1823
35 173 4 0.9139
35 174 48 12.2499
35 175 1 0.1493
35 176 6 1.2569
35 177 82 27.8160
35 178 54 12.9549
35 180 24 4.6926
35 181 4 0.7522
35 182 24 5.3715
35 183 3 0.6349
35 184 2 0.2654
35 185 1 0.1860
35 187 6 1.3708
35 188 7 1.4937
35 190 9 1.9010
35 191 23 5.4681
35 193 98 25.2698
35 194 8 1.9541
35 196 1 0.2743
35 197 2 0.4322
35 199 51 15.6655
35 200 7 1.8367
35 201 228 56.8981
35 202 1 0.1799
35 203 57 13.6711
35 204 2 0.3944
35 205 38 9.5681
35 206 232 65.3302
35 209 58 17.1080
35 210 29 5.6640
35 211 5 1.1380
35 212 1 0.1993
35 213 1 0.2336
35 214 10 2.2751
35 215 247 71.3254
35 216 76 17.8655
35 218 16 4.1082
35 219 10 2.2433
35 221 23 5.0591
35 222 9 2.0290
35 223 2 0.3689
35 224 126 31.4533
35 225 17 3.3335
35 228 1 0.1700
35 229 66 14.0178
35 230 16 3.7725
35 232 6 1.3606
35 233 29 7.3255
35 234 9 2.8980
35 236 7 1.5163
35 237 8 1.8046
35 238 10 2.1401
35 239 15 3.3997
35 240 42 8.7607
35 241 3 0.5967
35 243 9 2.1068
35 245 6 1.1390
35 246 32 10.8801
35 247 14 3.4990
35 248 5 0.9989
35 249 1 0.2408
35 250 8 3.2174
35 251 13 2.8982
35 252 60 13.7864
35 253 3 0.5692
35 254 17 4.1586
35 256 3 0.5368
35 258 5 1.2565
35 259 27 6.3071
35 260 6 1.6510
35 261 4 0.6875
35 262 67 15.9242
35 263 16 3.6247
35 264 13 2.6622
35 265 3 0.4260
35 266 45 10.8447
35 267 33 11.7262
35 268 5 0.9253
35 270 11 2.3606
35 271 9 3.1248
35 272 1 0.2427
35 273 48 13.4249
35 274 17 3.6688
35 275 177 43.3376
35 276 40 8.4454
35 277 122 27.2775
35 279 17 4.1581
35 280 37 8.4750
35 281 16 4.1492
35 282 15 3.4447
35 284 89 23.0638
35 286 25 5.9248
35 287 13 2.6911
35 288 1 0.2405
35 289 10 2.4241
35 290 1 0.1659
35 292 18 4.5400
35 293 366 154.4386
35 294 1 0.2655
35 295 12 2.9003
35 296 39 9.9697
35 298 33 7.2923
35 299 24 5.6411
35 300 22 6.9039
35 302 1 0.1472
35 303 20 4.6411
35 304 11 4.0553
35 305 137 37.6629
35 306 340 85.6210
35 307 34 7.1572
35 309 5 1.1432
35 310 1 0.3080
35 311 162 36.6167
35 312 8 2.9245
35 313 75 20.8555
35 314 5 0.8055
35 315 140 30.1593
35 317 3 0.7042
35 319 14 3.0762
35 320 10 2.3505
35 321 13 3.0399
35 322 4 0.9647
35 323 4 0.7118
35 324 157 36.6394
35 326 76 17.6194
35 327 1 0.2032
35 328 56 14.5594
35 329 4 0.8621
35 330 4 0.7643
35 331 6 1.2837
35 332 35 8.1142
35 333 41 8.8056
35 334 90 25.1210
35 335 190 39.4175
35 336 1 0.3907
35 337 2 0.3636
35 338 15 3.5244
35 339 116 26.5655
35 340 3 0.7701
35 343 9 1.9528
35 344 51 12.7390
35 345 2 0.3997
35 346 29 6.5444
35 347 78 20.2603
35 348 9 1.7972
35 350 24 6.0660
35 352 10 2.4174
35 353 70 16.0607
35 354 7 1.4859
35 355 101 21.6473
35 356 18 3.2197
35 357 13 2.9105
35 358 2 0.3102
35 359 101 24.7479
35 361 1 0.1909
35 362 98 22.0482
35 363 1 0.2138
35 365 347 82.8599
35 366 17 5.8741
35 367 14 2.9382
35 369 24 5.3352
35 370 1 0.1934
35 371 6 1.7799
35 373 7 1.5957
35 374 54 10.6503
35 376 8 1.9011
35 377 6 1.2168
35 378 3 0.6877
35 379 15 3.3439
35 381 6 1.1398
35 382 25 5.8165
35 383 79 18.4450
36 1 12 1.9303
36 2 1 0.1957
36 3 37 8.6156
36 4 49 15.0720
36 6 1 0.1252
36 7 31 9.7024
36 8 1 0.2259
36 9 17 3.3812
36 11 7 0.9370
36 12 23 5.8598
36 13 30 7.7952
36 14 15 3.7547
36 16 15 4.0337
36 17 13 3.5299
36 18 64 12.4590
36 21 1 0.1902
36 22 166 34.1747
36 24 3 0.5369
36 25 21 6.8205
36 26 31 7.3309
36 28 115 23.2259
36 29 17 3.9111
36 30 9 1.9149
36 31 1 0.1659
36 32 21 4.5288
36 34 10 1.8796
36 35 18 3.8990
36 36 40 11.1928
36 37 1 0.1792
36 38 5 0.9134
36 40 30 5.5085
36 41 14 2.3915
36 42 42 8.2718
36 43 61 13.1279
36 44 8 1.7598
36 45 7 0.9587
36 46 5 1.0037
36 47 7 2.0296
36 48 2 0.3293
36 50 10 1.7149
36 51 8 1.4230
36 52 37 8.9539
36 53 8 2.5780
36 55 26 5.2027
36 56 203 36.7838
36 57 6 2.2334
36 58 9 1.8734
36 59 100 24.8338
36 61 8 1.6922
36 62 21 4.1638
36 63 27 6.0832
36 64 15 3.1376
36 65 3 0.9484
36 66 3 0.4932
36 67 9 1.9639
36 69 40 7.4442
36 72 2 0.5846
36 73 3 0.6497
36 76 6 1.2452
36 78 6 0.8671
36 79 25 5.5124
36 80 142 37.1073
36 82 129 26.3187
36 83 129 29.0060
36 84 7 1.3266
36 85 7 4.0378
36 87 3 0.4761
36 91 9 1.8684
36 92 3 0.4226
36 93 14 2.7420
36 94 32 6.5076
36 95 6 1.2296
36 97 1 0.1900
36 98 18 4.5081
36 99 56 23.1461
36 100 9 1.5383
36 101 51 11.0364
36 102 4 0.9322
36 103 54 13.9531
36 106 4 0.8902
36 108 6 1.2896
36 109 3 0.6041
36 110 5 1.1480
36 111 38 7.1361
36 112 12 2.7167
36 114 214 45.9539
36 116 1 0.2338
36 118 1 0.1726
36 119 9 1.6942
36 121 12 2.6129
36 123 14 3.0137
36 124 2 0.4418
36 125 3 0.5504
36 126 9 1.8876
36 127 1 0.1802
36 128 2 0.4563
36 129 1 0.2482
36 130 7 2.2866
36 134 27 7.6081
36 135 19 3.8042
36 136 2 0.3878
36 137 3 0.6551
36 138 12 3.6283
36 139 121 25.4795
36 140 7 1.1040
36 141 2 0.3724
36 142 35 8.2130
36 144 3 0.4850
36 145 1 0.1644
36 146 48 9.4045
36 149 3 0.6665
36 150 3 0.7123
36 152 7 1.8091
36 153 2 0.4728
36 154 17 3.4979
36 155 1 0.1499
36 156 2 0.3319
36 157 10 2.1337
36 158 75 14.7111
36 159 17 4.6620
36 160 7 1.3744
36 161 7 1.4097
36 162 2 0.3588
36 163 1 0.2034
36 164 10 2.2810
36 165 18 5.7295
36 166 7 2.1640
36 167 3 0.6051
36 169 7 1.6674
36 170 1 0.2331
36 171 25 5.0075
36 172 23 6.0692
36 173 11 2.3578
36 174 51 10.5831
36 176 6 1.0087
36 177 1 0.2557
36 178 9 2.0707
36 180 3 1.0778
36 182 170 39.1647
36 183 16 3.2554
36 184 12 4.1086
36 185 5 0.7875
36 186 2 0.3972
36 187 73 26.6665
36 189 13 2.6723
36 190 195 40.5597
36 191 11 2.2274
36 192 21 4.2500
36 194 1 0.1127
36 195 12 2.8966
36 196 7 2.3312
36 197 160 29.9722
36 199 1 0.1122
36 200 1 0.1828
36 201 46 9.7281
36 202 47 15.9528
36 203 1 0.1324
36 204 40 8.1953
36 205 12 2.2064
36 207 4 0.6922
36 208 5 1.0491
36 209 29 5.7708
36 210 12 2.8218
36 211 28 5.9490
36 212 36 10.4206
36 213 4 0.9276
36 214 3 0.5324
36 216 8 1.3545
36 217 33 6.7361
36 218 3 0.6058
36 220 28 6.5519
36 221 14 3.1308
36 222 91 17.7068
36 223 20 6.8175
36 224 4 0.6412
36 227 22 4.8092
36 228 8 1.8475
36 229 6 1.3147
36 230 11 1.8393
36 231 166 34.1818
36 233 88 28.7886
36 234 4 1.0565
36 235 2 0.3314
36 236 28 6.5943
36 238 46 12.8207
36 239 6 1.4355
36 240 9 1.5498
36 242 3 0.5668
36 244 48 21.5307
36 245 4 0.8307
36 246 11 1.7655
36 247 55 11.2406
36 248 15 4.0058
36 250 10 2.4403
36 252 15 2.6896
36 253 287 61.6849
36 254 1 0.2137
36 255 5 0.9565
36 257 47 23.7999
36 258 11 2.2653
36 259 3 1.0639
36 260 5 1.0452
36 262 7 1.9526
36 263 30 5.8174
36 264 17 3.0858
36 265 31 6.8401
36 266 1 0.1689
36 268 40 8.7508
36 269 3 0.6350
36 270 16 3.4219
36 271 3 0.5016
36 272 28 7.6973
36 273 128 34.6737
36 274 21 4.2979
36 276 13 2.6592
36 277 87 24.3701
36 279 112 22.3992
36 280 79 16.1760
36 281 5 1.0831
36 282 6 0.9204
36 284 219 45.8882
36 287 8 2.1946
36 288 129 23.5441
36 289 28 7.6102
36 290 2 0.5681
36 291 7 1.7295
36 292 34 8.8572
36 293 8 1.7384
36 294 10 1.7284
36 296 15 2.9050
36 298 4 0.9700
36 299 38 7.3780
36 300 29 4.9028
36 301 127 25.5741
36 302 330 75.5189
36 303 3 0.6395
36 304 8 1.5539
36 305 62 12.3137
36 306 54 12.0005
36 307 9 2.6707
36 308 1 0.2790
36 310 13 2.2658
36 311 17 4.1042
36 312 2 0.3694
36 313 917 344.7022
36 314 132 27.6857
36 315 2 0.4420
36 316 16 2.8137
36 317 22 4.3458
36 318 76 15.3361
36 319 7 1.1753
36 320 17 3.0512
36 322 149 39.9422
36 323 104 23.3831
36 324 16 4.0046
36 325 17 4.5646
36 326 3 0.4179
36 327 22 5.0570
36 329 64 12.4960
36 330 12 2.3412
36 331 1 0.2231
36 333 7 1.4723
36 335 3 0.6513
36 336 17 4.1674
36 337 49 12.0489
36 339 68 18.7686
36 340 29 6.3122
36 342 86 18.4434
36 343 18 4.5347
36 344 2 0.5042
36 345 1 0.2012
36 346 340 148.6844
36 348 2 0.4009
36 349 6 1.3649
36 350 90 21.6439
36 353 1 0.1594
36 354 457 118.6456
36 355 64 14.1144
36 356 1 0.1047
36 359 63 12.8877
36 360 1 0.1188
36 361 44 9.1765
36 362 6 1.5509
36 363 11 2.7914
36 366 31 5.5164
36 367 9 1.9019
36 369 45 14.8948
36 371 3 0.6238
36 372 14 4.0707
36 373 66 14.8333
36 374 22 3.8728
36 377 9 1.3758
36 379 9 2.3866
36 380 23 7.1758
36 381 7 1.2448
36 382 9 2.0008
36 383 1 0.2324
37 0 2 0.3396
37 1 24 5.0874
37 3 87 21.6023
37 4 20 4.1896
37 5 76 17.4893
37 6 64 13.7058
37 7 23 4.9821
37 8 74 18.2279
37 9 7 1.5515
37 10 59 14.6763
37 11 8 1.7076
37 12 6 1.8324
37 13 41 8.4271
37 15 5 1.0232
37 16 42 14.0897
37 18 23 5.1111
37 19 96 19.5673
37 20 32 7.6678
37 21 43 8.9771
37 22 18 3.7314
37 23 29 8.4585
37 26 145 45.8230
37 27 24 5.3849
37 28 7 1.5744
37 29 1 0.2387
37 30 53 18.8576
37 31 4 1.0527
37 32 22 5.7803
37 33 28 5.4613
37 34 4 1.1346
37 35 17 6.0448
37 36 64 14.2977
37 37 37 9.0292
37 38 15 3.0238
37 39 77 17.8549
37 40 10 2.0357
37 42 31 6.8088
37 43 35 12.4390
37 44 2 0.4301
37 45 49 11.6656
37 46 20 7.3684
37 47 9 1.7770
37 48 1 0.1391
37 49 1 0.1781
37 50 8 1.4829
37 51 35 9.4218
37 52 2 0.4249
37 53 36 9.0019
37 54 7 1.3471
37 55 35 9.4505
37 56 60 14.2883
37 58 26 6.5504
37 59 41 9.9011
37 60 9 1.7459
37 61 14 2.5189
37 62 1 0.0706
37 64 3 0.3261
37 65 18 3.6841
37 66 2 0.5938
37 67 52 11.8309
37 68 40 15.1605
37 69 2 0.2239
37 70 7 1.7264
37 71 118 26.4055
37 72 26 5.4902
37 73 18 4.0208
37 74 3 0.5816
37 75 4 0.8500
37 76 9 1.6920
37 77 33 9.1881
37 78 36 12.8556
37 79 1 0.1879
37 80 4 0.8273
37 81 7 1.5486
37 82 3 0.5359
37 83 61 24.6046
37 84 20 6.8183
37 85 8 3.0429
37 87 1 0.2055
37 89 4 0.8023
37 90 7 1.3435
37 91 2 0.5152
37 92 1 0.2406
37 93 9 1.7264
37 94 1 0.2157
37 95 6 1.1490
37 97 11 2.3357
37 98 14 3.3467
37 99 5 1.1712
37 100 83 26.9974
37 102 55 20.7073
37 103 3 0.6207
37 104 4 0.6682
37 105 77 25.5003
37 107 5 1.0591
37 110 33 9.1777
37 111 2 0.3916
37 112 4 0.7231
37 113 8 1.7377
37 116 1 0.2530
37 117 16 3.4110
37 118 2 0.6897
37 119 26 4.5896
37 121 16 5.1783
37 123 33 8.0559
37 124 18 5.3777
37 125 6 0.9765
37 126 21 4.7227
37 127 11 2.9289
37 128 117 33.7137
37 129 4 0.7168
37 130 235 52.9812
37 131 10 2.0052
37 132 54 12.1500
37 135 139 37.6191
37 136 13 3.5840
37 138 68 14.0742
37 140 5 1.1725
37 141 14 3.7831
37 142 2 0.4387
37 143 1 0.1783
37 144 68 21.5579
37 145 11 2.0908
37 147 7 1.2704
37 148 20 4.3853
37 150 1 0.2138
37 151 3 0.5389
37 154 19 4.3328
37 155 14 2.8452
37 156 16 3.4539
37 157 20 4.8646
37 158 20 3.9068
37 160 89 20.5903
37 161 31 7.9265
37 162 41 10.2485
37 163 50 10.3837
37 164 5 1.1494
37 165 48 10.0280
37 166 5 0.9416
37 167 19 3.9565
37 168 30 5.9570
37 169 14 2.9066
37 170 5 1.0110
37 171 29 8.5839
37 172 29 5.8211
37 173 11 2.3916
37 174 68 18.9882
37 176 7 1.6922
37 177 38 8.1260
37 178 2 0.4326
37 179 86 19.2761
37 180 13 2.4178
37 181 165 40.9348
37 182 15 5.6696
37 183 6 1.3389
37 184 7 1.4927
37 185 1 0.1122
37 186 29 6.8837
37 187 2 0.4118
37 188 22 4.4688
37 189 5 1.0183
37 190 8 1.7020
37 191 1 0.2243
37 194 20 4.7817
37 195 1 0.2185
37 196 7 1.3801
37 197 12 4.9727
37 198 17 3.6780
37 201 4 0.7545
37 202 2 0.7420
37 203 1 0.2230
37 204 4 0.6794
37 205 20 4.4846
37 206 4 1.3657
37 207 10 1.9872
37 208 38 8.3866
37 209 26 5.7648
37 214 105 21.2462
37 216 1 0.2368
37 217 70 14.1467
37 218 199 49.2200
37 219 61 12.0044
37 220 13 2.4503
37 223 1 0.2237
37 224 39 12.1124
37 225 92 18.2270
37 226 3 0.6292
37 227 42 9.0299
37 228 5 0.8809
37 230 19 4.5658
37 232 32 7.8389
37 233 68 14.3570
37 234 290 62.1873
37 236 7 1.3865
37 237 5 1.0317
37 238 7 1.5212
37 239 3 0.6736
37 240 38 9.7658
37 242 5 1.0282
37 245 10 4.3721
37 246 14 2.8292
37 247 6 1.1018
37 248 12 2.9332
37 249 2 0.3811
37 250 6 2.1321
37 251 2 0.2831
37 252 11 2.1888
37 253 26 5.7536
37 255 1 0.2528
37 256 17 5.1912
37 257 19 4.6664
37 258 17 3.5871
37 259 17 5.0440
37 260 2 0.6470
37 263 9 2.4862
37 264 1 0.1739
37 265 42 9.2861
37 266 1 0.2278
37 267 20 4.2089
37 268 26 6.1205
37 270 35 6.7929
37 271 35 7.0313
37 272 17 6.4399
37 273 24 8.1552
37 274 1 0.1950
37 275 21 5.2430
37 276 9 2.1900
37 277 1 0.2124
37 278 10 2.0838
37 279 214 45.8703
37 280 5 1.9308
37 281 13 2.6912
37 282 21 4.2933
37 283 4 0.8358
37 284 13 2.6425
37 285 16 5.3664
37 286 2 0.4231
37 287 152 46.8508
37 288 7 2.5924
37 289 12 2.3582
37 290 1 0.2232
37 291 2 0.3402
37 292 70 15.0005
37 294 1 0.1178
37 295 4 0.9769
37 296 39 9.0468
37 297 4 0.9558
37 298 67 15.6284
37 300 7 1.5199
37 301 2 0.8042
37 302 10 3.0287
37 303 1 0.2411
37 304 25 5.2560
37 305 4 0.6730
37 307 19 5.5324
37 308 26 6.4740
37 310 27 6.8294
37 311 5 1.0841
37 314 1 0.1488
37 315 28 7.5403
37 316 6 1.5491
37 317 1 0.2578
37 318 7 1.4546
37 319 2 0.3463
37 320 33 7.1750
37 321 16 3.2076
37 322 86 35.8360
37 324 4 0.8731
37 326 15 3.1217
37 327 37 7.0919
37 329 7 1.6212
37 330 54 10.8588
37 331 13 3.3129
37 333 12 2.7828
37 334 17 4.1969
37 336 44 9.1421
37 337 2 0.5137
37 338 10 2.5256
37 339 232 51.3514
37 341 28 6.1438
37 343 36 11.0050
37 344 41 8.6606
37 345 27 4.9657
37 346 16 3.2452
37 347 9 1.8358
37 348 13 4.5114
37 349 5 1.1656
37 350 22 4.3517
37 351 1 0.1165
37 352 16 3.6010
37 353 4 0.7800
37 354 108 31.4627
37 355 1 0.2167
37 357 4 0.7337
37 358 21 5.2490
37 359 24 5.2173
37 360 12 3.4207
37 361 4 0.8050
37 363 5 1.0014
37 364 4 0.7858
37 365 7 1.4552
37 366 17 3.8825
37 367 1 0.2855
37 368 13 2.7234
37 369 20 4.3360
37 370 30 12.5453
37 371 8 1.6358
37 372 141 29.6398
37 373 24 6.5805
37 374 1 0.2135
37 375 1 0.2132
37 377 48 13.7719
37 378 66 14.4697
37 379 26 5.0847
37 380 813 213.6619
37 381 321 103.7678
37 382 16 2.9737
38 0 7 1.5501
38 1 1 0.2312
38 2 11 2.2749
38 6 24 8.0423
38 7 18 3.2755
38 8 10 1.8310
38 9 45 9.1492
38 10 7 1.5143
38 11 17 3.7330
38 12 55 11.8338
38 13 95 24.8696
38 14 2 0.3723
38 16 13 2.9982
38 17 45 10.1672
38 18 11 2.4800
38 19 8 2.1105
38 20 19 4.2968
38 21 122 26.7150
38 23 7 1.7943
38 24 308 80.9304
38 25 6 0.6141
38 26 33 7.8430
38 28 23 4.9224
38 29 3 0.4980
38 30 104 29.8703
38 31 38 10.3402
38 32 16 3.5673
38 33 35 14.9552
38 35 38 8.8777
38 36 16 3.4377
38 40 18 4.9658
38 41 31 6.4615
38 43 15 5.7627
38 44 23 5.0482
38 46 3 0.6086
38 49 9 1.8344
38 50 55 14.0852
38 51 3 0.8049
38 53 3 0.5875
38 54 11 3.2708
38 55 40 8.6339
38 57 1 0.1316
38 58 29 6.9502
38 59 93 21.3900
38 60 34 9.5682
38 61 34 7.2879
38 63 5 0.9210
38 64 19 7.4409
38 65 13 2.8596
38 66 5 1.0154
38 67 76 17.6749
38 68 13 2.6817
38 69 14 3.5518
38 70 212 77.9996
38 71 5 1.0869
38 73 15 3.2969
38 74 16 3.4844
38 75 62 18.3233
38 76 5 1.1961
38 79 40 7.7959
38 80 82 26.2175
38 81 13 2.5564
38 82 9 1.9358
38 83 6 1.3809
38 84 1 0.1664
38 85 3 0.6686
38 86 4 1.0950
38 87 2 0.4973
38 88 588 153.6040
38 89 2 0.5372
38 90 36 11.1820
38 91 20 5.6137
38 93 102 20.4525
38 94 6 1.5400
38 95 19 6.0384
38 96 2 0.3694
38 97 206 55.8004
38 98 44 9.5244
38 99 5 0.9859
38 100 6 0.4909
38 101 34 9.0823
38 102 4 0.7869
38 103 9 2.0263
38 104 4 0.7289
38 105 29 5.6002
38 107 5 0.8111
38 108 74 15.6652
38 110 12 3.9670
38 112 2 0.4147
38 114 1 0.4346
38 115 99 20.1601
38 116 82 16.6262
38 117 24 5.4710
38 118 24 4.6221
38 119 5 0.9835
38 120 2 0.3486
38 121 1 1.4994
38 122 12 2.0930
38 123 9 2.4578
38 124 5 0.9226
38 125 61 12.5685
38 126 1 0.1303
38 127 9 1.9089
38 130 8 1.7221
38 131 165 38.7233
38 132 1 0.2334
38 133 35 6.3073
38 134 66 14.3746
38 137 4 0.7474
38 138 32 6.3591
38 139 163 34.9795
38 140 3 0.5406
38 141 61 12.3729
38 142 4 0.8602
38 144 28 6.7725
38 145 25 5.0871
38 146 14 2.4836
38 147 47 9.0014
38 148 6 1.1920
38 149 7 1.4001
38 150 24 4.8099
38 151 14 2.6755
38 152 97 22.9814
38 153 52 10.4396
38 155 10 1.9725
38 157 5 1.0340
38 158 27 6.9466
38 159 31 7.0276
38 162 4 1.0120
38 163 3 0.5271
38 164 3 0.5626
38 165 9 1.3863
38 167 86 21.4133
38 168 17 4.0218
38 169 25 4.7869
38 170 25 3.9016
38 171 29 5.2989
38 172 3 0.4680
38 173 45 8.3378
38 174 4 0.7758
38 175 1 0.1749
38 176 10 2.0088
38 177 26 6.4119
38 179 1 0.1548
38 181 19 3.7938
38 182 8 1.5218
38 183 29 9.2262
38 185 10 1.8317
38 186 8 1.5581
38 187 25 5.2773
38 188 12 1.7702
38 189 58 11.7427
38 190 11 2.6348
38 191 26 7.6545
38 192 22 5.6261
38 193 38 13.8879
38 194 4 0.8474
38 195 16 2.5745
38 196 33 7.6042
38 197 30 8.3258
38 198 2 0.4293
38 199 5 0.8038
38 201 56 17.8000
38 202 13 3.6835
38 203 1 0.2247
38 204 21 5.1655
38 205 14 2.8388
38 207 12 3.1518
38 208 30 8.0813
38 209 11 2.6404
38 210 4 0.7182
38 211 7 1.4418
38 212 6 1.2225
38 213 3 0.6544
38 215 16 4.3528
38 216 15 2.8410
38 217 14 5.6226
38 218 2 0.4484
38 219 89 23.0265
38 220 5 0.9530
38 221 2 0.4186
38 222 9 1.7727
38 224 4 0.8298
38 225 4 0.8269
38 226 44 8.7979
38 227 37 12.7255
38 228 16 2.8228
38 230 87 23.5450
38 231 44 12.0531
38 232 4 0.7439
38 233 1 0.1866
38 234 13 5.0933
38 235 20 3.7010
38 236 3 1.0190
38 237 34 12.7416
38 239 72 15.0320
38 240 22 4.5944
38 241 1 0.1736
38 242 16 3.8488
38 243 37 7.0188
38 245 5 1.6191
38 246 95 28.3218
38 247 23 4.5283
38 249 50 10.0597
38 250 70 28.3001
38 251 6 1.1840
38 252 1 0.2145
38 254 33 9.4846
38 256 10 1.9563
38 257 54 14.2591
38 258 14 3.5952
38 259 2 0.4087
38 260 45 10.6187
38 261 9 2.1207
38 263 14 3.1472
38 264 66 20.0897
38 265 72 18.6606
38 267 1 0.1295
38 268 125 33.0338
38 269 9 1.7236
38 270 4 0.7468
38 271 1 0.2017
38 272 15 2.4757
38 273 40 11.1131
38 274 15 4.0889
38 276 6 2.4798
38 277 67 18.5273
38 278 29 8.5316
38 280 9 2.2649
38 281 28 5.8989
38 282 25 8.2572
38 283 12 2.3639
38 285 30 8.4211
38 286 2 0.5981
38 287 1 0.1855
38 288 25 6.0352
38 289 72 21.3630
38 291 17 3.4575
38 292 46 9.4038
38 293 2 0.4790
38 294 3 0.6312
38 295 4 1.9654
38 296 67 15.1760
38 298 7 1.2474
38 299 2 0.3717
38 300 13 2.8105
38 301 8 1.6053
38 302 18 3.5754
38 303 2 0.8041
38 305 15 5.2114
38 306 20 4.0772
38 307 2 0.3835
38 308 2 0.4825
38 309 110 35.5615
38 310 5 1.0433
38 311 19 3.4796
38 312 2 0.3488
38 313 1 0.1849
38 314 3 0.6239
38 315 3 0.5311
38 316 22 4.3086
38 317 6 1.1653
38 318 45 9.8389
38 319 5 0.8354
38 320 3 0.6962
38 321 1 0.2503
38 322 59 16.2937
38 323 1 0.2159
38 324 1 0.1975
38 325 7 2.3181
38 326 7 1.6280
38 328 9 1.9127
38 331 6 1.4371
38 332 8 1.9956
38 333 4 0.7407
38 334 19 3.7877
38 335 41 8.3558
38 336 1 0.1356
38 337 1 0.1951
38 339 6 1.3167
38 340 8 1.9011
38 342 34 7.0247
38 344 6 0.9319
38 345 2 0.3693
38 347 7 1.3941
38 349 3 0.5937
38 350 38 7.4436
38 351 45 15.1008
38 352 2 0.4542
38 353 33 8.6964
38 354 48 10.2545
38 355 14 3.5244
38 356 6 1.2637
38 357 29 11.9995
38 359 2 0.3769
38 360 13 2.6744
38 361 29 7.8754
38 363 61 18.4645
38 364 24 6.7681
38 365 9 2.0815
38 366 39 7.9320
38 367 23 4.9020
38 368 14 3.3273
38 369 122 28.0488
38 370 110 23.1780
38 371 15 3.0275
38 373 17 3.2928
38 374 3 1.5139
38 375 58 18.0952
38 376 1 0.1137
38 378 8 2.7317
38 379 38 10.0522
38 380 32 11.4807
38 381 4 0.7605
38 382 12 2.2080
38 383 3 0.0000
39 0 63 11.9227
39 1 36 10.4209
39 2 3 0.5939
39 3 6 0.6110
39 4 112 46.4584
39 5 4 0.7569
39 6 26 4.8692
39 7 83 42.7973
39 8 75 12.4864
39 9 9 1.8162
39 10 11 1.8368
39 11 2 0.1711
39 12 43 11.0458
39 13 12 2.1046
39 14 77 35.3853
39 15 19 5.5417
39 18 101 19.2559
39 19 8 0.8794
39 20 30 7.0410
39 21 6 0.9549
39 23 21 3.2781
39 24 27 4.1090
39 25 3 1.4160
39 26 45 8.4100
39 27 51 15.1249
39 28 6 0.4205
39 30 17 3.8535
39 31 9 1.8798
39 32 12 2.0117
39 33 13 1.6255
39 35 4 0.6255
39 36 17 3.0583
39 38 2 0.2130
39 40 4 0.7195
39 41 9 2.6726
39 42 5 0.9819
39 44 2 0.4802
39 45 29 7.6704
39 47 53 14.7319
39 48 10 1.1422
39 50 7 1.1757
39 51 103 19.1692
39 52 6 0.8093
39 53 1 0.1995
39 54 157 50.4180
39 55 70 14.6842
39 56 5 0.8384
39 58 51 9.5914
39 59 2 0.5220
39 61 39 7.3580
39 62 6 1.1252
39 63 4 0.3306
39 64 37 7.6339
39 65 2 0.3888
39 66 37 8.1251
39 68 8 1.1478
39 69 23 4.3892
39 70 14 4.2631
39 71 8 1.5039
39 72 77 18.4467
39 73 22 3.4392
39 75 6 1.0119
39 76 3 0.3532
39 78 9 1.9184
39 80 62 13.6884
39 81 19 7.7248
39 82 12 3.6652
39 83 32 6.5324
39 84 10 2.4796
39 85 21 3.9713
39 86 18 2.6542
39 87 42 20.9560
39 88 4 0.6698
39 91 256 75.5703
39 92 52 10.2538
39 93 13 2.6797
39 94 6 0.8886
39 95 30 4.2943
39 97 44 14.7551
39 98 12 1.5096
39 99 17 3.7400
39 100 3 0.5059
39 101 16 3.4349
39 102 9 2.2299
39 103 26 6.5493
39 104 1 0.0804
39 106 8 1.7838
39 107 5 1.2171
39 109 1 0.1350
39 111 4 0.6203
39 112 26 6.7085
39 115 17 3.4487
39 116 8 2.4334
39 117 8 1.2624
39 118 36 10.0998
39 119 30 6.4707
39 121 4 0.8468
39 122 8 1.5606
39 123 12 2.3579
39 124 3 0.6201
39 125 59 24.5379
39 126 46 7.5148
39 127 21 3.8564
39 128 4 0.7159
39 129 6 1.0844
39 131 11 1.8131
39 133 46 6.7933
39 134 2 0.3704
39 135 8 1.3469
39 136 1 0.1081
39 138 2 0.2812
39 139 5 0.5927
39 140 2 0.4332
39 141 46 17.1946
39 142 13 2.5414
39 144 20 3.8255
39 145 11 2.7243
39 146 78 17.3519
39 148 1 0.2698
39 149 31 4.8690
39 150 4 0.6241
39 151 7 1.1260
39 152 26 4.5617
39 153 3 0.4360
39 154 1 0.0572
39 155 81 19.5170
39 156 28 6.0563
39 157 2 0.4851
39 158 3 0.5785
39 159 44 8.7503
39 160 131 29.5663
39 161 10 1.4924
39 163 3 0.6268
39 164 11 1.6514
39 165 29 4.8130
39 166 43 6.4978
39 167 2 0.2118
39 168 7 2.0412
39 169 7 0.9873
39 170 17 2.0350
39 172 38 4.6920
39 173 13 2.5792
39 174 5 0.6861
39 175 11 1.4240
39 176 25 3.7730
39 178 7 5.8604
39 179 23 3.8368
39 181 84 19.7053
39 182 2 0.5780
39 183 6 0.8730
39 184 15 2.1304
39 185 36 6.2136
39 187 6 0.9970
39 188 7 10.3615
39 189 51 10.8942
39 190 57 20.6611
39 191 1 0.1583
39 193 10 1.2328
39 194 33 5.5628
39 195 47 8.1748
39 196 1 0.1918
39 197 19 3.0332
39 198 23 4.0719
39 199 6 0.6527
39 200 29 4.8384
39 201 21 3.2082
39 202 19 3.6008
39 203 51 15.1354
39 204 26 5.9392
39 205 25 4.8731
39 206 25 3.7122
39 207 25 5.4761
39 208 137 29.8020
39 209 2 0.1992
39 210 13 1.3869
39 212 31 7.0424
39 213 10 3.2737
39 214 3 0.5164
39 215 24 5.1857
39 217 2 0.3069
39 218 2 0.2466
39 220 26 8.7062
39 221 27 5.2438
39 222 4 0.7933
39 223 3 0.3978
39 224 96 34.5628
39 226 7 1.3607
39 228 43 9.0760
39 229 1 0.3277
39 230 8 1.3709
39 231 103 29.9081
39 232 11 1.5807
39 234 6 0.9362
39 235 44 6.8128
39 236 16 2.8968
39 237 30 11.0829
39 238 2 0.3616
39 240 28 5.2952
39 241 4 0.7184
39 242 9 1.4874
39 243 2 0.1923
39 244 22 4.8076
39 246 26 6.3487
39 247 12 2.3359
39 248 5 1.1107
39 250 1 0.2789
39 253 1 0.1862
39 254 7 1.4796
39 255 87 20.9053
39 256 65 14.7024
39 257 9 1.8428
39 258 13 1.3670
39 259 9 1.6673
39 260 3 0.5078
39 261 24 4.7043
39 262 2 0.3195
39 263 8 0.9960
39 264 10 1.5188
39 265 1 0.1834
39 266 21 3.9664
39 268 46 15.5133
39 269 76 19.5143
39 271 1 0.0893
39 272 2 0.5961
39 273 23 6.8550
39 274 1 0.2036
39 275 3 0.4023
39 276 44 10.0479
39 277 3 0.8207
39 278 9 1.1477
39 279 19 3.0946
39 281 25 6.8439
39 283 20 4.7972
39 284 27 6.3042
39 285 8 1.9468
39 286 103 26.8148
39 288 1 0.0964
39 289 14 3.8495
39 290 1 0.2213
39 291 29 4.9113
39 293 47 10.0066
39 294 19 2.5904
39 295 40 8.0992
39 296 22 6.9843
39 298 87 32.9073
39 300 5 0.6678
39 301 1 0.1013
39 302 4 0.6277
39 303 117 31.0409
39 304 25 4.2378
39 306 10 1.2484
39 307 64 16.5712
39 308 32 5.2979
39 309 8 0.9500
39 310 1 0.0919
39 311 4 0.8375
39 312 30 5.7013
39 313 11 2.2821
39 314 40 19.2656
39 315 3 0.5430
39 317 7 1.4033
39 318 10 5.4712
39 319 17 4.3602
39 322 22 4.7071
39 323 6 0.7132
39 324 96 25.9397
39 326 53 14.3459
39 328 5 0.6908
39 329 2 0.3828
39 330 138 41.9409
39 331 35 6.2795
39 334 19 8.3927
39 335 10 1.3846
39 336 162 41.4863
39 337 10 1.6916
39 339 8 1.2932
39 341 10 2.0068
39 342 3 0.3173
39 344 1 0.1260
39 346 19 6.1179
39 348 24 5.0049
39 349 258 90.1980
39 350 2 0.2739
39 351 74 19.1499
39 352 36 13.2227
39 353 4 0.4385
39 354 8 2.2216
39 355 16 5.8517
39 356 1 0.1009
39 357 38 17.6780
39 358 14 2.4154
39 359 7 1.8268
39 360 46 16.3910
39 361 11 1.5893
39 362 9 2.6204
39 363 17 2.6764
39 364 2 0.2882
39 365 2 0.1998
39 366 3 0.4828
39 367 16 3.1123
39 368 143 38.6901
39 369 13 2.2996
39 370 14 2.0259
39 371 38 6.6394
39 373 1 0.2193
39 374 18 2.4297
39 375 13 3.2524
39 377 16 2.2375
39 378 1 0.0910
39 379 58 11.3177
39 380 10 1.3126
39 381 22 4.4981
39 382 52 12.1752
39 383 5 0.9536
